mes,grupo,codigo_proveedor,pais_origen,categoria,importe_eur,entregas,entregas_a_tiempo,plazo_real_dias
2024-01-01,A,PRV-004,China,moda_belleza,798019.62,1,1,48.9
2024-01-01,A,PRV-006,España,alimentacion_hosteleria,364235.7,4,4,7.0
2024-01-01,A,PRV-009,Portugal,moda_belleza,739836.78,3,3,9.1
2024-01-01,A,PRV-012,China,moda_belleza,893875.18,1,1,43.5
2024-01-01,A,PRV-013,Vietnam,moda_belleza,713022.73,1,1,50.2
2024-01-01,A,PRV-014,Italia,moda_belleza,797200.5,5,5,8.4
2024-01-01,A,PRV-015,España,hogar_electronica,818234.52,6,3,4.3
2024-01-01,A,PRV-019,Bangladés,alimentacion_hosteleria,403131.27,1,0,38.3
2024-01-01,A,PRV-023,Portugal,moda_belleza,1352457.44,4,4,6.6
2024-01-01,A,PRV-033,España,alimentacion_hosteleria,402750.28,8,8,3.5
2024-01-01,A,PRV-036,Italia,moda_belleza,500167.25,3,3,19.8
2024-01-01,A,PRV-052,Turquía,moda_belleza,1382264.74,1,1,27.1
2024-01-01,A,PRV-057,Turquía,hogar_electronica,961976.59,2,2,12.6
2024-01-01,A,PRV-059,China,hogar_electronica,833483.31,1,1,24.9
2024-01-01,A,PRV-061,España,hogar_electronica,485002.57,5,5,8.8
2024-01-01,A,PRV-065,España,alimentacion_hosteleria,359061.67,4,4,4.6
2024-01-01,A,PRV-086,Vietnam,hogar_electronica,294888.71,1,0,34.7
2024-01-01,A,PRV-092,España,moda_belleza,699030.69,7,7,3.6
2024-01-01,A,PRV-100,China,hogar_electronica,1147225.47,1,1,53.1
2024-01-01,A,PRV-106,España,alimentacion_hosteleria,331746.3,7,6,2.5
2024-01-01,A,PRV-107,Bangladés,moda_belleza,1063255.44,1,1,23.5
2024-01-01,A,PRV-108,China,moda_belleza,956592.36,1,1,35.2
2024-01-01,A,PRV-110,España,moda_belleza,478013.65,5,4,7.7
2024-01-01,A,PRV-112,España,hogar_electronica,286464.29,4,4,4.3
2024-01-01,A,PRV-115,Portugal,hogar_electronica,903859.44,6,6,5.3
2024-01-01,A,PRV-117,España,moda_belleza,1330505.44,6,6,8.2
2024-01-01,A,PRV-118,España,alimentacion_hosteleria,410938.41,5,5,4.0
2024-01-01,B,PRV-001,Turquía,hogar_electronica,295269.94,2,1,11.9
2024-01-01,B,PRV-004,China,moda_belleza,663228.35,1,0,49.3
2024-01-01,B,PRV-014,Italia,moda_belleza,463580.27,2,2,9.3
2024-01-01,B,PRV-021,España,hogar_electronica,511929.49,5,5,8.0
2024-01-01,B,PRV-026,Italia,moda_belleza,402189.37,3,2,9.9
2024-01-01,B,PRV-030,China,moda_belleza,657604.32,1,1,50.5
2024-01-01,B,PRV-042,Italia,moda_belleza,333869.4,3,3,6.4
2024-01-01,B,PRV-048,Portugal,moda_belleza,450260.99,2,2,9.0
2024-01-01,B,PRV-050,Bangladés,hogar_electronica,660934.63,1,1,61.9
2024-01-01,B,PRV-051,China,hogar_electronica,242650.43,1,1,59.5
2024-01-01,B,PRV-053,España,alimentacion_hosteleria,712482.64,5,5,6.8
2024-01-01,B,PRV-055,Vietnam,alimentacion_hosteleria,516502.68,1,1,61.4
2024-01-01,B,PRV-059,China,hogar_electronica,480598.39,1,1,66.0
2024-01-01,B,PRV-063,España,hogar_electronica,386338.96,3,3,8.9
2024-01-01,B,PRV-064,España,moda_belleza,201761.48,4,4,6.7
2024-01-01,B,PRV-068,España,moda_belleza,520719.64,10,10,5.0
2024-01-01,B,PRV-076,Turquía,moda_belleza,400122.9,1,1,24.7
2024-01-01,B,PRV-080,España,alimentacion_hosteleria,282074.39,5,4,8.3
2024-01-01,B,PRV-082,China,hogar_electronica,335430.69,1,1,51.7
2024-01-01,B,PRV-085,Portugal,hogar_electronica,535617.69,2,1,9.2
2024-01-01,B,PRV-094,China,moda_belleza,527030.06,1,1,47.3
2024-01-01,B,PRV-098,Vietnam,alimentacion_hosteleria,463072.54,1,1,44.0
2024-01-01,B,PRV-099,España,moda_belleza,537858.37,3,3,8.2
2024-01-01,B,PRV-100,China,hogar_electronica,796940.81,1,1,57.8
2024-01-01,B,PRV-107,Bangladés,moda_belleza,292666.28,1,1,85.1
2024-01-01,B,PRV-111,Turquía,alimentacion_hosteleria,198611.48,1,1,11.7
2024-01-01,C,PRV-005,España,moda_belleza,280590.01,5,4,4.4
2024-01-01,C,PRV-009,Portugal,moda_belleza,415276.95,3,3,8.2
2024-01-01,C,PRV-010,Italia,alimentacion_hosteleria,233407.52,3,3,7.5
2024-01-01,C,PRV-012,China,moda_belleza,316528.48,1,1,74.7
2024-01-01,C,PRV-017,España,moda_belleza,154732.08,2,2,8.2
2024-01-01,C,PRV-023,Portugal,moda_belleza,458269.87,4,4,11.5
2024-01-01,C,PRV-029,España,alimentacion_hosteleria,454376.77,7,7,5.1
2024-01-01,C,PRV-031,España,moda_belleza,362695.85,5,5,7.5
2024-01-01,C,PRV-032,Bangladés,hogar_electronica,421244.17,1,0,60.4
2024-01-01,C,PRV-052,Turquía,moda_belleza,256548.17,1,1,31.7
2024-01-01,C,PRV-053,España,alimentacion_hosteleria,144966.63,4,4,5.5
2024-01-01,C,PRV-054,España,hogar_electronica,490378.07,5,5,8.7
2024-01-01,C,PRV-063,España,hogar_electronica,481752.66,6,6,8.6
2024-01-01,C,PRV-068,España,moda_belleza,378286.15,10,10,5.1
2024-01-01,C,PRV-073,Italia,moda_belleza,352875.08,2,2,12.9
2024-01-01,C,PRV-075,España,moda_belleza,500114.59,6,6,5.2
2024-01-01,C,PRV-079,España,moda_belleza,322690.88,5,5,8.4
2024-01-01,C,PRV-082,China,hogar_electronica,270719.39,1,1,52.6
2024-01-01,C,PRV-083,España,moda_belleza,318205.22,4,4,4.5
2024-01-01,C,PRV-086,Vietnam,hogar_electronica,425799.87,1,1,35.2
2024-01-01,C,PRV-090,España,hogar_electronica,431566.44,4,4,7.2
2024-01-01,C,PRV-097,Turquía,moda_belleza,210683.29,1,1,7.9
2024-01-01,C,PRV-100,China,hogar_electronica,471728.1,1,1,32.5
2024-01-01,C,PRV-112,España,hogar_electronica,304509.73,4,4,3.1
2024-01-01,C,PRV-114,España,moda_belleza,401747.92,3,2,4.3
2024-01-01,C,PRV-117,España,moda_belleza,419815.75,4,4,5.7
2024-01-01,D,PRV-001,Turquía,hogar_electronica,238646.14,1,0,22.6
2024-01-01,D,PRV-003,España,alimentacion_hosteleria,140510.68,7,7,2.0
2024-01-01,D,PRV-005,España,moda_belleza,370927.69,4,4,5.8
2024-01-01,D,PRV-007,España,moda_belleza,150329.41,3,2,10.8
2024-01-01,D,PRV-012,China,moda_belleza,170103.09,1,1,77.4
2024-01-01,D,PRV-017,España,moda_belleza,329658.05,4,4,11.0
2024-01-01,D,PRV-019,Bangladés,alimentacion_hosteleria,383779.83,1,0,39.4
2024-01-01,D,PRV-023,Portugal,moda_belleza,326110.35,4,4,6.2
2024-01-01,D,PRV-035,España,moda_belleza,139842.21,4,4,6.3
2024-01-01,D,PRV-043,China,hogar_electronica,273353.47,1,0,50.9
2024-01-01,D,PRV-056,China,hogar_electronica,166864.38,1,1,47.4
2024-01-01,D,PRV-058,Portugal,alimentacion_hosteleria,272914.22,4,4,6.7
2024-01-01,D,PRV-060,Portugal,moda_belleza,267763.73,4,4,8.2
2024-01-01,D,PRV-065,España,alimentacion_hosteleria,372762.49,6,5,3.1
2024-01-01,D,PRV-067,España,hogar_electronica,131496.52,4,4,7.4
2024-01-01,D,PRV-071,Italia,moda_belleza,102345.27,3,3,12.9
2024-01-01,D,PRV-074,España,moda_belleza,278899.23,7,7,4.4
2024-01-01,D,PRV-076,Turquía,moda_belleza,215539.05,1,1,30.1
2024-01-01,D,PRV-080,España,alimentacion_hosteleria,159347.0,3,3,5.9
2024-01-01,D,PRV-083,España,moda_belleza,189434.9,4,4,8.7
2024-01-01,D,PRV-095,España,moda_belleza,291161.32,5,5,9.5
2024-01-01,D,PRV-099,España,moda_belleza,270565.93,5,5,6.6
2024-01-01,D,PRV-109,España,moda_belleza,217732.47,7,7,6.9
2024-01-01,D,PRV-118,España,alimentacion_hosteleria,173630.14,6,6,4.1
2024-01-01,D,PRV-119,Vietnam,alimentacion_hosteleria,171205.74,1,0,25.2
2024-01-01,E,PRV-007,España,moda_belleza,327390.14,4,4,8.2
2024-01-01,E,PRV-012,China,moda_belleza,107267.98,1,1,70.4
2024-01-01,E,PRV-013,Vietnam,moda_belleza,133264.84,1,0,39.4
2024-01-01,E,PRV-036,Italia,moda_belleza,140126.66,3,3,8.9
2024-01-01,E,PRV-037,China,moda_belleza,333858.57,1,0,61.8
2024-01-01,E,PRV-038,China,moda_belleza,292039.09,1,1,42.0
2024-01-01,E,PRV-040,España,moda_belleza,168469.74,5,3,2.0
2024-01-01,E,PRV-041,España,moda_belleza,192601.08,6,5,5.3
2024-01-01,E,PRV-042,Italia,moda_belleza,197432.41,4,4,9.0
2024-01-01,E,PRV-043,China,hogar_electronica,313153.62,1,0,64.9
2024-01-01,E,PRV-053,España,alimentacion_hosteleria,123663.37,4,3,5.2
2024-01-01,E,PRV-058,Portugal,alimentacion_hosteleria,79038.53,5,5,9.1
2024-01-01,E,PRV-060,Portugal,moda_belleza,210223.01,6,5,6.3
2024-01-01,E,PRV-064,España,moda_belleza,361001.05,5,5,7.8
2024-01-01,E,PRV-065,España,alimentacion_hosteleria,154496.74,6,5,3.5
2024-01-01,E,PRV-068,España,moda_belleza,168627.3,7,7,4.9
2024-01-01,E,PRV-073,Italia,moda_belleza,106465.55,2,2,9.1
2024-01-01,E,PRV-077,Bangladés,hogar_electronica,214383.19,1,0,67.3
2024-01-01,E,PRV-083,España,moda_belleza,160275.96,5,5,4.8
2024-01-01,E,PRV-087,España,alimentacion_hosteleria,196082.76,3,3,6.6
2024-01-01,E,PRV-097,Turquía,moda_belleza,171180.28,2,1,20.6
2024-01-01,E,PRV-103,España,moda_belleza,281128.29,6,5,9.9
2024-01-01,E,PRV-105,España,alimentacion_hosteleria,290247.88,10,10,3.8
2024-01-01,E,PRV-111,Turquía,alimentacion_hosteleria,114455.07,1,1,18.5
2024-01-01,E,PRV-117,España,moda_belleza,244293.99,3,3,5.8
2024-02-01,A,PRV-004,China,moda_belleza,963473.14,1,1,42.4
2024-02-01,A,PRV-006,España,alimentacion_hosteleria,419791.6,4,4,8.5
2024-02-01,A,PRV-009,Portugal,moda_belleza,681858.23,3,3,9.0
2024-02-01,A,PRV-012,China,moda_belleza,1281464.65,1,1,91.7
2024-02-01,A,PRV-013,Vietnam,moda_belleza,709040.35,1,1,55.5
2024-02-01,A,PRV-014,Italia,moda_belleza,858334.35,4,4,11.4
2024-02-01,A,PRV-015,España,hogar_electronica,546146.9,6,6,6.2
2024-02-01,A,PRV-019,Bangladés,alimentacion_hosteleria,397759.87,1,1,41.1
2024-02-01,A,PRV-023,Portugal,moda_belleza,1216858.28,4,4,5.1
2024-02-01,A,PRV-033,España,alimentacion_hosteleria,322441.71,7,7,5.7
2024-02-01,A,PRV-036,Italia,moda_belleza,514817.71,3,3,10.9
2024-02-01,A,PRV-052,Turquía,moda_belleza,1219077.36,2,2,29.7
2024-02-01,A,PRV-057,Turquía,hogar_electronica,935470.18,2,2,9.5
2024-02-01,A,PRV-059,China,hogar_electronica,803151.14,1,1,70.3
2024-02-01,A,PRV-061,España,hogar_electronica,411575.96,4,4,5.0
2024-02-01,A,PRV-065,España,alimentacion_hosteleria,319222.21,6,5,5.5
2024-02-01,A,PRV-086,Vietnam,hogar_electronica,332087.61,1,1,9.7
2024-02-01,A,PRV-092,España,moda_belleza,575661.97,9,9,6.8
2024-02-01,A,PRV-100,China,hogar_electronica,976903.75,1,1,47.4
2024-02-01,A,PRV-106,España,alimentacion_hosteleria,364734.75,7,5,3.3
2024-02-01,A,PRV-107,Bangladés,moda_belleza,975915.31,1,1,34.1
2024-02-01,A,PRV-108,China,moda_belleza,1192160.2,1,0,34.1
2024-02-01,A,PRV-110,España,moda_belleza,479510.17,2,1,8.6
2024-02-01,A,PRV-112,España,hogar_electronica,446237.54,4,4,6.9
2024-02-01,A,PRV-115,Portugal,hogar_electronica,1066495.99,5,5,2.8
2024-02-01,A,PRV-117,España,moda_belleza,984273.83,4,4,5.1
2024-02-01,A,PRV-118,España,alimentacion_hosteleria,458606.69,5,5,8.6
2024-02-01,B,PRV-001,Turquía,hogar_electronica,230076.28,2,1,10.7
2024-02-01,B,PRV-004,China,moda_belleza,598999.49,1,1,60.2
2024-02-01,B,PRV-014,Italia,moda_belleza,602340.69,2,2,8.4
2024-02-01,B,PRV-021,España,hogar_electronica,585751.97,4,4,9.2
2024-02-01,B,PRV-026,Italia,moda_belleza,453366.03,3,3,6.2
2024-02-01,B,PRV-030,China,moda_belleza,609372.38,1,1,67.3
2024-02-01,B,PRV-042,Italia,moda_belleza,374026.65,4,3,8.5
2024-02-01,B,PRV-048,Portugal,moda_belleza,493658.2,2,2,12.7
2024-02-01,B,PRV-050,Bangladés,hogar_electronica,963975.76,1,1,57.8
2024-02-01,B,PRV-051,China,hogar_electronica,296662.57,1,1,41.4
2024-02-01,B,PRV-053,España,alimentacion_hosteleria,607798.38,4,4,6.8
2024-02-01,B,PRV-055,Vietnam,alimentacion_hosteleria,694763.1,1,1,40.1
2024-02-01,B,PRV-059,China,hogar_electronica,574762.92,1,1,67.6
2024-02-01,B,PRV-063,España,hogar_electronica,375688.34,5,3,6.3
2024-02-01,B,PRV-064,España,moda_belleza,166824.58,3,3,7.7
2024-02-01,B,PRV-068,España,moda_belleza,476018.82,9,9,4.3
2024-02-01,B,PRV-076,Turquía,moda_belleza,427643.68,1,1,28.9
2024-02-01,B,PRV-080,España,alimentacion_hosteleria,284726.76,3,3,4.5
2024-02-01,B,PRV-082,China,hogar_electronica,338148.67,1,1,71.5
2024-02-01,B,PRV-085,Portugal,hogar_electronica,324838.42,3,3,7.5
2024-02-01,B,PRV-094,China,moda_belleza,621719.83,1,1,66.4
2024-02-01,B,PRV-098,Vietnam,alimentacion_hosteleria,632710.24,1,0,41.6
2024-02-01,B,PRV-099,España,moda_belleza,581202.68,3,3,8.5
2024-02-01,B,PRV-100,China,hogar_electronica,681132.34,1,1,58.7
2024-02-01,B,PRV-107,Bangladés,moda_belleza,335162.34,1,1,72.4
2024-02-01,B,PRV-111,Turquía,alimentacion_hosteleria,214415.11,2,2,24.8
2024-02-01,C,PRV-005,España,moda_belleza,285427.72,5,5,6.7
2024-02-01,C,PRV-009,Portugal,moda_belleza,350999.41,4,4,12.2
2024-02-01,C,PRV-010,Italia,alimentacion_hosteleria,186724.02,2,2,10.9
2024-02-01,C,PRV-012,China,moda_belleza,296493.75,1,1,64.4
2024-02-01,C,PRV-017,España,moda_belleza,213457.92,3,3,13.6
2024-02-01,C,PRV-023,Portugal,moda_belleza,426445.82,2,1,9.4
2024-02-01,C,PRV-029,España,alimentacion_hosteleria,406836.77,7,7,4.6
2024-02-01,C,PRV-031,España,moda_belleza,483394.54,3,3,7.9
2024-02-01,C,PRV-032,Bangladés,hogar_electronica,413817.8,1,1,61.7
2024-02-01,C,PRV-052,Turquía,moda_belleza,364981.59,2,2,27.9
2024-02-01,C,PRV-053,España,alimentacion_hosteleria,156733.92,5,5,6.9
2024-02-01,C,PRV-054,España,hogar_electronica,255586.94,3,3,7.4
2024-02-01,C,PRV-063,España,hogar_electronica,452873.39,5,5,6.5
2024-02-01,C,PRV-068,España,moda_belleza,430881.91,6,6,4.2
2024-02-01,C,PRV-073,Italia,moda_belleza,373554.36,3,3,8.5
2024-02-01,C,PRV-075,España,moda_belleza,458069.03,4,4,7.3
2024-02-01,C,PRV-079,España,moda_belleza,256527.24,4,4,6.7
2024-02-01,C,PRV-082,China,hogar_electronica,293185.41,1,1,73.1
2024-02-01,C,PRV-083,España,moda_belleza,550091.84,4,4,9.9
2024-02-01,C,PRV-086,Vietnam,hogar_electronica,418690.3,1,1,23.1
2024-02-01,C,PRV-090,España,hogar_electronica,400018.24,5,4,8.5
2024-02-01,C,PRV-097,Turquía,moda_belleza,190334.03,2,2,20.8
2024-02-01,C,PRV-100,China,hogar_electronica,429754.74,1,1,27.1
2024-02-01,C,PRV-112,España,hogar_electronica,342538.95,3,3,6.7
2024-02-01,C,PRV-114,España,moda_belleza,514379.66,4,4,2.0
2024-02-01,C,PRV-117,España,moda_belleza,464278.56,3,3,9.0
2024-02-01,D,PRV-001,Turquía,hogar_electronica,196893.44,2,2,7.1
2024-02-01,D,PRV-003,España,alimentacion_hosteleria,180207.03,6,6,6.6
2024-02-01,D,PRV-005,España,moda_belleza,304361.61,5,5,7.7
2024-02-01,D,PRV-007,España,moda_belleza,200334.7,4,4,11.0
2024-02-01,D,PRV-012,China,moda_belleza,240848.31,1,1,74.2
2024-02-01,D,PRV-017,España,moda_belleza,324853.0,3,3,11.2
2024-02-01,D,PRV-019,Bangladés,alimentacion_hosteleria,367827.3,1,1,24.4
2024-02-01,D,PRV-023,Portugal,moda_belleza,361668.73,4,4,10.3
2024-02-01,D,PRV-035,España,moda_belleza,200878.49,4,4,5.7
2024-02-01,D,PRV-043,China,hogar_electronica,346658.93,1,1,22.3
2024-02-01,D,PRV-056,China,hogar_electronica,191013.73,1,1,72.6
2024-02-01,D,PRV-058,Portugal,alimentacion_hosteleria,304815.28,4,3,14.3
2024-02-01,D,PRV-060,Portugal,moda_belleza,240991.77,5,4,2.5
2024-02-01,D,PRV-065,España,alimentacion_hosteleria,360673.65,4,4,7.6
2024-02-01,D,PRV-067,España,hogar_electronica,188872.89,3,3,8.0
2024-02-01,D,PRV-071,Italia,moda_belleza,101876.02,4,4,13.1
2024-02-01,D,PRV-074,España,moda_belleza,347477.51,5,4,8.0
2024-02-01,D,PRV-076,Turquía,moda_belleza,185350.31,1,1,25.2
2024-02-01,D,PRV-080,España,alimentacion_hosteleria,180632.17,6,4,5.7
2024-02-01,D,PRV-083,España,moda_belleza,168974.64,6,6,6.7
2024-02-01,D,PRV-095,España,moda_belleza,342041.79,4,3,9.2
2024-02-01,D,PRV-099,España,moda_belleza,249847.71,5,5,8.0
2024-02-01,D,PRV-109,España,moda_belleza,232708.04,9,7,3.7
2024-02-01,D,PRV-118,España,alimentacion_hosteleria,169563.12,7,7,2.8
2024-02-01,D,PRV-119,Vietnam,alimentacion_hosteleria,174834.11,1,1,28.5
2024-02-01,E,PRV-007,España,moda_belleza,358138.46,3,3,8.0
2024-02-01,E,PRV-012,China,moda_belleza,124404.1,1,1,62.6
2024-02-01,E,PRV-013,Vietnam,moda_belleza,144468.46,1,0,61.1
2024-02-01,E,PRV-036,Italia,moda_belleza,102664.44,3,3,10.2
2024-02-01,E,PRV-037,China,moda_belleza,352090.95,1,1,58.3
2024-02-01,E,PRV-038,China,moda_belleza,329645.61,1,1,20.2
2024-02-01,E,PRV-040,España,moda_belleza,167165.71,6,5,6.9
2024-02-01,E,PRV-041,España,moda_belleza,239567.87,7,5,8.4
2024-02-01,E,PRV-042,Italia,moda_belleza,197178.49,4,3,6.7
2024-02-01,E,PRV-043,China,hogar_electronica,304202.62,1,1,33.9
2024-02-01,E,PRV-053,España,alimentacion_hosteleria,83151.95,5,5,5.5
2024-02-01,E,PRV-058,Portugal,alimentacion_hosteleria,88056.84,4,4,2.5
2024-02-01,E,PRV-060,Portugal,moda_belleza,202587.27,4,4,2.7
2024-02-01,E,PRV-064,España,moda_belleza,243923.62,5,5,9.0
2024-02-01,E,PRV-065,España,alimentacion_hosteleria,212308.04,6,6,6.7
2024-02-01,E,PRV-068,España,moda_belleza,147956.33,5,5,4.2
2024-02-01,E,PRV-073,Italia,moda_belleza,102227.27,4,4,18.5
2024-02-01,E,PRV-077,Bangladés,hogar_electronica,199904.79,1,1,61.5
2024-02-01,E,PRV-083,España,moda_belleza,161916.71,3,3,5.1
2024-02-01,E,PRV-087,España,alimentacion_hosteleria,182854.33,6,6,5.8
2024-02-01,E,PRV-097,Turquía,moda_belleza,131948.47,1,1,22.3
2024-02-01,E,PRV-103,España,moda_belleza,447570.76,3,3,3.0
2024-02-01,E,PRV-105,España,alimentacion_hosteleria,374641.56,6,6,6.6
2024-02-01,E,PRV-111,Turquía,alimentacion_hosteleria,106770.6,1,1,16.4
2024-02-01,E,PRV-117,España,moda_belleza,246104.21,5,5,4.9
2024-03-01,A,PRV-004,China,moda_belleza,743081.64,1,0,53.0
2024-03-01,A,PRV-006,España,alimentacion_hosteleria,419097.18,5,5,8.5
2024-03-01,A,PRV-009,Portugal,moda_belleza,655908.18,3,3,7.3
2024-03-01,A,PRV-012,China,moda_belleza,1119376.91,1,1,56.0
2024-03-01,A,PRV-013,Vietnam,moda_belleza,1207795.34,1,0,48.4
2024-03-01,A,PRV-014,Italia,moda_belleza,647946.13,3,3,4.4
2024-03-01,A,PRV-015,España,hogar_electronica,717852.69,4,4,7.0
2024-03-01,A,PRV-019,Bangladés,alimentacion_hosteleria,498239.95,1,0,43.5
2024-03-01,A,PRV-023,Portugal,moda_belleza,1120340.11,4,4,7.3
2024-03-01,A,PRV-033,España,alimentacion_hosteleria,446724.1,6,6,4.1
2024-03-01,A,PRV-036,Italia,moda_belleza,568671.54,3,3,7.7
2024-03-01,A,PRV-052,Turquía,moda_belleza,1205313.12,2,2,20.8
2024-03-01,A,PRV-057,Turquía,hogar_electronica,824369.82,3,3,18.7
2024-03-01,A,PRV-059,China,hogar_electronica,1193730.04,1,1,45.2
2024-03-01,A,PRV-061,España,hogar_electronica,516909.08,2,2,6.9
2024-03-01,A,PRV-065,España,alimentacion_hosteleria,391306.57,6,4,6.8
2024-03-01,A,PRV-086,Vietnam,hogar_electronica,320348.39,1,0,45.4
2024-03-01,A,PRV-092,España,moda_belleza,698156.39,8,8,8.1
2024-03-01,A,PRV-100,China,hogar_electronica,1148400.04,1,1,66.7
2024-03-01,A,PRV-106,España,alimentacion_hosteleria,356273.22,6,6,3.2
2024-03-01,A,PRV-107,Bangladés,moda_belleza,840365.35,1,1,77.3
2024-03-01,A,PRV-108,China,moda_belleza,1004428.0,1,0,52.6
2024-03-01,A,PRV-110,España,moda_belleza,572372.22,3,3,6.5
2024-03-01,A,PRV-112,España,hogar_electronica,372391.86,5,5,6.0
2024-03-01,A,PRV-115,Portugal,hogar_electronica,850880.1,3,2,7.9
2024-03-01,A,PRV-117,España,moda_belleza,1266658.94,6,6,5.7
2024-03-01,A,PRV-118,España,alimentacion_hosteleria,453489.22,9,9,4.4
2024-03-01,B,PRV-001,Turquía,hogar_electronica,250568.4,2,2,12.8
2024-03-01,B,PRV-004,China,moda_belleza,671401.13,1,0,83.8
2024-03-01,B,PRV-014,Italia,moda_belleza,403607.46,5,5,4.5
2024-03-01,B,PRV-021,España,hogar_electronica,603261.15,6,6,4.9
2024-03-01,B,PRV-026,Italia,moda_belleza,413885.15,3,3,9.1
2024-03-01,B,PRV-030,China,moda_belleza,552015.88,1,0,53.1
2024-03-01,B,PRV-042,Italia,moda_belleza,443823.17,5,5,10.3
2024-03-01,B,PRV-048,Portugal,moda_belleza,483502.01,2,2,12.7
2024-03-01,B,PRV-050,Bangladés,hogar_electronica,670898.51,1,0,87.3
2024-03-01,B,PRV-051,China,hogar_electronica,273573.48,1,1,36.1
2024-03-01,B,PRV-053,España,alimentacion_hosteleria,602645.27,4,3,7.5
2024-03-01,B,PRV-055,Vietnam,alimentacion_hosteleria,555854.02,1,1,57.9
2024-03-01,B,PRV-059,China,hogar_electronica,493078.51,1,1,57.4
2024-03-01,B,PRV-063,España,hogar_electronica,312055.41,4,4,5.8
2024-03-01,B,PRV-064,España,moda_belleza,246012.33,6,4,6.8
2024-03-01,B,PRV-068,España,moda_belleza,468122.45,8,8,3.9
2024-03-01,B,PRV-076,Turquía,moda_belleza,370703.23,1,1,18.4
2024-03-01,B,PRV-080,España,alimentacion_hosteleria,281622.14,5,2,6.9
2024-03-01,B,PRV-082,China,hogar_electronica,350569.39,1,1,71.9
2024-03-01,B,PRV-085,Portugal,hogar_electronica,545826.89,2,2,7.6
2024-03-01,B,PRV-094,China,moda_belleza,625091.44,1,1,86.3
2024-03-01,B,PRV-098,Vietnam,alimentacion_hosteleria,752260.99,1,0,47.4
2024-03-01,B,PRV-099,España,moda_belleza,532229.17,5,5,7.8
2024-03-01,B,PRV-100,China,hogar_electronica,634945.5,1,1,32.0
2024-03-01,B,PRV-107,Bangladés,moda_belleza,301802.55,1,0,43.1
2024-03-01,B,PRV-111,Turquía,alimentacion_hosteleria,234692.37,1,1,23.8
2024-03-01,C,PRV-005,España,moda_belleza,312617.07,4,4,8.7
2024-03-01,C,PRV-009,Portugal,moda_belleza,361383.03,4,4,9.2
2024-03-01,C,PRV-010,Italia,alimentacion_hosteleria,148534.32,2,2,10.7
2024-03-01,C,PRV-012,China,moda_belleza,269581.03,1,1,67.1
2024-03-01,C,PRV-017,España,moda_belleza,177332.71,3,3,10.5
2024-03-01,C,PRV-023,Portugal,moda_belleza,428040.16,4,4,7.6
2024-03-01,C,PRV-029,España,alimentacion_hosteleria,345415.84,6,6,4.6
2024-03-01,C,PRV-031,España,moda_belleza,450231.07,5,5,4.6
2024-03-01,C,PRV-032,Bangladés,hogar_electronica,459728.15,1,1,90.4
2024-03-01,C,PRV-052,Turquía,moda_belleza,251730.18,2,1,22.5
2024-03-01,C,PRV-053,España,alimentacion_hosteleria,152588.15,5,5,6.5
2024-03-01,C,PRV-054,España,hogar_electronica,298878.93,5,5,4.0
2024-03-01,C,PRV-063,España,hogar_electronica,311283.31,4,4,8.1
2024-03-01,C,PRV-068,España,moda_belleza,441171.69,11,11,4.8
2024-03-01,C,PRV-073,Italia,moda_belleza,386411.36,3,2,11.9
2024-03-01,C,PRV-075,España,moda_belleza,369619.9,4,3,7.4
2024-03-01,C,PRV-079,España,moda_belleza,248948.72,5,5,8.5
2024-03-01,C,PRV-082,China,hogar_electronica,219873.69,1,0,63.6
2024-03-01,C,PRV-083,España,moda_belleza,405149.61,3,3,5.4
2024-03-01,C,PRV-086,Vietnam,hogar_electronica,281433.29,1,0,51.1
2024-03-01,C,PRV-090,España,hogar_electronica,355018.39,3,3,9.5
2024-03-01,C,PRV-097,Turquía,moda_belleza,203641.9,2,2,16.2
2024-03-01,C,PRV-100,China,hogar_electronica,487189.4,1,0,51.9
2024-03-01,C,PRV-112,España,hogar_electronica,407722.41,3,3,7.5
2024-03-01,C,PRV-114,España,moda_belleza,375460.31,6,5,7.6
2024-03-01,C,PRV-117,España,moda_belleza,328159.31,5,5,5.8
2024-03-01,D,PRV-001,Turquía,hogar_electronica,262364.77,3,3,17.7
2024-03-01,D,PRV-003,España,alimentacion_hosteleria,224220.31,5,5,5.8
2024-03-01,D,PRV-005,España,moda_belleza,388007.21,6,6,5.4
2024-03-01,D,PRV-007,España,moda_belleza,171824.52,3,3,8.5
2024-03-01,D,PRV-012,China,moda_belleza,218919.18,1,1,83.1
2024-03-01,D,PRV-017,España,moda_belleza,286899.56,4,4,8.1
2024-03-01,D,PRV-019,Bangladés,alimentacion_hosteleria,340836.84,1,0,38.1
2024-03-01,D,PRV-023,Portugal,moda_belleza,372854.59,3,3,10.2
2024-03-01,D,PRV-035,España,moda_belleza,142369.93,4,4,5.3
2024-03-01,D,PRV-043,China,hogar_electronica,339963.47,1,1,59.9
2024-03-01,D,PRV-056,China,hogar_electronica,200846.8,1,1,41.7
2024-03-01,D,PRV-058,Portugal,alimentacion_hosteleria,282952.34,3,3,15.1
2024-03-01,D,PRV-060,Portugal,moda_belleza,352832.88,3,2,7.9
2024-03-01,D,PRV-065,España,alimentacion_hosteleria,387683.7,6,4,5.2
2024-03-01,D,PRV-067,España,hogar_electronica,162562.55,4,4,8.6
2024-03-01,D,PRV-071,Italia,moda_belleza,115757.67,3,3,7.2
2024-03-01,D,PRV-074,España,moda_belleza,296206.93,8,8,5.9
2024-03-01,D,PRV-076,Turquía,moda_belleza,221221.61,1,1,27.2
2024-03-01,D,PRV-080,España,alimentacion_hosteleria,181813.87,4,3,4.8
2024-03-01,D,PRV-083,España,moda_belleza,196921.64,5,5,9.3
2024-03-01,D,PRV-095,España,moda_belleza,291486.72,5,5,4.6
2024-03-01,D,PRV-099,España,moda_belleza,245411.84,4,4,8.3
2024-03-01,D,PRV-109,España,moda_belleza,146615.15,7,7,5.6
2024-03-01,D,PRV-118,España,alimentacion_hosteleria,225523.39,5,5,3.3
2024-03-01,D,PRV-119,Vietnam,alimentacion_hosteleria,205221.88,1,0,48.5
2024-03-01,E,PRV-007,España,moda_belleza,154164.59,4,4,7.3
2024-03-01,E,PRV-012,China,moda_belleza,114718.21,1,0,69.2
2024-03-01,E,PRV-013,Vietnam,moda_belleza,150017.9,1,1,50.9
2024-03-01,E,PRV-036,Italia,moda_belleza,119197.18,2,2,11.2
2024-03-01,E,PRV-037,China,moda_belleza,398034.39,1,1,71.0
2024-03-01,E,PRV-038,China,moda_belleza,334758.19,1,1,75.4
2024-03-01,E,PRV-040,España,moda_belleza,170753.81,7,6,5.9
2024-03-01,E,PRV-041,España,moda_belleza,207832.03,5,4,2.6
2024-03-01,E,PRV-042,Italia,moda_belleza,216686.36,3,2,13.3
2024-03-01,E,PRV-043,China,hogar_electronica,381608.7,1,1,46.3
2024-03-01,E,PRV-053,España,alimentacion_hosteleria,122984.44,3,3,7.3
2024-03-01,E,PRV-058,Portugal,alimentacion_hosteleria,92879.65,4,4,8.7
2024-03-01,E,PRV-060,Portugal,moda_belleza,272560.8,5,5,8.0
2024-03-01,E,PRV-064,España,moda_belleza,348982.86,4,4,8.1
2024-03-01,E,PRV-065,España,alimentacion_hosteleria,188757.48,5,3,6.4
2024-03-01,E,PRV-068,España,moda_belleza,212735.82,11,11,4.9
2024-03-01,E,PRV-073,Italia,moda_belleza,132300.11,3,3,16.0
2024-03-01,E,PRV-077,Bangladés,hogar_electronica,214492.89,1,1,49.9
2024-03-01,E,PRV-083,España,moda_belleza,184404.16,5,5,9.4
2024-03-01,E,PRV-087,España,alimentacion_hosteleria,201852.42,4,3,8.3
2024-03-01,E,PRV-097,Turquía,moda_belleza,177319.22,2,2,21.3
2024-03-01,E,PRV-103,España,moda_belleza,344969.02,5,4,5.8
2024-03-01,E,PRV-105,España,alimentacion_hosteleria,309408.69,7,7,3.8
2024-03-01,E,PRV-111,Turquía,alimentacion_hosteleria,96278.19,2,1,23.5
2024-03-01,E,PRV-117,España,moda_belleza,179201.89,5,5,8.0
2024-04-01,A,PRV-004,China,moda_belleza,846579.43,1,1,53.5
2024-04-01,A,PRV-006,España,alimentacion_hosteleria,404905.53,3,3,7.6
2024-04-01,A,PRV-009,Portugal,moda_belleza,787943.12,3,3,10.1
2024-04-01,A,PRV-012,China,moda_belleza,977271.33,1,1,45.1
2024-04-01,A,PRV-013,Vietnam,moda_belleza,1029714.98,1,1,41.8
2024-04-01,A,PRV-014,Italia,moda_belleza,764751.77,4,4,3.9
2024-04-01,A,PRV-015,España,hogar_electronica,708854.32,4,4,5.7
2024-04-01,A,PRV-019,Bangladés,alimentacion_hosteleria,514601.38,1,0,51.6
2024-04-01,A,PRV-023,Portugal,moda_belleza,867613.21,3,2,10.8
2024-04-01,A,PRV-033,España,alimentacion_hosteleria,411983.83,7,7,7.5
2024-04-01,A,PRV-036,Italia,moda_belleza,561927.52,2,2,9.8
2024-04-01,A,PRV-052,Turquía,moda_belleza,956700.61,2,2,21.0
2024-04-01,A,PRV-057,Turquía,hogar_electronica,874125.02,2,2,22.2
2024-04-01,A,PRV-059,China,hogar_electronica,870054.04,1,1,45.6
2024-04-01,A,PRV-061,España,hogar_electronica,666355.92,2,2,7.0
2024-04-01,A,PRV-065,España,alimentacion_hosteleria,295845.61,6,5,3.5
2024-04-01,A,PRV-086,Vietnam,hogar_electronica,470601.31,1,0,65.7
2024-04-01,A,PRV-092,España,moda_belleza,527880.28,10,10,2.1
2024-04-01,A,PRV-100,China,hogar_electronica,1216237.61,1,1,49.8
2024-04-01,A,PRV-106,España,alimentacion_hosteleria,388122.29,7,7,2.0
2024-04-01,A,PRV-107,Bangladés,moda_belleza,983322.69,1,1,64.0
2024-04-01,A,PRV-108,China,moda_belleza,1026823.65,1,0,57.4
2024-04-01,A,PRV-110,España,moda_belleza,515556.0,4,4,5.1
2024-04-01,A,PRV-112,España,hogar_electronica,330935.98,3,3,5.7
2024-04-01,A,PRV-115,Portugal,hogar_electronica,634294.6,6,6,6.7
2024-04-01,A,PRV-117,España,moda_belleza,1148492.83,4,4,5.2
2024-04-01,A,PRV-118,España,alimentacion_hosteleria,441702.07,8,8,5.3
2024-04-01,B,PRV-001,Turquía,hogar_electronica,297220.97,2,1,15.1
2024-04-01,B,PRV-004,China,moda_belleza,614094.54,1,1,51.1
2024-04-01,B,PRV-014,Italia,moda_belleza,540438.81,4,4,11.7
2024-04-01,B,PRV-021,España,hogar_electronica,604230.93,4,4,4.8
2024-04-01,B,PRV-026,Italia,moda_belleza,346022.98,3,3,12.1
2024-04-01,B,PRV-030,China,moda_belleza,719199.52,1,0,65.2
2024-04-01,B,PRV-042,Italia,moda_belleza,486060.82,4,4,2.0
2024-04-01,B,PRV-048,Portugal,moda_belleza,459742.84,3,3,4.9
2024-04-01,B,PRV-050,Bangladés,hogar_electronica,843506.16,1,1,70.5
2024-04-01,B,PRV-051,China,hogar_electronica,330010.74,1,1,58.1
2024-04-01,B,PRV-053,España,alimentacion_hosteleria,527886.28,3,2,7.5
2024-04-01,B,PRV-055,Vietnam,alimentacion_hosteleria,781683.47,1,1,42.8
2024-04-01,B,PRV-059,China,hogar_electronica,494058.41,1,0,70.8
2024-04-01,B,PRV-063,España,hogar_electronica,316284.25,3,3,5.0
2024-04-01,B,PRV-064,España,moda_belleza,168927.14,3,2,7.9
2024-04-01,B,PRV-068,España,moda_belleza,519788.38,7,7,2.0
2024-04-01,B,PRV-076,Turquía,moda_belleza,426664.12,1,0,20.3
2024-04-01,B,PRV-080,España,alimentacion_hosteleria,326116.91,4,4,4.7
2024-04-01,B,PRV-082,China,hogar_electronica,343655.12,1,1,75.5
2024-04-01,B,PRV-085,Portugal,hogar_electronica,635420.9,3,3,11.9
2024-04-01,B,PRV-094,China,moda_belleza,452833.49,1,1,64.8
2024-04-01,B,PRV-098,Vietnam,alimentacion_hosteleria,532754.17,1,0,40.1
2024-04-01,B,PRV-099,España,moda_belleza,458247.54,4,4,6.6
2024-04-01,B,PRV-100,China,hogar_electronica,801758.43,1,1,58.4
2024-04-01,B,PRV-107,Bangladés,moda_belleza,353779.57,1,1,63.4
2024-04-01,B,PRV-111,Turquía,alimentacion_hosteleria,264369.3,1,1,20.8
2024-04-01,C,PRV-005,España,moda_belleza,313235.65,4,4,4.9
2024-04-01,C,PRV-009,Portugal,moda_belleza,313998.82,3,3,15.0
2024-04-01,C,PRV-010,Italia,alimentacion_hosteleria,220295.67,4,4,8.1
2024-04-01,C,PRV-012,China,moda_belleza,286335.34,1,0,32.8
2024-04-01,C,PRV-017,España,moda_belleza,232015.41,4,4,8.8
2024-04-01,C,PRV-023,Portugal,moda_belleza,423819.71,3,3,10.3
2024-04-01,C,PRV-029,España,alimentacion_hosteleria,411679.43,5,4,4.7
2024-04-01,C,PRV-031,España,moda_belleza,461312.42,5,5,6.5
2024-04-01,C,PRV-032,Bangladés,hogar_electronica,443086.58,1,0,73.0
2024-04-01,C,PRV-052,Turquía,moda_belleza,285572.32,1,1,27.2
2024-04-01,C,PRV-053,España,alimentacion_hosteleria,135837.62,5,5,5.4
2024-04-01,C,PRV-054,España,hogar_electronica,395215.23,4,4,4.3
2024-04-01,C,PRV-063,España,hogar_electronica,487197.3,5,5,6.4
2024-04-01,C,PRV-068,España,moda_belleza,375485.8,9,9,2.1
2024-04-01,C,PRV-073,Italia,moda_belleza,410300.93,3,3,11.6
2024-04-01,C,PRV-075,España,moda_belleza,441801.85,5,4,6.6
2024-04-01,C,PRV-079,España,moda_belleza,314767.07,4,3,7.0
2024-04-01,C,PRV-082,China,hogar_electronica,239068.66,1,1,86.0
2024-04-01,C,PRV-083,España,moda_belleza,330679.11,5,5,2.0
2024-04-01,C,PRV-086,Vietnam,hogar_electronica,359216.43,1,0,61.8
2024-04-01,C,PRV-090,España,hogar_electronica,533293.5,3,3,5.3
2024-04-01,C,PRV-097,Turquía,moda_belleza,185949.74,1,1,30.5
2024-04-01,C,PRV-100,China,hogar_electronica,524373.17,1,1,42.4
2024-04-01,C,PRV-112,España,hogar_electronica,382016.37,4,4,8.8
2024-04-01,C,PRV-114,España,moda_belleza,428286.7,6,6,9.0
2024-04-01,C,PRV-117,España,moda_belleza,295700.24,4,4,5.1
2024-04-01,D,PRV-001,Turquía,hogar_electronica,330326.72,2,1,22.7
2024-04-01,D,PRV-003,España,alimentacion_hosteleria,175083.97,6,6,4.6
2024-04-01,D,PRV-005,España,moda_belleza,347562.32,4,2,9.0
2024-04-01,D,PRV-007,España,moda_belleza,198621.03,4,4,10.6
2024-04-01,D,PRV-012,China,moda_belleza,190667.01,1,0,44.0
2024-04-01,D,PRV-017,España,moda_belleza,356700.8,4,4,5.2
2024-04-01,D,PRV-019,Bangladés,alimentacion_hosteleria,339918.43,1,1,44.2
2024-04-01,D,PRV-023,Portugal,moda_belleza,404874.16,3,2,12.0
2024-04-01,D,PRV-035,España,moda_belleza,235697.28,4,4,5.3
2024-04-01,D,PRV-043,China,hogar_electronica,314774.11,1,0,49.1
2024-04-01,D,PRV-056,China,hogar_electronica,224647.74,1,1,58.5
2024-04-01,D,PRV-058,Portugal,alimentacion_hosteleria,408391.3,4,4,8.5
2024-04-01,D,PRV-060,Portugal,moda_belleza,240228.12,3,3,6.9
2024-04-01,D,PRV-065,España,alimentacion_hosteleria,355220.56,6,4,4.8
2024-04-01,D,PRV-067,España,hogar_electronica,170567.54,3,3,4.5
2024-04-01,D,PRV-071,Italia,moda_belleza,143177.73,3,3,13.8
2024-04-01,D,PRV-074,España,moda_belleza,367540.4,7,6,7.2
2024-04-01,D,PRV-076,Turquía,moda_belleza,192202.6,1,0,33.2
2024-04-01,D,PRV-080,España,alimentacion_hosteleria,155531.2,4,3,7.2
2024-04-01,D,PRV-083,España,moda_belleza,250284.7,4,4,7.0
2024-04-01,D,PRV-095,España,moda_belleza,338179.72,5,4,5.1
2024-04-01,D,PRV-099,España,moda_belleza,271523.9,4,4,8.8
2024-04-01,D,PRV-109,España,moda_belleza,225576.09,3,3,3.4
2024-04-01,D,PRV-118,España,alimentacion_hosteleria,227335.75,4,4,2.4
2024-04-01,D,PRV-119,Vietnam,alimentacion_hosteleria,199699.9,1,1,50.0
2024-04-01,E,PRV-007,España,moda_belleza,357092.26,4,4,12.4
2024-04-01,E,PRV-012,China,moda_belleza,104950.59,1,1,43.8
2024-04-01,E,PRV-013,Vietnam,moda_belleza,205886.55,1,1,40.9
2024-04-01,E,PRV-036,Italia,moda_belleza,90040.51,3,2,10.5
2024-04-01,E,PRV-037,China,moda_belleza,417033.27,1,1,59.9
2024-04-01,E,PRV-038,China,moda_belleza,336320.2,1,1,40.5
2024-04-01,E,PRV-040,España,moda_belleza,147826.75,5,5,7.0
2024-04-01,E,PRV-041,España,moda_belleza,206221.99,6,6,4.5
2024-04-01,E,PRV-042,Italia,moda_belleza,172260.35,3,3,5.3
2024-04-01,E,PRV-043,China,hogar_electronica,403903.63,1,1,51.9
2024-04-01,E,PRV-053,España,alimentacion_hosteleria,112585.63,6,6,8.6
2024-04-01,E,PRV-058,Portugal,alimentacion_hosteleria,116698.68,5,5,7.6
2024-04-01,E,PRV-060,Portugal,moda_belleza,224657.9,4,4,2.0
2024-04-01,E,PRV-064,España,moda_belleza,384115.26,5,4,7.6
2024-04-01,E,PRV-065,España,alimentacion_hosteleria,254760.97,7,6,4.7
2024-04-01,E,PRV-068,España,moda_belleza,153062.75,7,7,2.7
2024-04-01,E,PRV-073,Italia,moda_belleza,126196.69,3,3,9.6
2024-04-01,E,PRV-077,Bangladés,hogar_electronica,249562.04,1,1,84.3
2024-04-01,E,PRV-083,España,moda_belleza,149018.18,5,5,8.2
2024-04-01,E,PRV-087,España,alimentacion_hosteleria,282259.46,4,4,6.7
2024-04-01,E,PRV-097,Turquía,moda_belleza,216613.83,1,1,23.7
2024-04-01,E,PRV-103,España,moda_belleza,330070.6,6,6,4.5
2024-04-01,E,PRV-105,España,alimentacion_hosteleria,268139.98,5,5,5.7
2024-04-01,E,PRV-111,Turquía,alimentacion_hosteleria,114712.27,1,1,21.7
2024-04-01,E,PRV-117,España,moda_belleza,225577.31,6,6,5.8
2024-05-01,A,PRV-004,China,moda_belleza,990867.55,1,1,43.4
2024-05-01,A,PRV-006,España,alimentacion_hosteleria,394727.13,5,5,7.4
2024-05-01,A,PRV-009,Portugal,moda_belleza,846968.37,2,2,15.3
2024-05-01,A,PRV-012,China,moda_belleza,971545.28,1,1,55.3
2024-05-01,A,PRV-013,Vietnam,moda_belleza,1083598.87,1,0,64.4
2024-05-01,A,PRV-014,Italia,moda_belleza,685960.74,4,4,6.2
2024-05-01,A,PRV-015,España,hogar_electronica,714480.57,5,5,7.5
2024-05-01,A,PRV-019,Bangladés,alimentacion_hosteleria,456469.34,1,1,35.9
2024-05-01,A,PRV-023,Portugal,moda_belleza,1056497.57,3,3,7.6
2024-05-01,A,PRV-033,España,alimentacion_hosteleria,376828.11,6,6,9.4
2024-05-01,A,PRV-036,Italia,moda_belleza,827851.68,3,3,5.8
2024-05-01,A,PRV-052,Turquía,moda_belleza,891181.21,2,2,17.2
2024-05-01,A,PRV-057,Turquía,hogar_electronica,943254.43,3,2,13.7
2024-05-01,A,PRV-059,China,hogar_electronica,989863.52,1,0,56.8
2024-05-01,A,PRV-061,España,hogar_electronica,504558.57,4,4,7.1
2024-05-01,A,PRV-065,España,alimentacion_hosteleria,410511.28,7,6,7.2
2024-05-01,A,PRV-086,Vietnam,hogar_electronica,508196.06,1,0,53.3
2024-05-01,A,PRV-092,España,moda_belleza,767835.22,7,7,4.4
2024-05-01,A,PRV-100,China,hogar_electronica,1380706.5,1,1,47.8
2024-05-01,A,PRV-106,España,alimentacion_hosteleria,315183.49,8,8,3.7
2024-05-01,A,PRV-107,Bangladés,moda_belleza,914829.56,1,1,65.8
2024-05-01,A,PRV-108,China,moda_belleza,1168691.53,1,0,35.5
2024-05-01,A,PRV-110,España,moda_belleza,565740.2,3,3,11.0
2024-05-01,A,PRV-112,España,hogar_electronica,349117.69,4,4,7.3
2024-05-01,A,PRV-115,Portugal,hogar_electronica,1052741.4,4,4,5.1
2024-05-01,A,PRV-117,España,moda_belleza,1527977.8,4,4,6.8
2024-05-01,A,PRV-118,España,alimentacion_hosteleria,458403.95,4,4,8.5
2024-05-01,B,PRV-001,Turquía,hogar_electronica,287438.64,2,2,19.6
2024-05-01,B,PRV-004,China,moda_belleza,596052.8,1,1,35.2
2024-05-01,B,PRV-014,Italia,moda_belleza,488046.47,4,3,8.6
2024-05-01,B,PRV-021,España,hogar_electronica,790602.08,4,4,6.3
2024-05-01,B,PRV-026,Italia,moda_belleza,591950.69,3,3,11.0
2024-05-01,B,PRV-030,China,moda_belleza,616014.86,1,1,39.9
2024-05-01,B,PRV-042,Italia,moda_belleza,485099.72,3,3,10.4
2024-05-01,B,PRV-048,Portugal,moda_belleza,489551.55,3,3,8.0
2024-05-01,B,PRV-050,Bangladés,hogar_electronica,857498.73,1,1,92.9
2024-05-01,B,PRV-051,China,hogar_electronica,249669.43,1,1,31.0
2024-05-01,B,PRV-053,España,alimentacion_hosteleria,705339.88,4,4,8.9
2024-05-01,B,PRV-055,Vietnam,alimentacion_hosteleria,676547.49,1,1,38.2
2024-05-01,B,PRV-059,China,hogar_electronica,562977.37,1,1,27.5
2024-05-01,B,PRV-063,España,hogar_electronica,377317.2,3,3,7.3
2024-05-01,B,PRV-064,España,moda_belleza,228186.09,5,4,2.0
2024-05-01,B,PRV-068,España,moda_belleza,586511.35,8,8,2.0
2024-05-01,B,PRV-076,Turquía,moda_belleza,364492.89,1,1,35.2
2024-05-01,B,PRV-080,España,alimentacion_hosteleria,320385.11,5,5,9.3
2024-05-01,B,PRV-082,China,hogar_electronica,427275.95,1,1,85.8
2024-05-01,B,PRV-085,Portugal,hogar_electronica,585565.64,2,2,13.4
2024-05-01,B,PRV-094,China,moda_belleza,609317.32,1,0,41.7
2024-05-01,B,PRV-098,Vietnam,alimentacion_hosteleria,689204.19,1,0,23.3
2024-05-01,B,PRV-099,España,moda_belleza,500842.26,5,5,6.3
2024-05-01,B,PRV-100,China,hogar_electronica,632433.7,1,1,56.5
2024-05-01,B,PRV-107,Bangladés,moda_belleza,456667.29,1,1,71.4
2024-05-01,B,PRV-111,Turquía,alimentacion_hosteleria,232968.47,1,1,27.0
2024-05-01,C,PRV-005,España,moda_belleza,415648.19,7,6,4.5
2024-05-01,C,PRV-009,Portugal,moda_belleza,487934.2,4,4,9.8
2024-05-01,C,PRV-010,Italia,alimentacion_hosteleria,202518.45,4,4,5.8
2024-05-01,C,PRV-012,China,moda_belleza,498267.94,1,1,86.7
2024-05-01,C,PRV-017,España,moda_belleza,242136.74,4,4,6.2
2024-05-01,C,PRV-023,Portugal,moda_belleza,394666.12,3,3,9.7
2024-05-01,C,PRV-029,España,alimentacion_hosteleria,409596.85,5,3,4.1
2024-05-01,C,PRV-031,España,moda_belleza,573498.94,5,5,4.1
2024-05-01,C,PRV-032,Bangladés,hogar_electronica,481101.96,1,1,75.3
2024-05-01,C,PRV-052,Turquía,moda_belleza,340857.69,1,0,15.7
2024-05-01,C,PRV-053,España,alimentacion_hosteleria,147200.44,4,4,7.7
2024-05-01,C,PRV-054,España,hogar_electronica,582356.4,6,6,4.8
2024-05-01,C,PRV-063,España,hogar_electronica,498100.56,4,4,4.2
2024-05-01,C,PRV-068,España,moda_belleza,414893.79,6,6,3.9
2024-05-01,C,PRV-073,Italia,moda_belleza,442052.31,2,2,11.2
2024-05-01,C,PRV-075,España,moda_belleza,567827.91,4,4,11.2
2024-05-01,C,PRV-079,España,moda_belleza,317798.79,5,5,5.4
2024-05-01,C,PRV-082,China,hogar_electronica,328460.23,1,1,66.1
2024-05-01,C,PRV-083,España,moda_belleza,506455.83,5,5,7.1
2024-05-01,C,PRV-086,Vietnam,hogar_electronica,427500.03,1,0,54.1
2024-05-01,C,PRV-090,España,hogar_electronica,533000.47,4,4,4.8
2024-05-01,C,PRV-097,Turquía,moda_belleza,219878.71,1,1,19.0
2024-05-01,C,PRV-100,China,hogar_electronica,347314.94,1,1,45.8
2024-05-01,C,PRV-112,España,hogar_electronica,450698.46,5,5,5.0
2024-05-01,C,PRV-114,España,moda_belleza,616576.8,5,5,5.4
2024-05-01,C,PRV-117,España,moda_belleza,575296.89,3,3,6.7
2024-05-01,D,PRV-001,Turquía,hogar_electronica,319970.13,2,2,16.9
2024-05-01,D,PRV-003,España,alimentacion_hosteleria,194442.1,7,7,3.8
2024-05-01,D,PRV-005,España,moda_belleza,377870.08,5,5,8.0
2024-05-01,D,PRV-007,España,moda_belleza,164840.07,3,2,9.2
2024-05-01,D,PRV-012,China,moda_belleza,220851.34,1,0,71.4
2024-05-01,D,PRV-017,España,moda_belleza,383702.71,3,3,8.9
2024-05-01,D,PRV-019,Bangladés,alimentacion_hosteleria,350300.24,1,1,43.9
2024-05-01,D,PRV-023,Portugal,moda_belleza,423031.95,5,5,7.1
2024-05-01,D,PRV-035,España,moda_belleza,264465.6,6,6,7.1
2024-05-01,D,PRV-043,China,hogar_electronica,363283.3,1,1,45.1
2024-05-01,D,PRV-056,China,hogar_electronica,162734.09,1,1,64.6
2024-05-01,D,PRV-058,Portugal,alimentacion_hosteleria,277671.19,4,4,6.4
2024-05-01,D,PRV-060,Portugal,moda_belleza,207274.23,5,3,4.3
2024-05-01,D,PRV-065,España,alimentacion_hosteleria,466182.92,9,9,7.2
2024-05-01,D,PRV-067,España,hogar_electronica,186303.37,3,3,8.6
2024-05-01,D,PRV-071,Italia,moda_belleza,141769.08,4,4,8.2
2024-05-01,D,PRV-074,España,moda_belleza,407888.78,6,6,5.1
2024-05-01,D,PRV-076,Turquía,moda_belleza,215679.83,1,1,30.1
2024-05-01,D,PRV-080,España,alimentacion_hosteleria,174312.28,5,5,7.1
2024-05-01,D,PRV-083,España,moda_belleza,124030.36,4,4,9.9
2024-05-01,D,PRV-095,España,moda_belleza,376679.93,4,4,7.6
2024-05-01,D,PRV-099,España,moda_belleza,209371.82,4,3,6.6
2024-05-01,D,PRV-109,España,moda_belleza,253027.74,7,7,5.1
2024-05-01,D,PRV-118,España,alimentacion_hosteleria,263631.98,4,4,2.0
2024-05-01,D,PRV-119,Vietnam,alimentacion_hosteleria,211658.84,1,0,29.5
2024-05-01,E,PRV-007,España,moda_belleza,379665.55,3,3,6.8
2024-05-01,E,PRV-012,China,moda_belleza,129363.92,1,1,59.7
2024-05-01,E,PRV-013,Vietnam,moda_belleza,208100.59,1,0,58.8
2024-05-01,E,PRV-036,Italia,moda_belleza,127360.82,3,3,9.4
2024-05-01,E,PRV-037,China,moda_belleza,335528.98,1,1,69.9
2024-05-01,E,PRV-038,China,moda_belleza,339658.6,1,1,11.3
2024-05-01,E,PRV-040,España,moda_belleza,231578.42,4,4,6.8
2024-05-01,E,PRV-041,España,moda_belleza,246705.97,6,6,3.0
2024-05-01,E,PRV-042,Italia,moda_belleza,181200.13,3,3,12.4
2024-05-01,E,PRV-043,China,hogar_electronica,423753.96,1,1,40.1
2024-05-01,E,PRV-053,España,alimentacion_hosteleria,122573.95,4,4,6.2
2024-05-01,E,PRV-058,Portugal,alimentacion_hosteleria,97087.57,5,5,4.7
2024-05-01,E,PRV-060,Portugal,moda_belleza,255864.95,5,5,5.9
2024-05-01,E,PRV-064,España,moda_belleza,339138.11,5,4,7.7
2024-05-01,E,PRV-065,España,alimentacion_hosteleria,186488.75,4,4,4.6
2024-05-01,E,PRV-068,España,moda_belleza,190759.02,9,9,2.5
2024-05-01,E,PRV-073,Italia,moda_belleza,156792.68,3,3,8.9
2024-05-01,E,PRV-077,Bangladés,hogar_electronica,230267.21,1,1,68.2
2024-05-01,E,PRV-083,España,moda_belleza,149449.9,5,5,7.5
2024-05-01,E,PRV-087,España,alimentacion_hosteleria,257439.88,6,5,8.4
2024-05-01,E,PRV-097,Turquía,moda_belleza,200736.0,1,1,28.7
2024-05-01,E,PRV-103,España,moda_belleza,436208.15,4,4,9.1
2024-05-01,E,PRV-105,España,alimentacion_hosteleria,347977.23,6,6,4.1
2024-05-01,E,PRV-111,Turquía,alimentacion_hosteleria,105106.48,1,1,24.3
2024-05-01,E,PRV-117,España,moda_belleza,227826.11,6,6,7.6
2024-06-01,A,PRV-004,China,moda_belleza,843387.49,1,0,44.4
2024-06-01,A,PRV-006,España,alimentacion_hosteleria,360936.77,2,2,5.6
2024-06-01,A,PRV-009,Portugal,moda_belleza,730757.08,3,3,4.4
2024-06-01,A,PRV-012,China,moda_belleza,910748.79,1,1,74.6
2024-06-01,A,PRV-013,Vietnam,moda_belleza,870737.4,1,1,31.3
2024-06-01,A,PRV-014,Italia,moda_belleza,675703.09,3,3,5.2
2024-06-01,A,PRV-015,España,hogar_electronica,764935.12,5,4,4.9
2024-06-01,A,PRV-019,Bangladés,alimentacion_hosteleria,306355.92,1,1,44.9
2024-06-01,A,PRV-023,Portugal,moda_belleza,1299184.94,4,2,12.0
2024-06-01,A,PRV-033,España,alimentacion_hosteleria,406629.16,7,7,8.9
2024-06-01,A,PRV-036,Italia,moda_belleza,634979.05,2,2,13.5
2024-06-01,A,PRV-052,Turquía,moda_belleza,993977.11,1,1,16.7
2024-06-01,A,PRV-057,Turquía,hogar_electronica,719760.3,2,0,17.0
2024-06-01,A,PRV-059,China,hogar_electronica,1060225.65,1,1,36.8
2024-06-01,A,PRV-061,España,hogar_electronica,533441.56,5,5,8.3
2024-06-01,A,PRV-065,España,alimentacion_hosteleria,301495.79,7,6,3.4
2024-06-01,A,PRV-086,Vietnam,hogar_electronica,310022.37,1,0,22.1
2024-06-01,A,PRV-092,España,moda_belleza,302025.28,7,7,2.0
2024-06-01,A,PRV-100,China,hogar_electronica,1165110.98,1,0,33.7
2024-06-01,A,PRV-106,España,alimentacion_hosteleria,336421.39,8,8,3.3
2024-06-01,A,PRV-107,Bangladés,moda_belleza,863523.67,1,1,51.1
2024-06-01,A,PRV-108,China,moda_belleza,1084088.77,1,1,25.5
2024-06-01,A,PRV-110,España,moda_belleza,468164.47,4,2,6.4
2024-06-01,A,PRV-112,España,hogar_electronica,332014.14,5,5,5.1
2024-06-01,A,PRV-115,Portugal,hogar_electronica,1020632.4,4,4,6.7
2024-06-01,A,PRV-117,España,moda_belleza,1014817.63,5,5,7.3
2024-06-01,A,PRV-118,España,alimentacion_hosteleria,453997.72,3,3,5.8
2024-06-01,B,PRV-001,Turquía,hogar_electronica,219643.79,1,1,5.5
2024-06-01,B,PRV-004,China,moda_belleza,545272.46,1,0,31.2
2024-06-01,B,PRV-014,Italia,moda_belleza,380599.32,3,3,8.2
2024-06-01,B,PRV-021,España,hogar_electronica,728121.88,4,4,5.7
2024-06-01,B,PRV-026,Italia,moda_belleza,444886.11,4,4,8.1
2024-06-01,B,PRV-030,China,moda_belleza,401022.62,1,1,25.4
2024-06-01,B,PRV-042,Italia,moda_belleza,309156.96,4,2,12.1
2024-06-01,B,PRV-048,Portugal,moda_belleza,347025.83,2,2,10.3
2024-06-01,B,PRV-050,Bangladés,hogar_electronica,630554.98,1,0,56.9
2024-06-01,B,PRV-051,China,hogar_electronica,225308.97,1,1,68.3
2024-06-01,B,PRV-053,España,alimentacion_hosteleria,511295.38,4,4,9.1
2024-06-01,B,PRV-055,Vietnam,alimentacion_hosteleria,577845.36,1,1,44.3
2024-06-01,B,PRV-059,China,hogar_electronica,297795.62,1,1,59.5
2024-06-01,B,PRV-063,España,hogar_electronica,311126.73,5,5,8.7
2024-06-01,B,PRV-064,España,moda_belleza,191586.72,3,3,9.0
2024-06-01,B,PRV-068,España,moda_belleza,530688.12,9,8,5.9
2024-06-01,B,PRV-076,Turquía,moda_belleza,295200.05,1,1,29.8
2024-06-01,B,PRV-080,España,alimentacion_hosteleria,301137.63,3,2,5.7
2024-06-01,B,PRV-082,China,hogar_electronica,362704.88,1,1,69.1
2024-06-01,B,PRV-085,Portugal,hogar_electronica,634333.87,2,2,6.3
2024-06-01,B,PRV-094,China,moda_belleza,522281.48,1,0,35.0
2024-06-01,B,PRV-098,Vietnam,alimentacion_hosteleria,584662.13,1,1,31.1
2024-06-01,B,PRV-099,España,moda_belleza,532493.33,5,5,9.1
2024-06-01,B,PRV-100,China,hogar_electronica,613860.4,1,1,41.3
2024-06-01,B,PRV-107,Bangladés,moda_belleza,258798.36,1,1,54.7
2024-06-01,B,PRV-111,Turquía,alimentacion_hosteleria,183127.36,2,2,26.0
2024-06-01,C,PRV-005,España,moda_belleza,285221.48,5,4,5.2
2024-06-01,C,PRV-009,Portugal,moda_belleza,327649.15,3,3,13.9
2024-06-01,C,PRV-010,Italia,alimentacion_hosteleria,149485.11,3,3,6.9
2024-06-01,C,PRV-012,China,moda_belleza,334071.34,1,1,76.2
2024-06-01,C,PRV-017,España,moda_belleza,233253.57,3,3,7.3
2024-06-01,C,PRV-023,Portugal,moda_belleza,282466.64,3,2,10.3
2024-06-01,C,PRV-029,España,alimentacion_hosteleria,327723.35,6,6,5.8
2024-06-01,C,PRV-031,España,moda_belleza,459231.97,5,5,4.0
2024-06-01,C,PRV-032,Bangladés,hogar_electronica,487663.88,1,1,59.4
2024-06-01,C,PRV-052,Turquía,moda_belleza,242054.9,1,1,26.3
2024-06-01,C,PRV-053,España,alimentacion_hosteleria,126488.64,4,4,7.0
2024-06-01,C,PRV-054,España,hogar_electronica,344963.87,4,4,6.2
2024-06-01,C,PRV-063,España,hogar_electronica,438711.66,5,5,9.6
2024-06-01,C,PRV-068,España,moda_belleza,339431.04,9,9,4.9
2024-06-01,C,PRV-073,Italia,moda_belleza,385180.02,1,1,11.6
2024-06-01,C,PRV-075,España,moda_belleza,450701.8,3,3,4.2
2024-06-01,C,PRV-079,España,moda_belleza,250875.1,6,6,8.6
2024-06-01,C,PRV-082,China,hogar_electronica,281797.55,1,0,76.8
2024-06-01,C,PRV-083,España,moda_belleza,355419.41,4,3,7.7
2024-06-01,C,PRV-086,Vietnam,hogar_electronica,419709.71,1,1,57.0
2024-06-01,C,PRV-090,España,hogar_electronica,455688.75,3,3,6.3
2024-06-01,C,PRV-097,Turquía,moda_belleza,175233.73,1,0,19.8
2024-06-01,C,PRV-100,China,hogar_electronica,413874.01,1,1,53.5
2024-06-01,C,PRV-112,España,hogar_electronica,372896.0,5,5,5.4
2024-06-01,C,PRV-114,España,moda_belleza,413007.63,5,4,5.4
2024-06-01,C,PRV-117,España,moda_belleza,446682.79,6,6,7.0
2024-06-01,D,PRV-001,Turquía,hogar_electronica,286966.3,2,2,21.3
2024-06-01,D,PRV-003,España,alimentacion_hosteleria,184374.22,4,3,5.6
2024-06-01,D,PRV-005,España,moda_belleza,359444.65,7,6,5.2
2024-06-01,D,PRV-007,España,moda_belleza,192268.5,3,3,10.5
2024-06-01,D,PRV-012,China,moda_belleza,174211.68,1,1,56.4
2024-06-01,D,PRV-017,España,moda_belleza,376442.25,3,3,10.6
2024-06-01,D,PRV-019,Bangladés,alimentacion_hosteleria,298475.38,1,0,32.2
2024-06-01,D,PRV-023,Portugal,moda_belleza,332810.38,3,3,8.9
2024-06-01,D,PRV-035,España,moda_belleza,173298.61,4,4,6.5
2024-06-01,D,PRV-043,China,hogar_electronica,310329.25,1,1,48.0
2024-06-01,D,PRV-056,China,hogar_electronica,174192.81,1,1,41.9
2024-06-01,D,PRV-058,Portugal,alimentacion_hosteleria,310678.9,3,3,8.1
2024-06-01,D,PRV-060,Portugal,moda_belleza,275334.92,6,6,7.5
2024-06-01,D,PRV-065,España,alimentacion_hosteleria,298098.4,6,6,3.9
2024-06-01,D,PRV-067,España,hogar_electronica,153229.23,4,4,5.0
2024-06-01,D,PRV-071,Italia,moda_belleza,107824.75,4,4,12.1
2024-06-01,D,PRV-074,España,moda_belleza,382499.46,6,6,6.0
2024-06-01,D,PRV-076,Turquía,moda_belleza,177939.91,1,1,27.1
2024-06-01,D,PRV-080,España,alimentacion_hosteleria,148605.67,3,3,8.8
2024-06-01,D,PRV-083,España,moda_belleza,181913.13,4,4,8.7
2024-06-01,D,PRV-095,España,moda_belleza,272151.33,5,5,6.3
2024-06-01,D,PRV-099,España,moda_belleza,246398.33,4,4,8.6
2024-06-01,D,PRV-109,España,moda_belleza,150493.09,7,7,3.5
2024-06-01,D,PRV-118,España,alimentacion_hosteleria,226811.58,5,5,3.4
2024-06-01,D,PRV-119,Vietnam,alimentacion_hosteleria,180802.34,1,1,45.9
2024-06-01,E,PRV-007,España,moda_belleza,260576.93,2,1,13.8
2024-06-01,E,PRV-012,China,moda_belleza,130731.25,1,1,61.8
2024-06-01,E,PRV-013,Vietnam,moda_belleza,187667.45,1,0,42.0
2024-06-01,E,PRV-036,Italia,moda_belleza,121725.23,2,2,8.9
2024-06-01,E,PRV-037,China,moda_belleza,298775.65,1,1,42.0
2024-06-01,E,PRV-038,China,moda_belleza,325073.44,1,1,37.3
2024-06-01,E,PRV-040,España,moda_belleza,162553.36,5,4,5.3
2024-06-01,E,PRV-041,España,moda_belleza,230558.12,2,2,7.3
2024-06-01,E,PRV-042,Italia,moda_belleza,136232.16,2,2,4.0
2024-06-01,E,PRV-043,China,hogar_electronica,452573.45,1,0,70.2
2024-06-01,E,PRV-053,España,alimentacion_hosteleria,96824.23,6,6,9.7
2024-06-01,E,PRV-058,Portugal,alimentacion_hosteleria,97835.75,6,6,5.5
2024-06-01,E,PRV-060,Portugal,moda_belleza,193786.55,5,5,2.0
2024-06-01,E,PRV-064,España,moda_belleza,352092.88,4,4,5.5
2024-06-01,E,PRV-065,España,alimentacion_hosteleria,134669.33,5,3,4.9
2024-06-01,E,PRV-068,España,moda_belleza,128221.44,6,6,2.0
2024-06-01,E,PRV-073,Italia,moda_belleza,121242.25,2,2,7.7
2024-06-01,E,PRV-077,Bangladés,hogar_electronica,218299.66,1,0,56.5
2024-06-01,E,PRV-083,España,moda_belleza,196739.6,4,4,4.3
2024-06-01,E,PRV-087,España,alimentacion_hosteleria,181453.22,4,3,6.5
2024-06-01,E,PRV-097,Turquía,moda_belleza,143611.8,2,2,29.2
2024-06-01,E,PRV-103,España,moda_belleza,376236.45,6,6,5.1
2024-06-01,E,PRV-105,España,alimentacion_hosteleria,300766.55,6,6,5.0
2024-06-01,E,PRV-111,Turquía,alimentacion_hosteleria,101485.53,2,2,20.6
2024-06-01,E,PRV-117,España,moda_belleza,196132.61,4,4,4.3
2024-07-01,A,PRV-004,China,moda_belleza,963769.31,1,1,74.4
2024-07-01,A,PRV-006,España,alimentacion_hosteleria,384334.54,3,3,7.8
2024-07-01,A,PRV-009,Portugal,moda_belleza,598817.65,4,4,9.6
2024-07-01,A,PRV-012,China,moda_belleza,849669.05,1,1,57.1
2024-07-01,A,PRV-013,Vietnam,moda_belleza,1050996.74,1,1,44.5
2024-07-01,A,PRV-014,Italia,moda_belleza,705995.33,3,3,10.1
2024-07-01,A,PRV-015,España,hogar_electronica,722711.84,7,7,5.4
2024-07-01,A,PRV-019,Bangladés,alimentacion_hosteleria,419182.35,1,1,61.2
2024-07-01,A,PRV-023,Portugal,moda_belleza,1134732.17,2,1,12.9
2024-07-01,A,PRV-033,España,alimentacion_hosteleria,474091.2,7,7,6.1
2024-07-01,A,PRV-036,Italia,moda_belleza,686212.66,3,2,16.1
2024-07-01,A,PRV-052,Turquía,moda_belleza,1012092.85,1,1,25.1
2024-07-01,A,PRV-057,Turquía,hogar_electronica,962189.39,1,0,8.1
2024-07-01,A,PRV-059,China,hogar_electronica,888353.58,1,1,58.7
2024-07-01,A,PRV-061,España,hogar_electronica,554448.08,4,4,7.5
2024-07-01,A,PRV-065,España,alimentacion_hosteleria,346618.08,4,4,2.2
2024-07-01,A,PRV-086,Vietnam,hogar_electronica,352610.32,1,1,55.7
2024-07-01,A,PRV-092,España,moda_belleza,562932.07,7,7,3.6
2024-07-01,A,PRV-100,China,hogar_electronica,1501563.54,1,0,33.1
2024-07-01,A,PRV-106,España,alimentacion_hosteleria,383020.13,6,5,2.0
2024-07-01,A,PRV-107,Bangladés,moda_belleza,816870.55,1,0,44.9
2024-07-01,A,PRV-108,China,moda_belleza,1142412.94,1,1,59.7
2024-07-01,A,PRV-110,España,moda_belleza,535712.96,5,5,7.1
2024-07-01,A,PRV-112,España,hogar_electronica,424901.34,6,6,5.9
2024-07-01,A,PRV-115,Portugal,hogar_electronica,1153898.74,6,5,3.0
2024-07-01,A,PRV-117,España,moda_belleza,1137208.75,4,4,6.8
2024-07-01,A,PRV-118,España,alimentacion_hosteleria,491133.47,5,5,5.8
2024-07-01,B,PRV-001,Turquía,hogar_electronica,342806.9,3,3,16.4
2024-07-01,B,PRV-004,China,moda_belleza,517293.43,1,1,45.2
2024-07-01,B,PRV-014,Italia,moda_belleza,453929.97,4,4,13.4
2024-07-01,B,PRV-021,España,hogar_electronica,637533.71,4,3,6.7
2024-07-01,B,PRV-026,Italia,moda_belleza,409162.09,3,3,12.3
2024-07-01,B,PRV-030,China,moda_belleza,789607.57,1,0,37.6
2024-07-01,B,PRV-042,Italia,moda_belleza,455892.06,2,2,18.3
2024-07-01,B,PRV-048,Portugal,moda_belleza,427559.25,2,2,8.0
2024-07-01,B,PRV-050,Bangladés,hogar_electronica,615325.98,1,0,71.0
2024-07-01,B,PRV-051,China,hogar_electronica,291528.45,1,1,58.3
2024-07-01,B,PRV-053,España,alimentacion_hosteleria,660331.37,2,2,8.3
2024-07-01,B,PRV-055,Vietnam,alimentacion_hosteleria,499134.38,1,1,62.4
2024-07-01,B,PRV-059,China,hogar_electronica,516828.15,1,0,55.6
2024-07-01,B,PRV-063,España,hogar_electronica,385074.68,4,3,10.3
2024-07-01,B,PRV-064,España,moda_belleza,285120.18,5,5,8.2
2024-07-01,B,PRV-068,España,moda_belleza,480937.61,7,6,2.0
2024-07-01,B,PRV-076,Turquía,moda_belleza,469686.57,1,1,27.7
2024-07-01,B,PRV-080,España,alimentacion_hosteleria,333327.24,3,3,8.3
2024-07-01,B,PRV-082,China,hogar_electronica,342573.98,1,1,44.3
2024-07-01,B,PRV-085,Portugal,hogar_electronica,483439.3,4,3,8.8
2024-07-01,B,PRV-094,China,moda_belleza,486401.12,1,1,64.5
2024-07-01,B,PRV-098,Vietnam,alimentacion_hosteleria,750765.29,1,0,70.9
2024-07-01,B,PRV-099,España,moda_belleza,671920.96,5,4,9.3
2024-07-01,B,PRV-100,China,hogar_electronica,733219.45,1,1,47.4
2024-07-01,B,PRV-107,Bangladés,moda_belleza,349987.73,1,0,60.8
2024-07-01,B,PRV-111,Turquía,alimentacion_hosteleria,200212.17,1,1,17.0
2024-07-01,C,PRV-005,España,moda_belleza,308527.33,5,5,5.4
2024-07-01,C,PRV-009,Portugal,moda_belleza,395665.26,3,3,11.7
2024-07-01,C,PRV-010,Italia,alimentacion_hosteleria,172886.71,3,3,12.2
2024-07-01,C,PRV-012,China,moda_belleza,282287.37,1,1,54.2
2024-07-01,C,PRV-017,España,moda_belleza,243712.8,2,2,12.2
2024-07-01,C,PRV-023,Portugal,moda_belleza,349508.32,3,3,11.7
2024-07-01,C,PRV-029,España,alimentacion_hosteleria,268373.61,5,5,6.8
2024-07-01,C,PRV-031,España,moda_belleza,532814.97,4,3,5.8
2024-07-01,C,PRV-032,Bangladés,hogar_electronica,421665.01,1,1,40.7
2024-07-01,C,PRV-052,Turquía,moda_belleza,221930.05,1,0,12.2
2024-07-01,C,PRV-053,España,alimentacion_hosteleria,122637.04,3,2,7.6
2024-07-01,C,PRV-054,España,hogar_electronica,415486.67,4,4,3.7
2024-07-01,C,PRV-063,España,hogar_electronica,372899.01,4,4,6.8
2024-07-01,C,PRV-068,España,moda_belleza,298411.07,9,7,2.0
2024-07-01,C,PRV-073,Italia,moda_belleza,444025.34,4,4,10.5
2024-07-01,C,PRV-075,España,moda_belleza,559779.11,5,5,6.0
2024-07-01,C,PRV-079,España,moda_belleza,270524.03,4,3,6.4
2024-07-01,C,PRV-082,China,hogar_electronica,274029.38,1,1,64.0
2024-07-01,C,PRV-083,España,moda_belleza,446612.29,6,6,10.2
2024-07-01,C,PRV-086,Vietnam,hogar_electronica,402039.75,1,1,50.5
2024-07-01,C,PRV-090,España,hogar_electronica,422279.65,3,3,8.1
2024-07-01,C,PRV-097,Turquía,moda_belleza,237255.89,2,2,28.8
2024-07-01,C,PRV-100,China,hogar_electronica,294321.71,1,0,63.2
2024-07-01,C,PRV-112,España,hogar_electronica,427520.94,4,4,7.3
2024-07-01,C,PRV-114,España,moda_belleza,378989.06,5,4,6.2
2024-07-01,C,PRV-117,España,moda_belleza,375173.98,5,5,6.7
2024-07-01,D,PRV-001,Turquía,hogar_electronica,257859.88,2,2,8.0
2024-07-01,D,PRV-003,España,alimentacion_hosteleria,204234.08,6,4,4.1
2024-07-01,D,PRV-005,España,moda_belleza,400447.93,5,5,8.7
2024-07-01,D,PRV-007,España,moda_belleza,166119.49,4,4,8.7
2024-07-01,D,PRV-012,China,moda_belleza,225556.34,1,1,75.8
2024-07-01,D,PRV-017,España,moda_belleza,309766.09,4,4,10.8
2024-07-01,D,PRV-019,Bangladés,alimentacion_hosteleria,348829.87,1,1,21.5
2024-07-01,D,PRV-023,Portugal,moda_belleza,433227.69,5,4,6.5
2024-07-01,D,PRV-035,España,moda_belleza,247712.55,4,4,4.9
2024-07-01,D,PRV-043,China,hogar_electronica,325344.44,1,0,48.7
2024-07-01,D,PRV-056,China,hogar_electronica,224659.0,1,0,51.9
2024-07-01,D,PRV-058,Portugal,alimentacion_hosteleria,345468.33,5,5,6.7
2024-07-01,D,PRV-060,Portugal,moda_belleza,252510.35,3,3,6.4
2024-07-01,D,PRV-065,España,alimentacion_hosteleria,340663.38,6,6,7.0
2024-07-01,D,PRV-067,España,hogar_electronica,144840.6,3,3,5.5
2024-07-01,D,PRV-071,Italia,moda_belleza,112269.93,4,4,7.6
2024-07-01,D,PRV-074,España,moda_belleza,401345.91,7,6,5.0
2024-07-01,D,PRV-076,Turquía,moda_belleza,220906.89,1,1,19.0
2024-07-01,D,PRV-080,España,alimentacion_hosteleria,186689.96,2,2,7.9
2024-07-01,D,PRV-083,España,moda_belleza,202190.97,3,3,4.8
2024-07-01,D,PRV-095,España,moda_belleza,375321.73,5,4,8.4
2024-07-01,D,PRV-099,España,moda_belleza,250574.85,4,4,7.6
2024-07-01,D,PRV-109,España,moda_belleza,252007.66,6,6,2.0
2024-07-01,D,PRV-118,España,alimentacion_hosteleria,226937.86,5,5,3.8
2024-07-01,D,PRV-119,Vietnam,alimentacion_hosteleria,199378.18,1,0,51.0
2024-07-01,E,PRV-007,España,moda_belleza,362167.59,4,4,9.6
2024-07-01,E,PRV-012,China,moda_belleza,129622.69,1,1,61.4
2024-07-01,E,PRV-013,Vietnam,moda_belleza,145071.4,1,1,67.6
2024-07-01,E,PRV-036,Italia,moda_belleza,152993.75,3,3,7.0
2024-07-01,E,PRV-037,China,moda_belleza,179341.53,1,0,65.3
2024-07-01,E,PRV-038,China,moda_belleza,367481.23,1,1,27.4
2024-07-01,E,PRV-040,España,moda_belleza,181635.3,6,5,5.5
2024-07-01,E,PRV-041,España,moda_belleza,221305.75,5,4,4.5
2024-07-01,E,PRV-042,Italia,moda_belleza,137253.21,4,4,15.2
2024-07-01,E,PRV-043,China,hogar_electronica,417230.4,1,1,39.5
2024-07-01,E,PRV-053,España,alimentacion_hosteleria,131793.45,4,4,5.6
2024-07-01,E,PRV-058,Portugal,alimentacion_hosteleria,86686.14,3,3,3.0
2024-07-01,E,PRV-060,Portugal,moda_belleza,252053.62,4,4,6.2
2024-07-01,E,PRV-064,España,moda_belleza,403984.82,4,3,10.2
2024-07-01,E,PRV-065,España,alimentacion_hosteleria,165554.29,4,4,4.7
2024-07-01,E,PRV-068,España,moda_belleza,155125.83,7,7,2.5
2024-07-01,E,PRV-073,Italia,moda_belleza,82171.87,3,3,5.3
2024-07-01,E,PRV-077,Bangladés,hogar_electronica,216864.61,1,1,74.8
2024-07-01,E,PRV-083,España,moda_belleza,158467.49,5,5,6.5
2024-07-01,E,PRV-087,España,alimentacion_hosteleria,182994.61,3,2,7.5
2024-07-01,E,PRV-097,Turquía,moda_belleza,177022.69,1,1,24.2
2024-07-01,E,PRV-103,España,moda_belleza,393876.64,4,4,6.1
2024-07-01,E,PRV-105,España,alimentacion_hosteleria,354593.11,7,7,5.8
2024-07-01,E,PRV-111,Turquía,alimentacion_hosteleria,102556.04,1,0,31.5
2024-07-01,E,PRV-117,España,moda_belleza,250523.1,4,4,4.8
2024-08-01,A,PRV-004,China,moda_belleza,820173.25,1,0,46.1
2024-08-01,A,PRV-006,España,alimentacion_hosteleria,355248.16,6,6,7.1
2024-08-01,A,PRV-009,Portugal,moda_belleza,493012.59,4,3,5.0
2024-08-01,A,PRV-012,China,moda_belleza,876861.76,1,1,79.4
2024-08-01,A,PRV-013,Vietnam,moda_belleza,979365.11,1,1,55.8
2024-08-01,A,PRV-014,Italia,moda_belleza,868337.29,3,3,9.5
2024-08-01,A,PRV-015,España,hogar_electronica,668312.11,4,4,5.0
2024-08-01,A,PRV-019,Bangladés,alimentacion_hosteleria,519806.41,1,0,36.5
2024-08-01,A,PRV-023,Portugal,moda_belleza,1244105.93,4,3,11.1
2024-08-01,A,PRV-033,España,alimentacion_hosteleria,356259.05,6,6,7.7
2024-08-01,A,PRV-036,Italia,moda_belleza,560906.8,2,2,18.6
2024-08-01,A,PRV-052,Turquía,moda_belleza,1084017.77,1,1,26.6
2024-08-01,A,PRV-057,Turquía,hogar_electronica,935085.31,2,1,19.5
2024-08-01,A,PRV-059,China,hogar_electronica,1280714.16,1,1,35.2
2024-08-01,A,PRV-061,España,hogar_electronica,422718.19,5,4,9.2
2024-08-01,A,PRV-065,España,alimentacion_hosteleria,327827.46,5,3,3.5
2024-08-01,A,PRV-086,Vietnam,hogar_electronica,372370.61,1,1,66.7
2024-08-01,A,PRV-092,España,moda_belleza,576082.82,5,5,3.7
2024-08-01,A,PRV-100,China,hogar_electronica,1158341.99,1,1,36.8
2024-08-01,A,PRV-106,España,alimentacion_hosteleria,423987.83,8,8,2.4
2024-08-01,A,PRV-107,Bangladés,moda_belleza,1026935.11,1,1,66.4
2024-08-01,A,PRV-108,China,moda_belleza,715647.67,1,1,33.6
2024-08-01,A,PRV-110,España,moda_belleza,568606.97,5,5,6.5
2024-08-01,A,PRV-112,España,hogar_electronica,422474.26,4,4,6.9
2024-08-01,A,PRV-115,Portugal,hogar_electronica,1032999.77,5,5,4.6
2024-08-01,A,PRV-117,España,moda_belleza,1156597.41,7,7,8.3
2024-08-01,A,PRV-118,España,alimentacion_hosteleria,484484.9,6,5,4.3
2024-08-01,B,PRV-001,Turquía,hogar_electronica,284422.27,3,2,18.1
2024-08-01,B,PRV-004,China,moda_belleza,604158.73,1,1,40.6
2024-08-01,B,PRV-014,Italia,moda_belleza,453997.45,3,3,7.4
2024-08-01,B,PRV-021,España,hogar_electronica,737826.89,5,5,9.4
2024-08-01,B,PRV-026,Italia,moda_belleza,399890.02,3,3,5.5
2024-08-01,B,PRV-030,China,moda_belleza,807641.57,1,0,70.0
2024-08-01,B,PRV-042,Italia,moda_belleza,361810.11,3,3,9.2
2024-08-01,B,PRV-048,Portugal,moda_belleza,534510.08,3,3,7.6
2024-08-01,B,PRV-050,Bangladés,hogar_electronica,807983.53,1,1,68.5
2024-08-01,B,PRV-051,China,hogar_electronica,269044.98,1,1,51.6
2024-08-01,B,PRV-053,España,alimentacion_hosteleria,569259.22,4,3,6.2
2024-08-01,B,PRV-055,Vietnam,alimentacion_hosteleria,742431.45,1,1,46.5
2024-08-01,B,PRV-059,China,hogar_electronica,418420.46,1,1,50.0
2024-08-01,B,PRV-063,España,hogar_electronica,322188.48,3,2,4.5
2024-08-01,B,PRV-064,España,moda_belleza,242187.92,4,2,5.5
2024-08-01,B,PRV-068,España,moda_belleza,480261.57,8,7,3.5
2024-08-01,B,PRV-076,Turquía,moda_belleza,558781.85,1,1,25.2
2024-08-01,B,PRV-080,España,alimentacion_hosteleria,335311.6,5,3,7.9
2024-08-01,B,PRV-082,China,hogar_electronica,322977.04,1,0,68.4
2024-08-01,B,PRV-085,Portugal,hogar_electronica,437789.35,4,4,10.9
2024-08-01,B,PRV-094,China,moda_belleza,736925.9,1,1,63.5
2024-08-01,B,PRV-098,Vietnam,alimentacion_hosteleria,555364.34,1,0,74.8
2024-08-01,B,PRV-099,España,moda_belleza,493648.62,6,6,7.4
2024-08-01,B,PRV-100,China,hogar_electronica,515532.66,1,0,64.1
2024-08-01,B,PRV-107,Bangladés,moda_belleza,285094.79,1,1,79.3
2024-08-01,B,PRV-111,Turquía,alimentacion_hosteleria,189240.8,1,1,17.0
2024-08-01,C,PRV-005,España,moda_belleza,355132.73,4,4,3.2
2024-08-01,C,PRV-009,Portugal,moda_belleza,401017.03,4,4,8.2
2024-08-01,C,PRV-010,Italia,alimentacion_hosteleria,170868.63,3,3,14.3
2024-08-01,C,PRV-012,China,moda_belleza,284878.0,1,1,70.4
2024-08-01,C,PRV-017,España,moda_belleza,219767.85,3,3,9.7
2024-08-01,C,PRV-023,Portugal,moda_belleza,479694.92,3,3,8.8
2024-08-01,C,PRV-029,España,alimentacion_hosteleria,334243.95,6,5,3.9
2024-08-01,C,PRV-031,España,moda_belleza,389647.91,5,5,5.2
2024-08-01,C,PRV-032,Bangladés,hogar_electronica,436986.44,1,0,62.9
2024-08-01,C,PRV-052,Turquía,moda_belleza,262625.83,2,2,21.5
2024-08-01,C,PRV-053,España,alimentacion_hosteleria,144064.62,4,4,5.2
2024-08-01,C,PRV-054,España,hogar_electronica,447710.32,6,6,8.8
2024-08-01,C,PRV-063,España,hogar_electronica,344242.71,5,5,9.3
2024-08-01,C,PRV-068,España,moda_belleza,370854.77,8,8,2.0
2024-08-01,C,PRV-073,Italia,moda_belleza,441650.01,3,3,4.8
2024-08-01,C,PRV-075,España,moda_belleza,494155.32,3,3,7.3
2024-08-01,C,PRV-079,España,moda_belleza,286233.05,3,3,9.6
2024-08-01,C,PRV-082,China,hogar_electronica,326785.63,1,1,69.3
2024-08-01,C,PRV-083,España,moda_belleza,353785.45,5,5,8.1
2024-08-01,C,PRV-086,Vietnam,hogar_electronica,345522.87,1,1,51.0
2024-08-01,C,PRV-090,España,hogar_electronica,495586.73,3,2,7.8
2024-08-01,C,PRV-097,Turquía,moda_belleza,179324.27,1,1,24.5
2024-08-01,C,PRV-100,China,hogar_electronica,476348.81,1,1,46.6
2024-08-01,C,PRV-112,España,hogar_electronica,446169.5,4,4,8.9
2024-08-01,C,PRV-114,España,moda_belleza,453962.53,5,4,3.7
2024-08-01,C,PRV-117,España,moda_belleza,502077.02,5,5,7.0
2024-08-01,D,PRV-001,Turquía,hogar_electronica,212302.78,2,2,10.9
2024-08-01,D,PRV-003,España,alimentacion_hosteleria,195724.37,6,6,5.4
2024-08-01,D,PRV-005,España,moda_belleza,339532.26,2,2,4.5
2024-08-01,D,PRV-007,España,moda_belleza,237917.1,3,2,9.7
2024-08-01,D,PRV-012,China,moda_belleza,231164.03,1,1,76.3
2024-08-01,D,PRV-017,España,moda_belleza,408883.42,3,3,12.4
2024-08-01,D,PRV-019,Bangladés,alimentacion_hosteleria,277278.79,1,0,29.4
2024-08-01,D,PRV-023,Portugal,moda_belleza,357297.84,2,2,7.3
2024-08-01,D,PRV-035,España,moda_belleza,160216.55,3,3,6.4
2024-08-01,D,PRV-043,China,hogar_electronica,267849.22,1,0,32.2
2024-08-01,D,PRV-056,China,hogar_electronica,214975.26,1,1,58.5
2024-08-01,D,PRV-058,Portugal,alimentacion_hosteleria,229672.99,3,3,8.8
2024-08-01,D,PRV-060,Portugal,moda_belleza,294105.12,3,3,10.0
2024-08-01,D,PRV-065,España,alimentacion_hosteleria,471691.91,8,7,6.4
2024-08-01,D,PRV-067,España,hogar_electronica,175765.56,4,4,7.2
2024-08-01,D,PRV-071,Italia,moda_belleza,113050.17,3,3,8.9
2024-08-01,D,PRV-074,España,moda_belleza,325818.74,6,6,4.8
2024-08-01,D,PRV-076,Turquía,moda_belleza,231662.46,1,1,22.3
2024-08-01,D,PRV-080,España,alimentacion_hosteleria,164967.88,4,4,9.3
2024-08-01,D,PRV-083,España,moda_belleza,165021.09,4,4,5.9
2024-08-01,D,PRV-095,España,moda_belleza,355936.44,3,3,6.2
2024-08-01,D,PRV-099,España,moda_belleza,231481.23,5,5,7.5
2024-08-01,D,PRV-109,España,moda_belleza,250932.49,5,5,4.6
2024-08-01,D,PRV-118,España,alimentacion_hosteleria,251957.23,7,7,6.1
2024-08-01,D,PRV-119,Vietnam,alimentacion_hosteleria,198109.07,1,1,24.8
2024-08-01,E,PRV-007,España,moda_belleza,260189.97,4,4,7.7
2024-08-01,E,PRV-012,China,moda_belleza,100552.57,1,1,61.3
2024-08-01,E,PRV-013,Vietnam,moda_belleza,170772.73,1,1,43.7
2024-08-01,E,PRV-036,Italia,moda_belleza,143878.11,2,2,16.5
2024-08-01,E,PRV-037,China,moda_belleza,358192.57,1,1,69.0
2024-08-01,E,PRV-038,China,moda_belleza,292662.45,1,1,65.0
2024-08-01,E,PRV-040,España,moda_belleza,243673.89,7,7,8.7
2024-08-01,E,PRV-041,España,moda_belleza,249366.69,4,3,8.3
2024-08-01,E,PRV-042,Italia,moda_belleza,148996.05,3,3,12.9
2024-08-01,E,PRV-043,China,hogar_electronica,311000.52,1,0,28.7
2024-08-01,E,PRV-053,España,alimentacion_hosteleria,104146.13,5,4,6.8
2024-08-01,E,PRV-058,Portugal,alimentacion_hosteleria,84336.3,3,3,9.7
2024-08-01,E,PRV-060,Portugal,moda_belleza,207614.65,4,4,8.8
2024-08-01,E,PRV-064,España,moda_belleza,310347.78,5,5,7.0
2024-08-01,E,PRV-065,España,alimentacion_hosteleria,165999.78,6,5,3.7
2024-08-01,E,PRV-068,España,moda_belleza,188664.52,8,7,4.2
2024-08-01,E,PRV-073,Italia,moda_belleza,162390.51,2,2,11.7
2024-08-01,E,PRV-077,Bangladés,hogar_electronica,232588.32,1,0,36.0
2024-08-01,E,PRV-083,España,moda_belleza,198557.33,3,3,5.4
2024-08-01,E,PRV-087,España,alimentacion_hosteleria,228283.17,5,5,8.6
2024-08-01,E,PRV-097,Turquía,moda_belleza,224631.74,1,1,11.2
2024-08-01,E,PRV-103,España,moda_belleza,317208.07,4,4,9.5
2024-08-01,E,PRV-105,España,alimentacion_hosteleria,258401.22,6,6,2.0
2024-08-01,E,PRV-111,Turquía,alimentacion_hosteleria,106429.03,2,2,19.7
2024-08-01,E,PRV-117,España,moda_belleza,189444.58,6,6,9.9
2024-09-01,A,PRV-004,China,moda_belleza,1044698.79,1,1,50.9
2024-09-01,A,PRV-006,España,alimentacion_hosteleria,460143.34,5,5,6.3
2024-09-01,A,PRV-009,Portugal,moda_belleza,620776.72,3,3,9.3
2024-09-01,A,PRV-012,China,moda_belleza,958091.58,1,0,74.4
2024-09-01,A,PRV-013,Vietnam,moda_belleza,1067614.38,1,1,10.4
2024-09-01,A,PRV-014,Italia,moda_belleza,857098.9,3,3,7.1
2024-09-01,A,PRV-015,España,hogar_electronica,766725.54,5,4,5.3
2024-09-01,A,PRV-019,Bangladés,alimentacion_hosteleria,378250.64,1,0,52.1
2024-09-01,A,PRV-023,Portugal,moda_belleza,1243032.56,2,2,6.0
2024-09-01,A,PRV-033,España,alimentacion_hosteleria,458580.25,8,8,7.5
2024-09-01,A,PRV-036,Italia,moda_belleza,801405.28,3,3,15.3
2024-09-01,A,PRV-052,Turquía,moda_belleza,506527.72,1,1,18.9
2024-09-01,A,PRV-057,Turquía,hogar_electronica,1115138.14,2,1,15.6
2024-09-01,A,PRV-059,China,hogar_electronica,1040518.68,1,1,55.7
2024-09-01,A,PRV-061,España,hogar_electronica,517919.78,5,5,7.0
2024-09-01,A,PRV-065,España,alimentacion_hosteleria,392002.52,7,5,6.2
2024-09-01,A,PRV-086,Vietnam,hogar_electronica,371466.87,1,1,53.2
2024-09-01,A,PRV-092,España,moda_belleza,562532.81,8,8,2.1
2024-09-01,A,PRV-100,China,hogar_electronica,1178039.42,1,0,53.5
2024-09-01,A,PRV-106,España,alimentacion_hosteleria,394887.95,6,6,4.8
2024-09-01,A,PRV-107,Bangladés,moda_belleza,898583.33,1,0,37.4
2024-09-01,A,PRV-108,China,moda_belleza,1386557.76,1,0,44.3
2024-09-01,A,PRV-110,España,moda_belleza,458412.32,4,4,9.2
2024-09-01,A,PRV-112,España,hogar_electronica,412142.37,2,2,6.4
2024-09-01,A,PRV-115,Portugal,hogar_electronica,931085.87,6,6,5.6
2024-09-01,A,PRV-117,España,moda_belleza,1228027.56,4,4,7.0
2024-09-01,A,PRV-118,España,alimentacion_hosteleria,350167.3,4,4,5.0
2024-09-01,B,PRV-001,Turquía,hogar_electronica,321270.62,2,2,6.3
2024-09-01,B,PRV-004,China,moda_belleza,517422.6,1,1,38.0
2024-09-01,B,PRV-014,Italia,moda_belleza,497840.82,4,4,8.9
2024-09-01,B,PRV-021,España,hogar_electronica,587509.74,5,5,6.9
2024-09-01,B,PRV-026,Italia,moda_belleza,569279.95,3,2,7.3
2024-09-01,B,PRV-030,China,moda_belleza,766105.14,1,1,69.2
2024-09-01,B,PRV-042,Italia,moda_belleza,565520.68,3,3,3.8
2024-09-01,B,PRV-048,Portugal,moda_belleza,501276.84,4,3,11.7
2024-09-01,B,PRV-050,Bangladés,hogar_electronica,927363.26,1,1,53.1
2024-09-01,B,PRV-051,China,hogar_electronica,316956.84,1,0,52.9
2024-09-01,B,PRV-053,España,alimentacion_hosteleria,689456.37,5,5,9.3
2024-09-01,B,PRV-055,Vietnam,alimentacion_hosteleria,561359.82,1,1,12.7
2024-09-01,B,PRV-059,China,hogar_electronica,487395.47,1,1,40.8
2024-09-01,B,PRV-063,España,hogar_electronica,361333.29,5,5,6.7
2024-09-01,B,PRV-064,España,moda_belleza,246491.41,4,4,7.1
2024-09-01,B,PRV-068,España,moda_belleza,540188.43,11,11,3.2
2024-09-01,B,PRV-076,Turquía,moda_belleza,451597.58,1,1,34.9
2024-09-01,B,PRV-080,España,alimentacion_hosteleria,297852.56,3,2,4.4
2024-09-01,B,PRV-082,China,hogar_electronica,290281.83,1,1,89.9
2024-09-01,B,PRV-085,Portugal,hogar_electronica,627976.08,2,2,8.6
2024-09-01,B,PRV-094,China,moda_belleza,565349.81,1,1,47.9
2024-09-01,B,PRV-098,Vietnam,alimentacion_hosteleria,562349.18,1,1,52.1
2024-09-01,B,PRV-099,España,moda_belleza,615670.09,4,4,7.7
2024-09-01,B,PRV-100,China,hogar_electronica,676554.36,1,1,55.4
2024-09-01,B,PRV-107,Bangladés,moda_belleza,432810.41,1,1,40.4
2024-09-01,B,PRV-111,Turquía,alimentacion_hosteleria,269321.98,1,1,27.4
2024-09-01,C,PRV-005,España,moda_belleza,462950.64,3,3,8.6
2024-09-01,C,PRV-009,Portugal,moda_belleza,368396.14,2,2,9.9
2024-09-01,C,PRV-010,Italia,alimentacion_hosteleria,230080.73,4,4,6.4
2024-09-01,C,PRV-012,China,moda_belleza,341831.62,1,1,76.9
2024-09-01,C,PRV-017,España,moda_belleza,224211.56,3,3,9.7
2024-09-01,C,PRV-023,Portugal,moda_belleza,388093.48,3,3,8.1
2024-09-01,C,PRV-029,España,alimentacion_hosteleria,396087.12,8,8,5.8
2024-09-01,C,PRV-031,España,moda_belleza,576788.02,7,7,6.3
2024-09-01,C,PRV-032,Bangladés,hogar_electronica,461180.18,1,1,52.1
2024-09-01,C,PRV-052,Turquía,moda_belleza,253030.62,1,1,26.8
2024-09-01,C,PRV-053,España,alimentacion_hosteleria,136905.53,4,4,4.0
2024-09-01,C,PRV-054,España,hogar_electronica,487663.31,5,5,8.2
2024-09-01,C,PRV-063,España,hogar_electronica,477975.86,3,3,6.1
2024-09-01,C,PRV-068,España,moda_belleza,358418.23,8,8,4.3
2024-09-01,C,PRV-073,Italia,moda_belleza,358015.79,2,2,11.6
2024-09-01,C,PRV-075,España,moda_belleza,594402.43,4,3,8.1
2024-09-01,C,PRV-079,España,moda_belleza,317537.29,3,3,6.6
2024-09-01,C,PRV-082,China,hogar_electronica,337783.24,1,1,80.3
2024-09-01,C,PRV-083,España,moda_belleza,486618.92,5,5,6.5
2024-09-01,C,PRV-086,Vietnam,hogar_electronica,487322.7,1,1,50.0
2024-09-01,C,PRV-090,España,hogar_electronica,405901.57,3,3,4.9
2024-09-01,C,PRV-097,Turquía,moda_belleza,189236.43,2,2,29.3
2024-09-01,C,PRV-100,China,hogar_electronica,395810.43,1,1,91.5
2024-09-01,C,PRV-112,España,hogar_electronica,372000.94,5,5,6.2
2024-09-01,C,PRV-114,España,moda_belleza,483133.97,7,6,7.6
2024-09-01,C,PRV-117,España,moda_belleza,505591.53,5,5,6.8
2024-09-01,D,PRV-001,Turquía,hogar_electronica,293903.32,1,0,10.3
2024-09-01,D,PRV-003,España,alimentacion_hosteleria,176116.41,7,7,6.0
2024-09-01,D,PRV-005,España,moda_belleza,389178.09,5,5,7.7
2024-09-01,D,PRV-007,España,moda_belleza,184464.93,4,4,13.3
2024-09-01,D,PRV-012,China,moda_belleza,224981.15,1,1,83.4
2024-09-01,D,PRV-017,España,moda_belleza,327228.33,4,4,10.6
2024-09-01,D,PRV-019,Bangladés,alimentacion_hosteleria,231490.7,1,1,45.6
2024-09-01,D,PRV-023,Portugal,moda_belleza,343036.02,4,4,7.9
2024-09-01,D,PRV-035,España,moda_belleza,247511.25,6,6,5.8
2024-09-01,D,PRV-043,China,hogar_electronica,442323.44,1,1,71.8
2024-09-01,D,PRV-056,China,hogar_electronica,190856.31,1,0,55.7
2024-09-01,D,PRV-058,Portugal,alimentacion_hosteleria,394846.31,2,2,4.1
2024-09-01,D,PRV-060,Portugal,moda_belleza,279777.6,5,5,5.8
2024-09-01,D,PRV-065,España,alimentacion_hosteleria,438580.78,8,8,3.3
2024-09-01,D,PRV-067,España,hogar_electronica,168285.19,4,4,7.6
2024-09-01,D,PRV-071,Italia,moda_belleza,112663.6,3,3,9.1
2024-09-01,D,PRV-074,España,moda_belleza,353762.64,6,6,5.2
2024-09-01,D,PRV-076,Turquía,moda_belleza,247812.25,1,1,25.8
2024-09-01,D,PRV-080,España,alimentacion_hosteleria,161349.32,4,4,5.8
2024-09-01,D,PRV-083,España,moda_belleza,122518.06,4,4,8.7
2024-09-01,D,PRV-095,España,moda_belleza,255401.83,5,5,7.9
2024-09-01,D,PRV-099,España,moda_belleza,239013.62,4,4,6.8
2024-09-01,D,PRV-109,España,moda_belleza,212637.02,8,7,4.9
2024-09-01,D,PRV-118,España,alimentacion_hosteleria,197553.34,7,7,4.4
2024-09-01,D,PRV-119,Vietnam,alimentacion_hosteleria,245770.74,1,1,34.8
2024-09-01,E,PRV-007,España,moda_belleza,347083.2,4,4,10.0
2024-09-01,E,PRV-012,China,moda_belleza,131218.23,1,1,70.5
2024-09-01,E,PRV-013,Vietnam,moda_belleza,200081.1,1,1,42.5
2024-09-01,E,PRV-036,Italia,moda_belleza,127139.25,3,3,10.9
2024-09-01,E,PRV-037,China,moda_belleza,489919.01,1,0,71.7
2024-09-01,E,PRV-038,China,moda_belleza,351720.85,1,1,56.7
2024-09-01,E,PRV-040,España,moda_belleza,181894.35,5,5,5.6
2024-09-01,E,PRV-041,España,moda_belleza,195515.9,4,4,7.6
2024-09-01,E,PRV-042,Italia,moda_belleza,176356.17,4,3,4.9
2024-09-01,E,PRV-043,China,hogar_electronica,348585.67,1,1,37.4
2024-09-01,E,PRV-053,España,alimentacion_hosteleria,148274.51,4,4,6.9
2024-09-01,E,PRV-058,Portugal,alimentacion_hosteleria,91209.9,5,5,6.5
2024-09-01,E,PRV-060,Portugal,moda_belleza,245970.54,4,4,6.7
2024-09-01,E,PRV-064,España,moda_belleza,381875.83,5,4,7.8
2024-09-01,E,PRV-065,España,alimentacion_hosteleria,210345.59,6,5,6.8
2024-09-01,E,PRV-068,España,moda_belleza,163517.44,6,5,2.3
2024-09-01,E,PRV-073,Italia,moda_belleza,165920.96,4,4,7.8
2024-09-01,E,PRV-077,Bangladés,hogar_electronica,217399.68,1,0,79.5
2024-09-01,E,PRV-083,España,moda_belleza,188981.77,5,5,6.7
2024-09-01,E,PRV-087,España,alimentacion_hosteleria,255108.24,5,2,9.5
2024-09-01,E,PRV-097,Turquía,moda_belleza,262430.14,1,1,24.2
2024-09-01,E,PRV-103,España,moda_belleza,405858.43,4,4,5.6
2024-09-01,E,PRV-105,España,alimentacion_hosteleria,261929.01,7,7,4.8
2024-09-01,E,PRV-111,Turquía,alimentacion_hosteleria,129296.94,1,1,22.6
2024-09-01,E,PRV-117,España,moda_belleza,248134.07,4,4,6.7
2024-10-01,A,PRV-004,China,moda_belleza,1350061.61,1,1,49.7
2024-10-01,A,PRV-006,España,alimentacion_hosteleria,550923.49,4,4,4.4
2024-10-01,A,PRV-009,Portugal,moda_belleza,895646.45,4,4,9.5
2024-10-01,A,PRV-012,China,moda_belleza,1381625.11,1,1,57.8
2024-10-01,A,PRV-013,Vietnam,moda_belleza,1054269.9,1,0,42.5
2024-10-01,A,PRV-014,Italia,moda_belleza,973367.46,3,3,6.7
2024-10-01,A,PRV-015,España,hogar_electronica,899634.34,4,4,4.5
2024-10-01,A,PRV-019,Bangladés,alimentacion_hosteleria,560432.85,1,1,32.3
2024-10-01,A,PRV-023,Portugal,moda_belleza,1224175.01,5,3,9.9
2024-10-01,A,PRV-033,España,alimentacion_hosteleria,790873.55,6,6,6.8
2024-10-01,A,PRV-036,Italia,moda_belleza,750604.76,3,3,13.0
2024-10-01,A,PRV-052,Turquía,moda_belleza,1395359.75,1,1,28.4
2024-10-01,A,PRV-057,Turquía,hogar_electronica,1273853.62,3,3,16.2
2024-10-01,A,PRV-059,China,hogar_electronica,1204610.83,1,1,56.6
2024-10-01,A,PRV-061,España,hogar_electronica,755229.25,5,5,4.2
2024-10-01,A,PRV-065,España,alimentacion_hosteleria,482907.83,5,3,8.1
2024-10-01,A,PRV-086,Vietnam,hogar_electronica,472296.28,1,1,40.0
2024-10-01,A,PRV-092,España,moda_belleza,785839.89,6,6,5.2
2024-10-01,A,PRV-100,China,hogar_electronica,1254518.55,1,1,55.9
2024-10-01,A,PRV-106,España,alimentacion_hosteleria,496924.24,8,6,3.8
2024-10-01,A,PRV-107,Bangladés,moda_belleza,1203850.54,1,1,47.5
2024-10-01,A,PRV-108,China,moda_belleza,1656323.39,1,1,46.4
2024-10-01,A,PRV-110,España,moda_belleza,524417.37,5,5,7.5
2024-10-01,A,PRV-112,España,hogar_electronica,603931.74,5,5,8.1
2024-10-01,A,PRV-115,Portugal,hogar_electronica,983194.4,5,5,4.9
2024-10-01,A,PRV-117,España,moda_belleza,1396241.67,4,4,6.8
2024-10-01,A,PRV-118,España,alimentacion_hosteleria,520269.98,6,6,8.5
2024-10-01,B,PRV-001,Turquía,hogar_electronica,358104.36,2,1,24.9
2024-10-01,B,PRV-004,China,moda_belleza,733118.61,1,1,47.7
2024-10-01,B,PRV-014,Italia,moda_belleza,496716.93,5,5,10.6
2024-10-01,B,PRV-021,España,hogar_electronica,810293.01,4,4,4.0
2024-10-01,B,PRV-026,Italia,moda_belleza,548865.38,3,2,7.9
2024-10-01,B,PRV-030,China,moda_belleza,855179.63,1,1,71.7
2024-10-01,B,PRV-042,Italia,moda_belleza,507555.29,4,4,8.1
2024-10-01,B,PRV-048,Portugal,moda_belleza,471389.71,3,3,9.1
2024-10-01,B,PRV-050,Bangladés,hogar_electronica,885037.87,1,0,36.7
2024-10-01,B,PRV-051,China,hogar_electronica,375843.73,1,1,49.5
2024-10-01,B,PRV-053,España,alimentacion_hosteleria,951272.14,3,3,6.6
2024-10-01,B,PRV-055,Vietnam,alimentacion_hosteleria,736487.24,1,1,44.9
2024-10-01,B,PRV-059,China,hogar_electronica,865884.0,1,1,59.2
2024-10-01,B,PRV-063,España,hogar_electronica,566137.24,5,3,8.1
2024-10-01,B,PRV-064,España,moda_belleza,340038.2,5,5,7.4
2024-10-01,B,PRV-068,España,moda_belleza,538346.0,9,9,4.8
2024-10-01,B,PRV-076,Turquía,moda_belleza,623107.97,1,1,28.0
2024-10-01,B,PRV-080,España,alimentacion_hosteleria,386675.66,3,3,3.7
2024-10-01,B,PRV-082,China,hogar_electronica,682791.97,1,0,105.2
2024-10-01,B,PRV-085,Portugal,hogar_electronica,929017.08,3,3,6.7
2024-10-01,B,PRV-094,China,moda_belleza,758713.0,1,0,64.1
2024-10-01,B,PRV-098,Vietnam,alimentacion_hosteleria,859589.81,1,1,57.8
2024-10-01,B,PRV-099,España,moda_belleza,730696.52,5,5,4.3
2024-10-01,B,PRV-100,China,hogar_electronica,986490.78,1,1,59.5
2024-10-01,B,PRV-107,Bangladés,moda_belleza,322300.12,1,1,37.4
2024-10-01,B,PRV-111,Turquía,alimentacion_hosteleria,313159.95,1,1,2.0
2024-10-01,C,PRV-005,España,moda_belleza,277561.0,4,4,6.4
2024-10-01,C,PRV-009,Portugal,moda_belleza,415805.72,3,3,8.6
2024-10-01,C,PRV-010,Italia,alimentacion_hosteleria,247806.52,3,3,9.2
2024-10-01,C,PRV-012,China,moda_belleza,532126.66,1,1,53.3
2024-10-01,C,PRV-017,España,moda_belleza,220981.72,3,3,10.7
2024-10-01,C,PRV-023,Portugal,moda_belleza,579687.78,4,4,7.5
2024-10-01,C,PRV-029,España,alimentacion_hosteleria,688233.98,4,4,2.0
2024-10-01,C,PRV-031,España,moda_belleza,774880.86,5,5,5.3
2024-10-01,C,PRV-032,Bangladés,hogar_electronica,649369.6,1,0,44.0
2024-10-01,C,PRV-052,Turquía,moda_belleza,341004.9,2,2,20.7
2024-10-01,C,PRV-053,España,alimentacion_hosteleria,183114.76,3,2,5.7
2024-10-01,C,PRV-054,España,hogar_electronica,490699.8,5,5,6.7
2024-10-01,C,PRV-063,España,hogar_electronica,615464.28,5,5,8.2
2024-10-01,C,PRV-068,España,moda_belleza,486887.31,7,7,5.5
2024-10-01,C,PRV-073,Italia,moda_belleza,395240.86,3,3,11.0
2024-10-01,C,PRV-075,España,moda_belleza,676909.88,5,5,5.4
2024-10-01,C,PRV-079,España,moda_belleza,329060.19,4,4,9.1
2024-10-01,C,PRV-082,China,hogar_electronica,348140.69,1,0,90.0
2024-10-01,C,PRV-083,España,moda_belleza,473885.24,3,3,6.2
2024-10-01,C,PRV-086,Vietnam,hogar_electronica,479008.79,1,1,23.0
2024-10-01,C,PRV-090,España,hogar_electronica,572970.54,3,3,6.0
2024-10-01,C,PRV-097,Turquía,moda_belleza,296981.9,2,2,25.2
2024-10-01,C,PRV-100,China,hogar_electronica,805945.26,1,1,65.6
2024-10-01,C,PRV-112,España,hogar_electronica,540956.91,5,5,5.9
2024-10-01,C,PRV-114,España,moda_belleza,532749.66,6,6,8.4
2024-10-01,C,PRV-117,España,moda_belleza,590956.44,5,5,7.0
2024-10-01,D,PRV-001,Turquía,hogar_electronica,338771.46,2,2,12.3
2024-10-01,D,PRV-003,España,alimentacion_hosteleria,286785.03,6,6,5.8
2024-10-01,D,PRV-005,España,moda_belleza,482584.27,8,8,5.2
2024-10-01,D,PRV-007,España,moda_belleza,264077.77,4,3,10.5
2024-10-01,D,PRV-012,China,moda_belleza,306691.95,1,1,69.6
2024-10-01,D,PRV-017,España,moda_belleza,445024.36,3,3,9.4
2024-10-01,D,PRV-019,Bangladés,alimentacion_hosteleria,503059.23,1,1,46.0
2024-10-01,D,PRV-023,Portugal,moda_belleza,509239.5,4,3,6.1
2024-10-01,D,PRV-035,España,moda_belleza,277128.0,4,4,5.3
2024-10-01,D,PRV-043,China,hogar_electronica,467501.4,1,1,58.6
2024-10-01,D,PRV-056,China,hogar_electronica,245084.31,1,1,53.3
2024-10-01,D,PRV-058,Portugal,alimentacion_hosteleria,508144.45,5,5,4.6
2024-10-01,D,PRV-060,Portugal,moda_belleza,351762.28,5,5,3.8
2024-10-01,D,PRV-065,España,alimentacion_hosteleria,398809.39,6,6,5.7
2024-10-01,D,PRV-067,España,hogar_electronica,174570.34,3,3,7.3
2024-10-01,D,PRV-071,Italia,moda_belleza,156628.89,2,2,12.2
2024-10-01,D,PRV-074,España,moda_belleza,426652.36,5,5,6.9
2024-10-01,D,PRV-076,Turquía,moda_belleza,239362.86,1,1,19.0
2024-10-01,D,PRV-080,España,alimentacion_hosteleria,213558.86,5,3,6.2
2024-10-01,D,PRV-083,España,moda_belleza,216522.52,4,4,8.4
2024-10-01,D,PRV-095,España,moda_belleza,356284.22,5,5,9.6
2024-10-01,D,PRV-099,España,moda_belleza,351013.16,3,3,5.5
2024-10-01,D,PRV-109,España,moda_belleza,345978.55,10,10,5.8
2024-10-01,D,PRV-118,España,alimentacion_hosteleria,251061.18,6,6,4.6
2024-10-01,D,PRV-119,Vietnam,alimentacion_hosteleria,239825.2,1,0,34.9
2024-10-01,E,PRV-007,España,moda_belleza,532210.03,3,3,11.3
2024-10-01,E,PRV-012,China,moda_belleza,156166.12,1,0,66.7
2024-10-01,E,PRV-013,Vietnam,moda_belleza,207031.5,1,1,51.2
2024-10-01,E,PRV-036,Italia,moda_belleza,158550.86,3,3,15.3
2024-10-01,E,PRV-037,China,moda_belleza,411741.54,1,1,63.9
2024-10-01,E,PRV-038,China,moda_belleza,492877.13,1,1,16.2
2024-10-01,E,PRV-040,España,moda_belleza,265638.42,6,6,6.6
2024-10-01,E,PRV-041,España,moda_belleza,333487.67,6,6,6.6
2024-10-01,E,PRV-042,Italia,moda_belleza,240040.99,3,3,15.3
2024-10-01,E,PRV-043,China,hogar_electronica,482674.71,1,0,53.3
2024-10-01,E,PRV-053,España,alimentacion_hosteleria,176841.64,3,3,8.0
2024-10-01,E,PRV-058,Portugal,alimentacion_hosteleria,117966.5,5,5,9.7
2024-10-01,E,PRV-060,Portugal,moda_belleza,314634.21,3,3,7.7
2024-10-01,E,PRV-064,España,moda_belleza,390930.63,3,3,5.4
2024-10-01,E,PRV-065,España,alimentacion_hosteleria,236186.04,7,6,4.2
2024-10-01,E,PRV-068,España,moda_belleza,173771.74,7,7,3.2
2024-10-01,E,PRV-073,Italia,moda_belleza,158089.89,3,3,13.6
2024-10-01,E,PRV-077,Bangladés,hogar_electronica,376745.42,1,0,46.0
2024-10-01,E,PRV-083,España,moda_belleza,237341.36,6,6,7.0
2024-10-01,E,PRV-087,España,alimentacion_hosteleria,360591.66,4,2,8.0
2024-10-01,E,PRV-097,Turquía,moda_belleza,259338.25,1,1,13.7
2024-10-01,E,PRV-103,España,moda_belleza,479170.64,5,5,6.3
2024-10-01,E,PRV-105,España,alimentacion_hosteleria,489752.26,6,6,5.6
2024-10-01,E,PRV-111,Turquía,alimentacion_hosteleria,137449.7,2,2,17.7
2024-10-01,E,PRV-117,España,moda_belleza,350109.0,4,4,6.1
2024-11-01,A,PRV-004,China,moda_belleza,678593.68,1,1,26.0
2024-11-01,A,PRV-006,España,alimentacion_hosteleria,317706.45,4,4,5.9
2024-11-01,A,PRV-009,Portugal,moda_belleza,563019.66,4,3,6.0
2024-11-01,A,PRV-012,China,moda_belleza,805529.4,1,1,73.0
2024-11-01,A,PRV-013,Vietnam,moda_belleza,806145.95,1,1,29.9
2024-11-01,A,PRV-014,Italia,moda_belleza,589646.69,4,4,7.2
2024-11-01,A,PRV-015,España,hogar_electronica,557069.27,5,5,5.8
2024-11-01,A,PRV-019,Bangladés,alimentacion_hosteleria,327857.38,1,1,74.6
2024-11-01,A,PRV-023,Portugal,moda_belleza,986317.71,4,4,9.8
2024-11-01,A,PRV-033,España,alimentacion_hosteleria,469018.09,7,7,8.9
2024-11-01,A,PRV-036,Italia,moda_belleza,626203.57,3,2,11.7
2024-11-01,A,PRV-052,Turquía,moda_belleza,1046462.49,1,1,17.5
2024-11-01,A,PRV-057,Turquía,hogar_electronica,805618.22,2,2,9.3
2024-11-01,A,PRV-059,China,hogar_electronica,826969.65,1,0,35.2
2024-11-01,A,PRV-061,España,hogar_electronica,543980.43,5,5,6.5
2024-11-01,A,PRV-065,España,alimentacion_hosteleria,315556.68,5,5,6.4
2024-11-01,A,PRV-086,Vietnam,hogar_electronica,362594.12,1,0,72.6
2024-11-01,A,PRV-092,España,moda_belleza,492206.65,10,10,6.5
2024-11-01,A,PRV-100,China,hogar_electronica,1129712.09,1,1,41.3
2024-11-01,A,PRV-106,España,alimentacion_hosteleria,238186.87,9,7,4.0
2024-11-01,A,PRV-107,Bangladés,moda_belleza,809501.68,1,0,62.0
2024-11-01,A,PRV-108,China,moda_belleza,784442.93,1,1,33.0
2024-11-01,A,PRV-110,España,moda_belleza,421002.1,4,3,8.2
2024-11-01,A,PRV-112,España,hogar_electronica,314947.58,4,4,4.6
2024-11-01,A,PRV-115,Portugal,hogar_electronica,706723.22,6,5,5.7
2024-11-01,A,PRV-117,España,moda_belleza,1200779.35,5,5,7.4
2024-11-01,A,PRV-118,España,alimentacion_hosteleria,395585.85,6,6,6.8
2024-11-01,B,PRV-001,Turquía,hogar_electronica,221110.53,2,2,14.6
2024-11-01,B,PRV-004,China,moda_belleza,462924.33,1,1,64.7
2024-11-01,B,PRV-014,Italia,moda_belleza,435453.48,5,5,3.3
2024-11-01,B,PRV-021,España,hogar_electronica,624723.92,4,4,7.4
2024-11-01,B,PRV-026,Italia,moda_belleza,493602.94,2,2,2.5
2024-11-01,B,PRV-030,China,moda_belleza,546516.79,1,1,49.7
2024-11-01,B,PRV-042,Italia,moda_belleza,351373.82,3,3,14.0
2024-11-01,B,PRV-048,Portugal,moda_belleza,363127.33,4,4,7.9
2024-11-01,B,PRV-050,Bangladés,hogar_electronica,725775.48,1,1,60.6
2024-11-01,B,PRV-051,China,hogar_electronica,261489.82,1,1,49.6
2024-11-01,B,PRV-053,España,alimentacion_hosteleria,466134.43,4,4,7.5
2024-11-01,B,PRV-055,Vietnam,alimentacion_hosteleria,617528.95,1,1,9.2
2024-11-01,B,PRV-059,China,hogar_electronica,350362.64,1,1,43.9
2024-11-01,B,PRV-063,España,hogar_electronica,312098.94,5,5,8.4
2024-11-01,B,PRV-064,España,moda_belleza,201452.98,4,4,8.0
2024-11-01,B,PRV-068,España,moda_belleza,423417.75,8,8,2.0
2024-11-01,B,PRV-076,Turquía,moda_belleza,365269.13,1,1,25.5
2024-11-01,B,PRV-080,España,alimentacion_hosteleria,260563.97,4,3,8.3
2024-11-01,B,PRV-082,China,hogar_electronica,326347.07,1,1,71.8
2024-11-01,B,PRV-085,Portugal,hogar_electronica,577232.42,3,3,10.1
2024-11-01,B,PRV-094,China,moda_belleza,489913.71,1,1,52.6
2024-11-01,B,PRV-098,Vietnam,alimentacion_hosteleria,531799.85,1,1,31.6
2024-11-01,B,PRV-099,España,moda_belleza,506278.95,4,4,8.5
2024-11-01,B,PRV-100,China,hogar_electronica,584382.27,1,1,51.4
2024-11-01,B,PRV-107,Bangladés,moda_belleza,260558.2,1,0,36.5
2024-11-01,B,PRV-111,Turquía,alimentacion_hosteleria,197965.72,1,1,22.3
2024-11-01,C,PRV-005,España,moda_belleza,322281.98,4,3,5.4
2024-11-01,C,PRV-009,Portugal,moda_belleza,208918.98,3,3,13.1
2024-11-01,C,PRV-010,Italia,alimentacion_hosteleria,142153.23,4,3,8.1
2024-11-01,C,PRV-012,China,moda_belleza,317160.91,1,1,73.4
2024-11-01,C,PRV-017,España,moda_belleza,190727.86,3,3,7.0
2024-11-01,C,PRV-023,Portugal,moda_belleza,263095.0,2,1,9.5
2024-11-01,C,PRV-029,España,alimentacion_hosteleria,341380.8,6,4,5.8
2024-11-01,C,PRV-031,España,moda_belleza,414497.9,5,5,7.5
2024-11-01,C,PRV-032,Bangladés,hogar_electronica,380221.51,1,0,65.3
2024-11-01,C,PRV-052,Turquía,moda_belleza,215779.9,1,1,16.6
2024-11-01,C,PRV-053,España,alimentacion_hosteleria,104922.62,5,5,7.9
2024-11-01,C,PRV-054,España,hogar_electronica,317178.52,5,4,7.1
2024-11-01,C,PRV-063,España,hogar_electronica,304896.25,5,5,7.2
2024-11-01,C,PRV-068,España,moda_belleza,286181.45,8,7,3.7
2024-11-01,C,PRV-073,Italia,moda_belleza,343896.5,2,2,14.0
2024-11-01,C,PRV-075,España,moda_belleza,488976.23,5,5,6.3
2024-11-01,C,PRV-079,España,moda_belleza,222493.29,5,5,6.0
2024-11-01,C,PRV-082,China,hogar_electronica,270290.38,1,1,77.4
2024-11-01,C,PRV-083,España,moda_belleza,324085.79,5,5,9.1
2024-11-01,C,PRV-086,Vietnam,hogar_electronica,331339.73,1,0,30.3
2024-11-01,C,PRV-090,España,hogar_electronica,666734.39,5,5,8.6
2024-11-01,C,PRV-097,Turquía,moda_belleza,177351.98,1,1,28.3
2024-11-01,C,PRV-100,China,hogar_electronica,383421.95,1,1,67.2
2024-11-01,C,PRV-112,España,hogar_electronica,382493.34,4,4,7.1
2024-11-01,C,PRV-114,España,moda_belleza,346967.74,5,5,4.5
2024-11-01,C,PRV-117,España,moda_belleza,358560.6,3,3,8.7
2024-11-01,D,PRV-001,Turquía,hogar_electronica,246512.28,1,1,18.0
2024-11-01,D,PRV-003,España,alimentacion_hosteleria,216948.36,7,7,2.5
2024-11-01,D,PRV-005,España,moda_belleza,233019.34,7,6,7.8
2024-11-01,D,PRV-007,España,moda_belleza,156512.24,4,3,9.2
2024-11-01,D,PRV-012,China,moda_belleza,191473.05,1,1,58.0
2024-11-01,D,PRV-017,España,moda_belleza,305497.93,3,3,7.1
2024-11-01,D,PRV-019,Bangladés,alimentacion_hosteleria,307283.41,1,1,35.6
2024-11-01,D,PRV-023,Portugal,moda_belleza,326715.47,3,1,14.1
2024-11-01,D,PRV-035,España,moda_belleza,178542.95,5,5,6.1
2024-11-01,D,PRV-043,China,hogar_electronica,304085.39,1,1,47.1
2024-11-01,D,PRV-056,China,hogar_electronica,164927.65,1,1,55.6
2024-11-01,D,PRV-058,Portugal,alimentacion_hosteleria,265465.64,5,5,7.8
2024-11-01,D,PRV-060,Portugal,moda_belleza,202041.18,3,2,2.0
2024-11-01,D,PRV-065,España,alimentacion_hosteleria,263662.57,6,6,4.5
2024-11-01,D,PRV-067,España,hogar_electronica,106769.97,3,3,8.6
2024-11-01,D,PRV-071,Italia,moda_belleza,108370.93,3,3,9.0
2024-11-01,D,PRV-074,España,moda_belleza,257842.92,5,5,4.6
2024-11-01,D,PRV-076,Turquía,moda_belleza,197859.88,1,1,26.0
2024-11-01,D,PRV-080,España,alimentacion_hosteleria,141270.25,4,3,7.1
2024-11-01,D,PRV-083,España,moda_belleza,162848.23,4,4,7.5
2024-11-01,D,PRV-095,España,moda_belleza,288481.16,3,3,7.7
2024-11-01,D,PRV-099,España,moda_belleza,206552.87,3,3,5.8
2024-11-01,D,PRV-109,España,moda_belleza,180162.18,5,5,7.3
2024-11-01,D,PRV-118,España,alimentacion_hosteleria,168524.43,5,5,3.4
2024-11-01,D,PRV-119,Vietnam,alimentacion_hosteleria,187266.68,1,1,35.5
2024-11-01,E,PRV-007,España,moda_belleza,283546.48,4,4,9.7
2024-11-01,E,PRV-012,China,moda_belleza,103959.17,1,1,59.2
2024-11-01,E,PRV-013,Vietnam,moda_belleza,110119.95,1,1,69.5
2024-11-01,E,PRV-036,Italia,moda_belleza,102261.08,3,3,13.3
2024-11-01,E,PRV-037,China,moda_belleza,332557.06,1,1,87.3
2024-11-01,E,PRV-038,China,moda_belleza,304374.71,1,1,60.9
2024-11-01,E,PRV-040,España,moda_belleza,156313.67,4,3,3.1
2024-11-01,E,PRV-041,España,moda_belleza,159698.89,6,6,7.3
2024-11-01,E,PRV-042,Italia,moda_belleza,186570.73,4,4,3.9
2024-11-01,E,PRV-043,China,hogar_electronica,348302.93,1,0,59.7
2024-11-01,E,PRV-053,España,alimentacion_hosteleria,154646.35,6,6,8.4
2024-11-01,E,PRV-058,Portugal,alimentacion_hosteleria,63004.62,5,5,2.7
2024-11-01,E,PRV-060,Portugal,moda_belleza,199418.43,4,4,7.4
2024-11-01,E,PRV-064,España,moda_belleza,306365.58,5,4,8.9
2024-11-01,E,PRV-065,España,alimentacion_hosteleria,188794.0,6,4,6.1
2024-11-01,E,PRV-068,España,moda_belleza,162699.55,6,6,2.5
2024-11-01,E,PRV-073,Italia,moda_belleza,92453.52,3,3,12.5
2024-11-01,E,PRV-077,Bangladés,hogar_electronica,191167.47,1,1,49.4
2024-11-01,E,PRV-083,España,moda_belleza,130587.81,4,4,6.6
2024-11-01,E,PRV-087,España,alimentacion_hosteleria,183096.06,4,3,8.0
2024-11-01,E,PRV-097,Turquía,moda_belleza,171367.08,1,1,17.8
2024-11-01,E,PRV-103,España,moda_belleza,267144.97,4,4,6.5
2024-11-01,E,PRV-105,España,alimentacion_hosteleria,287201.7,8,8,5.1
2024-11-01,E,PRV-111,Turquía,alimentacion_hosteleria,91465.93,2,2,26.0
2024-11-01,E,PRV-117,España,moda_belleza,251701.03,5,5,6.1
2024-12-01,A,PRV-004,China,moda_belleza,687374.23,1,1,43.4
2024-12-01,A,PRV-006,España,alimentacion_hosteleria,278989.08,5,5,3.2
2024-12-01,A,PRV-009,Portugal,moda_belleza,407504.55,3,3,10.4
2024-12-01,A,PRV-012,China,moda_belleza,750707.5,1,1,73.9
2024-12-01,A,PRV-013,Vietnam,moda_belleza,768552.51,1,1,38.7
2024-12-01,A,PRV-014,Italia,moda_belleza,607188.55,2,2,5.9
2024-12-01,A,PRV-015,España,hogar_electronica,545267.79,5,5,4.3
2024-12-01,A,PRV-019,Bangladés,alimentacion_hosteleria,374998.84,1,1,34.8
2024-12-01,A,PRV-023,Portugal,moda_belleza,947508.19,4,3,10.7
2024-12-01,A,PRV-033,España,alimentacion_hosteleria,410671.63,6,6,3.5
2024-12-01,A,PRV-036,Italia,moda_belleza,441333.01,3,3,10.2
2024-12-01,A,PRV-052,Turquía,moda_belleza,1092715.04,1,1,26.5
2024-12-01,A,PRV-057,Turquía,hogar_electronica,858764.94,2,2,8.5
2024-12-01,A,PRV-059,China,hogar_electronica,918688.35,1,1,26.7
2024-12-01,A,PRV-061,España,hogar_electronica,390636.68,7,7,7.9
2024-12-01,A,PRV-065,España,alimentacion_hosteleria,332913.04,7,6,5.2
2024-12-01,A,PRV-086,Vietnam,hogar_electronica,432340.91,1,1,22.5
2024-12-01,A,PRV-092,España,moda_belleza,532647.9,10,10,2.0
2024-12-01,A,PRV-100,China,hogar_electronica,912267.01,1,1,67.4
2024-12-01,A,PRV-106,España,alimentacion_hosteleria,290424.69,8,8,3.2
2024-12-01,A,PRV-107,Bangladés,moda_belleza,860738.54,1,1,65.3
2024-12-01,A,PRV-108,China,moda_belleza,998679.62,1,1,57.6
2024-12-01,A,PRV-110,España,moda_belleza,484171.95,5,5,6.3
2024-12-01,A,PRV-112,España,hogar_electronica,329591.96,2,2,6.0
2024-12-01,A,PRV-115,Portugal,hogar_electronica,613955.13,5,4,9.8
2024-12-01,A,PRV-117,España,moda_belleza,953723.75,4,4,5.3
2024-12-01,A,PRV-118,España,alimentacion_hosteleria,283196.1,6,6,6.8
2024-12-01,B,PRV-001,Turquía,hogar_electronica,202556.67,2,2,9.8
2024-12-01,B,PRV-004,China,moda_belleza,510489.72,1,1,55.1
2024-12-01,B,PRV-014,Italia,moda_belleza,419470.73,4,4,7.3
2024-12-01,B,PRV-021,España,hogar_electronica,454677.8,5,4,8.3
2024-12-01,B,PRV-026,Italia,moda_belleza,397947.54,3,3,11.6
2024-12-01,B,PRV-030,China,moda_belleza,635243.61,1,1,20.7
2024-12-01,B,PRV-042,Italia,moda_belleza,352417.85,3,3,8.4
2024-12-01,B,PRV-048,Portugal,moda_belleza,360795.5,3,3,12.2
2024-12-01,B,PRV-050,Bangladés,hogar_electronica,604589.11,1,1,39.0
2024-12-01,B,PRV-051,China,hogar_electronica,264635.32,1,0,54.7
2024-12-01,B,PRV-053,España,alimentacion_hosteleria,394172.59,4,4,6.3
2024-12-01,B,PRV-055,Vietnam,alimentacion_hosteleria,593445.16,1,1,47.2
2024-12-01,B,PRV-059,China,hogar_electronica,350566.6,1,0,66.0
2024-12-01,B,PRV-063,España,hogar_electronica,298517.16,4,3,4.1
2024-12-01,B,PRV-064,España,moda_belleza,172958.23,4,4,5.0
2024-12-01,B,PRV-068,España,moda_belleza,453744.89,11,11,4.9
2024-12-01,B,PRV-076,Turquía,moda_belleza,475088.26,1,1,23.6
2024-12-01,B,PRV-080,España,alimentacion_hosteleria,255932.34,5,4,6.0
2024-12-01,B,PRV-082,China,hogar_electronica,288673.69,1,1,87.2
2024-12-01,B,PRV-085,Portugal,hogar_electronica,543206.36,3,3,10.4
2024-12-01,B,PRV-094,China,moda_belleza,570717.82,1,1,65.0
2024-12-01,B,PRV-098,Vietnam,alimentacion_hosteleria,405626.42,1,1,35.0
2024-12-01,B,PRV-099,España,moda_belleza,397555.29,5,5,6.7
2024-12-01,B,PRV-100,China,hogar_electronica,515797.04,1,1,48.7
2024-12-01,B,PRV-107,Bangladés,moda_belleza,244598.89,1,0,39.8
2024-12-01,B,PRV-111,Turquía,alimentacion_hosteleria,168115.1,2,2,20.5
2024-12-01,C,PRV-005,España,moda_belleza,302333.15,5,3,6.7
2024-12-01,C,PRV-009,Portugal,moda_belleza,304008.65,4,3,10.4
2024-12-01,C,PRV-010,Italia,alimentacion_hosteleria,154140.33,5,4,6.6
2024-12-01,C,PRV-012,China,moda_belleza,322927.64,1,0,71.1
2024-12-01,C,PRV-017,España,moda_belleza,172467.7,3,3,7.2
2024-12-01,C,PRV-023,Portugal,moda_belleza,279968.94,2,2,9.0
2024-12-01,C,PRV-029,España,alimentacion_hosteleria,291861.54,4,4,7.7
2024-12-01,C,PRV-031,España,moda_belleza,409564.24,4,4,6.0
2024-12-01,C,PRV-032,Bangladés,hogar_electronica,386925.45,1,1,66.2
2024-12-01,C,PRV-052,Turquía,moda_belleza,259051.95,1,1,23.5
2024-12-01,C,PRV-053,España,alimentacion_hosteleria,90680.64,4,4,6.2
2024-12-01,C,PRV-054,España,hogar_electronica,363845.65,5,5,5.3
2024-12-01,C,PRV-063,España,hogar_electronica,266256.98,6,5,6.0
2024-12-01,C,PRV-068,España,moda_belleza,243810.06,7,6,2.0
2024-12-01,C,PRV-073,Italia,moda_belleza,386102.79,2,2,6.5
2024-12-01,C,PRV-075,España,moda_belleza,349865.83,4,4,3.9
2024-12-01,C,PRV-079,España,moda_belleza,237218.46,3,3,6.9
2024-12-01,C,PRV-082,China,hogar_electronica,244261.1,1,1,76.5
2024-12-01,C,PRV-083,España,moda_belleza,333171.28,4,4,7.0
2024-12-01,C,PRV-086,Vietnam,hogar_electronica,294134.99,1,1,38.5
2024-12-01,C,PRV-090,España,hogar_electronica,412782.42,4,4,6.7
2024-12-01,C,PRV-097,Turquía,moda_belleza,167265.84,2,2,17.5
2024-12-01,C,PRV-100,China,hogar_electronica,339440.3,1,0,63.7
2024-12-01,C,PRV-112,España,hogar_electronica,290875.71,5,5,8.3
2024-12-01,C,PRV-114,España,moda_belleza,330016.67,5,5,2.2
2024-12-01,C,PRV-117,España,moda_belleza,303465.02,4,4,8.0
2024-12-01,D,PRV-001,Turquía,hogar_electronica,191661.45,2,2,12.7
2024-12-01,D,PRV-003,España,alimentacion_hosteleria,183421.7,4,3,6.7
2024-12-01,D,PRV-005,España,moda_belleza,279150.48,3,3,7.7
2024-12-01,D,PRV-007,España,moda_belleza,146447.47,3,3,9.1
2024-12-01,D,PRV-012,China,moda_belleza,185943.89,1,0,55.2
2024-12-01,D,PRV-017,España,moda_belleza,312175.94,4,4,8.3
2024-12-01,D,PRV-019,Bangladés,alimentacion_hosteleria,286306.01,1,1,18.0
2024-12-01,D,PRV-023,Portugal,moda_belleza,295124.97,4,3,11.4
2024-12-01,D,PRV-035,España,moda_belleza,128136.18,5,5,11.1
2024-12-01,D,PRV-043,China,hogar_electronica,243355.08,1,1,35.2
2024-12-01,D,PRV-056,China,hogar_electronica,153550.8,1,0,55.6
2024-12-01,D,PRV-058,Portugal,alimentacion_hosteleria,298363.81,5,5,7.3
2024-12-01,D,PRV-060,Portugal,moda_belleza,249187.22,5,4,4.1
2024-12-01,D,PRV-065,España,alimentacion_hosteleria,271016.29,5,4,5.3
2024-12-01,D,PRV-067,España,hogar_electronica,137390.88,4,4,8.8
2024-12-01,D,PRV-071,Italia,moda_belleza,90020.46,2,2,15.4
2024-12-01,D,PRV-074,España,moda_belleza,320109.83,5,5,4.5
2024-12-01,D,PRV-076,Turquía,moda_belleza,213431.72,1,1,28.0
2024-12-01,D,PRV-080,España,alimentacion_hosteleria,140283.31,6,5,8.3
2024-12-01,D,PRV-083,España,moda_belleza,118830.72,5,5,6.1
2024-12-01,D,PRV-095,España,moda_belleza,250070.0,4,4,4.0
2024-12-01,D,PRV-099,España,moda_belleza,219317.41,4,4,7.6
2024-12-01,D,PRV-109,España,moda_belleza,173731.16,9,9,6.6
2024-12-01,D,PRV-118,España,alimentacion_hosteleria,189009.11,7,7,7.2
2024-12-01,D,PRV-119,Vietnam,alimentacion_hosteleria,158054.15,1,1,50.9
2024-12-01,E,PRV-007,España,moda_belleza,282459.03,3,3,10.0
2024-12-01,E,PRV-012,China,moda_belleza,86292.3,1,1,72.1
2024-12-01,E,PRV-013,Vietnam,moda_belleza,155775.17,1,1,39.8
2024-12-01,E,PRV-036,Italia,moda_belleza,103176.56,3,3,9.6
2024-12-01,E,PRV-037,China,moda_belleza,335580.66,1,1,47.4
2024-12-01,E,PRV-038,China,moda_belleza,169936.67,1,1,33.9
2024-12-01,E,PRV-040,España,moda_belleza,128074.68,6,6,8.6
2024-12-01,E,PRV-041,España,moda_belleza,201823.91,5,3,7.9
2024-12-01,E,PRV-042,Italia,moda_belleza,125999.5,3,3,14.2
2024-12-01,E,PRV-043,China,hogar_electronica,298928.15,1,0,45.4
2024-12-01,E,PRV-053,España,alimentacion_hosteleria,109093.83,6,5,10.3
2024-12-01,E,PRV-058,Portugal,alimentacion_hosteleria,56820.84,4,4,4.7
2024-12-01,E,PRV-060,Portugal,moda_belleza,180297.9,2,2,6.5
2024-12-01,E,PRV-064,España,moda_belleza,319381.89,4,4,7.6
2024-12-01,E,PRV-065,España,alimentacion_hosteleria,123330.74,6,3,2.2
2024-12-01,E,PRV-068,España,moda_belleza,98383.13,7,7,2.4
2024-12-01,E,PRV-073,Italia,moda_belleza,123121.98,3,3,6.0
2024-12-01,E,PRV-077,Bangladés,hogar_electronica,184015.47,1,1,33.6
2024-12-01,E,PRV-083,España,moda_belleza,103816.25,5,5,6.5
2024-12-01,E,PRV-087,España,alimentacion_hosteleria,192184.66,3,3,7.3
2024-12-01,E,PRV-097,Turquía,moda_belleza,162735.51,2,2,28.9
2024-12-01,E,PRV-103,España,moda_belleza,287010.59,5,5,4.8
2024-12-01,E,PRV-105,España,alimentacion_hosteleria,237209.36,7,7,2.9
2024-12-01,E,PRV-111,Turquía,alimentacion_hosteleria,88897.61,2,2,28.5
2024-12-01,E,PRV-117,España,moda_belleza,198199.56,6,6,3.9
2025-01-01,A,PRV-004,China,moda_belleza,775506.0,1,1,55.4
2025-01-01,A,PRV-006,España,alimentacion_hosteleria,465298.72,3,3,4.9
2025-01-01,A,PRV-009,Portugal,moda_belleza,740335.95,3,3,12.8
2025-01-01,A,PRV-012,China,moda_belleza,978320.12,1,1,54.2
2025-01-01,A,PRV-013,Vietnam,moda_belleza,1007543.46,1,1,20.3
2025-01-01,A,PRV-014,Italia,moda_belleza,665477.79,3,3,10.4
2025-01-01,A,PRV-015,España,hogar_electronica,709912.49,5,3,2.8
2025-01-01,A,PRV-019,Bangladés,alimentacion_hosteleria,420808.41,1,1,32.1
2025-01-01,A,PRV-023,Portugal,moda_belleza,1346464.92,3,3,9.4
2025-01-01,A,PRV-033,España,alimentacion_hosteleria,542397.51,6,6,5.1
2025-01-01,A,PRV-036,Italia,moda_belleza,732146.06,3,3,9.8
2025-01-01,A,PRV-052,Turquía,moda_belleza,873079.32,1,1,32.4
2025-01-01,A,PRV-057,Turquía,hogar_electronica,939605.79,3,2,8.1
2025-01-01,A,PRV-059,China,hogar_electronica,727459.95,1,0,43.3
2025-01-01,A,PRV-061,España,hogar_electronica,495478.18,5,5,4.8
2025-01-01,A,PRV-065,España,alimentacion_hosteleria,347138.76,6,6,3.7
2025-01-01,A,PRV-086,Vietnam,hogar_electronica,427690.9,1,1,79.5
2025-01-01,A,PRV-092,España,moda_belleza,572669.51,7,7,4.6
2025-01-01,A,PRV-100,China,hogar_electronica,1091483.18,1,0,72.0
2025-01-01,A,PRV-106,España,alimentacion_hosteleria,340535.37,8,7,3.2
2025-01-01,A,PRV-107,Bangladés,moda_belleza,981038.08,1,1,48.8
2025-01-01,A,PRV-108,China,moda_belleza,1097254.43,1,1,40.9
2025-01-01,A,PRV-110,España,moda_belleza,397278.31,3,3,9.7
2025-01-01,A,PRV-112,España,hogar_electronica,457301.02,4,4,8.2
2025-01-01,A,PRV-115,Portugal,hogar_electronica,982867.64,4,4,8.7
2025-01-01,A,PRV-117,España,moda_belleza,1273270.32,5,5,7.5
2025-01-01,A,PRV-118,España,alimentacion_hosteleria,410995.01,5,5,4.2
2025-01-01,B,PRV-001,Turquía,hogar_electronica,346926.6,2,2,6.6
2025-01-01,B,PRV-004,China,moda_belleza,695838.46,1,1,53.0
2025-01-01,B,PRV-014,Italia,moda_belleza,482328.3,3,3,8.7
2025-01-01,B,PRV-021,España,hogar_electronica,668813.45,4,4,3.8
2025-01-01,B,PRV-026,Italia,moda_belleza,500222.77,3,3,14.7
2025-01-01,B,PRV-030,China,moda_belleza,859200.32,1,1,38.4
2025-01-01,B,PRV-042,Italia,moda_belleza,462611.97,3,3,8.2
2025-01-01,B,PRV-048,Portugal,moda_belleza,363056.67,2,2,12.1
2025-01-01,B,PRV-050,Bangladés,hogar_electronica,659732.58,1,1,67.2
2025-01-01,B,PRV-051,China,hogar_electronica,202510.46,1,0,53.4
2025-01-01,B,PRV-053,España,alimentacion_hosteleria,544685.1,3,3,5.3
2025-01-01,B,PRV-055,Vietnam,alimentacion_hosteleria,382962.2,1,1,68.0
2025-01-01,B,PRV-059,China,hogar_electronica,487853.85,1,1,25.6
2025-01-01,B,PRV-063,España,hogar_electronica,237681.6,2,2,3.7
2025-01-01,B,PRV-064,España,moda_belleza,214760.0,4,3,4.3
2025-01-01,B,PRV-068,España,moda_belleza,353740.91,8,8,3.2
2025-01-01,B,PRV-076,Turquía,moda_belleza,438524.57,1,1,25.9
2025-01-01,B,PRV-080,España,alimentacion_hosteleria,273607.69,3,3,7.8
2025-01-01,B,PRV-082,China,hogar_electronica,327955.55,1,1,87.6
2025-01-01,B,PRV-085,Portugal,hogar_electronica,518430.16,2,2,6.2
2025-01-01,B,PRV-094,China,moda_belleza,544871.71,1,1,68.3
2025-01-01,B,PRV-098,Vietnam,alimentacion_hosteleria,622981.91,1,0,24.4
2025-01-01,B,PRV-099,España,moda_belleza,469227.9,4,4,7.1
2025-01-01,B,PRV-100,China,hogar_electronica,548292.59,1,1,69.5
2025-01-01,B,PRV-107,Bangladés,moda_belleza,248380.82,1,0,74.3
2025-01-01,B,PRV-111,Turquía,alimentacion_hosteleria,210477.55,1,1,29.4
2025-01-01,C,PRV-005,España,moda_belleza,374631.61,5,4,3.2
2025-01-01,C,PRV-009,Portugal,moda_belleza,356781.13,3,3,9.8
2025-01-01,C,PRV-010,Italia,alimentacion_hosteleria,138616.54,4,4,9.1
2025-01-01,C,PRV-012,China,moda_belleza,280751.76,1,1,62.7
2025-01-01,C,PRV-017,España,moda_belleza,210122.1,4,4,6.7
2025-01-01,C,PRV-023,Portugal,moda_belleza,329123.59,3,3,7.2
2025-01-01,C,PRV-029,España,alimentacion_hosteleria,337554.55,6,6,4.6
2025-01-01,C,PRV-031,España,moda_belleza,511847.34,6,6,5.2
2025-01-01,C,PRV-032,Bangladés,hogar_electronica,458401.48,1,1,57.2
2025-01-01,C,PRV-052,Turquía,moda_belleza,260165.96,1,1,18.0
2025-01-01,C,PRV-053,España,alimentacion_hosteleria,111872.83,4,4,8.8
2025-01-01,C,PRV-054,España,hogar_electronica,356573.96,6,6,7.5
2025-01-01,C,PRV-063,España,hogar_electronica,371339.19,4,4,8.9
2025-01-01,C,PRV-068,España,moda_belleza,318179.23,7,7,2.0
2025-01-01,C,PRV-073,Italia,moda_belleza,384217.79,3,3,13.8
2025-01-01,C,PRV-075,España,moda_belleza,379821.48,5,4,6.3
2025-01-01,C,PRV-079,España,moda_belleza,315338.25,4,4,6.0
2025-01-01,C,PRV-082,China,hogar_electronica,247466.28,1,0,85.3
2025-01-01,C,PRV-083,España,moda_belleza,286194.3,4,4,9.0
2025-01-01,C,PRV-086,Vietnam,hogar_electronica,361773.22,1,1,30.6
2025-01-01,C,PRV-090,España,hogar_electronica,547962.4,4,4,6.4
2025-01-01,C,PRV-097,Turquía,moda_belleza,240839.8,2,2,20.4
2025-01-01,C,PRV-100,China,hogar_electronica,323092.29,1,1,31.3
2025-01-01,C,PRV-112,España,hogar_electronica,373417.22,4,4,9.3
2025-01-01,C,PRV-114,España,moda_belleza,397346.4,5,5,6.8
2025-01-01,C,PRV-117,España,moda_belleza,346079.92,3,3,8.9
2025-01-01,D,PRV-001,Turquía,hogar_electronica,360995.02,2,2,25.0
2025-01-01,D,PRV-003,España,alimentacion_hosteleria,189243.6,8,8,3.8
2025-01-01,D,PRV-005,España,moda_belleza,301252.64,6,5,5.5
2025-01-01,D,PRV-007,España,moda_belleza,169946.22,5,5,8.1
2025-01-01,D,PRV-012,China,moda_belleza,205988.29,1,1,70.1
2025-01-01,D,PRV-017,España,moda_belleza,313763.71,4,4,9.1
2025-01-01,D,PRV-019,Bangladés,alimentacion_hosteleria,327328.18,1,1,28.3
2025-01-01,D,PRV-023,Portugal,moda_belleza,370985.72,4,4,13.1
2025-01-01,D,PRV-035,España,moda_belleza,231012.15,6,5,6.3
2025-01-01,D,PRV-043,China,hogar_electronica,335987.2,1,0,55.8
2025-01-01,D,PRV-056,China,hogar_electronica,211226.94,1,1,48.0
2025-01-01,D,PRV-058,Portugal,alimentacion_hosteleria,322929.47,4,4,3.1
2025-01-01,D,PRV-060,Portugal,moda_belleza,265267.62,5,5,6.0
2025-01-01,D,PRV-065,España,alimentacion_hosteleria,345017.98,6,6,8.0
2025-01-01,D,PRV-067,España,hogar_electronica,201648.6,5,5,6.4
2025-01-01,D,PRV-071,Italia,moda_belleza,116164.4,2,2,11.6
2025-01-01,D,PRV-074,España,moda_belleza,321188.71,6,5,5.4
2025-01-01,D,PRV-076,Turquía,moda_belleza,187194.39,1,1,24.8
2025-01-01,D,PRV-080,España,alimentacion_hosteleria,128777.89,4,4,8.1
2025-01-01,D,PRV-083,España,moda_belleza,146983.72,4,4,9.6
2025-01-01,D,PRV-095,España,moda_belleza,287226.77,4,4,7.7
2025-01-01,D,PRV-099,España,moda_belleza,201370.74,5,5,8.1
2025-01-01,D,PRV-109,España,moda_belleza,158084.44,8,8,4.5
2025-01-01,D,PRV-118,España,alimentacion_hosteleria,241232.67,7,7,5.8
2025-01-01,D,PRV-119,Vietnam,alimentacion_hosteleria,182730.28,1,1,53.1
2025-01-01,E,PRV-007,España,moda_belleza,281743.27,3,3,6.9
2025-01-01,E,PRV-012,China,moda_belleza,109340.36,1,1,59.5
2025-01-01,E,PRV-013,Vietnam,moda_belleza,143840.3,1,1,44.8
2025-01-01,E,PRV-036,Italia,moda_belleza,109080.42,2,2,10.9
2025-01-01,E,PRV-037,China,moda_belleza,314213.34,1,1,58.3
2025-01-01,E,PRV-038,China,moda_belleza,307640.04,1,1,4.3
2025-01-01,E,PRV-040,España,moda_belleza,209350.39,5,5,5.9
2025-01-01,E,PRV-041,España,moda_belleza,198576.4,5,5,7.0
2025-01-01,E,PRV-042,Italia,moda_belleza,185788.42,4,4,4.7
2025-01-01,E,PRV-043,China,hogar_electronica,317984.65,1,1,21.5
2025-01-01,E,PRV-053,España,alimentacion_hosteleria,134711.36,4,2,6.6
2025-01-01,E,PRV-058,Portugal,alimentacion_hosteleria,101382.57,4,4,5.4
2025-01-01,E,PRV-060,Portugal,moda_belleza,218348.34,5,5,12.4
2025-01-01,E,PRV-064,España,moda_belleza,353591.66,4,4,6.8
2025-01-01,E,PRV-065,España,alimentacion_hosteleria,191746.78,7,6,4.7
2025-01-01,E,PRV-068,España,moda_belleza,153240.82,7,7,6.3
2025-01-01,E,PRV-073,Italia,moda_belleza,163879.47,3,2,11.6
2025-01-01,E,PRV-077,Bangladés,hogar_electronica,213722.35,1,1,57.4
2025-01-01,E,PRV-083,España,moda_belleza,158443.24,4,4,7.6
2025-01-01,E,PRV-087,España,alimentacion_hosteleria,210249.8,5,5,4.8
2025-01-01,E,PRV-097,Turquía,moda_belleza,158220.11,1,1,29.1
2025-01-01,E,PRV-103,España,moda_belleza,433845.82,6,5,3.9
2025-01-01,E,PRV-105,España,alimentacion_hosteleria,341443.49,9,9,6.6
2025-01-01,E,PRV-111,Turquía,alimentacion_hosteleria,83336.55,2,2,25.3
2025-01-01,E,PRV-117,España,moda_belleza,238092.79,5,5,6.6
2025-02-01,A,PRV-004,China,moda_belleza,667564.7,1,1,53.4
2025-02-01,A,PRV-006,España,alimentacion_hosteleria,297736.89,4,4,8.6
2025-02-01,A,PRV-009,Portugal,moda_belleza,679395.48,2,2,11.0
2025-02-01,A,PRV-012,China,moda_belleza,1038321.41,1,1,50.2
2025-02-01,A,PRV-013,Vietnam,moda_belleza,1015075.68,1,1,59.6
2025-02-01,A,PRV-014,Italia,moda_belleza,758385.21,5,5,8.7
2025-02-01,A,PRV-015,España,hogar_electronica,931580.26,5,5,5.6
2025-02-01,A,PRV-019,Bangladés,alimentacion_hosteleria,523217.17,1,0,51.0
2025-02-01,A,PRV-023,Portugal,moda_belleza,1243666.03,3,2,9.4
2025-02-01,A,PRV-033,España,alimentacion_hosteleria,483954.44,6,6,5.1
2025-02-01,A,PRV-036,Italia,moda_belleza,602464.4,3,3,11.6
2025-02-01,A,PRV-052,Turquía,moda_belleza,1044671.18,1,1,28.7
2025-02-01,A,PRV-057,Turquía,hogar_electronica,943929.29,3,2,7.0
2025-02-01,A,PRV-059,China,hogar_electronica,1283431.75,1,1,51.7
2025-02-01,A,PRV-061,España,hogar_electronica,566610.53,5,5,4.4
2025-02-01,A,PRV-065,España,alimentacion_hosteleria,411467.85,7,7,7.3
2025-02-01,A,PRV-086,Vietnam,hogar_electronica,347796.89,1,0,52.7
2025-02-01,A,PRV-092,España,moda_belleza,721753.79,9,9,4.3
2025-02-01,A,PRV-100,China,hogar_electronica,1129476.46,1,1,31.9
2025-02-01,A,PRV-106,España,alimentacion_hosteleria,428877.83,10,10,4.6
2025-02-01,A,PRV-107,Bangladés,moda_belleza,792250.95,1,0,47.8
2025-02-01,A,PRV-108,China,moda_belleza,1214826.11,1,1,19.3
2025-02-01,A,PRV-110,España,moda_belleza,552250.4,4,4,5.6
2025-02-01,A,PRV-112,España,hogar_electronica,378102.69,6,6,6.4
2025-02-01,A,PRV-115,Portugal,hogar_electronica,947831.95,4,4,6.9
2025-02-01,A,PRV-117,España,moda_belleza,1214797.9,4,4,8.5
2025-02-01,A,PRV-118,España,alimentacion_hosteleria,427743.75,6,5,5.3
2025-02-01,B,PRV-001,Turquía,hogar_electronica,268162.69,2,1,22.1
2025-02-01,B,PRV-004,China,moda_belleza,594006.06,1,1,65.7
2025-02-01,B,PRV-014,Italia,moda_belleza,422272.58,4,4,7.3
2025-02-01,B,PRV-021,España,hogar_electronica,513195.53,4,4,6.6
2025-02-01,B,PRV-026,Italia,moda_belleza,439350.19,3,3,12.2
2025-02-01,B,PRV-030,China,moda_belleza,773688.73,1,1,71.2
2025-02-01,B,PRV-042,Italia,moda_belleza,397635.33,4,3,11.4
2025-02-01,B,PRV-048,Portugal,moda_belleza,523481.63,3,3,13.5
2025-02-01,B,PRV-050,Bangladés,hogar_electronica,764995.39,1,1,64.0
2025-02-01,B,PRV-051,China,hogar_electronica,279896.05,1,1,53.5
2025-02-01,B,PRV-053,España,alimentacion_hosteleria,643610.24,4,4,7.1
2025-02-01,B,PRV-055,Vietnam,alimentacion_hosteleria,767953.31,1,1,23.3
2025-02-01,B,PRV-059,China,hogar_electronica,519298.76,1,1,56.6
2025-02-01,B,PRV-063,España,hogar_electronica,424165.57,3,3,3.3
2025-02-01,B,PRV-064,España,moda_belleza,206899.47,4,4,6.4
2025-02-01,B,PRV-068,España,moda_belleza,478563.12,7,6,2.0
2025-02-01,B,PRV-076,Turquía,moda_belleza,392022.17,1,1,28.9
2025-02-01,B,PRV-080,España,alimentacion_hosteleria,323692.65,4,4,5.0
2025-02-01,B,PRV-082,China,hogar_electronica,404887.6,1,1,63.2
2025-02-01,B,PRV-085,Portugal,hogar_electronica,630334.13,3,3,9.4
2025-02-01,B,PRV-094,China,moda_belleza,592187.36,1,1,85.7
2025-02-01,B,PRV-098,Vietnam,alimentacion_hosteleria,453590.78,1,1,50.5
2025-02-01,B,PRV-099,España,moda_belleza,587034.19,5,4,7.6
2025-02-01,B,PRV-100,China,hogar_electronica,895089.64,1,1,43.3
2025-02-01,B,PRV-107,Bangladés,moda_belleza,287473.7,1,1,45.3
2025-02-01,B,PRV-111,Turquía,alimentacion_hosteleria,186554.54,1,1,20.1
2025-02-01,C,PRV-005,España,moda_belleza,397382.21,4,3,3.4
2025-02-01,C,PRV-009,Portugal,moda_belleza,311406.41,2,2,9.4
2025-02-01,C,PRV-010,Italia,alimentacion_hosteleria,243347.63,3,3,3.8
2025-02-01,C,PRV-012,China,moda_belleza,266175.91,1,0,54.6
2025-02-01,C,PRV-017,España,moda_belleza,209982.48,3,3,10.9
2025-02-01,C,PRV-023,Portugal,moda_belleza,362647.58,3,3,12.8
2025-02-01,C,PRV-029,España,alimentacion_hosteleria,429061.46,8,7,4.0
2025-02-01,C,PRV-031,España,moda_belleza,481057.82,5,5,5.8
2025-02-01,C,PRV-032,Bangladés,hogar_electronica,457769.82,1,0,69.7
2025-02-01,C,PRV-052,Turquía,moda_belleza,301527.27,2,1,27.1
2025-02-01,C,PRV-053,España,alimentacion_hosteleria,120910.0,6,6,5.9
2025-02-01,C,PRV-054,España,hogar_electronica,435978.1,6,6,7.5
2025-02-01,C,PRV-063,España,hogar_electronica,485371.21,5,5,8.2
2025-02-01,C,PRV-068,España,moda_belleza,351129.02,9,9,3.0
2025-02-01,C,PRV-073,Italia,moda_belleza,405062.02,2,2,6.5
2025-02-01,C,PRV-075,España,moda_belleza,539094.35,4,3,7.2
2025-02-01,C,PRV-079,España,moda_belleza,239352.73,5,5,4.3
2025-02-01,C,PRV-082,China,hogar_electronica,303315.33,1,1,96.4
2025-02-01,C,PRV-083,España,moda_belleza,365894.62,4,4,8.0
2025-02-01,C,PRV-086,Vietnam,hogar_electronica,395283.84,1,1,63.3
2025-02-01,C,PRV-090,España,hogar_electronica,580291.65,4,4,10.1
2025-02-01,C,PRV-097,Turquía,moda_belleza,182601.86,1,1,19.1
2025-02-01,C,PRV-100,China,hogar_electronica,465245.19,1,0,48.3
2025-02-01,C,PRV-112,España,hogar_electronica,418208.17,4,4,9.4
2025-02-01,C,PRV-114,España,moda_belleza,421234.78,6,6,6.2
2025-02-01,C,PRV-117,España,moda_belleza,414916.94,4,4,8.4
2025-02-01,D,PRV-001,Turquía,hogar_electronica,317012.03,1,1,16.3
2025-02-01,D,PRV-003,España,alimentacion_hosteleria,138404.29,4,4,7.3
2025-02-01,D,PRV-005,España,moda_belleza,317840.56,5,5,5.6
2025-02-01,D,PRV-007,España,moda_belleza,190666.37,3,3,11.8
2025-02-01,D,PRV-012,China,moda_belleza,198441.83,1,1,44.8
2025-02-01,D,PRV-017,España,moda_belleza,365945.68,3,3,9.9
2025-02-01,D,PRV-019,Bangladés,alimentacion_hosteleria,360800.16,1,0,32.0
2025-02-01,D,PRV-023,Portugal,moda_belleza,327937.75,3,2,5.1
2025-02-01,D,PRV-035,España,moda_belleza,197708.83,4,4,4.5
2025-02-01,D,PRV-043,China,hogar_electronica,344200.83,1,0,48.3
2025-02-01,D,PRV-056,China,hogar_electronica,141072.1,1,0,53.7
2025-02-01,D,PRV-058,Portugal,alimentacion_hosteleria,290495.74,5,5,7.2
2025-02-01,D,PRV-060,Portugal,moda_belleza,321136.32,5,5,7.3
2025-02-01,D,PRV-065,España,alimentacion_hosteleria,453401.45,7,5,5.0
2025-02-01,D,PRV-067,España,hogar_electronica,122497.55,5,5,7.6
2025-02-01,D,PRV-071,Italia,moda_belleza,150928.57,3,3,10.5
2025-02-01,D,PRV-074,España,moda_belleza,326205.3,8,8,3.5
2025-02-01,D,PRV-076,Turquía,moda_belleza,222110.68,1,1,32.2
2025-02-01,D,PRV-080,España,alimentacion_hosteleria,166496.11,4,4,5.2
2025-02-01,D,PRV-083,España,moda_belleza,133925.5,4,4,4.9
2025-02-01,D,PRV-095,España,moda_belleza,406508.64,6,5,6.5
2025-02-01,D,PRV-099,España,moda_belleza,246822.77,4,4,8.7
2025-02-01,D,PRV-109,España,moda_belleza,227480.94,7,6,2.4
2025-02-01,D,PRV-118,España,alimentacion_hosteleria,229992.54,5,5,4.1
2025-02-01,D,PRV-119,Vietnam,alimentacion_hosteleria,173821.6,1,1,11.2
2025-02-01,E,PRV-007,España,moda_belleza,280151.73,3,3,8.2
2025-02-01,E,PRV-012,China,moda_belleza,140904.69,1,0,57.2
2025-02-01,E,PRV-013,Vietnam,moda_belleza,148682.46,1,1,47.6
2025-02-01,E,PRV-036,Italia,moda_belleza,138591.18,3,3,18.3
2025-02-01,E,PRV-037,China,moda_belleza,353480.11,1,1,57.4
2025-02-01,E,PRV-038,China,moda_belleza,353662.09,1,1,33.7
2025-02-01,E,PRV-040,España,moda_belleza,234894.44,3,3,5.2
2025-02-01,E,PRV-041,España,moda_belleza,302146.18,5,3,7.1
2025-02-01,E,PRV-042,Italia,moda_belleza,169809.77,3,3,8.3
2025-02-01,E,PRV-043,China,hogar_electronica,395017.15,1,1,50.5
2025-02-01,E,PRV-053,España,alimentacion_hosteleria,119251.46,5,4,4.8
2025-02-01,E,PRV-058,Portugal,alimentacion_hosteleria,114713.22,5,5,7.7
2025-02-01,E,PRV-060,Portugal,moda_belleza,268586.57,4,4,9.0
2025-02-01,E,PRV-064,España,moda_belleza,387750.25,5,4,6.2
2025-02-01,E,PRV-065,España,alimentacion_hosteleria,225174.81,6,6,8.7
2025-02-01,E,PRV-068,España,moda_belleza,165288.84,8,8,2.0
2025-02-01,E,PRV-073,Italia,moda_belleza,193416.64,2,2,12.5
2025-02-01,E,PRV-077,Bangladés,hogar_electronica,228521.45,1,1,34.1
2025-02-01,E,PRV-083,España,moda_belleza,181614.95,4,4,6.9
2025-02-01,E,PRV-087,España,alimentacion_hosteleria,253528.26,4,4,7.6
2025-02-01,E,PRV-097,Turquía,moda_belleza,186998.05,2,2,27.3
2025-02-01,E,PRV-103,España,moda_belleza,249918.13,5,5,7.7
2025-02-01,E,PRV-105,España,alimentacion_hosteleria,245186.52,6,6,5.4
2025-02-01,E,PRV-111,Turquía,alimentacion_hosteleria,110985.6,2,2,14.5
2025-02-01,E,PRV-117,España,moda_belleza,279951.2,4,4,8.5
2025-03-01,A,PRV-004,China,moda_belleza,880998.06,1,1,42.0
2025-03-01,A,PRV-006,España,alimentacion_hosteleria,389994.05,6,6,7.1
2025-03-01,A,PRV-009,Portugal,moda_belleza,714948.14,3,3,12.1
2025-03-01,A,PRV-012,China,moda_belleza,965206.59,1,1,74.4
2025-03-01,A,PRV-013,Vietnam,moda_belleza,869875.19,1,0,26.4
2025-03-01,A,PRV-014,Italia,moda_belleza,736806.92,3,3,10.8
2025-03-01,A,PRV-015,España,hogar_electronica,659337.81,4,4,7.2
2025-03-01,A,PRV-019,Bangladés,alimentacion_hosteleria,471316.74,1,1,35.2
2025-03-01,A,PRV-023,Portugal,moda_belleza,1282424.35,4,3,8.5
2025-03-01,A,PRV-033,España,alimentacion_hosteleria,420240.8,6,6,4.6
2025-03-01,A,PRV-036,Italia,moda_belleza,644401.14,2,2,11.1
2025-03-01,A,PRV-052,Turquía,moda_belleza,790305.02,2,2,30.6
2025-03-01,A,PRV-057,Turquía,hogar_electronica,802683.26,2,2,14.2
2025-03-01,A,PRV-059,China,hogar_electronica,933916.02,1,1,53.2
2025-03-01,A,PRV-061,España,hogar_electronica,470255.08,4,4,7.0
2025-03-01,A,PRV-065,España,alimentacion_hosteleria,338793.04,6,6,6.8
2025-03-01,A,PRV-086,Vietnam,hogar_electronica,267193.1,1,1,55.3
2025-03-01,A,PRV-092,España,moda_belleza,523371.52,6,6,2.0
2025-03-01,A,PRV-100,China,hogar_electronica,1322850.81,1,1,67.6
2025-03-01,A,PRV-106,España,alimentacion_hosteleria,393687.84,5,3,8.5
2025-03-01,A,PRV-107,Bangladés,moda_belleza,944574.72,1,1,60.8
2025-03-01,A,PRV-108,China,moda_belleza,1019644.65,1,1,56.7
2025-03-01,A,PRV-110,España,moda_belleza,573113.48,3,3,6.6
2025-03-01,A,PRV-112,España,hogar_electronica,335232.55,3,3,4.9
2025-03-01,A,PRV-115,Portugal,hogar_electronica,811578.22,4,4,7.9
2025-03-01,A,PRV-117,España,moda_belleza,1482236.64,4,4,5.6
2025-03-01,A,PRV-118,España,alimentacion_hosteleria,432157.14,6,6,4.4
2025-03-01,B,PRV-001,Turquía,hogar_electronica,386300.17,2,2,22.6
2025-03-01,B,PRV-004,China,moda_belleza,595111.07,1,1,59.1
2025-03-01,B,PRV-014,Italia,moda_belleza,445667.01,3,3,16.1
2025-03-01,B,PRV-021,España,hogar_electronica,982260.55,4,4,6.1
2025-03-01,B,PRV-026,Italia,moda_belleza,527544.52,2,1,13.5
2025-03-01,B,PRV-030,China,moda_belleza,825826.84,1,1,34.8
2025-03-01,B,PRV-042,Italia,moda_belleza,412267.72,4,4,8.1
2025-03-01,B,PRV-048,Portugal,moda_belleza,441901.28,3,3,11.0
2025-03-01,B,PRV-050,Bangladés,hogar_electronica,710590.24,1,1,54.4
2025-03-01,B,PRV-051,China,hogar_electronica,278740.53,1,1,42.9
2025-03-01,B,PRV-053,España,alimentacion_hosteleria,615633.45,5,5,8.5
2025-03-01,B,PRV-055,Vietnam,alimentacion_hosteleria,717529.41,1,0,19.0
2025-03-01,B,PRV-059,China,hogar_electronica,424851.12,1,1,50.4
2025-03-01,B,PRV-063,España,hogar_electronica,371869.72,3,2,7.6
2025-03-01,B,PRV-064,España,moda_belleza,225251.52,4,4,6.5
2025-03-01,B,PRV-068,España,moda_belleza,439839.88,5,5,5.1
2025-03-01,B,PRV-076,Turquía,moda_belleza,608918.91,1,1,31.2
2025-03-01,B,PRV-080,España,alimentacion_hosteleria,279604.94,4,3,5.8
2025-03-01,B,PRV-082,China,hogar_electronica,409571.34,1,1,57.8
2025-03-01,B,PRV-085,Portugal,hogar_electronica,583661.78,4,3,7.6
2025-03-01,B,PRV-094,China,moda_belleza,779655.47,1,0,61.9
2025-03-01,B,PRV-098,Vietnam,alimentacion_hosteleria,583829.01,1,1,33.5
2025-03-01,B,PRV-099,España,moda_belleza,673242.92,4,4,6.1
2025-03-01,B,PRV-100,China,hogar_electronica,875516.03,1,1,54.5
2025-03-01,B,PRV-107,Bangladés,moda_belleza,302098.05,1,0,34.7
2025-03-01,B,PRV-111,Turquía,alimentacion_hosteleria,280038.7,1,1,34.3
2025-03-01,C,PRV-005,España,moda_belleza,370678.16,4,4,5.9
2025-03-01,C,PRV-009,Portugal,moda_belleza,326902.72,3,3,10.8
2025-03-01,C,PRV-010,Italia,alimentacion_hosteleria,191208.5,4,4,6.2
2025-03-01,C,PRV-012,China,moda_belleza,263758.78,1,1,79.7
2025-03-01,C,PRV-017,España,moda_belleza,253251.95,3,3,8.4
2025-03-01,C,PRV-023,Portugal,moda_belleza,310921.7,3,2,10.8
2025-03-01,C,PRV-029,España,alimentacion_hosteleria,358157.0,5,3,7.6
2025-03-01,C,PRV-031,España,moda_belleza,485329.17,5,5,10.0
2025-03-01,C,PRV-032,Bangladés,hogar_electronica,451526.79,1,0,64.0
2025-03-01,C,PRV-052,Turquía,moda_belleza,278040.86,1,1,23.8
2025-03-01,C,PRV-053,España,alimentacion_hosteleria,131549.8,3,3,8.2
2025-03-01,C,PRV-054,España,hogar_electronica,388662.08,5,5,2.7
2025-03-01,C,PRV-063,España,hogar_electronica,552967.46,4,3,6.1
2025-03-01,C,PRV-068,España,moda_belleza,264332.34,7,6,2.0
2025-03-01,C,PRV-073,Italia,moda_belleza,434575.46,3,3,15.4
2025-03-01,C,PRV-075,España,moda_belleza,425418.83,4,4,7.8
2025-03-01,C,PRV-079,España,moda_belleza,245840.19,4,4,6.9
2025-03-01,C,PRV-082,China,hogar_electronica,304847.93,1,0,69.7
2025-03-01,C,PRV-083,España,moda_belleza,441150.01,4,4,5.2
2025-03-01,C,PRV-086,Vietnam,hogar_electronica,364838.15,1,1,48.6
2025-03-01,C,PRV-090,España,hogar_electronica,409509.16,4,4,9.6
2025-03-01,C,PRV-097,Turquía,moda_belleza,218956.13,1,1,25.3
2025-03-01,C,PRV-100,China,hogar_electronica,407138.99,1,1,55.8
2025-03-01,C,PRV-112,España,hogar_electronica,311070.89,4,4,7.2
2025-03-01,C,PRV-114,España,moda_belleza,384104.09,6,4,7.3
2025-03-01,C,PRV-117,España,moda_belleza,460378.67,5,5,8.2
2025-03-01,D,PRV-001,Turquía,hogar_electronica,254040.32,1,1,8.4
2025-03-01,D,PRV-003,España,alimentacion_hosteleria,198592.37,7,5,5.8
2025-03-01,D,PRV-005,España,moda_belleza,385210.92,5,5,6.1
2025-03-01,D,PRV-007,España,moda_belleza,284025.02,4,4,4.1
2025-03-01,D,PRV-012,China,moda_belleza,280120.57,1,1,62.1
2025-03-01,D,PRV-017,España,moda_belleza,355812.77,3,3,8.6
2025-03-01,D,PRV-019,Bangladés,alimentacion_hosteleria,322658.73,1,1,46.3
2025-03-01,D,PRV-023,Portugal,moda_belleza,429627.08,2,1,8.5
2025-03-01,D,PRV-035,España,moda_belleza,216186.54,4,4,11.6
2025-03-01,D,PRV-043,China,hogar_electronica,324203.49,1,1,38.7
2025-03-01,D,PRV-056,China,hogar_electronica,165707.64,1,1,59.5
2025-03-01,D,PRV-058,Portugal,alimentacion_hosteleria,258070.17,4,4,14.2
2025-03-01,D,PRV-060,Portugal,moda_belleza,229651.05,4,3,10.1
2025-03-01,D,PRV-065,España,alimentacion_hosteleria,464690.36,7,6,7.1
2025-03-01,D,PRV-067,España,hogar_electronica,167896.61,6,6,7.2
2025-03-01,D,PRV-071,Italia,moda_belleza,158400.08,3,3,7.3
2025-03-01,D,PRV-074,España,moda_belleza,307042.25,5,3,2.7
2025-03-01,D,PRV-076,Turquía,moda_belleza,194191.15,1,1,28.3
2025-03-01,D,PRV-080,España,alimentacion_hosteleria,145571.98,4,3,6.7
2025-03-01,D,PRV-083,España,moda_belleza,147565.19,3,3,6.7
2025-03-01,D,PRV-095,España,moda_belleza,347420.53,5,4,9.5
2025-03-01,D,PRV-099,España,moda_belleza,301633.95,5,5,6.7
2025-03-01,D,PRV-109,España,moda_belleza,285991.35,6,6,2.2
2025-03-01,D,PRV-118,España,alimentacion_hosteleria,184190.4,6,6,6.7
2025-03-01,D,PRV-119,Vietnam,alimentacion_hosteleria,224132.95,1,1,32.7
2025-03-01,E,PRV-007,España,moda_belleza,390067.05,4,4,8.3
2025-03-01,E,PRV-012,China,moda_belleza,101154.35,1,0,51.0
2025-03-01,E,PRV-013,Vietnam,moda_belleza,178391.83,1,1,43.6
2025-03-01,E,PRV-036,Italia,moda_belleza,155627.42,3,3,15.5
2025-03-01,E,PRV-037,China,moda_belleza,346790.95,1,1,63.0
2025-03-01,E,PRV-038,China,moda_belleza,355829.36,1,1,45.7
2025-03-01,E,PRV-040,España,moda_belleza,170342.93,5,5,6.3
2025-03-01,E,PRV-041,España,moda_belleza,326063.62,5,5,2.8
2025-03-01,E,PRV-042,Italia,moda_belleza,163967.81,3,2,11.2
2025-03-01,E,PRV-043,China,hogar_electronica,310209.12,1,1,45.1
2025-03-01,E,PRV-053,España,alimentacion_hosteleria,136769.82,4,2,6.1
2025-03-01,E,PRV-058,Portugal,alimentacion_hosteleria,97673.91,3,3,9.4
2025-03-01,E,PRV-060,Portugal,moda_belleza,181922.85,5,5,6.1
2025-03-01,E,PRV-064,España,moda_belleza,313339.51,4,3,10.3
2025-03-01,E,PRV-065,España,alimentacion_hosteleria,202698.53,7,5,6.2
2025-03-01,E,PRV-068,España,moda_belleza,146615.0,7,7,2.0
2025-03-01,E,PRV-073,Italia,moda_belleza,171648.28,3,3,16.6
2025-03-01,E,PRV-077,Bangladés,hogar_electronica,230394.02,1,0,76.1
2025-03-01,E,PRV-083,España,moda_belleza,217872.03,3,3,7.6
2025-03-01,E,PRV-087,España,alimentacion_hosteleria,211369.28,3,3,5.9
2025-03-01,E,PRV-097,Turquía,moda_belleza,218557.57,2,2,18.5
2025-03-01,E,PRV-103,España,moda_belleza,301054.85,6,6,4.1
2025-03-01,E,PRV-105,España,alimentacion_hosteleria,383713.5,7,7,6.0
2025-03-01,E,PRV-111,Turquía,alimentacion_hosteleria,103617.92,1,1,24.0
2025-03-01,E,PRV-117,España,moda_belleza,264350.31,4,4,3.9
2025-04-01,A,PRV-004,China,moda_belleza,952486.29,1,1,65.7
2025-04-01,A,PRV-006,España,alimentacion_hosteleria,379365.82,3,3,8.8
2025-04-01,A,PRV-009,Portugal,moda_belleza,610063.3,3,3,8.9
2025-04-01,A,PRV-012,China,moda_belleza,1084105.63,1,1,80.8
2025-04-01,A,PRV-013,Vietnam,moda_belleza,673663.59,1,1,33.3
2025-04-01,A,PRV-014,Italia,moda_belleza,729238.87,5,5,4.8
2025-04-01,A,PRV-015,España,hogar_electronica,779388.78,6,6,6.3
2025-04-01,A,PRV-019,Bangladés,alimentacion_hosteleria,455736.2,1,1,28.0
2025-04-01,A,PRV-023,Portugal,moda_belleza,1464304.29,3,2,9.4
2025-04-01,A,PRV-033,España,alimentacion_hosteleria,541742.11,7,7,4.0
2025-04-01,A,PRV-036,Italia,moda_belleza,823020.75,2,2,12.4
2025-04-01,A,PRV-052,Turquía,moda_belleza,1337783.26,1,1,16.2
2025-04-01,A,PRV-057,Turquía,hogar_electronica,1024796.59,3,2,5.6
2025-04-01,A,PRV-059,China,hogar_electronica,1107143.3,1,0,45.5
2025-04-01,A,PRV-061,España,hogar_electronica,497173.84,4,4,5.9
2025-04-01,A,PRV-065,España,alimentacion_hosteleria,337693.08,6,6,6.4
2025-04-01,A,PRV-086,Vietnam,hogar_electronica,382042.65,1,1,45.6
2025-04-01,A,PRV-092,España,moda_belleza,896983.3,9,9,4.2
2025-04-01,A,PRV-100,China,hogar_electronica,1097342.21,1,1,48.8
2025-04-01,A,PRV-106,España,alimentacion_hosteleria,354915.07,5,5,3.3
2025-04-01,A,PRV-107,Bangladés,moda_belleza,802791.43,1,1,49.4
2025-04-01,A,PRV-108,China,moda_belleza,1261525.71,1,1,53.6
2025-04-01,A,PRV-110,España,moda_belleza,529143.2,5,5,5.9
2025-04-01,A,PRV-112,España,hogar_electronica,393656.84,4,4,4.9
2025-04-01,A,PRV-115,Portugal,hogar_electronica,980509.54,4,4,6.6
2025-04-01,A,PRV-117,España,moda_belleza,1094343.14,4,4,8.9
2025-04-01,A,PRV-118,España,alimentacion_hosteleria,306371.99,6,6,3.3
2025-04-01,B,PRV-001,Turquía,hogar_electronica,343834.89,2,1,12.0
2025-04-01,B,PRV-004,China,moda_belleza,498545.55,1,1,46.8
2025-04-01,B,PRV-014,Italia,moda_belleza,538110.16,4,4,11.7
2025-04-01,B,PRV-021,España,hogar_electronica,589680.55,4,4,5.3
2025-04-01,B,PRV-026,Italia,moda_belleza,482099.95,3,3,11.9
2025-04-01,B,PRV-030,China,moda_belleza,761112.97,1,1,56.8
2025-04-01,B,PRV-042,Italia,moda_belleza,367956.12,5,5,5.7
2025-04-01,B,PRV-048,Portugal,moda_belleza,468557.91,4,4,17.5
2025-04-01,B,PRV-050,Bangladés,hogar_electronica,739196.26,1,1,56.3
2025-04-01,B,PRV-051,China,hogar_electronica,319951.64,1,1,60.2
2025-04-01,B,PRV-053,España,alimentacion_hosteleria,678447.76,3,2,6.9
2025-04-01,B,PRV-055,Vietnam,alimentacion_hosteleria,652727.71,1,1,28.7
2025-04-01,B,PRV-059,China,hogar_electronica,493793.02,1,1,38.3
2025-04-01,B,PRV-063,España,hogar_electronica,406071.01,6,5,8.1
2025-04-01,B,PRV-064,España,moda_belleza,224880.23,4,4,9.0
2025-04-01,B,PRV-068,España,moda_belleza,525967.02,9,8,2.0
2025-04-01,B,PRV-076,Turquía,moda_belleza,503883.35,1,1,27.1
2025-04-01,B,PRV-080,España,alimentacion_hosteleria,332222.17,4,4,7.3
2025-04-01,B,PRV-082,China,hogar_electronica,403369.9,1,1,88.4
2025-04-01,B,PRV-085,Portugal,hogar_electronica,636049.04,2,0,10.4
2025-04-01,B,PRV-094,China,moda_belleza,671064.27,1,1,62.9
2025-04-01,B,PRV-098,Vietnam,alimentacion_hosteleria,579196.86,1,0,47.4
2025-04-01,B,PRV-099,España,moda_belleza,770363.6,5,4,7.0
2025-04-01,B,PRV-100,China,hogar_electronica,642591.69,1,1,43.4
2025-04-01,B,PRV-107,Bangladés,moda_belleza,349858.71,1,0,18.5
2025-04-01,B,PRV-111,Turquía,alimentacion_hosteleria,235469.92,1,1,26.0
2025-04-01,C,PRV-005,España,moda_belleza,409370.64,4,4,4.2
2025-04-01,C,PRV-009,Portugal,moda_belleza,449483.4,3,3,7.6
2025-04-01,C,PRV-010,Italia,alimentacion_hosteleria,203843.1,2,1,7.2
2025-04-01,C,PRV-012,China,moda_belleza,317403.31,1,1,54.8
2025-04-01,C,PRV-017,España,moda_belleza,230854.24,3,3,7.2
2025-04-01,C,PRV-023,Portugal,moda_belleza,398329.82,4,4,5.6
2025-04-01,C,PRV-029,España,alimentacion_hosteleria,387342.25,7,7,5.3
2025-04-01,C,PRV-031,España,moda_belleza,540863.38,3,3,4.6
2025-04-01,C,PRV-032,Bangladés,hogar_electronica,413024.26,1,0,76.4
2025-04-01,C,PRV-052,Turquía,moda_belleza,353766.61,2,1,27.0
2025-04-01,C,PRV-053,España,alimentacion_hosteleria,116558.54,5,4,5.7
2025-04-01,C,PRV-054,España,hogar_electronica,463823.56,5,4,4.7
2025-04-01,C,PRV-063,España,hogar_electronica,323338.63,3,3,7.0
2025-04-01,C,PRV-068,España,moda_belleza,365953.94,6,6,5.9
2025-04-01,C,PRV-073,Italia,moda_belleza,391490.54,3,3,9.9
2025-04-01,C,PRV-075,España,moda_belleza,375951.9,4,4,8.6
2025-04-01,C,PRV-079,España,moda_belleza,315941.69,3,2,5.1
2025-04-01,C,PRV-082,China,hogar_electronica,351071.44,1,1,46.3
2025-04-01,C,PRV-083,España,moda_belleza,396208.6,3,3,8.8
2025-04-01,C,PRV-086,Vietnam,hogar_electronica,268351.21,1,1,40.6
2025-04-01,C,PRV-090,España,hogar_electronica,500780.3,4,4,8.2
2025-04-01,C,PRV-097,Turquía,moda_belleza,214320.66,2,1,16.1
2025-04-01,C,PRV-100,China,hogar_electronica,461629.61,1,1,57.8
2025-04-01,C,PRV-112,España,hogar_electronica,395518.45,5,5,5.3
2025-04-01,C,PRV-114,España,moda_belleza,363769.43,5,4,8.6
2025-04-01,C,PRV-117,España,moda_belleza,492809.07,4,4,5.8
2025-04-01,D,PRV-001,Turquía,hogar_electronica,279968.73,1,1,20.2
2025-04-01,D,PRV-003,España,alimentacion_hosteleria,210600.03,6,5,5.7
2025-04-01,D,PRV-005,España,moda_belleza,409847.43,5,5,4.8
2025-04-01,D,PRV-007,España,moda_belleza,169638.2,4,4,5.5
2025-04-01,D,PRV-012,China,moda_belleza,197052.28,1,1,66.8
2025-04-01,D,PRV-017,España,moda_belleza,393089.22,3,3,8.4
2025-04-01,D,PRV-019,Bangladés,alimentacion_hosteleria,320946.38,1,1,14.8
2025-04-01,D,PRV-023,Portugal,moda_belleza,310158.9,3,3,6.9
2025-04-01,D,PRV-035,España,moda_belleza,164701.26,4,3,5.5
2025-04-01,D,PRV-043,China,hogar_electronica,377070.13,1,1,36.6
2025-04-01,D,PRV-056,China,hogar_electronica,254704.31,1,1,76.6
2025-04-01,D,PRV-058,Portugal,alimentacion_hosteleria,359270.92,6,6,9.1
2025-04-01,D,PRV-060,Portugal,moda_belleza,288931.1,5,5,7.1
2025-04-01,D,PRV-065,España,alimentacion_hosteleria,357729.12,6,6,4.3
2025-04-01,D,PRV-067,España,hogar_electronica,201715.71,4,4,6.7
2025-04-01,D,PRV-071,Italia,moda_belleza,121251.51,3,3,10.2
2025-04-01,D,PRV-074,España,moda_belleza,392587.84,8,5,7.2
2025-04-01,D,PRV-076,Turquía,moda_belleza,221828.89,1,1,27.9
2025-04-01,D,PRV-080,España,alimentacion_hosteleria,169392.75,4,3,9.7
2025-04-01,D,PRV-083,España,moda_belleza,169553.09,5,5,7.4
2025-04-01,D,PRV-095,España,moda_belleza,229205.48,5,5,7.4
2025-04-01,D,PRV-099,España,moda_belleza,198110.98,4,4,9.7
2025-04-01,D,PRV-109,España,moda_belleza,296855.7,8,8,3.7
2025-04-01,D,PRV-118,España,alimentacion_hosteleria,215347.91,7,7,4.2
2025-04-01,D,PRV-119,Vietnam,alimentacion_hosteleria,203788.86,1,0,29.0
2025-04-01,E,PRV-007,España,moda_belleza,310445.36,3,3,10.7
2025-04-01,E,PRV-012,China,moda_belleza,131061.4,1,1,57.1
2025-04-01,E,PRV-013,Vietnam,moda_belleza,216971.88,1,1,50.5
2025-04-01,E,PRV-036,Italia,moda_belleza,114835.08,3,3,14.9
2025-04-01,E,PRV-037,China,moda_belleza,410732.3,1,1,65.8
2025-04-01,E,PRV-038,China,moda_belleza,360250.57,1,0,34.1
2025-04-01,E,PRV-040,España,moda_belleza,205123.03,4,4,7.0
2025-04-01,E,PRV-041,España,moda_belleza,227684.59,4,4,3.6
2025-04-01,E,PRV-042,Italia,moda_belleza,173222.25,2,2,8.5
2025-04-01,E,PRV-043,China,hogar_electronica,326329.49,1,1,49.0
2025-04-01,E,PRV-053,España,alimentacion_hosteleria,131093.88,4,4,7.2
2025-04-01,E,PRV-058,Portugal,alimentacion_hosteleria,107411.45,4,4,10.2
2025-04-01,E,PRV-060,Portugal,moda_belleza,224716.39,5,5,6.9
2025-04-01,E,PRV-064,España,moda_belleza,329473.22,3,2,9.9
2025-04-01,E,PRV-065,España,alimentacion_hosteleria,154201.26,5,5,3.7
2025-04-01,E,PRV-068,España,moda_belleza,211039.06,10,10,4.7
2025-04-01,E,PRV-073,Italia,moda_belleza,156417.51,2,1,14.2
2025-04-01,E,PRV-077,Bangladés,hogar_electronica,274096.57,1,1,84.1
2025-04-01,E,PRV-083,España,moda_belleza,168613.04,4,4,6.1
2025-04-01,E,PRV-087,España,alimentacion_hosteleria,230189.93,4,4,7.7
2025-04-01,E,PRV-097,Turquía,moda_belleza,175338.97,1,1,17.3
2025-04-01,E,PRV-103,España,moda_belleza,365989.45,4,4,6.8
2025-04-01,E,PRV-105,España,alimentacion_hosteleria,325292.12,7,7,4.9
2025-04-01,E,PRV-111,Turquía,alimentacion_hosteleria,105868.03,2,2,8.9
2025-04-01,E,PRV-117,España,moda_belleza,272868.09,5,5,7.5
2025-05-01,A,PRV-004,China,moda_belleza,857676.44,1,1,47.1
2025-05-01,A,PRV-006,España,alimentacion_hosteleria,421071.53,3,3,5.1
2025-05-01,A,PRV-009,Portugal,moda_belleza,863040.7,3,3,7.6
2025-05-01,A,PRV-012,China,moda_belleza,1187144.56,1,1,57.9
2025-05-01,A,PRV-013,Vietnam,moda_belleza,1082146.95,1,1,38.8
2025-05-01,A,PRV-014,Italia,moda_belleza,839721.21,3,3,10.3
2025-05-01,A,PRV-015,España,hogar_electronica,667611.44,4,3,4.1
2025-05-01,A,PRV-019,Bangladés,alimentacion_hosteleria,446237.84,1,0,31.0
2025-05-01,A,PRV-023,Portugal,moda_belleza,983278.07,4,4,9.8
2025-05-01,A,PRV-033,España,alimentacion_hosteleria,548464.57,5,5,6.8
2025-05-01,A,PRV-036,Italia,moda_belleza,736957.16,2,2,10.5
2025-05-01,A,PRV-052,Turquía,moda_belleza,1090032.96,2,2,16.3
2025-05-01,A,PRV-057,Turquía,hogar_electronica,826539.34,3,3,15.2
2025-05-01,A,PRV-059,China,hogar_electronica,1625302.92,1,1,54.7
2025-05-01,A,PRV-061,España,hogar_electronica,620498.11,4,3,4.7
2025-05-01,A,PRV-065,España,alimentacion_hosteleria,328174.43,6,5,5.2
2025-05-01,A,PRV-086,Vietnam,hogar_electronica,392940.71,1,1,33.3
2025-05-01,A,PRV-092,España,moda_belleza,594126.63,7,6,6.2
2025-05-01,A,PRV-100,China,hogar_electronica,1029125.19,1,1,66.1
2025-05-01,A,PRV-106,España,alimentacion_hosteleria,382815.06,7,7,2.0
2025-05-01,A,PRV-107,Bangladés,moda_belleza,953377.86,1,1,64.4
2025-05-01,A,PRV-108,China,moda_belleza,1443794.08,1,1,48.0
2025-05-01,A,PRV-110,España,moda_belleza,676570.21,4,3,7.6
2025-05-01,A,PRV-112,España,hogar_electronica,479651.15,5,5,7.2
2025-05-01,A,PRV-115,Portugal,hogar_electronica,1308449.18,3,2,6.6
2025-05-01,A,PRV-117,España,moda_belleza,1134303.54,3,3,8.0
2025-05-01,A,PRV-118,España,alimentacion_hosteleria,565358.13,5,5,5.0
2025-05-01,B,PRV-001,Turquía,hogar_electronica,328510.68,2,1,6.8
2025-05-01,B,PRV-004,China,moda_belleza,645708.13,1,1,41.2
2025-05-01,B,PRV-014,Italia,moda_belleza,422673.34,5,5,7.4
2025-05-01,B,PRV-021,España,hogar_electronica,719944.51,5,5,6.1
2025-05-01,B,PRV-026,Italia,moda_belleza,634125.2,3,2,8.1
2025-05-01,B,PRV-030,China,moda_belleza,877012.35,1,0,40.3
2025-05-01,B,PRV-042,Italia,moda_belleza,446358.79,3,3,7.1
2025-05-01,B,PRV-048,Portugal,moda_belleza,412765.59,3,3,8.4
2025-05-01,B,PRV-050,Bangladés,hogar_electronica,729115.63,1,1,68.9
2025-05-01,B,PRV-051,China,hogar_electronica,346773.94,1,1,53.2
2025-05-01,B,PRV-053,España,alimentacion_hosteleria,754464.87,5,5,5.6
2025-05-01,B,PRV-055,Vietnam,alimentacion_hosteleria,675652.17,1,1,46.4
2025-05-01,B,PRV-059,China,hogar_electronica,474271.22,1,1,49.3
2025-05-01,B,PRV-063,España,hogar_electronica,355813.69,5,5,4.5
2025-05-01,B,PRV-064,España,moda_belleza,253858.61,6,6,6.7
2025-05-01,B,PRV-068,España,moda_belleza,578404.95,6,6,2.0
2025-05-01,B,PRV-076,Turquía,moda_belleza,450288.95,1,1,24.9
2025-05-01,B,PRV-080,España,alimentacion_hosteleria,300645.08,5,5,8.4
2025-05-01,B,PRV-082,China,hogar_electronica,417019.41,1,1,66.1
2025-05-01,B,PRV-085,Portugal,hogar_electronica,686688.38,3,3,8.6
2025-05-01,B,PRV-094,China,moda_belleza,679874.51,1,1,55.0
2025-05-01,B,PRV-098,Vietnam,alimentacion_hosteleria,683436.57,1,1,32.6
2025-05-01,B,PRV-099,España,moda_belleza,799260.36,5,5,5.6
2025-05-01,B,PRV-100,China,hogar_electronica,923592.21,1,1,43.4
2025-05-01,B,PRV-107,Bangladés,moda_belleza,395265.63,1,1,39.1
2025-05-01,B,PRV-111,Turquía,alimentacion_hosteleria,277044.32,1,1,19.6
2025-05-01,C,PRV-005,España,moda_belleza,315708.58,4,4,6.0
2025-05-01,C,PRV-009,Portugal,moda_belleza,356130.07,3,3,7.3
2025-05-01,C,PRV-010,Italia,alimentacion_hosteleria,186685.08,3,2,5.9
2025-05-01,C,PRV-012,China,moda_belleza,395287.57,1,1,52.7
2025-05-01,C,PRV-017,España,moda_belleza,277196.56,2,2,9.2
2025-05-01,C,PRV-023,Portugal,moda_belleza,473581.03,3,3,10.2
2025-05-01,C,PRV-029,España,alimentacion_hosteleria,407400.06,7,5,2.9
2025-05-01,C,PRV-031,España,moda_belleza,601331.36,5,5,3.7
2025-05-01,C,PRV-032,Bangladés,hogar_electronica,535859.49,1,1,78.3
2025-05-01,C,PRV-052,Turquía,moda_belleza,260092.0,2,2,22.6
2025-05-01,C,PRV-053,España,alimentacion_hosteleria,135719.11,4,4,6.2
2025-05-01,C,PRV-054,España,hogar_electronica,414154.44,5,5,5.1
2025-05-01,C,PRV-063,España,hogar_electronica,488976.97,3,3,5.5
2025-05-01,C,PRV-068,España,moda_belleza,244497.72,8,8,3.1
2025-05-01,C,PRV-073,Italia,moda_belleza,485591.3,3,3,5.2
2025-05-01,C,PRV-075,España,moda_belleza,511829.97,5,5,8.5
2025-05-01,C,PRV-079,España,moda_belleza,310656.24,3,3,4.5
2025-05-01,C,PRV-082,China,hogar_electronica,319832.69,1,1,60.7
2025-05-01,C,PRV-083,España,moda_belleza,422371.99,5,5,5.5
2025-05-01,C,PRV-086,Vietnam,hogar_electronica,412015.21,1,0,24.8
2025-05-01,C,PRV-090,España,hogar_electronica,636625.58,4,4,4.7
2025-05-01,C,PRV-097,Turquía,moda_belleza,152316.87,1,1,19.6
2025-05-01,C,PRV-100,China,hogar_electronica,486024.45,1,0,55.4
2025-05-01,C,PRV-112,España,hogar_electronica,516208.38,4,4,6.6
2025-05-01,C,PRV-114,España,moda_belleza,463698.73,4,4,4.2
2025-05-01,C,PRV-117,España,moda_belleza,452884.4,5,5,7.3
2025-05-01,D,PRV-001,Turquía,hogar_electronica,394663.06,2,1,29.8
2025-05-01,D,PRV-003,España,alimentacion_hosteleria,226265.82,8,8,5.0
2025-05-01,D,PRV-005,España,moda_belleza,423209.98,4,2,4.4
2025-05-01,D,PRV-007,España,moda_belleza,212986.44,4,4,5.8
2025-05-01,D,PRV-012,China,moda_belleza,226655.45,1,0,73.5
2025-05-01,D,PRV-017,España,moda_belleza,475658.55,3,3,10.9
2025-05-01,D,PRV-019,Bangladés,alimentacion_hosteleria,295966.43,1,1,44.9
2025-05-01,D,PRV-023,Portugal,moda_belleza,418696.2,3,2,10.2
2025-05-01,D,PRV-035,España,moda_belleza,161477.87,6,6,7.5
2025-05-01,D,PRV-043,China,hogar_electronica,288792.87,1,1,46.0
2025-05-01,D,PRV-056,China,hogar_electronica,193788.98,1,1,60.5
2025-05-01,D,PRV-058,Portugal,alimentacion_hosteleria,346694.01,4,4,7.3
2025-05-01,D,PRV-060,Portugal,moda_belleza,303357.77,4,2,10.9
2025-05-01,D,PRV-065,España,alimentacion_hosteleria,358154.94,4,4,6.1
2025-05-01,D,PRV-067,España,hogar_electronica,136431.0,5,5,9.3
2025-05-01,D,PRV-071,Italia,moda_belleza,144457.46,3,3,8.9
2025-05-01,D,PRV-074,España,moda_belleza,366959.9,7,6,3.3
2025-05-01,D,PRV-076,Turquía,moda_belleza,232920.28,1,1,30.8
2025-05-01,D,PRV-080,España,alimentacion_hosteleria,178487.95,5,5,2.8
2025-05-01,D,PRV-083,España,moda_belleza,228333.4,3,3,8.5
2025-05-01,D,PRV-095,España,moda_belleza,460885.21,3,3,4.9
2025-05-01,D,PRV-099,España,moda_belleza,259416.66,4,3,10.8
2025-05-01,D,PRV-109,España,moda_belleza,197887.51,8,6,2.2
2025-05-01,D,PRV-118,España,alimentacion_hosteleria,214858.06,4,4,3.1
2025-05-01,D,PRV-119,Vietnam,alimentacion_hosteleria,120769.42,1,0,43.2
2025-05-01,E,PRV-007,España,moda_belleza,316671.95,3,3,8.6
2025-05-01,E,PRV-012,China,moda_belleza,141553.79,1,1,50.8
2025-05-01,E,PRV-013,Vietnam,moda_belleza,198004.05,1,0,60.0
2025-05-01,E,PRV-036,Italia,moda_belleza,158837.13,2,1,9.2
2025-05-01,E,PRV-037,China,moda_belleza,526886.73,1,1,57.9
2025-05-01,E,PRV-038,China,moda_belleza,384134.15,1,1,41.1
2025-05-01,E,PRV-040,España,moda_belleza,215170.44,4,4,9.8
2025-05-01,E,PRV-041,España,moda_belleza,228212.9,6,6,6.5
2025-05-01,E,PRV-042,Italia,moda_belleza,175534.32,3,3,5.0
2025-05-01,E,PRV-043,China,hogar_electronica,442666.97,1,0,33.4
2025-05-01,E,PRV-053,España,alimentacion_hosteleria,149107.01,3,3,6.6
2025-05-01,E,PRV-058,Portugal,alimentacion_hosteleria,98635.39,6,6,6.1
2025-05-01,E,PRV-060,Portugal,moda_belleza,303010.81,5,5,3.4
2025-05-01,E,PRV-064,España,moda_belleza,388593.91,3,1,5.0
2025-05-01,E,PRV-065,España,alimentacion_hosteleria,260035.14,5,4,4.1
2025-05-01,E,PRV-068,España,moda_belleza,224900.05,9,9,3.1
2025-05-01,E,PRV-073,Italia,moda_belleza,156720.75,1,1,9.7
2025-05-01,E,PRV-077,Bangladés,hogar_electronica,245932.39,1,0,73.0
2025-05-01,E,PRV-083,España,moda_belleza,158458.51,4,4,5.4
2025-05-01,E,PRV-087,España,alimentacion_hosteleria,202287.49,5,2,9.1
2025-05-01,E,PRV-097,Turquía,moda_belleza,233073.99,1,1,17.9
2025-05-01,E,PRV-103,España,moda_belleza,400682.33,4,4,5.2
2025-05-01,E,PRV-105,España,alimentacion_hosteleria,343233.86,7,5,7.3
2025-05-01,E,PRV-111,Turquía,alimentacion_hosteleria,126967.14,1,1,23.7
2025-05-01,E,PRV-117,España,moda_belleza,219140.17,3,3,6.0
2025-06-01,A,PRV-004,China,moda_belleza,908244.14,1,1,46.2
2025-06-01,A,PRV-006,España,alimentacion_hosteleria,355682.56,4,4,9.4
2025-06-01,A,PRV-009,Portugal,moda_belleza,719807.23,3,3,5.0
2025-06-01,A,PRV-012,China,moda_belleza,857473.89,1,1,50.1
2025-06-01,A,PRV-013,Vietnam,moda_belleza,906690.84,1,0,44.2
2025-06-01,A,PRV-014,Italia,moda_belleza,768461.51,3,3,11.9
2025-06-01,A,PRV-015,España,hogar_electronica,647414.31,6,6,7.5
2025-06-01,A,PRV-019,Bangladés,alimentacion_hosteleria,378551.49,1,1,31.2
2025-06-01,A,PRV-023,Portugal,moda_belleza,1326872.43,3,2,6.6
2025-06-01,A,PRV-033,España,alimentacion_hosteleria,461545.25,8,8,2.1
2025-06-01,A,PRV-036,Italia,moda_belleza,627328.88,3,3,8.8
2025-06-01,A,PRV-052,Turquía,moda_belleza,1179941.08,2,2,24.0
2025-06-01,A,PRV-057,Turquía,hogar_electronica,997248.54,2,1,15.6
2025-06-01,A,PRV-059,China,hogar_electronica,950410.95,1,1,40.1
2025-06-01,A,PRV-061,España,hogar_electronica,548020.76,2,2,6.9
2025-06-01,A,PRV-065,España,alimentacion_hosteleria,319417.26,4,3,4.4
2025-06-01,A,PRV-086,Vietnam,hogar_electronica,408798.51,1,0,36.6
2025-06-01,A,PRV-092,España,moda_belleza,785575.03,10,10,4.2
2025-06-01,A,PRV-100,China,hogar_electronica,1231069.57,1,0,42.6
2025-06-01,A,PRV-106,España,alimentacion_hosteleria,331049.1,9,7,3.1
2025-06-01,A,PRV-107,Bangladés,moda_belleza,849040.16,1,1,55.0
2025-06-01,A,PRV-108,China,moda_belleza,898071.02,1,1,42.5
2025-06-01,A,PRV-110,España,moda_belleza,497071.48,5,4,8.0
2025-06-01,A,PRV-112,España,hogar_electronica,408512.33,3,3,4.8
2025-06-01,A,PRV-115,Portugal,hogar_electronica,1143517.46,6,5,8.3
2025-06-01,A,PRV-117,España,moda_belleza,1292257.34,3,3,7.9
2025-06-01,A,PRV-118,España,alimentacion_hosteleria,377405.74,5,4,8.1
2025-06-01,B,PRV-001,Turquía,hogar_electronica,201303.81,3,3,16.0
2025-06-01,B,PRV-004,China,moda_belleza,555174.01,1,1,32.8
2025-06-01,B,PRV-014,Italia,moda_belleza,393249.76,3,3,6.3
2025-06-01,B,PRV-021,España,hogar_electronica,616031.1,6,6,5.0
2025-06-01,B,PRV-026,Italia,moda_belleza,394551.65,3,3,9.9
2025-06-01,B,PRV-030,China,moda_belleza,569605.92,1,0,54.0
2025-06-01,B,PRV-042,Italia,moda_belleza,463508.15,3,3,7.9
2025-06-01,B,PRV-048,Portugal,moda_belleza,442650.36,3,3,7.4
2025-06-01,B,PRV-050,Bangladés,hogar_electronica,746467.05,1,1,65.5
2025-06-01,B,PRV-051,China,hogar_electronica,260330.3,1,1,58.5
2025-06-01,B,PRV-053,España,alimentacion_hosteleria,536821.18,5,3,8.0
2025-06-01,B,PRV-055,Vietnam,alimentacion_hosteleria,613476.82,1,1,69.3
2025-06-01,B,PRV-059,China,hogar_electronica,446968.3,1,1,63.7
2025-06-01,B,PRV-063,España,hogar_electronica,244608.67,4,4,6.6
2025-06-01,B,PRV-064,España,moda_belleza,204540.39,5,5,6.1
2025-06-01,B,PRV-068,España,moda_belleza,425501.64,11,11,4.2
2025-06-01,B,PRV-076,Turquía,moda_belleza,397513.97,1,1,19.8
2025-06-01,B,PRV-080,España,alimentacion_hosteleria,302219.08,7,6,7.1
2025-06-01,B,PRV-082,China,hogar_electronica,424164.84,1,1,84.3
2025-06-01,B,PRV-085,Portugal,hogar_electronica,560765.9,3,3,8.3
2025-06-01,B,PRV-094,China,moda_belleza,569561.31,1,0,75.3
2025-06-01,B,PRV-098,Vietnam,alimentacion_hosteleria,550398.61,1,1,51.7
2025-06-01,B,PRV-099,España,moda_belleza,600776.77,5,4,7.5
2025-06-01,B,PRV-100,China,hogar_electronica,800841.38,1,1,45.5
2025-06-01,B,PRV-107,Bangladés,moda_belleza,288761.06,1,1,50.8
2025-06-01,B,PRV-111,Turquía,alimentacion_hosteleria,222410.0,1,1,19.6
2025-06-01,C,PRV-005,España,moda_belleza,419775.2,5,4,10.5
2025-06-01,C,PRV-009,Portugal,moda_belleza,400013.5,3,3,7.9
2025-06-01,C,PRV-010,Italia,alimentacion_hosteleria,140991.53,3,3,14.6
2025-06-01,C,PRV-012,China,moda_belleza,302893.38,1,1,65.5
2025-06-01,C,PRV-017,España,moda_belleza,181278.66,2,2,10.9
2025-06-01,C,PRV-023,Portugal,moda_belleza,384046.63,3,3,4.5
2025-06-01,C,PRV-029,España,alimentacion_hosteleria,402177.87,5,5,3.4
2025-06-01,C,PRV-031,España,moda_belleza,569971.49,5,5,2.9
2025-06-01,C,PRV-032,Bangladés,hogar_electronica,347055.3,1,0,48.8
2025-06-01,C,PRV-052,Turquía,moda_belleza,256163.71,2,2,13.1
2025-06-01,C,PRV-053,España,alimentacion_hosteleria,129357.42,4,4,5.1
2025-06-01,C,PRV-054,España,hogar_electronica,350517.65,4,4,5.4
2025-06-01,C,PRV-063,España,hogar_electronica,316010.34,4,4,7.5
2025-06-01,C,PRV-068,España,moda_belleza,312465.4,5,5,3.1
2025-06-01,C,PRV-073,Italia,moda_belleza,339923.62,3,3,13.0
2025-06-01,C,PRV-075,España,moda_belleza,484887.4,4,4,7.5
2025-06-01,C,PRV-079,España,moda_belleza,236331.27,2,2,6.2
2025-06-01,C,PRV-082,China,hogar_electronica,241486.28,1,1,72.1
2025-06-01,C,PRV-083,España,moda_belleza,466166.01,4,4,7.1
2025-06-01,C,PRV-086,Vietnam,hogar_electronica,420859.83,1,1,54.6
2025-06-01,C,PRV-090,España,hogar_electronica,490489.47,4,3,6.2
2025-06-01,C,PRV-097,Turquía,moda_belleza,187503.91,2,1,17.5
2025-06-01,C,PRV-100,China,hogar_electronica,307591.15,1,1,65.4
2025-06-01,C,PRV-112,España,hogar_electronica,328678.91,6,6,10.3
2025-06-01,C,PRV-114,España,moda_belleza,534024.3,5,4,6.6
2025-06-01,C,PRV-117,España,moda_belleza,483354.95,4,4,7.2
2025-06-01,D,PRV-001,Turquía,hogar_electronica,283861.97,2,1,12.5
2025-06-01,D,PRV-003,España,alimentacion_hosteleria,128013.67,6,6,3.7
2025-06-01,D,PRV-005,España,moda_belleza,307911.56,4,4,6.2
2025-06-01,D,PRV-007,España,moda_belleza,186515.2,3,3,7.0
2025-06-01,D,PRV-012,China,moda_belleza,171280.72,1,1,40.6
2025-06-01,D,PRV-017,España,moda_belleza,270408.0,3,3,8.4
2025-06-01,D,PRV-019,Bangladés,alimentacion_hosteleria,269337.25,1,0,31.2
2025-06-01,D,PRV-023,Portugal,moda_belleza,310428.16,4,4,7.6
2025-06-01,D,PRV-035,España,moda_belleza,177343.98,4,4,7.9
2025-06-01,D,PRV-043,China,hogar_electronica,276315.36,1,0,32.8
2025-06-01,D,PRV-056,China,hogar_electronica,209328.67,1,1,68.5
2025-06-01,D,PRV-058,Portugal,alimentacion_hosteleria,316369.54,5,5,9.9
2025-06-01,D,PRV-060,Portugal,moda_belleza,249629.82,5,5,9.9
2025-06-01,D,PRV-065,España,alimentacion_hosteleria,265558.49,7,7,4.3
2025-06-01,D,PRV-067,España,hogar_electronica,160886.78,5,5,5.4
2025-06-01,D,PRV-071,Italia,moda_belleza,115498.44,4,4,15.7
2025-06-01,D,PRV-074,España,moda_belleza,341918.27,7,6,5.8
2025-06-01,D,PRV-076,Turquía,moda_belleza,183536.84,1,1,25.6
2025-06-01,D,PRV-080,España,alimentacion_hosteleria,136314.07,4,4,5.2
2025-06-01,D,PRV-083,España,moda_belleza,206474.6,4,4,9.3
2025-06-01,D,PRV-095,España,moda_belleza,365527.45,4,4,5.5
2025-06-01,D,PRV-099,España,moda_belleza,211523.08,4,3,8.8
2025-06-01,D,PRV-109,España,moda_belleza,205827.89,8,8,3.6
2025-06-01,D,PRV-118,España,alimentacion_hosteleria,161568.38,7,7,2.9
2025-06-01,D,PRV-119,Vietnam,alimentacion_hosteleria,170493.87,1,0,37.9
2025-06-01,E,PRV-007,España,moda_belleza,335174.81,4,4,5.8
2025-06-01,E,PRV-012,China,moda_belleza,107113.35,1,0,74.7
2025-06-01,E,PRV-013,Vietnam,moda_belleza,149025.76,1,1,50.9
2025-06-01,E,PRV-036,Italia,moda_belleza,122617.4,2,2,5.7
2025-06-01,E,PRV-037,China,moda_belleza,304990.48,1,1,55.8
2025-06-01,E,PRV-038,China,moda_belleza,313362.7,1,1,40.4
2025-06-01,E,PRV-040,España,moda_belleza,126629.52,5,4,4.2
2025-06-01,E,PRV-041,España,moda_belleza,188183.05,6,6,3.7
2025-06-01,E,PRV-042,Italia,moda_belleza,146280.39,4,4,8.7
2025-06-01,E,PRV-043,China,hogar_electronica,361279.44,1,1,54.4
2025-06-01,E,PRV-053,España,alimentacion_hosteleria,106094.07,5,5,6.5
2025-06-01,E,PRV-058,Portugal,alimentacion_hosteleria,81550.98,4,4,8.1
2025-06-01,E,PRV-060,Portugal,moda_belleza,199111.25,4,4,10.2
2025-06-01,E,PRV-064,España,moda_belleza,305610.92,4,3,7.6
2025-06-01,E,PRV-065,España,alimentacion_hosteleria,207517.82,5,4,4.2
2025-06-01,E,PRV-068,España,moda_belleza,128161.8,7,7,4.5
2025-06-01,E,PRV-073,Italia,moda_belleza,145169.33,2,1,10.5
2025-06-01,E,PRV-077,Bangladés,hogar_electronica,236952.31,1,1,82.1
2025-06-01,E,PRV-083,España,moda_belleza,174052.18,4,4,7.6
2025-06-01,E,PRV-087,España,alimentacion_hosteleria,205587.44,4,4,6.5
2025-06-01,E,PRV-097,Turquía,moda_belleza,175470.92,1,0,22.9
2025-06-01,E,PRV-103,España,moda_belleza,370614.08,5,4,5.2
2025-06-01,E,PRV-105,España,alimentacion_hosteleria,305922.34,9,9,2.8
2025-06-01,E,PRV-111,Turquía,alimentacion_hosteleria,106691.44,1,1,22.2
2025-06-01,E,PRV-117,España,moda_belleza,214634.26,6,6,8.3
2025-07-01,A,PRV-004,China,moda_belleza,917886.17,1,1,50.6
2025-07-01,A,PRV-006,España,alimentacion_hosteleria,432392.11,4,4,8.1
2025-07-01,A,PRV-009,Portugal,moda_belleza,658468.46,3,3,15.8
2025-07-01,A,PRV-012,China,moda_belleza,906494.76,1,1,53.5
2025-07-01,A,PRV-013,Vietnam,moda_belleza,896475.97,1,1,68.0
2025-07-01,A,PRV-014,Italia,moda_belleza,771207.74,3,3,4.4
2025-07-01,A,PRV-015,España,hogar_electronica,674839.34,4,3,6.1
2025-07-01,A,PRV-019,Bangladés,alimentacion_hosteleria,370233.18,1,1,13.8
2025-07-01,A,PRV-023,Portugal,moda_belleza,1482212.55,5,4,7.3
2025-07-01,A,PRV-033,España,alimentacion_hosteleria,525306.05,7,7,5.5
2025-07-01,A,PRV-036,Italia,moda_belleza,702996.87,3,3,9.3
2025-07-01,A,PRV-052,Turquía,moda_belleza,1250416.54,1,1,28.2
2025-07-01,A,PRV-057,Turquía,hogar_electronica,1026793.88,3,3,13.8
2025-07-01,A,PRV-059,China,hogar_electronica,963488.96,1,1,49.3
2025-07-01,A,PRV-061,España,hogar_electronica,447892.63,3,3,6.6
2025-07-01,A,PRV-065,España,alimentacion_hosteleria,399849.57,8,6,6.8
2025-07-01,A,PRV-086,Vietnam,hogar_electronica,429018.56,1,0,45.0
2025-07-01,A,PRV-092,España,moda_belleza,591407.83,7,7,5.6
2025-07-01,A,PRV-100,China,hogar_electronica,1177317.69,1,1,54.7
2025-07-01,A,PRV-106,España,alimentacion_hosteleria,367479.77,7,6,6.8
2025-07-01,A,PRV-107,Bangladés,moda_belleza,732486.02,1,1,51.2
2025-07-01,A,PRV-108,China,moda_belleza,1392116.67,1,1,39.2
2025-07-01,A,PRV-110,España,moda_belleza,546904.75,3,3,8.0
2025-07-01,A,PRV-112,España,hogar_electronica,415000.19,4,4,6.1
2025-07-01,A,PRV-115,Portugal,hogar_electronica,926104.56,4,3,5.1
2025-07-01,A,PRV-117,España,moda_belleza,1066029.27,5,5,7.1
2025-07-01,A,PRV-118,España,alimentacion_hosteleria,355870.44,4,4,4.2
2025-07-01,B,PRV-001,Turquía,hogar_electronica,318332.45,2,2,19.5
2025-07-01,B,PRV-004,China,moda_belleza,573957.33,1,1,52.1
2025-07-01,B,PRV-014,Italia,moda_belleza,459899.65,4,4,10.0
2025-07-01,B,PRV-021,España,hogar_electronica,768823.06,5,5,8.1
2025-07-01,B,PRV-026,Italia,moda_belleza,441631.88,3,3,14.6
2025-07-01,B,PRV-030,China,moda_belleza,805223.1,1,1,57.7
2025-07-01,B,PRV-042,Italia,moda_belleza,467665.72,2,2,8.2
2025-07-01,B,PRV-048,Portugal,moda_belleza,511384.41,3,3,6.5
2025-07-01,B,PRV-050,Bangladés,hogar_electronica,846487.91,1,1,60.5
2025-07-01,B,PRV-051,China,hogar_electronica,287905.02,1,1,48.1
2025-07-01,B,PRV-053,España,alimentacion_hosteleria,815306.05,4,4,6.7
2025-07-01,B,PRV-055,Vietnam,alimentacion_hosteleria,648919.64,1,1,48.4
2025-07-01,B,PRV-059,China,hogar_electronica,420173.35,1,1,48.2
2025-07-01,B,PRV-063,España,hogar_electronica,367143.59,4,3,9.5
2025-07-01,B,PRV-064,España,moda_belleza,161989.55,5,5,4.6
2025-07-01,B,PRV-068,España,moda_belleza,525909.43,7,7,4.4
2025-07-01,B,PRV-076,Turquía,moda_belleza,400506.7,2,2,26.5
2025-07-01,B,PRV-080,España,alimentacion_hosteleria,296010.91,5,5,6.3
2025-07-01,B,PRV-082,China,hogar_electronica,414405.58,1,0,78.9
2025-07-01,B,PRV-085,Portugal,hogar_electronica,643393.91,3,2,9.9
2025-07-01,B,PRV-094,China,moda_belleza,646419.0,1,1,72.2
2025-07-01,B,PRV-098,Vietnam,alimentacion_hosteleria,629557.51,1,0,30.4
2025-07-01,B,PRV-099,España,moda_belleza,614666.21,5,5,9.1
2025-07-01,B,PRV-100,China,hogar_electronica,775039.47,1,0,68.2
2025-07-01,B,PRV-107,Bangladés,moda_belleza,280526.35,1,1,41.2
2025-07-01,B,PRV-111,Turquía,alimentacion_hosteleria,248823.91,2,2,20.6
2025-07-01,C,PRV-005,España,moda_belleza,328346.93,5,4,8.2
2025-07-01,C,PRV-009,Portugal,moda_belleza,305627.77,3,3,14.6
2025-07-01,C,PRV-010,Italia,alimentacion_hosteleria,153248.56,3,3,10.6
2025-07-01,C,PRV-012,China,moda_belleza,387591.12,1,0,49.4
2025-07-01,C,PRV-017,España,moda_belleza,222290.91,3,3,9.1
2025-07-01,C,PRV-023,Portugal,moda_belleza,426591.46,4,3,8.8
2025-07-01,C,PRV-029,España,alimentacion_hosteleria,400922.1,7,6,6.6
2025-07-01,C,PRV-031,España,moda_belleza,473388.79,4,4,4.0
2025-07-01,C,PRV-032,Bangladés,hogar_electronica,437428.66,1,1,63.3
2025-07-01,C,PRV-052,Turquía,moda_belleza,304590.78,2,2,27.0
2025-07-01,C,PRV-053,España,alimentacion_hosteleria,131565.74,4,4,6.0
2025-07-01,C,PRV-054,España,hogar_electronica,366464.88,6,6,5.3
2025-07-01,C,PRV-063,España,hogar_electronica,483993.1,4,4,7.6
2025-07-01,C,PRV-068,España,moda_belleza,422347.79,7,5,4.2
2025-07-01,C,PRV-073,Italia,moda_belleza,470262.36,3,3,15.9
2025-07-01,C,PRV-075,España,moda_belleza,476328.4,6,6,7.3
2025-07-01,C,PRV-079,España,moda_belleza,334269.84,4,4,4.1
2025-07-01,C,PRV-082,China,hogar_electronica,225723.39,1,1,79.8
2025-07-01,C,PRV-083,España,moda_belleza,415444.82,5,5,8.2
2025-07-01,C,PRV-086,Vietnam,hogar_electronica,385158.54,1,1,37.8
2025-07-01,C,PRV-090,España,hogar_electronica,544248.17,4,4,8.4
2025-07-01,C,PRV-097,Turquía,moda_belleza,181760.34,2,1,16.5
2025-07-01,C,PRV-100,China,hogar_electronica,449165.62,1,1,69.0
2025-07-01,C,PRV-112,España,hogar_electronica,418424.04,4,4,5.8
2025-07-01,C,PRV-114,España,moda_belleza,357134.89,5,5,4.4
2025-07-01,C,PRV-117,España,moda_belleza,456922.69,4,4,9.9
2025-07-01,D,PRV-001,Turquía,hogar_electronica,338249.59,2,2,22.8
2025-07-01,D,PRV-003,España,alimentacion_hosteleria,189235.69,7,5,5.6
2025-07-01,D,PRV-005,España,moda_belleza,379844.63,5,5,9.9
2025-07-01,D,PRV-007,España,moda_belleza,146018.17,5,4,4.8
2025-07-01,D,PRV-012,China,moda_belleza,208763.76,1,1,63.0
2025-07-01,D,PRV-017,España,moda_belleza,406343.93,3,3,10.8
2025-07-01,D,PRV-019,Bangladés,alimentacion_hosteleria,333490.74,1,1,47.7
2025-07-01,D,PRV-023,Portugal,moda_belleza,364620.95,3,3,7.3
2025-07-01,D,PRV-035,España,moda_belleza,196266.65,4,4,7.1
2025-07-01,D,PRV-043,China,hogar_electronica,289276.06,1,1,72.2
2025-07-01,D,PRV-056,China,hogar_electronica,178117.52,1,1,52.3
2025-07-01,D,PRV-058,Portugal,alimentacion_hosteleria,304706.47,5,5,8.3
2025-07-01,D,PRV-060,Portugal,moda_belleza,238012.87,3,2,8.3
2025-07-01,D,PRV-065,España,alimentacion_hosteleria,399785.42,8,8,6.5
2025-07-01,D,PRV-067,España,hogar_electronica,164443.94,5,5,4.3
2025-07-01,D,PRV-071,Italia,moda_belleza,84602.0,3,3,4.6
2025-07-01,D,PRV-074,España,moda_belleza,281999.29,6,6,4.7
2025-07-01,D,PRV-076,Turquía,moda_belleza,248514.31,1,1,18.5
2025-07-01,D,PRV-080,España,alimentacion_hosteleria,149964.53,4,4,6.7
2025-07-01,D,PRV-083,España,moda_belleza,168392.55,4,4,6.6
2025-07-01,D,PRV-095,España,moda_belleza,351722.62,4,4,8.9
2025-07-01,D,PRV-099,España,moda_belleza,287715.09,4,4,9.1
2025-07-01,D,PRV-109,España,moda_belleza,261463.34,9,8,4.0
2025-07-01,D,PRV-118,España,alimentacion_hosteleria,238868.57,6,6,5.3
2025-07-01,D,PRV-119,Vietnam,alimentacion_hosteleria,170679.66,1,1,38.2
2025-07-01,E,PRV-007,España,moda_belleza,325949.38,2,2,6.1
2025-07-01,E,PRV-012,China,moda_belleza,165434.4,1,0,66.1
2025-07-01,E,PRV-013,Vietnam,moda_belleza,177449.99,1,1,29.4
2025-07-01,E,PRV-036,Italia,moda_belleza,112772.28,3,3,10.4
2025-07-01,E,PRV-037,China,moda_belleza,483817.82,1,1,54.1
2025-07-01,E,PRV-038,China,moda_belleza,319190.4,1,1,19.9
2025-07-01,E,PRV-040,España,moda_belleza,146128.5,4,4,6.0
2025-07-01,E,PRV-041,España,moda_belleza,254277.29,5,4,4.5
2025-07-01,E,PRV-042,Italia,moda_belleza,131476.24,2,2,9.1
2025-07-01,E,PRV-043,China,hogar_electronica,459211.91,1,1,24.5
2025-07-01,E,PRV-053,España,alimentacion_hosteleria,133529.36,4,2,8.9
2025-07-01,E,PRV-058,Portugal,alimentacion_hosteleria,129434.75,4,4,2.0
2025-07-01,E,PRV-060,Portugal,moda_belleza,217882.94,5,5,2.6
2025-07-01,E,PRV-064,España,moda_belleza,372223.74,4,3,5.8
2025-07-01,E,PRV-065,España,alimentacion_hosteleria,173044.52,5,4,6.1
2025-07-01,E,PRV-068,España,moda_belleza,143671.48,8,7,2.0
2025-07-01,E,PRV-073,Italia,moda_belleza,155572.81,3,3,14.7
2025-07-01,E,PRV-077,Bangladés,hogar_electronica,235524.27,1,1,45.6
2025-07-01,E,PRV-083,España,moda_belleza,161099.51,3,3,7.5
2025-07-01,E,PRV-087,España,alimentacion_hosteleria,287515.7,5,4,3.6
2025-07-01,E,PRV-097,Turquía,moda_belleza,189991.66,1,1,17.6
2025-07-01,E,PRV-103,España,moda_belleza,373706.74,5,5,6.6
2025-07-01,E,PRV-105,España,alimentacion_hosteleria,296725.87,7,7,3.1
2025-07-01,E,PRV-111,Turquía,alimentacion_hosteleria,118778.91,1,1,29.0
2025-07-01,E,PRV-117,España,moda_belleza,322660.9,3,3,5.0
2025-08-01,A,PRV-004,China,moda_belleza,750942.71,1,1,61.4
2025-08-01,A,PRV-006,España,alimentacion_hosteleria,395168.9,4,4,7.7
2025-08-01,A,PRV-009,Portugal,moda_belleza,627850.98,3,3,7.4
2025-08-01,A,PRV-012,China,moda_belleza,1087933.18,1,1,66.9
2025-08-01,A,PRV-013,Vietnam,moda_belleza,976166.29,1,1,41.3
2025-08-01,A,PRV-014,Italia,moda_belleza,742161.83,4,4,10.9
2025-08-01,A,PRV-015,España,hogar_electronica,722954.93,5,4,7.2
2025-08-01,A,PRV-019,Bangladés,alimentacion_hosteleria,424656.87,1,0,22.7
2025-08-01,A,PRV-023,Portugal,moda_belleza,1285283.96,4,4,9.2
2025-08-01,A,PRV-033,España,alimentacion_hosteleria,468845.9,2,2,7.4
2025-08-01,A,PRV-036,Italia,moda_belleza,598460.38,3,3,11.6
2025-08-01,A,PRV-052,Turquía,moda_belleza,1097362.87,1,0,17.6
2025-08-01,A,PRV-057,Turquía,hogar_electronica,989698.72,3,3,12.7
2025-08-01,A,PRV-059,China,hogar_electronica,1064501.31,1,1,48.3
2025-08-01,A,PRV-061,España,hogar_electronica,562144.41,5,5,4.8
2025-08-01,A,PRV-065,España,alimentacion_hosteleria,403866.51,6,6,4.2
2025-08-01,A,PRV-086,Vietnam,hogar_electronica,381873.72,1,1,36.7
2025-08-01,A,PRV-092,España,moda_belleza,606791.45,6,6,3.6
2025-08-01,A,PRV-100,China,hogar_electronica,1199511.37,1,1,49.5
2025-08-01,A,PRV-106,España,alimentacion_hosteleria,355100.31,7,7,2.0
2025-08-01,A,PRV-107,Bangladés,moda_belleza,910218.14,1,1,53.3
2025-08-01,A,PRV-108,China,moda_belleza,1197601.34,1,0,21.0
2025-08-01,A,PRV-110,España,moda_belleza,578059.35,4,3,7.7
2025-08-01,A,PRV-112,España,hogar_electronica,373856.81,5,5,7.4
2025-08-01,A,PRV-115,Portugal,hogar_electronica,1017256.09,4,4,3.5
2025-08-01,A,PRV-117,España,moda_belleza,1380424.83,4,4,6.7
2025-08-01,A,PRV-118,España,alimentacion_hosteleria,476914.12,6,6,4.5
2025-08-01,B,PRV-001,Turquía,hogar_electronica,272559.18,3,3,14.8
2025-08-01,B,PRV-004,China,moda_belleza,709810.96,1,1,51.8
2025-08-01,B,PRV-014,Italia,moda_belleza,517628.4,2,2,11.3
2025-08-01,B,PRV-021,España,hogar_electronica,687707.44,2,2,5.4
2025-08-01,B,PRV-026,Italia,moda_belleza,435979.94,4,4,8.0
2025-08-01,B,PRV-030,China,moda_belleza,695257.5,1,1,31.2
2025-08-01,B,PRV-042,Italia,moda_belleza,370870.63,4,4,13.2
2025-08-01,B,PRV-048,Portugal,moda_belleza,444226.32,3,3,11.4
2025-08-01,B,PRV-050,Bangladés,hogar_electronica,732623.46,1,0,70.6
2025-08-01,B,PRV-051,China,hogar_electronica,235338.73,1,1,46.8
2025-08-01,B,PRV-053,España,alimentacion_hosteleria,464558.89,4,4,7.7
2025-08-01,B,PRV-055,Vietnam,alimentacion_hosteleria,513421.42,1,0,38.0
2025-08-01,B,PRV-059,China,hogar_electronica,545670.35,1,1,58.6
2025-08-01,B,PRV-063,España,hogar_electronica,316945.16,5,5,6.8
2025-08-01,B,PRV-064,España,moda_belleza,142952.54,5,5,5.2
2025-08-01,B,PRV-068,España,moda_belleza,548023.8,6,6,2.0
2025-08-01,B,PRV-076,Turquía,moda_belleza,563360.23,1,1,21.6
2025-08-01,B,PRV-080,España,alimentacion_hosteleria,283215.43,4,4,3.7
2025-08-01,B,PRV-082,China,hogar_electronica,532660.74,1,1,93.2
2025-08-01,B,PRV-085,Portugal,hogar_electronica,574750.28,3,3,11.5
2025-08-01,B,PRV-094,China,moda_belleza,596620.01,1,0,57.4
2025-08-01,B,PRV-098,Vietnam,alimentacion_hosteleria,902606.24,1,1,50.0
2025-08-01,B,PRV-099,España,moda_belleza,483171.7,4,4,8.5
2025-08-01,B,PRV-100,China,hogar_electronica,774707.31,1,1,64.8
2025-08-01,B,PRV-107,Bangladés,moda_belleza,263914.05,1,0,76.4
2025-08-01,B,PRV-111,Turquía,alimentacion_hosteleria,254181.76,1,1,14.8
2025-08-01,C,PRV-005,España,moda_belleza,390976.17,5,5,6.4
2025-08-01,C,PRV-009,Portugal,moda_belleza,377024.67,3,2,8.5
2025-08-01,C,PRV-010,Italia,alimentacion_hosteleria,248950.38,3,3,6.8
2025-08-01,C,PRV-012,China,moda_belleza,277868.27,1,0,60.7
2025-08-01,C,PRV-017,España,moda_belleza,242961.47,2,2,10.0
2025-08-01,C,PRV-023,Portugal,moda_belleza,296718.15,3,2,6.4
2025-08-01,C,PRV-029,España,alimentacion_hosteleria,422987.06,7,7,7.7
2025-08-01,C,PRV-031,España,moda_belleza,383076.36,6,6,5.6
2025-08-01,C,PRV-032,Bangladés,hogar_electronica,468707.77,1,0,70.2
2025-08-01,C,PRV-052,Turquía,moda_belleza,279471.57,1,1,16.8
2025-08-01,C,PRV-053,España,alimentacion_hosteleria,114731.63,4,4,6.8
2025-08-01,C,PRV-054,España,hogar_electronica,461378.21,8,8,6.0
2025-08-01,C,PRV-063,España,hogar_electronica,404897.54,5,4,10.6
2025-08-01,C,PRV-068,España,moda_belleza,285476.25,6,6,4.7
2025-08-01,C,PRV-073,Italia,moda_belleza,293435.09,3,3,10.4
2025-08-01,C,PRV-075,España,moda_belleza,519310.77,4,4,6.4
2025-08-01,C,PRV-079,España,moda_belleza,348010.69,4,3,8.6
2025-08-01,C,PRV-082,China,hogar_electronica,272462.29,1,1,64.5
2025-08-01,C,PRV-083,España,moda_belleza,374740.05,5,5,7.3
2025-08-01,C,PRV-086,Vietnam,hogar_electronica,431028.41,1,0,58.6
2025-08-01,C,PRV-090,España,hogar_electronica,511010.6,3,3,8.2
2025-08-01,C,PRV-097,Turquía,moda_belleza,186041.04,1,1,23.7
2025-08-01,C,PRV-100,China,hogar_electronica,502107.8,1,1,62.8
2025-08-01,C,PRV-112,España,hogar_electronica,331121.17,4,4,7.2
2025-08-01,C,PRV-114,España,moda_belleza,344579.03,4,3,7.3
2025-08-01,C,PRV-117,España,moda_belleza,445608.66,4,4,6.9
2025-08-01,D,PRV-001,Turquía,hogar_electronica,255296.64,1,1,19.6
2025-08-01,D,PRV-003,España,alimentacion_hosteleria,215965.43,6,6,7.6
2025-08-01,D,PRV-005,España,moda_belleza,311228.97,6,4,5.6
2025-08-01,D,PRV-007,España,moda_belleza,234257.51,3,3,10.0
2025-08-01,D,PRV-012,China,moda_belleza,263039.4,1,1,77.1
2025-08-01,D,PRV-017,España,moda_belleza,283218.38,3,3,9.0
2025-08-01,D,PRV-019,Bangladés,alimentacion_hosteleria,371436.48,1,1,37.4
2025-08-01,D,PRV-023,Portugal,moda_belleza,347955.72,3,2,7.4
2025-08-01,D,PRV-035,España,moda_belleza,178987.26,2,2,4.9
2025-08-01,D,PRV-043,China,hogar_electronica,322966.26,1,1,16.0
2025-08-01,D,PRV-056,China,hogar_electronica,203050.24,1,1,66.3
2025-08-01,D,PRV-058,Portugal,alimentacion_hosteleria,276711.24,2,2,8.4
2025-08-01,D,PRV-060,Portugal,moda_belleza,322284.1,5,5,9.8
2025-08-01,D,PRV-065,España,alimentacion_hosteleria,388673.17,6,5,5.5
2025-08-01,D,PRV-067,España,hogar_electronica,149423.64,3,3,6.7
2025-08-01,D,PRV-071,Italia,moda_belleza,125233.6,2,1,15.0
2025-08-01,D,PRV-074,España,moda_belleza,413229.41,4,2,5.2
2025-08-01,D,PRV-076,Turquía,moda_belleza,206825.66,1,1,24.7
2025-08-01,D,PRV-080,España,alimentacion_hosteleria,183771.14,3,3,9.2
2025-08-01,D,PRV-083,España,moda_belleza,207722.08,5,5,6.4
2025-08-01,D,PRV-095,España,moda_belleza,344434.99,5,5,4.5
2025-08-01,D,PRV-099,España,moda_belleza,260544.26,4,4,8.1
2025-08-01,D,PRV-109,España,moda_belleza,192332.88,8,8,6.3
2025-08-01,D,PRV-118,España,alimentacion_hosteleria,211410.49,5,5,5.5
2025-08-01,D,PRV-119,Vietnam,alimentacion_hosteleria,160261.31,1,1,9.1
2025-08-01,E,PRV-007,España,moda_belleza,387286.86,3,3,10.5
2025-08-01,E,PRV-012,China,moda_belleza,114089.38,1,1,81.8
2025-08-01,E,PRV-013,Vietnam,moda_belleza,142296.21,1,1,47.4
2025-08-01,E,PRV-036,Italia,moda_belleza,144071.64,2,2,13.2
2025-08-01,E,PRV-037,China,moda_belleza,388272.71,1,1,46.2
2025-08-01,E,PRV-038,China,moda_belleza,294162.17,1,1,23.9
2025-08-01,E,PRV-040,España,moda_belleza,201141.42,5,4,4.3
2025-08-01,E,PRV-041,España,moda_belleza,182122.22,4,4,6.4
2025-08-01,E,PRV-042,Italia,moda_belleza,160932.99,4,4,15.3
2025-08-01,E,PRV-043,China,hogar_electronica,342976.32,1,1,33.2
2025-08-01,E,PRV-053,España,alimentacion_hosteleria,159679.45,3,3,5.1
2025-08-01,E,PRV-058,Portugal,alimentacion_hosteleria,98438.98,5,5,6.9
2025-08-01,E,PRV-060,Portugal,moda_belleza,210052.08,4,4,5.9
2025-08-01,E,PRV-064,España,moda_belleza,270901.98,5,4,8.1
2025-08-01,E,PRV-065,España,alimentacion_hosteleria,197910.39,6,6,4.8
2025-08-01,E,PRV-068,España,moda_belleza,164025.37,9,9,3.9
2025-08-01,E,PRV-073,Italia,moda_belleza,157355.09,3,3,10.5
2025-08-01,E,PRV-077,Bangladés,hogar_electronica,180889.27,1,0,90.4
2025-08-01,E,PRV-083,España,moda_belleza,129265.83,5,5,4.8
2025-08-01,E,PRV-087,España,alimentacion_hosteleria,280898.65,3,0,7.0
2025-08-01,E,PRV-097,Turquía,moda_belleza,182617.19,1,1,25.9
2025-08-01,E,PRV-103,España,moda_belleza,426423.81,5,5,6.1
2025-08-01,E,PRV-105,España,alimentacion_hosteleria,280509.65,7,7,7.6
2025-08-01,E,PRV-111,Turquía,alimentacion_hosteleria,109116.2,1,1,20.2
2025-08-01,E,PRV-117,España,moda_belleza,203142.79,4,4,8.8
2025-09-01,A,PRV-004,China,moda_belleza,876166.98,1,1,62.2
2025-09-01,A,PRV-006,España,alimentacion_hosteleria,552328.82,6,6,5.3
2025-09-01,A,PRV-009,Portugal,moda_belleza,691537.19,2,2,8.0
2025-09-01,A,PRV-012,China,moda_belleza,1197462.35,1,1,75.5
2025-09-01,A,PRV-013,Vietnam,moda_belleza,1142256.14,1,0,22.2
2025-09-01,A,PRV-014,Italia,moda_belleza,789301.07,4,4,15.5
2025-09-01,A,PRV-015,España,hogar_electronica,801851.29,5,5,6.1
2025-09-01,A,PRV-019,Bangladés,alimentacion_hosteleria,479908.03,1,1,49.1
2025-09-01,A,PRV-023,Portugal,moda_belleza,1036704.66,3,2,7.5
2025-09-01,A,PRV-033,España,alimentacion_hosteleria,586268.78,6,6,3.0
2025-09-01,A,PRV-036,Italia,moda_belleza,680737.65,3,3,11.1
2025-09-01,A,PRV-052,Turquía,moda_belleza,970843.94,1,1,21.9
2025-09-01,A,PRV-057,Turquía,hogar_electronica,1141973.6,3,2,9.7
2025-09-01,A,PRV-059,China,hogar_electronica,1229122.31,1,1,42.1
2025-09-01,A,PRV-061,España,hogar_electronica,379406.44,5,5,7.4
2025-09-01,A,PRV-065,España,alimentacion_hosteleria,438584.3,8,7,4.5
2025-09-01,A,PRV-086,Vietnam,hogar_electronica,388378.87,1,1,48.5
2025-09-01,A,PRV-092,España,moda_belleza,422002.29,7,7,3.8
2025-09-01,A,PRV-100,China,hogar_electronica,1120669.72,1,1,69.7
2025-09-01,A,PRV-106,España,alimentacion_hosteleria,373473.29,7,7,4.4
2025-09-01,A,PRV-107,Bangladés,moda_belleza,1153257.41,1,1,54.2
2025-09-01,A,PRV-108,China,moda_belleza,1454920.12,1,1,51.6
2025-09-01,A,PRV-110,España,moda_belleza,512516.47,4,4,5.0
2025-09-01,A,PRV-112,España,hogar_electronica,380306.97,4,4,9.7
2025-09-01,A,PRV-115,Portugal,hogar_electronica,1148907.83,5,4,10.7
2025-09-01,A,PRV-117,España,moda_belleza,1338956.63,4,4,7.1
2025-09-01,A,PRV-118,España,alimentacion_hosteleria,409706.1,5,5,3.6
2025-09-01,B,PRV-001,Turquía,hogar_electronica,269948.52,3,3,8.8
2025-09-01,B,PRV-004,China,moda_belleza,576264.09,1,1,58.5
2025-09-01,B,PRV-014,Italia,moda_belleza,551407.1,4,4,12.3
2025-09-01,B,PRV-021,España,hogar_electronica,563168.14,6,5,8.5
2025-09-01,B,PRV-026,Italia,moda_belleza,522728.28,5,5,8.9
2025-09-01,B,PRV-030,China,moda_belleza,560054.06,1,0,46.8
2025-09-01,B,PRV-042,Italia,moda_belleza,470484.73,4,4,10.6
2025-09-01,B,PRV-048,Portugal,moda_belleza,535081.55,4,4,7.5
2025-09-01,B,PRV-050,Bangladés,hogar_electronica,530331.38,1,1,53.7
2025-09-01,B,PRV-051,China,hogar_electronica,303358.07,1,1,39.9
2025-09-01,B,PRV-053,España,alimentacion_hosteleria,675664.41,5,5,8.7
2025-09-01,B,PRV-055,Vietnam,alimentacion_hosteleria,552487.88,1,1,71.0
2025-09-01,B,PRV-059,China,hogar_electronica,566170.1,1,1,55.9
2025-09-01,B,PRV-063,España,hogar_electronica,294398.8,3,2,8.5
2025-09-01,B,PRV-064,España,moda_belleza,212358.79,5,5,7.0
2025-09-01,B,PRV-068,España,moda_belleza,464950.44,11,11,4.9
2025-09-01,B,PRV-076,Turquía,moda_belleza,597191.66,1,0,24.9
2025-09-01,B,PRV-080,España,alimentacion_hosteleria,256628.13,4,4,5.8
2025-09-01,B,PRV-082,China,hogar_electronica,342347.91,1,1,73.3
2025-09-01,B,PRV-085,Portugal,hogar_electronica,668183.76,3,2,12.3
2025-09-01,B,PRV-094,China,moda_belleza,544423.35,1,1,84.2
2025-09-01,B,PRV-098,Vietnam,alimentacion_hosteleria,698821.91,1,1,44.1
2025-09-01,B,PRV-099,España,moda_belleza,510071.32,3,3,5.4
2025-09-01,B,PRV-100,China,hogar_electronica,700146.41,1,0,42.0
2025-09-01,B,PRV-107,Bangladés,moda_belleza,332772.41,1,0,72.8
2025-09-01,B,PRV-111,Turquía,alimentacion_hosteleria,286446.37,1,1,21.6
2025-09-01,C,PRV-005,España,moda_belleza,448454.49,4,3,5.8
2025-09-01,C,PRV-009,Portugal,moda_belleza,402072.87,3,3,9.1
2025-09-01,C,PRV-010,Italia,alimentacion_hosteleria,146756.61,3,2,15.9
2025-09-01,C,PRV-012,China,moda_belleza,329527.21,1,1,48.1
2025-09-01,C,PRV-017,España,moda_belleza,201080.54,4,4,7.0
2025-09-01,C,PRV-023,Portugal,moda_belleza,369755.94,4,3,7.6
2025-09-01,C,PRV-029,España,alimentacion_hosteleria,292934.55,6,6,7.2
2025-09-01,C,PRV-031,España,moda_belleza,549339.19,4,4,5.0
2025-09-01,C,PRV-032,Bangladés,hogar_electronica,495455.07,1,1,39.3
2025-09-01,C,PRV-052,Turquía,moda_belleza,336443.52,1,1,20.1
2025-09-01,C,PRV-053,España,alimentacion_hosteleria,140072.05,4,4,5.8
2025-09-01,C,PRV-054,España,hogar_electronica,396180.7,6,6,7.6
2025-09-01,C,PRV-063,España,hogar_electronica,418401.6,4,3,4.6
2025-09-01,C,PRV-068,España,moda_belleza,435732.78,8,8,2.0
2025-09-01,C,PRV-073,Italia,moda_belleza,403413.61,3,2,8.9
2025-09-01,C,PRV-075,España,moda_belleza,566032.14,5,5,6.2
2025-09-01,C,PRV-079,España,moda_belleza,254515.06,3,3,2.6
2025-09-01,C,PRV-082,China,hogar_electronica,286161.79,1,0,65.7
2025-09-01,C,PRV-083,España,moda_belleza,361940.74,5,5,7.4
2025-09-01,C,PRV-086,Vietnam,hogar_electronica,469187.84,1,1,50.7
2025-09-01,C,PRV-090,España,hogar_electronica,443755.18,3,3,8.0
2025-09-01,C,PRV-097,Turquía,moda_belleza,219322.56,1,1,10.9
2025-09-01,C,PRV-100,China,hogar_electronica,489476.27,1,1,28.5
2025-09-01,C,PRV-112,España,hogar_electronica,428149.64,4,4,5.5
2025-09-01,C,PRV-114,España,moda_belleza,321544.54,6,6,2.5
2025-09-01,C,PRV-117,España,moda_belleza,455327.5,3,3,6.1
2025-09-01,D,PRV-001,Turquía,hogar_electronica,367792.65,2,2,17.9
2025-09-01,D,PRV-003,España,alimentacion_hosteleria,241366.97,6,6,4.2
2025-09-01,D,PRV-005,España,moda_belleza,317084.48,5,4,4.1
2025-09-01,D,PRV-007,España,moda_belleza,175272.72,4,4,9.9
2025-09-01,D,PRV-012,China,moda_belleza,202063.67,1,1,56.5
2025-09-01,D,PRV-017,España,moda_belleza,330744.15,4,4,7.8
2025-09-01,D,PRV-019,Bangladés,alimentacion_hosteleria,264128.09,1,0,37.7
2025-09-01,D,PRV-023,Portugal,moda_belleza,317793.25,3,3,7.7
2025-09-01,D,PRV-035,España,moda_belleza,198683.19,4,3,8.9
2025-09-01,D,PRV-043,China,hogar_electronica,408143.67,1,1,44.1
2025-09-01,D,PRV-056,China,hogar_electronica,195818.73,1,0,61.2
2025-09-01,D,PRV-058,Portugal,alimentacion_hosteleria,224739.23,3,3,7.8
2025-09-01,D,PRV-060,Portugal,moda_belleza,297851.15,6,5,4.3
2025-09-01,D,PRV-065,España,alimentacion_hosteleria,360310.51,6,6,3.6
2025-09-01,D,PRV-067,España,hogar_electronica,128980.37,3,3,9.1
2025-09-01,D,PRV-071,Italia,moda_belleza,123257.18,3,3,10.4
2025-09-01,D,PRV-074,España,moda_belleza,302326.54,6,6,4.0
2025-09-01,D,PRV-076,Turquía,moda_belleza,165980.72,1,1,27.8
2025-09-01,D,PRV-080,España,alimentacion_hosteleria,175255.96,3,2,9.8
2025-09-01,D,PRV-083,España,moda_belleza,194921.58,5,5,6.3
2025-09-01,D,PRV-095,España,moda_belleza,341629.51,4,4,5.9
2025-09-01,D,PRV-099,España,moda_belleza,294619.19,4,4,6.0
2025-09-01,D,PRV-109,España,moda_belleza,256546.76,6,6,6.4
2025-09-01,D,PRV-118,España,alimentacion_hosteleria,209361.02,8,8,3.5
2025-09-01,D,PRV-119,Vietnam,alimentacion_hosteleria,178596.7,1,0,47.5
2025-09-01,E,PRV-007,España,moda_belleza,416207.89,4,4,12.3
2025-09-01,E,PRV-012,China,moda_belleza,153869.75,1,1,85.6
2025-09-01,E,PRV-013,Vietnam,moda_belleza,182589.93,1,1,63.3
2025-09-01,E,PRV-036,Italia,moda_belleza,86972.02,2,2,11.1
2025-09-01,E,PRV-037,China,moda_belleza,508849.26,1,1,54.1
2025-09-01,E,PRV-038,China,moda_belleza,409654.01,1,1,30.7
2025-09-01,E,PRV-040,España,moda_belleza,176895.11,5,5,6.9
2025-09-01,E,PRV-041,España,moda_belleza,234772.3,4,4,7.7
2025-09-01,E,PRV-042,Italia,moda_belleza,189706.82,4,4,8.7
2025-09-01,E,PRV-043,China,hogar_electronica,430773.25,1,1,43.1
2025-09-01,E,PRV-053,España,alimentacion_hosteleria,133113.03,3,3,7.8
2025-09-01,E,PRV-058,Portugal,alimentacion_hosteleria,98367.9,5,5,6.5
2025-09-01,E,PRV-060,Portugal,moda_belleza,223242.2,4,3,8.5
2025-09-01,E,PRV-064,España,moda_belleza,434713.28,4,4,7.4
2025-09-01,E,PRV-065,España,alimentacion_hosteleria,233221.18,6,4,6.7
2025-09-01,E,PRV-068,España,moda_belleza,164818.04,6,6,7.7
2025-09-01,E,PRV-073,Italia,moda_belleza,135606.02,3,3,11.8
2025-09-01,E,PRV-077,Bangladés,hogar_electronica,310124.87,1,0,67.8
2025-09-01,E,PRV-083,España,moda_belleza,174399.49,5,5,6.6
2025-09-01,E,PRV-087,España,alimentacion_hosteleria,240315.32,4,4,4.4
2025-09-01,E,PRV-097,Turquía,moda_belleza,205514.9,1,1,11.8
2025-09-01,E,PRV-103,España,moda_belleza,429463.34,5,5,5.3
2025-09-01,E,PRV-105,España,alimentacion_hosteleria,275176.66,7,7,5.5
2025-09-01,E,PRV-111,Turquía,alimentacion_hosteleria,97323.36,1,1,32.4
2025-09-01,E,PRV-117,España,moda_belleza,298476.31,6,6,6.7
2025-10-01,A,PRV-004,China,moda_belleza,1198500.67,1,1,32.8
2025-10-01,A,PRV-006,España,alimentacion_hosteleria,683421.28,5,5,8.8
2025-10-01,A,PRV-009,Portugal,moda_belleza,423860.22,3,3,11.1
2025-10-01,A,PRV-012,China,moda_belleza,1372275.08,1,0,72.9
2025-10-01,A,PRV-013,Vietnam,moda_belleza,1466168.14,1,1,36.3
2025-10-01,A,PRV-014,Italia,moda_belleza,993858.4,4,4,13.8
2025-10-01,A,PRV-015,España,hogar_electronica,849463.22,5,4,4.4
2025-10-01,A,PRV-019,Bangladés,alimentacion_hosteleria,721138.44,1,1,42.6
2025-10-01,A,PRV-023,Portugal,moda_belleza,1518855.61,4,4,10.4
2025-10-01,A,PRV-033,España,alimentacion_hosteleria,675222.56,5,5,6.1
2025-10-01,A,PRV-036,Italia,moda_belleza,839811.03,3,3,15.1
2025-10-01,A,PRV-052,Turquía,moda_belleza,1744558.88,1,1,18.2
2025-10-01,A,PRV-057,Turquía,hogar_electronica,1493876.0,2,2,5.0
2025-10-01,A,PRV-059,China,hogar_electronica,1587408.8,1,1,49.6
2025-10-01,A,PRV-061,España,hogar_electronica,861254.46,4,4,9.2
2025-10-01,A,PRV-065,España,alimentacion_hosteleria,516687.25,8,6,4.6
2025-10-01,A,PRV-086,Vietnam,hogar_electronica,456518.28,1,1,40.0
2025-10-01,A,PRV-092,España,moda_belleza,922070.23,9,9,2.0
2025-10-01,A,PRV-100,China,hogar_electronica,1420382.67,1,1,48.1
2025-10-01,A,PRV-106,España,alimentacion_hosteleria,571784.58,7,4,3.4
2025-10-01,A,PRV-107,Bangladés,moda_belleza,1527315.02,1,1,71.6
2025-10-01,A,PRV-108,China,moda_belleza,1894133.54,1,1,41.2
2025-10-01,A,PRV-110,España,moda_belleza,795335.02,4,4,4.6
2025-10-01,A,PRV-112,España,hogar_electronica,449525.42,4,4,4.4
2025-10-01,A,PRV-115,Portugal,hogar_electronica,1793183.01,4,4,5.1
2025-10-01,A,PRV-117,España,moda_belleza,1119654.69,4,4,7.1
2025-10-01,A,PRV-118,España,alimentacion_hosteleria,637270.53,5,5,3.8
2025-10-01,B,PRV-001,Turquía,hogar_electronica,382835.21,2,1,10.1
2025-10-01,B,PRV-004,China,moda_belleza,807332.07,1,0,39.1
2025-10-01,B,PRV-014,Italia,moda_belleza,553409.67,4,4,4.6
2025-10-01,B,PRV-021,España,hogar_electronica,759869.08,3,3,7.9
2025-10-01,B,PRV-026,Italia,moda_belleza,617639.02,3,3,17.2
2025-10-01,B,PRV-030,China,moda_belleza,784073.92,1,1,53.7
2025-10-01,B,PRV-042,Italia,moda_belleza,567274.97,4,3,8.3
2025-10-01,B,PRV-048,Portugal,moda_belleza,654107.31,4,4,9.6
2025-10-01,B,PRV-050,Bangladés,hogar_electronica,804930.57,1,0,40.4
2025-10-01,B,PRV-051,China,hogar_electronica,385366.82,1,1,66.2
2025-10-01,B,PRV-053,España,alimentacion_hosteleria,803029.94,4,4,7.3
2025-10-01,B,PRV-055,Vietnam,alimentacion_hosteleria,971929.04,1,1,98.6
2025-10-01,B,PRV-059,China,hogar_electronica,578908.0,1,1,27.0
2025-10-01,B,PRV-063,España,hogar_electronica,498929.12,6,4,8.6
2025-10-01,B,PRV-064,España,moda_belleza,333537.93,4,4,9.8
2025-10-01,B,PRV-068,España,moda_belleza,641207.97,8,7,5.0
2025-10-01,B,PRV-076,Turquía,moda_belleza,504716.28,1,1,25.9
2025-10-01,B,PRV-080,España,alimentacion_hosteleria,348170.84,4,4,6.7
2025-10-01,B,PRV-082,China,hogar_electronica,517533.92,1,1,83.5
2025-10-01,B,PRV-085,Portugal,hogar_electronica,696092.07,3,3,8.3
2025-10-01,B,PRV-094,China,moda_belleza,788401.01,1,1,40.1
2025-10-01,B,PRV-098,Vietnam,alimentacion_hosteleria,768678.12,1,1,39.9
2025-10-01,B,PRV-099,España,moda_belleza,830923.82,5,5,7.5
2025-10-01,B,PRV-100,China,hogar_electronica,774698.42,1,1,52.7
2025-10-01,B,PRV-107,Bangladés,moda_belleza,440214.29,1,0,71.1
2025-10-01,B,PRV-111,Turquía,alimentacion_hosteleria,183556.48,1,1,18.8
2025-10-01,C,PRV-005,España,moda_belleza,371902.7,6,4,8.8
2025-10-01,C,PRV-009,Portugal,moda_belleza,447726.08,3,3,10.9
2025-10-01,C,PRV-010,Italia,alimentacion_hosteleria,252990.59,3,3,10.5
2025-10-01,C,PRV-012,China,moda_belleza,448440.6,1,0,72.9
2025-10-01,C,PRV-017,España,moda_belleza,296236.93,4,4,9.9
2025-10-01,C,PRV-023,Portugal,moda_belleza,637092.7,4,4,11.9
2025-10-01,C,PRV-029,España,alimentacion_hosteleria,615836.92,6,6,4.6
2025-10-01,C,PRV-031,España,moda_belleza,649637.64,5,5,6.1
2025-10-01,C,PRV-032,Bangladés,hogar_electronica,528015.85,1,1,59.4
2025-10-01,C,PRV-052,Turquía,moda_belleza,408154.42,1,1,26.2
2025-10-01,C,PRV-053,España,alimentacion_hosteleria,190859.42,4,4,7.4
2025-10-01,C,PRV-054,España,hogar_electronica,612994.55,5,5,8.5
2025-10-01,C,PRV-063,España,hogar_electronica,632333.99,4,4,8.1
2025-10-01,C,PRV-068,España,moda_belleza,504965.39,9,9,2.0
2025-10-01,C,PRV-073,Italia,moda_belleza,701075.31,3,3,11.6
2025-10-01,C,PRV-075,España,moda_belleza,762758.35,5,4,5.3
2025-10-01,C,PRV-079,España,moda_belleza,349363.19,4,4,10.9
2025-10-01,C,PRV-082,China,hogar_electronica,361592.86,1,1,44.9
2025-10-01,C,PRV-083,España,moda_belleza,423620.89,3,3,9.1
2025-10-01,C,PRV-086,Vietnam,hogar_electronica,630728.15,1,1,41.9
2025-10-01,C,PRV-090,España,hogar_electronica,660577.23,4,4,8.4
2025-10-01,C,PRV-097,Turquía,moda_belleza,263499.43,2,2,16.2
2025-10-01,C,PRV-100,China,hogar_electronica,585737.32,1,1,54.3
2025-10-01,C,PRV-112,España,hogar_electronica,532768.77,6,6,7.2
2025-10-01,C,PRV-114,España,moda_belleza,447546.67,5,5,7.3
2025-10-01,C,PRV-117,España,moda_belleza,534188.37,5,5,7.9
2025-10-01,D,PRV-001,Turquía,hogar_electronica,375881.47,2,1,14.0
2025-10-01,D,PRV-003,España,alimentacion_hosteleria,270308.22,4,4,5.0
2025-10-01,D,PRV-005,España,moda_belleza,517428.64,4,4,6.9
2025-10-01,D,PRV-007,España,moda_belleza,278619.2,4,4,9.6
2025-10-01,D,PRV-012,China,moda_belleza,288528.88,1,0,63.1
2025-10-01,D,PRV-017,España,moda_belleza,381101.63,4,4,7.5
2025-10-01,D,PRV-019,Bangladés,alimentacion_hosteleria,443173.23,1,1,47.6
2025-10-01,D,PRV-023,Portugal,moda_belleza,449406.32,3,3,10.1
2025-10-01,D,PRV-035,España,moda_belleza,298662.26,4,4,5.8
2025-10-01,D,PRV-043,China,hogar_electronica,308047.87,1,1,47.8
2025-10-01,D,PRV-056,China,hogar_electronica,232075.32,1,1,59.2
2025-10-01,D,PRV-058,Portugal,alimentacion_hosteleria,461236.7,4,4,9.0
2025-10-01,D,PRV-060,Portugal,moda_belleza,410841.51,5,4,10.2
2025-10-01,D,PRV-065,España,alimentacion_hosteleria,529987.93,6,6,3.5
2025-10-01,D,PRV-067,España,hogar_electronica,261805.98,4,4,5.6
2025-10-01,D,PRV-071,Italia,moda_belleza,162344.27,2,2,7.8
2025-10-01,D,PRV-074,España,moda_belleza,496674.17,5,5,4.9
2025-10-01,D,PRV-076,Turquía,moda_belleza,300373.5,1,1,7.3
2025-10-01,D,PRV-080,España,alimentacion_hosteleria,235202.29,4,2,8.6
2025-10-01,D,PRV-083,España,moda_belleza,211048.57,4,4,4.6
2025-10-01,D,PRV-095,España,moda_belleza,590572.96,3,2,6.7
2025-10-01,D,PRV-099,España,moda_belleza,252181.71,4,3,8.6
2025-10-01,D,PRV-109,España,moda_belleza,246840.63,8,7,3.3
2025-10-01,D,PRV-118,España,alimentacion_hosteleria,243785.48,6,6,7.1
2025-10-01,D,PRV-119,Vietnam,alimentacion_hosteleria,239196.08,1,1,8.4
2025-10-01,E,PRV-007,España,moda_belleza,471316.71,3,2,10.4
2025-10-01,E,PRV-012,China,moda_belleza,162812.77,1,0,60.4
2025-10-01,E,PRV-013,Vietnam,moda_belleza,237966.38,1,1,49.6
2025-10-01,E,PRV-036,Italia,moda_belleza,174251.25,3,3,12.7
2025-10-01,E,PRV-037,China,moda_belleza,509235.76,1,1,47.2
2025-10-01,E,PRV-038,China,moda_belleza,410731.41,1,1,40.6
2025-10-01,E,PRV-040,España,moda_belleza,297792.48,5,4,5.8
2025-10-01,E,PRV-041,España,moda_belleza,249327.76,6,6,6.3
2025-10-01,E,PRV-042,Italia,moda_belleza,225938.73,3,3,15.5
2025-10-01,E,PRV-043,China,hogar_electronica,510598.88,1,1,29.9
2025-10-01,E,PRV-053,España,alimentacion_hosteleria,196271.98,4,4,7.3
2025-10-01,E,PRV-058,Portugal,alimentacion_hosteleria,156532.69,4,4,6.2
2025-10-01,E,PRV-060,Portugal,moda_belleza,228395.27,4,3,8.0
2025-10-01,E,PRV-064,España,moda_belleza,546175.28,4,3,10.6
2025-10-01,E,PRV-065,España,alimentacion_hosteleria,293461.38,7,7,4.8
2025-10-01,E,PRV-068,España,moda_belleza,184982.58,5,5,2.7
2025-10-01,E,PRV-073,Italia,moda_belleza,183103.18,3,3,10.7
2025-10-01,E,PRV-077,Bangladés,hogar_electronica,247939.21,1,1,72.5
2025-10-01,E,PRV-083,España,moda_belleza,278445.84,5,5,5.8
2025-10-01,E,PRV-087,España,alimentacion_hosteleria,372897.47,4,2,10.2
2025-10-01,E,PRV-097,Turquía,moda_belleza,275855.39,2,2,11.3
2025-10-01,E,PRV-103,España,moda_belleza,407934.93,6,5,4.8
2025-10-01,E,PRV-105,España,alimentacion_hosteleria,465656.45,6,6,6.6
2025-10-01,E,PRV-111,Turquía,alimentacion_hosteleria,110837.34,2,2,26.4
2025-10-01,E,PRV-117,España,moda_belleza,338541.89,4,4,7.0
2025-11-01,A,PRV-004,China,moda_belleza,878324.57,1,1,72.2
2025-11-01,A,PRV-006,España,alimentacion_hosteleria,404655.26,5,5,7.8
2025-11-01,A,PRV-009,Portugal,moda_belleza,475557.62,4,4,9.9
2025-11-01,A,PRV-012,China,moda_belleza,796495.79,1,1,74.8
2025-11-01,A,PRV-013,Vietnam,moda_belleza,1060274.62,1,1,54.1
2025-11-01,A,PRV-014,Italia,moda_belleza,663539.35,4,4,6.0
2025-11-01,A,PRV-015,España,hogar_electronica,660464.52,5,4,6.1
2025-11-01,A,PRV-019,Bangladés,alimentacion_hosteleria,346783.42,1,1,50.1
2025-11-01,A,PRV-023,Portugal,moda_belleza,1009797.09,3,2,3.0
2025-11-01,A,PRV-033,España,alimentacion_hosteleria,409180.29,6,6,4.1
2025-11-01,A,PRV-036,Italia,moda_belleza,581242.34,3,3,11.5
2025-11-01,A,PRV-052,Turquía,moda_belleza,1078413.8,1,1,24.1
2025-11-01,A,PRV-057,Turquía,hogar_electronica,948387.5,2,2,13.9
2025-11-01,A,PRV-059,China,hogar_electronica,758495.7,1,1,56.4
2025-11-01,A,PRV-061,España,hogar_electronica,412070.37,4,3,5.9
2025-11-01,A,PRV-065,España,alimentacion_hosteleria,319677.91,6,5,2.5
2025-11-01,A,PRV-086,Vietnam,hogar_electronica,433219.56,1,0,69.5
2025-11-01,A,PRV-092,España,moda_belleza,712114.35,7,6,3.7
2025-11-01,A,PRV-100,China,hogar_electronica,774274.6,1,1,68.6
2025-11-01,A,PRV-106,España,alimentacion_hosteleria,386873.24,5,3,5.3
2025-11-01,A,PRV-107,Bangladés,moda_belleza,846289.23,1,1,40.5
2025-11-01,A,PRV-108,China,moda_belleza,1091917.4,1,0,47.6
2025-11-01,A,PRV-110,España,moda_belleza,462519.49,2,1,6.4
2025-11-01,A,PRV-112,España,hogar_electronica,317028.15,5,5,6.6
2025-11-01,A,PRV-115,Portugal,hogar_electronica,856063.55,4,4,7.1
2025-11-01,A,PRV-117,España,moda_belleza,1020075.57,6,6,5.5
2025-11-01,A,PRV-118,España,alimentacion_hosteleria,380078.98,6,6,5.2
2025-11-01,B,PRV-001,Turquía,hogar_electronica,196828.64,2,2,18.5
2025-11-01,B,PRV-004,China,moda_belleza,550742.84,1,1,85.1
2025-11-01,B,PRV-014,Italia,moda_belleza,469412.72,5,5,11.6
2025-11-01,B,PRV-021,España,hogar_electronica,507652.84,2,2,6.6
2025-11-01,B,PRV-026,Italia,moda_belleza,468761.41,4,4,8.8
2025-11-01,B,PRV-030,China,moda_belleza,567073.35,1,0,52.3
2025-11-01,B,PRV-042,Italia,moda_belleza,304742.55,2,2,9.6
2025-11-01,B,PRV-048,Portugal,moda_belleza,350546.28,3,3,9.5
2025-11-01,B,PRV-050,Bangladés,hogar_electronica,683672.6,1,1,58.3
2025-11-01,B,PRV-051,China,hogar_electronica,207115.5,1,1,67.7
2025-11-01,B,PRV-053,España,alimentacion_hosteleria,575136.92,4,2,5.5
2025-11-01,B,PRV-055,Vietnam,alimentacion_hosteleria,689149.46,1,1,35.3
2025-11-01,B,PRV-059,China,hogar_electronica,430777.26,1,1,47.9
2025-11-01,B,PRV-063,España,hogar_electronica,441748.35,3,3,8.0
2025-11-01,B,PRV-064,España,moda_belleza,191388.1,5,5,9.4
2025-11-01,B,PRV-068,España,moda_belleza,426998.03,8,8,2.0
2025-11-01,B,PRV-076,Turquía,moda_belleza,432035.77,1,1,18.0
2025-11-01,B,PRV-080,España,alimentacion_hosteleria,272054.53,4,4,7.2
2025-11-01,B,PRV-082,China,hogar_electronica,429661.23,1,1,60.3
2025-11-01,B,PRV-085,Portugal,hogar_electronica,567255.65,3,3,2.8
2025-11-01,B,PRV-094,China,moda_belleza,496039.19,1,1,58.4
2025-11-01,B,PRV-098,Vietnam,alimentacion_hosteleria,553253.43,1,1,37.9
2025-11-01,B,PRV-099,España,moda_belleza,438871.85,5,5,8.4
2025-11-01,B,PRV-100,China,hogar_electronica,603380.35,1,1,33.0
2025-11-01,B,PRV-107,Bangladés,moda_belleza,274023.72,1,0,56.9
2025-11-01,B,PRV-111,Turquía,alimentacion_hosteleria,176687.88,1,1,14.1
2025-11-01,C,PRV-005,España,moda_belleza,366085.75,6,6,6.2
2025-11-01,C,PRV-009,Portugal,moda_belleza,402381.81,2,2,10.0
2025-11-01,C,PRV-010,Italia,alimentacion_hosteleria,142899.69,3,3,9.5
2025-11-01,C,PRV-012,China,moda_belleza,305190.3,1,0,50.1
2025-11-01,C,PRV-017,España,moda_belleza,155292.63,3,3,11.6
2025-11-01,C,PRV-023,Portugal,moda_belleza,293130.5,4,3,8.8
2025-11-01,C,PRV-029,España,alimentacion_hosteleria,412025.24,6,5,2.9
2025-11-01,C,PRV-031,España,moda_belleza,488524.74,6,6,6.9
2025-11-01,C,PRV-032,Bangladés,hogar_electronica,402700.03,1,1,77.0
2025-11-01,C,PRV-052,Turquía,moda_belleza,258260.75,2,2,18.5
2025-11-01,C,PRV-053,España,alimentacion_hosteleria,115869.33,5,4,8.8
2025-11-01,C,PRV-054,España,hogar_electronica,399298.18,5,5,5.3
2025-11-01,C,PRV-063,España,hogar_electronica,348298.75,3,3,5.1
2025-11-01,C,PRV-068,España,moda_belleza,321240.45,7,7,2.0
2025-11-01,C,PRV-073,Italia,moda_belleza,240164.67,2,2,16.7
2025-11-01,C,PRV-075,España,moda_belleza,421866.17,4,4,7.2
2025-11-01,C,PRV-079,España,moda_belleza,230567.99,2,2,8.4
2025-11-01,C,PRV-082,China,hogar_electronica,273613.46,1,1,72.4
2025-11-01,C,PRV-083,España,moda_belleza,374771.37,4,4,5.6
2025-11-01,C,PRV-086,Vietnam,hogar_electronica,348268.1,1,1,55.3
2025-11-01,C,PRV-090,España,hogar_electronica,493377.18,3,3,8.6
2025-11-01,C,PRV-097,Turquía,moda_belleza,195496.07,1,1,16.8
2025-11-01,C,PRV-100,China,hogar_electronica,384485.61,1,1,41.8
2025-11-01,C,PRV-112,España,hogar_electronica,326538.53,5,5,8.6
2025-11-01,C,PRV-114,España,moda_belleza,345221.36,6,4,4.4
2025-11-01,C,PRV-117,España,moda_belleza,388990.18,4,4,6.2
2025-11-01,D,PRV-001,Turquía,hogar_electronica,241358.51,2,2,18.3
2025-11-01,D,PRV-003,España,alimentacion_hosteleria,161581.59,7,7,5.7
2025-11-01,D,PRV-005,España,moda_belleza,238345.79,6,5,3.8
2025-11-01,D,PRV-007,España,moda_belleza,140930.63,3,3,10.2
2025-11-01,D,PRV-012,China,moda_belleza,138433.5,1,1,96.0
2025-11-01,D,PRV-017,España,moda_belleza,223061.44,3,3,6.6
2025-11-01,D,PRV-019,Bangladés,alimentacion_hosteleria,301175.95,1,1,23.0
2025-11-01,D,PRV-023,Portugal,moda_belleza,259127.56,3,3,9.7
2025-11-01,D,PRV-035,España,moda_belleza,175642.33,5,5,7.2
2025-11-01,D,PRV-043,China,hogar_electronica,231675.42,1,1,42.0
2025-11-01,D,PRV-056,China,hogar_electronica,154836.06,1,0,60.8
2025-11-01,D,PRV-058,Portugal,alimentacion_hosteleria,280296.75,5,5,7.0
2025-11-01,D,PRV-060,Portugal,moda_belleza,257441.79,4,4,7.5
2025-11-01,D,PRV-065,España,alimentacion_hosteleria,336099.51,9,7,7.8
2025-11-01,D,PRV-067,España,hogar_electronica,166130.88,4,4,5.8
2025-11-01,D,PRV-071,Italia,moda_belleza,98080.79,4,4,14.1
2025-11-01,D,PRV-074,España,moda_belleza,327976.86,7,7,3.4
2025-11-01,D,PRV-076,Turquía,moda_belleza,184597.45,2,2,14.0
2025-11-01,D,PRV-080,España,alimentacion_hosteleria,123006.92,3,3,5.8
2025-11-01,D,PRV-083,España,moda_belleza,163093.2,6,6,6.0
2025-11-01,D,PRV-095,España,moda_belleza,256377.33,6,6,2.2
2025-11-01,D,PRV-099,España,moda_belleza,185714.05,6,6,4.0
2025-11-01,D,PRV-109,España,moda_belleza,188337.84,7,6,5.4
2025-11-01,D,PRV-118,España,alimentacion_hosteleria,209969.27,7,7,6.7
2025-11-01,D,PRV-119,Vietnam,alimentacion_hosteleria,154866.25,1,1,38.6
2025-11-01,E,PRV-007,España,moda_belleza,367758.79,3,3,10.8
2025-11-01,E,PRV-012,China,moda_belleza,84469.52,1,0,72.2
2025-11-01,E,PRV-013,Vietnam,moda_belleza,165340.89,1,1,67.8
2025-11-01,E,PRV-036,Italia,moda_belleza,122582.73,2,2,13.8
2025-11-01,E,PRV-037,China,moda_belleza,330058.12,1,1,58.1
2025-11-01,E,PRV-038,China,moda_belleza,315824.62,1,1,31.0
2025-11-01,E,PRV-040,España,moda_belleza,138864.43,5,5,4.9
2025-11-01,E,PRV-041,España,moda_belleza,203633.39,6,6,5.5
2025-11-01,E,PRV-042,Italia,moda_belleza,141103.88,3,3,8.3
2025-11-01,E,PRV-043,China,hogar_electronica,252741.41,1,0,46.0
2025-11-01,E,PRV-053,España,alimentacion_hosteleria,126580.05,5,4,8.1
2025-11-01,E,PRV-058,Portugal,alimentacion_hosteleria,93791.21,3,3,8.9
2025-11-01,E,PRV-060,Portugal,moda_belleza,234943.99,4,4,10.6
2025-11-01,E,PRV-064,España,moda_belleza,369619.68,4,3,7.8
2025-11-01,E,PRV-065,España,alimentacion_hosteleria,186940.11,7,7,5.4
2025-11-01,E,PRV-068,España,moda_belleza,136589.77,9,8,3.4
2025-11-01,E,PRV-073,Italia,moda_belleza,140358.88,3,3,16.1
2025-11-01,E,PRV-077,Bangladés,hogar_electronica,168741.31,1,1,86.8
2025-11-01,E,PRV-083,España,moda_belleza,162001.8,5,5,8.7
2025-11-01,E,PRV-087,España,alimentacion_hosteleria,194132.94,5,5,8.2
2025-11-01,E,PRV-097,Turquía,moda_belleza,184771.52,1,1,27.3
2025-11-01,E,PRV-103,España,moda_belleza,365685.31,5,5,5.3
2025-11-01,E,PRV-105,España,alimentacion_hosteleria,266947.53,4,4,2.6
2025-11-01,E,PRV-111,Turquía,alimentacion_hosteleria,72993.18,2,2,23.6
2025-11-01,E,PRV-117,España,moda_belleza,231138.6,5,4,6.5
2025-12-01,A,PRV-004,China,moda_belleza,584242.65,1,0,24.8
2025-12-01,A,PRV-006,España,alimentacion_hosteleria,299361.56,4,4,9.0
2025-12-01,A,PRV-009,Portugal,moda_belleza,680467.16,3,2,14.7
2025-12-01,A,PRV-012,China,moda_belleza,649185.88,1,0,89.1
2025-12-01,A,PRV-013,Vietnam,moda_belleza,712869.52,1,1,24.0
2025-12-01,A,PRV-014,Italia,moda_belleza,595415.72,3,3,10.0
2025-12-01,A,PRV-015,España,hogar_electronica,439941.84,5,4,6.5
2025-12-01,A,PRV-019,Bangladés,alimentacion_hosteleria,365134.01,1,1,37.6
2025-12-01,A,PRV-023,Portugal,moda_belleza,900247.08,3,3,8.9
2025-12-01,A,PRV-033,España,alimentacion_hosteleria,357730.23,6,6,4.0
2025-12-01,A,PRV-036,Italia,moda_belleza,558220.37,2,2,8.7
2025-12-01,A,PRV-052,Turquía,moda_belleza,915628.44,2,2,19.6
2025-12-01,A,PRV-057,Turquía,hogar_electronica,479491.0,2,1,20.0
2025-12-01,A,PRV-059,China,hogar_electronica,841502.39,1,1,46.0
2025-12-01,A,PRV-061,España,hogar_electronica,454657.26,3,2,6.8
2025-12-01,A,PRV-065,España,alimentacion_hosteleria,300788.53,7,7,2.0
2025-12-01,A,PRV-086,Vietnam,hogar_electronica,318452.88,1,0,53.6
2025-12-01,A,PRV-092,España,moda_belleza,409763.23,7,7,3.0
2025-12-01,A,PRV-100,China,hogar_electronica,921350.78,1,0,61.6
2025-12-01,A,PRV-106,España,alimentacion_hosteleria,264197.82,6,5,4.1
2025-12-01,A,PRV-107,Bangladés,moda_belleza,771363.72,1,1,38.8
2025-12-01,A,PRV-108,China,moda_belleza,887633.85,1,0,50.8
2025-12-01,A,PRV-110,España,moda_belleza,332144.63,3,3,8.4
2025-12-01,A,PRV-112,España,hogar_electronica,340418.63,3,3,8.6
2025-12-01,A,PRV-115,Portugal,hogar_electronica,897582.92,6,5,12.2
2025-12-01,A,PRV-117,España,moda_belleza,870371.37,4,4,8.2
2025-12-01,A,PRV-118,España,alimentacion_hosteleria,217081.98,7,7,7.0
2025-12-01,B,PRV-001,Turquía,hogar_electronica,243269.23,3,2,13.1
2025-12-01,B,PRV-004,China,moda_belleza,638053.69,1,1,37.5
2025-12-01,B,PRV-014,Italia,moda_belleza,407841.17,5,5,8.1
2025-12-01,B,PRV-021,España,hogar_electronica,517929.38,4,4,7.7
2025-12-01,B,PRV-026,Italia,moda_belleza,284228.61,3,3,14.4
2025-12-01,B,PRV-030,China,moda_belleza,576082.17,1,1,42.4
2025-12-01,B,PRV-042,Italia,moda_belleza,333139.39,3,3,5.9
2025-12-01,B,PRV-048,Portugal,moda_belleza,360858.36,2,2,8.5
2025-12-01,B,PRV-050,Bangladés,hogar_electronica,504658.23,1,0,85.4
2025-12-01,B,PRV-051,China,hogar_electronica,272254.18,1,1,46.0
2025-12-01,B,PRV-053,España,alimentacion_hosteleria,509921.21,5,5,7.1
2025-12-01,B,PRV-055,Vietnam,alimentacion_hosteleria,646018.79,1,1,68.2
2025-12-01,B,PRV-059,China,hogar_electronica,377335.96,1,1,50.1
2025-12-01,B,PRV-063,España,hogar_electronica,325007.75,6,4,6.3
2025-12-01,B,PRV-064,España,moda_belleza,200356.29,5,5,11.4
2025-12-01,B,PRV-068,España,moda_belleza,420371.39,6,6,4.9
2025-12-01,B,PRV-076,Turquía,moda_belleza,389934.23,1,1,34.2
2025-12-01,B,PRV-080,España,alimentacion_hosteleria,266216.2,5,3,8.0
2025-12-01,B,PRV-082,China,hogar_electronica,375857.33,1,1,80.1
2025-12-01,B,PRV-085,Portugal,hogar_electronica,453056.13,4,4,6.6
2025-12-01,B,PRV-094,China,moda_belleza,503491.45,1,0,76.8
2025-12-01,B,PRV-098,Vietnam,alimentacion_hosteleria,480132.4,1,0,63.3
2025-12-01,B,PRV-099,España,moda_belleza,441643.27,3,3,6.7
2025-12-01,B,PRV-100,China,hogar_electronica,602764.25,1,1,59.3
2025-12-01,B,PRV-107,Bangladés,moda_belleza,249993.06,1,0,61.9
2025-12-01,B,PRV-111,Turquía,alimentacion_hosteleria,205829.75,1,1,15.8
2025-12-01,C,PRV-005,España,moda_belleza,240025.98,4,2,7.2
2025-12-01,C,PRV-009,Portugal,moda_belleza,268666.55,2,2,16.9
2025-12-01,C,PRV-010,Italia,alimentacion_hosteleria,114060.15,3,3,15.6
2025-12-01,C,PRV-012,China,moda_belleza,282784.84,1,1,63.4
2025-12-01,C,PRV-017,España,moda_belleza,212827.78,4,4,8.5
2025-12-01,C,PRV-023,Portugal,moda_belleza,285777.4,5,5,8.6
2025-12-01,C,PRV-029,España,alimentacion_hosteleria,362480.48,6,5,7.1
2025-12-01,C,PRV-031,España,moda_belleza,363563.37,5,5,6.5
2025-12-01,C,PRV-032,Bangladés,hogar_electronica,321074.63,1,1,57.8
2025-12-01,C,PRV-052,Turquía,moda_belleza,301795.9,1,0,24.1
2025-12-01,C,PRV-053,España,alimentacion_hosteleria,72338.75,6,6,7.7
2025-12-01,C,PRV-054,España,hogar_electronica,351105.98,5,5,5.7
2025-12-01,C,PRV-063,España,hogar_electronica,318149.79,4,3,7.1
2025-12-01,C,PRV-068,España,moda_belleza,274639.7,8,7,2.1
2025-12-01,C,PRV-073,Italia,moda_belleza,356385.63,3,3,11.7
2025-12-01,C,PRV-075,España,moda_belleza,464143.07,4,4,10.7
2025-12-01,C,PRV-079,España,moda_belleza,203182.5,3,2,6.1
2025-12-01,C,PRV-082,China,hogar_electronica,279303.1,1,1,89.8
2025-12-01,C,PRV-083,España,moda_belleza,362161.24,4,3,8.2
2025-12-01,C,PRV-086,Vietnam,hogar_electronica,246561.2,1,1,46.1
2025-12-01,C,PRV-090,España,hogar_electronica,394655.66,4,4,7.3
2025-12-01,C,PRV-097,Turquía,moda_belleza,168778.84,1,1,24.0
2025-12-01,C,PRV-100,China,hogar_electronica,434498.34,1,1,39.0
2025-12-01,C,PRV-112,España,hogar_electronica,339106.15,5,5,5.8
2025-12-01,C,PRV-114,España,moda_belleza,363405.68,5,5,7.3
2025-12-01,C,PRV-117,España,moda_belleza,342174.69,3,3,5.7
2025-12-01,D,PRV-001,Turquía,hogar_electronica,240048.8,3,3,15.0
2025-12-01,D,PRV-003,España,alimentacion_hosteleria,148733.39,6,6,4.3
2025-12-01,D,PRV-005,España,moda_belleza,254012.45,4,4,5.6
2025-12-01,D,PRV-007,España,moda_belleza,130823.83,4,4,11.2
2025-12-01,D,PRV-012,China,moda_belleza,153923.23,1,1,80.5
2025-12-01,D,PRV-017,España,moda_belleza,335417.29,3,3,10.0
2025-12-01,D,PRV-019,Bangladés,alimentacion_hosteleria,339183.9,1,1,34.0
2025-12-01,D,PRV-023,Portugal,moda_belleza,349302.23,2,2,6.1
2025-12-01,D,PRV-035,España,moda_belleza,145476.5,5,5,5.5
2025-12-01,D,PRV-043,China,hogar_electronica,193947.07,1,0,28.2
2025-12-01,D,PRV-056,China,hogar_electronica,158617.76,1,0,67.5
2025-12-01,D,PRV-058,Portugal,alimentacion_hosteleria,255084.45,3,3,8.3
2025-12-01,D,PRV-060,Portugal,moda_belleza,196402.98,4,4,8.1
2025-12-01,D,PRV-065,España,alimentacion_hosteleria,274878.99,8,8,4.7
2025-12-01,D,PRV-067,España,hogar_electronica,143059.15,3,3,6.2
2025-12-01,D,PRV-071,Italia,moda_belleza,104270.56,4,4,14.5
2025-12-01,D,PRV-074,España,moda_belleza,291596.59,5,5,5.9
2025-12-01,D,PRV-076,Turquía,moda_belleza,139109.59,1,1,30.2
2025-12-01,D,PRV-080,España,alimentacion_hosteleria,128850.22,5,4,7.3
2025-12-01,D,PRV-083,España,moda_belleza,120877.23,6,6,6.8
2025-12-01,D,PRV-095,España,moda_belleza,268253.73,5,5,6.7
2025-12-01,D,PRV-099,España,moda_belleza,185873.17,3,3,7.1
2025-12-01,D,PRV-109,España,moda_belleza,183264.52,7,6,4.4
2025-12-01,D,PRV-118,España,alimentacion_hosteleria,197781.84,6,6,4.9
2025-12-01,D,PRV-119,Vietnam,alimentacion_hosteleria,156137.07,1,1,6.3
2025-12-01,E,PRV-007,España,moda_belleza,245141.2,4,4,7.4
2025-12-01,E,PRV-012,China,moda_belleza,90870.84,1,1,60.0
2025-12-01,E,PRV-013,Vietnam,moda_belleza,136057.13,1,0,56.9
2025-12-01,E,PRV-036,Italia,moda_belleza,108386.14,2,2,9.9
2025-12-01,E,PRV-037,China,moda_belleza,337857.87,1,1,54.4
2025-12-01,E,PRV-038,China,moda_belleza,252536.02,1,1,40.5
2025-12-01,E,PRV-040,España,moda_belleza,156376.79,4,3,3.4
2025-12-01,E,PRV-041,España,moda_belleza,130399.92,4,3,5.5
2025-12-01,E,PRV-042,Italia,moda_belleza,155910.71,4,3,10.1
2025-12-01,E,PRV-043,China,hogar_electronica,319499.56,1,1,26.9
2025-12-01,E,PRV-053,España,alimentacion_hosteleria,106245.16,4,4,8.5
2025-12-01,E,PRV-058,Portugal,alimentacion_hosteleria,92347.26,5,5,7.2
2025-12-01,E,PRV-060,Portugal,moda_belleza,152601.19,4,3,5.3
2025-12-01,E,PRV-064,España,moda_belleza,242266.92,6,6,5.6
2025-12-01,E,PRV-065,España,alimentacion_hosteleria,135093.26,5,5,6.0
2025-12-01,E,PRV-068,España,moda_belleza,143402.87,9,9,3.9
2025-12-01,E,PRV-073,Italia,moda_belleza,114097.12,3,3,7.8
2025-12-01,E,PRV-077,Bangladés,hogar_electronica,179759.45,1,0,54.4
2025-12-01,E,PRV-083,España,moda_belleza,134816.14,5,5,6.7
2025-12-01,E,PRV-087,España,alimentacion_hosteleria,173917.9,4,4,6.6
2025-12-01,E,PRV-097,Turquía,moda_belleza,163815.16,1,1,9.1
2025-12-01,E,PRV-103,España,moda_belleza,259697.82,4,4,6.0
2025-12-01,E,PRV-105,España,alimentacion_hosteleria,306052.99,5,5,3.7
2025-12-01,E,PRV-111,Turquía,alimentacion_hosteleria,88345.57,1,1,19.2
2025-12-01,E,PRV-117,España,moda_belleza,177465.44,5,5,8.8
