mes,matricula,grupo,tipo,km,km_en_vacio,litros,coste_eur,co2e_kg
2024-01-01,RN-MAD-F001,A,furgoneta,1835.7,330.4,176.3,250.35,472.5
2024-02-01,RN-MAD-F001,A,furgoneta,2075.5,373.6,199.3,283.06,534.2
2024-03-01,RN-MAD-F001,A,furgoneta,2298.1,413.7,220.7,313.43,591.5
2024-04-01,RN-MAD-F001,A,furgoneta,2199.3,395.9,211.2,299.95,566.1
2024-05-01,RN-MAD-F001,A,furgoneta,1989.0,358.0,191.0,271.27,512.0
2024-06-01,RN-MAD-F001,A,furgoneta,2309.8,415.8,221.8,315.01,594.5
2024-07-01,RN-MAD-F001,A,furgoneta,2154.6,387.8,206.9,293.86,554.6
2024-08-01,RN-MAD-F001,A,furgoneta,1838.2,330.9,176.5,250.7,473.1
2024-09-01,RN-MAD-F001,A,furgoneta,2321.4,417.9,223.0,316.61,597.5
2024-10-01,RN-MAD-F001,A,furgoneta,2068.6,372.4,198.7,282.13,532.5
2024-11-01,RN-MAD-F001,A,furgoneta,2265.1,407.7,217.6,308.92,583.0
2024-12-01,RN-MAD-F001,A,furgoneta,2559.0,460.6,245.8,349.01,658.7
2025-01-01,RN-MAD-F001,A,furgoneta,2072.4,373.0,199.0,282.64,533.4
2025-02-01,RN-MAD-F001,A,furgoneta,2005.5,361.0,192.6,273.51,516.2
2025-03-01,RN-MAD-F001,A,furgoneta,2153.7,387.7,206.9,293.73,554.4
2025-04-01,RN-MAD-F001,A,furgoneta,2176.1,391.7,209.0,296.79,560.1
2025-05-01,RN-MAD-F001,A,furgoneta,2036.8,366.6,195.6,277.79,524.3
2025-06-01,RN-MAD-F001,A,furgoneta,2364.8,425.7,227.1,322.52,608.7
2025-07-01,RN-MAD-F001,A,furgoneta,2539.4,457.1,243.9,346.33,653.6
2025-08-01,RN-MAD-F001,A,furgoneta,2024.6,364.4,194.5,276.13,521.1
2025-09-01,RN-MAD-F001,A,furgoneta,2196.9,395.4,211.0,299.62,565.5
2025-10-01,RN-MAD-F001,A,furgoneta,2161.4,389.1,207.6,294.78,556.3
2025-11-01,RN-MAD-F001,A,furgoneta,2237.4,402.7,214.9,305.15,575.9
2025-12-01,RN-MAD-F001,A,furgoneta,2383.9,429.1,229.0,325.13,613.6
2024-01-01,RN-MAD-F002,A,furgoneta,2078.3,374.1,197.4,280.36,529.1
2024-02-01,RN-MAD-F002,A,furgoneta,1931.5,347.7,183.5,260.56,491.8
2024-03-01,RN-MAD-F002,A,furgoneta,2397.4,431.5,227.8,323.41,610.4
2024-04-01,RN-MAD-F002,A,furgoneta,2439.1,439.0,231.7,329.03,621.0
2024-05-01,RN-MAD-F002,A,furgoneta,2105.4,379.0,200.0,284.02,536.0
2024-06-01,RN-MAD-F002,A,furgoneta,2177.0,391.9,206.8,293.68,554.3
2024-07-01,RN-MAD-F002,A,furgoneta,2436.5,438.6,231.5,328.68,620.3
2024-08-01,RN-MAD-F002,A,furgoneta,2079.8,374.4,197.6,280.56,529.5
2024-09-01,RN-MAD-F002,A,furgoneta,2327.3,418.9,221.1,313.95,592.5
2024-10-01,RN-MAD-F002,A,furgoneta,2027.7,365.0,192.6,273.53,516.2
2024-11-01,RN-MAD-F002,A,furgoneta,2270.8,408.7,215.7,306.33,578.1
2024-12-01,RN-MAD-F002,A,furgoneta,2743.4,493.8,260.6,370.09,698.5
2025-01-01,RN-MAD-F002,A,furgoneta,1988.5,357.9,188.9,268.25,506.3
2025-02-01,RN-MAD-F002,A,furgoneta,1976.4,355.8,187.8,266.62,503.2
2025-03-01,RN-MAD-F002,A,furgoneta,2227.9,401.0,211.7,300.55,567.2
2025-04-01,RN-MAD-F002,A,furgoneta,2331.8,419.7,221.5,314.56,593.7
2025-05-01,RN-MAD-F002,A,furgoneta,2234.2,402.2,212.2,301.39,568.8
2025-06-01,RN-MAD-F002,A,furgoneta,2149.8,387.0,204.2,290.01,547.3
2025-07-01,RN-MAD-F002,A,furgoneta,2297.5,413.6,218.3,309.94,585.0
2025-08-01,RN-MAD-F002,A,furgoneta,2026.5,364.8,192.5,273.37,515.9
2025-09-01,RN-MAD-F002,A,furgoneta,2198.2,395.7,208.8,296.53,559.7
2025-10-01,RN-MAD-F002,A,furgoneta,2179.5,392.3,207.1,294.02,554.9
2025-11-01,RN-MAD-F002,A,furgoneta,1808.5,325.5,171.8,243.97,460.4
2025-12-01,RN-MAD-F002,A,furgoneta,2822.4,508.0,268.1,380.74,718.6
2024-01-01,RN-MAD-F003,A,furgoneta,1900.4,342.1,190.5,270.47,510.5
2024-02-01,RN-MAD-F003,A,furgoneta,1801.1,324.2,180.5,256.33,483.8
2024-03-01,RN-MAD-F003,A,furgoneta,2103.9,378.7,210.9,299.43,565.1
2024-04-01,RN-MAD-F003,A,furgoneta,2071.3,372.8,207.6,294.79,556.4
2024-05-01,RN-MAD-F003,A,furgoneta,2128.9,383.2,213.4,302.99,571.8
2024-06-01,RN-MAD-F003,A,furgoneta,2109.0,379.6,211.4,300.16,566.5
2024-07-01,RN-MAD-F003,A,furgoneta,2368.0,426.2,237.3,337.02,636.1
2024-08-01,RN-MAD-F003,A,furgoneta,2224.3,400.4,222.9,316.56,597.5
2024-09-01,RN-MAD-F003,A,furgoneta,1680.4,302.5,168.4,239.16,451.4
2024-10-01,RN-MAD-F003,A,furgoneta,2135.9,384.5,214.1,303.98,573.7
2024-11-01,RN-MAD-F003,A,furgoneta,2165.7,389.8,217.1,308.22,581.7
2024-12-01,RN-MAD-F003,A,furgoneta,2424.3,436.4,243.0,345.02,651.2
2025-01-01,RN-MAD-F003,A,furgoneta,1946.6,350.4,195.1,277.04,522.9
2025-02-01,RN-MAD-F003,A,furgoneta,1920.4,345.7,192.5,273.31,515.8
2025-03-01,RN-MAD-F003,A,furgoneta,2320.1,417.6,232.5,330.2,623.2
2025-04-01,RN-MAD-F003,A,furgoneta,2013.3,362.4,201.8,286.53,540.8
2025-05-01,RN-MAD-F003,A,furgoneta,2082.5,374.9,208.7,296.38,559.4
2025-06-01,RN-MAD-F003,A,furgoneta,2250.2,405.0,225.5,320.24,604.4
2025-07-01,RN-MAD-F003,A,furgoneta,2308.4,415.5,231.4,328.53,620.0
2025-08-01,RN-MAD-F003,A,furgoneta,1896.2,341.3,190.0,269.86,509.3
2025-09-01,RN-MAD-F003,A,furgoneta,2525.8,454.6,253.1,359.47,678.4
2025-10-01,RN-MAD-F003,A,furgoneta,2020.1,363.6,202.5,287.49,542.6
2025-11-01,RN-MAD-F003,A,furgoneta,1947.0,350.5,195.1,277.09,523.0
2025-12-01,RN-MAD-F003,A,furgoneta,2274.4,409.4,228.0,323.69,610.9
2024-01-01,RN-MAD-F004,A,furgoneta,2138.4,384.9,203.2,288.48,544.4
2024-02-01,RN-MAD-F004,A,furgoneta,1759.0,316.6,167.1,237.29,447.8
2024-03-01,RN-MAD-F004,A,furgoneta,2283.2,411.0,216.9,308.0,581.3
2024-04-01,RN-MAD-F004,A,furgoneta,2118.6,381.3,201.3,285.79,539.4
2024-05-01,RN-MAD-F004,A,furgoneta,2078.0,374.0,197.4,280.32,529.1
2024-06-01,RN-MAD-F004,A,furgoneta,2236.8,402.6,212.5,301.74,569.5
2024-07-01,RN-MAD-F004,A,furgoneta,2213.4,398.4,210.3,298.59,563.5
2024-08-01,RN-MAD-F004,A,furgoneta,2158.6,388.5,205.1,291.19,549.6
2024-09-01,RN-MAD-F004,A,furgoneta,2281.5,410.7,216.7,307.77,580.9
2024-10-01,RN-MAD-F004,A,furgoneta,2378.2,428.1,225.9,320.82,605.5
2024-11-01,RN-MAD-F004,A,furgoneta,2279.3,410.3,216.5,307.47,580.3
2024-12-01,RN-MAD-F004,A,furgoneta,2791.8,502.5,265.2,376.62,710.8
2025-01-01,RN-MAD-F004,A,furgoneta,1818.2,327.3,172.7,245.27,462.9
2025-02-01,RN-MAD-F004,A,furgoneta,1730.0,311.4,164.4,233.38,440.5
2025-03-01,RN-MAD-F004,A,furgoneta,2090.7,376.3,198.6,282.03,532.3
2025-04-01,RN-MAD-F004,A,furgoneta,2047.2,368.5,194.5,276.16,521.2
2025-05-01,RN-MAD-F004,A,furgoneta,2155.0,387.9,204.7,290.71,548.7
2025-06-01,RN-MAD-F004,A,furgoneta,2254.1,405.7,214.1,304.08,573.9
2025-07-01,RN-MAD-F004,A,furgoneta,2524.7,454.4,239.8,340.58,642.8
2025-08-01,RN-MAD-F004,A,furgoneta,2334.4,420.2,221.8,314.92,594.3
2025-09-01,RN-MAD-F004,A,furgoneta,1999.2,359.8,189.9,269.69,509.0
2025-10-01,RN-MAD-F004,A,furgoneta,1874.5,337.4,178.1,252.87,477.2
2025-11-01,RN-MAD-F004,A,furgoneta,2172.5,391.0,206.4,293.06,553.1
2025-12-01,RN-MAD-F004,A,furgoneta,2746.6,494.4,260.9,370.51,699.3
2024-01-01,RN-MAD-F005,A,furgoneta,2084.6,375.2,202.4,287.4,542.4
2024-02-01,RN-MAD-F005,A,furgoneta,1869.9,336.6,181.6,257.8,486.6
2024-03-01,RN-MAD-F005,A,furgoneta,2127.3,382.9,206.5,293.29,553.5
2024-04-01,RN-MAD-F005,A,furgoneta,1983.2,357.0,192.6,273.42,516.0
2024-05-01,RN-MAD-F005,A,furgoneta,2342.5,421.6,227.4,322.95,609.5
2024-06-01,RN-MAD-F005,A,furgoneta,2301.1,414.2,223.4,317.24,598.7
2024-07-01,RN-MAD-F005,A,furgoneta,2140.1,385.2,207.8,295.05,556.9
2024-08-01,RN-MAD-F005,A,furgoneta,1948.7,350.8,189.2,268.67,507.1
2024-09-01,RN-MAD-F005,A,furgoneta,2178.3,392.1,211.5,300.32,566.8
2024-10-01,RN-MAD-F005,A,furgoneta,2445.9,440.3,237.5,337.21,636.4
2024-11-01,RN-MAD-F005,A,furgoneta,2130.3,383.5,206.8,293.71,554.3
2024-12-01,RN-MAD-F005,A,furgoneta,2580.6,464.5,250.5,355.78,671.5
2025-01-01,RN-MAD-F005,A,furgoneta,1937.8,348.8,188.1,267.16,504.2
2025-02-01,RN-MAD-F005,A,furgoneta,1897.0,341.5,184.2,261.54,493.6
2025-03-01,RN-MAD-F005,A,furgoneta,2121.1,381.8,205.9,292.43,551.9
2025-04-01,RN-MAD-F005,A,furgoneta,2033.3,366.0,197.4,280.33,529.1
2025-05-01,RN-MAD-F005,A,furgoneta,2165.7,389.8,210.3,298.58,563.5
2025-06-01,RN-MAD-F005,A,furgoneta,2169.2,390.4,210.6,299.06,564.4
2025-07-01,RN-MAD-F005,A,furgoneta,2218.2,399.3,215.4,305.82,577.2
2025-08-01,RN-MAD-F005,A,furgoneta,2311.9,416.1,224.5,318.73,601.6
2025-09-01,RN-MAD-F005,A,furgoneta,2323.6,418.2,225.6,320.34,604.6
2025-10-01,RN-MAD-F005,A,furgoneta,1921.5,345.9,186.6,264.92,500.0
2025-11-01,RN-MAD-F005,A,furgoneta,2177.6,392.0,211.4,300.22,566.6
2025-12-01,RN-MAD-F005,A,furgoneta,2570.7,462.7,249.6,354.41,668.9
2024-01-01,RN-MAD-F006,A,furgoneta,2208.6,397.5,209.8,297.94,562.3
2024-02-01,RN-MAD-F006,A,furgoneta,2162.3,389.2,205.4,291.7,550.5
2024-03-01,RN-MAD-F006,A,furgoneta,2085.3,375.4,198.1,281.31,530.9
2024-04-01,RN-MAD-F006,A,furgoneta,2341.9,421.5,222.5,315.92,596.2
2024-05-01,RN-MAD-F006,A,furgoneta,2272.1,409.0,215.8,306.5,578.5
2024-06-01,RN-MAD-F006,A,furgoneta,2175.0,391.5,206.6,293.41,553.8
2024-07-01,RN-MAD-F006,A,furgoneta,2350.6,423.1,223.3,317.1,598.5
2024-08-01,RN-MAD-F006,A,furgoneta,2257.5,406.4,214.5,304.54,574.8
2024-09-01,RN-MAD-F006,A,furgoneta,2549.0,458.8,242.2,343.87,649.0
2024-10-01,RN-MAD-F006,A,furgoneta,2286.7,411.6,217.2,308.48,582.2
2024-11-01,RN-MAD-F006,A,furgoneta,2449.8,441.0,232.7,330.47,623.7
2024-12-01,RN-MAD-F006,A,furgoneta,2614.3,470.6,248.4,352.67,665.6
2025-01-01,RN-MAD-F006,A,furgoneta,1850.0,333.0,175.7,249.56,471.0
2025-02-01,RN-MAD-F006,A,furgoneta,1749.0,314.8,166.2,235.94,445.3
2025-03-01,RN-MAD-F006,A,furgoneta,2107.5,379.3,200.2,284.3,536.6
2025-04-01,RN-MAD-F006,A,furgoneta,2290.1,412.2,217.6,308.94,583.1
2025-05-01,RN-MAD-F006,A,furgoneta,1845.9,332.3,175.4,249.01,470.0
2025-06-01,RN-MAD-F006,A,furgoneta,1937.6,348.8,184.1,261.38,493.3
2025-07-01,RN-MAD-F006,A,furgoneta,2404.1,432.7,228.4,324.31,612.1
2025-08-01,RN-MAD-F006,A,furgoneta,2048.2,368.7,194.6,276.3,521.5
2025-09-01,RN-MAD-F006,A,furgoneta,2085.6,375.4,198.1,281.35,531.0
2025-10-01,RN-MAD-F006,A,furgoneta,2014.9,362.7,191.4,271.81,513.0
2025-11-01,RN-MAD-F006,A,furgoneta,2176.2,391.7,206.7,293.56,554.1
2025-12-01,RN-MAD-F006,A,furgoneta,2621.3,471.8,249.0,353.62,667.4
2024-01-01,RN-MAD-F007,A,furgoneta,2015.0,362.7,191.4,271.83,513.0
2024-02-01,RN-MAD-F007,A,furgoneta,2218.5,399.3,210.8,299.27,564.8
2024-03-01,RN-MAD-F007,A,furgoneta,1862.9,335.3,177.0,251.31,474.3
2024-04-01,RN-MAD-F007,A,furgoneta,2598.6,467.7,246.9,350.55,661.6
2024-05-01,RN-MAD-F007,A,furgoneta,2105.9,379.1,200.1,284.09,536.2
2024-06-01,RN-MAD-F007,A,furgoneta,2299.0,413.8,218.4,310.14,585.3
2024-07-01,RN-MAD-F007,A,furgoneta,2302.9,414.5,218.8,310.67,586.3
2024-08-01,RN-MAD-F007,A,furgoneta,1985.7,357.4,188.6,267.87,505.6
2024-09-01,RN-MAD-F007,A,furgoneta,2088.6,376.0,198.4,281.76,531.8
2024-10-01,RN-MAD-F007,A,furgoneta,1917.3,345.1,182.1,258.64,488.1
2024-11-01,RN-MAD-F007,A,furgoneta,2449.9,441.0,232.7,330.5,623.8
2024-12-01,RN-MAD-F007,A,furgoneta,2599.8,468.0,247.0,350.72,661.9
2025-01-01,RN-MAD-F007,A,furgoneta,2040.1,367.2,193.8,275.21,519.4
2025-02-01,RN-MAD-F007,A,furgoneta,2012.6,362.3,191.2,271.5,512.4
2025-03-01,RN-MAD-F007,A,furgoneta,2371.0,426.8,225.2,319.85,603.7
2025-04-01,RN-MAD-F007,A,furgoneta,2244.0,403.9,213.2,302.72,571.3
2025-05-01,RN-MAD-F007,A,furgoneta,2182.5,392.8,207.3,294.42,555.7
2025-06-01,RN-MAD-F007,A,furgoneta,2167.3,390.1,205.9,292.36,551.8
2025-07-01,RN-MAD-F007,A,furgoneta,2035.0,366.3,193.3,274.52,518.1
2025-08-01,RN-MAD-F007,A,furgoneta,2219.3,399.5,210.8,299.39,565.0
2025-09-01,RN-MAD-F007,A,furgoneta,2073.1,373.2,196.9,279.66,527.8
2025-10-01,RN-MAD-F007,A,furgoneta,1903.0,342.5,180.8,256.72,484.5
2025-11-01,RN-MAD-F007,A,furgoneta,1848.8,332.8,175.6,249.4,470.7
2025-12-01,RN-MAD-F007,A,furgoneta,2398.7,431.8,227.9,323.58,610.7
2024-01-01,RN-MAD-F008,A,furgoneta,2019.4,363.5,196.1,278.41,525.5
2024-02-01,RN-MAD-F008,A,furgoneta,2110.5,379.9,204.9,290.97,549.2
2024-03-01,RN-MAD-F008,A,furgoneta,2147.0,386.5,208.5,296.01,558.7
2024-04-01,RN-MAD-F008,A,furgoneta,2044.1,367.9,198.5,281.81,531.9
2024-05-01,RN-MAD-F008,A,furgoneta,2261.0,407.0,219.5,311.72,588.3
2024-06-01,RN-MAD-F008,A,furgoneta,2163.3,389.4,210.0,298.25,562.9
2024-07-01,RN-MAD-F008,A,furgoneta,2329.6,419.3,226.2,321.18,606.2
2024-08-01,RN-MAD-F008,A,furgoneta,1964.5,353.6,190.7,270.84,511.2
2024-09-01,RN-MAD-F008,A,furgoneta,2101.9,378.3,204.1,289.78,546.9
2024-10-01,RN-MAD-F008,A,furgoneta,2397.4,431.5,232.8,330.52,623.8
2024-11-01,RN-MAD-F008,A,furgoneta,2328.2,419.1,226.0,320.98,605.8
2024-12-01,RN-MAD-F008,A,furgoneta,2651.3,477.2,257.4,365.53,689.9
2025-01-01,RN-MAD-F008,A,furgoneta,1856.0,334.1,180.2,255.88,482.9
2025-02-01,RN-MAD-F008,A,furgoneta,1921.4,345.9,186.5,264.9,500.0
2025-03-01,RN-MAD-F008,A,furgoneta,2292.5,412.6,222.6,316.06,596.5
2025-04-01,RN-MAD-F008,A,furgoneta,1912.2,344.2,185.7,263.63,497.5
2025-05-01,RN-MAD-F008,A,furgoneta,2053.2,369.6,199.3,283.07,534.2
2025-06-01,RN-MAD-F008,A,furgoneta,2418.9,435.4,234.9,333.49,629.4
2025-07-01,RN-MAD-F008,A,furgoneta,2056.4,370.2,199.7,283.51,535.1
2025-08-01,RN-MAD-F008,A,furgoneta,2022.7,364.1,196.4,278.86,526.3
2025-09-01,RN-MAD-F008,A,furgoneta,2189.4,394.1,212.6,301.84,569.7
2025-10-01,RN-MAD-F008,A,furgoneta,2229.8,401.4,216.5,307.42,580.2
2025-11-01,RN-MAD-F008,A,furgoneta,2092.2,376.6,203.1,288.44,544.4
2025-12-01,RN-MAD-F008,A,furgoneta,2444.7,440.0,237.4,337.04,636.1
2024-01-01,RN-MAD-F009,A,furgoneta,1775.9,319.7,170.6,242.21,457.1
2024-02-01,RN-MAD-F009,A,furgoneta,1928.3,347.1,185.2,262.99,496.3
2024-03-01,RN-MAD-F009,A,furgoneta,2106.6,379.2,202.3,287.31,542.2
2024-04-01,RN-MAD-F009,A,furgoneta,1997.6,359.6,191.9,272.45,514.2
2024-05-01,RN-MAD-F009,A,furgoneta,2439.8,439.2,234.3,332.75,628.0
2024-06-01,RN-MAD-F009,A,furgoneta,2066.0,371.9,198.4,281.76,531.8
2024-07-01,RN-MAD-F009,A,furgoneta,2365.3,425.8,227.2,322.59,608.8
2024-08-01,RN-MAD-F009,A,furgoneta,1953.6,351.6,187.6,266.43,502.8
2024-09-01,RN-MAD-F009,A,furgoneta,1968.6,354.3,189.1,268.49,506.7
2024-10-01,RN-MAD-F009,A,furgoneta,2268.5,408.3,217.9,309.38,583.9
2024-11-01,RN-MAD-F009,A,furgoneta,2191.8,394.5,210.5,298.93,564.2
2024-12-01,RN-MAD-F009,A,furgoneta,2951.5,531.3,283.5,402.54,759.7
2025-01-01,RN-MAD-F009,A,furgoneta,1949.2,350.8,187.2,265.83,501.7
2025-02-01,RN-MAD-F009,A,furgoneta,1943.3,349.8,186.6,265.04,500.2
2025-03-01,RN-MAD-F009,A,furgoneta,2004.4,360.8,192.5,273.37,515.9
2025-04-01,RN-MAD-F009,A,furgoneta,2262.1,407.2,217.3,308.51,582.3
2025-05-01,RN-MAD-F009,A,furgoneta,2276.2,409.7,218.6,310.44,585.9
2025-06-01,RN-MAD-F009,A,furgoneta,2155.8,388.0,207.1,294.02,554.9
2025-07-01,RN-MAD-F009,A,furgoneta,2235.3,402.4,214.7,304.86,575.4
2025-08-01,RN-MAD-F009,A,furgoneta,2176.5,391.8,209.0,296.84,560.2
2025-09-01,RN-MAD-F009,A,furgoneta,2408.7,433.6,231.3,328.51,620.0
2025-10-01,RN-MAD-F009,A,furgoneta,2095.2,377.1,201.2,285.75,539.3
2025-11-01,RN-MAD-F009,A,furgoneta,2198.6,395.8,211.2,299.86,565.9
2025-12-01,RN-MAD-F009,A,furgoneta,2532.2,455.8,243.2,345.36,651.8
2024-01-01,RN-MAD-F010,A,furgoneta,1870.1,336.6,181.6,257.83,486.6
2024-02-01,RN-MAD-F010,A,furgoneta,1865.4,335.8,181.1,257.18,485.4
2024-03-01,RN-MAD-F010,A,furgoneta,2200.5,396.1,213.7,303.38,572.6
2024-04-01,RN-MAD-F010,A,furgoneta,2295.5,413.2,222.9,316.47,597.3
2024-05-01,RN-MAD-F010,A,furgoneta,2175.3,391.6,211.2,299.9,566.0
2024-06-01,RN-MAD-F010,A,furgoneta,2118.0,381.2,205.6,292.0,551.1
2024-07-01,RN-MAD-F010,A,furgoneta,2238.1,402.9,217.3,308.56,582.4
2024-08-01,RN-MAD-F010,A,furgoneta,2111.6,380.1,205.0,291.12,549.4
2024-09-01,RN-MAD-F010,A,furgoneta,2344.1,421.9,227.6,323.17,609.9
2024-10-01,RN-MAD-F010,A,furgoneta,1962.0,353.2,190.5,270.5,510.5
2024-11-01,RN-MAD-F010,A,furgoneta,2376.3,427.7,230.7,327.61,618.3
2024-12-01,RN-MAD-F010,A,furgoneta,2744.3,494.0,266.4,378.36,714.1
2025-01-01,RN-MAD-F010,A,furgoneta,1923.3,346.2,186.7,265.16,500.5
2025-02-01,RN-MAD-F010,A,furgoneta,1990.5,358.3,193.3,274.42,517.9
2025-03-01,RN-MAD-F010,A,furgoneta,2082.6,374.9,202.2,287.13,541.9
2025-04-01,RN-MAD-F010,A,furgoneta,2198.8,395.8,213.5,303.15,572.1
2025-05-01,RN-MAD-F010,A,furgoneta,2173.6,391.2,211.0,299.66,565.6
2025-06-01,RN-MAD-F010,A,furgoneta,2106.5,379.2,204.5,290.41,548.1
2025-07-01,RN-MAD-F010,A,furgoneta,2463.2,443.4,239.1,339.59,640.9
2025-08-01,RN-MAD-F010,A,furgoneta,2382.2,428.8,231.3,328.43,619.9
2025-09-01,RN-MAD-F010,A,furgoneta,2375.9,427.7,230.7,327.56,618.2
2025-10-01,RN-MAD-F010,A,furgoneta,2259.8,406.8,219.4,311.55,588.0
2025-11-01,RN-MAD-F010,A,furgoneta,2154.3,387.8,209.2,297.0,560.5
2025-12-01,RN-MAD-F010,A,furgoneta,2387.7,429.8,231.8,329.19,621.3
2024-01-01,RN-MAD-F011,A,furgoneta,2108.9,379.6,200.3,284.49,536.9
2024-02-01,RN-MAD-F011,A,furgoneta,2056.5,370.2,195.4,277.43,523.6
2024-03-01,RN-MAD-F011,A,furgoneta,2173.3,391.2,206.5,293.17,553.3
2024-04-01,RN-MAD-F011,A,furgoneta,2034.7,366.2,193.3,274.48,518.0
2024-05-01,RN-MAD-F011,A,furgoneta,2085.7,375.4,198.1,281.36,531.0
2024-06-01,RN-MAD-F011,A,furgoneta,2228.6,401.1,211.7,300.63,567.4
2024-07-01,RN-MAD-F011,A,furgoneta,2237.8,402.8,212.6,301.87,569.7
2024-08-01,RN-MAD-F011,A,furgoneta,2053.6,369.7,195.1,277.04,522.9
2024-09-01,RN-MAD-F011,A,furgoneta,2338.7,421.0,222.2,315.49,595.4
2024-10-01,RN-MAD-F011,A,furgoneta,2161.4,389.1,205.3,291.58,550.3
2024-11-01,RN-MAD-F011,A,furgoneta,2035.8,366.4,193.4,274.63,518.3
2024-12-01,RN-MAD-F011,A,furgoneta,2588.0,465.8,245.9,349.11,658.9
2025-01-01,RN-MAD-F011,A,furgoneta,1698.6,305.7,161.4,229.14,432.5
2025-02-01,RN-MAD-F011,A,furgoneta,2125.9,382.7,202.0,286.78,541.2
2025-03-01,RN-MAD-F011,A,furgoneta,2136.0,384.5,202.9,288.14,543.8
2025-04-01,RN-MAD-F011,A,furgoneta,2270.0,408.6,215.6,306.22,577.9
2025-05-01,RN-MAD-F011,A,furgoneta,1862.2,335.2,176.9,251.21,474.1
2025-06-01,RN-MAD-F011,A,furgoneta,2136.4,384.6,203.0,288.2,543.9
2025-07-01,RN-MAD-F011,A,furgoneta,2431.0,437.6,230.9,327.94,618.9
2025-08-01,RN-MAD-F011,A,furgoneta,1675.7,301.6,159.2,226.05,426.6
2025-09-01,RN-MAD-F011,A,furgoneta,2061.5,371.1,195.8,278.1,524.9
2025-10-01,RN-MAD-F011,A,furgoneta,1846.4,332.3,175.4,249.07,470.1
2025-11-01,RN-MAD-F011,A,furgoneta,2177.0,391.9,206.8,293.68,554.3
2025-12-01,RN-MAD-F011,A,furgoneta,2657.2,478.3,252.4,358.45,676.5
2024-01-01,RN-MAD-F012,A,furgoneta,1788.6,321.9,173.7,246.59,465.4
2024-02-01,RN-MAD-F012,A,furgoneta,2087.8,375.8,202.7,287.84,543.2
2024-03-01,RN-MAD-F012,A,furgoneta,2309.6,415.7,224.2,318.42,601.0
2024-04-01,RN-MAD-F012,A,furgoneta,2273.6,409.3,220.7,313.46,591.6
2024-05-01,RN-MAD-F012,A,furgoneta,1998.5,359.7,194.0,275.54,520.0
2024-06-01,RN-MAD-F012,A,furgoneta,2362.5,425.3,229.4,325.72,614.7
2024-07-01,RN-MAD-F012,A,furgoneta,2458.6,442.6,238.7,338.97,639.7
2024-08-01,RN-MAD-F012,A,furgoneta,1975.7,355.6,191.8,272.38,514.1
2024-09-01,RN-MAD-F012,A,furgoneta,2251.8,405.3,218.6,310.46,585.9
2024-10-01,RN-MAD-F012,A,furgoneta,2098.0,377.6,203.7,289.24,545.9
2024-11-01,RN-MAD-F012,A,furgoneta,2470.4,444.7,239.9,340.59,642.8
2024-12-01,RN-MAD-F012,A,furgoneta,2853.6,513.6,277.1,393.42,742.5
2025-01-01,RN-MAD-F012,A,furgoneta,1857.8,334.4,180.4,256.14,483.4
2025-02-01,RN-MAD-F012,A,furgoneta,1937.9,348.8,188.2,267.18,504.3
2025-03-01,RN-MAD-F012,A,furgoneta,2230.8,401.5,216.6,307.56,580.5
2025-04-01,RN-MAD-F012,A,furgoneta,2105.1,378.9,204.4,290.23,547.8
2025-05-01,RN-MAD-F012,A,furgoneta,2291.9,412.5,222.5,315.98,596.4
2025-06-01,RN-MAD-F012,A,furgoneta,2488.5,447.9,241.6,343.08,647.5
2025-07-01,RN-MAD-F012,A,furgoneta,2309.4,415.7,224.2,318.39,600.9
2025-08-01,RN-MAD-F012,A,furgoneta,1779.0,320.2,172.7,245.26,462.9
2025-09-01,RN-MAD-F012,A,furgoneta,2168.1,390.3,210.5,298.92,564.2
2025-10-01,RN-MAD-F012,A,furgoneta,2469.5,444.5,239.8,340.47,642.6
2025-11-01,RN-MAD-F012,A,furgoneta,2267.4,408.1,220.1,312.61,590.0
2025-12-01,RN-MAD-F012,A,furgoneta,2410.6,433.9,234.0,332.35,627.3
2024-01-01,RN-MAD-F013,A,furgoneta,2021.0,363.8,196.2,278.63,525.9
2024-02-01,RN-MAD-F013,A,furgoneta,1771.0,318.8,171.9,244.16,460.8
2024-03-01,RN-MAD-F013,A,furgoneta,2055.9,370.1,199.6,283.44,535.0
2024-04-01,RN-MAD-F013,A,furgoneta,2244.6,404.0,217.9,309.45,584.0
2024-05-01,RN-MAD-F013,A,furgoneta,2239.3,403.1,217.4,308.72,582.7
2024-06-01,RN-MAD-F013,A,furgoneta,2001.8,360.3,194.4,275.99,520.9
2024-07-01,RN-MAD-F013,A,furgoneta,2293.3,412.8,222.7,316.17,596.7
2024-08-01,RN-MAD-F013,A,furgoneta,1926.7,346.8,187.1,265.63,501.3
2024-09-01,RN-MAD-F013,A,furgoneta,1959.2,352.7,190.2,270.11,509.8
2024-10-01,RN-MAD-F013,A,furgoneta,2305.9,415.1,223.9,317.91,600.0
2024-11-01,RN-MAD-F013,A,furgoneta,2078.4,374.1,201.8,286.54,540.8
2024-12-01,RN-MAD-F013,A,furgoneta,2398.8,431.8,232.9,330.72,624.2
2025-01-01,RN-MAD-F013,A,furgoneta,1821.4,327.8,176.8,251.11,473.9
2025-02-01,RN-MAD-F013,A,furgoneta,1667.3,300.1,161.9,229.86,433.8
2025-03-01,RN-MAD-F013,A,furgoneta,2363.4,425.4,229.5,325.83,614.9
2025-04-01,RN-MAD-F013,A,furgoneta,2497.1,449.5,242.4,344.27,649.8
2025-05-01,RN-MAD-F013,A,furgoneta,2215.1,398.7,215.1,305.39,576.4
2025-06-01,RN-MAD-F013,A,furgoneta,2230.9,401.6,216.6,307.57,580.5
2025-07-01,RN-MAD-F013,A,furgoneta,2379.7,428.3,231.0,328.08,619.2
2025-08-01,RN-MAD-F013,A,furgoneta,2125.5,382.6,206.4,293.04,553.1
2025-09-01,RN-MAD-F013,A,furgoneta,2377.9,428.0,230.9,327.84,618.7
2025-10-01,RN-MAD-F013,A,furgoneta,2130.6,383.5,206.9,293.74,554.4
2025-11-01,RN-MAD-F013,A,furgoneta,1971.2,354.8,191.4,271.76,512.9
2025-12-01,RN-MAD-F013,A,furgoneta,2299.2,413.9,223.2,316.98,598.3
2024-01-01,RN-MAD-F014,A,furgoneta,1665.6,299.8,163.5,232.1,438.1
2024-02-01,RN-MAD-F014,A,furgoneta,1962.5,353.3,192.6,273.48,516.1
2024-03-01,RN-MAD-F014,A,furgoneta,1963.5,353.4,192.7,273.62,516.4
2024-04-01,RN-MAD-F014,A,furgoneta,2148.4,386.7,210.8,299.38,565.0
2024-05-01,RN-MAD-F014,A,furgoneta,1928.8,347.2,189.3,268.79,507.3
2024-06-01,RN-MAD-F014,A,furgoneta,2108.6,379.5,206.9,293.83,554.6
2024-07-01,RN-MAD-F014,A,furgoneta,2509.6,451.7,246.3,349.72,660.0
2024-08-01,RN-MAD-F014,A,furgoneta,2089.3,376.1,205.0,291.14,549.5
2024-09-01,RN-MAD-F014,A,furgoneta,2125.1,382.5,208.5,296.13,558.9
2024-10-01,RN-MAD-F014,A,furgoneta,2286.3,411.5,224.4,318.61,601.3
2024-11-01,RN-MAD-F014,A,furgoneta,1952.1,351.4,191.6,272.02,513.4
2024-12-01,RN-MAD-F014,A,furgoneta,2788.4,501.9,273.6,388.57,733.4
2025-01-01,RN-MAD-F014,A,furgoneta,1915.4,344.8,188.0,266.92,503.8
2025-02-01,RN-MAD-F014,A,furgoneta,1848.4,332.7,181.4,257.58,486.1
2025-03-01,RN-MAD-F014,A,furgoneta,2011.9,362.1,197.4,280.37,529.1
2025-04-01,RN-MAD-F014,A,furgoneta,2260.5,406.9,221.8,315.0,594.5
2025-05-01,RN-MAD-F014,A,furgoneta,2146.1,386.3,210.6,299.06,564.4
2025-06-01,RN-MAD-F014,A,furgoneta,2191.2,394.4,215.0,305.35,576.3
2025-07-01,RN-MAD-F014,A,furgoneta,2268.7,408.4,222.6,316.14,596.7
2025-08-01,RN-MAD-F014,A,furgoneta,2017.9,363.2,198.0,281.2,530.7
2025-09-01,RN-MAD-F014,A,furgoneta,2069.7,372.6,203.1,288.42,544.3
2025-10-01,RN-MAD-F014,A,furgoneta,1954.6,351.8,191.8,272.37,514.1
2025-11-01,RN-MAD-F014,A,furgoneta,2038.8,367.0,200.1,284.11,536.2
2025-12-01,RN-MAD-F014,A,furgoneta,2568.2,462.3,252.0,357.88,675.4
2024-01-01,RN-MAD-F015,A,furgoneta,1937.2,348.7,184.0,261.32,493.2
2024-02-01,RN-MAD-F015,A,furgoneta,2061.1,371.0,195.8,278.04,524.7
2024-03-01,RN-MAD-F015,A,furgoneta,2057.2,370.3,195.4,277.51,523.8
2024-04-01,RN-MAD-F015,A,furgoneta,2138.3,384.9,203.1,288.46,544.4
2024-05-01,RN-MAD-F015,A,furgoneta,2257.8,406.4,214.5,304.57,574.8
2024-06-01,RN-MAD-F015,A,furgoneta,2158.9,388.6,205.1,291.24,549.7
2024-07-01,RN-MAD-F015,A,furgoneta,2535.0,456.3,240.8,341.97,645.4
2024-08-01,RN-MAD-F015,A,furgoneta,2200.2,396.0,209.0,296.8,560.2
2024-09-01,RN-MAD-F015,A,furgoneta,2090.9,376.4,198.6,282.06,532.3
2024-10-01,RN-MAD-F015,A,furgoneta,2067.2,372.1,196.4,278.87,526.3
2024-11-01,RN-MAD-F015,A,furgoneta,2172.4,391.0,206.4,293.06,553.1
2024-12-01,RN-MAD-F015,A,furgoneta,2483.8,447.1,236.0,335.06,632.4
2025-01-01,RN-MAD-F015,A,furgoneta,1756.2,316.1,166.8,236.91,447.1
2025-02-01,RN-MAD-F015,A,furgoneta,2100.6,378.1,199.6,283.38,534.8
2025-03-01,RN-MAD-F015,A,furgoneta,1977.6,356.0,187.9,266.77,503.5
2025-04-01,RN-MAD-F015,A,furgoneta,2140.4,385.3,203.3,288.74,545.0
2025-05-01,RN-MAD-F015,A,furgoneta,1805.3,324.9,171.5,243.53,459.6
2025-06-01,RN-MAD-F015,A,furgoneta,2216.4,398.9,210.6,298.99,564.3
2025-07-01,RN-MAD-F015,A,furgoneta,2200.1,396.0,209.0,296.79,560.1
2025-08-01,RN-MAD-F015,A,furgoneta,2078.3,374.1,197.4,280.36,529.1
2025-09-01,RN-MAD-F015,A,furgoneta,2009.6,361.7,190.9,271.1,511.6
2025-10-01,RN-MAD-F015,A,furgoneta,1940.1,349.2,184.3,261.72,493.9
2025-11-01,RN-MAD-F015,A,furgoneta,2052.3,369.4,195.0,276.85,522.5
2025-12-01,RN-MAD-F015,A,furgoneta,2684.0,483.1,255.0,362.07,683.3
2024-01-01,RN-MAD-F016,A,furgoneta,1894.0,340.9,183.9,261.12,492.8
2024-02-01,RN-MAD-F016,A,furgoneta,2091.6,376.5,203.1,288.37,544.2
2024-03-01,RN-MAD-F016,A,furgoneta,2154.6,387.8,209.2,297.05,560.6
2024-04-01,RN-MAD-F016,A,furgoneta,2208.8,397.6,214.5,304.53,574.7
2024-05-01,RN-MAD-F016,A,furgoneta,2152.7,387.5,209.0,296.78,560.1
2024-06-01,RN-MAD-F016,A,furgoneta,2374.4,427.4,230.5,327.36,617.8
2024-07-01,RN-MAD-F016,A,furgoneta,2022.5,364.1,196.4,278.84,526.3
2024-08-01,RN-MAD-F016,A,furgoneta,1956.5,352.2,190.0,269.74,509.1
2024-09-01,RN-MAD-F016,A,furgoneta,2060.5,370.9,200.1,284.08,536.2
2024-10-01,RN-MAD-F016,A,furgoneta,2295.5,413.2,222.9,316.47,597.3
2024-11-01,RN-MAD-F016,A,furgoneta,1998.3,359.7,194.0,275.5,520.0
2024-12-01,RN-MAD-F016,A,furgoneta,2597.9,467.6,252.2,358.17,676.0
2025-01-01,RN-MAD-F016,A,furgoneta,2098.9,377.8,203.8,289.37,546.1
2025-02-01,RN-MAD-F016,A,furgoneta,2071.5,372.9,201.1,285.6,539.0
2025-03-01,RN-MAD-F016,A,furgoneta,2013.5,362.4,195.5,277.6,523.9
2025-04-01,RN-MAD-F016,A,furgoneta,2296.4,413.3,223.0,316.59,597.5
2025-05-01,RN-MAD-F016,A,furgoneta,2345.6,422.2,227.7,323.38,610.3
2025-06-01,RN-MAD-F016,A,furgoneta,2130.8,383.5,206.9,293.77,554.4
2025-07-01,RN-MAD-F016,A,furgoneta,2572.7,463.1,249.8,354.7,669.4
2025-08-01,RN-MAD-F016,A,furgoneta,2197.3,395.5,213.3,302.94,571.7
2025-09-01,RN-MAD-F016,A,furgoneta,2192.6,394.7,212.9,302.3,570.5
2025-10-01,RN-MAD-F016,A,furgoneta,2178.0,392.0,211.5,300.27,566.7
2025-11-01,RN-MAD-F016,A,furgoneta,2161.5,389.1,209.9,298.01,562.4
2025-12-01,RN-MAD-F016,A,furgoneta,2484.2,447.2,241.2,342.49,646.4
2024-01-01,RN-MAD-F017,A,furgoneta,2012.6,362.3,195.4,277.47,523.7
2024-02-01,RN-MAD-F017,A,furgoneta,1980.4,356.5,192.3,273.03,515.3
2024-03-01,RN-MAD-F017,A,furgoneta,2028.1,365.1,196.9,279.61,527.7
2024-04-01,RN-MAD-F017,A,furgoneta,2397.9,431.6,232.8,330.59,623.9
2024-05-01,RN-MAD-F017,A,furgoneta,2176.9,391.8,211.4,300.12,566.4
2024-06-01,RN-MAD-F017,A,furgoneta,2340.7,421.3,227.3,322.71,609.1
2024-07-01,RN-MAD-F017,A,furgoneta,2493.9,448.9,242.1,343.83,648.9
2024-08-01,RN-MAD-F017,A,furgoneta,1949.8,351.0,189.3,268.81,507.3
2024-09-01,RN-MAD-F017,A,furgoneta,2305.3,415.0,223.8,317.83,599.9
2024-10-01,RN-MAD-F017,A,furgoneta,2230.0,401.4,216.5,307.44,580.2
2024-11-01,RN-MAD-F017,A,furgoneta,2027.4,364.9,196.8,279.52,527.5
2024-12-01,RN-MAD-F017,A,furgoneta,2849.4,512.9,276.7,392.85,741.4
2025-01-01,RN-MAD-F017,A,furgoneta,2061.4,371.0,200.1,284.2,536.4
2025-02-01,RN-MAD-F017,A,furgoneta,1966.3,353.9,190.9,271.09,511.6
2025-03-01,RN-MAD-F017,A,furgoneta,2350.3,423.1,228.2,324.03,611.5
2025-04-01,RN-MAD-F017,A,furgoneta,2087.4,375.7,202.7,287.78,543.1
2025-05-01,RN-MAD-F017,A,furgoneta,2215.7,398.8,215.1,305.47,576.5
2025-06-01,RN-MAD-F017,A,furgoneta,2127.5,382.9,206.6,293.31,553.6
2025-07-01,RN-MAD-F017,A,furgoneta,2450.3,441.0,237.9,337.81,637.6
2025-08-01,RN-MAD-F017,A,furgoneta,2009.1,361.6,195.1,277.0,522.8
2025-09-01,RN-MAD-F017,A,furgoneta,2221.6,399.9,215.7,306.28,578.1
2025-10-01,RN-MAD-F017,A,furgoneta,2279.7,410.3,221.3,314.29,593.2
2025-11-01,RN-MAD-F017,A,furgoneta,1990.3,358.3,193.2,274.4,517.9
2025-12-01,RN-MAD-F017,A,furgoneta,2452.9,441.5,238.2,338.18,638.3
2024-01-01,RN-MAD-F018,A,furgoneta,1950.7,351.1,195.5,277.62,524.0
2024-02-01,RN-MAD-F018,A,furgoneta,2032.6,365.9,203.7,289.28,546.0
2024-03-01,RN-MAD-F018,A,furgoneta,2013.9,362.5,201.8,286.61,540.9
2024-04-01,RN-MAD-F018,A,furgoneta,2076.2,373.7,208.1,295.48,557.7
2024-05-01,RN-MAD-F018,A,furgoneta,2288.0,411.8,229.3,325.62,614.6
2024-06-01,RN-MAD-F018,A,furgoneta,2640.5,475.3,264.6,375.8,709.3
2024-07-01,RN-MAD-F018,A,furgoneta,2284.6,411.2,229.0,325.14,613.6
2024-08-01,RN-MAD-F018,A,furgoneta,1821.8,327.9,182.6,259.27,489.3
2024-09-01,RN-MAD-F018,A,furgoneta,2087.4,375.7,209.2,297.08,560.7
2024-10-01,RN-MAD-F018,A,furgoneta,2440.3,439.3,244.6,347.3,655.5
2024-11-01,RN-MAD-F018,A,furgoneta,2107.9,379.4,211.3,299.99,566.2
2024-12-01,RN-MAD-F018,A,furgoneta,2562.4,461.2,256.8,364.69,688.3
2025-01-01,RN-MAD-F018,A,furgoneta,1923.2,346.2,192.8,273.71,516.6
2025-02-01,RN-MAD-F018,A,furgoneta,2064.6,371.6,206.9,293.83,554.6
2025-03-01,RN-MAD-F018,A,furgoneta,2055.7,370.0,206.0,292.56,552.2
2025-04-01,RN-MAD-F018,A,furgoneta,2030.1,365.4,203.5,288.92,545.3
2025-05-01,RN-MAD-F018,A,furgoneta,2052.0,369.4,205.7,292.04,551.2
2025-06-01,RN-MAD-F018,A,furgoneta,2191.5,394.5,219.6,311.9,588.6
2025-07-01,RN-MAD-F018,A,furgoneta,2124.0,382.3,212.9,302.29,570.5
2025-08-01,RN-MAD-F018,A,furgoneta,2106.3,379.1,211.1,299.77,565.8
2025-09-01,RN-MAD-F018,A,furgoneta,2191.6,394.5,219.6,311.9,588.7
2025-10-01,RN-MAD-F018,A,furgoneta,2152.2,387.4,215.7,306.3,578.1
2025-11-01,RN-MAD-F018,A,furgoneta,2149.8,387.0,215.5,305.96,577.5
2025-12-01,RN-MAD-F018,A,furgoneta,2463.5,443.4,246.9,350.61,661.7
2024-01-01,RN-MAD-F019,A,furgoneta,2000.6,360.1,190.1,269.88,509.4
2024-02-01,RN-MAD-F019,A,furgoneta,1790.6,322.3,170.1,241.56,455.9
2024-03-01,RN-MAD-F019,A,furgoneta,2156.3,388.1,204.8,290.88,549.0
2024-04-01,RN-MAD-F019,A,furgoneta,1979.0,356.2,188.0,266.97,503.9
2024-05-01,RN-MAD-F019,A,furgoneta,2289.4,412.1,217.5,308.84,582.9
2024-06-01,RN-MAD-F019,A,furgoneta,2387.3,429.7,226.8,322.05,607.8
2024-07-01,RN-MAD-F019,A,furgoneta,2367.9,426.2,224.9,319.42,602.9
2024-08-01,RN-MAD-F019,A,furgoneta,2021.5,363.9,192.0,272.7,514.7
2024-09-01,RN-MAD-F019,A,furgoneta,2138.0,384.8,203.1,288.42,544.3
2024-10-01,RN-MAD-F019,A,furgoneta,2124.5,382.4,201.8,286.6,540.9
2024-11-01,RN-MAD-F019,A,furgoneta,2319.4,417.5,220.3,312.88,590.5
2024-12-01,RN-MAD-F019,A,furgoneta,2656.4,478.2,252.4,358.35,676.3
2025-01-01,RN-MAD-F019,A,furgoneta,2034.3,366.2,193.3,274.42,517.9
2025-02-01,RN-MAD-F019,A,furgoneta,1946.1,350.3,184.9,262.53,495.5
2025-03-01,RN-MAD-F019,A,furgoneta,1998.3,359.7,189.8,269.57,508.8
2025-04-01,RN-MAD-F019,A,furgoneta,2191.9,394.5,208.2,295.69,558.1
2025-05-01,RN-MAD-F019,A,furgoneta,2377.6,428.0,225.9,320.74,605.3
2025-06-01,RN-MAD-F019,A,furgoneta,1968.5,354.3,187.0,265.55,501.2
2025-07-01,RN-MAD-F019,A,furgoneta,2289.0,412.0,217.5,308.78,582.8
2025-08-01,RN-MAD-F019,A,furgoneta,1734.4,312.2,164.8,233.97,441.6
2025-09-01,RN-MAD-F019,A,furgoneta,2219.3,399.5,210.8,299.38,565.0
2025-10-01,RN-MAD-F019,A,furgoneta,2080.2,374.4,197.6,280.62,529.6
2025-11-01,RN-MAD-F019,A,furgoneta,2128.6,383.1,202.2,287.15,541.9
2025-12-01,RN-MAD-F019,A,furgoneta,2869.3,516.5,272.6,387.06,730.5
2024-01-01,RN-MAD-F020,A,furgoneta,2045.6,368.2,196.5,278.98,526.5
2024-02-01,RN-MAD-F020,A,furgoneta,1878.0,338.0,180.4,256.13,483.4
2024-03-01,RN-MAD-F020,A,furgoneta,2221.9,399.9,213.4,303.04,571.9
2024-04-01,RN-MAD-F020,A,furgoneta,2074.2,373.4,199.2,282.88,533.9
2024-05-01,RN-MAD-F020,A,furgoneta,2226.2,400.7,213.8,303.61,573.0
2024-06-01,RN-MAD-F020,A,furgoneta,2449.3,440.9,235.2,334.04,630.4
2024-07-01,RN-MAD-F020,A,furgoneta,2527.8,455.0,242.8,344.75,650.6
2024-08-01,RN-MAD-F020,A,furgoneta,2014.2,362.6,193.5,274.71,518.5
2024-09-01,RN-MAD-F020,A,furgoneta,2008.7,361.6,192.9,273.95,517.0
2024-10-01,RN-MAD-F020,A,furgoneta,2048.7,368.8,196.8,279.4,527.3
2024-11-01,RN-MAD-F020,A,furgoneta,2360.0,424.8,226.7,321.86,607.5
2024-12-01,RN-MAD-F020,A,furgoneta,2358.5,424.5,226.5,321.66,607.1
2025-01-01,RN-MAD-F020,A,furgoneta,2074.4,373.4,199.2,282.92,534.0
2025-02-01,RN-MAD-F020,A,furgoneta,1976.2,355.7,189.8,269.53,508.7
2025-03-01,RN-MAD-F020,A,furgoneta,1869.8,336.6,179.6,255.01,481.3
2025-04-01,RN-MAD-F020,A,furgoneta,2179.7,392.3,209.3,297.28,561.1
2025-05-01,RN-MAD-F020,A,furgoneta,2087.7,375.8,200.5,284.73,537.4
2025-06-01,RN-MAD-F020,A,furgoneta,2354.3,423.8,226.1,321.09,606.0
2025-07-01,RN-MAD-F020,A,furgoneta,2373.3,427.2,227.9,323.68,610.9
2025-08-01,RN-MAD-F020,A,furgoneta,2031.2,365.6,195.1,277.02,522.8
2025-09-01,RN-MAD-F020,A,furgoneta,2282.8,410.9,219.3,311.34,587.6
2025-10-01,RN-MAD-F020,A,furgoneta,2279.2,410.3,218.9,310.84,586.7
2025-11-01,RN-MAD-F020,A,furgoneta,2545.5,458.2,244.5,347.17,655.2
2025-12-01,RN-MAD-F020,A,furgoneta,2416.5,435.0,232.1,329.57,622.0
2024-01-01,RN-MAD-F021,A,furgoneta,1849.5,332.9,175.7,249.5,470.9
2024-02-01,RN-MAD-F021,A,furgoneta,1872.3,337.0,177.9,252.57,476.7
2024-03-01,RN-MAD-F021,A,furgoneta,2008.5,361.5,190.8,270.95,511.4
2024-04-01,RN-MAD-F021,A,furgoneta,2240.3,403.3,212.8,302.22,570.4
2024-05-01,RN-MAD-F021,A,furgoneta,2258.7,406.6,214.6,304.7,575.1
2024-06-01,RN-MAD-F021,A,furgoneta,2253.1,405.6,214.0,303.95,573.6
2024-07-01,RN-MAD-F021,A,furgoneta,2096.4,377.4,199.2,282.81,533.8
2024-08-01,RN-MAD-F021,A,furgoneta,2016.5,363.0,191.6,272.03,513.4
2024-09-01,RN-MAD-F021,A,furgoneta,2224.9,400.5,211.4,300.13,566.4
2024-10-01,RN-MAD-F021,A,furgoneta,2185.1,393.3,207.6,294.78,556.3
2024-11-01,RN-MAD-F021,A,furgoneta,2188.4,393.9,207.9,295.22,557.2
2024-12-01,RN-MAD-F021,A,furgoneta,2704.7,486.8,256.9,364.87,688.6
2025-01-01,RN-MAD-F021,A,furgoneta,2037.4,366.7,193.6,274.84,518.7
2025-02-01,RN-MAD-F021,A,furgoneta,1927.0,346.9,183.1,259.96,490.6
2025-03-01,RN-MAD-F021,A,furgoneta,2129.5,383.3,202.3,287.27,542.2
2025-04-01,RN-MAD-F021,A,furgoneta,2111.3,380.0,200.6,284.81,537.5
2025-05-01,RN-MAD-F021,A,furgoneta,2168.3,390.3,206.0,292.51,552.1
2025-06-01,RN-MAD-F021,A,furgoneta,2240.2,403.2,212.8,302.2,570.4
2025-07-01,RN-MAD-F021,A,furgoneta,2084.1,375.1,198.0,281.14,530.6
2025-08-01,RN-MAD-F021,A,furgoneta,2029.1,365.2,192.8,273.73,516.6
2025-09-01,RN-MAD-F021,A,furgoneta,2142.5,385.7,203.5,289.03,545.5
2025-10-01,RN-MAD-F021,A,furgoneta,2071.4,372.9,196.8,279.44,527.4
2025-11-01,RN-MAD-F021,A,furgoneta,2188.6,393.9,207.9,295.24,557.2
2025-12-01,RN-MAD-F021,A,furgoneta,2715.7,488.8,258.0,366.34,691.4
2024-01-01,RN-MAD-F022,A,furgoneta,2109.3,379.7,200.4,284.54,537.0
2024-02-01,RN-MAD-F022,A,furgoneta,1850.4,333.1,175.8,249.62,471.1
2024-03-01,RN-MAD-F022,A,furgoneta,2063.0,371.3,196.0,278.29,525.2
2024-04-01,RN-MAD-F022,A,furgoneta,2101.7,378.3,199.7,283.52,535.1
2024-05-01,RN-MAD-F022,A,furgoneta,2143.9,385.9,203.7,289.21,545.8
2024-06-01,RN-MAD-F022,A,furgoneta,2605.4,469.0,247.5,351.46,663.3
2024-07-01,RN-MAD-F022,A,furgoneta,2233.1,401.9,212.1,301.24,568.5
2024-08-01,RN-MAD-F022,A,furgoneta,1831.4,329.6,174.0,247.05,466.3
2024-09-01,RN-MAD-F022,A,furgoneta,2197.1,395.5,208.7,296.38,559.4
2024-10-01,RN-MAD-F022,A,furgoneta,2206.4,397.2,209.6,297.64,561.7
2024-11-01,RN-MAD-F022,A,furgoneta,2157.3,388.3,204.9,291.02,549.3
2024-12-01,RN-MAD-F022,A,furgoneta,2589.5,466.1,246.0,349.32,659.3
2025-01-01,RN-MAD-F022,A,furgoneta,2106.3,379.1,200.1,284.13,536.3
2025-02-01,RN-MAD-F022,A,furgoneta,2070.8,372.7,196.7,279.35,527.2
2025-03-01,RN-MAD-F022,A,furgoneta,1759.7,316.7,167.2,237.38,448.0
2025-04-01,RN-MAD-F022,A,furgoneta,1973.6,355.3,187.5,266.24,502.5
2025-05-01,RN-MAD-F022,A,furgoneta,1908.7,343.6,181.3,257.49,486.0
2025-06-01,RN-MAD-F022,A,furgoneta,2012.3,362.2,191.2,271.46,512.3
2025-07-01,RN-MAD-F022,A,furgoneta,2373.6,427.3,225.5,320.2,604.3
2025-08-01,RN-MAD-F022,A,furgoneta,2034.3,366.2,193.3,274.43,517.9
2025-09-01,RN-MAD-F022,A,furgoneta,2001.8,360.3,190.2,270.04,509.6
2025-10-01,RN-MAD-F022,A,furgoneta,2305.0,414.9,219.0,310.94,586.8
2025-11-01,RN-MAD-F022,A,furgoneta,2219.9,399.6,210.9,299.47,565.2
2025-12-01,RN-MAD-F022,A,furgoneta,2351.5,423.3,223.4,317.21,598.7
2024-01-01,RN-MAD-F023,A,furgoneta,2081.0,374.6,204.2,289.99,547.3
2024-02-01,RN-MAD-F023,A,furgoneta,2114.5,380.6,207.5,294.66,556.1
2024-03-01,RN-MAD-F023,A,furgoneta,2106.6,379.2,206.7,293.56,554.0
2024-04-01,RN-MAD-F023,A,furgoneta,2164.9,389.7,212.5,301.68,569.4
2024-05-01,RN-MAD-F023,A,furgoneta,2131.7,383.7,209.2,297.06,560.6
2024-06-01,RN-MAD-F023,A,furgoneta,2075.5,373.6,203.7,289.22,545.9
2024-07-01,RN-MAD-F023,A,furgoneta,2099.9,378.0,206.1,292.63,552.3
2024-08-01,RN-MAD-F023,A,furgoneta,1914.0,344.5,187.8,266.71,503.4
2024-09-01,RN-MAD-F023,A,furgoneta,2004.6,360.8,196.7,279.34,527.2
2024-10-01,RN-MAD-F023,A,furgoneta,1914.4,344.6,187.9,266.78,503.5
2024-11-01,RN-MAD-F023,A,furgoneta,2258.2,406.5,221.6,314.68,593.9
2024-12-01,RN-MAD-F023,A,furgoneta,2497.4,449.5,245.1,348.01,656.8
2025-01-01,RN-MAD-F023,A,furgoneta,1800.0,324.0,176.6,250.83,473.4
2025-02-01,RN-MAD-F023,A,furgoneta,2057.1,370.3,201.9,286.67,541.0
2025-03-01,RN-MAD-F023,A,furgoneta,2129.7,383.3,209.0,296.78,560.1
2025-04-01,RN-MAD-F023,A,furgoneta,2303.4,414.6,226.0,320.98,605.8
2025-05-01,RN-MAD-F023,A,furgoneta,2002.3,360.4,196.5,279.03,526.6
2025-06-01,RN-MAD-F023,A,furgoneta,2257.4,406.3,221.5,314.57,593.7
2025-07-01,RN-MAD-F023,A,furgoneta,2536.7,456.6,248.9,353.5,667.2
2025-08-01,RN-MAD-F023,A,furgoneta,1991.5,358.5,195.4,277.52,523.8
2025-09-01,RN-MAD-F023,A,furgoneta,2057.2,370.3,201.9,286.68,541.1
2025-10-01,RN-MAD-F023,A,furgoneta,2157.7,388.4,211.7,300.68,567.5
2025-11-01,RN-MAD-F023,A,furgoneta,2152.9,387.5,211.3,300.01,566.2
2025-12-01,RN-MAD-F023,A,furgoneta,2742.0,493.6,269.1,382.1,721.1
2024-01-01,RN-MAD-F024,A,furgoneta,1926.1,346.7,183.0,259.83,490.4
2024-02-01,RN-MAD-F024,A,furgoneta,1953.5,351.6,185.6,263.53,497.4
2024-03-01,RN-MAD-F024,A,furgoneta,2237.8,402.8,212.6,301.88,569.7
2024-04-01,RN-MAD-F024,A,furgoneta,2244.3,404.0,213.2,302.75,571.4
2024-05-01,RN-MAD-F024,A,furgoneta,2039.9,367.2,193.8,275.18,519.3
2024-06-01,RN-MAD-F024,A,furgoneta,2132.2,383.8,202.6,287.63,542.9
2024-07-01,RN-MAD-F024,A,furgoneta,2584.3,465.2,245.5,348.62,658.0
2024-08-01,RN-MAD-F024,A,furgoneta,2177.1,391.9,206.8,293.69,554.3
2024-09-01,RN-MAD-F024,A,furgoneta,2026.0,364.7,192.5,273.31,515.8
2024-10-01,RN-MAD-F024,A,furgoneta,2175.2,391.5,206.6,293.43,553.8
2024-11-01,RN-MAD-F024,A,furgoneta,1991.9,358.5,189.2,268.71,507.1
2024-12-01,RN-MAD-F024,A,furgoneta,2549.7,458.9,242.2,343.95,649.1
2025-01-01,RN-MAD-F024,A,furgoneta,2065.4,371.8,196.2,278.62,525.9
2025-02-01,RN-MAD-F024,A,furgoneta,1824.8,328.5,173.4,246.16,464.6
2025-03-01,RN-MAD-F024,A,furgoneta,2358.4,424.5,224.1,318.15,600.5
2025-04-01,RN-MAD-F024,A,furgoneta,2152.4,387.4,204.5,290.36,548.0
2025-05-01,RN-MAD-F024,A,furgoneta,2255.1,405.9,214.2,304.21,574.1
2025-06-01,RN-MAD-F024,A,furgoneta,1797.3,323.5,170.7,242.46,457.6
2025-07-01,RN-MAD-F024,A,furgoneta,2211.7,398.1,210.1,298.36,563.1
2025-08-01,RN-MAD-F024,A,furgoneta,2154.5,387.8,204.7,290.64,548.5
2025-09-01,RN-MAD-F024,A,furgoneta,2051.9,369.3,194.9,276.8,522.4
2025-10-01,RN-MAD-F024,A,furgoneta,2292.2,412.6,217.8,309.22,583.6
2025-11-01,RN-MAD-F024,A,furgoneta,2142.3,385.6,203.5,288.99,545.4
2025-12-01,RN-MAD-F024,A,furgoneta,2967.5,534.2,281.9,400.32,755.5
2024-01-01,RN-MAD-F025,A,furgoneta,1975.9,355.7,187.7,266.55,503.1
2024-02-01,RN-MAD-F025,A,furgoneta,1870.8,336.8,177.7,252.38,476.3
2024-03-01,RN-MAD-F025,A,furgoneta,2129.5,383.3,202.3,287.27,542.2
2024-04-01,RN-MAD-F025,A,furgoneta,2072.7,373.1,196.9,279.6,527.7
2024-05-01,RN-MAD-F025,A,furgoneta,2038.4,366.9,193.6,274.98,519.0
2024-06-01,RN-MAD-F025,A,furgoneta,2223.6,400.2,211.2,299.96,566.1
2024-07-01,RN-MAD-F025,A,furgoneta,2400.6,432.1,228.1,323.83,611.2
2024-08-01,RN-MAD-F025,A,furgoneta,2209.6,397.7,209.9,298.08,562.6
2024-09-01,RN-MAD-F025,A,furgoneta,2003.4,360.6,190.3,270.26,510.1
2024-10-01,RN-MAD-F025,A,furgoneta,1909.7,343.7,181.4,257.62,486.2
2024-11-01,RN-MAD-F025,A,furgoneta,2202.2,396.4,209.2,297.08,560.7
2024-12-01,RN-MAD-F025,A,furgoneta,2870.4,516.7,272.7,387.21,730.8
2025-01-01,RN-MAD-F025,A,furgoneta,2119.3,381.5,201.3,285.9,539.6
2025-02-01,RN-MAD-F025,A,furgoneta,2081.7,374.7,197.8,280.83,530.0
2025-03-01,RN-MAD-F025,A,furgoneta,2014.7,362.6,191.4,271.78,512.9
2025-04-01,RN-MAD-F025,A,furgoneta,2046.1,368.3,194.4,276.01,520.9
2025-05-01,RN-MAD-F025,A,furgoneta,2145.9,386.3,203.9,289.48,546.3
2025-06-01,RN-MAD-F025,A,furgoneta,2133.9,384.1,202.7,287.87,543.3
2025-07-01,RN-MAD-F025,A,furgoneta,2241.5,403.5,212.9,302.38,570.7
2025-08-01,RN-MAD-F025,A,furgoneta,2250.4,405.1,213.8,303.58,573.0
2025-09-01,RN-MAD-F025,A,furgoneta,2043.3,367.8,194.1,275.65,520.2
2025-10-01,RN-MAD-F025,A,furgoneta,1871.5,336.9,177.8,252.47,476.5
2025-11-01,RN-MAD-F025,A,furgoneta,2181.5,392.7,207.2,294.28,555.4
2025-12-01,RN-MAD-F025,A,furgoneta,2380.6,428.5,226.2,321.14,606.1
2024-01-01,RN-MAD-F026,A,furgoneta,2248.4,404.7,213.6,303.31,572.4
2024-02-01,RN-MAD-F026,A,furgoneta,2043.5,367.8,194.1,275.66,520.3
2024-03-01,RN-MAD-F026,A,furgoneta,2057.6,370.4,195.5,277.57,523.9
2024-04-01,RN-MAD-F026,A,furgoneta,2381.5,428.7,226.2,321.27,606.3
2024-05-01,RN-MAD-F026,A,furgoneta,2142.0,385.6,203.5,288.96,545.4
2024-06-01,RN-MAD-F026,A,furgoneta,2330.2,419.4,221.4,314.35,593.3
2024-07-01,RN-MAD-F026,A,furgoneta,2203.9,396.7,209.4,297.31,561.1
2024-08-01,RN-MAD-F026,A,furgoneta,2154.3,387.8,204.7,290.61,548.5
2024-09-01,RN-MAD-F026,A,furgoneta,2195.9,395.3,208.6,296.22,559.1
2024-10-01,RN-MAD-F026,A,furgoneta,2260.4,406.9,214.7,304.93,575.5
2024-11-01,RN-MAD-F026,A,furgoneta,2194.8,395.1,208.5,296.08,558.8
2024-12-01,RN-MAD-F026,A,furgoneta,2932.1,527.8,278.6,395.55,746.5
2025-01-01,RN-MAD-F026,A,furgoneta,2115.7,380.8,201.0,285.41,538.7
2025-02-01,RN-MAD-F026,A,furgoneta,1847.3,332.5,175.5,249.21,470.3
2025-03-01,RN-MAD-F026,A,furgoneta,2178.0,392.0,206.9,293.81,554.5
2025-04-01,RN-MAD-F026,A,furgoneta,2076.9,373.8,197.3,280.17,528.8
2025-05-01,RN-MAD-F026,A,furgoneta,2145.1,386.1,203.8,289.37,546.1
2025-06-01,RN-MAD-F026,A,furgoneta,2339.8,421.2,222.3,315.64,595.7
2025-07-01,RN-MAD-F026,A,furgoneta,2347.0,422.5,223.0,316.61,597.6
2025-08-01,RN-MAD-F026,A,furgoneta,1914.4,344.6,181.9,258.26,487.4
2025-09-01,RN-MAD-F026,A,furgoneta,2330.9,419.6,221.4,314.44,593.5
2025-10-01,RN-MAD-F026,A,furgoneta,2191.2,394.4,208.2,295.59,557.9
2025-11-01,RN-MAD-F026,A,furgoneta,1957.5,352.4,186.0,264.07,498.4
2025-12-01,RN-MAD-F026,A,furgoneta,2466.9,444.0,234.4,332.78,628.1
2024-01-01,RN-MAD-F027,A,furgoneta,2140.6,385.3,203.4,288.76,545.0
2024-02-01,RN-MAD-F027,A,furgoneta,2044.5,368.0,194.2,275.8,520.5
2024-03-01,RN-MAD-F027,A,furgoneta,2346.6,422.4,222.9,316.55,597.4
2024-04-01,RN-MAD-F027,A,furgoneta,1927.5,347.0,183.1,260.02,490.7
2024-05-01,RN-MAD-F027,A,furgoneta,2010.4,361.9,191.0,271.2,511.8
2024-06-01,RN-MAD-F027,A,furgoneta,1890.4,340.3,179.6,255.02,481.3
2024-07-01,RN-MAD-F027,A,furgoneta,2377.7,428.0,225.9,320.76,605.4
2024-08-01,RN-MAD-F027,A,furgoneta,2170.5,390.7,206.2,292.8,552.6
2024-09-01,RN-MAD-F027,A,furgoneta,2179.6,392.3,207.1,294.03,554.9
2024-10-01,RN-MAD-F027,A,furgoneta,2175.8,391.6,206.7,293.51,554.0
2024-11-01,RN-MAD-F027,A,furgoneta,2339.6,421.1,222.3,315.62,595.7
2024-12-01,RN-MAD-F027,A,furgoneta,2925.7,526.6,277.9,394.68,744.9
2025-01-01,RN-MAD-F027,A,furgoneta,2051.8,369.3,194.9,276.79,522.4
2025-02-01,RN-MAD-F027,A,furgoneta,1844.5,332.0,175.2,248.82,469.6
2025-03-01,RN-MAD-F027,A,furgoneta,2122.9,382.1,201.7,286.38,540.5
2025-04-01,RN-MAD-F027,A,furgoneta,2207.5,397.4,209.7,297.8,562.0
2025-05-01,RN-MAD-F027,A,furgoneta,2089.6,376.1,198.5,281.89,532.0
2025-06-01,RN-MAD-F027,A,furgoneta,2331.0,419.6,221.4,314.45,593.5
2025-07-01,RN-MAD-F027,A,furgoneta,2399.8,432.0,228.0,323.74,611.0
2025-08-01,RN-MAD-F027,A,furgoneta,1909.5,343.7,181.4,257.59,486.2
2025-09-01,RN-MAD-F027,A,furgoneta,2291.1,412.4,217.7,309.07,583.3
2025-10-01,RN-MAD-F027,A,furgoneta,2376.9,427.8,225.8,320.64,605.2
2025-11-01,RN-MAD-F027,A,furgoneta,2427.3,436.9,230.6,327.45,618.0
2025-12-01,RN-MAD-F027,A,furgoneta,2680.8,482.6,254.7,361.65,682.5
2024-01-01,RN-MAD-F028,A,furgoneta,2109.2,379.6,200.4,284.53,537.0
2024-02-01,RN-MAD-F028,A,furgoneta,1941.8,349.5,184.5,261.95,494.4
2024-03-01,RN-MAD-F028,A,furgoneta,2042.4,367.6,194.0,275.52,520.0
2024-04-01,RN-MAD-F028,A,furgoneta,2154.4,387.8,204.7,290.63,548.5
2024-05-01,RN-MAD-F028,A,furgoneta,2129.7,383.3,202.3,287.3,542.2
2024-06-01,RN-MAD-F028,A,furgoneta,1944.0,349.9,184.7,262.24,494.9
2024-07-01,RN-MAD-F028,A,furgoneta,2168.7,390.4,206.0,292.56,552.2
2024-08-01,RN-MAD-F028,A,furgoneta,1803.1,324.6,171.3,243.24,459.1
2024-09-01,RN-MAD-F028,A,furgoneta,2005.7,361.0,190.5,270.57,510.6
2024-10-01,RN-MAD-F028,A,furgoneta,2156.7,388.2,204.9,290.94,549.1
2024-11-01,RN-MAD-F028,A,furgoneta,2185.8,393.5,207.7,294.87,556.5
2024-12-01,RN-MAD-F028,A,furgoneta,2655.6,478.0,252.3,358.24,676.1
2025-01-01,RN-MAD-F028,A,furgoneta,2099.1,377.8,199.4,283.17,534.4
2025-02-01,RN-MAD-F028,A,furgoneta,1743.8,313.9,165.7,235.23,444.0
2025-03-01,RN-MAD-F028,A,furgoneta,2014.7,362.6,191.4,271.78,512.9
2025-04-01,RN-MAD-F028,A,furgoneta,2105.7,379.0,200.0,284.05,536.1
2025-05-01,RN-MAD-F028,A,furgoneta,2251.6,405.3,213.9,303.74,573.3
2025-06-01,RN-MAD-F028,A,furgoneta,2449.5,440.9,232.7,330.43,623.6
2025-07-01,RN-MAD-F028,A,furgoneta,2262.6,407.3,214.9,305.22,576.1
2025-08-01,RN-MAD-F028,A,furgoneta,2266.0,407.9,215.3,305.68,576.9
2025-09-01,RN-MAD-F028,A,furgoneta,2078.0,374.0,197.4,280.32,529.1
2025-10-01,RN-MAD-F028,A,furgoneta,2346.9,422.4,223.0,316.6,597.5
2025-11-01,RN-MAD-F028,A,furgoneta,2259.0,406.6,214.6,304.74,575.1
2025-12-01,RN-MAD-F028,A,furgoneta,2532.8,455.9,240.6,341.67,644.8
2024-01-01,RN-MAD-F029,A,furgoneta,2188.1,393.8,214.7,304.91,575.5
2024-02-01,RN-MAD-F029,A,furgoneta,1706.6,307.2,167.5,237.82,448.8
2024-03-01,RN-MAD-F029,A,furgoneta,2368.4,426.3,232.4,330.04,622.9
2024-04-01,RN-MAD-F029,A,furgoneta,2249.2,404.9,220.7,313.43,591.5
2024-05-01,RN-MAD-F029,A,furgoneta,2121.3,381.8,208.2,295.6,557.9
2024-06-01,RN-MAD-F029,A,furgoneta,2145.1,386.1,210.5,298.92,564.2
2024-07-01,RN-MAD-F029,A,furgoneta,2096.7,377.4,205.8,292.17,551.4
2024-08-01,RN-MAD-F029,A,furgoneta,1905.5,343.0,187.0,265.54,501.2
2024-09-01,RN-MAD-F029,A,furgoneta,2167.5,390.1,212.7,302.04,570.1
2024-10-01,RN-MAD-F029,A,furgoneta,2169.1,390.4,212.9,302.27,570.5
2024-11-01,RN-MAD-F029,A,furgoneta,2637.7,474.8,258.8,367.56,693.7
2024-12-01,RN-MAD-F029,A,furgoneta,2483.2,447.0,243.7,346.04,653.1
2025-01-01,RN-MAD-F029,A,furgoneta,1827.0,328.9,179.3,254.59,480.5
2025-02-01,RN-MAD-F029,A,furgoneta,1997.6,359.6,196.0,278.37,525.4
2025-03-01,RN-MAD-F029,A,furgoneta,2150.6,387.1,211.0,299.68,565.6
2025-04-01,RN-MAD-F029,A,furgoneta,2263.0,407.3,222.1,315.35,595.2
2025-05-01,RN-MAD-F029,A,furgoneta,2217.9,399.2,217.7,309.07,583.3
2025-06-01,RN-MAD-F029,A,furgoneta,2188.4,393.9,214.8,304.96,575.6
2025-07-01,RN-MAD-F029,A,furgoneta,2546.8,458.4,249.9,354.9,669.8
2025-08-01,RN-MAD-F029,A,furgoneta,2234.4,402.2,219.3,311.37,587.7
2025-09-01,RN-MAD-F029,A,furgoneta,2184.8,393.3,214.4,304.45,574.6
2025-10-01,RN-MAD-F029,A,furgoneta,2167.5,390.2,212.7,302.05,570.1
2025-11-01,RN-MAD-F029,A,furgoneta,1858.6,334.5,182.4,259.0,488.8
2025-12-01,RN-MAD-F029,A,furgoneta,3016.7,543.0,296.0,420.38,793.4
2024-01-01,RN-MAD-F030,A,furgoneta,1825.5,328.6,173.4,246.26,464.8
2024-02-01,RN-MAD-F030,A,furgoneta,1842.7,331.7,175.1,248.58,469.2
2024-03-01,RN-MAD-F030,A,furgoneta,1907.8,343.4,181.2,257.37,485.7
2024-04-01,RN-MAD-F030,A,furgoneta,2140.5,385.3,203.4,288.76,545.0
2024-05-01,RN-MAD-F030,A,furgoneta,2049.3,368.9,194.7,276.45,521.7
2024-06-01,RN-MAD-F030,A,furgoneta,2141.6,385.5,203.5,288.9,545.3
2024-07-01,RN-MAD-F030,A,furgoneta,2106.6,379.2,200.1,284.19,536.4
2024-08-01,RN-MAD-F030,A,furgoneta,2170.7,390.7,206.2,292.83,552.7
2024-09-01,RN-MAD-F030,A,furgoneta,2062.7,371.3,196.0,278.25,525.2
2024-10-01,RN-MAD-F030,A,furgoneta,2179.5,392.3,207.1,294.02,554.9
2024-11-01,RN-MAD-F030,A,furgoneta,2112.2,380.2,200.7,284.94,537.8
2024-12-01,RN-MAD-F030,A,furgoneta,2670.1,480.6,253.7,360.2,679.8
2025-01-01,RN-MAD-F030,A,furgoneta,1860.0,334.8,176.7,250.92,473.6
2025-02-01,RN-MAD-F030,A,furgoneta,1760.4,316.9,167.2,237.48,448.2
2025-03-01,RN-MAD-F030,A,furgoneta,2190.0,394.2,208.1,295.44,557.6
2025-04-01,RN-MAD-F030,A,furgoneta,2151.0,387.2,204.3,290.17,547.6
2025-05-01,RN-MAD-F030,A,furgoneta,2426.4,436.7,230.5,327.32,617.8
2025-06-01,RN-MAD-F030,A,furgoneta,2291.3,412.4,217.7,309.1,583.4
2025-07-01,RN-MAD-F030,A,furgoneta,2192.3,394.6,208.3,295.74,558.2
2025-08-01,RN-MAD-F030,A,furgoneta,2182.9,392.9,207.4,294.47,555.8
2025-09-01,RN-MAD-F030,A,furgoneta,2036.4,366.6,193.5,274.71,518.5
2025-10-01,RN-MAD-F030,A,furgoneta,2121.0,381.8,201.5,286.12,540.0
2025-11-01,RN-MAD-F030,A,furgoneta,2334.8,420.3,221.8,314.96,594.4
2025-12-01,RN-MAD-F030,A,furgoneta,2786.7,501.6,264.7,375.92,709.5
2024-01-01,RN-MAD-F031,A,furgoneta,2031.5,365.7,195.1,277.07,522.9
2024-02-01,RN-MAD-F031,A,furgoneta,1869.5,336.5,179.6,254.97,481.2
2024-03-01,RN-MAD-F031,A,furgoneta,1997.4,359.5,191.8,272.42,514.1
2024-04-01,RN-MAD-F031,A,furgoneta,2184.6,393.2,209.8,297.95,562.3
2024-05-01,RN-MAD-F031,A,furgoneta,2243.1,403.8,215.4,305.92,577.4
2024-06-01,RN-MAD-F031,A,furgoneta,2405.4,433.0,231.0,328.06,619.2
2024-07-01,RN-MAD-F031,A,furgoneta,2367.9,426.2,227.4,322.94,609.5
2024-08-01,RN-MAD-F031,A,furgoneta,1994.9,359.1,191.6,272.08,513.5
2024-09-01,RN-MAD-F031,A,furgoneta,2342.9,421.7,225.0,319.53,603.1
2024-10-01,RN-MAD-F031,A,furgoneta,2046.9,368.4,196.6,279.16,526.9
2024-11-01,RN-MAD-F031,A,furgoneta,2315.1,416.7,222.4,315.75,595.9
2024-12-01,RN-MAD-F031,A,furgoneta,2557.8,460.4,245.7,348.85,658.4
2025-01-01,RN-MAD-F031,A,furgoneta,1808.3,325.5,173.7,246.62,465.4
2025-02-01,RN-MAD-F031,A,furgoneta,2029.3,365.3,194.9,276.76,522.3
2025-03-01,RN-MAD-F031,A,furgoneta,1972.6,355.1,189.5,269.03,507.7
2025-04-01,RN-MAD-F031,A,furgoneta,2375.5,427.6,228.2,323.99,611.5
2025-05-01,RN-MAD-F031,A,furgoneta,1993.2,358.8,191.4,271.85,513.1
2025-06-01,RN-MAD-F031,A,furgoneta,2203.3,396.6,211.6,300.49,567.1
2025-07-01,RN-MAD-F031,A,furgoneta,2511.7,452.1,241.2,342.56,646.5
2025-08-01,RN-MAD-F031,A,furgoneta,2249.9,405.0,216.1,306.85,579.1
2025-09-01,RN-MAD-F031,A,furgoneta,2019.9,363.6,194.0,275.48,519.9
2025-10-01,RN-MAD-F031,A,furgoneta,2151.8,387.3,206.7,293.47,553.9
2025-11-01,RN-MAD-F031,A,furgoneta,1909.1,343.6,183.4,260.37,491.4
2025-12-01,RN-MAD-F031,A,furgoneta,2739.1,493.0,263.1,373.57,705.1
2024-01-01,RN-MAD-F032,A,furgoneta,1904.3,342.8,180.9,256.9,484.8
2024-02-01,RN-MAD-F032,A,furgoneta,2258.2,406.5,214.5,304.64,574.9
2024-03-01,RN-MAD-F032,A,furgoneta,2043.9,367.9,194.2,275.72,520.4
2024-04-01,RN-MAD-F032,A,furgoneta,2116.0,380.9,201.0,285.45,538.7
2024-05-01,RN-MAD-F032,A,furgoneta,1979.3,356.3,188.0,267.01,503.9
2024-06-01,RN-MAD-F032,A,furgoneta,2400.3,432.1,228.0,323.8,611.1
2024-07-01,RN-MAD-F032,A,furgoneta,2197.3,395.5,208.7,296.42,559.4
2024-08-01,RN-MAD-F032,A,furgoneta,2163.8,389.5,205.6,291.89,550.9
2024-09-01,RN-MAD-F032,A,furgoneta,1964.6,353.6,186.6,265.02,500.2
2024-10-01,RN-MAD-F032,A,furgoneta,2166.5,390.0,205.8,292.25,551.6
2024-11-01,RN-MAD-F032,A,furgoneta,2216.0,398.9,210.5,298.94,564.2
2024-12-01,RN-MAD-F032,A,furgoneta,2721.2,489.8,258.5,367.1,692.8
2025-01-01,RN-MAD-F032,A,furgoneta,1952.5,351.5,185.5,263.39,497.1
2025-02-01,RN-MAD-F032,A,furgoneta,1983.0,356.9,188.4,267.51,504.9
2025-03-01,RN-MAD-F032,A,furgoneta,2164.7,389.6,205.6,292.02,551.1
2025-04-01,RN-MAD-F032,A,furgoneta,2073.6,373.2,197.0,279.73,527.9
2025-05-01,RN-MAD-F032,A,furgoneta,2105.2,378.9,200.0,284.0,536.0
2025-06-01,RN-MAD-F032,A,furgoneta,2163.4,389.4,205.5,291.84,550.8
2025-07-01,RN-MAD-F032,A,furgoneta,2317.9,417.2,220.2,312.68,590.1
2025-08-01,RN-MAD-F032,A,furgoneta,2062.7,371.3,196.0,278.26,525.2
2025-09-01,RN-MAD-F032,A,furgoneta,2104.5,378.8,199.9,283.89,535.8
2025-10-01,RN-MAD-F032,A,furgoneta,2430.2,437.4,230.9,327.84,618.7
2025-11-01,RN-MAD-F032,A,furgoneta,2203.8,396.7,209.4,297.29,561.1
2025-12-01,RN-MAD-F032,A,furgoneta,2370.1,426.6,225.2,319.72,603.4
2024-01-01,RN-MAD-F033,A,furgoneta,1968.4,354.3,193.2,274.3,517.7
2024-02-01,RN-MAD-F033,A,furgoneta,2075.0,373.5,203.6,289.15,545.7
2024-03-01,RN-MAD-F033,A,furgoneta,2275.0,409.5,223.3,317.02,598.3
2024-04-01,RN-MAD-F033,A,furgoneta,1957.2,352.3,192.1,272.74,514.7
2024-05-01,RN-MAD-F033,A,furgoneta,2286.9,411.6,224.4,318.69,601.5
2024-06-01,RN-MAD-F033,A,furgoneta,1729.1,311.2,169.7,240.95,454.8
2024-07-01,RN-MAD-F033,A,furgoneta,2394.9,431.1,235.0,333.73,629.9
2024-08-01,RN-MAD-F033,A,furgoneta,2232.6,401.9,219.1,311.12,587.2
2024-09-01,RN-MAD-F033,A,furgoneta,2289.7,412.2,224.7,319.08,602.2
2024-10-01,RN-MAD-F033,A,furgoneta,2283.5,411.0,224.1,318.2,600.6
2024-11-01,RN-MAD-F033,A,furgoneta,2264.8,407.7,222.3,315.61,595.7
2024-12-01,RN-MAD-F033,A,furgoneta,2511.2,452.0,246.4,349.94,660.4
2025-01-01,RN-MAD-F033,A,furgoneta,1869.0,336.4,183.4,260.44,491.5
2025-02-01,RN-MAD-F033,A,furgoneta,1788.6,321.9,175.5,249.24,470.4
2025-03-01,RN-MAD-F033,A,furgoneta,2116.3,380.9,207.7,294.91,556.6
2025-04-01,RN-MAD-F033,A,furgoneta,1891.1,340.4,185.6,263.53,497.4
2025-05-01,RN-MAD-F033,A,furgoneta,2223.5,400.2,218.2,309.85,584.8
2025-06-01,RN-MAD-F033,A,furgoneta,1904.1,342.7,186.9,265.34,500.8
2025-07-01,RN-MAD-F033,A,furgoneta,2306.5,415.2,226.4,321.42,606.6
2025-08-01,RN-MAD-F033,A,furgoneta,2016.4,363.0,197.9,280.99,530.3
2025-09-01,RN-MAD-F033,A,furgoneta,2017.7,363.2,198.0,281.17,530.7
2025-10-01,RN-MAD-F033,A,furgoneta,2310.3,415.8,226.7,321.94,607.6
2025-11-01,RN-MAD-F033,A,furgoneta,2061.4,371.1,202.3,287.27,542.2
2025-12-01,RN-MAD-F033,A,furgoneta,2396.6,431.4,235.2,333.96,630.3
2024-01-01,RN-MAD-F034,A,furgoneta,1994.9,359.1,189.5,269.11,507.9
2024-02-01,RN-MAD-F034,A,furgoneta,1934.1,348.1,183.7,260.91,492.4
2024-03-01,RN-MAD-F034,A,furgoneta,2021.8,363.9,192.1,272.74,514.8
2024-04-01,RN-MAD-F034,A,furgoneta,2117.1,381.1,201.1,285.6,539.0
2024-05-01,RN-MAD-F034,A,furgoneta,2178.7,392.2,207.0,293.91,554.7
2024-06-01,RN-MAD-F034,A,furgoneta,1908.2,343.5,181.3,257.42,485.8
2024-07-01,RN-MAD-F034,A,furgoneta,2615.6,470.8,248.5,352.84,665.9
2024-08-01,RN-MAD-F034,A,furgoneta,2209.1,397.6,209.9,298.01,562.4
2024-09-01,RN-MAD-F034,A,furgoneta,2259.5,406.7,214.7,304.81,575.3
2024-10-01,RN-MAD-F034,A,furgoneta,2369.4,426.5,225.1,319.63,603.2
2024-11-01,RN-MAD-F034,A,furgoneta,2380.1,428.4,226.1,321.07,606.0
2024-12-01,RN-MAD-F034,A,furgoneta,2612.0,470.2,248.1,352.36,665.0
2025-01-01,RN-MAD-F034,A,furgoneta,1845.0,332.1,175.3,248.9,469.7
2025-02-01,RN-MAD-F034,A,furgoneta,2061.0,371.0,195.8,278.03,524.7
2025-03-01,RN-MAD-F034,A,furgoneta,2313.1,416.4,219.7,312.04,588.9
2025-04-01,RN-MAD-F034,A,furgoneta,2310.4,415.9,219.5,311.68,588.2
2025-05-01,RN-MAD-F034,A,furgoneta,2427.9,437.0,230.7,327.53,618.2
2025-06-01,RN-MAD-F034,A,furgoneta,2038.1,366.9,193.6,274.93,518.9
2025-07-01,RN-MAD-F034,A,furgoneta,2149.7,386.9,204.2,290.0,547.3
2025-08-01,RN-MAD-F034,A,furgoneta,1970.7,354.7,187.2,265.85,501.7
2025-09-01,RN-MAD-F034,A,furgoneta,2444.3,440.0,232.2,329.73,622.3
2025-10-01,RN-MAD-F034,A,furgoneta,2109.8,379.8,200.4,284.61,537.1
2025-11-01,RN-MAD-F034,A,furgoneta,2396.3,431.3,227.7,323.27,610.1
2025-12-01,RN-MAD-F034,A,furgoneta,2610.1,469.8,248.0,352.11,664.5
2024-01-01,RN-MAD-F035,A,furgoneta,2032.2,365.8,205.8,292.23,551.5
2024-02-01,RN-MAD-F035,A,furgoneta,2235.7,402.4,226.4,321.5,606.8
2024-03-01,RN-MAD-F035,A,furgoneta,2197.3,395.5,222.5,315.97,596.3
2024-04-01,RN-MAD-F035,A,furgoneta,2176.0,391.7,220.4,312.91,590.6
2024-05-01,RN-MAD-F035,A,furgoneta,2111.3,380.0,213.8,303.61,573.0
2024-06-01,RN-MAD-F035,A,furgoneta,2331.9,419.7,236.2,335.34,632.9
2024-07-01,RN-MAD-F035,A,furgoneta,2215.4,398.8,224.4,318.58,601.3
2024-08-01,RN-MAD-F035,A,furgoneta,2153.3,387.6,218.1,309.66,584.4
2024-09-01,RN-MAD-F035,A,furgoneta,2275.8,409.6,230.5,327.27,617.7
2024-10-01,RN-MAD-F035,A,furgoneta,2299.4,413.9,232.9,330.67,624.1
2024-11-01,RN-MAD-F035,A,furgoneta,2185.1,393.3,221.3,314.22,593.0
2024-12-01,RN-MAD-F035,A,furgoneta,2765.6,497.8,280.1,397.7,750.6
2025-01-01,RN-MAD-F035,A,furgoneta,2003.2,360.6,202.9,288.06,543.7
2025-02-01,RN-MAD-F035,A,furgoneta,1883.7,339.1,190.8,270.88,511.2
2025-03-01,RN-MAD-F035,A,furgoneta,2240.6,403.3,226.9,322.21,608.1
2025-04-01,RN-MAD-F035,A,furgoneta,2333.4,420.0,236.3,335.55,633.3
2025-05-01,RN-MAD-F035,A,furgoneta,1959.5,352.7,198.4,281.79,531.8
2025-06-01,RN-MAD-F035,A,furgoneta,2055.0,369.9,208.1,295.51,557.7
2025-07-01,RN-MAD-F035,A,furgoneta,2381.3,428.6,241.2,342.44,646.3
2025-08-01,RN-MAD-F035,A,furgoneta,2076.1,373.7,210.3,298.56,563.5
2025-09-01,RN-MAD-F035,A,furgoneta,1811.1,326.0,183.4,260.44,491.5
2025-10-01,RN-MAD-F035,A,furgoneta,2129.2,383.3,215.6,306.19,577.9
2025-11-01,RN-MAD-F035,A,furgoneta,2012.3,362.2,203.8,289.37,546.1
2025-12-01,RN-MAD-F035,A,furgoneta,2730.6,491.5,276.5,392.68,741.1
2024-01-01,RN-MAD-F036,A,furgoneta,2026.2,364.7,194.6,276.34,521.6
2024-02-01,RN-MAD-F036,A,furgoneta,2201.4,396.3,211.4,300.24,566.6
2024-03-01,RN-MAD-F036,A,furgoneta,2023.9,364.3,194.4,276.03,521.0
2024-04-01,RN-MAD-F036,A,furgoneta,1962.6,353.3,188.5,267.66,505.2
2024-05-01,RN-MAD-F036,A,furgoneta,1828.7,329.2,175.6,249.41,470.7
2024-06-01,RN-MAD-F036,A,furgoneta,2227.2,400.9,213.9,303.75,573.3
2024-07-01,RN-MAD-F036,A,furgoneta,2358.5,424.5,226.5,321.66,607.1
2024-08-01,RN-MAD-F036,A,furgoneta,2075.9,373.7,199.4,283.12,534.3
2024-09-01,RN-MAD-F036,A,furgoneta,2090.0,376.2,200.7,285.05,538.0
2024-10-01,RN-MAD-F036,A,furgoneta,2203.5,396.6,211.6,300.53,567.2
2024-11-01,RN-MAD-F036,A,furgoneta,2292.6,412.7,220.2,312.68,590.1
2024-12-01,RN-MAD-F036,A,furgoneta,2485.1,447.3,238.7,338.93,639.7
2025-01-01,RN-MAD-F036,A,furgoneta,1968.1,354.3,189.0,268.41,506.6
2025-02-01,RN-MAD-F036,A,furgoneta,1975.9,355.7,189.8,269.49,508.6
2025-03-01,RN-MAD-F036,A,furgoneta,2247.0,404.5,215.8,306.45,578.4
2025-04-01,RN-MAD-F036,A,furgoneta,1891.4,340.5,181.7,257.96,486.9
2025-05-01,RN-MAD-F036,A,furgoneta,2314.3,416.6,222.3,315.63,595.7
2025-06-01,RN-MAD-F036,A,furgoneta,2117.4,381.1,203.4,288.77,545.0
2025-07-01,RN-MAD-F036,A,furgoneta,2507.4,451.3,240.8,341.96,645.4
2025-08-01,RN-MAD-F036,A,furgoneta,2148.5,386.7,206.4,293.02,553.0
2025-09-01,RN-MAD-F036,A,furgoneta,2098.7,377.8,201.6,286.22,540.2
2025-10-01,RN-MAD-F036,A,furgoneta,1941.1,349.4,186.4,264.73,499.6
2025-11-01,RN-MAD-F036,A,furgoneta,2099.2,377.9,201.6,286.3,540.3
2025-12-01,RN-MAD-F036,A,furgoneta,2720.1,489.6,261.3,370.98,700.2
2024-01-01,RN-MAD-F037,A,furgoneta,1722.9,310.1,169.1,240.09,453.1
2024-02-01,RN-MAD-F037,A,furgoneta,1585.1,285.3,155.6,220.88,416.9
2024-03-01,RN-MAD-F037,A,furgoneta,2256.2,406.1,221.4,314.4,593.4
2024-04-01,RN-MAD-F037,A,furgoneta,2121.7,381.9,208.2,295.66,558.0
2024-05-01,RN-MAD-F037,A,furgoneta,2323.5,418.2,228.0,323.78,611.1
2024-06-01,RN-MAD-F037,A,furgoneta,1900.4,342.1,186.5,264.83,499.8
2024-07-01,RN-MAD-F037,A,furgoneta,2281.8,410.7,223.9,317.97,600.1
2024-08-01,RN-MAD-F037,A,furgoneta,1880.8,338.6,184.6,262.1,494.7
2024-09-01,RN-MAD-F037,A,furgoneta,2061.5,371.1,202.3,287.28,542.2
2024-10-01,RN-MAD-F037,A,furgoneta,2260.7,406.9,221.9,315.03,594.6
2024-11-01,RN-MAD-F037,A,furgoneta,2168.5,390.3,212.8,302.18,570.3
2024-12-01,RN-MAD-F037,A,furgoneta,2621.4,471.8,257.2,365.29,689.4
2025-01-01,RN-MAD-F037,A,furgoneta,2043.6,367.8,200.5,284.78,537.5
2025-02-01,RN-MAD-F037,A,furgoneta,1976.6,355.8,194.0,275.44,519.8
2025-03-01,RN-MAD-F037,A,furgoneta,2152.2,387.4,211.2,299.91,566.0
2025-04-01,RN-MAD-F037,A,furgoneta,2218.0,399.2,217.7,309.08,583.3
2025-05-01,RN-MAD-F037,A,furgoneta,1961.6,353.1,192.5,273.35,515.9
2025-06-01,RN-MAD-F037,A,furgoneta,2151.0,387.2,211.1,299.74,565.7
2025-07-01,RN-MAD-F037,A,furgoneta,2295.8,413.2,225.3,319.92,603.8
2025-08-01,RN-MAD-F037,A,furgoneta,1854.6,333.8,182.0,258.44,487.8
2025-09-01,RN-MAD-F037,A,furgoneta,2468.3,444.3,242.2,343.97,649.2
2025-10-01,RN-MAD-F037,A,furgoneta,2293.3,412.8,225.1,319.58,603.2
2025-11-01,RN-MAD-F037,A,furgoneta,2026.6,364.8,198.9,282.41,533.0
2025-12-01,RN-MAD-F037,A,furgoneta,2583.0,464.9,253.5,359.95,679.3
2024-01-01,RN-MAD-F038,A,furgoneta,2190.8,394.3,215.0,305.29,576.2
2024-02-01,RN-MAD-F038,A,furgoneta,1993.3,358.8,195.6,277.76,524.2
2024-03-01,RN-MAD-F038,A,furgoneta,2073.3,373.2,203.5,288.91,545.3
2024-04-01,RN-MAD-F038,A,furgoneta,2197.5,395.6,215.7,306.23,577.9
2024-05-01,RN-MAD-F038,A,furgoneta,2326.6,418.8,228.3,324.22,611.9
2024-06-01,RN-MAD-F038,A,furgoneta,2050.3,369.0,201.2,285.71,539.2
2024-07-01,RN-MAD-F038,A,furgoneta,2527.7,455.0,248.1,352.24,664.8
2024-08-01,RN-MAD-F038,A,furgoneta,2048.4,368.7,201.0,285.45,538.7
2024-09-01,RN-MAD-F038,A,furgoneta,2380.3,428.5,233.6,331.7,626.0
2024-10-01,RN-MAD-F038,A,furgoneta,2186.8,393.6,214.6,304.73,575.1
2024-11-01,RN-MAD-F038,A,furgoneta,2454.8,441.9,240.9,342.08,645.6
2024-12-01,RN-MAD-F038,A,furgoneta,2679.3,482.3,262.9,373.36,704.7
2025-01-01,RN-MAD-F038,A,furgoneta,1993.3,358.8,195.6,277.77,524.2
2025-02-01,RN-MAD-F038,A,furgoneta,2045.2,368.1,200.7,285.0,537.9
2025-03-01,RN-MAD-F038,A,furgoneta,1921.3,345.8,188.5,267.73,505.3
2025-04-01,RN-MAD-F038,A,furgoneta,1926.2,346.7,189.0,268.43,506.6
2025-05-01,RN-MAD-F038,A,furgoneta,2126.1,382.7,208.6,296.28,559.2
2025-06-01,RN-MAD-F038,A,furgoneta,2201.3,396.2,216.0,306.76,579.0
2025-07-01,RN-MAD-F038,A,furgoneta,2167.3,390.1,212.7,302.02,570.0
2025-08-01,RN-MAD-F038,A,furgoneta,2213.0,398.3,217.2,308.38,582.0
2025-09-01,RN-MAD-F038,A,furgoneta,2336.2,420.5,229.3,325.55,614.4
2025-10-01,RN-MAD-F038,A,furgoneta,2031.1,365.6,199.3,283.04,534.2
2025-11-01,RN-MAD-F038,A,furgoneta,2044.2,367.9,200.6,284.86,537.6
2025-12-01,RN-MAD-F038,A,furgoneta,2412.8,434.3,236.8,336.23,634.6
2024-01-01,RN-MAD-F039,A,furgoneta,2002.2,360.4,190.2,270.1,509.8
2024-02-01,RN-MAD-F039,A,furgoneta,1796.4,323.4,170.7,242.34,457.4
2024-03-01,RN-MAD-F039,A,furgoneta,2276.9,409.8,216.3,307.15,579.7
2024-04-01,RN-MAD-F039,A,furgoneta,2043.8,367.9,194.2,275.71,520.4
2024-05-01,RN-MAD-F039,A,furgoneta,2204.0,396.7,209.4,297.32,561.1
2024-06-01,RN-MAD-F039,A,furgoneta,1980.3,356.5,188.1,267.14,504.2
2024-07-01,RN-MAD-F039,A,furgoneta,1896.0,341.3,180.1,255.77,482.7
2024-08-01,RN-MAD-F039,A,furgoneta,2126.7,382.8,202.0,286.89,541.5
2024-09-01,RN-MAD-F039,A,furgoneta,2072.6,373.1,196.9,279.59,527.7
2024-10-01,RN-MAD-F039,A,furgoneta,2223.1,400.2,211.2,299.9,566.0
2024-11-01,RN-MAD-F039,A,furgoneta,2337.2,420.7,222.0,315.29,595.1
2024-12-01,RN-MAD-F039,A,furgoneta,2650.1,477.0,251.8,357.5,674.7
2025-01-01,RN-MAD-F039,A,furgoneta,2059.4,370.7,195.6,277.81,524.3
2025-02-01,RN-MAD-F039,A,furgoneta,2179.6,392.3,207.1,294.03,554.9
2025-03-01,RN-MAD-F039,A,furgoneta,1944.8,350.1,184.8,262.35,495.1
2025-04-01,RN-MAD-F039,A,furgoneta,2318.4,417.3,220.2,312.75,590.3
2025-05-01,RN-MAD-F039,A,furgoneta,2327.9,419.0,221.2,314.03,592.7
2025-06-01,RN-MAD-F039,A,furgoneta,2091.2,376.4,198.7,282.1,532.4
2025-07-01,RN-MAD-F039,A,furgoneta,2336.9,420.6,222.0,315.25,595.0
2025-08-01,RN-MAD-F039,A,furgoneta,1968.0,354.2,187.0,265.49,501.1
2025-09-01,RN-MAD-F039,A,furgoneta,2119.3,381.5,201.3,285.9,539.6
2025-10-01,RN-MAD-F039,A,furgoneta,2163.5,389.4,205.5,291.85,550.8
2025-11-01,RN-MAD-F039,A,furgoneta,2167.8,390.2,205.9,292.43,551.9
2025-12-01,RN-MAD-F039,A,furgoneta,2258.9,406.6,214.6,304.72,575.1
2024-01-01,RN-MAD-F040,A,furgoneta,1968.9,354.4,195.3,277.3,523.3
2024-02-01,RN-MAD-F040,A,furgoneta,1737.3,312.7,172.3,244.68,461.8
2024-03-01,RN-MAD-F040,A,furgoneta,2202.7,396.5,218.5,310.21,585.5
2024-04-01,RN-MAD-F040,A,furgoneta,2234.0,402.1,221.6,314.63,593.8
2024-05-01,RN-MAD-F040,A,furgoneta,2170.7,390.7,215.3,305.71,577.0
2024-06-01,RN-MAD-F040,A,furgoneta,2245.6,404.2,222.7,316.26,596.9
2024-07-01,RN-MAD-F040,A,furgoneta,2269.1,408.4,225.0,319.57,603.1
2024-08-01,RN-MAD-F040,A,furgoneta,1942.6,349.7,192.7,273.59,516.3
2024-09-01,RN-MAD-F040,A,furgoneta,1984.7,357.3,196.8,279.52,527.5
2024-10-01,RN-MAD-F040,A,furgoneta,2100.9,378.2,208.4,295.89,558.4
2024-11-01,RN-MAD-F040,A,furgoneta,2091.7,376.5,207.5,294.59,556.0
2024-12-01,RN-MAD-F040,A,furgoneta,2804.1,504.7,278.1,394.92,745.3
2025-01-01,RN-MAD-F040,A,furgoneta,2071.4,372.9,205.4,291.73,550.6
2025-02-01,RN-MAD-F040,A,furgoneta,1810.4,325.9,179.6,254.97,481.2
2025-03-01,RN-MAD-F040,A,furgoneta,2177.7,392.0,216.0,306.7,578.8
2025-04-01,RN-MAD-F040,A,furgoneta,2331.8,419.7,231.3,328.4,619.8
2025-05-01,RN-MAD-F040,A,furgoneta,2065.1,371.7,204.8,290.83,548.9
2025-06-01,RN-MAD-F040,A,furgoneta,2134.2,384.1,211.7,300.57,567.3
2025-07-01,RN-MAD-F040,A,furgoneta,2470.5,444.7,245.0,347.94,656.7
2025-08-01,RN-MAD-F040,A,furgoneta,2184.7,393.3,216.7,307.69,580.7
2025-09-01,RN-MAD-F040,A,furgoneta,2093.5,376.8,207.6,294.84,556.5
2025-10-01,RN-MAD-F040,A,furgoneta,2012.3,362.2,199.6,283.4,534.9
2025-11-01,RN-MAD-F040,A,furgoneta,2100.8,378.1,208.4,295.87,558.4
2025-12-01,RN-MAD-F040,A,furgoneta,2318.4,417.3,229.9,326.52,616.2
2024-01-01,RN-MAD-F041,A,furgoneta,2091.6,376.5,205.3,291.46,550.1
2024-02-01,RN-MAD-F041,A,furgoneta,1903.2,342.6,186.8,265.21,500.5
2024-03-01,RN-MAD-F041,A,furgoneta,2276.2,409.7,223.4,317.19,598.6
2024-04-01,RN-MAD-F041,A,furgoneta,1973.7,355.3,193.7,275.04,519.1
2024-05-01,RN-MAD-F041,A,furgoneta,2219.3,399.5,217.8,309.26,583.7
2024-06-01,RN-MAD-F041,A,furgoneta,2538.9,457.0,249.2,353.8,667.7
2024-07-01,RN-MAD-F041,A,furgoneta,2261.3,407.0,221.9,315.11,594.7
2024-08-01,RN-MAD-F041,A,furgoneta,2063.2,371.4,202.5,287.51,542.6
2024-09-01,RN-MAD-F041,A,furgoneta,2099.1,377.8,206.0,292.52,552.1
2024-10-01,RN-MAD-F041,A,furgoneta,2199.0,395.8,215.8,306.44,578.3
2024-11-01,RN-MAD-F041,A,furgoneta,2157.9,388.4,211.8,300.71,567.5
2024-12-01,RN-MAD-F041,A,furgoneta,2384.8,429.3,234.0,332.32,627.2
2025-01-01,RN-MAD-F041,A,furgoneta,2111.2,380.0,207.2,294.2,555.3
2025-02-01,RN-MAD-F041,A,furgoneta,2011.6,362.1,197.4,280.32,529.1
2025-03-01,RN-MAD-F041,A,furgoneta,2357.1,424.3,231.3,328.47,619.9
2025-04-01,RN-MAD-F041,A,furgoneta,2468.3,444.3,242.2,343.97,649.2
2025-05-01,RN-MAD-F041,A,furgoneta,1814.9,326.7,178.1,252.91,477.3
2025-06-01,RN-MAD-F041,A,furgoneta,1916.7,345.0,188.1,267.1,504.1
2025-07-01,RN-MAD-F041,A,furgoneta,2093.6,376.9,205.5,291.75,550.6
2025-08-01,RN-MAD-F041,A,furgoneta,2201.2,396.2,216.0,306.74,578.9
2025-09-01,RN-MAD-F041,A,furgoneta,2193.3,394.8,215.2,305.64,576.8
2025-10-01,RN-MAD-F041,A,furgoneta,2249.9,405.0,220.8,313.52,591.7
2025-11-01,RN-MAD-F041,A,furgoneta,2074.9,373.5,203.6,289.14,545.7
2025-12-01,RN-MAD-F041,A,furgoneta,2489.6,448.1,244.3,346.94,654.8
2024-01-01,RN-MAD-F042,A,furgoneta,2013.1,362.4,199.7,283.52,535.1
2024-02-01,RN-MAD-F042,A,furgoneta,2202.4,396.4,218.4,310.18,585.4
2024-03-01,RN-MAD-F042,A,furgoneta,2215.6,398.8,219.7,312.03,588.9
2024-04-01,RN-MAD-F042,A,furgoneta,2214.7,398.6,219.7,311.91,588.7
2024-05-01,RN-MAD-F042,A,furgoneta,2311.1,416.0,229.2,325.48,614.3
2024-06-01,RN-MAD-F042,A,furgoneta,2392.9,430.7,237.3,337.01,636.0
2024-07-01,RN-MAD-F042,A,furgoneta,2393.6,430.9,237.4,337.11,636.2
2024-08-01,RN-MAD-F042,A,furgoneta,1764.4,317.6,175.0,248.49,469.0
2024-09-01,RN-MAD-F042,A,furgoneta,2228.7,401.2,221.0,313.89,592.4
2024-10-01,RN-MAD-F042,A,furgoneta,2318.7,417.4,230.0,326.55,616.3
2024-11-01,RN-MAD-F042,A,furgoneta,2125.4,382.6,210.8,299.33,564.9
2024-12-01,RN-MAD-F042,A,furgoneta,2496.0,449.3,247.6,351.52,663.4
2025-01-01,RN-MAD-F042,A,furgoneta,2092.6,376.7,207.5,294.71,556.2
2025-02-01,RN-MAD-F042,A,furgoneta,1953.1,351.6,193.7,275.06,519.1
2025-03-01,RN-MAD-F042,A,furgoneta,2124.3,382.4,210.7,299.18,564.6
2025-04-01,RN-MAD-F042,A,furgoneta,1985.6,357.4,196.9,279.64,527.8
2025-05-01,RN-MAD-F042,A,furgoneta,1949.0,350.8,193.3,274.48,518.0
2025-06-01,RN-MAD-F042,A,furgoneta,2183.3,393.0,216.5,307.49,580.3
2025-07-01,RN-MAD-F042,A,furgoneta,2379.2,428.3,236.0,335.08,632.4
2025-08-01,RN-MAD-F042,A,furgoneta,2226.8,400.8,220.9,313.61,591.9
2025-09-01,RN-MAD-F042,A,furgoneta,2301.0,414.2,228.2,324.06,611.6
2025-10-01,RN-MAD-F042,A,furgoneta,2203.7,396.7,218.6,310.36,585.7
2025-11-01,RN-MAD-F042,A,furgoneta,2347.1,422.5,232.8,330.55,623.9
2025-12-01,RN-MAD-F042,A,furgoneta,2933.1,528.0,290.9,413.09,779.6
2024-01-01,RN-MAD-F043,A,furgoneta,2169.9,390.6,210.7,299.16,564.6
2024-02-01,RN-MAD-F043,A,furgoneta,2062.3,371.2,200.2,284.33,536.6
2024-03-01,RN-MAD-F043,A,furgoneta,2135.9,384.5,207.4,294.48,555.8
2024-04-01,RN-MAD-F043,A,furgoneta,2182.3,392.8,211.9,300.86,567.8
2024-05-01,RN-MAD-F043,A,furgoneta,2253.1,405.6,218.8,310.63,586.3
2024-06-01,RN-MAD-F043,A,furgoneta,2109.0,379.6,204.8,290.77,548.8
2024-07-01,RN-MAD-F043,A,furgoneta,1814.9,326.7,176.2,250.22,472.2
2024-08-01,RN-MAD-F043,A,furgoneta,2133.8,384.1,207.2,294.19,555.2
2024-09-01,RN-MAD-F043,A,furgoneta,2249.8,405.0,218.4,310.17,585.4
2024-10-01,RN-MAD-F043,A,furgoneta,1950.7,351.1,189.4,268.93,507.6
2024-11-01,RN-MAD-F043,A,furgoneta,2514.7,452.6,244.2,346.7,654.3
2024-12-01,RN-MAD-F043,A,furgoneta,2546.2,458.3,247.2,351.04,662.5
2025-01-01,RN-MAD-F043,A,furgoneta,2055.5,370.0,199.6,283.39,534.9
2025-02-01,RN-MAD-F043,A,furgoneta,1988.1,357.9,193.0,274.1,517.3
2025-03-01,RN-MAD-F043,A,furgoneta,2313.9,416.5,224.7,319.01,602.1
2025-04-01,RN-MAD-F043,A,furgoneta,2370.4,426.7,230.1,326.8,616.8
2025-05-01,RN-MAD-F043,A,furgoneta,2201.7,396.3,213.8,303.55,572.9
2025-06-01,RN-MAD-F043,A,furgoneta,2070.0,372.6,201.0,285.38,538.6
2025-07-01,RN-MAD-F043,A,furgoneta,1932.4,347.8,187.6,266.42,502.8
2025-08-01,RN-MAD-F043,A,furgoneta,2367.9,426.2,229.9,326.46,616.1
2025-09-01,RN-MAD-F043,A,furgoneta,2056.7,370.2,199.7,283.56,535.2
2025-10-01,RN-MAD-F043,A,furgoneta,2141.7,385.5,207.9,295.27,557.3
2025-11-01,RN-MAD-F043,A,furgoneta,2127.4,382.9,206.6,293.3,553.6
2025-12-01,RN-MAD-F043,A,furgoneta,2707.4,487.3,262.9,373.26,704.5
2024-01-01,RN-MAD-F044,A,furgoneta,1859.7,334.8,186.4,264.68,499.5
2024-02-01,RN-MAD-F044,A,furgoneta,1826.1,328.7,183.0,259.89,490.5
2024-03-01,RN-MAD-F044,A,furgoneta,1927.1,346.9,193.1,274.26,517.6
2024-04-01,RN-MAD-F044,A,furgoneta,2252.4,405.4,225.7,320.56,605.0
2024-05-01,RN-MAD-F044,A,furgoneta,2348.3,422.7,235.4,334.2,630.8
2024-06-01,RN-MAD-F044,A,furgoneta,2146.3,386.3,215.1,305.46,576.5
2024-07-01,RN-MAD-F044,A,furgoneta,2109.0,379.6,211.4,300.15,566.5
2024-08-01,RN-MAD-F044,A,furgoneta,2094.2,377.0,209.9,298.05,562.5
2024-09-01,RN-MAD-F044,A,furgoneta,2381.1,428.6,238.6,338.88,639.6
2024-10-01,RN-MAD-F044,A,furgoneta,2069.4,372.5,207.4,294.51,555.8
2024-11-01,RN-MAD-F044,A,furgoneta,2338.3,420.9,234.4,332.78,628.1
2024-12-01,RN-MAD-F044,A,furgoneta,2213.0,398.3,221.8,314.96,594.4
2025-01-01,RN-MAD-F044,A,furgoneta,2039.4,367.1,204.4,290.24,547.8
2025-02-01,RN-MAD-F044,A,furgoneta,1938.8,349.0,194.3,275.93,520.8
2025-03-01,RN-MAD-F044,A,furgoneta,2244.4,404.0,224.9,319.42,602.9
2025-04-01,RN-MAD-F044,A,furgoneta,2204.7,396.8,221.0,313.77,592.2
2025-05-01,RN-MAD-F044,A,furgoneta,2144.6,386.0,214.9,305.22,576.0
2025-06-01,RN-MAD-F044,A,furgoneta,2353.6,423.6,235.9,334.96,632.2
2025-07-01,RN-MAD-F044,A,furgoneta,2221.2,399.8,222.6,316.13,596.6
2025-08-01,RN-MAD-F044,A,furgoneta,2135.3,384.4,214.0,303.9,573.6
2025-09-01,RN-MAD-F044,A,furgoneta,2154.7,387.9,216.0,306.66,578.8
2025-10-01,RN-MAD-F044,A,furgoneta,2278.4,410.1,228.4,324.26,612.0
2025-11-01,RN-MAD-F044,A,furgoneta,2533.3,456.0,253.9,360.53,680.4
2025-12-01,RN-MAD-F044,A,furgoneta,2270.7,408.7,227.6,323.16,609.9
2024-01-01,RN-MAD-F045,A,furgoneta,2098.7,377.8,206.0,292.46,552.0
2024-02-01,RN-MAD-F045,A,furgoneta,1886.3,339.5,185.1,262.86,496.1
2024-03-01,RN-MAD-F045,A,furgoneta,2102.7,378.5,206.3,293.02,553.0
2024-04-01,RN-MAD-F045,A,furgoneta,2263.9,407.5,222.2,315.48,595.4
2024-05-01,RN-MAD-F045,A,furgoneta,2061.3,371.0,202.3,287.24,542.1
2024-06-01,RN-MAD-F045,A,furgoneta,2233.3,402.0,219.2,311.22,587.4
2024-07-01,RN-MAD-F045,A,furgoneta,1866.7,336.0,183.2,260.13,491.0
2024-08-01,RN-MAD-F045,A,furgoneta,1832.0,329.8,179.8,255.3,481.8
2024-09-01,RN-MAD-F045,A,furgoneta,2110.8,379.9,207.1,294.15,555.1
2024-10-01,RN-MAD-F045,A,furgoneta,2299.7,414.0,225.7,320.47,604.8
2024-11-01,RN-MAD-F045,A,furgoneta,2391.6,430.5,234.7,333.28,629.0
2024-12-01,RN-MAD-F045,A,furgoneta,2452.9,441.5,240.7,341.82,645.1
2025-01-01,RN-MAD-F045,A,furgoneta,2162.7,389.3,212.2,301.38,568.8
2025-02-01,RN-MAD-F045,A,furgoneta,1803.2,324.6,177.0,251.29,474.3
2025-03-01,RN-MAD-F045,A,furgoneta,2248.0,404.6,220.6,313.26,591.2
2025-04-01,RN-MAD-F045,A,furgoneta,2078.5,374.1,204.0,289.64,546.6
2025-05-01,RN-MAD-F045,A,furgoneta,2137.9,384.8,209.8,297.91,562.3
2025-06-01,RN-MAD-F045,A,furgoneta,2253.2,405.6,221.1,313.99,592.6
2025-07-01,RN-MAD-F045,A,furgoneta,2460.7,442.9,241.5,342.91,647.2
2025-08-01,RN-MAD-F045,A,furgoneta,2112.1,380.2,207.3,294.32,555.5
2025-09-01,RN-MAD-F045,A,furgoneta,2264.5,407.6,222.2,315.56,595.6
2025-10-01,RN-MAD-F045,A,furgoneta,2140.8,385.3,210.1,298.33,563.0
2025-11-01,RN-MAD-F045,A,furgoneta,2301.7,414.3,225.9,320.75,605.4
2025-12-01,RN-MAD-F045,A,furgoneta,2642.9,475.7,259.4,368.3,695.1
2024-01-01,RN-MAD-F046,A,furgoneta,2000.5,360.1,190.0,269.87,509.3
2024-02-01,RN-MAD-F046,A,furgoneta,2208.8,397.6,209.8,297.97,562.4
2024-03-01,RN-MAD-F046,A,furgoneta,2059.3,370.7,195.6,277.8,524.3
2024-04-01,RN-MAD-F046,A,furgoneta,1796.0,323.3,170.6,242.28,457.3
2024-05-01,RN-MAD-F046,A,furgoneta,2238.3,402.9,212.6,301.95,569.9
2024-06-01,RN-MAD-F046,A,furgoneta,2135.2,384.3,202.8,288.04,543.6
2024-07-01,RN-MAD-F046,A,furgoneta,2323.1,418.2,220.7,313.38,591.5
2024-08-01,RN-MAD-F046,A,furgoneta,1957.0,352.3,185.9,264.0,498.3
2024-09-01,RN-MAD-F046,A,furgoneta,1908.3,343.5,181.3,257.43,485.9
2024-10-01,RN-MAD-F046,A,furgoneta,2170.3,390.6,206.2,292.77,552.5
2024-11-01,RN-MAD-F046,A,furgoneta,2180.9,392.6,207.2,294.2,555.2
2024-12-01,RN-MAD-F046,A,furgoneta,2818.6,507.3,267.8,380.23,717.6
2025-01-01,RN-MAD-F046,A,furgoneta,2268.7,408.4,215.5,306.05,577.6
2025-02-01,RN-MAD-F046,A,furgoneta,2041.9,367.5,194.0,275.46,519.9
2025-03-01,RN-MAD-F046,A,furgoneta,2096.1,377.3,199.1,282.76,533.7
2025-04-01,RN-MAD-F046,A,furgoneta,2292.6,412.7,217.8,309.27,583.7
2025-05-01,RN-MAD-F046,A,furgoneta,2167.8,390.2,205.9,292.44,551.9
2025-06-01,RN-MAD-F046,A,furgoneta,2316.6,417.0,220.1,312.51,589.8
2025-07-01,RN-MAD-F046,A,furgoneta,2236.5,402.6,212.5,301.71,569.4
2025-08-01,RN-MAD-F046,A,furgoneta,1910.1,343.8,181.5,257.67,486.3
2025-09-01,RN-MAD-F046,A,furgoneta,2234.3,402.2,212.3,301.41,568.9
2025-10-01,RN-MAD-F046,A,furgoneta,2012.8,362.3,191.2,271.53,512.5
2025-11-01,RN-MAD-F046,A,furgoneta,2166.5,390.0,205.8,292.26,551.6
2025-12-01,RN-MAD-F046,A,furgoneta,2941.3,529.4,279.4,396.78,748.9
2024-01-01,RN-MAD-F047,A,furgoneta,1984.9,357.3,190.6,270.71,510.9
2024-02-01,RN-MAD-F047,A,furgoneta,1915.9,344.9,184.0,261.29,493.1
2024-03-01,RN-MAD-F047,A,furgoneta,2135.4,384.4,205.1,291.24,549.7
2024-04-01,RN-MAD-F047,A,furgoneta,2197.2,395.5,211.0,299.66,565.6
2024-05-01,RN-MAD-F047,A,furgoneta,2014.8,362.7,193.5,274.79,518.6
2024-06-01,RN-MAD-F047,A,furgoneta,2095.2,377.1,201.2,285.75,539.3
2024-07-01,RN-MAD-F047,A,furgoneta,2544.1,457.9,244.3,346.98,654.9
2024-08-01,RN-MAD-F047,A,furgoneta,1908.2,343.5,183.3,260.25,491.2
2024-09-01,RN-MAD-F047,A,furgoneta,2054.5,369.8,197.3,280.2,528.8
2024-10-01,RN-MAD-F047,A,furgoneta,2200.3,396.1,211.3,300.09,566.4
2024-11-01,RN-MAD-F047,A,furgoneta,2435.7,438.4,233.9,332.19,626.9
2024-12-01,RN-MAD-F047,A,furgoneta,2310.5,415.9,221.9,315.11,594.7
2025-01-01,RN-MAD-F047,A,furgoneta,1987.0,357.7,190.8,271.0,511.5
2025-02-01,RN-MAD-F047,A,furgoneta,1899.3,341.9,182.4,259.03,488.9
2025-03-01,RN-MAD-F047,A,furgoneta,2142.7,385.7,205.8,292.24,551.5
2025-04-01,RN-MAD-F047,A,furgoneta,2136.4,384.5,205.2,291.37,549.9
2025-05-01,RN-MAD-F047,A,furgoneta,2343.3,421.8,225.1,319.59,603.2
2025-06-01,RN-MAD-F047,A,furgoneta,1998.3,359.7,191.9,272.53,514.4
2025-07-01,RN-MAD-F047,A,furgoneta,2464.2,443.6,236.7,336.08,634.3
2025-08-01,RN-MAD-F047,A,furgoneta,2147.0,386.5,206.2,292.81,552.6
2025-09-01,RN-MAD-F047,A,furgoneta,2259.5,406.7,217.0,308.16,581.6
2025-10-01,RN-MAD-F047,A,furgoneta,2086.3,375.5,200.4,284.54,537.0
2025-11-01,RN-MAD-F047,A,furgoneta,2087.6,375.8,200.5,284.71,537.3
2025-12-01,RN-MAD-F047,A,furgoneta,2381.8,428.7,228.8,324.84,613.1
2024-01-01,RN-MAD-F048,A,furgoneta,1714.5,308.6,166.5,236.37,446.1
2024-02-01,RN-MAD-F048,A,furgoneta,2163.1,389.4,210.0,298.22,562.8
2024-03-01,RN-MAD-F048,A,furgoneta,2202.7,396.5,213.9,303.68,573.1
2024-04-01,RN-MAD-F048,A,furgoneta,2246.2,404.3,218.1,309.69,584.5
2024-05-01,RN-MAD-F048,A,furgoneta,2253.8,405.7,218.8,310.73,586.4
2024-06-01,RN-MAD-F048,A,furgoneta,2471.1,444.8,239.9,340.69,643.0
2024-07-01,RN-MAD-F048,A,furgoneta,1915.7,344.8,186.0,264.11,498.5
2024-08-01,RN-MAD-F048,A,furgoneta,2281.9,410.7,221.6,314.6,593.8
2024-09-01,RN-MAD-F048,A,furgoneta,2090.3,376.2,202.9,288.18,543.9
2024-10-01,RN-MAD-F048,A,furgoneta,1993.5,358.8,193.5,274.84,518.7
2024-11-01,RN-MAD-F048,A,furgoneta,1965.5,353.8,190.8,270.98,511.4
2024-12-01,RN-MAD-F048,A,furgoneta,2814.3,506.6,273.2,388.0,732.3
2025-01-01,RN-MAD-F048,A,furgoneta,2001.7,360.3,194.3,275.98,520.9
2025-02-01,RN-MAD-F048,A,furgoneta,1770.7,318.7,171.9,244.13,460.7
2025-03-01,RN-MAD-F048,A,furgoneta,2031.8,365.7,197.3,280.12,528.7
2025-04-01,RN-MAD-F048,A,furgoneta,1973.5,355.2,191.6,272.09,513.5
2025-05-01,RN-MAD-F048,A,furgoneta,2001.0,360.2,194.3,275.87,520.7
2025-06-01,RN-MAD-F048,A,furgoneta,2253.1,405.6,218.8,310.64,586.3
2025-07-01,RN-MAD-F048,A,furgoneta,2307.5,415.4,224.0,318.13,600.4
2025-08-01,RN-MAD-F048,A,furgoneta,2101.0,378.2,204.0,289.67,546.7
2025-09-01,RN-MAD-F048,A,furgoneta,2204.4,396.8,214.0,303.91,573.6
2025-10-01,RN-MAD-F048,A,furgoneta,1919.0,345.4,186.3,264.56,499.3
2025-11-01,RN-MAD-F048,A,furgoneta,2072.0,373.0,201.2,285.67,539.1
2025-12-01,RN-MAD-F048,A,furgoneta,2662.7,479.3,258.5,367.1,692.8
2024-01-01,RN-MAD-F049,A,furgoneta,2070.4,372.7,203.2,288.52,544.5
2024-02-01,RN-MAD-F049,A,furgoneta,1801.2,324.2,176.8,250.99,473.7
2024-03-01,RN-MAD-F049,A,furgoneta,1861.6,335.1,182.7,259.42,489.6
2024-04-01,RN-MAD-F049,A,furgoneta,2055.2,369.9,201.7,286.39,540.5
2024-05-01,RN-MAD-F049,A,furgoneta,2097.9,377.6,205.9,292.35,551.8
2024-06-01,RN-MAD-F049,A,furgoneta,2130.8,383.5,209.1,296.93,560.4
2024-07-01,RN-MAD-F049,A,furgoneta,2094.1,376.9,205.5,291.82,550.8
2024-08-01,RN-MAD-F049,A,furgoneta,2040.2,367.2,200.2,284.3,536.6
2024-09-01,RN-MAD-F049,A,furgoneta,2390.1,430.2,234.6,333.06,628.6
2024-10-01,RN-MAD-F049,A,furgoneta,1895.4,341.2,186.0,264.13,498.5
2024-11-01,RN-MAD-F049,A,furgoneta,2337.0,420.7,229.3,325.67,614.6
2024-12-01,RN-MAD-F049,A,furgoneta,2543.6,457.8,249.6,354.45,669.0
2025-01-01,RN-MAD-F049,A,furgoneta,1944.5,350.0,190.8,270.97,511.4
2025-02-01,RN-MAD-F049,A,furgoneta,1922.1,346.0,188.6,267.84,505.5
2025-03-01,RN-MAD-F049,A,furgoneta,1858.0,334.4,182.3,258.91,488.7
2025-04-01,RN-MAD-F049,A,furgoneta,2112.4,380.2,207.3,294.36,555.6
2025-05-01,RN-MAD-F049,A,furgoneta,2481.6,446.7,243.5,345.82,652.7
2025-06-01,RN-MAD-F049,A,furgoneta,2198.3,395.7,215.7,306.33,578.2
2025-07-01,RN-MAD-F049,A,furgoneta,2324.8,418.5,228.1,323.96,611.4
2025-08-01,RN-MAD-F049,A,furgoneta,2012.6,362.3,197.5,280.45,529.3
2025-09-01,RN-MAD-F049,A,furgoneta,2170.2,390.6,213.0,302.43,570.8
2025-10-01,RN-MAD-F049,A,furgoneta,2116.6,381.0,207.7,294.96,556.7
2025-11-01,RN-MAD-F049,A,furgoneta,2240.8,403.3,219.9,312.25,589.3
2025-12-01,RN-MAD-F049,A,furgoneta,2528.7,455.2,248.2,352.38,665.1
2024-01-01,RN-MAD-F050,A,furgoneta,1957.9,352.4,186.0,264.12,498.5
2024-02-01,RN-MAD-F050,A,furgoneta,1993.2,358.8,189.4,268.88,507.5
2024-03-01,RN-MAD-F050,A,furgoneta,2271.5,408.9,215.8,306.43,578.3
2024-04-01,RN-MAD-F050,A,furgoneta,2033.1,366.0,193.1,274.27,517.6
2024-05-01,RN-MAD-F050,A,furgoneta,2049.0,368.8,194.7,276.41,521.7
2024-06-01,RN-MAD-F050,A,furgoneta,2152.4,387.4,204.5,290.35,548.0
2024-07-01,RN-MAD-F050,A,furgoneta,2117.6,381.2,201.2,285.67,539.1
2024-08-01,RN-MAD-F050,A,furgoneta,2033.4,366.0,193.2,274.3,517.7
2024-09-01,RN-MAD-F050,A,furgoneta,2336.0,420.5,221.9,315.13,594.7
2024-10-01,RN-MAD-F050,A,furgoneta,2259.6,406.7,214.7,304.83,575.3
2024-11-01,RN-MAD-F050,A,furgoneta,2317.1,417.1,220.1,312.58,589.9
2024-12-01,RN-MAD-F050,A,furgoneta,2704.5,486.8,256.9,364.84,688.6
2025-01-01,RN-MAD-F050,A,furgoneta,1756.4,316.1,166.9,236.93,447.2
2025-02-01,RN-MAD-F050,A,furgoneta,2155.2,387.9,204.7,290.74,548.7
2025-03-01,RN-MAD-F050,A,furgoneta,2017.5,363.2,191.7,272.16,513.7
2025-04-01,RN-MAD-F050,A,furgoneta,2242.6,403.7,213.0,302.53,571.0
2025-05-01,RN-MAD-F050,A,furgoneta,1879.6,338.3,178.6,253.56,478.6
2025-06-01,RN-MAD-F050,A,furgoneta,2133.4,384.0,202.7,287.8,543.2
2025-07-01,RN-MAD-F050,A,furgoneta,2307.5,415.3,219.2,311.28,587.5
2025-08-01,RN-MAD-F050,A,furgoneta,2159.9,388.8,205.2,291.37,549.9
2025-09-01,RN-MAD-F050,A,furgoneta,2221.5,399.9,211.0,299.68,565.6
2025-10-01,RN-MAD-F050,A,furgoneta,2183.9,393.1,207.5,294.61,556.0
2025-11-01,RN-MAD-F050,A,furgoneta,1886.1,339.5,179.2,254.43,480.2
2025-12-01,RN-MAD-F050,A,furgoneta,2588.4,465.9,245.9,349.18,659.0
2024-01-01,RN-MAD-F051,A,furgoneta,2094.5,377.0,205.5,291.88,550.9
2024-02-01,RN-MAD-F051,A,furgoneta,2055.5,370.0,201.7,286.44,540.6
2024-03-01,RN-MAD-F051,A,furgoneta,2491.1,448.4,244.5,347.14,655.2
2024-04-01,RN-MAD-F051,A,furgoneta,2261.9,407.1,222.0,315.19,594.9
2024-05-01,RN-MAD-F051,A,furgoneta,2083.2,375.0,204.4,290.3,547.9
2024-06-01,RN-MAD-F051,A,furgoneta,2194.4,395.0,215.3,305.8,577.1
2024-07-01,RN-MAD-F051,A,furgoneta,2348.3,422.7,230.4,327.23,617.6
2024-08-01,RN-MAD-F051,A,furgoneta,1946.6,350.4,191.0,271.27,512.0
2024-09-01,RN-MAD-F051,A,furgoneta,2235.5,402.4,219.4,311.52,587.9
2024-10-01,RN-MAD-F051,A,furgoneta,2150.6,387.1,211.1,299.69,565.6
2024-11-01,RN-MAD-F051,A,furgoneta,2404.3,432.8,235.9,335.04,632.3
2024-12-01,RN-MAD-F051,A,furgoneta,2858.2,514.5,280.5,398.3,751.7
2025-01-01,RN-MAD-F051,A,furgoneta,2157.7,388.4,211.7,300.68,567.5
2025-02-01,RN-MAD-F051,A,furgoneta,2054.9,369.9,201.7,286.36,540.5
2025-03-01,RN-MAD-F051,A,furgoneta,2356.2,424.1,231.2,328.34,619.7
2025-04-01,RN-MAD-F051,A,furgoneta,2168.1,390.3,212.8,302.13,570.2
2025-05-01,RN-MAD-F051,A,furgoneta,2049.5,368.9,201.1,285.61,539.0
2025-06-01,RN-MAD-F051,A,furgoneta,1885.5,339.4,185.0,262.75,495.9
2025-07-01,RN-MAD-F051,A,furgoneta,2311.4,416.0,226.8,322.09,607.9
2025-08-01,RN-MAD-F051,A,furgoneta,2361.5,425.1,231.7,329.08,621.1
2025-09-01,RN-MAD-F051,A,furgoneta,2497.8,449.6,245.1,348.07,656.9
2025-10-01,RN-MAD-F051,A,furgoneta,2324.1,418.3,228.1,323.86,611.2
2025-11-01,RN-MAD-F051,A,furgoneta,2180.0,392.4,213.9,303.79,573.3
2025-12-01,RN-MAD-F051,A,furgoneta,2769.0,498.4,271.7,385.87,728.3
2024-01-01,RN-MAD-F052,A,furgoneta,1979.2,356.3,190.1,269.93,509.5
2024-02-01,RN-MAD-F052,A,furgoneta,2117.4,381.1,203.4,288.78,545.0
2024-03-01,RN-MAD-F052,A,furgoneta,1988.2,357.9,191.0,271.16,511.8
2024-04-01,RN-MAD-F052,A,furgoneta,2123.3,382.2,203.9,289.58,546.5
2024-05-01,RN-MAD-F052,A,furgoneta,2394.7,431.0,230.0,326.6,616.4
2024-06-01,RN-MAD-F052,A,furgoneta,2126.0,382.7,204.2,289.96,547.2
2024-07-01,RN-MAD-F052,A,furgoneta,2219.4,399.5,213.2,302.69,571.3
2024-08-01,RN-MAD-F052,A,furgoneta,2008.3,361.5,192.9,273.9,516.9
2024-09-01,RN-MAD-F052,A,furgoneta,2298.5,413.7,220.8,313.47,591.6
2024-10-01,RN-MAD-F052,A,furgoneta,2249.1,404.8,216.0,306.74,578.9
2024-11-01,RN-MAD-F052,A,furgoneta,2335.4,420.4,224.3,318.51,601.1
2024-12-01,RN-MAD-F052,A,furgoneta,2587.2,465.7,248.5,352.85,665.9
2025-01-01,RN-MAD-F052,A,furgoneta,2164.2,389.6,207.9,295.16,557.1
2025-02-01,RN-MAD-F052,A,furgoneta,2106.7,379.2,202.3,287.32,542.3
2025-03-01,RN-MAD-F052,A,furgoneta,1938.2,348.9,186.2,264.34,498.9
2025-04-01,RN-MAD-F052,A,furgoneta,2125.9,382.7,204.2,289.93,547.2
2025-05-01,RN-MAD-F052,A,furgoneta,2317.1,417.1,222.5,316.01,596.4
2025-06-01,RN-MAD-F052,A,furgoneta,2165.4,389.8,208.0,295.33,557.4
2025-07-01,RN-MAD-F052,A,furgoneta,2346.6,422.4,225.4,320.04,604.0
2025-08-01,RN-MAD-F052,A,furgoneta,2182.4,392.8,209.6,297.64,561.7
2025-09-01,RN-MAD-F052,A,furgoneta,2095.6,377.2,201.3,285.81,539.4
2025-10-01,RN-MAD-F052,A,furgoneta,1965.8,353.8,188.8,268.1,506.0
2025-11-01,RN-MAD-F052,A,furgoneta,2356.5,424.2,226.3,321.39,606.6
2025-12-01,RN-MAD-F052,A,furgoneta,2564.0,461.5,246.3,349.68,660.0
2024-01-01,RN-MAD-F053,A,furgoneta,1939.4,349.1,188.3,267.38,504.6
2024-02-01,RN-MAD-F053,A,furgoneta,1641.3,295.4,159.4,226.29,427.1
2024-03-01,RN-MAD-F053,A,furgoneta,2016.9,363.0,195.8,278.06,524.8
2024-04-01,RN-MAD-F053,A,furgoneta,1962.5,353.2,190.5,270.56,510.6
2024-05-01,RN-MAD-F053,A,furgoneta,2138.7,385.0,207.6,294.85,556.5
2024-06-01,RN-MAD-F053,A,furgoneta,2381.6,428.7,231.2,328.34,619.7
2024-07-01,RN-MAD-F053,A,furgoneta,2275.4,409.6,220.9,313.71,592.1
2024-08-01,RN-MAD-F053,A,furgoneta,1939.8,349.2,188.3,267.43,504.7
2024-09-01,RN-MAD-F053,A,furgoneta,2368.5,426.3,230.0,326.54,616.3
2024-10-01,RN-MAD-F053,A,furgoneta,1931.4,347.7,187.5,266.28,502.6
2024-11-01,RN-MAD-F053,A,furgoneta,2142.4,385.6,208.0,295.37,557.5
2024-12-01,RN-MAD-F053,A,furgoneta,2439.6,439.1,236.9,336.35,634.8
2025-01-01,RN-MAD-F053,A,furgoneta,1897.2,341.5,184.2,261.57,493.7
2025-02-01,RN-MAD-F053,A,furgoneta,1947.9,350.6,189.1,268.56,506.9
2025-03-01,RN-MAD-F053,A,furgoneta,2033.8,366.1,197.5,280.4,529.2
2025-04-01,RN-MAD-F053,A,furgoneta,2220.7,399.7,215.6,306.16,577.8
2025-05-01,RN-MAD-F053,A,furgoneta,2330.7,419.5,226.3,321.33,606.5
2025-06-01,RN-MAD-F053,A,furgoneta,2368.2,426.3,229.9,326.5,616.2
2025-07-01,RN-MAD-F053,A,furgoneta,2300.6,414.1,223.4,317.18,598.6
2025-08-01,RN-MAD-F053,A,furgoneta,2181.5,392.7,211.8,300.75,567.6
2025-09-01,RN-MAD-F053,A,furgoneta,2484.9,447.3,241.3,342.59,646.6
2025-10-01,RN-MAD-F053,A,furgoneta,1972.4,355.0,191.5,271.93,513.2
2025-11-01,RN-MAD-F053,A,furgoneta,2208.5,397.5,214.4,304.49,574.7
2025-12-01,RN-MAD-F053,A,furgoneta,2684.2,483.2,260.6,370.07,698.4
2024-01-01,RN-MAD-F054,A,furgoneta,2046.7,368.4,194.4,276.1,521.1
2024-02-01,RN-MAD-F054,A,furgoneta,1889.4,340.1,179.5,254.88,481.0
2024-03-01,RN-MAD-F054,A,furgoneta,2008.2,361.5,190.8,270.91,511.3
2024-04-01,RN-MAD-F054,A,furgoneta,2114.4,380.6,200.9,285.24,538.3
2024-05-01,RN-MAD-F054,A,furgoneta,2042.3,367.6,194.0,275.5,520.0
2024-06-01,RN-MAD-F054,A,furgoneta,2289.4,412.1,217.5,308.84,582.9
2024-07-01,RN-MAD-F054,A,furgoneta,2371.2,426.8,225.3,319.87,603.7
2024-08-01,RN-MAD-F054,A,furgoneta,2088.4,375.9,198.4,281.72,531.7
2024-09-01,RN-MAD-F054,A,furgoneta,2488.2,447.9,236.4,335.66,633.5
2024-10-01,RN-MAD-F054,A,furgoneta,2174.4,391.4,206.6,293.33,553.6
2024-11-01,RN-MAD-F054,A,furgoneta,2397.0,431.5,227.7,323.36,610.3
2024-12-01,RN-MAD-F054,A,furgoneta,2567.9,462.2,244.0,346.42,653.8
2025-01-01,RN-MAD-F054,A,furgoneta,2058.9,370.6,195.6,277.74,524.2
2025-02-01,RN-MAD-F054,A,furgoneta,1952.0,351.4,185.4,263.32,497.0
2025-03-01,RN-MAD-F054,A,furgoneta,2325.4,418.6,220.9,313.7,592.1
2025-04-01,RN-MAD-F054,A,furgoneta,2559.4,460.7,243.1,345.26,651.6
2025-05-01,RN-MAD-F054,A,furgoneta,1697.2,305.5,161.2,228.95,432.1
2025-06-01,RN-MAD-F054,A,furgoneta,2201.8,396.3,209.2,297.02,560.6
2025-07-01,RN-MAD-F054,A,furgoneta,2701.7,486.3,256.7,364.46,687.9
2025-08-01,RN-MAD-F054,A,furgoneta,1972.6,355.1,187.4,266.11,502.2
2025-09-01,RN-MAD-F054,A,furgoneta,2085.0,375.3,198.1,281.27,530.8
2025-10-01,RN-MAD-F054,A,furgoneta,2216.3,398.9,210.5,298.98,564.3
2025-11-01,RN-MAD-F054,A,furgoneta,2172.1,391.0,206.4,293.02,553.0
2025-12-01,RN-MAD-F054,A,furgoneta,2669.0,480.4,253.6,360.05,679.5
2024-01-01,RN-MAD-F055,A,furgoneta,2156.1,388.1,207.1,294.06,555.0
2024-02-01,RN-MAD-F055,A,furgoneta,2162.5,389.3,207.7,294.93,556.6
2024-03-01,RN-MAD-F055,A,furgoneta,2065.9,371.9,198.4,281.76,531.8
2024-04-01,RN-MAD-F055,A,furgoneta,2213.1,398.4,212.6,301.84,569.7
2024-05-01,RN-MAD-F055,A,furgoneta,1922.1,346.0,184.6,262.14,494.7
2024-06-01,RN-MAD-F055,A,furgoneta,2235.8,402.5,214.7,304.93,575.5
2024-07-01,RN-MAD-F055,A,furgoneta,2216.7,399.0,212.9,302.32,570.6
2024-08-01,RN-MAD-F055,A,furgoneta,2190.6,394.3,210.4,298.76,563.9
2024-09-01,RN-MAD-F055,A,furgoneta,2232.5,401.9,214.4,304.48,574.6
2024-10-01,RN-MAD-F055,A,furgoneta,2235.8,402.4,214.7,304.93,575.5
2024-11-01,RN-MAD-F055,A,furgoneta,2088.9,376.0,200.6,284.89,537.7
2024-12-01,RN-MAD-F055,A,furgoneta,2389.2,430.1,229.5,325.85,615.0
2025-01-01,RN-MAD-F055,A,furgoneta,2103.9,378.7,202.1,286.94,541.5
2025-02-01,RN-MAD-F055,A,furgoneta,1973.0,355.1,189.5,269.09,507.9
2025-03-01,RN-MAD-F055,A,furgoneta,1974.1,355.3,189.6,269.24,508.1
2025-04-01,RN-MAD-F055,A,furgoneta,2149.9,387.0,206.5,293.22,553.4
2025-05-01,RN-MAD-F055,A,furgoneta,2065.3,371.7,198.4,281.67,531.6
2025-06-01,RN-MAD-F055,A,furgoneta,1955.5,352.0,187.8,266.7,503.3
2025-07-01,RN-MAD-F055,A,furgoneta,2160.0,388.8,207.5,294.59,556.0
2025-08-01,RN-MAD-F055,A,furgoneta,2115.3,380.7,203.2,288.49,544.5
2025-09-01,RN-MAD-F055,A,furgoneta,2257.7,406.4,216.8,307.91,581.1
2025-10-01,RN-MAD-F055,A,furgoneta,2347.5,422.6,225.5,320.17,604.3
2025-11-01,RN-MAD-F055,A,furgoneta,2413.9,434.5,231.8,329.21,621.3
2025-12-01,RN-MAD-F055,A,furgoneta,2705.5,487.0,259.9,368.99,696.4
2024-01-01,RN-MAD-F056,A,furgoneta,2145.2,386.1,203.8,289.39,546.2
2024-02-01,RN-MAD-F056,A,furgoneta,2072.2,373.0,196.9,279.54,527.6
2024-03-01,RN-MAD-F056,A,furgoneta,2055.1,369.9,195.2,277.24,523.2
2024-04-01,RN-MAD-F056,A,furgoneta,2162.2,389.2,205.4,291.68,550.5
2024-05-01,RN-MAD-F056,A,furgoneta,1989.6,358.1,189.0,268.4,506.6
2024-06-01,RN-MAD-F056,A,furgoneta,2161.9,389.1,205.4,291.65,550.4
2024-07-01,RN-MAD-F056,A,furgoneta,2145.9,386.3,203.9,289.48,546.3
2024-08-01,RN-MAD-F056,A,furgoneta,1951.6,351.3,185.4,263.28,496.9
2024-09-01,RN-MAD-F056,A,furgoneta,2222.4,400.0,211.1,299.8,565.8
2024-10-01,RN-MAD-F056,A,furgoneta,2041.8,367.5,194.0,275.43,519.8
2024-11-01,RN-MAD-F056,A,furgoneta,2171.5,390.9,206.3,292.93,552.9
2024-12-01,RN-MAD-F056,A,furgoneta,2466.1,443.9,234.3,332.68,627.9
2025-01-01,RN-MAD-F056,A,furgoneta,2029.2,365.3,192.8,273.74,516.6
2025-02-01,RN-MAD-F056,A,furgoneta,1923.2,346.2,182.7,259.44,489.7
2025-03-01,RN-MAD-F056,A,furgoneta,2240.5,403.3,212.9,302.25,570.4
2025-04-01,RN-MAD-F056,A,furgoneta,2074.4,373.4,197.1,279.83,528.1
2025-05-01,RN-MAD-F056,A,furgoneta,2277.3,409.9,216.3,307.21,579.8
2025-06-01,RN-MAD-F056,A,furgoneta,1969.7,354.6,187.1,265.72,501.5
2025-07-01,RN-MAD-F056,A,furgoneta,2381.6,428.7,226.3,321.28,606.4
2025-08-01,RN-MAD-F056,A,furgoneta,1917.3,345.1,182.1,258.64,488.1
2025-09-01,RN-MAD-F056,A,furgoneta,2297.8,413.6,218.3,309.97,585.0
2025-10-01,RN-MAD-F056,A,furgoneta,2263.2,407.4,215.0,305.31,576.2
2025-11-01,RN-MAD-F056,A,furgoneta,2284.7,411.2,217.0,308.21,581.7
2025-12-01,RN-MAD-F056,A,furgoneta,2619.6,471.5,248.9,353.39,667.0
2024-01-01,RN-MAD-F057,A,furgoneta,2083.5,375.0,204.5,290.33,548.0
2024-02-01,RN-MAD-F057,A,furgoneta,1957.2,352.3,192.1,272.74,514.8
2024-03-01,RN-MAD-F057,A,furgoneta,2284.0,411.1,224.1,318.28,600.7
2024-04-01,RN-MAD-F057,A,furgoneta,2170.0,390.6,213.0,302.4,570.7
2024-05-01,RN-MAD-F057,A,furgoneta,2230.8,401.5,218.9,310.86,586.7
2024-06-01,RN-MAD-F057,A,furgoneta,2176.7,391.8,213.6,303.32,572.5
2024-07-01,RN-MAD-F057,A,furgoneta,2320.7,417.7,227.7,323.4,610.4
2024-08-01,RN-MAD-F057,A,furgoneta,1920.6,345.7,188.5,267.64,505.1
2024-09-01,RN-MAD-F057,A,furgoneta,2344.9,422.1,230.1,326.77,616.7
2024-10-01,RN-MAD-F057,A,furgoneta,2214.6,398.6,217.3,308.61,582.4
2024-11-01,RN-MAD-F057,A,furgoneta,2167.2,390.1,212.7,302.01,570.0
2024-12-01,RN-MAD-F057,A,furgoneta,2632.5,473.9,258.3,366.85,692.4
2025-01-01,RN-MAD-F057,A,furgoneta,2119.0,381.4,208.0,295.29,557.3
2025-02-01,RN-MAD-F057,A,furgoneta,2032.0,365.8,199.4,283.16,534.4
2025-03-01,RN-MAD-F057,A,furgoneta,2022.2,364.0,198.5,281.8,531.9
2025-04-01,RN-MAD-F057,A,furgoneta,2234.8,402.3,219.3,311.43,587.8
2025-05-01,RN-MAD-F057,A,furgoneta,2019.7,363.5,198.2,281.45,531.2
2025-06-01,RN-MAD-F057,A,furgoneta,2076.1,373.7,203.7,289.31,546.0
2025-07-01,RN-MAD-F057,A,furgoneta,2298.7,413.8,225.6,320.33,604.6
2025-08-01,RN-MAD-F057,A,furgoneta,1990.7,358.3,195.4,277.41,523.6
2025-09-01,RN-MAD-F057,A,furgoneta,2124.3,382.4,208.5,296.02,558.7
2025-10-01,RN-MAD-F057,A,furgoneta,1988.7,358.0,195.2,277.12,523.0
2025-11-01,RN-MAD-F057,A,furgoneta,1983.0,356.9,194.6,276.33,521.5
2025-12-01,RN-MAD-F057,A,furgoneta,2535.9,456.5,248.9,353.38,666.9
2024-01-01,RN-MAD-F058,A,furgoneta,2030.7,365.5,199.3,282.98,534.1
2024-02-01,RN-MAD-F058,A,furgoneta,2056.5,370.2,201.8,286.57,540.9
2024-03-01,RN-MAD-F058,A,furgoneta,1783.1,321.0,175.0,248.47,468.9
2024-04-01,RN-MAD-F058,A,furgoneta,2160.4,388.9,212.0,301.05,568.2
2024-05-01,RN-MAD-F058,A,furgoneta,1913.0,344.3,187.7,266.57,503.1
2024-06-01,RN-MAD-F058,A,furgoneta,2170.1,390.6,213.0,302.41,570.7
2024-07-01,RN-MAD-F058,A,furgoneta,2232.9,401.9,219.1,311.16,587.3
2024-08-01,RN-MAD-F058,A,furgoneta,2076.5,373.8,203.8,289.37,546.1
2024-09-01,RN-MAD-F058,A,furgoneta,2015.4,362.8,197.8,280.86,530.1
2024-10-01,RN-MAD-F058,A,furgoneta,2024.2,364.3,198.6,282.07,532.4
2024-11-01,RN-MAD-F058,A,furgoneta,2318.3,417.3,227.5,323.06,609.7
2024-12-01,RN-MAD-F058,A,furgoneta,2513.6,452.5,246.7,350.28,661.1
2025-01-01,RN-MAD-F058,A,furgoneta,2057.9,370.4,201.9,286.77,541.2
2025-02-01,RN-MAD-F058,A,furgoneta,1697.2,305.5,166.6,236.5,446.4
2025-03-01,RN-MAD-F058,A,furgoneta,2284.2,411.2,224.2,318.31,600.8
2025-04-01,RN-MAD-F058,A,furgoneta,1989.9,358.2,195.3,277.29,523.3
2025-05-01,RN-MAD-F058,A,furgoneta,2238.3,402.9,219.7,311.91,588.7
2025-06-01,RN-MAD-F058,A,furgoneta,1972.9,355.1,193.6,274.92,518.9
2025-07-01,RN-MAD-F058,A,furgoneta,2359.6,424.7,231.6,328.81,620.6
2025-08-01,RN-MAD-F058,A,furgoneta,1886.8,339.6,185.2,262.92,496.2
2025-09-01,RN-MAD-F058,A,furgoneta,2075.7,373.6,203.7,289.25,545.9
2025-10-01,RN-MAD-F058,A,furgoneta,2360.4,424.9,231.6,328.93,620.8
2025-11-01,RN-MAD-F058,A,furgoneta,2282.3,410.8,224.0,318.04,600.2
2025-12-01,RN-MAD-F058,A,furgoneta,2663.0,479.3,261.3,371.09,700.4
2024-01-01,RN-MAD-F059,A,furgoneta,2088.9,376.0,198.4,281.79,531.8
2024-02-01,RN-MAD-F059,A,furgoneta,2190.7,394.3,208.1,295.53,557.8
2024-03-01,RN-MAD-F059,A,furgoneta,2049.0,368.8,194.7,276.41,521.7
2024-04-01,RN-MAD-F059,A,furgoneta,2333.3,420.0,221.7,314.76,594.1
2024-05-01,RN-MAD-F059,A,furgoneta,2255.9,406.1,214.3,304.32,574.4
2024-06-01,RN-MAD-F059,A,furgoneta,2143.8,385.9,203.7,289.2,545.8
2024-07-01,RN-MAD-F059,A,furgoneta,2540.3,457.2,241.3,342.68,646.8
2024-08-01,RN-MAD-F059,A,furgoneta,2206.6,397.2,209.6,297.67,561.8
2024-09-01,RN-MAD-F059,A,furgoneta,2176.3,391.7,206.7,293.58,554.1
2024-10-01,RN-MAD-F059,A,furgoneta,2161.4,389.0,205.3,291.57,550.3
2024-11-01,RN-MAD-F059,A,furgoneta,2164.9,389.7,205.7,292.04,551.2
2024-12-01,RN-MAD-F059,A,furgoneta,2497.8,449.6,237.3,336.95,635.9
2025-01-01,RN-MAD-F059,A,furgoneta,1757.1,316.3,166.9,237.04,447.4
2025-02-01,RN-MAD-F059,A,furgoneta,2031.7,365.7,193.0,274.08,517.3
2025-03-01,RN-MAD-F059,A,furgoneta,2238.5,402.9,212.7,301.97,569.9
2025-04-01,RN-MAD-F059,A,furgoneta,2250.4,405.1,213.8,303.57,572.9
2025-05-01,RN-MAD-F059,A,furgoneta,2167.5,390.2,205.9,292.4,551.9
2025-06-01,RN-MAD-F059,A,furgoneta,2069.1,372.4,196.6,279.12,526.8
2025-07-01,RN-MAD-F059,A,furgoneta,2548.3,458.7,242.1,343.77,648.8
2025-08-01,RN-MAD-F059,A,furgoneta,1961.9,353.1,186.4,264.66,499.5
2025-09-01,RN-MAD-F059,A,furgoneta,2246.8,404.4,213.4,303.1,572.0
2025-10-01,RN-MAD-F059,A,furgoneta,2058.7,370.6,195.6,277.72,524.2
2025-11-01,RN-MAD-F059,A,furgoneta,1962.1,353.2,186.4,264.69,499.6
2025-12-01,RN-MAD-F059,A,furgoneta,2680.2,482.4,254.6,361.56,682.4
2024-01-01,RN-MAD-F060,A,furgoneta,1885.0,339.3,179.1,254.29,479.9
2024-02-01,RN-MAD-F060,A,furgoneta,1944.8,350.1,184.8,262.36,495.2
2024-03-01,RN-MAD-F060,A,furgoneta,2347.9,422.6,223.1,316.74,597.8
2024-04-01,RN-MAD-F060,A,furgoneta,2096.7,377.4,199.2,282.84,533.8
2024-05-01,RN-MAD-F060,A,furgoneta,1907.1,343.3,181.2,257.26,485.5
2024-06-01,RN-MAD-F060,A,furgoneta,1965.2,353.7,186.7,265.1,500.3
2024-07-01,RN-MAD-F060,A,furgoneta,2222.0,400.0,211.1,299.74,565.7
2024-08-01,RN-MAD-F060,A,furgoneta,2121.4,381.9,201.5,286.18,540.1
2024-09-01,RN-MAD-F060,A,furgoneta,1936.6,348.6,184.0,261.24,493.1
2024-10-01,RN-MAD-F060,A,furgoneta,2074.8,373.5,197.1,279.88,528.2
2024-11-01,RN-MAD-F060,A,furgoneta,2089.6,376.1,198.5,281.88,532.0
2024-12-01,RN-MAD-F060,A,furgoneta,2863.0,515.3,272.0,386.23,728.9
2025-01-01,RN-MAD-F060,A,furgoneta,2246.1,404.3,213.4,303.0,571.9
2025-02-01,RN-MAD-F060,A,furgoneta,1808.9,325.6,171.8,244.02,460.5
2025-03-01,RN-MAD-F060,A,furgoneta,2548.5,458.7,242.1,343.79,648.8
2025-04-01,RN-MAD-F060,A,furgoneta,1929.7,347.3,183.3,260.32,491.3
2025-05-01,RN-MAD-F060,A,furgoneta,2087.6,375.8,198.3,281.62,531.5
2025-06-01,RN-MAD-F060,A,furgoneta,2445.0,440.1,232.3,329.84,622.5
2025-07-01,RN-MAD-F060,A,furgoneta,2223.2,400.2,211.2,299.9,566.0
2025-08-01,RN-MAD-F060,A,furgoneta,2270.6,408.7,215.7,306.31,578.1
2025-09-01,RN-MAD-F060,A,furgoneta,2338.0,420.8,222.1,315.39,595.2
2025-10-01,RN-MAD-F060,A,furgoneta,2181.0,392.6,207.2,294.22,555.3
2025-11-01,RN-MAD-F060,A,furgoneta,2252.1,405.4,213.9,303.81,573.4
2025-12-01,RN-MAD-F060,A,furgoneta,2837.2,510.7,269.5,382.74,722.4
2024-01-01,RN-MAD-F061,A,furgoneta,1966.0,353.9,186.8,265.22,500.5
2024-02-01,RN-MAD-F061,A,furgoneta,1744.7,314.0,165.7,235.36,444.2
2024-03-01,RN-MAD-F061,A,furgoneta,2061.4,371.0,195.8,278.08,524.8
2024-04-01,RN-MAD-F061,A,furgoneta,2227.3,400.9,211.6,300.46,567.1
2024-05-01,RN-MAD-F061,A,furgoneta,2204.8,396.9,209.5,297.43,561.3
2024-06-01,RN-MAD-F061,A,furgoneta,2308.8,415.6,219.3,311.45,587.8
2024-07-01,RN-MAD-F061,A,furgoneta,2354.0,423.7,223.6,317.55,599.3
2024-08-01,RN-MAD-F061,A,furgoneta,1971.6,354.9,187.3,265.97,502.0
2024-09-01,RN-MAD-F061,A,furgoneta,1972.4,355.0,187.4,266.08,502.2
2024-10-01,RN-MAD-F061,A,furgoneta,2236.1,402.5,212.4,301.65,569.3
2024-11-01,RN-MAD-F061,A,furgoneta,2106.9,379.2,200.2,284.22,536.4
2024-12-01,RN-MAD-F061,A,furgoneta,2504.8,450.9,238.0,337.9,637.7
2025-01-01,RN-MAD-F061,A,furgoneta,1938.0,348.8,184.1,261.44,493.4
2025-02-01,RN-MAD-F061,A,furgoneta,2067.6,372.2,196.4,278.92,526.4
2025-03-01,RN-MAD-F061,A,furgoneta,2376.5,427.8,225.8,320.59,605.1
2025-04-01,RN-MAD-F061,A,furgoneta,2272.6,409.1,215.9,306.58,578.6
2025-05-01,RN-MAD-F061,A,furgoneta,2298.4,413.7,218.3,310.05,585.2
2025-06-01,RN-MAD-F061,A,furgoneta,2331.0,419.6,221.4,314.45,593.5
2025-07-01,RN-MAD-F061,A,furgoneta,2213.6,398.5,210.3,298.62,563.6
2025-08-01,RN-MAD-F061,A,furgoneta,2159.1,388.6,205.1,291.27,549.7
2025-09-01,RN-MAD-F061,A,furgoneta,2117.5,381.2,201.2,285.65,539.1
2025-10-01,RN-MAD-F061,A,furgoneta,2133.3,384.0,202.7,287.78,543.1
2025-11-01,RN-MAD-F061,A,furgoneta,2162.9,389.3,205.5,291.77,550.7
2025-12-01,RN-MAD-F061,A,furgoneta,2535.6,456.4,240.9,342.05,645.6
2024-01-01,RN-MAD-F062,A,furgoneta,1808.1,325.5,175.5,249.27,470.5
2024-02-01,RN-MAD-F062,A,furgoneta,1810.0,325.8,175.7,249.54,471.0
2024-03-01,RN-MAD-F062,A,furgoneta,2239.6,403.1,217.4,308.77,582.7
2024-04-01,RN-MAD-F062,A,furgoneta,1926.7,346.8,187.1,265.63,501.3
2024-05-01,RN-MAD-F062,A,furgoneta,2174.3,391.4,211.1,299.77,565.8
2024-06-01,RN-MAD-F062,A,furgoneta,1746.0,314.3,169.5,240.72,454.3
2024-07-01,RN-MAD-F062,A,furgoneta,2093.8,376.9,203.3,288.67,544.8
2024-08-01,RN-MAD-F062,A,furgoneta,2121.4,381.9,206.0,292.47,552.0
2024-09-01,RN-MAD-F062,A,furgoneta,2196.7,395.4,213.3,302.85,571.6
2024-10-01,RN-MAD-F062,A,furgoneta,2017.3,363.1,195.9,278.12,524.9
2024-11-01,RN-MAD-F062,A,furgoneta,2163.5,389.4,210.1,298.28,562.9
2024-12-01,RN-MAD-F062,A,furgoneta,2407.3,433.3,233.7,331.89,626.4
2025-01-01,RN-MAD-F062,A,furgoneta,1778.5,320.1,172.7,245.19,462.8
2025-02-01,RN-MAD-F062,A,furgoneta,2039.7,367.1,198.0,281.2,530.7
2025-03-01,RN-MAD-F062,A,furgoneta,1956.7,352.2,190.0,269.77,509.1
2025-04-01,RN-MAD-F062,A,furgoneta,2135.8,384.4,207.4,294.46,555.7
2025-05-01,RN-MAD-F062,A,furgoneta,1912.5,344.3,185.7,263.68,497.6
2025-06-01,RN-MAD-F062,A,furgoneta,2241.6,403.5,217.6,309.04,583.3
2025-07-01,RN-MAD-F062,A,furgoneta,2184.1,393.1,212.1,301.12,568.3
2025-08-01,RN-MAD-F062,A,furgoneta,2172.1,391.0,210.9,299.47,565.2
2025-09-01,RN-MAD-F062,A,furgoneta,2181.1,392.6,211.8,300.7,567.5
2025-10-01,RN-MAD-F062,A,furgoneta,2262.2,407.2,219.6,311.88,588.6
2025-11-01,RN-MAD-F062,A,furgoneta,2345.7,422.2,227.7,323.39,610.3
2025-12-01,RN-MAD-F062,A,furgoneta,2445.6,440.2,237.4,337.17,636.4
2024-01-01,RN-MAD-F063,A,furgoneta,1824.4,328.4,177.1,251.52,474.7
2024-02-01,RN-MAD-F063,A,furgoneta,2119.2,381.4,205.7,292.16,551.4
2024-03-01,RN-MAD-F063,A,furgoneta,2248.9,404.8,218.3,310.05,585.2
2024-04-01,RN-MAD-F063,A,furgoneta,2123.2,382.2,206.1,292.73,552.5
2024-05-01,RN-MAD-F063,A,furgoneta,2281.8,410.7,221.5,314.59,593.7
2024-06-01,RN-MAD-F063,A,furgoneta,2626.8,472.8,255.0,362.15,683.5
2024-07-01,RN-MAD-F063,A,furgoneta,2308.8,415.6,224.2,318.31,600.8
2024-08-01,RN-MAD-F063,A,furgoneta,2338.1,420.9,227.0,322.35,608.4
2024-09-01,RN-MAD-F063,A,furgoneta,1839.9,331.2,178.6,253.66,478.7
2024-10-01,RN-MAD-F063,A,furgoneta,2128.2,383.1,206.6,293.41,553.8
2024-11-01,RN-MAD-F063,A,furgoneta,2258.2,406.5,219.2,311.33,587.6
2024-12-01,RN-MAD-F063,A,furgoneta,3139.2,565.1,304.8,432.8,816.8
2025-01-01,RN-MAD-F063,A,furgoneta,2165.2,389.7,210.2,298.51,563.4
2025-02-01,RN-MAD-F063,A,furgoneta,2156.6,388.2,209.4,297.33,561.2
2025-03-01,RN-MAD-F063,A,furgoneta,2173.5,391.2,211.0,299.65,565.5
2025-04-01,RN-MAD-F063,A,furgoneta,2189.1,394.0,212.5,301.81,569.6
2025-05-01,RN-MAD-F063,A,furgoneta,2108.6,379.6,204.7,290.71,548.7
2025-06-01,RN-MAD-F063,A,furgoneta,2417.9,435.2,234.8,333.35,629.1
2025-07-01,RN-MAD-F063,A,furgoneta,2504.8,450.9,243.2,345.33,651.8
2025-08-01,RN-MAD-F063,A,furgoneta,2292.9,412.7,222.6,316.12,596.6
2025-09-01,RN-MAD-F063,A,furgoneta,2091.3,376.4,203.0,288.33,544.2
2025-10-01,RN-MAD-F063,A,furgoneta,2157.0,388.3,209.4,297.38,561.2
2025-11-01,RN-MAD-F063,A,furgoneta,2155.2,387.9,209.3,297.14,560.8
2025-12-01,RN-MAD-F063,A,furgoneta,2451.8,441.3,238.0,338.03,638.0
2024-01-01,RN-MAD-F064,A,furgoneta,1837.9,330.8,174.6,247.93,467.9
2024-02-01,RN-MAD-F064,A,furgoneta,1850.7,333.1,175.8,249.66,471.2
2024-03-01,RN-MAD-F064,A,furgoneta,2316.4,417.0,220.1,312.48,589.8
2024-04-01,RN-MAD-F064,A,furgoneta,2191.6,394.5,208.2,295.65,558.0
2024-05-01,RN-MAD-F064,A,furgoneta,2024.1,364.3,192.3,273.05,515.3
2024-06-01,RN-MAD-F064,A,furgoneta,2360.5,424.9,224.2,318.43,601.0
2024-07-01,RN-MAD-F064,A,furgoneta,2072.7,373.1,196.9,279.61,527.7
2024-08-01,RN-MAD-F064,A,furgoneta,2123.9,382.3,201.8,286.51,540.7
2024-09-01,RN-MAD-F064,A,furgoneta,2225.0,400.5,211.4,300.15,566.5
2024-10-01,RN-MAD-F064,A,furgoneta,2324.2,418.4,220.8,313.53,591.7
2024-11-01,RN-MAD-F064,A,furgoneta,2114.7,380.6,200.9,285.27,538.4
2024-12-01,RN-MAD-F064,A,furgoneta,2561.3,461.0,243.3,345.51,652.1
2025-01-01,RN-MAD-F064,A,furgoneta,2014.4,362.6,191.4,271.74,512.9
2025-02-01,RN-MAD-F064,A,furgoneta,1838.0,330.8,174.6,247.95,468.0
2025-03-01,RN-MAD-F064,A,furgoneta,2494.2,449.0,237.0,336.47,635.0
2025-04-01,RN-MAD-F064,A,furgoneta,2070.2,372.6,196.7,279.26,527.1
2025-05-01,RN-MAD-F064,A,furgoneta,2271.5,408.9,215.8,306.43,578.3
2025-06-01,RN-MAD-F064,A,furgoneta,2201.7,396.3,209.2,297.0,560.5
2025-07-01,RN-MAD-F064,A,furgoneta,2315.4,416.8,220.0,312.35,589.5
2025-08-01,RN-MAD-F064,A,furgoneta,2035.8,366.4,193.4,274.63,518.3
2025-09-01,RN-MAD-F064,A,furgoneta,2341.9,421.5,222.5,315.92,596.2
2025-10-01,RN-MAD-F064,A,furgoneta,2228.5,401.1,211.7,300.63,567.4
2025-11-01,RN-MAD-F064,A,furgoneta,2066.8,372.0,196.3,278.81,526.2
2025-12-01,RN-MAD-F064,A,furgoneta,2377.6,428.0,225.9,320.74,605.3
2024-01-01,RN-MAD-F065,A,furgoneta,1866.3,335.9,183.2,260.08,490.8
2024-02-01,RN-MAD-F065,A,furgoneta,1985.4,357.4,194.8,276.67,522.2
2024-03-01,RN-MAD-F065,A,furgoneta,2148.7,386.8,210.9,299.43,565.1
2024-04-01,RN-MAD-F065,A,furgoneta,2222.1,400.0,218.1,309.65,584.4
2024-05-01,RN-MAD-F065,A,furgoneta,2214.4,398.6,217.3,308.58,582.4
2024-06-01,RN-MAD-F065,A,furgoneta,2195.4,395.2,215.4,305.93,577.4
2024-07-01,RN-MAD-F065,A,furgoneta,2210.6,397.9,216.9,308.05,581.4
2024-08-01,RN-MAD-F065,A,furgoneta,2234.6,402.2,219.3,311.4,587.7
2024-09-01,RN-MAD-F065,A,furgoneta,2020.8,363.7,198.3,281.6,531.5
2024-10-01,RN-MAD-F065,A,furgoneta,2029.2,365.3,199.1,282.77,533.7
2024-11-01,RN-MAD-F065,A,furgoneta,2118.9,381.4,207.9,295.27,557.3
2024-12-01,RN-MAD-F065,A,furgoneta,2539.8,457.2,249.2,353.92,668.0
2025-01-01,RN-MAD-F065,A,furgoneta,1913.9,344.5,187.8,266.71,503.4
2025-02-01,RN-MAD-F065,A,furgoneta,1969.2,354.5,193.2,274.41,517.9
2025-03-01,RN-MAD-F065,A,furgoneta,2063.1,371.4,202.5,287.5,542.6
2025-04-01,RN-MAD-F065,A,furgoneta,1924.6,346.4,188.9,268.19,506.2
2025-05-01,RN-MAD-F065,A,furgoneta,2095.7,377.2,205.7,292.05,551.2
2025-06-01,RN-MAD-F065,A,furgoneta,2010.0,361.8,197.2,280.09,528.6
2025-07-01,RN-MAD-F065,A,furgoneta,1931.6,347.7,189.6,269.17,508.0
2025-08-01,RN-MAD-F065,A,furgoneta,2022.5,364.0,198.5,281.84,531.9
2025-09-01,RN-MAD-F065,A,furgoneta,2327.7,419.0,228.4,324.37,612.2
2025-10-01,RN-MAD-F065,A,furgoneta,2078.9,374.2,204.0,289.7,546.8
2025-11-01,RN-MAD-F065,A,furgoneta,2137.3,384.7,209.7,297.83,562.1
2025-12-01,RN-MAD-F065,A,furgoneta,2389.4,430.1,234.5,332.96,628.4
2024-01-01,RN-MAD-F066,A,furgoneta,2021.7,363.9,194.2,275.72,520.4
2024-02-01,RN-MAD-F066,A,furgoneta,1835.2,330.3,176.3,250.29,472.4
2024-03-01,RN-MAD-F066,A,furgoneta,2153.2,387.6,206.8,293.67,554.2
2024-04-01,RN-MAD-F066,A,furgoneta,2240.4,403.3,215.2,305.56,576.7
2024-05-01,RN-MAD-F066,A,furgoneta,2067.5,372.2,198.6,281.98,532.2
2024-06-01,RN-MAD-F066,A,furgoneta,2107.7,379.4,202.4,287.46,542.5
2024-07-01,RN-MAD-F066,A,furgoneta,2187.0,393.7,210.0,298.27,562.9
2024-08-01,RN-MAD-F066,A,furgoneta,2057.2,370.3,197.6,280.57,529.5
2024-09-01,RN-MAD-F066,A,furgoneta,2005.4,361.0,192.6,273.5,516.2
2024-10-01,RN-MAD-F066,A,furgoneta,2031.7,365.7,195.1,277.09,523.0
2024-11-01,RN-MAD-F066,A,furgoneta,2283.7,411.1,219.3,311.46,587.8
2024-12-01,RN-MAD-F066,A,furgoneta,2836.9,510.6,272.5,386.91,730.2
2025-01-01,RN-MAD-F066,A,furgoneta,2098.4,377.7,201.5,286.19,540.1
2025-02-01,RN-MAD-F066,A,furgoneta,1980.2,356.4,190.2,270.07,509.7
2025-03-01,RN-MAD-F066,A,furgoneta,2061.6,371.1,198.0,281.16,530.6
2025-04-01,RN-MAD-F066,A,furgoneta,2090.4,376.3,200.8,285.09,538.1
2025-05-01,RN-MAD-F066,A,furgoneta,2434.9,438.3,233.9,332.08,626.7
2025-06-01,RN-MAD-F066,A,furgoneta,2375.2,427.5,228.1,323.94,611.4
2025-07-01,RN-MAD-F066,A,furgoneta,2612.8,470.3,250.9,356.34,672.5
2025-08-01,RN-MAD-F066,A,furgoneta,1826.0,328.7,175.4,249.03,470.0
2025-09-01,RN-MAD-F066,A,furgoneta,2205.0,396.9,211.8,300.73,567.6
2025-10-01,RN-MAD-F066,A,furgoneta,1961.4,353.0,188.4,267.5,504.9
2025-11-01,RN-MAD-F066,A,furgoneta,2392.9,430.7,229.8,326.36,615.9
2025-12-01,RN-MAD-F066,A,furgoneta,2680.1,482.4,257.4,365.52,689.9
2024-01-01,RN-MAD-F067,A,furgoneta,2028.0,365.0,194.8,276.58,522.0
2024-02-01,RN-MAD-F067,A,furgoneta,1650.6,297.1,158.5,225.12,424.9
2024-03-01,RN-MAD-F067,A,furgoneta,2074.5,373.4,199.2,282.92,534.0
2024-04-01,RN-MAD-F067,A,furgoneta,2120.5,381.7,203.7,289.2,545.8
2024-05-01,RN-MAD-F067,A,furgoneta,2112.0,380.2,202.8,288.04,543.6
2024-06-01,RN-MAD-F067,A,furgoneta,2224.1,400.3,213.6,303.34,572.5
2024-07-01,RN-MAD-F067,A,furgoneta,2207.4,397.3,212.0,301.05,568.2
2024-08-01,RN-MAD-F067,A,furgoneta,1718.6,309.4,165.1,234.39,442.4
2024-09-01,RN-MAD-F067,A,furgoneta,2191.7,394.5,210.5,298.91,564.1
2024-10-01,RN-MAD-F067,A,furgoneta,1908.1,343.5,183.3,260.23,491.1
2024-11-01,RN-MAD-F067,A,furgoneta,2311.8,416.1,222.0,315.29,595.1
2024-12-01,RN-MAD-F067,A,furgoneta,2703.8,486.7,259.7,368.75,696.0
2025-01-01,RN-MAD-F067,A,furgoneta,2123.0,382.1,203.9,289.54,546.5
2025-02-01,RN-MAD-F067,A,furgoneta,2028.3,365.1,194.8,276.63,522.1
2025-03-01,RN-MAD-F067,A,furgoneta,2029.2,365.3,194.9,276.75,522.3
2025-04-01,RN-MAD-F067,A,furgoneta,2158.2,388.5,207.3,294.34,555.5
2025-05-01,RN-MAD-F067,A,furgoneta,1938.5,348.9,186.2,264.37,499.0
2025-06-01,RN-MAD-F067,A,furgoneta,2163.0,389.3,207.7,294.99,556.7
2025-07-01,RN-MAD-F067,A,furgoneta,2413.4,434.4,231.8,329.15,621.2
2025-08-01,RN-MAD-F067,A,furgoneta,2234.8,402.3,214.6,304.79,575.2
2025-09-01,RN-MAD-F067,A,furgoneta,2339.2,421.0,224.7,319.02,602.1
2025-10-01,RN-MAD-F067,A,furgoneta,2111.9,380.1,202.8,288.03,543.6
2025-11-01,RN-MAD-F067,A,furgoneta,2187.7,393.8,210.1,298.37,563.1
2025-12-01,RN-MAD-F067,A,furgoneta,2492.6,448.7,239.4,339.96,641.6
2024-01-01,RN-MAD-F068,A,furgoneta,1895.6,341.2,180.1,255.72,482.6
2024-02-01,RN-MAD-F068,A,furgoneta,1989.8,358.2,189.0,268.43,506.6
2024-03-01,RN-MAD-F068,A,furgoneta,2288.1,411.9,217.4,308.66,582.6
2024-04-01,RN-MAD-F068,A,furgoneta,1790.2,322.2,170.1,241.5,455.8
2024-05-01,RN-MAD-F068,A,furgoneta,2260.5,406.9,214.7,304.94,575.5
2024-06-01,RN-MAD-F068,A,furgoneta,2177.8,392.0,206.9,293.78,554.5
2024-07-01,RN-MAD-F068,A,furgoneta,2413.5,434.4,229.3,325.57,614.5
2024-08-01,RN-MAD-F068,A,furgoneta,2352.6,423.5,223.5,317.37,599.0
2024-09-01,RN-MAD-F068,A,furgoneta,2357.8,424.4,224.0,318.06,600.3
2024-10-01,RN-MAD-F068,A,furgoneta,2140.7,385.3,203.4,288.78,545.0
2024-11-01,RN-MAD-F068,A,furgoneta,2251.2,405.2,213.9,303.69,573.2
2024-12-01,RN-MAD-F068,A,furgoneta,2533.0,455.9,240.6,341.7,644.9
2025-01-01,RN-MAD-F068,A,furgoneta,2160.5,388.9,205.2,291.45,550.1
2025-02-01,RN-MAD-F068,A,furgoneta,1971.0,354.8,187.2,265.89,501.8
2025-03-01,RN-MAD-F068,A,furgoneta,2077.2,373.9,197.3,280.21,528.8
2025-04-01,RN-MAD-F068,A,furgoneta,2265.1,407.7,215.2,305.57,576.7
2025-05-01,RN-MAD-F068,A,furgoneta,2454.8,441.9,233.2,331.15,625.0
2025-06-01,RN-MAD-F068,A,furgoneta,2172.6,391.1,206.4,293.09,553.2
2025-07-01,RN-MAD-F068,A,furgoneta,2253.6,405.7,214.1,304.02,573.8
2025-08-01,RN-MAD-F068,A,furgoneta,2227.7,401.0,211.6,300.52,567.2
2025-09-01,RN-MAD-F068,A,furgoneta,2191.4,394.4,208.2,295.61,557.9
2025-10-01,RN-MAD-F068,A,furgoneta,2178.7,392.2,207.0,293.91,554.7
2025-11-01,RN-MAD-F068,A,furgoneta,2272.2,409.0,215.9,306.52,578.5
2025-12-01,RN-MAD-F068,A,furgoneta,2889.6,520.1,274.5,389.81,735.7
2024-01-01,RN-MAD-F069,A,furgoneta,2047.0,368.5,205.2,291.32,549.8
2024-02-01,RN-MAD-F069,A,furgoneta,1873.8,337.3,187.8,266.68,503.3
2024-03-01,RN-MAD-F069,A,furgoneta,2449.4,440.9,245.5,348.59,657.9
2024-04-01,RN-MAD-F069,A,furgoneta,2189.1,394.0,219.4,311.55,588.0
2024-05-01,RN-MAD-F069,A,furgoneta,2178.0,392.0,218.3,309.97,585.0
2024-06-01,RN-MAD-F069,A,furgoneta,2198.8,395.8,220.4,312.94,590.6
2024-07-01,RN-MAD-F069,A,furgoneta,1999.9,360.0,200.4,284.62,537.2
2024-08-01,RN-MAD-F069,A,furgoneta,2121.9,381.9,212.7,301.99,570.0
2024-09-01,RN-MAD-F069,A,furgoneta,2379.3,428.3,238.5,338.62,639.1
2024-10-01,RN-MAD-F069,A,furgoneta,2195.8,395.3,220.1,312.51,589.8
2024-11-01,RN-MAD-F069,A,furgoneta,2178.9,392.2,218.4,310.11,585.3
2024-12-01,RN-MAD-F069,A,furgoneta,2409.4,433.7,241.5,342.9,647.2
2025-01-01,RN-MAD-F069,A,furgoneta,1988.8,358.0,199.3,283.05,534.2
2025-02-01,RN-MAD-F069,A,furgoneta,1879.7,338.3,188.4,267.52,504.9
2025-03-01,RN-MAD-F069,A,furgoneta,2106.1,379.1,211.1,299.74,565.7
2025-04-01,RN-MAD-F069,A,furgoneta,2041.0,367.4,204.6,290.47,548.2
2025-05-01,RN-MAD-F069,A,furgoneta,2020.0,363.6,202.5,287.48,542.6
2025-06-01,RN-MAD-F069,A,furgoneta,2110.3,379.9,211.5,300.34,566.8
2025-07-01,RN-MAD-F069,A,furgoneta,2318.5,417.3,232.4,329.96,622.7
2025-08-01,RN-MAD-F069,A,furgoneta,2243.0,403.7,224.8,319.23,602.5
2025-09-01,RN-MAD-F069,A,furgoneta,2202.6,396.5,220.8,313.48,591.6
2025-10-01,RN-MAD-F069,A,furgoneta,2168.3,390.3,217.3,308.59,582.4
2025-11-01,RN-MAD-F069,A,furgoneta,2421.3,435.8,242.7,344.6,650.4
2025-12-01,RN-MAD-F069,A,furgoneta,2377.4,427.9,238.3,338.35,638.6
2024-01-01,RN-MAD-F070,A,furgoneta,2012.2,362.2,191.2,271.44,512.3
2024-02-01,RN-MAD-F070,A,furgoneta,1820.7,327.7,173.0,245.61,463.5
2024-03-01,RN-MAD-F070,A,furgoneta,2239.9,403.2,212.8,302.16,570.3
2024-04-01,RN-MAD-F070,A,furgoneta,2340.1,421.2,222.3,315.68,595.8
2024-05-01,RN-MAD-F070,A,furgoneta,1988.0,357.8,188.9,268.19,506.2
2024-06-01,RN-MAD-F070,A,furgoneta,2206.4,397.1,209.6,297.64,561.7
2024-07-01,RN-MAD-F070,A,furgoneta,2470.5,444.7,234.7,333.28,629.0
2024-08-01,RN-MAD-F070,A,furgoneta,2105.9,379.1,200.1,284.09,536.2
2024-09-01,RN-MAD-F070,A,furgoneta,2245.5,404.2,213.3,302.91,571.7
2024-10-01,RN-MAD-F070,A,furgoneta,1959.2,352.7,186.1,264.29,498.8
2024-11-01,RN-MAD-F070,A,furgoneta,2072.7,373.1,196.9,279.61,527.7
2024-12-01,RN-MAD-F070,A,furgoneta,2350.6,423.1,223.3,317.09,598.5
2025-01-01,RN-MAD-F070,A,furgoneta,2008.4,361.5,190.8,270.93,511.3
2025-02-01,RN-MAD-F070,A,furgoneta,1826.4,328.7,173.5,246.38,465.0
2025-03-01,RN-MAD-F070,A,furgoneta,1924.4,346.4,182.8,259.6,489.9
2025-04-01,RN-MAD-F070,A,furgoneta,2239.4,403.1,212.7,302.09,570.1
2025-05-01,RN-MAD-F070,A,furgoneta,2200.6,396.1,209.1,296.86,560.3
2025-06-01,RN-MAD-F070,A,furgoneta,2098.3,377.7,199.3,283.06,534.2
2025-07-01,RN-MAD-F070,A,furgoneta,2144.2,386.0,203.7,289.26,545.9
2025-08-01,RN-MAD-F070,A,furgoneta,1876.8,337.8,178.3,253.19,477.8
2025-09-01,RN-MAD-F070,A,furgoneta,2109.3,379.7,200.4,284.54,537.0
2025-10-01,RN-MAD-F070,A,furgoneta,2022.0,364.0,192.1,272.77,514.8
2025-11-01,RN-MAD-F070,A,furgoneta,2153.6,387.7,204.6,290.53,548.3
2025-12-01,RN-MAD-F070,A,furgoneta,2658.1,478.5,252.5,358.58,676.7
2024-01-01,RN-MAD-F071,A,furgoneta,1926.2,346.7,187.0,265.56,501.2
2024-02-01,RN-MAD-F071,A,furgoneta,2026.0,364.7,196.7,279.32,527.2
2024-03-01,RN-MAD-F071,A,furgoneta,2098.9,377.8,203.8,289.37,546.1
2024-04-01,RN-MAD-F071,A,furgoneta,2280.0,410.4,221.4,314.33,593.2
2024-05-01,RN-MAD-F071,A,furgoneta,2158.7,388.6,209.6,297.62,561.7
2024-06-01,RN-MAD-F071,A,furgoneta,1986.5,357.6,192.9,273.88,516.9
2024-07-01,RN-MAD-F071,A,furgoneta,2240.1,403.2,217.5,308.84,582.9
2024-08-01,RN-MAD-F071,A,furgoneta,2281.1,410.6,221.5,314.49,593.5
2024-09-01,RN-MAD-F071,A,furgoneta,2393.6,430.9,232.4,330.01,622.8
2024-10-01,RN-MAD-F071,A,furgoneta,1796.6,323.4,174.4,247.7,467.5
2024-11-01,RN-MAD-F071,A,furgoneta,2224.1,400.3,215.9,306.63,578.7
2024-12-01,RN-MAD-F071,A,furgoneta,2328.1,419.1,226.0,320.97,605.8
2025-01-01,RN-MAD-F071,A,furgoneta,1896.1,341.3,184.1,261.41,493.4
2025-02-01,RN-MAD-F071,A,furgoneta,1900.0,342.0,184.5,261.95,494.4
2025-03-01,RN-MAD-F071,A,furgoneta,2227.7,401.0,216.3,307.13,579.7
2025-04-01,RN-MAD-F071,A,furgoneta,2184.5,393.2,212.1,301.17,568.4
2025-05-01,RN-MAD-F071,A,furgoneta,1890.7,340.3,183.6,260.67,492.0
2025-06-01,RN-MAD-F071,A,furgoneta,2154.7,387.8,209.2,297.06,560.6
2025-07-01,RN-MAD-F071,A,furgoneta,2397.8,431.6,232.8,330.58,623.9
2025-08-01,RN-MAD-F071,A,furgoneta,2059.1,370.6,199.9,283.89,535.8
2025-09-01,RN-MAD-F071,A,furgoneta,2308.5,415.5,224.1,318.27,600.7
2025-10-01,RN-MAD-F071,A,furgoneta,2294.0,412.9,222.7,316.27,596.9
2025-11-01,RN-MAD-F071,A,furgoneta,2160.0,388.8,209.7,297.79,562.0
2025-12-01,RN-MAD-F071,A,furgoneta,2387.0,429.7,231.8,329.09,621.1
2024-01-01,RN-MAD-F072,A,furgoneta,2067.9,372.2,198.6,282.03,532.3
2024-02-01,RN-MAD-F072,A,furgoneta,1979.8,356.4,190.1,270.01,509.6
2024-03-01,RN-MAD-F072,A,furgoneta,2175.0,391.5,208.9,296.63,559.8
2024-04-01,RN-MAD-F072,A,furgoneta,2256.1,406.1,216.7,307.69,580.7
2024-05-01,RN-MAD-F072,A,furgoneta,2293.7,412.9,220.3,312.83,590.4
2024-06-01,RN-MAD-F072,A,furgoneta,2333.2,420.0,224.1,318.21,600.6
2024-07-01,RN-MAD-F072,A,furgoneta,2319.1,417.4,222.7,316.29,596.9
2024-08-01,RN-MAD-F072,A,furgoneta,2110.6,379.9,202.7,287.86,543.3
2024-09-01,RN-MAD-F072,A,furgoneta,2068.5,372.3,198.7,282.11,532.4
2024-10-01,RN-MAD-F072,A,furgoneta,2267.3,408.1,217.8,309.22,583.6
2024-11-01,RN-MAD-F072,A,furgoneta,2185.8,393.4,209.9,298.11,562.6
2024-12-01,RN-MAD-F072,A,furgoneta,2494.3,449.0,239.6,340.18,642.0
2025-01-01,RN-MAD-F072,A,furgoneta,1997.9,359.6,191.9,272.49,514.3
2025-02-01,RN-MAD-F072,A,furgoneta,2121.8,381.9,203.8,289.38,546.1
2025-03-01,RN-MAD-F072,A,furgoneta,2213.8,398.5,212.6,301.92,569.8
2025-04-01,RN-MAD-F072,A,furgoneta,2351.8,423.3,225.9,320.75,605.4
2025-05-01,RN-MAD-F072,A,furgoneta,2029.6,365.3,194.9,276.8,522.4
2025-06-01,RN-MAD-F072,A,furgoneta,2136.9,384.6,205.2,291.44,550.0
2025-07-01,RN-MAD-F072,A,furgoneta,2455.4,442.0,235.8,334.88,632.0
2025-08-01,RN-MAD-F072,A,furgoneta,1959.6,352.7,188.2,267.25,504.4
2025-09-01,RN-MAD-F072,A,furgoneta,2484.0,447.1,238.6,338.78,639.4
2025-10-01,RN-MAD-F072,A,furgoneta,2309.6,415.7,221.8,315.0,594.5
2025-11-01,RN-MAD-F072,A,furgoneta,2100.4,378.1,201.7,286.45,540.6
2025-12-01,RN-MAD-F072,A,furgoneta,2604.8,468.9,250.2,355.26,670.5
2024-01-01,RN-MAD-F073,A,furgoneta,1827.2,328.9,173.6,246.49,465.2
2024-02-01,RN-MAD-F073,A,furgoneta,1924.9,346.5,182.9,259.67,490.1
2024-03-01,RN-MAD-F073,A,furgoneta,2010.4,361.9,191.0,271.2,511.8
2024-04-01,RN-MAD-F073,A,furgoneta,2099.6,377.9,199.5,283.23,534.5
2024-05-01,RN-MAD-F073,A,furgoneta,2207.2,397.3,209.7,297.75,561.9
2024-06-01,RN-MAD-F073,A,furgoneta,2175.8,391.6,206.7,293.52,554.0
2024-07-01,RN-MAD-F073,A,furgoneta,2254.2,405.8,214.1,304.09,573.9
2024-08-01,RN-MAD-F073,A,furgoneta,1982.7,356.9,188.4,267.47,504.8
2024-09-01,RN-MAD-F073,A,furgoneta,2305.1,414.9,219.0,310.95,586.9
2024-10-01,RN-MAD-F073,A,furgoneta,1970.5,354.7,187.2,265.82,501.7
2024-11-01,RN-MAD-F073,A,furgoneta,2400.0,432.0,228.0,323.76,611.0
2024-12-01,RN-MAD-F073,A,furgoneta,2394.2,431.0,227.5,322.98,609.6
2025-01-01,RN-MAD-F073,A,furgoneta,1928.1,347.1,183.2,260.11,490.9
2025-02-01,RN-MAD-F073,A,furgoneta,2054.9,369.9,195.2,277.2,523.2
2025-03-01,RN-MAD-F073,A,furgoneta,2061.9,371.1,195.9,278.15,525.0
2025-04-01,RN-MAD-F073,A,furgoneta,2310.8,415.9,219.5,311.73,588.3
2025-05-01,RN-MAD-F073,A,furgoneta,2131.4,383.7,202.5,287.53,542.7
2025-06-01,RN-MAD-F073,A,furgoneta,2277.3,409.9,216.3,307.2,579.8
2025-07-01,RN-MAD-F073,A,furgoneta,2472.2,445.0,234.9,333.5,629.4
2025-08-01,RN-MAD-F073,A,furgoneta,2026.4,364.8,192.5,273.36,515.9
2025-09-01,RN-MAD-F073,A,furgoneta,2167.7,390.2,205.9,292.42,551.9
2025-10-01,RN-MAD-F073,A,furgoneta,2039.7,367.1,193.8,275.16,519.3
2025-11-01,RN-MAD-F073,A,furgoneta,2008.0,361.4,190.8,270.88,511.2
2025-12-01,RN-MAD-F073,A,furgoneta,2613.6,470.4,248.3,352.57,665.4
2024-01-01,RN-MAD-F074,A,furgoneta,1812.2,326.2,174.1,247.16,466.5
2024-02-01,RN-MAD-F074,A,furgoneta,1777.7,320.0,170.7,242.45,457.6
2024-03-01,RN-MAD-F074,A,furgoneta,2187.1,393.7,210.1,298.29,563.0
2024-04-01,RN-MAD-F074,A,furgoneta,2435.0,438.3,233.9,332.09,626.8
2024-05-01,RN-MAD-F074,A,furgoneta,2207.9,397.4,212.1,301.12,568.3
2024-06-01,RN-MAD-F074,A,furgoneta,2250.9,405.2,216.2,306.99,579.4
2024-07-01,RN-MAD-F074,A,furgoneta,2567.0,462.1,246.5,350.09,660.7
2024-08-01,RN-MAD-F074,A,furgoneta,1955.9,352.1,187.9,266.75,503.4
2024-09-01,RN-MAD-F074,A,furgoneta,2434.6,438.2,233.8,332.04,626.7
2024-10-01,RN-MAD-F074,A,furgoneta,2056.0,370.1,197.5,280.41,529.2
2024-11-01,RN-MAD-F074,A,furgoneta,2473.1,445.2,237.5,337.3,636.6
2024-12-01,RN-MAD-F074,A,furgoneta,2599.6,467.9,249.7,354.54,669.1
2025-01-01,RN-MAD-F074,A,furgoneta,2066.0,371.9,198.4,281.78,531.8
2025-02-01,RN-MAD-F074,A,furgoneta,2109.3,379.7,202.6,287.68,542.9
2025-03-01,RN-MAD-F074,A,furgoneta,2249.8,405.0,216.1,306.84,579.1
2025-04-01,RN-MAD-F074,A,furgoneta,2269.9,408.6,218.0,309.58,584.3
2025-05-01,RN-MAD-F074,A,furgoneta,2253.4,405.6,216.4,307.32,580.0
2025-06-01,RN-MAD-F074,A,furgoneta,2274.8,409.5,218.5,310.24,585.5
2025-07-01,RN-MAD-F074,A,furgoneta,2527.3,454.9,242.7,344.69,650.5
2025-08-01,RN-MAD-F074,A,furgoneta,2283.2,411.0,219.3,311.39,587.7
2025-09-01,RN-MAD-F074,A,furgoneta,1931.7,347.7,185.5,263.46,497.2
2025-10-01,RN-MAD-F074,A,furgoneta,2256.3,406.1,216.7,307.73,580.8
2025-11-01,RN-MAD-F074,A,furgoneta,2558.8,460.6,245.8,348.98,658.6
2025-12-01,RN-MAD-F074,A,furgoneta,2369.8,426.6,227.6,323.21,610.0
2024-01-01,RN-MAD-F075,A,furgoneta,1752.3,315.4,175.6,249.39,470.7
2024-02-01,RN-MAD-F075,A,furgoneta,2223.5,400.2,222.8,316.44,597.2
2024-03-01,RN-MAD-F075,A,furgoneta,2044.8,368.1,204.9,291.02,549.3
2024-04-01,RN-MAD-F075,A,furgoneta,2241.2,403.4,224.6,318.96,602.0
2024-05-01,RN-MAD-F075,A,furgoneta,2243.1,403.8,224.8,319.24,602.5
2024-06-01,RN-MAD-F075,A,furgoneta,2024.7,364.4,202.9,288.15,543.8
2024-07-01,RN-MAD-F075,A,furgoneta,2117.9,381.2,212.3,301.41,568.9
2024-08-01,RN-MAD-F075,A,furgoneta,1816.5,327.0,182.1,258.52,487.9
2024-09-01,RN-MAD-F075,A,furgoneta,2205.1,396.9,221.0,313.83,592.3
2024-10-01,RN-MAD-F075,A,furgoneta,2154.7,387.8,216.0,306.66,578.8
2024-11-01,RN-MAD-F075,A,furgoneta,2033.0,365.9,203.8,289.34,546.1
2024-12-01,RN-MAD-F075,A,furgoneta,2694.6,485.0,270.1,383.49,723.8
2025-01-01,RN-MAD-F075,A,furgoneta,2062.3,371.2,206.7,293.51,554.0
2025-02-01,RN-MAD-F075,A,furgoneta,1875.3,337.6,188.0,266.9,503.7
2025-03-01,RN-MAD-F075,A,furgoneta,2157.4,388.3,216.2,307.05,579.5
2025-04-01,RN-MAD-F075,A,furgoneta,2072.5,373.1,207.7,294.96,556.7
2025-05-01,RN-MAD-F075,A,furgoneta,2410.9,434.0,241.6,343.12,647.6
2025-06-01,RN-MAD-F075,A,furgoneta,2230.8,401.5,223.6,317.49,599.2
2025-07-01,RN-MAD-F075,A,furgoneta,2080.8,374.5,208.6,296.14,558.9
2025-08-01,RN-MAD-F075,A,furgoneta,2063.3,371.4,206.8,293.65,554.2
2025-09-01,RN-MAD-F075,A,furgoneta,2203.4,396.6,220.8,313.58,591.8
2025-10-01,RN-MAD-F075,A,furgoneta,2126.1,382.7,213.1,302.59,571.1
2025-11-01,RN-MAD-F075,A,furgoneta,2157.8,388.4,216.3,307.09,579.6
2025-12-01,RN-MAD-F075,A,furgoneta,3118.7,561.4,312.6,443.85,837.7
2024-01-01,RN-MAD-F076,A,furgoneta,1974.6,355.4,193.8,275.16,519.3
2024-02-01,RN-MAD-F076,A,furgoneta,1903.4,342.6,186.8,265.24,500.6
2024-03-01,RN-MAD-F076,A,furgoneta,2052.1,369.4,201.4,285.97,539.7
2024-04-01,RN-MAD-F076,A,furgoneta,1936.0,348.5,190.0,269.79,509.2
2024-05-01,RN-MAD-F076,A,furgoneta,2105.2,378.9,206.6,293.37,553.7
2024-06-01,RN-MAD-F076,A,furgoneta,2273.2,409.2,223.1,316.78,597.9
2024-07-01,RN-MAD-F076,A,furgoneta,2185.4,393.4,214.5,304.54,574.8
2024-08-01,RN-MAD-F076,A,furgoneta,1937.4,348.7,190.1,269.98,509.5
2024-09-01,RN-MAD-F076,A,furgoneta,2147.2,386.5,210.7,299.21,564.7
2024-10-01,RN-MAD-F076,A,furgoneta,2260.7,406.9,221.9,315.04,594.6
2024-11-01,RN-MAD-F076,A,furgoneta,2145.6,386.2,210.6,298.99,564.3
2024-12-01,RN-MAD-F076,A,furgoneta,2869.1,516.4,281.6,399.81,754.6
2025-01-01,RN-MAD-F076,A,furgoneta,1963.0,353.3,192.6,273.54,516.3
2025-02-01,RN-MAD-F076,A,furgoneta,1987.3,357.7,195.0,276.93,522.7
2025-03-01,RN-MAD-F076,A,furgoneta,1881.4,338.6,184.6,262.17,494.8
2025-04-01,RN-MAD-F076,A,furgoneta,2142.8,385.7,210.3,298.6,563.6
2025-05-01,RN-MAD-F076,A,furgoneta,2283.2,411.0,224.1,318.17,600.5
2025-06-01,RN-MAD-F076,A,furgoneta,2040.6,367.3,200.3,284.36,536.7
2025-07-01,RN-MAD-F076,A,furgoneta,2180.7,392.5,214.0,303.89,573.5
2025-08-01,RN-MAD-F076,A,furgoneta,1890.3,340.2,185.5,263.41,497.1
2025-09-01,RN-MAD-F076,A,furgoneta,2203.8,396.7,216.3,307.11,579.6
2025-10-01,RN-MAD-F076,A,furgoneta,2360.1,424.8,231.6,328.88,620.7
2025-11-01,RN-MAD-F076,A,furgoneta,2225.9,400.7,218.4,310.19,585.4
2025-12-01,RN-MAD-F076,A,furgoneta,2850.9,513.2,279.8,397.28,749.8
2024-01-01,RN-MAD-F077,A,furgoneta,1868.2,336.3,177.5,252.03,475.7
2024-02-01,RN-MAD-F077,A,furgoneta,2096.9,377.4,199.2,282.88,533.9
2024-03-01,RN-MAD-F077,A,furgoneta,2026.2,364.7,192.5,273.34,515.9
2024-04-01,RN-MAD-F077,A,furgoneta,2223.7,400.3,211.3,299.98,566.2
2024-05-01,RN-MAD-F077,A,furgoneta,2174.8,391.5,206.6,293.38,553.7
2024-06-01,RN-MAD-F077,A,furgoneta,2269.2,408.5,215.6,306.12,577.7
2024-07-01,RN-MAD-F077,A,furgoneta,2442.0,439.6,232.0,329.43,621.7
2024-08-01,RN-MAD-F077,A,furgoneta,2184.1,393.1,207.5,294.64,556.1
2024-09-01,RN-MAD-F077,A,furgoneta,2113.4,380.4,200.8,285.09,538.1
2024-10-01,RN-MAD-F077,A,furgoneta,2044.2,367.9,194.2,275.76,520.4
2024-11-01,RN-MAD-F077,A,furgoneta,2367.3,426.1,224.9,319.35,602.7
2024-12-01,RN-MAD-F077,A,furgoneta,2168.0,390.2,206.0,292.46,552.0
2025-01-01,RN-MAD-F077,A,furgoneta,1767.7,318.2,167.9,238.46,450.1
2025-02-01,RN-MAD-F077,A,furgoneta,1941.9,349.5,184.5,261.96,494.4
2025-03-01,RN-MAD-F077,A,furgoneta,2129.2,383.3,202.3,287.23,542.1
2025-04-01,RN-MAD-F077,A,furgoneta,1908.7,343.6,181.3,257.48,486.0
2025-05-01,RN-MAD-F077,A,furgoneta,2206.9,397.2,209.7,297.71,561.9
2025-06-01,RN-MAD-F077,A,furgoneta,2249.0,404.8,213.7,303.39,572.6
2025-07-01,RN-MAD-F077,A,furgoneta,2195.4,395.2,208.6,296.16,559.0
2025-08-01,RN-MAD-F077,A,furgoneta,2054.0,369.7,195.1,277.08,522.9
2025-09-01,RN-MAD-F077,A,furgoneta,2304.7,414.9,218.9,310.91,586.8
2025-10-01,RN-MAD-F077,A,furgoneta,2032.5,365.8,193.1,274.18,517.5
2025-11-01,RN-MAD-F077,A,furgoneta,2327.2,418.9,221.1,313.94,592.5
2025-12-01,RN-MAD-F077,A,furgoneta,2641.2,475.4,250.9,356.3,672.4
2024-01-01,RN-MAD-F078,A,furgoneta,1960.6,352.9,186.3,264.49,499.2
2024-02-01,RN-MAD-F078,A,furgoneta,1879.6,338.3,178.6,253.56,478.5
2024-03-01,RN-MAD-F078,A,furgoneta,2209.7,397.7,209.9,298.09,562.6
2024-04-01,RN-MAD-F078,A,furgoneta,2341.0,421.4,222.4,315.8,596.0
2024-05-01,RN-MAD-F078,A,furgoneta,2151.3,387.2,204.4,290.21,547.7
2024-06-01,RN-MAD-F078,A,furgoneta,1919.9,345.6,182.4,258.99,488.8
2024-07-01,RN-MAD-F078,A,furgoneta,2157.6,388.4,205.0,291.07,549.3
2024-08-01,RN-MAD-F078,A,furgoneta,2356.2,424.1,223.8,317.86,599.9
2024-09-01,RN-MAD-F078,A,furgoneta,2398.7,431.8,227.9,323.58,610.7
2024-10-01,RN-MAD-F078,A,furgoneta,2334.4,420.2,221.8,314.91,594.3
2024-11-01,RN-MAD-F078,A,furgoneta,2299.2,413.9,218.4,310.17,585.4
2024-12-01,RN-MAD-F078,A,furgoneta,2568.6,462.3,244.0,346.5,654.0
2025-01-01,RN-MAD-F078,A,furgoneta,1738.2,312.9,165.1,234.48,442.5
2025-02-01,RN-MAD-F078,A,furgoneta,2072.7,373.1,196.9,279.61,527.7
2025-03-01,RN-MAD-F078,A,furgoneta,2089.6,376.1,198.5,281.89,532.0
2025-04-01,RN-MAD-F078,A,furgoneta,2059.7,370.8,195.7,277.86,524.4
2025-05-01,RN-MAD-F078,A,furgoneta,2230.7,401.5,211.9,300.92,567.9
2025-06-01,RN-MAD-F078,A,furgoneta,1919.4,345.5,182.3,258.92,488.7
2025-07-01,RN-MAD-F078,A,furgoneta,2025.9,364.7,192.5,273.29,515.8
2025-08-01,RN-MAD-F078,A,furgoneta,2131.4,383.6,202.5,287.52,542.6
2025-09-01,RN-MAD-F078,A,furgoneta,2200.5,396.1,209.1,296.85,560.3
2025-10-01,RN-MAD-F078,A,furgoneta,2248.1,404.7,213.6,303.27,572.4
2025-11-01,RN-MAD-F078,A,furgoneta,2039.2,367.1,193.7,275.09,519.2
2025-12-01,RN-MAD-F078,A,furgoneta,2624.6,472.4,249.3,354.06,668.2
2024-01-01,RN-MAD-F079,A,furgoneta,2163.2,389.4,210.0,298.24,562.9
2024-02-01,RN-MAD-F079,A,furgoneta,1861.7,335.1,180.8,256.67,484.4
2024-03-01,RN-MAD-F079,A,furgoneta,2050.7,369.1,199.1,282.73,533.6
2024-04-01,RN-MAD-F079,A,furgoneta,2409.4,433.7,233.9,332.18,626.9
2024-05-01,RN-MAD-F079,A,furgoneta,1916.9,345.0,186.1,264.28,498.8
2024-06-01,RN-MAD-F079,A,furgoneta,2578.1,464.1,250.3,355.44,670.8
2024-07-01,RN-MAD-F079,A,furgoneta,2615.7,470.8,254.0,360.62,680.6
2024-08-01,RN-MAD-F079,A,furgoneta,2039.1,367.0,198.0,281.13,530.6
2024-09-01,RN-MAD-F079,A,furgoneta,2157.1,388.3,209.4,297.4,561.3
2024-10-01,RN-MAD-F079,A,furgoneta,2333.4,420.0,226.5,321.7,607.2
2024-11-01,RN-MAD-F079,A,furgoneta,2151.5,387.3,208.9,296.62,559.8
2024-12-01,RN-MAD-F079,A,furgoneta,2500.4,450.1,242.8,344.73,650.6
2025-01-01,RN-MAD-F079,A,furgoneta,2102.6,378.5,204.1,289.88,547.1
2025-02-01,RN-MAD-F079,A,furgoneta,1792.9,322.7,174.1,247.19,466.5
2025-03-01,RN-MAD-F079,A,furgoneta,2018.9,363.4,196.0,278.34,525.3
2025-04-01,RN-MAD-F079,A,furgoneta,2311.7,416.1,224.4,318.71,601.5
2025-05-01,RN-MAD-F079,A,furgoneta,2001.7,360.3,194.3,275.98,520.9
2025-06-01,RN-MAD-F079,A,furgoneta,2119.3,381.5,205.8,292.18,551.4
2025-07-01,RN-MAD-F079,A,furgoneta,2203.9,396.7,214.0,303.85,573.5
2025-08-01,RN-MAD-F079,A,furgoneta,2046.8,368.4,198.7,282.19,532.6
2025-09-01,RN-MAD-F079,A,furgoneta,2296.2,413.3,222.9,316.58,597.5
2025-10-01,RN-MAD-F079,A,furgoneta,2316.3,416.9,224.9,319.34,602.7
2025-11-01,RN-MAD-F079,A,furgoneta,2048.2,368.7,198.9,282.38,532.9
2025-12-01,RN-MAD-F079,A,furgoneta,2475.9,445.7,240.4,341.35,644.2
2024-01-01,RN-MAD-F080,A,furgoneta,1889.6,340.1,179.5,254.91,481.1
2024-02-01,RN-MAD-F080,A,furgoneta,2014.4,362.6,191.4,271.74,512.9
2024-03-01,RN-MAD-F080,A,furgoneta,2266.9,408.0,215.4,305.8,577.1
2024-04-01,RN-MAD-F080,A,furgoneta,1858.8,334.6,176.6,250.75,473.3
2024-05-01,RN-MAD-F080,A,furgoneta,2262.4,407.2,214.9,305.19,576.0
2024-06-01,RN-MAD-F080,A,furgoneta,2357.0,424.3,223.9,317.96,600.1
2024-07-01,RN-MAD-F080,A,furgoneta,2429.6,437.3,230.8,327.75,618.6
2024-08-01,RN-MAD-F080,A,furgoneta,2123.9,382.3,201.8,286.51,540.7
2024-09-01,RN-MAD-F080,A,furgoneta,2020.9,363.8,192.0,272.63,514.5
2024-10-01,RN-MAD-F080,A,furgoneta,2105.5,379.0,200.0,284.04,536.1
2024-11-01,RN-MAD-F080,A,furgoneta,1963.3,353.4,186.5,264.84,499.8
2024-12-01,RN-MAD-F080,A,furgoneta,2476.7,445.8,235.3,334.11,630.6
2025-01-01,RN-MAD-F080,A,furgoneta,1948.1,350.7,185.1,262.8,496.0
2025-02-01,RN-MAD-F080,A,furgoneta,1691.7,304.5,160.7,228.21,430.7
2025-03-01,RN-MAD-F080,A,furgoneta,2256.7,406.2,214.4,304.43,574.6
2025-04-01,RN-MAD-F080,A,furgoneta,2365.3,425.8,224.7,319.08,602.2
2025-05-01,RN-MAD-F080,A,furgoneta,2397.0,431.5,227.7,323.36,610.3
2025-06-01,RN-MAD-F080,A,furgoneta,1942.1,349.6,184.5,261.99,494.5
2025-07-01,RN-MAD-F080,A,furgoneta,2122.6,382.1,201.7,286.34,540.4
2025-08-01,RN-MAD-F080,A,furgoneta,2013.2,362.4,191.3,271.58,512.6
2025-09-01,RN-MAD-F080,A,furgoneta,2089.5,376.1,198.5,281.88,532.0
2025-10-01,RN-MAD-F080,A,furgoneta,2125.0,382.5,201.9,286.66,541.0
2025-11-01,RN-MAD-F080,A,furgoneta,2131.1,383.6,202.5,287.48,542.6
2025-12-01,RN-MAD-F080,A,furgoneta,2179.2,392.3,207.0,293.97,554.8
2024-01-01,RN-MAD-F081,A,furgoneta,2031.2,365.6,199.3,283.05,534.2
2024-02-01,RN-MAD-F081,A,furgoneta,1791.0,322.4,175.8,249.58,471.0
2024-03-01,RN-MAD-F081,A,furgoneta,2068.9,372.4,203.0,288.31,544.1
2024-04-01,RN-MAD-F081,A,furgoneta,2056.6,370.2,201.8,286.59,540.9
2024-05-01,RN-MAD-F081,A,furgoneta,2105.8,379.0,206.7,293.44,553.8
2024-06-01,RN-MAD-F081,A,furgoneta,2074.7,373.5,203.6,289.12,545.7
2024-07-01,RN-MAD-F081,A,furgoneta,2417.6,435.2,237.3,336.9,635.8
2024-08-01,RN-MAD-F081,A,furgoneta,2191.3,394.4,215.0,305.35,576.3
2024-09-01,RN-MAD-F081,A,furgoneta,2116.0,380.9,207.7,294.87,556.5
2024-10-01,RN-MAD-F081,A,furgoneta,2135.5,384.4,209.6,297.59,561.6
2024-11-01,RN-MAD-F081,A,furgoneta,2288.8,412.0,224.6,318.94,601.9
2024-12-01,RN-MAD-F081,A,furgoneta,2603.8,468.7,255.5,362.85,684.8
2025-01-01,RN-MAD-F081,A,furgoneta,1980.5,356.5,194.4,275.99,520.9
2025-02-01,RN-MAD-F081,A,furgoneta,2184.5,393.2,214.4,304.41,574.5
2025-03-01,RN-MAD-F081,A,furgoneta,2090.2,376.2,205.1,291.27,549.7
2025-04-01,RN-MAD-F081,A,furgoneta,2136.4,384.6,209.7,297.72,561.9
2025-05-01,RN-MAD-F081,A,furgoneta,2385.6,429.4,234.1,332.44,627.4
2025-06-01,RN-MAD-F081,A,furgoneta,1791.8,322.5,175.8,249.69,471.2
2025-07-01,RN-MAD-F081,A,furgoneta,2425.1,436.5,238.0,337.94,637.8
2025-08-01,RN-MAD-F081,A,furgoneta,2084.1,375.1,204.5,290.43,548.1
2025-09-01,RN-MAD-F081,A,furgoneta,2118.8,381.4,207.9,295.26,557.3
2025-10-01,RN-MAD-F081,A,furgoneta,2205.2,396.9,216.4,307.3,580.0
2025-11-01,RN-MAD-F081,A,furgoneta,2007.4,361.3,197.0,279.73,527.9
2025-12-01,RN-MAD-F081,A,furgoneta,2685.2,483.3,263.5,374.19,706.2
2024-01-01,RN-MAD-F082,A,furgoneta,1928.7,347.2,183.2,260.18,491.0
2024-02-01,RN-MAD-F082,A,furgoneta,1737.3,312.7,165.0,234.36,442.3
2024-03-01,RN-MAD-F082,A,furgoneta,1900.7,342.1,180.6,256.4,483.9
2024-04-01,RN-MAD-F082,A,furgoneta,2227.3,400.9,211.6,300.46,567.1
2024-05-01,RN-MAD-F082,A,furgoneta,2321.6,417.9,220.5,313.18,591.1
2024-06-01,RN-MAD-F082,A,furgoneta,2108.5,379.5,200.3,284.44,536.8
2024-07-01,RN-MAD-F082,A,furgoneta,2162.0,389.2,205.4,291.65,550.4
2024-08-01,RN-MAD-F082,A,furgoneta,1933.9,348.1,183.7,260.89,492.4
2024-09-01,RN-MAD-F082,A,furgoneta,2065.5,371.8,196.2,278.63,525.9
2024-10-01,RN-MAD-F082,A,furgoneta,2363.6,425.5,224.5,318.85,601.8
2024-11-01,RN-MAD-F082,A,furgoneta,2093.9,376.9,198.9,282.47,533.1
2024-12-01,RN-MAD-F082,A,furgoneta,2766.3,497.9,262.8,373.18,704.3
2025-01-01,RN-MAD-F082,A,furgoneta,2016.4,362.9,191.6,272.01,513.4
2025-02-01,RN-MAD-F082,A,furgoneta,2077.1,373.9,197.3,280.2,528.8
2025-03-01,RN-MAD-F082,A,furgoneta,2183.3,393.0,207.4,294.52,555.9
2025-04-01,RN-MAD-F082,A,furgoneta,2458.0,442.4,233.5,331.59,625.8
2025-05-01,RN-MAD-F082,A,furgoneta,2431.4,437.7,231.0,328.0,619.0
2025-06-01,RN-MAD-F082,A,furgoneta,2207.2,397.3,209.7,297.75,562.0
2025-07-01,RN-MAD-F082,A,furgoneta,2117.6,381.2,201.2,285.66,539.1
2025-08-01,RN-MAD-F082,A,furgoneta,2261.2,407.0,214.8,305.04,575.7
2025-09-01,RN-MAD-F082,A,furgoneta,1899.7,341.9,180.5,256.27,483.7
2025-10-01,RN-MAD-F082,A,furgoneta,2117.4,381.1,201.2,285.64,539.1
2025-11-01,RN-MAD-F082,A,furgoneta,2287.1,411.7,217.3,308.53,582.3
2025-12-01,RN-MAD-F082,A,furgoneta,2701.0,486.2,256.6,364.36,687.7
2024-01-01,RN-MAD-F083,A,furgoneta,1864.3,335.6,186.9,265.33,500.8
2024-02-01,RN-MAD-F083,A,furgoneta,2171.0,390.8,217.6,308.98,583.1
2024-03-01,RN-MAD-F083,A,furgoneta,2069.4,372.5,207.4,294.51,555.8
2024-04-01,RN-MAD-F083,A,furgoneta,1985.9,357.5,199.0,282.64,533.4
2024-05-01,RN-MAD-F083,A,furgoneta,2382.7,428.9,238.8,339.11,640.0
2024-06-01,RN-MAD-F083,A,furgoneta,2019.5,363.5,202.4,287.41,542.4
2024-07-01,RN-MAD-F083,A,furgoneta,2167.6,390.2,217.2,308.49,582.2
2024-08-01,RN-MAD-F083,A,furgoneta,2045.6,368.2,205.0,291.13,549.5
2024-09-01,RN-MAD-F083,A,furgoneta,1807.1,325.3,181.1,257.18,485.4
2024-10-01,RN-MAD-F083,A,furgoneta,2243.2,403.8,224.8,319.25,602.5
2024-11-01,RN-MAD-F083,A,furgoneta,2267.2,408.1,227.2,322.67,609.0
2024-12-01,RN-MAD-F083,A,furgoneta,2570.6,462.7,257.6,365.85,690.5
2025-01-01,RN-MAD-F083,A,furgoneta,1842.4,331.6,184.7,262.2,494.9
2025-02-01,RN-MAD-F083,A,furgoneta,1862.4,335.2,186.7,265.05,500.2
2025-03-01,RN-MAD-F083,A,furgoneta,2208.0,397.4,221.3,314.24,593.1
2025-04-01,RN-MAD-F083,A,furgoneta,2076.8,373.8,208.1,295.57,557.8
2025-05-01,RN-MAD-F083,A,furgoneta,2325.3,418.6,233.1,330.94,624.6
2025-06-01,RN-MAD-F083,A,furgoneta,2194.2,395.0,219.9,312.28,589.4
2025-07-01,RN-MAD-F083,A,furgoneta,2145.9,386.3,215.1,305.4,576.4
2025-08-01,RN-MAD-F083,A,furgoneta,1838.1,330.9,184.2,261.6,493.7
2025-09-01,RN-MAD-F083,A,furgoneta,1971.0,354.8,197.5,280.5,529.4
2025-10-01,RN-MAD-F083,A,furgoneta,2003.7,360.7,200.8,285.16,538.2
2025-11-01,RN-MAD-F083,A,furgoneta,2166.2,389.9,217.1,308.29,581.8
2025-12-01,RN-MAD-F083,A,furgoneta,2895.6,521.2,290.2,412.1,777.8
2024-01-01,RN-MAD-F084,A,furgoneta,2025.4,364.6,194.5,276.24,521.3
2024-02-01,RN-MAD-F084,A,furgoneta,2019.1,363.4,193.9,275.37,519.7
2024-03-01,RN-MAD-F084,A,furgoneta,2064.0,371.5,198.2,281.5,531.3
2024-04-01,RN-MAD-F084,A,furgoneta,2131.8,383.7,204.7,290.74,548.7
2024-05-01,RN-MAD-F084,A,furgoneta,2053.5,369.6,197.2,280.06,528.6
2024-06-01,RN-MAD-F084,A,furgoneta,2111.9,380.1,202.8,288.03,543.6
2024-07-01,RN-MAD-F084,A,furgoneta,2199.6,395.9,211.3,299.98,566.2
2024-08-01,RN-MAD-F084,A,furgoneta,2128.3,383.1,204.4,290.26,547.8
2024-09-01,RN-MAD-F084,A,furgoneta,2484.4,447.2,238.6,338.83,639.5
2024-10-01,RN-MAD-F084,A,furgoneta,2287.8,411.8,219.7,312.02,588.9
2024-11-01,RN-MAD-F084,A,furgoneta,1949.5,350.9,187.2,265.88,501.8
2024-12-01,RN-MAD-F084,A,furgoneta,2321.7,417.9,223.0,316.65,597.6
2025-01-01,RN-MAD-F084,A,furgoneta,1714.1,308.5,164.6,233.78,441.2
2025-02-01,RN-MAD-F084,A,furgoneta,1913.1,344.4,183.7,260.92,492.4
2025-03-01,RN-MAD-F084,A,furgoneta,2121.9,381.9,203.8,289.39,546.2
2025-04-01,RN-MAD-F084,A,furgoneta,2165.6,389.8,208.0,295.35,557.4
2025-05-01,RN-MAD-F084,A,furgoneta,2016.9,363.0,193.7,275.08,519.2
2025-06-01,RN-MAD-F084,A,furgoneta,1935.1,348.3,185.9,263.91,498.1
2025-07-01,RN-MAD-F084,A,furgoneta,2504.6,450.8,240.6,341.59,644.7
2025-08-01,RN-MAD-F084,A,furgoneta,2072.8,373.1,199.1,282.7,533.5
2025-09-01,RN-MAD-F084,A,furgoneta,2058.7,370.6,197.7,280.77,529.9
2025-10-01,RN-MAD-F084,A,furgoneta,2040.3,367.2,196.0,278.26,525.2
2025-11-01,RN-MAD-F084,A,furgoneta,2199.8,396.0,211.3,300.02,566.2
2025-12-01,RN-MAD-F084,A,furgoneta,2711.5,488.1,260.4,369.81,697.9
2024-01-01,RN-MAD-F085,A,furgoneta,2240.3,403.3,215.2,305.54,576.7
2024-02-01,RN-MAD-F085,A,furgoneta,1955.7,352.0,187.8,266.72,503.4
2024-03-01,RN-MAD-F085,A,furgoneta,2172.4,391.0,208.6,296.28,559.2
2024-04-01,RN-MAD-F085,A,furgoneta,1940.1,349.2,186.3,264.6,499.4
2024-05-01,RN-MAD-F085,A,furgoneta,1896.1,341.3,182.1,258.59,488.0
2024-06-01,RN-MAD-F085,A,furgoneta,2206.6,397.2,211.9,300.95,568.0
2024-07-01,RN-MAD-F085,A,furgoneta,2150.9,387.2,206.6,293.35,553.6
2024-08-01,RN-MAD-F085,A,furgoneta,1493.9,268.9,143.5,203.75,384.5
2024-09-01,RN-MAD-F085,A,furgoneta,2146.8,386.4,206.2,292.79,552.6
2024-10-01,RN-MAD-F085,A,furgoneta,2132.7,383.9,204.8,290.87,549.0
2024-11-01,RN-MAD-F085,A,furgoneta,2182.5,392.9,209.6,297.66,561.8
2024-12-01,RN-MAD-F085,A,furgoneta,2179.4,392.3,209.3,297.24,561.0
2025-01-01,RN-MAD-F085,A,furgoneta,1738.6,313.0,167.0,237.12,447.5
2025-02-01,RN-MAD-F085,A,furgoneta,1929.9,347.4,185.4,263.21,496.8
2025-03-01,RN-MAD-F085,A,furgoneta,2196.0,395.3,210.9,299.5,565.3
2025-04-01,RN-MAD-F085,A,furgoneta,2322.8,418.1,223.1,316.8,597.9
2025-05-01,RN-MAD-F085,A,furgoneta,2136.6,384.6,205.2,291.39,550.0
2025-06-01,RN-MAD-F085,A,furgoneta,2053.3,369.6,197.2,280.04,528.5
2025-07-01,RN-MAD-F085,A,furgoneta,2162.3,389.2,207.7,294.91,556.6
2025-08-01,RN-MAD-F085,A,furgoneta,2279.7,410.4,219.0,310.92,586.8
2025-09-01,RN-MAD-F085,A,furgoneta,2189.3,394.1,210.3,298.59,563.5
2025-10-01,RN-MAD-F085,A,furgoneta,2360.8,424.9,226.7,321.98,607.7
2025-11-01,RN-MAD-F085,A,furgoneta,2136.9,384.6,205.2,291.44,550.0
2025-12-01,RN-MAD-F085,A,furgoneta,2565.3,461.8,246.4,349.87,660.3
2024-01-01,RN-MAD-F086,A,furgoneta,2077.0,373.9,197.3,280.19,528.8
2024-02-01,RN-MAD-F086,A,furgoneta,2005.4,361.0,190.5,270.52,510.6
2024-03-01,RN-MAD-F086,A,furgoneta,1969.5,354.5,187.1,265.68,501.4
2024-04-01,RN-MAD-F086,A,furgoneta,2299.3,413.9,218.4,310.18,585.4
2024-05-01,RN-MAD-F086,A,furgoneta,1932.7,347.9,183.6,260.72,492.1
2024-06-01,RN-MAD-F086,A,furgoneta,2048.2,368.7,194.6,276.3,521.5
2024-07-01,RN-MAD-F086,A,furgoneta,2481.0,446.6,235.7,334.68,631.7
2024-08-01,RN-MAD-F086,A,furgoneta,2256.6,406.2,214.4,304.41,574.5
2024-09-01,RN-MAD-F086,A,furgoneta,1947.6,350.6,185.0,262.73,495.9
2024-10-01,RN-MAD-F086,A,furgoneta,1923.7,346.3,182.8,259.51,489.8
2024-11-01,RN-MAD-F086,A,furgoneta,2118.3,381.3,201.2,285.76,539.3
2024-12-01,RN-MAD-F086,A,furgoneta,2583.3,465.0,245.4,348.49,657.7
2025-01-01,RN-MAD-F086,A,furgoneta,1852.1,333.4,176.0,249.85,471.5
2025-02-01,RN-MAD-F086,A,furgoneta,1817.8,327.2,172.7,245.22,462.8
2025-03-01,RN-MAD-F086,A,furgoneta,1835.3,330.3,174.3,247.58,467.3
2025-04-01,RN-MAD-F086,A,furgoneta,2104.7,378.8,199.9,283.92,535.8
2025-05-01,RN-MAD-F086,A,furgoneta,1922.1,346.0,182.6,259.29,489.4
2025-06-01,RN-MAD-F086,A,furgoneta,2309.8,415.8,219.4,311.59,588.1
2025-07-01,RN-MAD-F086,A,furgoneta,2296.4,413.3,218.2,309.78,584.7
2025-08-01,RN-MAD-F086,A,furgoneta,1919.0,345.4,182.3,258.87,488.6
2025-09-01,RN-MAD-F086,A,furgoneta,2285.8,411.4,217.1,308.35,582.0
2025-10-01,RN-MAD-F086,A,furgoneta,1869.0,336.4,177.6,252.13,475.9
2025-11-01,RN-MAD-F086,A,furgoneta,2132.8,383.9,202.6,287.72,543.0
2025-12-01,RN-MAD-F086,A,furgoneta,3083.9,555.1,293.0,416.02,785.2
2024-01-01,RN-MAD-F087,A,furgoneta,1787.8,321.8,177.3,251.79,475.2
2024-02-01,RN-MAD-F087,A,furgoneta,1919.2,345.4,190.3,270.29,510.1
2024-03-01,RN-MAD-F087,A,furgoneta,2042.5,367.7,202.6,287.66,542.9
2024-04-01,RN-MAD-F087,A,furgoneta,2450.1,441.0,243.0,345.06,651.2
2024-05-01,RN-MAD-F087,A,furgoneta,2007.6,361.4,199.1,282.74,533.6
2024-06-01,RN-MAD-F087,A,furgoneta,2355.8,424.1,233.7,331.79,626.2
2024-07-01,RN-MAD-F087,A,furgoneta,2361.8,425.1,234.2,332.63,627.8
2024-08-01,RN-MAD-F087,A,furgoneta,2171.0,390.8,215.3,305.75,577.0
2024-09-01,RN-MAD-F087,A,furgoneta,2069.8,372.6,205.3,291.5,550.1
2024-10-01,RN-MAD-F087,A,furgoneta,2027.5,365.0,201.1,285.55,538.9
2024-11-01,RN-MAD-F087,A,furgoneta,2237.5,402.8,221.9,315.12,594.7
2024-12-01,RN-MAD-F087,A,furgoneta,2573.9,463.3,255.3,362.5,684.2
2025-01-01,RN-MAD-F087,A,furgoneta,2077.9,374.0,206.1,292.64,552.3
2025-02-01,RN-MAD-F087,A,furgoneta,1845.3,332.1,183.0,259.88,490.5
2025-03-01,RN-MAD-F087,A,furgoneta,2283.6,411.0,226.5,321.61,607.0
2025-04-01,RN-MAD-F087,A,furgoneta,2263.0,407.3,224.4,318.72,601.5
2025-05-01,RN-MAD-F087,A,furgoneta,2273.3,409.2,225.5,320.17,604.3
2025-06-01,RN-MAD-F087,A,furgoneta,2277.4,409.9,225.9,320.74,605.3
2025-07-01,RN-MAD-F087,A,furgoneta,2105.7,379.0,208.8,296.56,559.7
2025-08-01,RN-MAD-F087,A,furgoneta,1993.0,358.7,197.7,280.68,529.7
2025-09-01,RN-MAD-F087,A,furgoneta,2046.9,368.5,203.0,288.28,544.1
2025-10-01,RN-MAD-F087,A,furgoneta,2198.9,395.8,218.1,309.69,584.5
2025-11-01,RN-MAD-F087,A,furgoneta,2249.3,404.9,223.1,316.78,597.9
2025-12-01,RN-MAD-F087,A,furgoneta,2688.8,484.0,266.7,378.68,714.7
2024-01-01,RN-MAD-F088,A,furgoneta,1747.3,314.5,169.6,240.9,454.7
2024-02-01,RN-MAD-F088,A,furgoneta,2049.7,368.9,199.0,282.59,533.3
2024-03-01,RN-MAD-F088,A,furgoneta,2133.2,384.0,207.1,294.09,555.1
2024-04-01,RN-MAD-F088,A,furgoneta,2214.4,398.6,215.0,305.3,576.2
2024-05-01,RN-MAD-F088,A,furgoneta,1978.7,356.2,192.1,272.8,514.9
2024-06-01,RN-MAD-F088,A,furgoneta,2158.0,388.4,209.5,297.51,561.5
2024-07-01,RN-MAD-F088,A,furgoneta,2282.2,410.8,221.6,314.65,593.8
2024-08-01,RN-MAD-F088,A,furgoneta,2208.1,397.5,214.4,304.42,574.5
2024-09-01,RN-MAD-F088,A,furgoneta,2180.1,392.4,211.7,300.56,567.3
2024-10-01,RN-MAD-F088,A,furgoneta,2328.5,419.1,226.1,321.02,605.9
2024-11-01,RN-MAD-F088,A,furgoneta,2139.5,385.1,207.7,294.97,556.7
2024-12-01,RN-MAD-F088,A,furgoneta,2748.2,494.7,266.8,378.89,715.1
2025-01-01,RN-MAD-F088,A,furgoneta,1916.1,344.9,186.0,264.17,498.6
2025-02-01,RN-MAD-F088,A,furgoneta,1916.3,344.9,186.1,264.19,498.6
2025-03-01,RN-MAD-F088,A,furgoneta,2024.4,364.4,196.5,279.1,526.7
2025-04-01,RN-MAD-F088,A,furgoneta,2247.6,404.6,218.2,309.87,584.8
2025-05-01,RN-MAD-F088,A,furgoneta,2095.5,377.2,203.5,288.9,545.3
2025-06-01,RN-MAD-F088,A,furgoneta,2194.2,395.0,213.0,302.51,570.9
2025-07-01,RN-MAD-F088,A,furgoneta,2158.0,388.4,209.5,297.53,561.5
2025-08-01,RN-MAD-F088,A,furgoneta,2201.1,396.2,213.7,303.46,572.7
2025-09-01,RN-MAD-F088,A,furgoneta,2250.6,405.1,218.5,310.29,585.6
2025-10-01,RN-MAD-F088,A,furgoneta,1948.4,350.7,189.2,268.62,507.0
2025-11-01,RN-MAD-F088,A,furgoneta,2263.5,407.4,219.8,312.06,589.0
2025-12-01,RN-MAD-F088,A,furgoneta,2644.4,476.0,256.7,364.58,688.1
2024-01-01,RN-MAD-F089,A,furgoneta,1832.9,329.9,183.7,260.86,492.3
2024-02-01,RN-MAD-F089,A,furgoneta,2146.7,386.4,215.2,305.52,576.6
2024-03-01,RN-MAD-F089,A,furgoneta,2133.6,384.1,213.8,303.66,573.1
2024-04-01,RN-MAD-F089,A,furgoneta,2261.1,407.0,226.6,321.8,607.3
2024-05-01,RN-MAD-F089,A,furgoneta,1940.0,349.2,194.4,276.1,521.1
2024-06-01,RN-MAD-F089,A,furgoneta,2416.2,434.9,242.2,343.88,649.0
2024-07-01,RN-MAD-F089,A,furgoneta,2309.7,415.7,231.5,328.71,620.4
2024-08-01,RN-MAD-F089,A,furgoneta,1924.1,346.3,192.8,273.83,516.8
2024-09-01,RN-MAD-F089,A,furgoneta,2082.1,374.8,208.7,296.33,559.3
2024-10-01,RN-MAD-F089,A,furgoneta,2169.7,390.6,217.5,308.8,582.8
2024-11-01,RN-MAD-F089,A,furgoneta,2161.7,389.1,216.7,307.65,580.6
2024-12-01,RN-MAD-F089,A,furgoneta,2568.6,462.4,257.4,365.57,689.9
2025-01-01,RN-MAD-F089,A,furgoneta,1984.1,357.1,198.9,282.38,532.9
2025-02-01,RN-MAD-F089,A,furgoneta,1878.1,338.1,188.2,267.29,504.5
2025-03-01,RN-MAD-F089,A,furgoneta,2178.4,392.1,218.3,310.02,585.1
2025-04-01,RN-MAD-F089,A,furgoneta,2127.0,382.9,213.2,302.71,571.3
2025-05-01,RN-MAD-F089,A,furgoneta,2274.8,409.5,228.0,323.75,611.0
2025-06-01,RN-MAD-F089,A,furgoneta,2179.4,392.3,218.4,310.18,585.4
2025-07-01,RN-MAD-F089,A,furgoneta,2401.4,432.2,240.7,341.76,645.0
2025-08-01,RN-MAD-F089,A,furgoneta,2346.5,422.4,235.2,333.96,630.3
2025-09-01,RN-MAD-F089,A,furgoneta,1868.9,336.4,187.3,265.99,502.0
2025-10-01,RN-MAD-F089,A,furgoneta,2096.0,377.3,210.1,298.3,563.0
2025-11-01,RN-MAD-F089,A,furgoneta,2192.8,394.7,219.8,312.07,589.0
2025-12-01,RN-MAD-F089,A,furgoneta,2782.7,500.9,278.9,396.04,747.5
2024-01-01,RN-MAD-F090,A,furgoneta,2023.8,364.3,192.3,273.01,515.3
2024-02-01,RN-MAD-F090,A,furgoneta,2001.8,360.3,190.2,270.04,509.7
2024-03-01,RN-MAD-F090,A,furgoneta,2058.8,370.6,195.6,277.73,524.2
2024-04-01,RN-MAD-F090,A,furgoneta,2219.7,399.5,210.9,299.43,565.1
2024-05-01,RN-MAD-F090,A,furgoneta,2376.4,427.7,225.8,320.57,605.0
2024-06-01,RN-MAD-F090,A,furgoneta,2062.9,371.3,196.0,278.28,525.2
2024-07-01,RN-MAD-F090,A,furgoneta,2380.9,428.6,226.2,321.19,606.2
2024-08-01,RN-MAD-F090,A,furgoneta,2325.8,418.6,221.0,313.75,592.2
2024-09-01,RN-MAD-F090,A,furgoneta,2249.2,404.9,213.7,303.42,572.7
2024-10-01,RN-MAD-F090,A,furgoneta,2220.2,399.6,210.9,299.5,565.3
2024-11-01,RN-MAD-F090,A,furgoneta,2205.4,397.0,209.5,297.51,561.5
2024-12-01,RN-MAD-F090,A,furgoneta,2710.9,488.0,257.5,365.7,690.2
2025-01-01,RN-MAD-F090,A,furgoneta,1807.8,325.4,171.7,243.88,460.3
2025-02-01,RN-MAD-F090,A,furgoneta,2246.7,404.4,213.4,303.08,572.0
2025-03-01,RN-MAD-F090,A,furgoneta,1994.6,359.0,189.5,269.07,507.8
2025-04-01,RN-MAD-F090,A,furgoneta,2013.4,362.4,191.3,271.61,512.6
2025-05-01,RN-MAD-F090,A,furgoneta,2083.1,375.0,197.9,281.02,530.4
2025-06-01,RN-MAD-F090,A,furgoneta,2115.2,380.7,200.9,285.34,538.5
2025-07-01,RN-MAD-F090,A,furgoneta,2319.3,417.5,220.3,312.87,590.5
2025-08-01,RN-MAD-F090,A,furgoneta,1958.8,352.6,186.1,264.25,498.7
2025-09-01,RN-MAD-F090,A,furgoneta,2151.3,387.2,204.4,290.21,547.7
2025-10-01,RN-MAD-F090,A,furgoneta,2213.6,398.5,210.3,298.62,563.6
2025-11-01,RN-MAD-F090,A,furgoneta,2174.6,391.4,206.6,293.35,553.7
2025-12-01,RN-MAD-F090,A,furgoneta,2828.5,509.1,268.7,381.56,720.1
2024-01-01,RN-MAD-F091,A,furgoneta,2101.5,378.3,199.6,283.49,535.0
2024-02-01,RN-MAD-F091,A,furgoneta,2038.3,366.9,193.6,274.96,518.9
2024-03-01,RN-MAD-F091,A,furgoneta,1999.8,360.0,190.0,269.77,509.1
2024-04-01,RN-MAD-F091,A,furgoneta,2003.4,360.6,190.3,270.26,510.1
2024-05-01,RN-MAD-F091,A,furgoneta,2492.4,448.6,236.8,336.23,634.6
2024-06-01,RN-MAD-F091,A,furgoneta,2398.4,431.7,227.8,323.54,610.6
2024-07-01,RN-MAD-F091,A,furgoneta,2461.7,443.1,233.9,332.08,626.7
2024-08-01,RN-MAD-F091,A,furgoneta,2215.3,398.8,210.5,298.84,564.0
2024-09-01,RN-MAD-F091,A,furgoneta,2108.7,379.6,200.3,284.47,536.9
2024-10-01,RN-MAD-F091,A,furgoneta,2244.9,404.1,213.3,302.84,571.6
2024-11-01,RN-MAD-F091,A,furgoneta,2362.3,425.2,224.4,318.67,601.4
2024-12-01,RN-MAD-F091,A,furgoneta,2401.2,432.2,228.1,323.92,611.3
2025-01-01,RN-MAD-F091,A,furgoneta,1929.3,347.3,183.3,260.26,491.2
2025-02-01,RN-MAD-F091,A,furgoneta,1945.2,350.1,184.8,262.41,495.3
2025-03-01,RN-MAD-F091,A,furgoneta,2117.7,381.2,201.2,285.68,539.2
2025-04-01,RN-MAD-F091,A,furgoneta,2034.3,366.2,193.3,274.43,517.9
2025-05-01,RN-MAD-F091,A,furgoneta,2119.7,381.5,201.4,285.95,539.7
2025-06-01,RN-MAD-F091,A,furgoneta,2395.2,431.1,227.5,323.11,609.8
2025-07-01,RN-MAD-F091,A,furgoneta,2559.7,460.8,243.2,345.31,651.7
2025-08-01,RN-MAD-F091,A,furgoneta,2226.7,400.8,211.5,300.38,566.9
2025-09-01,RN-MAD-F091,A,furgoneta,2075.4,373.6,197.2,279.97,528.4
2025-10-01,RN-MAD-F091,A,furgoneta,2191.7,394.5,208.2,295.66,558.0
2025-11-01,RN-MAD-F091,A,furgoneta,2194.6,395.0,208.5,296.06,558.8
2025-12-01,RN-MAD-F091,A,furgoneta,2428.1,437.1,230.7,327.56,618.2
2024-01-01,RN-MAD-F092,A,furgoneta,1906.5,343.2,183.1,260.02,490.7
2024-02-01,RN-MAD-F092,A,furgoneta,1805.9,325.1,173.5,246.3,464.9
2024-03-01,RN-MAD-F092,A,furgoneta,2011.1,362.0,193.2,274.29,517.7
2024-04-01,RN-MAD-F092,A,furgoneta,2007.7,361.4,192.8,273.82,516.8
2024-05-01,RN-MAD-F092,A,furgoneta,2056.4,370.1,197.5,280.45,529.3
2024-06-01,RN-MAD-F092,A,furgoneta,2296.6,413.4,220.6,313.23,591.2
2024-07-01,RN-MAD-F092,A,furgoneta,2514.5,452.6,241.5,342.94,647.2
2024-08-01,RN-MAD-F092,A,furgoneta,2129.2,383.3,204.5,290.39,548.1
2024-09-01,RN-MAD-F092,A,furgoneta,2256.4,406.2,216.7,307.74,580.8
2024-10-01,RN-MAD-F092,A,furgoneta,1948.2,350.7,187.1,265.7,501.5
2024-11-01,RN-MAD-F092,A,furgoneta,2199.9,396.0,211.3,300.03,566.2
2024-12-01,RN-MAD-F092,A,furgoneta,2967.2,534.1,285.0,404.68,763.8
2025-01-01,RN-MAD-F092,A,furgoneta,2075.7,373.6,199.4,283.09,534.3
2025-02-01,RN-MAD-F092,A,furgoneta,1671.0,300.8,160.5,227.89,430.1
2025-03-01,RN-MAD-F092,A,furgoneta,1989.5,358.1,191.1,271.33,512.1
2025-04-01,RN-MAD-F092,A,furgoneta,2108.7,379.6,202.5,287.59,542.8
2025-05-01,RN-MAD-F092,A,furgoneta,1866.1,335.9,179.2,254.5,480.3
2025-06-01,RN-MAD-F092,A,furgoneta,2146.0,386.3,206.1,292.68,552.4
2025-07-01,RN-MAD-F092,A,furgoneta,2135.8,384.4,205.1,291.28,549.7
2025-08-01,RN-MAD-F092,A,furgoneta,2118.1,381.3,203.4,288.88,545.2
2025-09-01,RN-MAD-F092,A,furgoneta,2112.0,380.2,202.8,288.04,543.6
2025-10-01,RN-MAD-F092,A,furgoneta,2039.9,367.2,195.9,278.21,525.1
2025-11-01,RN-MAD-F092,A,furgoneta,2284.4,411.2,219.4,311.56,588.0
2025-12-01,RN-MAD-F092,A,furgoneta,2544.2,457.9,244.4,346.98,654.9
2024-01-01,RN-MAD-F093,A,furgoneta,2088.6,376.0,205.0,291.05,549.3
2024-02-01,RN-MAD-F093,A,furgoneta,1949.6,350.9,191.3,271.68,512.8
2024-03-01,RN-MAD-F093,A,furgoneta,2135.4,384.4,209.6,297.57,561.6
2024-04-01,RN-MAD-F093,A,furgoneta,2212.6,398.3,217.1,308.34,581.9
2024-05-01,RN-MAD-F093,A,furgoneta,2258.3,406.5,221.6,314.69,593.9
2024-06-01,RN-MAD-F093,A,furgoneta,2054.1,369.7,201.6,286.25,540.2
2024-07-01,RN-MAD-F093,A,furgoneta,2063.6,371.5,202.5,287.57,542.7
2024-08-01,RN-MAD-F093,A,furgoneta,1810.3,325.9,177.7,252.27,476.1
2024-09-01,RN-MAD-F093,A,furgoneta,2108.1,379.5,206.9,293.76,554.4
2024-10-01,RN-MAD-F093,A,furgoneta,2286.6,411.6,224.4,318.64,601.4
2024-11-01,RN-MAD-F093,A,furgoneta,2496.8,449.4,245.0,347.94,656.7
2024-12-01,RN-MAD-F093,A,furgoneta,2820.4,507.7,276.8,393.03,741.8
2025-01-01,RN-MAD-F093,A,furgoneta,1931.1,347.6,189.5,269.1,507.9
2025-02-01,RN-MAD-F093,A,furgoneta,2090.4,376.3,205.1,291.3,549.8
2025-03-01,RN-MAD-F093,A,furgoneta,2055.0,369.9,201.7,286.37,540.5
2025-04-01,RN-MAD-F093,A,furgoneta,2031.7,365.7,199.4,283.13,534.4
2025-05-01,RN-MAD-F093,A,furgoneta,2199.5,395.9,215.8,306.5,578.5
2025-06-01,RN-MAD-F093,A,furgoneta,2187.3,393.7,214.7,304.8,575.3
2025-07-01,RN-MAD-F093,A,furgoneta,2450.9,441.2,240.5,341.54,644.6
2025-08-01,RN-MAD-F093,A,furgoneta,1789.7,322.1,175.6,249.4,470.7
2025-09-01,RN-MAD-F093,A,furgoneta,2193.0,394.7,215.2,305.59,576.8
2025-10-01,RN-MAD-F093,A,furgoneta,2163.6,389.4,212.3,301.5,569.0
2025-11-01,RN-MAD-F093,A,furgoneta,2117.9,381.2,207.8,295.13,557.0
2025-12-01,RN-MAD-F093,A,furgoneta,2427.2,436.9,238.2,338.23,638.4
2024-01-01,RN-MAD-F094,A,furgoneta,1877.0,337.9,178.3,253.21,477.9
2024-02-01,RN-MAD-F094,A,furgoneta,1782.4,320.8,169.3,240.45,453.8
2024-03-01,RN-MAD-F094,A,furgoneta,1922.8,346.1,182.7,259.38,489.5
2024-04-01,RN-MAD-F094,A,furgoneta,2092.3,376.6,198.8,282.25,532.7
2024-05-01,RN-MAD-F094,A,furgoneta,2294.1,412.9,217.9,309.47,584.1
2024-06-01,RN-MAD-F094,A,furgoneta,2364.2,425.6,224.6,318.93,601.9
2024-07-01,RN-MAD-F094,A,furgoneta,2344.4,422.0,222.7,316.26,596.9
2024-08-01,RN-MAD-F094,A,furgoneta,2087.8,375.8,198.3,281.64,531.5
2024-09-01,RN-MAD-F094,A,furgoneta,2253.5,405.6,214.1,303.99,573.7
2024-10-01,RN-MAD-F094,A,furgoneta,2200.5,396.1,209.0,296.85,560.2
2024-11-01,RN-MAD-F094,A,furgoneta,2234.6,402.2,212.3,301.44,568.9
2024-12-01,RN-MAD-F094,A,furgoneta,2622.5,472.0,249.1,353.77,667.7
2025-01-01,RN-MAD-F094,A,furgoneta,1985.2,357.3,188.6,267.8,505.4
2025-02-01,RN-MAD-F094,A,furgoneta,1821.2,327.8,173.0,245.69,463.7
2025-03-01,RN-MAD-F094,A,furgoneta,2276.8,409.8,216.3,307.14,579.7
2025-04-01,RN-MAD-F094,A,furgoneta,2116.8,381.0,201.1,285.56,538.9
2025-05-01,RN-MAD-F094,A,furgoneta,2235.5,402.4,212.4,301.57,569.2
2025-06-01,RN-MAD-F094,A,furgoneta,2224.5,400.4,211.3,300.09,566.4
2025-07-01,RN-MAD-F094,A,furgoneta,2381.2,428.6,226.2,321.23,606.3
2025-08-01,RN-MAD-F094,A,furgoneta,2027.4,364.9,192.6,273.5,516.2
2025-09-01,RN-MAD-F094,A,furgoneta,1940.4,349.3,184.3,261.76,494.0
2025-10-01,RN-MAD-F094,A,furgoneta,2212.3,398.2,210.2,298.43,563.2
2025-11-01,RN-MAD-F094,A,furgoneta,2107.5,379.4,200.2,284.3,536.6
2025-12-01,RN-MAD-F094,A,furgoneta,2338.7,421.0,222.2,315.49,595.4
2024-01-01,RN-MAD-F095,A,furgoneta,2160.5,388.9,212.0,301.07,568.2
2024-02-01,RN-MAD-F095,A,furgoneta,1846.0,332.3,181.2,257.24,485.5
2024-03-01,RN-MAD-F095,A,furgoneta,2137.2,384.7,209.7,297.82,562.1
2024-04-01,RN-MAD-F095,A,furgoneta,2333.5,420.0,229.0,325.17,613.7
2024-05-01,RN-MAD-F095,A,furgoneta,2069.9,372.6,203.1,288.44,544.4
2024-06-01,RN-MAD-F095,A,furgoneta,2272.4,409.0,223.0,316.67,597.7
2024-07-01,RN-MAD-F095,A,furgoneta,2378.0,428.0,233.4,331.38,625.4
2024-08-01,RN-MAD-F095,A,furgoneta,2147.8,386.6,210.8,299.3,564.9
2024-09-01,RN-MAD-F095,A,furgoneta,2112.8,380.3,207.3,294.43,555.7
2024-10-01,RN-MAD-F095,A,furgoneta,2101.5,378.3,206.2,292.85,552.7
2024-11-01,RN-MAD-F095,A,furgoneta,2359.9,424.8,231.6,328.86,620.7
2024-12-01,RN-MAD-F095,A,furgoneta,2683.8,483.1,263.4,373.99,705.8
2025-01-01,RN-MAD-F095,A,furgoneta,1915.4,344.8,188.0,266.92,503.8
2025-02-01,RN-MAD-F095,A,furgoneta,1799.8,324.0,176.6,250.81,473.4
2025-03-01,RN-MAD-F095,A,furgoneta,1967.0,354.1,193.0,274.1,517.3
2025-04-01,RN-MAD-F095,A,furgoneta,2055.8,370.1,201.7,286.48,540.7
2025-05-01,RN-MAD-F095,A,furgoneta,2238.0,402.8,219.6,311.87,588.6
2025-06-01,RN-MAD-F095,A,furgoneta,2332.6,419.9,228.9,325.05,613.5
2025-07-01,RN-MAD-F095,A,furgoneta,2242.0,403.6,220.0,312.42,589.6
2025-08-01,RN-MAD-F095,A,furgoneta,1959.2,352.7,192.3,273.02,515.3
2025-09-01,RN-MAD-F095,A,furgoneta,2115.0,380.7,207.6,294.73,556.3
2025-10-01,RN-MAD-F095,A,furgoneta,2173.7,391.3,213.3,302.91,571.7
2025-11-01,RN-MAD-F095,A,furgoneta,2340.3,421.3,229.7,326.12,615.5
2025-12-01,RN-MAD-F095,A,furgoneta,2454.1,441.7,240.8,341.98,645.4
2024-01-01,RN-MAD-F096,A,furgoneta,1954.6,351.8,187.7,266.58,503.1
2024-02-01,RN-MAD-F096,A,furgoneta,2152.1,387.4,206.7,293.51,554.0
2024-03-01,RN-MAD-F096,A,furgoneta,2098.7,377.8,201.6,286.22,540.2
2024-04-01,RN-MAD-F096,A,furgoneta,1995.0,359.1,191.6,272.09,513.5
2024-05-01,RN-MAD-F096,A,furgoneta,2188.0,393.8,210.2,298.41,563.2
2024-06-01,RN-MAD-F096,A,furgoneta,2317.7,417.2,222.6,316.1,596.6
2024-07-01,RN-MAD-F096,A,furgoneta,2151.3,387.2,206.6,293.4,553.7
2024-08-01,RN-MAD-F096,A,furgoneta,2077.7,374.0,199.5,283.36,534.8
2024-09-01,RN-MAD-F096,A,furgoneta,1748.9,314.8,168.0,238.52,450.2
2024-10-01,RN-MAD-F096,A,furgoneta,2137.1,384.7,205.3,291.46,550.1
2024-11-01,RN-MAD-F096,A,furgoneta,1920.8,345.7,184.5,261.97,494.4
2024-12-01,RN-MAD-F096,A,furgoneta,2512.9,452.3,241.4,342.72,646.8
2025-01-01,RN-MAD-F096,A,furgoneta,1908.5,343.5,183.3,260.29,491.3
2025-02-01,RN-MAD-F096,A,furgoneta,1988.5,357.9,191.0,271.2,511.8
2025-03-01,RN-MAD-F096,A,furgoneta,2078.0,374.0,199.6,283.4,534.9
2025-04-01,RN-MAD-F096,A,furgoneta,2158.0,388.4,207.3,294.32,555.5
2025-05-01,RN-MAD-F096,A,furgoneta,2128.8,383.2,204.5,290.34,548.0
2025-06-01,RN-MAD-F096,A,furgoneta,2453.2,441.6,235.6,334.58,631.5
2025-07-01,RN-MAD-F096,A,furgoneta,2153.4,387.6,206.8,293.69,554.3
2025-08-01,RN-MAD-F096,A,furgoneta,2501.4,450.2,240.2,341.14,643.9
2025-09-01,RN-MAD-F096,A,furgoneta,2293.2,412.8,220.3,312.76,590.3
2025-10-01,RN-MAD-F096,A,furgoneta,2190.9,394.4,210.4,298.8,563.9
2025-11-01,RN-MAD-F096,A,furgoneta,2216.9,399.0,212.9,302.35,570.6
2025-12-01,RN-MAD-F096,A,furgoneta,2868.4,516.3,275.5,391.2,738.3
2024-01-01,RN-MAD-F097,A,furgoneta,1887.4,339.7,179.3,254.62,480.5
2024-02-01,RN-MAD-F097,A,furgoneta,2098.9,377.8,199.4,283.14,534.4
2024-03-01,RN-MAD-F097,A,furgoneta,2048.4,368.7,194.6,276.33,521.5
2024-04-01,RN-MAD-F097,A,furgoneta,2342.0,421.6,222.5,315.94,596.3
2024-05-01,RN-MAD-F097,A,furgoneta,2169.1,390.4,206.1,292.61,552.2
2024-06-01,RN-MAD-F097,A,furgoneta,2218.7,399.4,210.8,299.3,564.9
2024-07-01,RN-MAD-F097,A,furgoneta,2302.1,414.4,218.7,310.55,586.1
2024-08-01,RN-MAD-F097,A,furgoneta,1849.8,333.0,175.7,249.53,471.0
2024-09-01,RN-MAD-F097,A,furgoneta,2320.6,417.7,220.5,313.05,590.8
2024-10-01,RN-MAD-F097,A,furgoneta,2043.1,367.8,194.1,275.62,520.2
2024-11-01,RN-MAD-F097,A,furgoneta,2291.7,412.5,217.7,309.15,583.5
2024-12-01,RN-MAD-F097,A,furgoneta,2715.8,488.8,258.0,366.36,691.4
2025-01-01,RN-MAD-F097,A,furgoneta,2148.8,386.8,204.1,289.88,547.1
2025-02-01,RN-MAD-F097,A,furgoneta,2021.1,363.8,192.0,272.64,514.6
2025-03-01,RN-MAD-F097,A,furgoneta,2089.6,376.1,198.5,281.89,532.0
2025-04-01,RN-MAD-F097,A,furgoneta,2155.7,388.0,204.8,290.8,548.8
2025-05-01,RN-MAD-F097,A,furgoneta,2205.7,397.0,209.5,297.55,561.6
2025-06-01,RN-MAD-F097,A,furgoneta,2255.3,406.0,214.3,304.24,574.2
2025-07-01,RN-MAD-F097,A,furgoneta,2048.9,368.8,194.6,276.39,521.6
2025-08-01,RN-MAD-F097,A,furgoneta,1802.4,324.4,171.2,243.15,458.9
2025-09-01,RN-MAD-F097,A,furgoneta,1998.8,359.8,189.9,269.64,508.9
2025-10-01,RN-MAD-F097,A,furgoneta,2250.4,405.1,213.8,303.58,572.9
2025-11-01,RN-MAD-F097,A,furgoneta,2231.5,401.7,212.0,301.03,568.1
2025-12-01,RN-MAD-F097,A,furgoneta,2861.1,515.0,271.8,385.97,728.4
2024-01-01,RN-MAD-F098,A,furgoneta,1794.0,322.9,176.1,250.0,471.8
2024-02-01,RN-MAD-F098,A,furgoneta,2083.0,374.9,204.4,290.27,547.8
2024-03-01,RN-MAD-F098,A,furgoneta,2006.6,361.2,196.9,279.62,527.7
2024-04-01,RN-MAD-F098,A,furgoneta,2386.9,429.7,234.2,332.63,627.8
2024-05-01,RN-MAD-F098,A,furgoneta,2488.5,447.9,244.2,346.77,654.5
2024-06-01,RN-MAD-F098,A,furgoneta,2018.8,363.4,198.1,281.33,531.0
2024-07-01,RN-MAD-F098,A,furgoneta,2306.9,415.2,226.4,321.46,606.7
2024-08-01,RN-MAD-F098,A,furgoneta,2431.0,437.6,238.6,338.77,639.4
2024-09-01,RN-MAD-F098,A,furgoneta,2357.6,424.4,231.4,328.54,620.1
2024-10-01,RN-MAD-F098,A,furgoneta,2335.0,420.3,229.1,325.39,614.1
2024-11-01,RN-MAD-F098,A,furgoneta,2117.0,381.1,207.8,295.01,556.8
2024-12-01,RN-MAD-F098,A,furgoneta,2814.0,506.5,276.1,392.13,740.1
2025-01-01,RN-MAD-F098,A,furgoneta,2390.3,430.3,234.6,333.1,628.7
2025-02-01,RN-MAD-F098,A,furgoneta,1862.0,335.2,182.7,259.47,489.7
2025-03-01,RN-MAD-F098,A,furgoneta,2247.6,404.6,220.6,313.2,591.1
2025-04-01,RN-MAD-F098,A,furgoneta,2254.8,405.9,221.3,314.21,593.0
2025-05-01,RN-MAD-F098,A,furgoneta,2247.7,404.6,220.6,313.22,591.2
2025-06-01,RN-MAD-F098,A,furgoneta,2109.1,379.6,207.0,293.91,554.7
2025-07-01,RN-MAD-F098,A,furgoneta,2213.4,398.4,217.2,308.44,582.1
2025-08-01,RN-MAD-F098,A,furgoneta,2150.9,387.2,211.1,299.74,565.7
2025-09-01,RN-MAD-F098,A,furgoneta,1925.1,346.5,188.9,268.27,506.3
2025-10-01,RN-MAD-F098,A,furgoneta,1970.1,354.6,193.3,274.54,518.2
2025-11-01,RN-MAD-F098,A,furgoneta,2020.3,363.7,198.3,281.53,531.3
2025-12-01,RN-MAD-F098,A,furgoneta,2706.8,487.2,265.6,377.19,711.9
2024-01-01,RN-MAD-F099,A,furgoneta,2051.4,369.3,197.0,279.78,528.0
2024-02-01,RN-MAD-F099,A,furgoneta,1855.0,333.9,178.2,252.99,477.5
2024-03-01,RN-MAD-F099,A,furgoneta,2167.9,390.2,208.2,295.66,558.0
2024-04-01,RN-MAD-F099,A,furgoneta,2358.8,424.6,226.6,321.7,607.2
2024-05-01,RN-MAD-F099,A,furgoneta,2063.5,371.4,198.2,281.42,531.1
2024-06-01,RN-MAD-F099,A,furgoneta,2051.6,369.3,197.0,279.8,528.1
2024-07-01,RN-MAD-F099,A,furgoneta,2188.5,393.9,210.2,298.47,563.3
2024-08-01,RN-MAD-F099,A,furgoneta,2093.5,376.8,201.1,285.51,538.9
2024-09-01,RN-MAD-F099,A,furgoneta,1925.4,346.6,184.9,262.6,495.6
2024-10-01,RN-MAD-F099,A,furgoneta,2240.8,403.3,215.2,305.6,576.8
2024-11-01,RN-MAD-F099,A,furgoneta,2293.5,412.8,220.3,312.79,590.3
2024-12-01,RN-MAD-F099,A,furgoneta,2724.7,490.5,261.7,371.61,701.3
2025-01-01,RN-MAD-F099,A,furgoneta,2070.6,372.7,198.9,282.39,533.0
2025-02-01,RN-MAD-F099,A,furgoneta,1973.0,355.1,189.5,269.08,507.8
2025-03-01,RN-MAD-F099,A,furgoneta,1982.2,356.8,190.4,270.34,510.2
2025-04-01,RN-MAD-F099,A,furgoneta,2163.1,389.4,207.8,295.01,556.8
2025-05-01,RN-MAD-F099,A,furgoneta,1975.7,355.6,189.8,269.45,508.5
2025-06-01,RN-MAD-F099,A,furgoneta,2023.2,364.2,194.3,275.93,520.8
2025-07-01,RN-MAD-F099,A,furgoneta,2351.9,423.3,225.9,320.76,605.4
2025-08-01,RN-MAD-F099,A,furgoneta,1849.2,332.9,177.6,252.2,476.0
2025-09-01,RN-MAD-F099,A,furgoneta,1909.0,343.6,183.3,260.35,491.4
2025-10-01,RN-MAD-F099,A,furgoneta,2125.2,382.5,204.1,289.84,547.0
2025-11-01,RN-MAD-F099,A,furgoneta,2035.6,366.4,195.5,277.63,524.0
2025-12-01,RN-MAD-F099,A,furgoneta,2547.0,458.5,244.6,347.37,655.6
2024-01-01,RN-MAD-F100,A,furgoneta,1988.3,357.9,195.1,277.07,522.9
2024-02-01,RN-MAD-F100,A,furgoneta,2045.3,368.2,200.7,285.01,537.9
2024-03-01,RN-MAD-F100,A,furgoneta,1562.7,281.3,153.4,217.76,411.0
2024-04-01,RN-MAD-F100,A,furgoneta,1928.1,347.1,189.2,268.69,507.1
2024-05-01,RN-MAD-F100,A,furgoneta,2166.4,389.9,212.6,301.89,569.8
2024-06-01,RN-MAD-F100,A,furgoneta,2156.1,388.1,211.6,300.46,567.1
2024-07-01,RN-MAD-F100,A,furgoneta,2340.4,421.3,229.7,326.14,615.5
2024-08-01,RN-MAD-F100,A,furgoneta,1944.2,350.0,190.8,270.93,511.3
2024-09-01,RN-MAD-F100,A,furgoneta,2273.5,409.2,223.1,316.81,597.9
2024-10-01,RN-MAD-F100,A,furgoneta,2379.0,428.2,233.5,331.51,625.7
2024-11-01,RN-MAD-F100,A,furgoneta,2301.3,414.2,225.8,320.69,605.3
2024-12-01,RN-MAD-F100,A,furgoneta,2554.9,459.9,250.7,356.03,671.9
2025-01-01,RN-MAD-F100,A,furgoneta,1796.3,323.3,176.3,250.32,472.4
2025-02-01,RN-MAD-F100,A,furgoneta,2022.2,364.0,198.5,281.8,531.8
2025-03-01,RN-MAD-F100,A,furgoneta,2097.4,377.5,205.8,292.28,551.6
2025-04-01,RN-MAD-F100,A,furgoneta,2415.0,434.7,237.0,336.54,635.2
2025-05-01,RN-MAD-F100,A,furgoneta,2054.0,369.7,201.6,286.23,540.2
2025-06-01,RN-MAD-F100,A,furgoneta,2276.8,409.8,223.4,317.28,598.8
2025-07-01,RN-MAD-F100,A,furgoneta,2361.6,425.1,231.8,329.09,621.1
2025-08-01,RN-MAD-F100,A,furgoneta,1803.4,324.6,177.0,251.31,474.3
2025-09-01,RN-MAD-F100,A,furgoneta,2116.9,381.0,207.7,295.0,556.8
2025-10-01,RN-MAD-F100,A,furgoneta,2164.0,389.5,212.4,301.56,569.1
2025-11-01,RN-MAD-F100,A,furgoneta,2212.1,398.2,217.1,308.26,581.8
2025-12-01,RN-MAD-F100,A,furgoneta,2557.4,460.3,251.0,356.38,672.6
2024-01-01,RN-MAD-R001,A,rigido,3752.2,675.4,1035.4,1470.23,2774.8
2024-02-01,RN-MAD-R001,A,rigido,3562.2,641.2,983.0,1395.8,2634.3
2024-03-01,RN-MAD-R001,A,rigido,4096.2,737.3,1130.3,1605.02,3029.2
2024-04-01,RN-MAD-R001,A,rigido,4138.0,744.8,1141.8,1621.42,3060.1
2024-05-01,RN-MAD-R001,A,rigido,3780.1,680.4,1043.1,1481.17,2795.4
2024-06-01,RN-MAD-R001,A,rigido,3793.5,682.8,1046.8,1486.41,2805.3
2024-07-01,RN-MAD-R001,A,rigido,4531.6,815.7,1250.4,1775.63,3351.2
2024-08-01,RN-MAD-R001,A,rigido,4097.2,737.5,1130.6,1605.42,3029.9
2024-09-01,RN-MAD-R001,A,rigido,4503.1,810.6,1242.6,1764.48,3330.2
2024-10-01,RN-MAD-R001,A,rigido,4145.2,746.1,1143.8,1624.22,3065.4
2024-11-01,RN-MAD-R001,A,rigido,3926.1,706.7,1083.4,1538.37,2903.4
2024-12-01,RN-MAD-R001,A,rigido,4879.2,878.3,1346.4,1911.85,3608.3
2025-01-01,RN-MAD-R001,A,rigido,3665.3,659.8,1011.4,1436.2,2710.6
2025-02-01,RN-MAD-R001,A,rigido,3578.4,644.1,987.4,1402.15,2646.3
2025-03-01,RN-MAD-R001,A,rigido,3617.5,651.2,998.2,1417.48,2675.2
2025-04-01,RN-MAD-R001,A,rigido,4187.2,753.7,1155.4,1640.69,3096.5
2025-05-01,RN-MAD-R001,A,rigido,4016.0,722.9,1108.2,1573.62,2969.9
2025-06-01,RN-MAD-R001,A,rigido,4036.5,726.6,1113.8,1581.66,2985.1
2025-07-01,RN-MAD-R001,A,rigido,4633.3,834.0,1278.5,1815.47,3426.4
2025-08-01,RN-MAD-R001,A,rigido,4446.2,800.3,1226.9,1742.16,3288.0
2025-09-01,RN-MAD-R001,A,rigido,3835.4,690.4,1058.3,1502.83,2836.3
2025-10-01,RN-MAD-R001,A,rigido,3135.3,564.3,865.1,1228.5,2318.6
2025-11-01,RN-MAD-R001,A,rigido,4194.2,755.0,1157.4,1643.44,3101.7
2025-12-01,RN-MAD-R001,A,rigido,4762.1,857.2,1314.1,1865.97,3521.7
2024-01-01,RN-MAD-R002,A,rigido,3578.3,644.1,1019.3,1447.39,2731.7
2024-02-01,RN-MAD-R002,A,rigido,4152.8,747.5,1182.9,1679.74,3170.2
2024-03-01,RN-MAD-R002,A,rigido,3789.8,682.2,1079.5,1532.92,2893.1
2024-04-01,RN-MAD-R002,A,rigido,4229.9,761.4,1204.9,1710.96,3229.1
2024-05-01,RN-MAD-R002,A,rigido,4363.1,785.4,1242.8,1764.81,3330.8
2024-06-01,RN-MAD-R002,A,rigido,3850.4,693.1,1096.8,1557.44,2939.4
2024-07-01,RN-MAD-R002,A,rigido,3832.8,689.9,1091.8,1550.33,2926.0
2024-08-01,RN-MAD-R002,A,rigido,3817.1,687.1,1087.3,1543.99,2914.0
2024-09-01,RN-MAD-R002,A,rigido,3866.8,696.0,1101.4,1564.05,2951.9
2024-10-01,RN-MAD-R002,A,rigido,4353.7,783.7,1240.2,1761.01,3323.6
2024-11-01,RN-MAD-R002,A,rigido,4058.9,730.6,1156.2,1641.75,3098.5
2024-12-01,RN-MAD-R002,A,rigido,4369.2,786.5,1244.6,1767.28,3335.4
2025-01-01,RN-MAD-R002,A,rigido,3686.1,663.5,1050.0,1490.98,2814.0
2025-02-01,RN-MAD-R002,A,rigido,3654.1,657.7,1040.9,1478.03,2789.5
2025-03-01,RN-MAD-R002,A,rigido,4155.5,748.0,1183.7,1680.85,3172.3
2025-04-01,RN-MAD-R002,A,rigido,3831.6,689.7,1091.4,1549.82,2925.0
2025-05-01,RN-MAD-R002,A,rigido,3460.5,622.9,985.7,1399.71,2641.7
2025-06-01,RN-MAD-R002,A,rigido,4054.6,729.8,1155.0,1640.05,3095.3
2025-07-01,RN-MAD-R002,A,rigido,4165.6,749.8,1186.6,1684.94,3180.0
2025-08-01,RN-MAD-R002,A,rigido,3951.6,711.3,1125.6,1598.36,3016.6
2025-09-01,RN-MAD-R002,A,rigido,3881.1,698.6,1105.5,1569.85,2962.8
2025-10-01,RN-MAD-R002,A,rigido,3832.9,689.9,1091.8,1550.37,2926.1
2025-11-01,RN-MAD-R002,A,rigido,4130.8,743.5,1176.7,1670.84,3153.4
2025-12-01,RN-MAD-R002,A,rigido,4798.3,863.7,1366.8,1940.86,3663.0
2024-01-01,RN-MAD-R003,A,rigido,3553.9,639.7,959.5,1362.55,2571.6
2024-02-01,RN-MAD-R003,A,rigido,4008.8,721.6,1082.4,1536.98,2900.8
2024-03-01,RN-MAD-R003,A,rigido,3778.9,680.2,1020.3,1448.83,2734.4
2024-04-01,RN-MAD-R003,A,rigido,4032.2,725.8,1088.7,1545.95,2917.7
2024-05-01,RN-MAD-R003,A,rigido,3381.7,608.7,913.1,1296.54,2447.0
2024-06-01,RN-MAD-R003,A,rigido,4493.6,808.8,1213.3,1722.83,3251.5
2024-07-01,RN-MAD-R003,A,rigido,4274.4,769.4,1154.1,1638.79,3092.9
2024-08-01,RN-MAD-R003,A,rigido,3966.2,713.9,1070.9,1520.66,2870.0
2024-09-01,RN-MAD-R003,A,rigido,3934.7,708.2,1062.4,1508.56,2847.1
2024-10-01,RN-MAD-R003,A,rigido,4458.9,802.6,1203.9,1709.52,3226.4
2024-11-01,RN-MAD-R003,A,rigido,3752.2,675.4,1013.1,1438.59,2715.1
2024-12-01,RN-MAD-R003,A,rigido,4715.2,848.7,1273.1,1807.82,3411.9
2025-01-01,RN-MAD-R003,A,rigido,3657.8,658.4,987.6,1402.38,2646.8
2025-02-01,RN-MAD-R003,A,rigido,3614.9,650.7,976.0,1385.97,2615.8
2025-03-01,RN-MAD-R003,A,rigido,4428.5,797.1,1195.7,1697.88,3204.5
2025-04-01,RN-MAD-R003,A,rigido,4122.9,742.1,1113.2,1580.72,2983.3
2025-05-01,RN-MAD-R003,A,rigido,3843.9,691.9,1037.9,1473.76,2781.5
2025-06-01,RN-MAD-R003,A,rigido,3844.8,692.1,1038.1,1474.09,2782.1
2025-07-01,RN-MAD-R003,A,rigido,5042.2,907.6,1361.4,1933.17,3648.5
2025-08-01,RN-MAD-R003,A,rigido,4029.2,725.3,1087.9,1544.78,2915.5
2025-09-01,RN-MAD-R003,A,rigido,4484.8,807.3,1210.9,1719.48,3245.2
2025-10-01,RN-MAD-R003,A,rigido,3910.6,703.9,1055.9,1499.32,2829.7
2025-11-01,RN-MAD-R003,A,rigido,3884.3,699.2,1048.8,1489.26,2810.7
2025-12-01,RN-MAD-R003,A,rigido,4889.5,880.1,1320.2,1874.65,3538.1
2024-01-01,RN-MAD-R004,A,rigido,3661.2,659.0,1010.3,1434.61,2707.6
2024-02-01,RN-MAD-R004,A,rigido,3573.0,643.1,985.9,1400.03,2642.3
2024-03-01,RN-MAD-R004,A,rigido,3908.8,703.6,1078.6,1531.62,2890.7
2024-04-01,RN-MAD-R004,A,rigido,4349.6,782.9,1200.2,1704.31,3216.6
2024-05-01,RN-MAD-R004,A,rigido,4032.0,725.8,1112.6,1579.88,2981.7
2024-06-01,RN-MAD-R004,A,rigido,4030.1,725.4,1112.1,1579.12,2980.3
2024-07-01,RN-MAD-R004,A,rigido,3910.2,703.8,1079.0,1532.15,2891.7
2024-08-01,RN-MAD-R004,A,rigido,3272.8,589.1,903.1,1282.39,2420.3
2024-09-01,RN-MAD-R004,A,rigido,4093.7,736.9,1129.6,1604.06,3027.4
2024-10-01,RN-MAD-R004,A,rigido,3980.7,716.5,1098.4,1559.79,2943.8
2024-11-01,RN-MAD-R004,A,rigido,4113.9,740.5,1135.2,1611.97,3042.3
2024-12-01,RN-MAD-R004,A,rigido,4528.1,815.1,1249.5,1774.26,3348.6
2025-01-01,RN-MAD-R004,A,rigido,3580.5,644.5,988.0,1402.98,2647.9
2025-02-01,RN-MAD-R004,A,rigido,3618.8,651.4,998.6,1417.99,2676.2
2025-03-01,RN-MAD-R004,A,rigido,3891.3,700.4,1073.8,1524.76,2877.7
2025-04-01,RN-MAD-R004,A,rigido,4202.9,756.5,1159.7,1646.84,3108.1
2025-05-01,RN-MAD-R004,A,rigido,4492.3,808.6,1239.6,1760.26,3322.2
2025-06-01,RN-MAD-R004,A,rigido,4169.7,750.6,1150.6,1633.84,3083.6
2025-07-01,RN-MAD-R004,A,rigido,3991.2,718.4,1101.3,1563.91,2951.6
2025-08-01,RN-MAD-R004,A,rigido,3424.1,616.3,944.8,1341.67,2532.2
2025-09-01,RN-MAD-R004,A,rigido,3959.0,712.6,1092.5,1551.29,2927.8
2025-10-01,RN-MAD-R004,A,rigido,4010.3,721.9,1106.6,1571.39,2965.7
2025-11-01,RN-MAD-R004,A,rigido,4269.1,768.4,1178.0,1672.77,3157.1
2025-12-01,RN-MAD-R004,A,rigido,4660.7,838.9,1286.1,1826.24,3446.7
2024-01-01,RN-MAD-R005,A,rigido,3694.8,665.1,1019.5,1447.75,2732.4
2024-02-01,RN-MAD-R005,A,rigido,3499.7,629.9,965.7,1371.28,2588.1
2024-03-01,RN-MAD-R005,A,rigido,3963.8,713.5,1093.8,1553.17,2931.3
2024-04-01,RN-MAD-R005,A,rigido,3564.2,641.6,983.5,1396.59,2635.8
2024-05-01,RN-MAD-R005,A,rigido,4072.6,733.1,1123.8,1595.79,3011.8
2024-06-01,RN-MAD-R005,A,rigido,3915.6,704.8,1080.5,1534.25,2895.6
2024-07-01,RN-MAD-R005,A,rigido,4080.7,734.5,1126.0,1598.97,3017.8
2024-08-01,RN-MAD-R005,A,rigido,3895.4,701.2,1074.9,1526.35,2880.7
2024-09-01,RN-MAD-R005,A,rigido,4191.5,754.5,1156.6,1642.37,3099.7
2024-10-01,RN-MAD-R005,A,rigido,4266.3,767.9,1177.3,1671.7,3155.0
2024-11-01,RN-MAD-R005,A,rigido,3915.1,704.7,1080.3,1534.08,2895.3
2024-12-01,RN-MAD-R005,A,rigido,5227.4,940.9,1442.4,2048.26,3865.7
2025-01-01,RN-MAD-R005,A,rigido,4037.0,726.7,1114.0,1581.84,2985.4
2025-02-01,RN-MAD-R005,A,rigido,3911.8,704.1,1079.4,1532.76,2892.8
2025-03-01,RN-MAD-R005,A,rigido,3767.9,678.2,1039.7,1476.38,2786.4
2025-04-01,RN-MAD-R005,A,rigido,4306.1,775.1,1188.2,1687.28,3184.4
2025-05-01,RN-MAD-R005,A,rigido,4177.2,751.9,1152.6,1636.76,3089.1
2025-06-01,RN-MAD-R005,A,rigido,3988.2,717.9,1100.5,1562.72,2949.4
2025-07-01,RN-MAD-R005,A,rigido,3702.2,666.4,1021.6,1450.65,2737.8
2025-08-01,RN-MAD-R005,A,rigido,3751.8,675.3,1035.3,1470.1,2774.5
2025-09-01,RN-MAD-R005,A,rigido,3675.1,661.5,1014.1,1440.02,2717.8
2025-10-01,RN-MAD-R005,A,rigido,3881.7,698.7,1071.1,1520.97,2870.6
2025-11-01,RN-MAD-R005,A,rigido,3965.5,713.8,1094.2,1553.82,2932.6
2025-12-01,RN-MAD-R005,A,rigido,4962.1,893.2,1369.2,1944.33,3669.6
2024-01-01,RN-MAD-R006,A,rigido,4021.6,723.9,1109.7,1575.82,2974.1
2024-02-01,RN-MAD-R006,A,rigido,3240.1,583.2,894.1,1269.6,2396.1
2024-03-01,RN-MAD-R006,A,rigido,4136.9,744.6,1141.5,1620.98,3059.3
2024-04-01,RN-MAD-R006,A,rigido,3570.9,642.8,985.4,1399.22,2640.8
2024-05-01,RN-MAD-R006,A,rigido,3864.7,695.6,1066.4,1514.33,2858.0
2024-06-01,RN-MAD-R006,A,rigido,3927.4,706.9,1083.7,1538.89,2904.4
2024-07-01,RN-MAD-R006,A,rigido,3966.4,713.9,1094.5,1554.16,2933.2
2024-08-01,RN-MAD-R006,A,rigido,3887.6,699.8,1072.7,1523.28,2874.9
2024-09-01,RN-MAD-R006,A,rigido,3915.3,704.8,1080.4,1534.17,2895.5
2024-10-01,RN-MAD-R006,A,rigido,3674.3,661.4,1013.9,1439.71,2717.2
2024-11-01,RN-MAD-R006,A,rigido,4140.4,745.3,1142.5,1622.34,3061.9
2024-12-01,RN-MAD-R006,A,rigido,4695.0,845.1,1295.5,1839.67,3472.0
2025-01-01,RN-MAD-R006,A,rigido,3686.8,663.6,1017.3,1444.6,2726.4
2025-02-01,RN-MAD-R006,A,rigido,3797.3,683.5,1047.8,1487.9,2808.1
2025-03-01,RN-MAD-R006,A,rigido,4184.9,753.3,1154.8,1639.78,3094.8
2025-04-01,RN-MAD-R006,A,rigido,4367.2,786.1,1205.1,1711.22,3229.6
2025-05-01,RN-MAD-R006,A,rigido,3930.0,707.4,1084.4,1539.92,2906.3
2025-06-01,RN-MAD-R006,A,rigido,4050.6,729.1,1117.7,1587.15,2995.5
2025-07-01,RN-MAD-R006,A,rigido,4363.0,785.3,1203.9,1709.56,3226.5
2025-08-01,RN-MAD-R006,A,rigido,3323.4,598.2,917.0,1302.21,2457.7
2025-09-01,RN-MAD-R006,A,rigido,4157.2,748.3,1147.1,1628.94,3074.3
2025-10-01,RN-MAD-R006,A,rigido,3730.5,671.5,1029.4,1461.76,2758.8
2025-11-01,RN-MAD-R006,A,rigido,4102.7,738.5,1132.1,1607.59,3034.0
2025-12-01,RN-MAD-R006,A,rigido,4726.6,850.8,1304.3,1852.04,3495.4
2024-01-01,RN-MAD-R007,A,rigido,4040.5,727.3,1114.9,1583.22,2988.1
2024-02-01,RN-MAD-R007,A,rigido,3654.1,657.7,1008.3,1431.82,2702.3
2024-03-01,RN-MAD-R007,A,rigido,3966.6,714.0,1094.5,1554.24,2933.3
2024-04-01,RN-MAD-R007,A,rigido,4114.5,740.6,1135.3,1612.19,3042.7
2024-05-01,RN-MAD-R007,A,rigido,3909.6,703.7,1078.8,1531.92,2891.2
2024-06-01,RN-MAD-R007,A,rigido,4003.8,720.7,1104.8,1568.82,2960.9
2024-07-01,RN-MAD-R007,A,rigido,4103.2,738.6,1132.2,1607.78,3034.4
2024-08-01,RN-MAD-R007,A,rigido,3864.7,695.7,1066.4,1514.34,2858.1
2024-09-01,RN-MAD-R007,A,rigido,3663.0,659.3,1010.8,1435.31,2708.9
2024-10-01,RN-MAD-R007,A,rigido,3687.7,663.8,1017.6,1444.98,2727.1
2024-11-01,RN-MAD-R007,A,rigido,4090.3,736.2,1128.7,1602.71,3024.8
2024-12-01,RN-MAD-R007,A,rigido,4617.1,831.1,1274.0,1809.13,3414.4
2025-01-01,RN-MAD-R007,A,rigido,3431.6,617.7,946.9,1344.63,2537.8
2025-02-01,RN-MAD-R007,A,rigido,3976.8,715.8,1097.4,1558.25,2940.9
2025-03-01,RN-MAD-R007,A,rigido,3605.1,648.9,994.8,1412.61,2666.0
2025-04-01,RN-MAD-R007,A,rigido,4312.3,776.2,1189.9,1689.72,3189.0
2025-05-01,RN-MAD-R007,A,rigido,4413.3,794.4,1217.8,1729.29,3263.7
2025-06-01,RN-MAD-R007,A,rigido,3479.0,626.2,960.0,1363.21,2572.8
2025-07-01,RN-MAD-R007,A,rigido,4457.2,802.3,1229.9,1746.49,3296.2
2025-08-01,RN-MAD-R007,A,rigido,3847.4,692.5,1061.7,1507.56,2845.3
2025-09-01,RN-MAD-R007,A,rigido,4111.2,740.0,1134.4,1610.89,3040.3
2025-10-01,RN-MAD-R007,A,rigido,4274.5,769.4,1179.5,1674.89,3161.1
2025-11-01,RN-MAD-R007,A,rigido,4822.5,868.1,1330.7,1889.62,3566.3
2025-12-01,RN-MAD-R007,A,rigido,4509.4,811.7,1244.3,1766.95,3334.8
2024-01-01,RN-MAD-R008,A,rigido,3273.9,589.3,883.9,1255.2,2369.0
2024-02-01,RN-MAD-R008,A,rigido,3205.0,576.9,865.3,1228.78,2319.1
2024-03-01,RN-MAD-R008,A,rigido,4569.8,822.6,1233.9,1752.08,3306.7
2024-04-01,RN-MAD-R008,A,rigido,3843.4,691.8,1037.7,1473.54,2781.1
2024-05-01,RN-MAD-R008,A,rigido,4366.3,785.9,1178.9,1674.04,3159.5
2024-06-01,RN-MAD-R008,A,rigido,3622.0,652.0,977.9,1388.69,2620.9
2024-07-01,RN-MAD-R008,A,rigido,4518.7,813.4,1220.1,1732.48,3269.7
2024-08-01,RN-MAD-R008,A,rigido,3680.8,662.5,993.8,1411.23,2663.4
2024-09-01,RN-MAD-R008,A,rigido,4197.9,755.6,1133.4,1609.48,3037.6
2024-10-01,RN-MAD-R008,A,rigido,4114.2,740.6,1110.8,1577.38,2977.0
2024-11-01,RN-MAD-R008,A,rigido,3351.9,603.3,905.0,1285.11,2425.4
2024-12-01,RN-MAD-R008,A,rigido,4764.4,857.6,1286.4,1826.66,3447.5
2025-01-01,RN-MAD-R008,A,rigido,3908.1,703.5,1055.2,1498.36,2827.9
2025-02-01,RN-MAD-R008,A,rigido,3634.7,654.2,981.4,1393.55,2630.1
2025-03-01,RN-MAD-R008,A,rigido,4392.5,790.6,1186.0,1684.07,3178.4
2025-04-01,RN-MAD-R008,A,rigido,3891.4,700.5,1050.7,1491.98,2815.8
2025-05-01,RN-MAD-R008,A,rigido,4016.9,723.0,1084.6,1540.07,2906.6
2025-06-01,RN-MAD-R008,A,rigido,4193.4,754.8,1132.2,1607.75,3034.3
2025-07-01,RN-MAD-R008,A,rigido,4018.7,723.4,1085.0,1540.76,2907.9
2025-08-01,RN-MAD-R008,A,rigido,3546.4,638.3,957.5,1359.68,2566.2
2025-09-01,RN-MAD-R008,A,rigido,4640.8,835.3,1253.0,1779.27,3358.1
2025-10-01,RN-MAD-R008,A,rigido,4279.4,770.3,1155.4,1640.72,3096.6
2025-11-01,RN-MAD-R008,A,rigido,4227.5,760.9,1141.4,1620.82,3059.0
2025-12-01,RN-MAD-R008,A,rigido,4715.4,848.8,1273.2,1807.89,3412.1
2024-01-01,RN-MAD-R009,A,rigido,3341.8,601.5,922.1,1309.43,2471.3
2024-02-01,RN-MAD-R009,A,rigido,3553.0,639.5,980.4,1392.2,2627.5
2024-03-01,RN-MAD-R009,A,rigido,3806.1,685.1,1050.2,1491.35,2814.7
2024-04-01,RN-MAD-R009,A,rigido,4089.3,736.1,1128.4,1602.32,3024.1
2024-05-01,RN-MAD-R009,A,rigido,3607.9,649.4,995.6,1413.68,2668.1
2024-06-01,RN-MAD-R009,A,rigido,4055.5,730.0,1119.1,1589.07,2999.1
2024-07-01,RN-MAD-R009,A,rigido,4226.5,760.8,1166.3,1656.1,3125.6
2024-08-01,RN-MAD-R009,A,rigido,4176.0,751.7,1152.3,1636.28,3088.2
2024-09-01,RN-MAD-R009,A,rigido,3933.8,708.1,1085.5,1541.42,2909.2
2024-10-01,RN-MAD-R009,A,rigido,3395.4,611.2,936.9,1330.42,2510.9
2024-11-01,RN-MAD-R009,A,rigido,4007.9,721.4,1106.0,1570.45,2964.0
2024-12-01,RN-MAD-R009,A,rigido,4509.4,811.7,1244.3,1766.94,3334.8
2025-01-01,RN-MAD-R009,A,rigido,3389.8,610.2,935.4,1328.26,2506.9
2025-02-01,RN-MAD-R009,A,rigido,3772.3,679.0,1040.9,1478.11,2789.7
2025-03-01,RN-MAD-R009,A,rigido,3565.0,641.7,983.7,1396.88,2636.4
2025-04-01,RN-MAD-R009,A,rigido,4270.9,768.8,1178.5,1673.47,3158.4
2025-05-01,RN-MAD-R009,A,rigido,3843.6,691.9,1060.6,1506.06,2842.4
2025-06-01,RN-MAD-R009,A,rigido,3754.6,675.8,1036.1,1471.2,2776.6
2025-07-01,RN-MAD-R009,A,rigido,4309.9,775.8,1189.3,1688.76,3187.2
2025-08-01,RN-MAD-R009,A,rigido,3923.0,706.1,1082.5,1537.16,2901.1
2025-09-01,RN-MAD-R009,A,rigido,4175.2,751.5,1152.1,1635.98,3087.6
2025-10-01,RN-MAD-R009,A,rigido,4009.6,721.7,1106.4,1571.08,2965.1
2025-11-01,RN-MAD-R009,A,rigido,3755.0,675.9,1036.2,1471.35,2776.9
2025-12-01,RN-MAD-R009,A,rigido,5116.6,921.0,1411.9,2004.86,3783.8
2024-01-01,RN-MAD-R010,A,rigido,3385.6,609.4,914.1,1298.05,2449.8
2024-02-01,RN-MAD-R010,A,rigido,3384.5,609.2,913.8,1297.6,2449.0
2024-03-01,RN-MAD-R010,A,rigido,4055.4,730.0,1095.0,1554.86,2934.5
2024-04-01,RN-MAD-R010,A,rigido,4037.3,726.7,1090.1,1547.91,2921.4
2024-05-01,RN-MAD-R010,A,rigido,3890.9,700.4,1050.5,1491.75,2815.4
2024-06-01,RN-MAD-R010,A,rigido,4011.8,722.1,1083.2,1538.12,2902.9
2024-07-01,RN-MAD-R010,A,rigido,4036.8,726.6,1089.9,1547.69,2921.0
2024-08-01,RN-MAD-R010,A,rigido,3963.4,713.4,1070.1,1519.57,2867.9
2024-09-01,RN-MAD-R010,A,rigido,3781.0,680.6,1020.9,1449.62,2735.9
2024-10-01,RN-MAD-R010,A,rigido,4250.9,765.2,1147.7,1629.79,3075.9
2024-11-01,RN-MAD-R010,A,rigido,4200.1,756.0,1134.0,1610.3,3039.2
2024-12-01,RN-MAD-R010,A,rigido,4251.4,765.2,1147.9,1629.98,3076.3
2025-01-01,RN-MAD-R010,A,rigido,3535.5,636.4,954.6,1355.52,2558.3
2025-02-01,RN-MAD-R010,A,rigido,3867.5,696.2,1044.2,1482.81,2798.5
2025-03-01,RN-MAD-R010,A,rigido,3606.6,649.2,973.8,1382.76,2609.7
2025-04-01,RN-MAD-R010,A,rigido,3863.1,695.4,1043.0,1481.12,2795.4
2025-05-01,RN-MAD-R010,A,rigido,4509.3,811.7,1217.5,1728.87,3262.9
2025-06-01,RN-MAD-R010,A,rigido,4100.9,738.2,1107.2,1572.29,2967.4
2025-07-01,RN-MAD-R010,A,rigido,3938.5,708.9,1063.4,1510.04,2849.9
2025-08-01,RN-MAD-R010,A,rigido,3958.9,712.6,1068.9,1517.84,2864.7
2025-09-01,RN-MAD-R010,A,rigido,3481.2,626.6,939.9,1334.7,2519.0
2025-10-01,RN-MAD-R010,A,rigido,4006.6,721.2,1081.8,1536.13,2899.2
2025-11-01,RN-MAD-R010,A,rigido,4270.0,768.6,1152.9,1637.12,3089.8
2025-12-01,RN-MAD-R010,A,rigido,4810.8,865.9,1298.9,1844.46,3481.1
2024-01-01,RN-MAD-R011,A,rigido,4125.8,742.6,1114.0,1581.84,2985.4
2024-02-01,RN-MAD-R011,A,rigido,3407.3,613.3,920.0,1306.34,2465.5
2024-03-01,RN-MAD-R011,A,rigido,3802.5,684.5,1026.7,1457.89,2751.5
2024-04-01,RN-MAD-R011,A,rigido,4192.1,754.6,1131.9,1607.24,3033.4
2024-05-01,RN-MAD-R011,A,rigido,3496.0,629.3,943.9,1340.38,2529.7
2024-06-01,RN-MAD-R011,A,rigido,3947.3,710.5,1065.8,1513.41,2856.3
2024-07-01,RN-MAD-R011,A,rigido,4275.7,769.6,1154.4,1639.3,3093.9
2024-08-01,RN-MAD-R011,A,rigido,3904.2,702.8,1054.1,1496.87,2825.1
2024-09-01,RN-MAD-R011,A,rigido,3661.7,659.1,988.7,1403.9,2649.6
2024-10-01,RN-MAD-R011,A,rigido,3866.2,695.9,1043.9,1482.31,2797.6
2024-11-01,RN-MAD-R011,A,rigido,4393.2,790.8,1186.2,1684.37,3179.0
2024-12-01,RN-MAD-R011,A,rigido,5440.9,979.4,1469.0,2086.04,3937.0
2025-01-01,RN-MAD-R011,A,rigido,3978.8,716.2,1074.3,1525.49,2879.1
2025-02-01,RN-MAD-R011,A,rigido,3746.0,674.3,1011.4,1436.21,2710.6
2025-03-01,RN-MAD-R011,A,rigido,3796.9,683.4,1025.1,1455.71,2747.4
2025-04-01,RN-MAD-R011,A,rigido,3383.4,609.0,913.5,1297.21,2448.3
2025-05-01,RN-MAD-R011,A,rigido,3896.1,701.3,1051.9,1493.76,2819.2
2025-06-01,RN-MAD-R011,A,rigido,3689.9,664.2,996.3,1414.71,2670.0
2025-07-01,RN-MAD-R011,A,rigido,4328.5,779.1,1168.7,1659.55,3132.1
2025-08-01,RN-MAD-R011,A,rigido,3433.7,618.1,927.1,1316.5,2484.7
2025-09-01,RN-MAD-R011,A,rigido,3800.5,684.1,1026.1,1457.13,2750.1
2025-10-01,RN-MAD-R011,A,rigido,3778.8,680.2,1020.3,1448.79,2734.3
2025-11-01,RN-MAD-R011,A,rigido,4259.3,766.7,1150.0,1633.0,3082.0
2025-12-01,RN-MAD-R011,A,rigido,4076.3,733.7,1100.6,1562.86,2949.6
2024-01-01,RN-MAD-R012,A,rigido,3339.9,601.2,941.4,1336.85,2523.1
2024-02-01,RN-MAD-R012,A,rigido,3308.7,595.6,932.7,1324.37,2499.5
2024-03-01,RN-MAD-R012,A,rigido,3914.2,704.6,1103.3,1566.74,2956.9
2024-04-01,RN-MAD-R012,A,rigido,4104.5,738.8,1157.0,1642.89,3100.7
2024-05-01,RN-MAD-R012,A,rigido,3849.5,692.9,1085.1,1540.86,2908.1
2024-06-01,RN-MAD-R012,A,rigido,3974.9,715.5,1120.4,1591.04,3002.8
2024-07-01,RN-MAD-R012,A,rigido,4191.6,754.5,1181.5,1677.77,3166.5
2024-08-01,RN-MAD-R012,A,rigido,4265.3,767.8,1202.3,1707.27,3222.2
2024-09-01,RN-MAD-R012,A,rigido,3926.3,706.7,1106.7,1571.56,2966.0
2024-10-01,RN-MAD-R012,A,rigido,3397.1,611.5,957.6,1359.74,2566.3
2024-11-01,RN-MAD-R012,A,rigido,3829.2,689.3,1079.4,1532.71,2892.7
2024-12-01,RN-MAD-R012,A,rigido,5100.9,918.2,1437.8,2041.72,3853.4
2025-01-01,RN-MAD-R012,A,rigido,3417.9,615.2,963.4,1368.09,2582.0
2025-02-01,RN-MAD-R012,A,rigido,4155.7,748.0,1171.4,1663.41,3139.4
2025-03-01,RN-MAD-R012,A,rigido,3593.5,646.8,1012.9,1438.37,2714.7
2025-04-01,RN-MAD-R012,A,rigido,4152.7,747.5,1170.6,1662.22,3137.1
2025-05-01,RN-MAD-R012,A,rigido,4232.5,761.8,1193.0,1694.12,3197.4
2025-06-01,RN-MAD-R012,A,rigido,4274.8,769.5,1205.0,1711.08,3229.4
2025-07-01,RN-MAD-R012,A,rigido,4312.9,776.3,1215.7,1726.31,3258.1
2025-08-01,RN-MAD-R012,A,rigido,4231.9,761.7,1192.9,1693.91,3197.0
2025-09-01,RN-MAD-R012,A,rigido,3915.0,704.7,1103.6,1567.07,2957.6
2025-10-01,RN-MAD-R012,A,rigido,3947.5,710.6,1112.7,1580.07,2982.1
2025-11-01,RN-MAD-R012,A,rigido,4399.1,791.8,1240.0,1760.82,3323.2
2025-12-01,RN-MAD-R012,A,rigido,4811.3,866.0,1356.2,1925.83,3634.7
2024-01-01,RN-MAD-R013,A,rigido,3675.7,661.6,1025.2,1455.76,2747.5
2024-02-01,RN-MAD-R013,A,rigido,3679.0,662.2,1026.1,1457.06,2749.9
2024-03-01,RN-MAD-R013,A,rigido,4176.2,751.7,1164.8,1653.98,3121.6
2024-04-01,RN-MAD-R013,A,rigido,4452.2,801.4,1241.8,1763.3,3327.9
2024-05-01,RN-MAD-R013,A,rigido,4364.5,785.6,1217.3,1728.58,3262.4
2024-06-01,RN-MAD-R013,A,rigido,3748.0,674.6,1045.4,1484.42,2801.6
2024-07-01,RN-MAD-R013,A,rigido,4034.8,726.3,1125.4,1598.0,3015.9
2024-08-01,RN-MAD-R013,A,rigido,3643.5,655.8,1016.2,1443.02,2723.4
2024-09-01,RN-MAD-R013,A,rigido,3953.2,711.6,1102.6,1565.67,2954.9
2024-10-01,RN-MAD-R013,A,rigido,3924.4,706.4,1094.5,1554.26,2933.4
2024-11-01,RN-MAD-R013,A,rigido,3333.7,600.1,929.8,1320.3,2491.8
2024-12-01,RN-MAD-R013,A,rigido,4207.9,757.4,1173.6,1666.57,3145.3
2025-01-01,RN-MAD-R013,A,rigido,3488.1,627.9,972.9,1381.48,2607.3
2025-02-01,RN-MAD-R013,A,rigido,4012.6,722.3,1119.2,1589.21,2999.4
2025-03-01,RN-MAD-R013,A,rigido,3511.6,632.1,979.4,1390.76,2624.8
2025-04-01,RN-MAD-R013,A,rigido,4291.6,772.5,1197.0,1699.69,3207.9
2025-05-01,RN-MAD-R013,A,rigido,4128.6,743.2,1151.5,1635.15,3086.0
2025-06-01,RN-MAD-R013,A,rigido,4138.7,745.0,1154.3,1639.15,3093.6
2025-07-01,RN-MAD-R013,A,rigido,4382.7,788.9,1222.4,1735.78,3276.0
2025-08-01,RN-MAD-R013,A,rigido,3518.4,633.3,981.3,1393.45,2629.9
2025-09-01,RN-MAD-R013,A,rigido,4498.8,809.8,1254.8,1781.75,3362.7
2025-10-01,RN-MAD-R013,A,rigido,4472.4,805.0,1247.4,1771.28,3343.0
2025-11-01,RN-MAD-R013,A,rigido,4373.2,787.2,1219.7,1732.02,3268.9
2025-12-01,RN-MAD-R013,A,rigido,5015.2,902.7,1398.8,1986.28,3748.8
2024-01-01,RN-MAD-R014,A,rigido,3701.5,666.3,999.4,1419.17,2678.4
2024-02-01,RN-MAD-R014,A,rigido,3594.8,647.1,970.6,1378.23,2601.2
2024-03-01,RN-MAD-R014,A,rigido,3530.2,635.4,953.2,1353.49,2554.5
2024-04-01,RN-MAD-R014,A,rigido,3945.5,710.2,1065.3,1512.7,2855.0
2024-05-01,RN-MAD-R014,A,rigido,4054.9,729.9,1094.8,1554.66,2934.1
2024-06-01,RN-MAD-R014,A,rigido,3969.4,714.5,1071.7,1521.86,2872.2
2024-07-01,RN-MAD-R014,A,rigido,4155.2,747.9,1121.9,1593.09,3006.7
2024-08-01,RN-MAD-R014,A,rigido,4296.2,773.3,1160.0,1647.17,3108.7
2024-09-01,RN-MAD-R014,A,rigido,3781.0,680.6,1020.9,1449.63,2735.9
2024-10-01,RN-MAD-R014,A,rigido,4335.1,780.3,1170.5,1662.08,3136.9
2024-11-01,RN-MAD-R014,A,rigido,4144.6,746.0,1119.0,1589.03,2999.0
2024-12-01,RN-MAD-R014,A,rigido,4919.9,885.6,1328.4,1886.3,3560.1
2025-01-01,RN-MAD-R014,A,rigido,3832.4,689.8,1034.7,1469.33,2773.1
2025-02-01,RN-MAD-R014,A,rigido,3565.9,641.9,962.8,1367.16,2580.3
2025-03-01,RN-MAD-R014,A,rigido,4159.3,748.7,1123.0,1594.68,3009.7
2025-04-01,RN-MAD-R014,A,rigido,4279.7,770.4,1155.5,1640.85,3096.8
2025-05-01,RN-MAD-R014,A,rigido,4006.2,721.1,1081.7,1535.99,2898.9
2025-06-01,RN-MAD-R014,A,rigido,3776.0,679.7,1019.5,1447.73,2732.3
2025-07-01,RN-MAD-R014,A,rigido,3811.9,686.1,1029.2,1461.47,2758.3
2025-08-01,RN-MAD-R014,A,rigido,3825.6,688.6,1032.9,1466.73,2768.2
2025-09-01,RN-MAD-R014,A,rigido,4332.3,779.8,1169.7,1661.0,3134.9
2025-10-01,RN-MAD-R014,A,rigido,3767.8,678.2,1017.3,1444.57,2726.4
2025-11-01,RN-MAD-R014,A,rigido,4536.2,816.5,1224.8,1739.19,3282.4
2025-12-01,RN-MAD-R014,A,rigido,4703.1,846.6,1269.8,1803.17,3403.2
2024-01-01,RN-MAD-R015,A,rigido,3241.5,583.5,884.8,1256.45,2371.3
2024-02-01,RN-MAD-R015,A,rigido,3581.7,644.7,977.7,1388.33,2620.2
2024-03-01,RN-MAD-R015,A,rigido,4159.2,748.7,1135.3,1612.18,3042.7
2024-04-01,RN-MAD-R015,A,rigido,3804.1,684.7,1038.4,1474.53,2782.9
2024-05-01,RN-MAD-R015,A,rigido,3895.0,701.1,1063.2,1509.77,2849.4
2024-06-01,RN-MAD-R015,A,rigido,4120.2,741.6,1124.7,1597.05,3014.2
2024-07-01,RN-MAD-R015,A,rigido,4472.5,805.1,1220.9,1733.62,3271.9
2024-08-01,RN-MAD-R015,A,rigido,3941.8,709.5,1076.0,1527.91,2883.7
2024-09-01,RN-MAD-R015,A,rigido,3951.6,711.3,1078.7,1531.72,2890.9
2024-10-01,RN-MAD-R015,A,rigido,3919.9,705.6,1070.0,1519.43,2867.7
2024-11-01,RN-MAD-R015,A,rigido,4347.7,782.6,1186.8,1685.26,3180.6
2024-12-01,RN-MAD-R015,A,rigido,4858.9,874.6,1326.3,1883.38,3554.5
2025-01-01,RN-MAD-R015,A,rigido,4456.8,802.2,1216.6,1727.55,3260.5
2025-02-01,RN-MAD-R015,A,rigido,3837.4,690.7,1047.5,1487.44,2807.3
2025-03-01,RN-MAD-R015,A,rigido,3710.0,667.8,1012.7,1438.04,2714.1
2025-04-01,RN-MAD-R015,A,rigido,3618.5,651.3,987.7,1402.59,2647.1
2025-05-01,RN-MAD-R015,A,rigido,3737.1,672.7,1020.1,1448.56,2733.9
2025-06-01,RN-MAD-R015,A,rigido,3887.1,699.7,1061.1,1506.71,2843.6
2025-07-01,RN-MAD-R015,A,rigido,4108.5,739.5,1121.5,1592.53,3005.6
2025-08-01,RN-MAD-R015,A,rigido,3463.7,623.5,945.5,1342.6,2533.9
2025-09-01,RN-MAD-R015,A,rigido,4680.0,842.4,1277.5,1814.05,3423.7
2025-10-01,RN-MAD-R015,A,rigido,4043.3,727.8,1103.7,1567.23,2957.9
2025-11-01,RN-MAD-R015,A,rigido,4092.0,736.6,1117.0,1586.12,2993.5
2025-12-01,RN-MAD-R015,A,rigido,4538.9,817.0,1239.0,1759.37,3320.5
2024-01-01,RN-MAD-R016,A,rigido,3621.7,651.9,977.9,1388.57,2620.7
2024-02-01,RN-MAD-R016,A,rigido,3668.2,660.3,990.4,1406.4,2654.3
2024-03-01,RN-MAD-R016,A,rigido,3645.0,656.1,984.2,1397.5,2637.5
2024-04-01,RN-MAD-R016,A,rigido,4268.7,768.4,1152.6,1636.64,3088.9
2024-05-01,RN-MAD-R016,A,rigido,4345.3,782.2,1173.2,1665.99,3144.3
2024-06-01,RN-MAD-R016,A,rigido,4161.8,749.1,1123.7,1595.65,3011.5
2024-07-01,RN-MAD-R016,A,rigido,4205.7,757.0,1135.5,1612.48,3043.3
2024-08-01,RN-MAD-R016,A,rigido,3658.1,658.4,987.7,1402.5,2647.0
2024-09-01,RN-MAD-R016,A,rigido,4197.9,755.6,1133.4,1609.47,3037.6
2024-10-01,RN-MAD-R016,A,rigido,4159.2,748.7,1123.0,1594.63,3009.6
2024-11-01,RN-MAD-R016,A,rigido,4486.2,807.5,1211.3,1720.02,3246.2
2024-12-01,RN-MAD-R016,A,rigido,4561.4,821.0,1231.6,1748.83,3300.6
2025-01-01,RN-MAD-R016,A,rigido,3761.6,677.1,1015.6,1442.19,2721.9
2025-02-01,RN-MAD-R016,A,rigido,3405.9,613.1,919.6,1305.84,2464.5
2025-03-01,RN-MAD-R016,A,rigido,4148.3,746.7,1120.0,1590.47,3001.7
2025-04-01,RN-MAD-R016,A,rigido,3911.4,704.1,1056.1,1499.64,2830.3
2025-05-01,RN-MAD-R016,A,rigido,3662.5,659.2,988.9,1404.19,2650.2
2025-06-01,RN-MAD-R016,A,rigido,3910.7,703.9,1055.9,1499.38,2829.8
2025-07-01,RN-MAD-R016,A,rigido,4069.7,732.5,1098.8,1560.33,2944.8
2025-08-01,RN-MAD-R016,A,rigido,3812.0,686.2,1029.2,1461.51,2758.3
2025-09-01,RN-MAD-R016,A,rigido,4177.0,751.9,1127.8,1601.47,3022.5
2025-10-01,RN-MAD-R016,A,rigido,3838.4,690.9,1036.4,1471.63,2777.4
2025-11-01,RN-MAD-R016,A,rigido,3839.6,691.1,1036.7,1472.11,2778.4
2025-12-01,RN-MAD-R016,A,rigido,4727.2,850.9,1276.4,1812.42,3420.6
2024-01-01,RN-MAD-R017,A,rigido,3402.2,612.4,928.7,1318.77,2488.9
2024-02-01,RN-MAD-R017,A,rigido,3691.2,664.4,1007.6,1430.77,2700.3
2024-03-01,RN-MAD-R017,A,rigido,4199.3,755.9,1146.3,1627.72,3072.0
2024-04-01,RN-MAD-R017,A,rigido,3741.5,673.5,1021.3,1450.27,2737.1
2024-05-01,RN-MAD-R017,A,rigido,4215.2,758.7,1150.6,1633.9,3083.7
2024-06-01,RN-MAD-R017,A,rigido,3641.9,655.5,994.1,1411.68,2664.3
2024-07-01,RN-MAD-R017,A,rigido,3885.4,699.4,1060.6,1506.06,2842.4
2024-08-01,RN-MAD-R017,A,rigido,4145.5,746.2,1131.6,1606.85,3032.7
2024-09-01,RN-MAD-R017,A,rigido,4032.7,725.9,1100.8,1563.16,2950.2
2024-10-01,RN-MAD-R017,A,rigido,4113.2,740.4,1122.8,1594.33,3009.0
2024-11-01,RN-MAD-R017,A,rigido,3950.5,711.1,1078.4,1531.27,2890.0
2024-12-01,RN-MAD-R017,A,rigido,4766.5,858.0,1301.1,1847.58,3487.0
2025-01-01,RN-MAD-R017,A,rigido,3602.5,648.5,983.4,1396.4,2635.5
2025-02-01,RN-MAD-R017,A,rigido,3303.0,594.5,901.6,1280.29,2416.3
2025-03-01,RN-MAD-R017,A,rigido,3889.0,700.0,1061.6,1507.43,2845.0
2025-04-01,RN-MAD-R017,A,rigido,4138.3,744.9,1129.6,1604.08,3027.4
2025-05-01,RN-MAD-R017,A,rigido,4001.1,720.2,1092.2,1550.91,2927.1
2025-06-01,RN-MAD-R017,A,rigido,4293.8,772.9,1172.1,1664.35,3141.2
2025-07-01,RN-MAD-R017,A,rigido,3941.6,709.5,1075.9,1527.85,2883.5
2025-08-01,RN-MAD-R017,A,rigido,4198.7,755.8,1146.1,1627.49,3071.6
2025-09-01,RN-MAD-R017,A,rigido,3777.2,679.9,1031.1,1464.13,2763.3
2025-10-01,RN-MAD-R017,A,rigido,3628.5,653.1,990.5,1406.49,2654.5
2025-11-01,RN-MAD-R017,A,rigido,4521.1,813.8,1234.1,1752.44,3307.4
2025-12-01,RN-MAD-R017,A,rigido,4624.3,832.4,1262.3,1792.45,3382.9
2024-01-01,RN-MAD-R018,A,rigido,3589.8,646.2,979.9,1391.48,2626.2
2024-02-01,RN-MAD-R018,A,rigido,4313.8,776.5,1177.5,1672.1,3155.8
2024-03-01,RN-MAD-R018,A,rigido,4373.1,787.2,1193.7,1695.08,3199.2
2024-04-01,RN-MAD-R018,A,rigido,4009.3,721.7,1094.4,1554.07,2933.0
2024-05-01,RN-MAD-R018,A,rigido,3999.5,719.9,1091.7,1550.26,2925.8
2024-06-01,RN-MAD-R018,A,rigido,3552.4,639.4,969.7,1376.98,2598.8
2024-07-01,RN-MAD-R018,A,rigido,4559.3,820.7,1244.6,1767.27,3335.4
2024-08-01,RN-MAD-R018,A,rigido,3468.1,624.2,946.7,1344.28,2537.1
2024-09-01,RN-MAD-R018,A,rigido,4112.4,740.2,1122.6,1594.05,3008.5
2024-10-01,RN-MAD-R018,A,rigido,4252.4,765.4,1160.8,1648.3,3110.9
2024-11-01,RN-MAD-R018,A,rigido,4664.4,839.6,1273.2,1807.99,3412.3
2024-12-01,RN-MAD-R018,A,rigido,5318.7,957.4,1451.8,2061.61,3890.9
2025-01-01,RN-MAD-R018,A,rigido,3750.6,675.1,1023.8,1453.81,2743.8
2025-02-01,RN-MAD-R018,A,rigido,3547.5,638.6,968.4,1375.08,2595.2
2025-03-01,RN-MAD-R018,A,rigido,3643.0,655.7,994.4,1412.09,2665.1
2025-04-01,RN-MAD-R018,A,rigido,3818.2,687.3,1042.3,1480.02,2793.3
2025-05-01,RN-MAD-R018,A,rigido,4007.9,721.4,1094.0,1553.55,2932.1
2025-06-01,RN-MAD-R018,A,rigido,4199.4,755.9,1146.3,1627.78,3072.1
2025-07-01,RN-MAD-R018,A,rigido,4213.7,758.5,1150.2,1633.32,3082.6
2025-08-01,RN-MAD-R018,A,rigido,3907.5,703.4,1066.6,1514.62,2858.6
2025-09-01,RN-MAD-R018,A,rigido,4059.7,730.7,1108.2,1573.6,2969.9
2025-10-01,RN-MAD-R018,A,rigido,4296.5,773.4,1172.8,1665.4,3143.2
2025-11-01,RN-MAD-R018,A,rigido,3769.0,678.4,1028.8,1460.94,2757.3
2025-12-01,RN-MAD-R018,A,rigido,4728.9,851.2,1290.9,1833.01,3459.5
2024-01-01,RN-MAD-R019,A,rigido,4003.1,720.6,1116.5,1585.45,2992.3
2024-02-01,RN-MAD-R019,A,rigido,3362.5,605.3,937.8,1331.74,2513.4
2024-03-01,RN-MAD-R019,A,rigido,3598.5,647.7,1003.7,1425.19,2689.8
2024-04-01,RN-MAD-R019,A,rigido,4241.1,763.4,1182.9,1679.7,3170.1
2024-05-01,RN-MAD-R019,A,rigido,3811.1,686.0,1063.0,1509.41,2848.7
2024-06-01,RN-MAD-R019,A,rigido,3559.2,640.7,992.7,1409.63,2660.4
2024-07-01,RN-MAD-R019,A,rigido,4590.3,826.2,1280.3,1817.98,3431.1
2024-08-01,RN-MAD-R019,A,rigido,3708.2,667.5,1034.3,1468.65,2771.8
2024-09-01,RN-MAD-R019,A,rigido,3622.1,652.0,1010.3,1434.56,2707.5
2024-10-01,RN-MAD-R019,A,rigido,3451.2,621.2,962.6,1366.84,2579.7
2024-11-01,RN-MAD-R019,A,rigido,3203.8,576.7,893.6,1268.88,2394.8
2024-12-01,RN-MAD-R019,A,rigido,4774.1,859.3,1331.5,1890.79,3568.5
2025-01-01,RN-MAD-R019,A,rigido,3419.8,615.6,953.8,1354.42,2556.2
2025-02-01,RN-MAD-R019,A,rigido,3482.1,626.8,971.2,1379.11,2602.8
2025-03-01,RN-MAD-R019,A,rigido,4338.1,780.9,1209.9,1718.11,3242.6
2025-04-01,RN-MAD-R019,A,rigido,3796.8,683.4,1059.0,1503.73,2838.0
2025-05-01,RN-MAD-R019,A,rigido,3907.4,703.3,1089.8,1547.53,2920.7
2025-06-01,RN-MAD-R019,A,rigido,4192.9,754.7,1169.4,1660.62,3134.1
2025-07-01,RN-MAD-R019,A,rigido,4260.2,766.8,1188.2,1687.25,3184.4
2025-08-01,RN-MAD-R019,A,rigido,3770.0,678.6,1051.5,1493.11,2818.0
2025-09-01,RN-MAD-R019,A,rigido,4629.7,833.4,1291.3,1833.62,3460.6
2025-10-01,RN-MAD-R019,A,rigido,3627.8,653.0,1011.8,1436.81,2711.7
2025-11-01,RN-MAD-R019,A,rigido,4343.5,781.8,1211.4,1720.25,3246.7
2025-12-01,RN-MAD-R019,A,rigido,4516.2,812.9,1259.6,1788.64,3375.7
2024-01-01,RN-MAD-R020,A,rigido,4048.0,728.6,1153.1,1637.35,3090.2
2024-02-01,RN-MAD-R020,A,rigido,3500.2,630.0,997.0,1415.77,2672.0
2024-03-01,RN-MAD-R020,A,rigido,3809.2,685.6,1085.0,1540.76,2907.9
2024-04-01,RN-MAD-R020,A,rigido,3860.4,694.9,1099.6,1561.47,2947.0
2024-05-01,RN-MAD-R020,A,rigido,3414.6,614.6,972.6,1381.14,2606.7
2024-06-01,RN-MAD-R020,A,rigido,4301.2,774.2,1225.2,1739.8,3283.6
2024-07-01,RN-MAD-R020,A,rigido,4663.5,839.4,1328.4,1886.32,3560.1
2024-08-01,RN-MAD-R020,A,rigido,4248.3,764.7,1210.1,1718.39,3243.2
2024-09-01,RN-MAD-R020,A,rigido,3964.4,713.6,1129.3,1603.56,3026.4
2024-10-01,RN-MAD-R020,A,rigido,3659.9,658.8,1042.5,1480.37,2793.9
2024-11-01,RN-MAD-R020,A,rigido,4192.8,754.7,1194.3,1695.93,3200.8
2024-12-01,RN-MAD-R020,A,rigido,4509.7,811.7,1284.6,1824.1,3442.7
2025-01-01,RN-MAD-R020,A,rigido,3451.0,621.2,983.0,1395.88,2634.5
2025-02-01,RN-MAD-R020,A,rigido,3533.1,636.0,1006.4,1429.08,2697.1
2025-03-01,RN-MAD-R020,A,rigido,3619.8,651.6,1031.1,1464.17,2763.4
2025-04-01,RN-MAD-R020,A,rigido,3787.3,681.7,1078.8,1531.91,2891.2
2025-05-01,RN-MAD-R020,A,rigido,4153.2,747.6,1183.1,1679.94,3170.6
2025-06-01,RN-MAD-R020,A,rigido,3897.5,701.6,1110.2,1576.51,2975.4
2025-07-01,RN-MAD-R020,A,rigido,3955.0,711.9,1126.6,1599.76,3019.3
2025-08-01,RN-MAD-R020,A,rigido,3962.1,713.2,1128.6,1602.61,3024.7
2025-09-01,RN-MAD-R020,A,rigido,4048.3,728.7,1153.1,1637.47,3090.4
2025-10-01,RN-MAD-R020,A,rigido,3605.7,649.0,1027.1,1458.46,2752.6
2025-11-01,RN-MAD-R020,A,rigido,4455.8,802.0,1269.2,1802.31,3401.5
2025-12-01,RN-MAD-R020,A,rigido,5004.8,900.9,1425.6,2024.39,3820.7
2024-01-01,RN-MAD-R021,A,rigido,3829.3,689.3,1033.9,1468.15,2770.9
2024-02-01,RN-MAD-R021,A,rigido,3467.8,624.2,936.3,1329.57,2509.3
2024-03-01,RN-MAD-R021,A,rigido,4301.9,774.3,1161.5,1649.34,3112.8
2024-04-01,RN-MAD-R021,A,rigido,4064.8,731.7,1097.5,1558.45,2941.3
2024-05-01,RN-MAD-R021,A,rigido,3491.7,628.5,942.8,1338.71,2526.6
2024-06-01,RN-MAD-R021,A,rigido,4235.0,762.3,1143.5,1623.71,3064.5
2024-07-01,RN-MAD-R021,A,rigido,4180.1,752.4,1128.6,1602.63,3024.7
2024-08-01,RN-MAD-R021,A,rigido,3784.9,681.3,1021.9,1451.14,2738.8
2024-09-01,RN-MAD-R021,A,rigido,4609.1,829.6,1244.5,1767.13,3335.1
2024-10-01,RN-MAD-R021,A,rigido,4061.8,731.1,1096.7,1557.28,2939.1
2024-11-01,RN-MAD-R021,A,rigido,3802.4,684.4,1026.7,1457.85,2751.4
2024-12-01,RN-MAD-R021,A,rigido,5038.7,907.0,1360.5,1931.85,3646.0
2025-01-01,RN-MAD-R021,A,rigido,3756.7,676.2,1014.3,1440.33,2718.4
2025-02-01,RN-MAD-R021,A,rigido,3495.6,629.2,943.8,1340.23,2529.4
2025-03-01,RN-MAD-R021,A,rigido,3664.3,659.6,989.4,1404.91,2651.5
2025-04-01,RN-MAD-R021,A,rigido,3940.6,709.3,1064.0,1510.81,2851.4
2025-05-01,RN-MAD-R021,A,rigido,4163.8,749.5,1124.2,1596.38,3012.9
2025-06-01,RN-MAD-R021,A,rigido,4280.4,770.5,1155.7,1641.1,3097.3
2025-07-01,RN-MAD-R021,A,rigido,4641.0,835.4,1253.1,1779.37,3358.3
2025-08-01,RN-MAD-R021,A,rigido,3922.2,706.0,1059.0,1503.76,2838.1
2025-09-01,RN-MAD-R021,A,rigido,4271.3,768.8,1153.3,1637.62,3090.7
2025-10-01,RN-MAD-R021,A,rigido,4068.3,732.3,1098.5,1559.81,2943.9
2025-11-01,RN-MAD-R021,A,rigido,4232.7,761.9,1142.8,1622.8,3062.7
2025-12-01,RN-MAD-R021,A,rigido,4256.7,766.2,1149.3,1632.02,3080.2
2024-01-01,RN-MAD-R022,A,rigido,3984.9,717.3,1135.1,1611.83,3042.0
2024-02-01,RN-MAD-R022,A,rigido,3322.8,598.1,946.5,1344.03,2536.6
2024-03-01,RN-MAD-R022,A,rigido,3568.9,642.4,1016.6,1443.56,2724.5
2024-04-01,RN-MAD-R022,A,rigido,4274.7,769.4,1217.6,1729.06,3263.3
2024-05-01,RN-MAD-R022,A,rigido,3743.0,673.7,1066.2,1514.01,2857.4
2024-06-01,RN-MAD-R022,A,rigido,3973.5,715.2,1131.9,1607.23,3033.4
2024-07-01,RN-MAD-R022,A,rigido,4657.4,838.3,1326.7,1883.85,3555.4
2024-08-01,RN-MAD-R022,A,rigido,4044.3,728.0,1152.0,1635.87,3087.4
2024-09-01,RN-MAD-R022,A,rigido,3738.9,673.0,1065.0,1512.36,2854.3
2024-10-01,RN-MAD-R022,A,rigido,4193.3,754.8,1194.5,1696.14,3201.2
2024-11-01,RN-MAD-R022,A,rigido,4215.5,758.8,1200.8,1705.1,3218.1
2024-12-01,RN-MAD-R022,A,rigido,4250.4,765.1,1210.7,1719.25,3244.8
2025-01-01,RN-MAD-R022,A,rigido,3778.0,680.0,1076.2,1528.16,2884.1
2025-02-01,RN-MAD-R022,A,rigido,3631.8,653.7,1034.5,1469.01,2772.5
2025-03-01,RN-MAD-R022,A,rigido,3767.7,678.2,1073.2,1523.98,2876.2
2025-04-01,RN-MAD-R022,A,rigido,4278.7,770.2,1218.8,1730.68,3266.4
2025-05-01,RN-MAD-R022,A,rigido,4082.7,734.9,1163.0,1651.41,3116.8
2025-06-01,RN-MAD-R022,A,rigido,4330.5,779.5,1233.6,1751.65,3305.9
2025-07-01,RN-MAD-R022,A,rigido,4112.9,740.3,1171.6,1663.63,3139.8
2025-08-01,RN-MAD-R022,A,rigido,3690.8,664.3,1051.3,1492.89,2817.6
2025-09-01,RN-MAD-R022,A,rigido,4070.0,732.6,1159.3,1646.25,3107.0
2025-10-01,RN-MAD-R022,A,rigido,3971.3,714.8,1131.2,1606.35,3031.7
2025-11-01,RN-MAD-R022,A,rigido,3870.7,696.7,1102.6,1565.64,2954.9
2025-12-01,RN-MAD-R022,A,rigido,4948.5,890.7,1409.6,2001.6,3777.7
2024-01-01,RN-MAD-R023,A,rigido,3470.6,624.7,937.1,1330.62,2511.3
2024-02-01,RN-MAD-R023,A,rigido,3819.3,687.5,1031.2,1464.32,2763.6
2024-03-01,RN-MAD-R023,A,rigido,4171.9,750.9,1126.4,1599.49,3018.8
2024-04-01,RN-MAD-R023,A,rigido,4251.5,765.3,1147.9,1630.01,3076.4
2024-05-01,RN-MAD-R023,A,rigido,3771.2,678.8,1018.2,1445.87,2728.8
2024-06-01,RN-MAD-R023,A,rigido,4068.8,732.4,1098.6,1559.98,2944.2
2024-07-01,RN-MAD-R023,A,rigido,4449.1,800.8,1201.2,1705.77,3219.3
2024-08-01,RN-MAD-R023,A,rigido,3777.5,680.0,1019.9,1448.31,2733.4
2024-09-01,RN-MAD-R023,A,rigido,4204.0,756.7,1135.1,1611.83,3042.0
2024-10-01,RN-MAD-R023,A,rigido,4231.8,761.7,1142.6,1622.49,3062.2
2024-11-01,RN-MAD-R023,A,rigido,4033.8,726.1,1089.1,1546.54,2918.8
2024-12-01,RN-MAD-R023,A,rigido,4942.5,889.7,1334.5,1894.97,3576.4
2025-01-01,RN-MAD-R023,A,rigido,3942.0,709.6,1064.3,1511.36,2852.4
2025-02-01,RN-MAD-R023,A,rigido,3501.2,630.2,945.3,1342.36,2533.5
2025-03-01,RN-MAD-R023,A,rigido,3778.8,680.2,1020.3,1448.79,2734.3
2025-04-01,RN-MAD-R023,A,rigido,3700.2,666.0,999.1,1418.66,2677.5
2025-05-01,RN-MAD-R023,A,rigido,4243.8,763.9,1145.8,1627.07,3070.8
2025-06-01,RN-MAD-R023,A,rigido,4154.8,747.9,1121.8,1592.97,3006.4
2025-07-01,RN-MAD-R023,A,rigido,3545.9,638.3,957.4,1359.5,2565.8
2025-08-01,RN-MAD-R023,A,rigido,3469.5,624.5,936.8,1330.2,2510.5
2025-09-01,RN-MAD-R023,A,rigido,3730.8,671.6,1007.3,1430.4,2699.6
2025-10-01,RN-MAD-R023,A,rigido,4188.9,754.0,1131.0,1606.03,3031.1
2025-11-01,RN-MAD-R023,A,rigido,3508.9,631.6,947.4,1345.32,2539.1
2025-12-01,RN-MAD-R023,A,rigido,5359.7,964.7,1447.1,2054.9,3878.3
2024-01-01,RN-MAD-R024,A,rigido,4096.5,737.4,1106.0,1570.59,2964.2
2024-02-01,RN-MAD-R024,A,rigido,3930.2,707.4,1061.1,1506.83,2843.9
2024-03-01,RN-MAD-R024,A,rigido,3729.5,671.3,1007.0,1429.88,2698.6
2024-04-01,RN-MAD-R024,A,rigido,3117.8,561.2,841.8,1195.37,2256.0
2024-05-01,RN-MAD-R024,A,rigido,3752.1,675.4,1013.1,1438.55,2715.0
2024-06-01,RN-MAD-R024,A,rigido,3723.9,670.3,1005.5,1427.74,2694.6
2024-07-01,RN-MAD-R024,A,rigido,3627.2,652.9,979.3,1390.66,2624.6
2024-08-01,RN-MAD-R024,A,rigido,3719.7,669.6,1004.3,1426.15,2691.6
2024-09-01,RN-MAD-R024,A,rigido,4139.1,745.0,1117.6,1586.95,2995.1
2024-10-01,RN-MAD-R024,A,rigido,4529.5,815.3,1223.0,1736.61,3277.5
2024-11-01,RN-MAD-R024,A,rigido,4262.4,767.2,1150.9,1634.21,3084.3
2024-12-01,RN-MAD-R024,A,rigido,4676.3,841.7,1262.6,1792.88,3383.8
2025-01-01,RN-MAD-R024,A,rigido,3552.2,639.4,959.1,1361.93,2570.4
2025-02-01,RN-MAD-R024,A,rigido,3170.0,570.6,855.9,1215.36,2293.8
2025-03-01,RN-MAD-R024,A,rigido,4209.2,757.6,1136.5,1613.79,3045.8
2025-04-01,RN-MAD-R024,A,rigido,3196.6,575.4,863.1,1225.58,2313.1
2025-05-01,RN-MAD-R024,A,rigido,3779.4,680.3,1020.4,1449.03,2734.8
2025-06-01,RN-MAD-R024,A,rigido,3991.4,718.4,1077.7,1530.29,2888.2
2025-07-01,RN-MAD-R024,A,rigido,4575.7,823.6,1235.4,1754.32,3311.0
2025-08-01,RN-MAD-R024,A,rigido,3500.4,630.1,945.1,1342.07,2532.9
2025-09-01,RN-MAD-R024,A,rigido,3842.2,691.6,1037.4,1473.11,2780.2
2025-10-01,RN-MAD-R024,A,rigido,3838.7,691.0,1036.4,1471.75,2777.7
2025-11-01,RN-MAD-R024,A,rigido,3719.7,669.6,1004.3,1426.14,2691.6
2025-12-01,RN-MAD-R024,A,rigido,5016.3,902.9,1354.4,1923.25,3629.8
2024-01-01,RN-MAD-R025,A,rigido,3532.1,635.8,1016.6,1443.59,2724.5
2024-02-01,RN-MAD-R025,A,rigido,3560.4,640.9,1024.8,1455.17,2746.4
2024-03-01,RN-MAD-R025,A,rigido,4084.0,735.1,1175.5,1669.17,3150.3
2024-04-01,RN-MAD-R025,A,rigido,3644.8,656.1,1049.0,1489.64,2811.4
2024-05-01,RN-MAD-R025,A,rigido,4486.1,807.5,1291.2,1833.5,3460.4
2024-06-01,RN-MAD-R025,A,rigido,3605.5,649.0,1037.7,1473.58,2781.1
2024-07-01,RN-MAD-R025,A,rigido,3817.4,687.1,1098.7,1560.2,2944.6
2024-08-01,RN-MAD-R025,A,rigido,3672.7,661.1,1057.1,1501.05,2833.0
2024-09-01,RN-MAD-R025,A,rigido,3746.5,674.4,1078.3,1531.23,2889.9
2024-10-01,RN-MAD-R025,A,rigido,3974.0,715.3,1143.8,1624.19,3065.4
2024-11-01,RN-MAD-R025,A,rigido,4398.7,791.8,1266.0,1797.78,3393.0
2024-12-01,RN-MAD-R025,A,rigido,3595.7,647.2,1034.9,1469.57,2773.5
2025-01-01,RN-MAD-R025,A,rigido,3763.0,677.3,1083.1,1537.95,2902.6
2025-02-01,RN-MAD-R025,A,rigido,3822.0,688.0,1100.0,1562.05,2948.1
2025-03-01,RN-MAD-R025,A,rigido,4028.5,725.1,1159.5,1646.49,3107.5
2025-04-01,RN-MAD-R025,A,rigido,3419.3,615.5,984.2,1397.5,2637.5
2025-05-01,RN-MAD-R025,A,rigido,4271.0,768.8,1229.3,1745.59,3294.5
2025-06-01,RN-MAD-R025,A,rigido,4082.2,734.8,1174.9,1668.43,3148.9
2025-07-01,RN-MAD-R025,A,rigido,4255.5,766.0,1224.8,1739.22,3282.5
2025-08-01,RN-MAD-R025,A,rigido,3365.2,605.7,968.6,1375.38,2595.8
2025-09-01,RN-MAD-R025,A,rigido,3991.3,718.4,1148.8,1631.25,3078.7
2025-10-01,RN-MAD-R025,A,rigido,3911.8,704.1,1125.9,1598.79,3017.4
2025-11-01,RN-MAD-R025,A,rigido,3246.3,584.3,934.3,1326.76,2504.0
2025-12-01,RN-MAD-R025,A,rigido,4284.4,771.2,1233.1,1751.07,3304.8
2024-01-01,RN-MAD-R026,A,rigido,3024.5,544.4,816.6,1159.59,2188.5
2024-02-01,RN-MAD-R026,A,rigido,3389.0,610.0,915.0,1299.33,2452.3
2024-03-01,RN-MAD-R026,A,rigido,3691.3,664.4,996.7,1415.25,2671.0
2024-04-01,RN-MAD-R026,A,rigido,3578.2,644.1,966.1,1371.9,2589.2
2024-05-01,RN-MAD-R026,A,rigido,4168.4,750.3,1125.5,1598.17,3016.3
2024-06-01,RN-MAD-R026,A,rigido,3821.9,687.9,1031.9,1465.33,2765.6
2024-07-01,RN-MAD-R026,A,rigido,4633.4,834.0,1251.0,1776.45,3352.7
2024-08-01,RN-MAD-R026,A,rigido,3613.1,650.4,975.5,1385.26,2614.4
2024-09-01,RN-MAD-R026,A,rigido,4232.7,761.9,1142.8,1622.83,3062.8
2024-10-01,RN-MAD-R026,A,rigido,4109.5,739.7,1109.6,1575.58,2973.6
2024-11-01,RN-MAD-R026,A,rigido,3917.7,705.2,1057.8,1502.05,2834.9
2024-12-01,RN-MAD-R026,A,rigido,4285.1,771.3,1157.0,1642.93,3100.7
2025-01-01,RN-MAD-R026,A,rigido,3613.5,650.4,975.6,1385.42,2614.7
2025-02-01,RN-MAD-R026,A,rigido,3870.0,696.6,1044.9,1483.76,2800.3
2025-03-01,RN-MAD-R026,A,rigido,3957.2,712.3,1068.4,1517.19,2863.4
2025-04-01,RN-MAD-R026,A,rigido,4294.5,773.0,1159.5,1646.5,3107.5
2025-05-01,RN-MAD-R026,A,rigido,3907.8,703.4,1055.1,1498.26,2827.7
2025-06-01,RN-MAD-R026,A,rigido,4232.3,761.8,1142.7,1622.67,3062.5
2025-07-01,RN-MAD-R026,A,rigido,4745.8,854.3,1281.4,1819.55,3434.1
2025-08-01,RN-MAD-R026,A,rigido,3663.5,659.4,989.1,1404.58,2650.9
2025-09-01,RN-MAD-R026,A,rigido,4511.7,812.1,1218.2,1729.79,3264.7
2025-10-01,RN-MAD-R026,A,rigido,3723.9,670.3,1005.5,1427.75,2694.6
2025-11-01,RN-MAD-R026,A,rigido,4387.2,789.7,1184.5,1682.04,3174.6
2025-12-01,RN-MAD-R026,A,rigido,4041.1,727.4,1091.1,1549.37,2924.2
2024-01-01,RN-MAD-R027,A,rigido,3832.5,689.9,1034.8,1469.39,2773.2
2024-02-01,RN-MAD-R027,A,rigido,3505.2,630.9,946.4,1343.88,2536.3
2024-03-01,RN-MAD-R027,A,rigido,3735.7,672.4,1008.6,1432.28,2703.2
2024-04-01,RN-MAD-R027,A,rigido,4098.5,737.7,1106.6,1571.37,2965.7
2024-05-01,RN-MAD-R027,A,rigido,3522.8,634.1,951.2,1350.66,2549.1
2024-06-01,RN-MAD-R027,A,rigido,4085.9,735.5,1103.2,1566.54,2956.6
2024-07-01,RN-MAD-R027,A,rigido,3840.0,691.2,1036.8,1472.26,2778.6
2024-08-01,RN-MAD-R027,A,rigido,4126.3,742.7,1114.1,1582.01,2985.8
2024-09-01,RN-MAD-R027,A,rigido,4193.8,754.9,1132.3,1607.91,3034.6
2024-10-01,RN-MAD-R027,A,rigido,3959.5,712.7,1069.1,1518.07,2865.1
2024-11-01,RN-MAD-R027,A,rigido,4184.7,753.2,1129.9,1604.4,3028.0
2024-12-01,RN-MAD-R027,A,rigido,4703.5,846.6,1269.9,1803.32,3403.5
2025-01-01,RN-MAD-R027,A,rigido,3713.6,668.4,1002.7,1423.79,2687.2
2025-02-01,RN-MAD-R027,A,rigido,3383.3,609.0,913.5,1297.15,2448.1
2025-03-01,RN-MAD-R027,A,rigido,3436.6,618.6,927.9,1317.61,2486.7
2025-04-01,RN-MAD-R027,A,rigido,3964.7,713.6,1070.5,1520.06,2868.9
2025-05-01,RN-MAD-R027,A,rigido,3420.1,615.6,923.4,1311.26,2474.8
2025-06-01,RN-MAD-R027,A,rigido,3846.4,692.4,1038.5,1474.71,2783.3
2025-07-01,RN-MAD-R027,A,rigido,4566.5,822.0,1232.9,1750.79,3304.3
2025-08-01,RN-MAD-R027,A,rigido,3554.9,639.9,959.8,1362.95,2572.3
2025-09-01,RN-MAD-R027,A,rigido,3872.3,697.0,1045.5,1484.65,2802.0
2025-10-01,RN-MAD-R027,A,rigido,4235.6,762.4,1143.6,1623.95,3064.9
2025-11-01,RN-MAD-R027,A,rigido,4339.0,781.0,1171.5,1663.56,3139.7
2025-12-01,RN-MAD-R027,A,rigido,4529.2,815.2,1222.9,1736.48,3277.3
2024-01-01,RN-MAD-R028,A,rigido,3526.2,634.7,952.1,1351.96,2551.6
2024-02-01,RN-MAD-R028,A,rigido,3208.2,577.5,866.2,1230.04,2321.5
2024-03-01,RN-MAD-R028,A,rigido,3586.6,645.6,968.4,1375.12,2595.3
2024-04-01,RN-MAD-R028,A,rigido,3615.2,650.7,976.1,1386.07,2616.0
2024-05-01,RN-MAD-R028,A,rigido,3911.5,704.1,1056.1,1499.66,2830.3
2024-06-01,RN-MAD-R028,A,rigido,3782.2,680.8,1021.2,1450.1,2736.8
2024-07-01,RN-MAD-R028,A,rigido,4081.0,734.6,1101.9,1564.65,2953.0
2024-08-01,RN-MAD-R028,A,rigido,3883.4,699.0,1048.5,1488.88,2810.0
2024-09-01,RN-MAD-R028,A,rigido,3565.5,641.8,962.7,1366.99,2580.0
2024-10-01,RN-MAD-R028,A,rigido,3978.8,716.2,1074.3,1525.48,2879.1
2024-11-01,RN-MAD-R028,A,rigido,3293.7,592.9,889.3,1262.79,2383.3
2024-12-01,RN-MAD-R028,A,rigido,4759.0,856.6,1284.9,1824.6,3443.6
2025-01-01,RN-MAD-R028,A,rigido,3462.9,623.3,935.0,1327.68,2505.8
2025-02-01,RN-MAD-R028,A,rigido,3882.4,698.8,1048.2,1488.51,2809.3
2025-03-01,RN-MAD-R028,A,rigido,4061.6,731.1,1096.6,1557.22,2939.0
2025-04-01,RN-MAD-R028,A,rigido,3672.6,661.1,991.6,1408.08,2657.5
2025-05-01,RN-MAD-R028,A,rigido,3769.6,678.5,1017.8,1445.27,2727.7
2025-06-01,RN-MAD-R028,A,rigido,4432.9,797.9,1196.9,1699.57,3207.6
2025-07-01,RN-MAD-R028,A,rigido,4794.4,863.0,1294.5,1838.17,3469.2
2025-08-01,RN-MAD-R028,A,rigido,3952.3,711.4,1067.1,1515.32,2859.9
2025-09-01,RN-MAD-R028,A,rigido,4181.3,752.6,1129.0,1603.13,3025.6
2025-10-01,RN-MAD-R028,A,rigido,4142.4,745.6,1118.4,1588.2,2997.4
2025-11-01,RN-MAD-R028,A,rigido,3744.4,674.0,1011.0,1435.6,2709.4
2025-12-01,RN-MAD-R028,A,rigido,5351.0,963.2,1444.8,2051.56,3872.0
2024-01-01,RN-MAD-R029,A,rigido,3888.1,699.9,1072.9,1523.51,2875.4
2024-02-01,RN-MAD-R029,A,rigido,3914.9,704.7,1080.3,1534.0,2895.2
2024-03-01,RN-MAD-R029,A,rigido,4112.9,740.3,1134.9,1611.58,3041.6
2024-04-01,RN-MAD-R029,A,rigido,3992.1,718.6,1101.6,1564.24,2952.2
2024-05-01,RN-MAD-R029,A,rigido,4202.9,756.5,1159.7,1646.84,3108.1
2024-06-01,RN-MAD-R029,A,rigido,4439.6,799.1,1225.1,1739.59,3283.2
2024-07-01,RN-MAD-R029,A,rigido,4025.2,724.5,1110.7,1577.22,2976.7
2024-08-01,RN-MAD-R029,A,rigido,3848.5,692.7,1062.0,1507.97,2846.0
2024-09-01,RN-MAD-R029,A,rigido,3697.7,665.6,1020.3,1448.89,2734.5
2024-10-01,RN-MAD-R029,A,rigido,3852.3,693.4,1063.0,1509.46,2848.8
2024-11-01,RN-MAD-R029,A,rigido,3978.4,716.1,1097.8,1558.88,2942.1
2024-12-01,RN-MAD-R029,A,rigido,5366.1,965.9,1480.7,2102.63,3968.3
2025-01-01,RN-MAD-R029,A,rigido,3315.7,596.8,914.9,1299.21,2452.0
2025-02-01,RN-MAD-R029,A,rigido,3797.5,683.5,1047.9,1487.97,2808.3
2025-03-01,RN-MAD-R029,A,rigido,4139.8,745.2,1142.3,1622.14,3061.5
2025-04-01,RN-MAD-R029,A,rigido,3884.6,699.2,1071.9,1522.11,2872.7
2025-05-01,RN-MAD-R029,A,rigido,4146.8,746.4,1144.3,1624.86,3066.6
2025-06-01,RN-MAD-R029,A,rigido,4233.8,762.1,1168.3,1658.96,3131.0
2025-07-01,RN-MAD-R029,A,rigido,3933.5,708.0,1085.4,1541.29,2908.9
2025-08-01,RN-MAD-R029,A,rigido,3721.6,669.9,1026.9,1458.26,2752.2
2025-09-01,RN-MAD-R029,A,rigido,3978.0,716.0,1097.7,1558.71,2941.8
2025-10-01,RN-MAD-R029,A,rigido,3873.0,697.1,1068.7,1517.56,2864.1
2025-11-01,RN-MAD-R029,A,rigido,3584.4,645.2,989.1,1404.5,2650.7
2025-12-01,RN-MAD-R029,A,rigido,4637.1,834.7,1279.6,1816.99,3429.3
2024-01-01,RN-MAD-R030,A,rigido,4035.9,726.5,1101.7,1564.37,2952.5
2024-02-01,RN-MAD-R030,A,rigido,3827.3,688.9,1044.7,1483.51,2799.9
2024-03-01,RN-MAD-R030,A,rigido,3882.9,698.9,1059.9,1505.08,2840.6
2024-04-01,RN-MAD-R030,A,rigido,3985.2,717.3,1087.8,1544.72,2915.4
2024-05-01,RN-MAD-R030,A,rigido,4757.9,856.4,1298.8,1844.25,3480.7
2024-06-01,RN-MAD-R030,A,rigido,3845.6,692.2,1049.7,1490.64,2813.3
2024-07-01,RN-MAD-R030,A,rigido,4381.1,788.6,1195.9,1698.21,3205.1
2024-08-01,RN-MAD-R030,A,rigido,3664.2,659.6,1000.2,1420.3,2680.6
2024-09-01,RN-MAD-R030,A,rigido,4008.1,721.5,1094.1,1553.61,2932.2
2024-10-01,RN-MAD-R030,A,rigido,4283.7,771.1,1169.3,1660.43,3133.8
2024-11-01,RN-MAD-R030,A,rigido,4484.8,807.3,1224.2,1738.37,3280.9
2024-12-01,RN-MAD-R030,A,rigido,4824.8,868.5,1317.0,1870.18,3529.6
2025-01-01,RN-MAD-R030,A,rigido,3285.6,591.4,896.9,1273.54,2403.6
2025-02-01,RN-MAD-R030,A,rigido,3695.6,665.2,1008.8,1432.46,2703.5
2025-03-01,RN-MAD-R030,A,rigido,4096.1,737.3,1118.1,1587.71,2996.5
2025-04-01,RN-MAD-R030,A,rigido,3923.6,706.3,1071.0,1520.86,2870.4
2025-05-01,RN-MAD-R030,A,rigido,4030.3,725.4,1100.1,1562.2,2948.4
2025-06-01,RN-MAD-R030,A,rigido,4388.9,790.0,1198.0,1701.2,3210.7
2025-07-01,RN-MAD-R030,A,rigido,4576.8,823.8,1249.3,1774.04,3348.2
2025-08-01,RN-MAD-R030,A,rigido,4092.9,736.7,1117.2,1586.47,2994.2
2025-09-01,RN-MAD-R030,A,rigido,4020.4,723.7,1097.4,1558.38,2941.2
2025-10-01,RN-MAD-R030,A,rigido,4196.3,755.3,1145.5,1626.55,3069.8
2025-11-01,RN-MAD-R030,A,rigido,3713.5,668.4,1013.7,1439.4,2716.6
2025-12-01,RN-MAD-R030,A,rigido,5125.0,922.5,1399.0,1986.55,3749.3
2024-01-01,RN-MAD-R031,A,rigido,3865.3,695.8,1089.6,1547.16,2920.0
2024-02-01,RN-MAD-R031,A,rigido,3532.4,635.8,995.7,1413.9,2668.5
2024-03-01,RN-MAD-R031,A,rigido,4121.4,741.8,1161.7,1649.65,3113.4
2024-04-01,RN-MAD-R031,A,rigido,4094.9,737.1,1154.3,1639.06,3093.4
2024-05-01,RN-MAD-R031,A,rigido,4061.1,731.0,1144.8,1625.55,3067.9
2024-06-01,RN-MAD-R031,A,rigido,5060.6,910.9,1426.5,2025.62,3823.0
2024-07-01,RN-MAD-R031,A,rigido,5005.6,901.0,1411.0,2003.57,3781.4
2024-08-01,RN-MAD-R031,A,rigido,3851.9,693.4,1085.8,1541.82,2909.9
2024-09-01,RN-MAD-R031,A,rigido,4462.8,803.3,1258.0,1786.34,3371.4
2024-10-01,RN-MAD-R031,A,rigido,4003.2,720.6,1128.4,1602.37,3024.2
2024-11-01,RN-MAD-R031,A,rigido,3897.0,701.5,1098.5,1559.86,2944.0
2024-12-01,RN-MAD-R031,A,rigido,4708.7,847.6,1327.3,1884.75,3557.1
2025-01-01,RN-MAD-R031,A,rigido,3508.1,631.4,988.8,1404.17,2650.1
2025-02-01,RN-MAD-R031,A,rigido,3668.4,660.3,1034.0,1468.34,2771.2
2025-03-01,RN-MAD-R031,A,rigido,3795.1,683.1,1069.8,1519.08,2867.0
2025-04-01,RN-MAD-R031,A,rigido,3614.6,650.6,1018.9,1446.82,2730.6
2025-05-01,RN-MAD-R031,A,rigido,4340.5,781.3,1223.5,1737.37,3279.0
2025-06-01,RN-MAD-R031,A,rigido,4048.8,728.8,1141.3,1620.62,3058.6
2025-07-01,RN-MAD-R031,A,rigido,4123.5,742.2,1162.3,1650.51,3115.0
2025-08-01,RN-MAD-R031,A,rigido,3863.0,695.3,1088.9,1546.22,2918.2
2025-09-01,RN-MAD-R031,A,rigido,3374.7,607.4,951.3,1350.79,2549.4
2025-10-01,RN-MAD-R031,A,rigido,3996.7,719.4,1126.6,1599.76,3019.3
2025-11-01,RN-MAD-R031,A,rigido,4741.9,853.5,1336.6,1898.04,3582.2
2025-12-01,RN-MAD-R031,A,rigido,5150.0,927.0,1451.7,2061.38,3890.5
2024-01-01,RN-MAD-R032,A,rigido,3877.2,697.9,1081.4,1535.57,2898.1
2024-02-01,RN-MAD-R032,A,rigido,3836.0,690.5,1069.9,1519.24,2867.3
2024-03-01,RN-MAD-R032,A,rigido,3501.0,630.2,976.5,1386.56,2616.9
2024-04-01,RN-MAD-R032,A,rigido,4057.7,730.4,1131.7,1607.05,3033.0
2024-05-01,RN-MAD-R032,A,rigido,4194.2,754.9,1169.8,1661.1,3135.0
2024-06-01,RN-MAD-R032,A,rigido,3275.1,589.5,913.5,1297.12,2448.1
2024-07-01,RN-MAD-R032,A,rigido,4463.3,803.4,1244.9,1767.71,3336.2
2024-08-01,RN-MAD-R032,A,rigido,3904.7,702.8,1089.1,1546.47,2918.7
2024-09-01,RN-MAD-R032,A,rigido,4015.5,722.8,1120.0,1590.36,3001.5
2024-10-01,RN-MAD-R032,A,rigido,3521.4,633.9,982.2,1394.65,2632.2
2024-11-01,RN-MAD-R032,A,rigido,4335.3,780.4,1209.2,1717.0,3240.5
2024-12-01,RN-MAD-R032,A,rigido,5367.7,966.2,1497.1,2125.87,4012.2
2025-01-01,RN-MAD-R032,A,rigido,3489.4,628.1,973.2,1381.97,2608.2
2025-02-01,RN-MAD-R032,A,rigido,3719.6,669.5,1037.4,1473.14,2780.3
2025-03-01,RN-MAD-R032,A,rigido,4779.8,860.4,1333.1,1893.05,3572.8
2025-04-01,RN-MAD-R032,A,rigido,4244.9,764.1,1183.9,1681.2,3173.0
2025-05-01,RN-MAD-R032,A,rigido,3785.1,681.3,1055.7,1499.09,2829.3
2025-06-01,RN-MAD-R032,A,rigido,4393.4,790.8,1225.4,1740.01,3284.0
2025-07-01,RN-MAD-R032,A,rigido,3918.3,705.3,1092.8,1551.83,2928.8
2025-08-01,RN-MAD-R032,A,rigido,4114.8,740.7,1147.7,1629.69,3075.8
2025-09-01,RN-MAD-R032,A,rigido,4160.4,748.9,1160.4,1647.72,3109.8
2025-10-01,RN-MAD-R032,A,rigido,3865.4,695.8,1078.1,1530.92,2889.3
2025-11-01,RN-MAD-R032,A,rigido,4174.2,751.4,1164.2,1653.21,3120.1
2025-12-01,RN-MAD-R032,A,rigido,4736.8,852.6,1321.1,1876.03,3540.7
2024-01-01,RN-MAD-R033,A,rigido,3503.0,630.5,945.8,1343.06,2534.8
2024-02-01,RN-MAD-R033,A,rigido,3617.1,651.1,976.6,1386.81,2617.4
2024-03-01,RN-MAD-R033,A,rigido,3391.9,610.5,915.8,1300.44,2454.4
2024-04-01,RN-MAD-R033,A,rigido,4118.4,741.3,1112.0,1578.99,2980.1
2024-05-01,RN-MAD-R033,A,rigido,3544.8,638.1,957.1,1359.07,2565.0
2024-06-01,RN-MAD-R033,A,rigido,4174.9,751.5,1127.2,1600.64,3020.9
2024-07-01,RN-MAD-R033,A,rigido,4198.3,755.7,1133.5,1609.61,3037.9
2024-08-01,RN-MAD-R033,A,rigido,3581.0,644.6,966.9,1372.95,2591.2
2024-09-01,RN-MAD-R033,A,rigido,3583.1,645.0,967.4,1373.78,2592.8
2024-10-01,RN-MAD-R033,A,rigido,3831.2,689.6,1034.4,1468.88,2772.3
2024-11-01,RN-MAD-R033,A,rigido,3697.8,665.6,998.4,1417.74,2675.7
2024-12-01,RN-MAD-R033,A,rigido,5658.5,1018.5,1527.8,2169.45,4094.5
2025-01-01,RN-MAD-R033,A,rigido,3918.4,705.3,1058.0,1502.31,2835.3
2025-02-01,RN-MAD-R033,A,rigido,3564.0,641.5,962.3,1366.42,2578.9
2025-03-01,RN-MAD-R033,A,rigido,3782.5,680.8,1021.3,1450.2,2737.0
2025-04-01,RN-MAD-R033,A,rigido,3964.2,713.6,1070.3,1519.87,2868.5
2025-05-01,RN-MAD-R033,A,rigido,3824.6,688.4,1032.6,1466.35,2767.5
2025-06-01,RN-MAD-R033,A,rigido,3910.6,703.9,1055.9,1499.32,2829.7
2025-07-01,RN-MAD-R033,A,rigido,3780.4,680.5,1020.7,1449.41,2735.5
2025-08-01,RN-MAD-R033,A,rigido,3521.0,633.8,950.7,1349.95,2547.8
2025-09-01,RN-MAD-R033,A,rigido,4089.3,736.1,1104.1,1567.85,2959.0
2025-10-01,RN-MAD-R033,A,rigido,4518.2,813.3,1219.9,1732.26,3269.3
2025-11-01,RN-MAD-R033,A,rigido,4198.8,755.8,1133.7,1609.83,3038.3
2025-12-01,RN-MAD-R033,A,rigido,4588.1,825.9,1238.8,1759.09,3320.0
2024-01-01,RN-MAD-R034,A,rigido,3883.7,699.1,1083.2,1538.16,2903.0
2024-02-01,RN-MAD-R034,A,rigido,4108.7,739.6,1145.9,1627.24,3071.1
2024-03-01,RN-MAD-R034,A,rigido,3848.4,692.7,1073.3,1524.15,2876.6
2024-04-01,RN-MAD-R034,A,rigido,3839.4,691.1,1070.8,1520.58,2869.8
2024-05-01,RN-MAD-R034,A,rigido,4141.4,745.5,1155.1,1640.22,3095.6
2024-06-01,RN-MAD-R034,A,rigido,3720.0,669.6,1037.5,1473.32,2780.6
2024-07-01,RN-MAD-R034,A,rigido,4995.1,899.1,1393.2,1978.32,3733.7
2024-08-01,RN-MAD-R034,A,rigido,4117.5,741.1,1148.4,1630.73,3077.7
2024-09-01,RN-MAD-R034,A,rigido,4139.9,745.2,1154.7,1639.63,3094.5
2024-10-01,RN-MAD-R034,A,rigido,4126.8,742.8,1151.0,1634.43,3084.7
2024-11-01,RN-MAD-R034,A,rigido,4236.8,762.6,1181.7,1677.98,3166.9
2024-12-01,RN-MAD-R034,A,rigido,5266.8,948.0,1469.0,2085.92,3936.8
2025-01-01,RN-MAD-R034,A,rigido,3498.8,629.8,975.9,1385.71,2615.3
2025-02-01,RN-MAD-R034,A,rigido,4220.8,759.7,1177.2,1671.64,3154.9
2025-03-01,RN-MAD-R034,A,rigido,3982.2,716.8,1110.7,1577.18,2976.6
2025-04-01,RN-MAD-R034,A,rigido,4332.1,779.8,1208.3,1715.72,3238.1
2025-05-01,RN-MAD-R034,A,rigido,3774.9,679.5,1052.9,1495.05,2821.6
2025-06-01,RN-MAD-R034,A,rigido,4306.5,775.2,1201.1,1705.62,3219.0
2025-07-01,RN-MAD-R034,A,rigido,4048.9,728.8,1129.3,1603.56,3026.4
2025-08-01,RN-MAD-R034,A,rigido,3825.1,688.5,1066.8,1514.92,2859.2
2025-09-01,RN-MAD-R034,A,rigido,4404.8,792.9,1228.5,1744.52,3292.5
2025-10-01,RN-MAD-R034,A,rigido,3905.4,703.0,1089.2,1546.73,2919.2
2025-11-01,RN-MAD-R034,A,rigido,3632.6,653.9,1013.2,1438.7,2715.3
2025-12-01,RN-MAD-R034,A,rigido,4715.2,848.7,1315.1,1867.47,3524.5
2024-01-01,RN-MAD-R035,A,rigido,4056.7,730.2,1107.4,1572.44,2967.7
2024-02-01,RN-MAD-R035,A,rigido,3754.2,675.8,1024.8,1455.18,2746.4
2024-03-01,RN-MAD-R035,A,rigido,4025.8,724.6,1098.9,1560.45,2945.1
2024-04-01,RN-MAD-R035,A,rigido,4139.9,745.2,1130.1,1604.7,3028.6
2024-05-01,RN-MAD-R035,A,rigido,3469.1,624.4,947.0,1344.67,2537.8
2024-06-01,RN-MAD-R035,A,rigido,4073.8,733.3,1112.0,1579.07,2980.2
2024-07-01,RN-MAD-R035,A,rigido,4739.6,853.1,1293.8,1837.17,3467.3
2024-08-01,RN-MAD-R035,A,rigido,4137.7,744.8,1129.5,1603.83,3026.9
2024-09-01,RN-MAD-R035,A,rigido,4247.6,764.6,1159.5,1646.44,3107.4
2024-10-01,RN-MAD-R035,A,rigido,4136.0,744.5,1129.0,1603.17,3025.7
2024-11-01,RN-MAD-R035,A,rigido,4188.7,754.0,1143.4,1623.6,3064.3
2024-12-01,RN-MAD-R035,A,rigido,4643.8,835.9,1267.6,1800.0,3397.2
2025-01-01,RN-MAD-R035,A,rigido,3373.5,607.2,920.9,1307.64,2467.9
2025-02-01,RN-MAD-R035,A,rigido,3489.4,628.1,952.5,1352.55,2552.7
2025-03-01,RN-MAD-R035,A,rigido,3756.7,676.2,1025.5,1456.15,2748.2
2025-04-01,RN-MAD-R035,A,rigido,3563.7,641.5,972.8,1381.36,2607.1
2025-05-01,RN-MAD-R035,A,rigido,3226.4,580.7,880.7,1250.6,2360.3
2025-06-01,RN-MAD-R035,A,rigido,4404.6,792.8,1202.3,1707.29,3222.2
2025-07-01,RN-MAD-R035,A,rigido,4151.8,747.3,1133.3,1609.3,3037.3
2025-08-01,RN-MAD-R035,A,rigido,3602.2,648.4,983.3,1396.28,2635.2
2025-09-01,RN-MAD-R035,A,rigido,4078.7,734.2,1113.4,1580.99,2983.8
2025-10-01,RN-MAD-R035,A,rigido,4245.3,764.1,1158.8,1645.54,3105.7
2025-11-01,RN-MAD-R035,A,rigido,4186.8,753.6,1142.9,1622.86,3062.9
2025-12-01,RN-MAD-R035,A,rigido,4771.0,858.8,1302.3,1849.34,3490.3
2024-01-01,RN-MAD-R036,A,rigido,3678.7,662.2,993.2,1410.41,2661.9
2024-02-01,RN-MAD-R036,A,rigido,3878.7,698.2,1047.3,1487.11,2806.7
2024-03-01,RN-MAD-R036,A,rigido,3868.3,696.3,1044.5,1483.12,2799.1
2024-04-01,RN-MAD-R036,A,rigido,3974.4,715.4,1073.1,1523.77,2875.8
2024-05-01,RN-MAD-R036,A,rigido,4155.3,747.9,1121.9,1593.13,3006.8
2024-06-01,RN-MAD-R036,A,rigido,3589.3,646.1,969.1,1376.12,2597.2
2024-07-01,RN-MAD-R036,A,rigido,4650.5,837.1,1255.6,1783.01,3365.1
2024-08-01,RN-MAD-R036,A,rigido,4443.1,799.8,1199.6,1703.5,3215.1
2024-09-01,RN-MAD-R036,A,rigido,4428.9,797.2,1195.8,1698.05,3204.8
2024-10-01,RN-MAD-R036,A,rigido,4438.5,798.9,1198.4,1701.73,3211.7
2024-11-01,RN-MAD-R036,A,rigido,4223.9,760.3,1140.4,1619.44,3056.4
2024-12-01,RN-MAD-R036,A,rigido,5461.8,983.1,1474.7,2094.06,3952.2
2025-01-01,RN-MAD-R036,A,rigido,3986.0,717.5,1076.2,1528.24,2884.3
2025-02-01,RN-MAD-R036,A,rigido,3943.2,709.8,1064.7,1511.84,2853.3
2025-03-01,RN-MAD-R036,A,rigido,3987.8,717.8,1076.7,1528.91,2885.6
2025-04-01,RN-MAD-R036,A,rigido,4189.9,754.2,1131.3,1606.42,3031.8
2025-05-01,RN-MAD-R036,A,rigido,4704.3,846.8,1270.2,1803.65,3404.1
2025-06-01,RN-MAD-R036,A,rigido,4318.2,777.3,1165.9,1655.58,3124.6
2025-07-01,RN-MAD-R036,A,rigido,4568.0,822.2,1233.4,1751.39,3305.4
2025-08-01,RN-MAD-R036,A,rigido,3724.0,670.3,1005.5,1427.77,2694.7
2025-09-01,RN-MAD-R036,A,rigido,3567.5,642.1,963.2,1367.78,2581.4
2025-10-01,RN-MAD-R036,A,rigido,4914.0,884.5,1326.8,1884.05,3555.8
2025-11-01,RN-MAD-R036,A,rigido,4333.6,780.0,1170.1,1661.49,3135.8
2025-12-01,RN-MAD-R036,A,rigido,4696.4,845.4,1268.0,1800.62,3398.3
2024-01-01,RN-MAD-R037,A,rigido,3484.9,627.3,951.3,1350.81,2549.4
2024-02-01,RN-MAD-R037,A,rigido,3343.3,601.8,912.6,1295.93,2445.8
2024-03-01,RN-MAD-R037,A,rigido,4038.7,727.0,1102.4,1565.47,2954.6
2024-04-01,RN-MAD-R037,A,rigido,4026.8,724.8,1099.2,1560.87,2945.9
2024-05-01,RN-MAD-R037,A,rigido,4030.7,725.5,1100.3,1562.38,2948.7
2024-06-01,RN-MAD-R037,A,rigido,4457.2,802.3,1216.7,1727.67,3260.7
2024-07-01,RN-MAD-R037,A,rigido,4049.0,728.8,1105.3,1569.47,2962.1
2024-08-01,RN-MAD-R037,A,rigido,3888.2,699.9,1061.4,1507.12,2844.4
2024-09-01,RN-MAD-R037,A,rigido,3674.1,661.3,1002.9,1424.16,2687.9
2024-10-01,RN-MAD-R037,A,rigido,4017.0,723.1,1096.5,1557.05,2938.7
2024-11-01,RN-MAD-R037,A,rigido,4459.1,802.6,1217.2,1728.42,3262.1
2024-12-01,RN-MAD-R037,A,rigido,4620.6,831.7,1261.3,1791.04,3380.3
2025-01-01,RN-MAD-R037,A,rigido,3752.0,675.4,1024.2,1454.35,2744.8
2025-02-01,RN-MAD-R037,A,rigido,4056.6,730.2,1107.3,1572.4,2967.6
2025-03-01,RN-MAD-R037,A,rigido,3857.9,694.4,1053.1,1495.37,2822.3
2025-04-01,RN-MAD-R037,A,rigido,4048.2,728.7,1105.0,1569.16,2961.5
2025-05-01,RN-MAD-R037,A,rigido,4111.8,740.1,1122.4,1593.82,3008.0
2025-06-01,RN-MAD-R037,A,rigido,3912.7,704.3,1068.1,1516.63,2862.4
2025-07-01,RN-MAD-R037,A,rigido,4209.0,757.6,1148.9,1631.49,3079.2
2025-08-01,RN-MAD-R037,A,rigido,3941.9,709.5,1076.0,1527.96,2883.8
2025-09-01,RN-MAD-R037,A,rigido,4080.6,734.5,1113.9,1581.73,2985.2
2025-10-01,RN-MAD-R037,A,rigido,4396.4,791.4,1200.1,1704.14,3216.3
2025-11-01,RN-MAD-R037,A,rigido,3922.6,706.1,1070.8,1520.49,2869.7
2025-12-01,RN-MAD-R037,A,rigido,4739.7,853.2,1293.8,1837.2,3467.4
2024-01-01,RN-MAD-R038,A,rigido,3522.7,634.1,961.6,1365.46,2577.1
2024-02-01,RN-MAD-R038,A,rigido,3427.6,617.0,935.6,1328.58,2507.5
2024-03-01,RN-MAD-R038,A,rigido,4374.3,787.4,1194.0,1695.54,3200.0
2024-04-01,RN-MAD-R038,A,rigido,3879.3,698.3,1058.9,1503.67,2837.9
2024-05-01,RN-MAD-R038,A,rigido,4176.9,751.8,1140.2,1619.03,3055.6
2024-06-01,RN-MAD-R038,A,rigido,4011.0,722.0,1094.9,1554.74,2934.3
2024-07-01,RN-MAD-R038,A,rigido,4606.7,829.2,1257.5,1785.62,3370.0
2024-08-01,RN-MAD-R038,A,rigido,4122.8,742.1,1125.4,1598.06,3016.1
2024-09-01,RN-MAD-R038,A,rigido,4159.4,748.7,1135.4,1612.25,3042.8
2024-10-01,RN-MAD-R038,A,rigido,4121.7,741.9,1125.1,1597.64,3015.3
2024-11-01,RN-MAD-R038,A,rigido,4028.7,725.2,1099.7,1561.59,2947.2
2024-12-01,RN-MAD-R038,A,rigido,4918.1,885.3,1342.5,1906.34,3597.9
2025-01-01,RN-MAD-R038,A,rigido,3661.7,659.1,999.5,1419.35,2678.8
2025-02-01,RN-MAD-R038,A,rigido,3440.2,619.2,939.1,1333.48,2516.7
2025-03-01,RN-MAD-R038,A,rigido,3960.4,712.9,1081.1,1535.12,2897.3
2025-04-01,RN-MAD-R038,A,rigido,3957.7,712.4,1080.3,1534.09,2895.3
2025-05-01,RN-MAD-R038,A,rigido,3837.3,690.7,1047.5,1487.41,2807.2
2025-06-01,RN-MAD-R038,A,rigido,4010.3,721.8,1094.7,1554.45,2933.7
2025-07-01,RN-MAD-R038,A,rigido,3817.9,687.2,1042.2,1479.9,2793.0
2025-08-01,RN-MAD-R038,A,rigido,3683.9,663.1,1005.6,1427.94,2695.0
2025-09-01,RN-MAD-R038,A,rigido,3744.8,674.1,1022.2,1451.56,2739.6
2025-10-01,RN-MAD-R038,A,rigido,3598.1,647.7,982.2,1394.69,2632.2
2025-11-01,RN-MAD-R038,A,rigido,3731.5,671.7,1018.6,1446.4,2729.8
2025-12-01,RN-MAD-R038,A,rigido,4723.3,850.2,1289.3,1830.84,3455.4
2024-01-01,RN-MAD-R039,A,rigido,3596.9,647.4,981.9,1394.23,2631.4
2024-02-01,RN-MAD-R039,A,rigido,3710.7,667.9,1012.9,1438.34,2714.6
2024-03-01,RN-MAD-R039,A,rigido,3884.5,699.2,1060.3,1505.69,2841.7
2024-04-01,RN-MAD-R039,A,rigido,3933.7,708.1,1073.8,1524.77,2877.7
2024-05-01,RN-MAD-R039,A,rigido,4222.4,760.0,1152.6,1636.69,3089.0
2024-06-01,RN-MAD-R039,A,rigido,4205.1,756.9,1147.9,1629.98,3076.3
2024-07-01,RN-MAD-R039,A,rigido,3939.0,709.0,1075.2,1526.82,2881.6
2024-08-01,RN-MAD-R039,A,rigido,3947.5,710.6,1077.6,1530.13,2887.9
2024-09-01,RN-MAD-R039,A,rigido,4431.5,797.7,1209.7,1717.72,3241.9
2024-10-01,RN-MAD-R039,A,rigido,4179.5,752.3,1140.9,1620.03,3057.5
2024-11-01,RN-MAD-R039,A,rigido,4248.0,764.6,1159.6,1646.59,3107.6
2024-12-01,RN-MAD-R039,A,rigido,5355.2,963.9,1461.8,2075.78,3917.7
2025-01-01,RN-MAD-R039,A,rigido,3516.2,632.9,959.8,1362.94,2572.3
2025-02-01,RN-MAD-R039,A,rigido,3878.3,698.1,1058.7,1503.31,2837.2
2025-03-01,RN-MAD-R039,A,rigido,4132.5,743.8,1128.0,1601.81,3023.1
2025-04-01,RN-MAD-R039,A,rigido,3695.6,665.2,1008.8,1432.5,2703.6
2025-05-01,RN-MAD-R039,A,rigido,3951.2,711.2,1078.6,1531.57,2890.6
2025-06-01,RN-MAD-R039,A,rigido,4327.7,779.0,1181.3,1677.5,3166.0
2025-07-01,RN-MAD-R039,A,rigido,4329.1,779.2,1181.7,1678.03,3167.0
2025-08-01,RN-MAD-R039,A,rigido,3697.8,665.6,1009.4,1433.32,2705.1
2025-09-01,RN-MAD-R039,A,rigido,3982.7,716.9,1087.2,1543.78,2913.6
2025-10-01,RN-MAD-R039,A,rigido,3380.3,608.4,922.7,1310.24,2472.9
2025-11-01,RN-MAD-R039,A,rigido,3619.7,651.5,988.1,1403.04,2648.0
2025-12-01,RN-MAD-R039,A,rigido,4915.4,884.8,1341.7,1905.28,3595.9
2024-01-01,RN-MAD-R040,A,rigido,3819.2,687.5,1042.5,1480.4,2794.0
2024-02-01,RN-MAD-R040,A,rigido,3596.4,647.4,981.7,1394.04,2631.0
2024-03-01,RN-MAD-R040,A,rigido,3860.6,694.9,1053.8,1496.42,2824.2
2024-04-01,RN-MAD-R040,A,rigido,4016.7,723.0,1096.4,1556.93,2938.4
2024-05-01,RN-MAD-R040,A,rigido,3607.1,649.3,984.6,1398.17,2638.8
2024-06-01,RN-MAD-R040,A,rigido,3745.7,674.2,1022.5,1451.89,2740.2
2024-07-01,RN-MAD-R040,A,rigido,4675.2,841.5,1276.2,1812.19,3420.2
2024-08-01,RN-MAD-R040,A,rigido,3892.5,700.7,1062.5,1508.8,2847.6
2024-09-01,RN-MAD-R040,A,rigido,3502.2,630.4,956.0,1357.52,2562.1
2024-10-01,RN-MAD-R040,A,rigido,3838.6,691.0,1047.8,1487.92,2808.2
2024-11-01,RN-MAD-R040,A,rigido,4149.4,746.9,1132.7,1608.39,3035.6
2024-12-01,RN-MAD-R040,A,rigido,4907.7,883.4,1339.6,1902.3,3590.3
2025-01-01,RN-MAD-R040,A,rigido,3835.4,690.4,1046.9,1486.67,2805.8
2025-02-01,RN-MAD-R040,A,rigido,3413.2,614.4,931.7,1323.0,2496.9
2025-03-01,RN-MAD-R040,A,rigido,4026.6,724.8,1099.1,1560.79,2945.7
2025-04-01,RN-MAD-R040,A,rigido,4156.0,748.1,1134.5,1610.96,3040.4
2025-05-01,RN-MAD-R040,A,rigido,4062.5,731.2,1108.9,1574.68,2971.9
2025-06-01,RN-MAD-R040,A,rigido,4194.6,755.0,1145.0,1625.91,3068.6
2025-07-01,RN-MAD-R040,A,rigido,4136.1,744.5,1129.0,1603.24,3025.8
2025-08-01,RN-MAD-R040,A,rigido,3969.0,714.4,1083.4,1538.47,2903.6
2025-09-01,RN-MAD-R040,A,rigido,3431.2,617.6,936.6,1330.0,2510.1
2025-10-01,RN-MAD-R040,A,rigido,3930.7,707.5,1073.0,1523.62,2875.6
2025-11-01,RN-MAD-R040,A,rigido,4175.9,751.7,1139.9,1618.64,3054.9
2025-12-01,RN-MAD-R040,A,rigido,4214.7,758.7,1150.5,1633.71,3083.3
2024-01-01,RN-BCN-F001,B,furgoneta,2306.8,484.4,224.0,318.03,600.2
2024-02-01,RN-BCN-F001,B,furgoneta,2014.9,423.1,195.6,277.79,524.3
2024-03-01,RN-BCN-F001,B,furgoneta,2212.3,464.6,214.8,305.0,575.6
2024-04-01,RN-BCN-F001,B,furgoneta,2208.4,463.8,214.4,304.47,574.6
2024-05-01,RN-BCN-F001,B,furgoneta,2044.5,429.3,198.5,281.87,532.0
2024-06-01,RN-BCN-F001,B,furgoneta,2332.0,489.7,226.4,321.5,606.8
2024-07-01,RN-BCN-F001,B,furgoneta,2380.1,499.8,231.1,328.14,619.3
2024-08-01,RN-BCN-F001,B,furgoneta,1969.1,413.5,191.2,271.48,512.4
2024-09-01,RN-BCN-F001,B,furgoneta,2474.9,519.7,240.3,341.22,644.0
2024-10-01,RN-BCN-F001,B,furgoneta,2035.6,427.5,197.6,280.65,529.7
2024-11-01,RN-BCN-F001,B,furgoneta,2330.8,489.5,226.3,321.35,606.5
2024-12-01,RN-BCN-F001,B,furgoneta,2360.4,495.7,229.2,325.43,614.2
2025-01-01,RN-BCN-F001,B,furgoneta,1728.5,363.0,167.8,238.31,449.8
2025-02-01,RN-BCN-F001,B,furgoneta,2003.9,420.8,194.6,276.27,521.4
2025-03-01,RN-BCN-F001,B,furgoneta,2166.6,455.0,210.4,298.7,563.7
2025-04-01,RN-BCN-F001,B,furgoneta,2299.3,482.8,223.2,317.0,598.3
2025-05-01,RN-BCN-F001,B,furgoneta,2026.7,425.6,196.8,279.42,527.4
2025-06-01,RN-BCN-F001,B,furgoneta,1991.2,418.1,193.3,274.52,518.1
2025-07-01,RN-BCN-F001,B,furgoneta,2235.2,469.4,217.0,308.16,581.6
2025-08-01,RN-BCN-F001,B,furgoneta,2432.4,510.8,236.2,335.34,632.9
2025-09-01,RN-BCN-F001,B,furgoneta,1829.6,384.2,177.6,252.24,476.1
2025-10-01,RN-BCN-F001,B,furgoneta,2098.9,440.8,203.8,289.37,546.1
2025-11-01,RN-BCN-F001,B,furgoneta,2195.6,461.1,213.2,302.7,571.3
2025-12-01,RN-BCN-F001,B,furgoneta,2108.2,442.7,204.7,290.66,548.6
2024-01-01,RN-BCN-F002,B,furgoneta,2053.9,431.3,195.1,277.07,522.9
2024-02-01,RN-BCN-F002,B,furgoneta,1790.4,376.0,170.1,241.52,455.8
2024-03-01,RN-BCN-F002,B,furgoneta,2205.7,463.2,209.5,297.55,561.6
2024-04-01,RN-BCN-F002,B,furgoneta,2016.4,423.4,191.6,272.01,513.4
2024-05-01,RN-BCN-F002,B,furgoneta,2190.7,460.1,208.1,295.53,557.8
2024-06-01,RN-BCN-F002,B,furgoneta,2102.0,441.4,199.7,283.56,535.2
2024-07-01,RN-BCN-F002,B,furgoneta,2162.8,454.2,205.5,291.76,550.6
2024-08-01,RN-BCN-F002,B,furgoneta,1990.9,418.1,189.1,268.57,506.9
2024-09-01,RN-BCN-F002,B,furgoneta,2388.1,501.5,226.9,322.16,608.0
2024-10-01,RN-BCN-F002,B,furgoneta,2056.8,431.9,195.4,277.46,523.7
2024-11-01,RN-BCN-F002,B,furgoneta,2118.6,444.9,201.3,285.8,539.4
2024-12-01,RN-BCN-F002,B,furgoneta,2545.3,534.5,241.8,343.36,648.0
2025-01-01,RN-BCN-F002,B,furgoneta,2112.8,443.7,200.7,285.01,537.9
2025-02-01,RN-BCN-F002,B,furgoneta,1870.4,392.8,177.7,252.32,476.2
2025-03-01,RN-BCN-F002,B,furgoneta,2062.7,433.2,196.0,278.26,525.2
2025-04-01,RN-BCN-F002,B,furgoneta,2342.7,492.0,222.6,316.04,596.5
2025-05-01,RN-BCN-F002,B,furgoneta,2354.0,494.3,223.6,317.55,599.3
2025-06-01,RN-BCN-F002,B,furgoneta,2147.1,450.9,204.0,289.64,546.6
2025-07-01,RN-BCN-F002,B,furgoneta,2145.2,450.5,203.8,289.39,546.2
2025-08-01,RN-BCN-F002,B,furgoneta,2034.1,427.2,193.2,274.4,517.9
2025-09-01,RN-BCN-F002,B,furgoneta,2161.6,453.9,205.4,291.6,550.3
2025-10-01,RN-BCN-F002,B,furgoneta,1995.0,419.0,189.5,269.13,507.9
2025-11-01,RN-BCN-F002,B,furgoneta,2280.3,478.9,216.6,307.62,580.6
2025-12-01,RN-BCN-F002,B,furgoneta,2828.3,593.9,268.7,381.54,720.1
2024-01-01,RN-BCN-F003,B,furgoneta,2048.8,430.2,194.6,276.38,521.6
2024-02-01,RN-BCN-F003,B,furgoneta,1913.2,401.8,181.8,258.09,487.1
2024-03-01,RN-BCN-F003,B,furgoneta,2198.0,461.6,208.8,296.51,559.6
2024-04-01,RN-BCN-F003,B,furgoneta,1842.1,386.8,175.0,248.5,469.0
2024-05-01,RN-BCN-F003,B,furgoneta,1981.9,416.2,188.3,267.36,504.6
2024-06-01,RN-BCN-F003,B,furgoneta,1941.5,407.7,184.4,261.91,494.3
2024-07-01,RN-BCN-F003,B,furgoneta,2104.0,441.8,199.9,283.83,535.7
2024-08-01,RN-BCN-F003,B,furgoneta,1835.4,385.4,174.4,247.6,467.3
2024-09-01,RN-BCN-F003,B,furgoneta,2122.5,445.7,201.6,286.33,540.4
2024-10-01,RN-BCN-F003,B,furgoneta,2298.3,482.6,218.3,310.04,585.1
2024-11-01,RN-BCN-F003,B,furgoneta,2107.0,442.5,200.2,284.24,536.4
2024-12-01,RN-BCN-F003,B,furgoneta,2735.9,574.5,259.9,369.07,696.5
2025-01-01,RN-BCN-F003,B,furgoneta,1913.0,401.7,181.7,258.06,487.0
2025-02-01,RN-BCN-F003,B,furgoneta,1923.7,404.0,182.7,259.5,489.8
2025-03-01,RN-BCN-F003,B,furgoneta,2018.1,423.8,191.7,272.24,513.8
2025-04-01,RN-BCN-F003,B,furgoneta,1863.6,391.4,177.0,251.4,474.5
2025-05-01,RN-BCN-F003,B,furgoneta,2170.1,455.7,206.2,292.74,552.5
2025-06-01,RN-BCN-F003,B,furgoneta,2174.5,456.6,206.6,293.34,553.6
2025-07-01,RN-BCN-F003,B,furgoneta,2377.5,499.3,225.9,320.73,605.3
2025-08-01,RN-BCN-F003,B,furgoneta,2155.1,452.6,204.7,290.73,548.7
2025-09-01,RN-BCN-F003,B,furgoneta,2324.7,488.2,220.8,313.6,591.9
2025-10-01,RN-BCN-F003,B,furgoneta,2205.8,463.2,209.5,297.56,561.6
2025-11-01,RN-BCN-F003,B,furgoneta,2234.1,469.2,212.2,301.38,568.8
2025-12-01,RN-BCN-F003,B,furgoneta,2331.6,489.6,221.5,314.54,593.6
2024-01-01,RN-BCN-F004,B,furgoneta,1841.9,386.8,176.9,251.2,474.1
2024-02-01,RN-BCN-F004,B,furgoneta,2184.3,458.7,209.8,297.9,562.2
2024-03-01,RN-BCN-F004,B,furgoneta,2223.4,466.9,213.5,303.24,572.3
2024-04-01,RN-BCN-F004,B,furgoneta,2147.7,451.0,206.3,292.91,552.8
2024-05-01,RN-BCN-F004,B,furgoneta,2147.1,450.9,206.2,292.83,552.7
2024-06-01,RN-BCN-F004,B,furgoneta,2269.7,476.6,218.0,309.55,584.2
2024-07-01,RN-BCN-F004,B,furgoneta,2080.5,436.9,199.8,283.74,535.5
2024-08-01,RN-BCN-F004,B,furgoneta,1747.0,366.9,167.8,238.27,449.7
2024-09-01,RN-BCN-F004,B,furgoneta,2355.5,494.7,226.2,321.25,606.3
2024-10-01,RN-BCN-F004,B,furgoneta,2279.9,478.8,219.0,310.94,586.8
2024-11-01,RN-BCN-F004,B,furgoneta,2022.4,424.7,194.2,275.82,520.6
2024-12-01,RN-BCN-F004,B,furgoneta,2672.1,561.1,256.6,364.42,687.8
2025-01-01,RN-BCN-F004,B,furgoneta,1826.6,383.6,175.4,249.12,470.2
2025-02-01,RN-BCN-F004,B,furgoneta,2105.0,442.0,202.2,287.08,541.8
2025-03-01,RN-BCN-F004,B,furgoneta,2234.3,469.2,214.6,304.73,575.1
2025-04-01,RN-BCN-F004,B,furgoneta,1955.0,410.5,187.8,266.62,503.2
2025-05-01,RN-BCN-F004,B,furgoneta,2050.4,430.6,196.9,279.64,527.8
2025-06-01,RN-BCN-F004,B,furgoneta,2181.0,458.0,209.5,297.45,561.4
2025-07-01,RN-BCN-F004,B,furgoneta,1967.6,413.2,189.0,268.35,506.5
2025-08-01,RN-BCN-F004,B,furgoneta,2016.0,423.4,193.6,274.95,518.9
2025-09-01,RN-BCN-F004,B,furgoneta,2135.5,448.4,205.1,291.24,549.7
2025-10-01,RN-BCN-F004,B,furgoneta,2128.7,447.0,204.4,290.32,547.9
2025-11-01,RN-BCN-F004,B,furgoneta,2229.5,468.2,214.1,304.07,573.9
2025-12-01,RN-BCN-F004,B,furgoneta,2476.5,520.1,237.9,337.75,637.4
2024-01-01,RN-BCN-F005,B,furgoneta,2096.5,440.3,201.4,285.93,539.6
2024-02-01,RN-BCN-F005,B,furgoneta,1732.4,363.8,166.4,236.28,445.9
2024-03-01,RN-BCN-F005,B,furgoneta,1988.6,417.6,191.0,271.22,511.9
2024-04-01,RN-BCN-F005,B,furgoneta,2184.1,458.7,209.8,297.87,562.2
2024-05-01,RN-BCN-F005,B,furgoneta,2133.0,447.9,204.9,290.91,549.0
2024-06-01,RN-BCN-F005,B,furgoneta,2239.0,470.2,215.0,305.36,576.3
2024-07-01,RN-BCN-F005,B,furgoneta,2379.1,499.6,228.5,324.48,612.4
2024-08-01,RN-BCN-F005,B,furgoneta,2220.9,466.4,213.3,302.9,571.7
2024-09-01,RN-BCN-F005,B,furgoneta,2361.2,495.8,226.8,322.03,607.8
2024-10-01,RN-BCN-F005,B,furgoneta,2186.0,459.1,210.0,298.14,562.7
2024-11-01,RN-BCN-F005,B,furgoneta,2128.2,446.9,204.4,290.26,547.8
2024-12-01,RN-BCN-F005,B,furgoneta,2329.0,489.1,223.7,317.64,599.5
2025-01-01,RN-BCN-F005,B,furgoneta,2005.0,421.0,192.6,273.45,516.1
2025-02-01,RN-BCN-F005,B,furgoneta,1802.0,378.4,173.1,245.76,463.8
2025-03-01,RN-BCN-F005,B,furgoneta,2354.4,494.4,226.1,321.11,606.0
2025-04-01,RN-BCN-F005,B,furgoneta,2369.4,497.6,227.6,323.14,609.9
2025-05-01,RN-BCN-F005,B,furgoneta,2021.7,424.6,194.2,275.73,520.4
2025-06-01,RN-BCN-F005,B,furgoneta,2246.3,471.7,215.8,306.37,578.2
2025-07-01,RN-BCN-F005,B,furgoneta,2279.0,478.6,218.9,310.82,586.6
2025-08-01,RN-BCN-F005,B,furgoneta,2246.4,471.7,215.8,306.38,578.2
2025-09-01,RN-BCN-F005,B,furgoneta,2356.5,494.9,226.3,321.39,606.6
2025-10-01,RN-BCN-F005,B,furgoneta,2136.9,448.8,205.2,291.44,550.0
2025-11-01,RN-BCN-F005,B,furgoneta,2239.3,470.2,215.1,305.4,576.4
2025-12-01,RN-BCN-F005,B,furgoneta,2701.2,567.2,259.4,368.4,695.3
2024-01-01,RN-BCN-F006,B,furgoneta,2167.9,455.3,212.7,302.1,570.2
2024-02-01,RN-BCN-F006,B,furgoneta,1834.9,385.3,180.1,255.7,482.6
2024-03-01,RN-BCN-F006,B,furgoneta,1996.5,419.3,195.9,278.22,525.1
2024-04-01,RN-BCN-F006,B,furgoneta,2276.0,478.0,223.4,317.17,598.6
2024-05-01,RN-BCN-F006,B,furgoneta,2159.1,453.4,211.9,300.87,567.8
2024-06-01,RN-BCN-F006,B,furgoneta,2020.8,424.4,198.3,281.6,531.5
2024-07-01,RN-BCN-F006,B,furgoneta,2048.7,430.2,201.1,285.49,538.8
2024-08-01,RN-BCN-F006,B,furgoneta,2018.7,423.9,198.1,281.31,530.9
2024-09-01,RN-BCN-F006,B,furgoneta,2163.4,454.3,212.3,301.47,569.0
2024-10-01,RN-BCN-F006,B,furgoneta,1965.8,412.8,192.9,273.94,517.0
2024-11-01,RN-BCN-F006,B,furgoneta,2392.5,502.4,234.8,333.4,629.2
2024-12-01,RN-BCN-F006,B,furgoneta,2567.2,539.1,251.9,357.74,675.2
2025-01-01,RN-BCN-F006,B,furgoneta,2243.4,471.1,220.2,312.62,590.0
2025-02-01,RN-BCN-F006,B,furgoneta,1921.9,403.6,188.6,267.82,505.5
2025-03-01,RN-BCN-F006,B,furgoneta,2149.6,451.4,211.0,299.55,565.3
2025-04-01,RN-BCN-F006,B,furgoneta,2056.1,431.8,201.8,286.53,540.8
2025-05-01,RN-BCN-F006,B,furgoneta,2210.4,464.2,216.9,308.02,581.3
2025-06-01,RN-BCN-F006,B,furgoneta,2234.6,469.3,219.3,311.39,587.7
2025-07-01,RN-BCN-F006,B,furgoneta,2314.8,486.1,227.2,322.58,608.8
2025-08-01,RN-BCN-F006,B,furgoneta,1943.3,408.1,190.7,270.8,511.1
2025-09-01,RN-BCN-F006,B,furgoneta,2175.8,456.9,213.5,303.2,572.2
2025-10-01,RN-BCN-F006,B,furgoneta,2214.1,465.0,217.3,308.54,582.3
2025-11-01,RN-BCN-F006,B,furgoneta,2217.7,465.7,217.6,309.05,583.3
2025-12-01,RN-BCN-F006,B,furgoneta,2592.3,544.4,254.4,361.24,681.8
2024-01-01,RN-BCN-F007,B,furgoneta,2093.7,439.7,201.1,285.55,538.9
2024-02-01,RN-BCN-F007,B,furgoneta,1928.6,405.0,185.2,263.03,496.4
2024-03-01,RN-BCN-F007,B,furgoneta,2020.0,424.2,194.0,275.5,520.0
2024-04-01,RN-BCN-F007,B,furgoneta,2105.3,442.1,202.2,287.12,541.9
2024-05-01,RN-BCN-F007,B,furgoneta,2264.7,475.6,217.5,308.87,582.9
2024-06-01,RN-BCN-F007,B,furgoneta,2090.1,438.9,200.7,285.06,538.0
2024-07-01,RN-BCN-F007,B,furgoneta,2198.1,461.6,211.1,299.78,565.8
2024-08-01,RN-BCN-F007,B,furgoneta,2125.1,446.3,204.1,289.83,547.0
2024-09-01,RN-BCN-F007,B,furgoneta,2240.2,470.4,215.2,305.53,576.6
2024-10-01,RN-BCN-F007,B,furgoneta,1969.6,413.6,189.2,268.62,507.0
2024-11-01,RN-BCN-F007,B,furgoneta,2396.8,503.3,230.2,326.88,616.9
2024-12-01,RN-BCN-F007,B,furgoneta,2786.4,585.1,267.6,380.02,717.2
2025-01-01,RN-BCN-F007,B,furgoneta,1913.4,401.8,183.8,260.96,492.5
2025-02-01,RN-BCN-F007,B,furgoneta,1692.3,355.4,162.5,230.8,435.6
2025-03-01,RN-BCN-F007,B,furgoneta,1882.2,395.3,180.8,256.7,484.5
2025-04-01,RN-BCN-F007,B,furgoneta,2300.2,483.0,220.9,313.7,592.1
2025-05-01,RN-BCN-F007,B,furgoneta,2100.6,441.1,201.7,286.48,540.7
2025-06-01,RN-BCN-F007,B,furgoneta,2326.3,488.5,223.4,317.27,598.8
2025-07-01,RN-BCN-F007,B,furgoneta,2254.6,473.5,216.5,307.49,580.3
2025-08-01,RN-BCN-F007,B,furgoneta,2074.0,435.5,199.2,282.87,533.9
2025-09-01,RN-BCN-F007,B,furgoneta,2325.3,488.3,223.3,317.13,598.5
2025-10-01,RN-BCN-F007,B,furgoneta,2199.2,461.8,211.2,299.93,566.1
2025-11-01,RN-BCN-F007,B,furgoneta,2280.8,479.0,219.1,311.07,587.1
2025-12-01,RN-BCN-F007,B,furgoneta,2906.4,610.3,279.1,396.38,748.1
2024-01-01,RN-BCN-F008,B,furgoneta,2017.0,423.6,193.7,275.09,519.2
2024-02-01,RN-BCN-F008,B,furgoneta,1861.3,390.9,178.8,253.85,479.1
2024-03-01,RN-BCN-F008,B,furgoneta,2242.0,470.8,215.3,305.77,577.1
2024-04-01,RN-BCN-F008,B,furgoneta,2147.6,451.0,206.3,292.9,552.8
2024-05-01,RN-BCN-F008,B,furgoneta,2245.7,471.6,215.7,306.28,578.1
2024-06-01,RN-BCN-F008,B,furgoneta,2081.1,437.0,199.9,283.83,535.7
2024-07-01,RN-BCN-F008,B,furgoneta,2344.1,492.3,225.1,319.7,603.4
2024-08-01,RN-BCN-F008,B,furgoneta,2434.0,511.1,233.8,331.96,626.5
2024-09-01,RN-BCN-F008,B,furgoneta,2167.5,455.2,208.2,295.62,557.9
2024-10-01,RN-BCN-F008,B,furgoneta,2095.1,440.0,201.2,285.74,539.3
2024-11-01,RN-BCN-F008,B,furgoneta,2058.5,432.3,197.7,280.75,529.9
2024-12-01,RN-BCN-F008,B,furgoneta,2380.1,499.8,228.6,324.6,612.6
2025-01-01,RN-BCN-F008,B,furgoneta,1875.2,393.8,180.1,255.75,482.7
2025-02-01,RN-BCN-F008,B,furgoneta,1856.3,389.8,178.3,253.17,477.8
2025-03-01,RN-BCN-F008,B,furgoneta,2198.2,461.6,211.1,299.8,565.8
2025-04-01,RN-BCN-F008,B,furgoneta,2107.3,442.5,202.4,287.4,542.4
2025-05-01,RN-BCN-F008,B,furgoneta,2021.5,424.5,194.2,275.7,520.3
2025-06-01,RN-BCN-F008,B,furgoneta,2005.7,421.2,192.6,273.54,516.3
2025-07-01,RN-BCN-F008,B,furgoneta,2316.8,486.5,222.5,315.97,596.3
2025-08-01,RN-BCN-F008,B,furgoneta,2240.1,470.4,215.1,305.51,576.6
2025-09-01,RN-BCN-F008,B,furgoneta,2201.9,462.4,211.5,300.3,566.8
2025-10-01,RN-BCN-F008,B,furgoneta,2283.1,479.5,219.3,311.38,587.7
2025-11-01,RN-BCN-F008,B,furgoneta,2436.3,511.6,234.0,332.27,627.1
2025-12-01,RN-BCN-F008,B,furgoneta,2396.4,503.2,230.2,326.83,616.8
2024-01-01,RN-BCN-F009,B,furgoneta,1845.2,387.5,179.1,254.39,480.1
2024-02-01,RN-BCN-F009,B,furgoneta,2105.8,442.2,204.4,290.32,547.9
2024-03-01,RN-BCN-F009,B,furgoneta,2097.6,440.5,203.7,289.19,545.8
2024-04-01,RN-BCN-F009,B,furgoneta,2297.0,482.4,223.0,316.69,597.7
2024-05-01,RN-BCN-F009,B,furgoneta,2344.9,492.4,227.7,323.29,610.2
2024-06-01,RN-BCN-F009,B,furgoneta,2290.2,480.9,222.4,315.74,595.9
2024-07-01,RN-BCN-F009,B,furgoneta,2105.8,442.2,204.5,290.32,547.9
2024-08-01,RN-BCN-F009,B,furgoneta,2166.2,454.9,210.3,298.64,563.6
2024-09-01,RN-BCN-F009,B,furgoneta,2118.1,444.8,205.6,292.02,551.1
2024-10-01,RN-BCN-F009,B,furgoneta,2280.1,478.8,221.4,314.36,593.3
2024-11-01,RN-BCN-F009,B,furgoneta,2326.8,488.6,225.9,320.79,605.4
2024-12-01,RN-BCN-F009,B,furgoneta,2633.7,553.1,255.7,363.1,685.3
2025-01-01,RN-BCN-F009,B,furgoneta,2049.5,430.4,199.0,282.56,533.3
2025-02-01,RN-BCN-F009,B,furgoneta,1784.4,374.7,173.3,246.02,464.3
2025-03-01,RN-BCN-F009,B,furgoneta,2092.7,439.5,203.2,288.51,544.5
2025-04-01,RN-BCN-F009,B,furgoneta,1859.6,390.5,180.5,256.38,483.9
2025-05-01,RN-BCN-F009,B,furgoneta,2135.2,448.4,207.3,294.37,555.6
2025-06-01,RN-BCN-F009,B,furgoneta,2211.9,464.5,214.8,304.95,575.5
2025-07-01,RN-BCN-F009,B,furgoneta,2468.0,518.3,239.6,340.26,642.2
2025-08-01,RN-BCN-F009,B,furgoneta,2433.7,511.1,236.3,335.53,633.2
2025-09-01,RN-BCN-F009,B,furgoneta,2169.4,455.6,210.6,299.09,564.5
2025-10-01,RN-BCN-F009,B,furgoneta,2179.8,457.8,211.6,300.53,567.2
2025-11-01,RN-BCN-F009,B,furgoneta,2055.9,431.7,199.6,283.45,535.0
2025-12-01,RN-BCN-F009,B,furgoneta,2666.7,560.0,258.9,367.66,693.9
2024-01-01,RN-BCN-F010,B,furgoneta,2106.4,442.3,200.1,284.15,536.3
2024-02-01,RN-BCN-F010,B,furgoneta,1959.5,411.5,186.1,264.33,498.9
2024-03-01,RN-BCN-F010,B,furgoneta,2122.8,445.8,201.7,286.37,540.5
2024-04-01,RN-BCN-F010,B,furgoneta,2153.2,452.2,204.6,290.46,548.2
2024-05-01,RN-BCN-F010,B,furgoneta,2237.5,469.9,212.6,301.84,569.7
2024-06-01,RN-BCN-F010,B,furgoneta,1993.6,418.7,189.4,268.94,507.6
2024-07-01,RN-BCN-F010,B,furgoneta,2275.4,477.8,216.2,306.95,579.3
2024-08-01,RN-BCN-F010,B,furgoneta,2002.1,420.4,190.2,270.08,509.7
2024-09-01,RN-BCN-F010,B,furgoneta,2309.2,484.9,219.4,311.51,587.9
2024-10-01,RN-BCN-F010,B,furgoneta,2297.9,482.6,218.3,309.99,585.0
2024-11-01,RN-BCN-F010,B,furgoneta,2122.4,445.7,201.6,286.31,540.4
2024-12-01,RN-BCN-F010,B,furgoneta,2623.7,551.0,249.3,353.94,668.0
2025-01-01,RN-BCN-F010,B,furgoneta,2214.6,465.1,210.4,298.74,563.8
2025-02-01,RN-BCN-F010,B,furgoneta,2125.6,446.4,201.9,286.74,541.2
2025-03-01,RN-BCN-F010,B,furgoneta,2060.0,432.6,195.7,277.89,524.5
2025-04-01,RN-BCN-F010,B,furgoneta,2316.1,486.4,220.0,312.44,589.7
2025-05-01,RN-BCN-F010,B,furgoneta,2312.4,485.6,219.7,311.95,588.7
2025-06-01,RN-BCN-F010,B,furgoneta,2347.7,493.0,223.0,316.7,597.7
2025-07-01,RN-BCN-F010,B,furgoneta,2348.8,493.2,223.1,316.85,598.0
2025-08-01,RN-BCN-F010,B,furgoneta,2219.6,466.1,210.9,299.43,565.1
2025-09-01,RN-BCN-F010,B,furgoneta,2282.9,479.4,216.9,307.96,581.2
2025-10-01,RN-BCN-F010,B,furgoneta,2142.6,449.9,203.5,289.03,545.5
2025-11-01,RN-BCN-F010,B,furgoneta,2356.4,494.8,223.9,317.88,599.9
2025-12-01,RN-BCN-F010,B,furgoneta,2782.0,584.2,264.3,375.29,708.3
2024-01-01,RN-BCN-F011,B,furgoneta,1823.3,382.9,175.1,248.67,469.3
2024-02-01,RN-BCN-F011,B,furgoneta,2012.8,422.7,193.3,274.52,518.1
2024-03-01,RN-BCN-F011,B,furgoneta,1967.2,413.1,188.9,268.3,506.4
2024-04-01,RN-BCN-F011,B,furgoneta,2037.2,427.8,195.7,277.85,524.4
2024-05-01,RN-BCN-F011,B,furgoneta,2038.2,428.0,195.8,277.98,524.6
2024-06-01,RN-BCN-F011,B,furgoneta,2319.8,487.2,222.8,316.38,597.1
2024-07-01,RN-BCN-F011,B,furgoneta,2307.8,484.6,221.7,314.75,594.0
2024-08-01,RN-BCN-F011,B,furgoneta,1939.4,407.3,186.3,264.5,499.2
2024-09-01,RN-BCN-F011,B,furgoneta,2317.3,486.6,222.6,316.04,596.5
2024-10-01,RN-BCN-F011,B,furgoneta,2169.0,455.5,208.3,295.82,558.3
2024-11-01,RN-BCN-F011,B,furgoneta,2123.2,445.9,203.9,289.57,546.5
2024-12-01,RN-BCN-F011,B,furgoneta,2447.3,513.9,235.0,333.77,629.9
2025-01-01,RN-BCN-F011,B,furgoneta,2016.3,423.4,193.7,275.0,519.0
2025-02-01,RN-BCN-F011,B,furgoneta,1850.3,388.6,177.7,252.35,476.3
2025-03-01,RN-BCN-F011,B,furgoneta,2127.9,446.9,204.4,290.21,547.7
2025-04-01,RN-BCN-F011,B,furgoneta,2262.5,475.1,217.3,308.56,582.4
2025-05-01,RN-BCN-F011,B,furgoneta,2312.7,485.7,222.1,315.42,595.3
2025-06-01,RN-BCN-F011,B,furgoneta,1897.2,398.4,182.2,258.75,488.3
2025-07-01,RN-BCN-F011,B,furgoneta,2259.9,474.6,217.0,308.21,581.7
2025-08-01,RN-BCN-F011,B,furgoneta,2011.5,422.4,193.2,274.33,517.8
2025-09-01,RN-BCN-F011,B,furgoneta,1930.9,405.5,185.4,263.34,497.0
2025-10-01,RN-BCN-F011,B,furgoneta,2066.2,433.9,198.4,281.8,531.8
2025-11-01,RN-BCN-F011,B,furgoneta,2321.8,487.6,223.0,316.66,597.6
2025-12-01,RN-BCN-F011,B,furgoneta,2699.4,566.9,259.3,368.16,694.8
2024-01-01,RN-BCN-F012,B,furgoneta,2177.0,457.2,206.8,293.67,554.3
2024-02-01,RN-BCN-F012,B,furgoneta,1967.0,413.1,186.9,265.34,500.8
2024-03-01,RN-BCN-F012,B,furgoneta,2030.8,426.5,192.9,273.95,517.0
2024-04-01,RN-BCN-F012,B,furgoneta,1819.7,382.1,172.9,245.48,463.3
2024-05-01,RN-BCN-F012,B,furgoneta,2134.3,448.2,202.8,287.92,543.4
2024-06-01,RN-BCN-F012,B,furgoneta,2076.0,436.0,197.2,280.05,528.5
2024-07-01,RN-BCN-F012,B,furgoneta,2560.5,537.7,243.2,345.41,651.9
2024-08-01,RN-BCN-F012,B,furgoneta,1890.5,397.0,179.6,255.03,481.3
2024-09-01,RN-BCN-F012,B,furgoneta,2058.6,432.3,195.6,277.71,524.1
2024-10-01,RN-BCN-F012,B,furgoneta,2328.0,488.9,221.2,314.04,592.7
2024-11-01,RN-BCN-F012,B,furgoneta,2398.2,503.6,227.8,323.52,610.6
2024-12-01,RN-BCN-F012,B,furgoneta,2696.3,566.2,256.1,363.73,686.5
2025-01-01,RN-BCN-F012,B,furgoneta,1681.1,353.0,159.7,226.78,428.0
2025-02-01,RN-BCN-F012,B,furgoneta,2003.1,420.7,190.3,270.22,510.0
2025-03-01,RN-BCN-F012,B,furgoneta,2269.9,476.7,215.6,306.21,577.9
2025-04-01,RN-BCN-F012,B,furgoneta,2262.9,475.2,215.0,305.26,576.1
2025-05-01,RN-BCN-F012,B,furgoneta,2275.4,477.8,216.2,306.96,579.3
2025-06-01,RN-BCN-F012,B,furgoneta,2273.7,477.5,216.0,306.73,578.9
2025-07-01,RN-BCN-F012,B,furgoneta,2306.1,484.3,219.1,311.1,587.1
2025-08-01,RN-BCN-F012,B,furgoneta,1983.9,416.6,188.5,267.63,505.1
2025-09-01,RN-BCN-F012,B,furgoneta,2200.4,462.1,209.0,296.83,560.2
2025-10-01,RN-BCN-F012,B,furgoneta,2228.7,468.0,211.7,300.66,567.4
2025-11-01,RN-BCN-F012,B,furgoneta,2179.8,457.8,207.1,294.06,555.0
2025-12-01,RN-BCN-F012,B,furgoneta,2495.8,524.1,237.1,336.69,635.4
2024-01-01,RN-BCN-F013,B,furgoneta,1947.6,409.0,185.0,262.72,495.8
2024-02-01,RN-BCN-F013,B,furgoneta,1721.1,361.4,163.5,232.18,438.2
2024-03-01,RN-BCN-F013,B,furgoneta,2257.0,474.0,214.4,304.47,574.6
2024-04-01,RN-BCN-F013,B,furgoneta,2204.8,463.0,209.5,297.43,561.3
2024-05-01,RN-BCN-F013,B,furgoneta,2196.6,461.3,208.7,296.33,559.3
2024-06-01,RN-BCN-F013,B,furgoneta,2227.4,467.8,211.6,300.48,567.1
2024-07-01,RN-BCN-F013,B,furgoneta,2270.2,476.7,215.7,306.25,578.0
2024-08-01,RN-BCN-F013,B,furgoneta,2133.1,448.0,202.6,287.76,543.1
2024-09-01,RN-BCN-F013,B,furgoneta,2048.6,430.2,194.6,276.36,521.6
2024-10-01,RN-BCN-F013,B,furgoneta,2244.2,471.3,213.2,302.74,571.4
2024-11-01,RN-BCN-F013,B,furgoneta,2117.2,444.6,201.1,285.62,539.1
2024-12-01,RN-BCN-F013,B,furgoneta,2843.6,597.2,270.1,383.6,724.0
2025-01-01,RN-BCN-F013,B,furgoneta,2116.4,444.4,201.1,285.5,538.8
2025-02-01,RN-BCN-F013,B,furgoneta,1915.5,402.3,182.0,258.4,487.7
2025-03-01,RN-BCN-F013,B,furgoneta,2036.0,427.6,193.4,274.66,518.4
2025-04-01,RN-BCN-F013,B,furgoneta,2291.4,481.2,217.7,309.11,583.4
2025-05-01,RN-BCN-F013,B,furgoneta,2563.6,538.4,243.5,345.83,652.7
2025-06-01,RN-BCN-F013,B,furgoneta,2252.9,473.1,214.0,303.91,573.6
2025-07-01,RN-BCN-F013,B,furgoneta,2322.2,487.7,220.6,313.26,591.2
2025-08-01,RN-BCN-F013,B,furgoneta,2158.0,453.2,205.0,291.11,549.4
2025-09-01,RN-BCN-F013,B,furgoneta,1979.2,415.6,188.0,266.99,503.9
2025-10-01,RN-BCN-F013,B,furgoneta,2260.0,474.6,214.7,304.87,575.4
2025-11-01,RN-BCN-F013,B,furgoneta,2212.6,464.7,210.2,298.49,563.3
2025-12-01,RN-BCN-F013,B,furgoneta,2535.1,532.4,240.8,341.98,645.4
2024-01-01,RN-BCN-F014,B,furgoneta,1911.4,401.4,183.6,260.68,492.0
2024-02-01,RN-BCN-F014,B,furgoneta,1890.9,397.1,181.6,257.89,486.7
2024-03-01,RN-BCN-F014,B,furgoneta,2100.4,441.1,201.7,286.47,540.7
2024-04-01,RN-BCN-F014,B,furgoneta,2150.7,451.6,206.6,293.31,553.6
2024-05-01,RN-BCN-F014,B,furgoneta,2050.9,430.7,197.0,279.71,527.9
2024-06-01,RN-BCN-F014,B,furgoneta,2466.2,517.9,236.9,336.35,634.8
2024-07-01,RN-BCN-F014,B,furgoneta,2293.0,481.5,220.2,312.73,590.2
2024-08-01,RN-BCN-F014,B,furgoneta,2055.6,431.7,197.4,280.34,529.1
2024-09-01,RN-BCN-F014,B,furgoneta,2627.2,551.7,252.3,358.3,676.2
2024-10-01,RN-BCN-F014,B,furgoneta,2208.8,463.8,212.1,301.25,568.5
2024-11-01,RN-BCN-F014,B,furgoneta,2322.5,487.7,223.1,316.76,597.8
2024-12-01,RN-BCN-F014,B,furgoneta,2687.7,564.4,258.1,366.56,691.8
2025-01-01,RN-BCN-F014,B,furgoneta,1813.5,380.8,174.2,247.33,466.8
2025-02-01,RN-BCN-F014,B,furgoneta,1969.4,413.6,189.1,268.59,506.9
2025-03-01,RN-BCN-F014,B,furgoneta,2138.3,449.0,205.4,291.63,550.4
2025-04-01,RN-BCN-F014,B,furgoneta,1933.0,405.9,185.7,263.63,497.6
2025-05-01,RN-BCN-F014,B,furgoneta,2284.0,479.7,219.4,311.51,587.9
2025-06-01,RN-BCN-F014,B,furgoneta,2156.2,452.8,207.1,294.07,555.0
2025-07-01,RN-BCN-F014,B,furgoneta,2137.1,448.8,205.3,291.46,550.1
2025-08-01,RN-BCN-F014,B,furgoneta,2034.3,427.2,195.4,277.44,523.6
2025-09-01,RN-BCN-F014,B,furgoneta,2310.5,485.2,221.9,315.11,594.7
2025-10-01,RN-BCN-F014,B,furgoneta,2270.4,476.8,218.1,309.65,584.4
2025-11-01,RN-BCN-F014,B,furgoneta,2263.4,475.3,217.4,308.7,582.6
2025-12-01,RN-BCN-F014,B,furgoneta,2453.8,515.3,235.7,334.66,631.6
2024-01-01,RN-BCN-F015,B,furgoneta,1748.6,367.2,171.6,243.66,459.9
2024-02-01,RN-BCN-F015,B,furgoneta,1646.3,345.7,161.6,229.41,433.0
2024-03-01,RN-BCN-F015,B,furgoneta,2173.5,456.4,213.3,302.88,571.6
2024-04-01,RN-BCN-F015,B,furgoneta,2036.5,427.7,199.9,283.79,535.6
2024-05-01,RN-BCN-F015,B,furgoneta,1970.2,413.7,193.3,274.55,518.2
2024-06-01,RN-BCN-F015,B,furgoneta,2027.0,425.7,198.9,282.47,533.1
2024-07-01,RN-BCN-F015,B,furgoneta,2076.6,436.1,203.8,289.37,546.1
2024-08-01,RN-BCN-F015,B,furgoneta,2125.5,446.4,208.6,296.19,559.0
2024-09-01,RN-BCN-F015,B,furgoneta,2111.8,443.5,207.2,294.28,555.4
2024-10-01,RN-BCN-F015,B,furgoneta,1999.1,419.8,196.2,278.57,525.8
2024-11-01,RN-BCN-F015,B,furgoneta,2022.5,424.7,198.5,281.84,531.9
2024-12-01,RN-BCN-F015,B,furgoneta,2736.4,574.6,268.5,381.32,719.7
2025-01-01,RN-BCN-F015,B,furgoneta,2121.8,445.6,208.2,295.68,558.0
2025-02-01,RN-BCN-F015,B,furgoneta,2101.2,441.2,206.2,292.8,552.6
2025-03-01,RN-BCN-F015,B,furgoneta,2075.7,435.9,203.7,289.25,545.9
2025-04-01,RN-BCN-F015,B,furgoneta,2316.5,486.5,227.3,322.81,609.2
2025-05-01,RN-BCN-F015,B,furgoneta,2205.4,463.1,216.4,307.33,580.0
2025-06-01,RN-BCN-F015,B,furgoneta,1979.8,415.7,194.3,275.88,520.7
2025-07-01,RN-BCN-F015,B,furgoneta,2485.9,522.0,244.0,346.42,653.8
2025-08-01,RN-BCN-F015,B,furgoneta,2281.5,479.1,223.9,317.93,600.0
2025-09-01,RN-BCN-F015,B,furgoneta,2127.4,446.7,208.8,296.45,559.5
2025-10-01,RN-BCN-F015,B,furgoneta,2149.5,451.4,210.9,299.54,565.3
2025-11-01,RN-BCN-F015,B,furgoneta,2247.7,472.0,220.6,313.22,591.1
2025-12-01,RN-BCN-F015,B,furgoneta,2769.2,581.5,271.8,385.89,728.3
2024-01-01,RN-BCN-F016,B,furgoneta,1950.4,409.6,185.3,263.11,496.6
2024-02-01,RN-BCN-F016,B,furgoneta,1965.6,412.8,186.7,265.15,500.4
2024-03-01,RN-BCN-F016,B,furgoneta,2069.9,434.7,196.6,279.23,527.0
2024-04-01,RN-BCN-F016,B,furgoneta,2262.1,475.0,214.9,305.16,575.9
2024-05-01,RN-BCN-F016,B,furgoneta,2000.9,420.2,190.1,269.92,509.4
2024-06-01,RN-BCN-F016,B,furgoneta,2117.8,444.7,201.2,285.69,539.2
2024-07-01,RN-BCN-F016,B,furgoneta,2301.9,483.4,218.7,310.53,586.1
2024-08-01,RN-BCN-F016,B,furgoneta,2105.0,442.1,200.0,283.97,535.9
2024-09-01,RN-BCN-F016,B,furgoneta,2306.8,484.4,219.1,311.18,587.3
2024-10-01,RN-BCN-F016,B,furgoneta,1961.0,411.8,186.3,264.54,499.3
2024-11-01,RN-BCN-F016,B,furgoneta,2177.3,457.2,206.8,293.72,554.3
2024-12-01,RN-BCN-F016,B,furgoneta,2832.4,594.8,269.1,382.1,721.1
2025-01-01,RN-BCN-F016,B,furgoneta,2004.5,420.9,190.4,270.41,510.3
2025-02-01,RN-BCN-F016,B,furgoneta,2010.2,422.2,191.0,271.18,511.8
2025-03-01,RN-BCN-F016,B,furgoneta,2159.9,453.6,205.2,291.37,549.9
2025-04-01,RN-BCN-F016,B,furgoneta,2202.2,462.5,209.2,297.08,560.7
2025-05-01,RN-BCN-F016,B,furgoneta,2088.7,438.6,198.4,281.76,531.8
2025-06-01,RN-BCN-F016,B,furgoneta,2232.5,468.8,212.1,301.17,568.4
2025-07-01,RN-BCN-F016,B,furgoneta,2240.4,470.5,212.8,302.23,570.4
2025-08-01,RN-BCN-F016,B,furgoneta,1906.1,400.3,181.1,257.13,485.3
2025-09-01,RN-BCN-F016,B,furgoneta,2179.9,457.8,207.1,294.06,555.0
2025-10-01,RN-BCN-F016,B,furgoneta,2302.7,483.6,218.8,310.63,586.3
2025-11-01,RN-BCN-F016,B,furgoneta,1973.4,414.4,187.5,266.22,502.4
2025-12-01,RN-BCN-F016,B,furgoneta,2582.1,542.2,245.3,348.33,657.4
2024-01-01,RN-BCN-F017,B,furgoneta,1703.4,357.7,163.6,232.31,438.4
2024-02-01,RN-BCN-F017,B,furgoneta,2011.0,422.3,193.1,274.26,517.6
2024-03-01,RN-BCN-F017,B,furgoneta,2546.9,534.8,244.6,347.36,655.6
2024-04-01,RN-BCN-F017,B,furgoneta,2156.8,452.9,207.1,294.15,555.2
2024-05-01,RN-BCN-F017,B,furgoneta,2217.3,465.6,213.0,302.4,570.7
2024-06-01,RN-BCN-F017,B,furgoneta,2057.7,432.1,197.6,280.64,529.7
2024-07-01,RN-BCN-F017,B,furgoneta,2361.0,495.8,226.8,322.0,607.7
2024-08-01,RN-BCN-F017,B,furgoneta,1993.4,418.6,191.5,271.86,513.1
2024-09-01,RN-BCN-F017,B,furgoneta,2122.9,445.8,203.9,289.54,546.4
2024-10-01,RN-BCN-F017,B,furgoneta,2307.8,484.6,221.6,314.74,594.0
2024-11-01,RN-BCN-F017,B,furgoneta,2033.8,427.1,195.3,277.38,523.5
2024-12-01,RN-BCN-F017,B,furgoneta,2535.0,532.3,243.5,345.73,652.5
2025-01-01,RN-BCN-F017,B,furgoneta,1792.3,376.4,172.1,244.44,461.3
2025-02-01,RN-BCN-F017,B,furgoneta,2066.5,434.0,198.5,281.84,531.9
2025-03-01,RN-BCN-F017,B,furgoneta,2120.6,445.3,203.7,289.22,545.8
2025-04-01,RN-BCN-F017,B,furgoneta,2218.0,465.8,213.0,302.49,570.9
2025-05-01,RN-BCN-F017,B,furgoneta,1994.5,418.8,191.6,272.02,513.4
2025-06-01,RN-BCN-F017,B,furgoneta,2102.9,441.6,202.0,286.79,541.3
2025-07-01,RN-BCN-F017,B,furgoneta,2340.5,491.5,224.8,319.21,602.5
2025-08-01,RN-BCN-F017,B,furgoneta,2029.4,426.2,194.9,276.78,522.4
2025-09-01,RN-BCN-F017,B,furgoneta,2404.4,504.9,230.9,327.92,618.9
2025-10-01,RN-BCN-F017,B,furgoneta,2134.6,448.3,205.0,291.13,549.5
2025-11-01,RN-BCN-F017,B,furgoneta,2457.0,516.0,236.0,335.1,632.4
2025-12-01,RN-BCN-F017,B,furgoneta,2540.9,533.6,244.0,346.54,654.0
2024-01-01,RN-BCN-F018,B,furgoneta,2031.1,426.5,197.2,280.03,528.5
2024-02-01,RN-BCN-F018,B,furgoneta,2067.3,434.1,200.7,285.01,537.9
2024-03-01,RN-BCN-F018,B,furgoneta,2072.0,435.1,201.2,285.66,539.1
2024-04-01,RN-BCN-F018,B,furgoneta,2188.9,459.7,212.5,301.78,569.6
2024-05-01,RN-BCN-F018,B,furgoneta,2189.0,459.7,212.5,301.79,569.6
2024-06-01,RN-BCN-F018,B,furgoneta,2233.0,468.9,216.8,307.86,581.0
2024-07-01,RN-BCN-F018,B,furgoneta,2264.9,475.6,219.9,312.26,589.3
2024-08-01,RN-BCN-F018,B,furgoneta,2223.7,467.0,215.9,306.57,578.6
2024-09-01,RN-BCN-F018,B,furgoneta,2165.8,454.8,210.3,298.6,563.6
2024-10-01,RN-BCN-F018,B,furgoneta,2121.1,445.4,205.9,292.43,551.9
2024-11-01,RN-BCN-F018,B,furgoneta,2314.5,486.0,224.7,319.1,602.2
2024-12-01,RN-BCN-F018,B,furgoneta,2364.5,496.5,229.6,325.99,615.2
2025-01-01,RN-BCN-F018,B,furgoneta,2196.7,461.3,213.3,302.85,571.6
2025-02-01,RN-BCN-F018,B,furgoneta,1853.0,389.1,179.9,255.47,482.1
2025-03-01,RN-BCN-F018,B,furgoneta,2131.5,447.6,206.9,293.87,554.6
2025-04-01,RN-BCN-F018,B,furgoneta,2307.7,484.6,224.1,318.16,600.5
2025-05-01,RN-BCN-F018,B,furgoneta,2064.7,433.6,200.5,284.66,537.2
2025-06-01,RN-BCN-F018,B,furgoneta,1929.4,405.2,187.3,266.0,502.0
2025-07-01,RN-BCN-F018,B,furgoneta,2325.3,488.3,225.8,320.58,605.0
2025-08-01,RN-BCN-F018,B,furgoneta,2142.6,449.9,208.0,295.39,557.5
2025-09-01,RN-BCN-F018,B,furgoneta,2193.6,460.7,213.0,302.43,570.8
2025-10-01,RN-BCN-F018,B,furgoneta,1916.4,402.5,186.1,264.21,498.7
2025-11-01,RN-BCN-F018,B,furgoneta,2188.1,459.5,212.4,301.67,569.3
2025-12-01,RN-BCN-F018,B,furgoneta,2173.1,456.4,211.0,299.6,565.4
2024-01-01,RN-BCN-F019,B,furgoneta,1890.8,397.1,179.6,255.07,481.4
2024-02-01,RN-BCN-F019,B,furgoneta,1935.6,406.5,183.9,261.11,492.8
2024-03-01,RN-BCN-F019,B,furgoneta,2104.1,441.9,199.9,283.84,535.7
2024-04-01,RN-BCN-F019,B,furgoneta,2030.2,426.3,192.9,273.88,516.9
2024-05-01,RN-BCN-F019,B,furgoneta,2337.5,490.9,222.1,315.33,595.1
2024-06-01,RN-BCN-F019,B,furgoneta,2304.6,484.0,218.9,310.89,586.7
2024-07-01,RN-BCN-F019,B,furgoneta,2315.1,486.2,219.9,312.31,589.4
2024-08-01,RN-BCN-F019,B,furgoneta,1992.9,418.5,189.3,268.84,507.4
2024-09-01,RN-BCN-F019,B,furgoneta,2177.9,457.4,206.9,293.8,554.5
2024-10-01,RN-BCN-F019,B,furgoneta,2028.6,426.0,192.7,273.66,516.5
2024-11-01,RN-BCN-F019,B,furgoneta,2228.2,467.9,211.7,300.59,567.3
2024-12-01,RN-BCN-F019,B,furgoneta,2538.2,533.0,241.1,342.41,646.2
2025-01-01,RN-BCN-F019,B,furgoneta,2139.9,449.4,203.3,288.67,544.8
2025-02-01,RN-BCN-F019,B,furgoneta,1741.7,365.8,165.5,234.96,443.4
2025-03-01,RN-BCN-F019,B,furgoneta,1981.2,416.1,188.2,267.27,504.4
2025-04-01,RN-BCN-F019,B,furgoneta,2165.9,454.8,205.8,292.18,551.4
2025-05-01,RN-BCN-F019,B,furgoneta,2057.2,432.0,195.4,277.51,523.8
2025-06-01,RN-BCN-F019,B,furgoneta,2008.2,421.7,190.8,270.9,511.3
2025-07-01,RN-BCN-F019,B,furgoneta,2240.2,470.4,212.8,302.2,570.4
2025-08-01,RN-BCN-F019,B,furgoneta,2179.8,457.8,207.1,294.05,555.0
2025-09-01,RN-BCN-F019,B,furgoneta,2453.9,515.3,233.1,331.03,624.8
2025-10-01,RN-BCN-F019,B,furgoneta,2109.3,443.0,200.4,284.54,537.0
2025-11-01,RN-BCN-F019,B,furgoneta,2275.8,477.9,216.2,307.01,579.4
2025-12-01,RN-BCN-F019,B,furgoneta,2293.3,481.6,217.9,309.36,583.9
2024-01-01,RN-BCN-F020,B,furgoneta,2108.6,442.8,200.3,284.46,536.9
2024-02-01,RN-BCN-F020,B,furgoneta,2175.2,456.8,206.6,293.43,553.8
2024-03-01,RN-BCN-F020,B,furgoneta,1941.9,407.8,184.5,261.96,494.4
2024-04-01,RN-BCN-F020,B,furgoneta,2001.3,420.3,190.1,269.97,509.5
2024-05-01,RN-BCN-F020,B,furgoneta,2384.7,500.8,226.5,321.69,607.1
2024-06-01,RN-BCN-F020,B,furgoneta,2096.5,440.3,199.2,282.82,533.8
2024-07-01,RN-BCN-F020,B,furgoneta,2225.9,467.4,211.5,300.28,566.7
2024-08-01,RN-BCN-F020,B,furgoneta,2036.8,427.7,193.5,274.76,518.6
2024-09-01,RN-BCN-F020,B,furgoneta,2109.5,443.0,200.4,284.58,537.1
2024-10-01,RN-BCN-F020,B,furgoneta,2218.7,465.9,210.8,299.31,564.9
2024-11-01,RN-BCN-F020,B,furgoneta,2519.6,529.1,239.4,339.9,641.5
2024-12-01,RN-BCN-F020,B,furgoneta,2692.3,565.4,255.8,363.19,685.5
2025-01-01,RN-BCN-F020,B,furgoneta,2137.6,448.9,203.1,288.36,544.2
2025-02-01,RN-BCN-F020,B,furgoneta,2134.1,448.2,202.7,287.9,543.4
2025-03-01,RN-BCN-F020,B,furgoneta,2318.2,486.8,220.2,312.73,590.2
2025-04-01,RN-BCN-F020,B,furgoneta,2436.6,511.7,231.5,328.7,620.4
2025-05-01,RN-BCN-F020,B,furgoneta,2408.1,505.7,228.8,324.86,613.1
2025-06-01,RN-BCN-F020,B,furgoneta,2211.8,464.5,210.1,298.37,563.1
2025-07-01,RN-BCN-F020,B,furgoneta,2234.5,469.2,212.3,301.44,568.9
2025-08-01,RN-BCN-F020,B,furgoneta,2288.5,480.6,217.4,308.71,582.6
2025-09-01,RN-BCN-F020,B,furgoneta,2241.0,470.6,212.9,302.32,570.6
2025-10-01,RN-BCN-F020,B,furgoneta,1854.6,389.5,176.2,250.18,472.2
2025-11-01,RN-BCN-F020,B,furgoneta,2310.8,485.3,219.5,311.72,588.3
2025-12-01,RN-BCN-F020,B,furgoneta,2423.4,508.9,230.2,326.91,617.0
2024-01-01,RN-BCN-F021,B,furgoneta,1922.8,403.8,182.7,259.38,489.5
2024-02-01,RN-BCN-F021,B,furgoneta,2070.3,434.8,196.7,279.29,527.1
2024-03-01,RN-BCN-F021,B,furgoneta,2206.5,463.4,209.6,297.66,561.8
2024-04-01,RN-BCN-F021,B,furgoneta,2233.8,469.1,212.2,301.34,568.7
2024-05-01,RN-BCN-F021,B,furgoneta,2246.6,471.8,213.4,303.06,572.0
2024-06-01,RN-BCN-F021,B,furgoneta,2197.0,461.4,208.7,296.38,559.4
2024-07-01,RN-BCN-F021,B,furgoneta,2176.2,457.0,206.7,293.57,554.1
2024-08-01,RN-BCN-F021,B,furgoneta,2284.7,479.8,217.0,308.2,581.7
2024-09-01,RN-BCN-F021,B,furgoneta,2291.4,481.2,217.7,309.11,583.4
2024-10-01,RN-BCN-F021,B,furgoneta,2084.7,437.8,198.0,281.22,530.8
2024-11-01,RN-BCN-F021,B,furgoneta,2402.6,504.5,228.2,324.11,611.7
2024-12-01,RN-BCN-F021,B,furgoneta,2493.6,523.7,236.9,336.39,634.9
2025-01-01,RN-BCN-F021,B,furgoneta,2401.5,504.3,228.1,323.96,611.4
2025-02-01,RN-BCN-F021,B,furgoneta,2068.1,434.3,196.5,278.98,526.5
2025-03-01,RN-BCN-F021,B,furgoneta,2117.5,444.7,201.2,285.65,539.1
2025-04-01,RN-BCN-F021,B,furgoneta,1914.7,402.1,181.9,258.29,487.5
2025-05-01,RN-BCN-F021,B,furgoneta,1962.7,412.2,186.5,264.77,499.7
2025-06-01,RN-BCN-F021,B,furgoneta,2082.7,437.4,197.9,280.95,530.2
2025-07-01,RN-BCN-F021,B,furgoneta,2277.6,478.3,216.4,307.24,579.9
2025-08-01,RN-BCN-F021,B,furgoneta,1900.0,399.0,180.5,256.31,483.7
2025-09-01,RN-BCN-F021,B,furgoneta,2305.7,484.2,219.0,311.04,587.0
2025-10-01,RN-BCN-F021,B,furgoneta,1976.7,415.1,187.8,266.66,503.3
2025-11-01,RN-BCN-F021,B,furgoneta,2210.7,464.2,210.0,298.22,562.8
2025-12-01,RN-BCN-F021,B,furgoneta,2500.9,525.2,237.6,337.38,636.7
2024-01-01,RN-BCN-F022,B,furgoneta,1990.5,418.0,189.1,268.51,506.8
2024-02-01,RN-BCN-F022,B,furgoneta,2129.5,447.2,202.3,287.27,542.2
2024-03-01,RN-BCN-F022,B,furgoneta,2100.9,441.2,199.6,283.4,534.9
2024-04-01,RN-BCN-F022,B,furgoneta,2175.8,456.9,206.7,293.51,554.0
2024-05-01,RN-BCN-F022,B,furgoneta,2119.8,445.2,201.4,285.96,539.7
2024-06-01,RN-BCN-F022,B,furgoneta,2268.0,476.3,215.5,305.95,577.4
2024-07-01,RN-BCN-F022,B,furgoneta,2358.4,495.3,224.0,318.15,600.5
2024-08-01,RN-BCN-F022,B,furgoneta,1913.6,401.9,181.8,258.14,487.2
2024-09-01,RN-BCN-F022,B,furgoneta,2412.9,506.7,229.2,325.5,614.3
2024-10-01,RN-BCN-F022,B,furgoneta,2236.7,469.7,212.5,301.74,569.5
2024-11-01,RN-BCN-F022,B,furgoneta,2326.6,488.6,221.0,313.86,592.4
2024-12-01,RN-BCN-F022,B,furgoneta,2480.2,520.8,235.6,334.57,631.4
2025-01-01,RN-BCN-F022,B,furgoneta,1877.0,394.2,178.3,253.21,477.9
2025-02-01,RN-BCN-F022,B,furgoneta,1922.0,403.6,182.6,259.27,489.3
2025-03-01,RN-BCN-F022,B,furgoneta,2462.1,517.0,233.9,332.14,626.9
2025-04-01,RN-BCN-F022,B,furgoneta,2409.2,505.9,228.9,325.0,613.4
2025-05-01,RN-BCN-F022,B,furgoneta,2058.4,432.3,195.6,277.68,524.1
2025-06-01,RN-BCN-F022,B,furgoneta,2480.1,520.8,235.6,334.57,631.4
2025-07-01,RN-BCN-F022,B,furgoneta,2389.1,501.7,227.0,322.29,608.3
2025-08-01,RN-BCN-F022,B,furgoneta,2160.3,453.7,205.2,291.42,550.0
2025-09-01,RN-BCN-F022,B,furgoneta,2183.4,458.5,207.4,294.54,555.9
2025-10-01,RN-BCN-F022,B,furgoneta,1999.1,419.8,189.9,269.68,509.0
2025-11-01,RN-BCN-F022,B,furgoneta,2110.6,443.2,200.5,284.72,537.4
2025-12-01,RN-BCN-F022,B,furgoneta,2502.2,525.5,237.7,337.55,637.1
2024-01-01,RN-BCN-F023,B,furgoneta,1870.8,392.9,177.7,252.37,476.3
2024-02-01,RN-BCN-F023,B,furgoneta,2010.8,422.3,191.0,271.26,512.0
2024-03-01,RN-BCN-F023,B,furgoneta,2117.7,444.7,201.2,285.68,539.2
2024-04-01,RN-BCN-F023,B,furgoneta,2087.9,438.5,198.4,281.66,531.6
2024-05-01,RN-BCN-F023,B,furgoneta,2108.9,442.9,200.3,284.49,536.9
2024-06-01,RN-BCN-F023,B,furgoneta,2330.4,489.4,221.4,314.37,593.3
2024-07-01,RN-BCN-F023,B,furgoneta,2357.9,495.2,224.0,318.09,600.3
2024-08-01,RN-BCN-F023,B,furgoneta,2007.3,421.5,190.7,270.79,511.1
2024-09-01,RN-BCN-F023,B,furgoneta,2510.7,527.2,238.5,338.69,639.2
2024-10-01,RN-BCN-F023,B,furgoneta,2144.2,450.3,203.7,289.25,545.9
2024-11-01,RN-BCN-F023,B,furgoneta,1999.6,419.9,190.0,269.74,509.1
2024-12-01,RN-BCN-F023,B,furgoneta,2832.2,594.8,269.1,382.07,721.1
2025-01-01,RN-BCN-F023,B,furgoneta,2278.4,478.5,216.4,307.35,580.1
2025-02-01,RN-BCN-F023,B,furgoneta,2048.0,430.1,194.6,276.27,521.4
2025-03-01,RN-BCN-F023,B,furgoneta,2375.3,498.8,225.7,320.43,604.8
2025-04-01,RN-BCN-F023,B,furgoneta,1722.8,361.8,163.7,232.41,438.6
2025-05-01,RN-BCN-F023,B,furgoneta,2144.7,450.4,203.7,289.32,546.0
2025-06-01,RN-BCN-F023,B,furgoneta,2452.4,515.0,233.0,330.82,624.4
2025-07-01,RN-BCN-F023,B,furgoneta,2127.3,446.7,202.1,286.97,541.6
2025-08-01,RN-BCN-F023,B,furgoneta,2038.9,428.2,193.7,275.05,519.1
2025-09-01,RN-BCN-F023,B,furgoneta,1968.2,413.3,187.0,265.51,501.1
2025-10-01,RN-BCN-F023,B,furgoneta,2151.5,451.8,204.4,290.24,547.8
2025-11-01,RN-BCN-F023,B,furgoneta,2188.9,459.7,207.9,295.28,557.3
2025-12-01,RN-BCN-F023,B,furgoneta,2612.8,548.7,248.2,352.47,665.2
2024-01-01,RN-BCN-F024,B,furgoneta,1825.8,383.4,173.5,246.3,464.9
2024-02-01,RN-BCN-F024,B,furgoneta,1609.1,337.9,152.9,217.07,409.7
2024-03-01,RN-BCN-F024,B,furgoneta,2103.2,441.7,199.8,283.72,535.5
2024-04-01,RN-BCN-F024,B,furgoneta,2206.4,463.3,209.6,297.64,561.7
2024-05-01,RN-BCN-F024,B,furgoneta,2447.1,513.9,232.5,330.12,623.0
2024-06-01,RN-BCN-F024,B,furgoneta,2374.7,498.7,225.6,320.35,604.6
2024-07-01,RN-BCN-F024,B,furgoneta,2137.9,449.0,203.1,288.41,544.3
2024-08-01,RN-BCN-F024,B,furgoneta,1860.0,390.6,176.7,250.91,473.6
2024-09-01,RN-BCN-F024,B,furgoneta,2086.4,438.1,198.2,281.45,531.2
2024-10-01,RN-BCN-F024,B,furgoneta,2167.7,455.2,205.9,292.42,551.9
2024-11-01,RN-BCN-F024,B,furgoneta,2341.3,491.7,222.4,315.85,596.1
2024-12-01,RN-BCN-F024,B,furgoneta,2812.9,590.7,267.2,379.46,716.2
2025-01-01,RN-BCN-F024,B,furgoneta,1994.7,418.9,189.5,269.08,507.8
2025-02-01,RN-BCN-F024,B,furgoneta,2156.5,452.9,204.9,290.91,549.0
2025-03-01,RN-BCN-F024,B,furgoneta,2093.9,439.7,198.9,282.47,533.1
2025-04-01,RN-BCN-F024,B,furgoneta,2138.7,449.1,203.2,288.51,544.5
2025-05-01,RN-BCN-F024,B,furgoneta,2156.5,452.9,204.9,290.91,549.0
2025-06-01,RN-BCN-F024,B,furgoneta,2346.1,492.7,222.9,316.49,597.3
2025-07-01,RN-BCN-F024,B,furgoneta,2108.8,442.8,200.3,284.47,536.9
2025-08-01,RN-BCN-F024,B,furgoneta,2253.4,473.2,214.1,303.98,573.7
2025-09-01,RN-BCN-F024,B,furgoneta,2299.0,482.8,218.4,310.13,585.3
2025-10-01,RN-BCN-F024,B,furgoneta,2114.6,444.1,200.9,285.26,538.4
2025-11-01,RN-BCN-F024,B,furgoneta,2037.4,427.8,193.6,274.84,518.7
2025-12-01,RN-BCN-F024,B,furgoneta,2514.7,528.1,238.9,339.23,640.2
2024-01-01,RN-BCN-F025,B,furgoneta,1937.9,407.0,184.1,261.42,493.4
2024-02-01,RN-BCN-F025,B,furgoneta,1885.2,395.9,179.1,254.32,480.0
2024-03-01,RN-BCN-F025,B,furgoneta,2182.9,458.4,207.4,294.47,555.8
2024-04-01,RN-BCN-F025,B,furgoneta,2067.3,434.1,196.4,278.88,526.3
2024-05-01,RN-BCN-F025,B,furgoneta,2079.0,436.6,197.5,280.45,529.3
2024-06-01,RN-BCN-F025,B,furgoneta,1804.0,378.8,171.4,243.36,459.3
2024-07-01,RN-BCN-F025,B,furgoneta,2231.7,468.7,212.0,301.06,568.2
2024-08-01,RN-BCN-F025,B,furgoneta,1987.7,417.4,188.8,268.14,506.1
2024-09-01,RN-BCN-F025,B,furgoneta,2357.4,495.1,224.0,318.02,600.2
2024-10-01,RN-BCN-F025,B,furgoneta,2156.8,452.9,204.9,290.95,549.1
2024-11-01,RN-BCN-F025,B,furgoneta,2146.5,450.8,203.9,289.57,546.5
2024-12-01,RN-BCN-F025,B,furgoneta,2590.8,544.1,246.1,349.49,659.6
2025-01-01,RN-BCN-F025,B,furgoneta,1833.9,385.1,174.2,247.39,466.9
2025-02-01,RN-BCN-F025,B,furgoneta,1837.4,385.9,174.6,247.86,467.8
2025-03-01,RN-BCN-F025,B,furgoneta,2077.9,436.4,197.4,280.3,529.0
2025-04-01,RN-BCN-F025,B,furgoneta,2106.1,442.3,200.1,284.12,536.2
2025-05-01,RN-BCN-F025,B,furgoneta,1932.6,405.8,183.6,260.7,492.0
2025-06-01,RN-BCN-F025,B,furgoneta,2496.8,524.3,237.2,336.82,635.7
2025-07-01,RN-BCN-F025,B,furgoneta,2393.7,502.7,227.4,322.92,609.4
2025-08-01,RN-BCN-F025,B,furgoneta,2094.0,439.7,198.9,282.48,533.1
2025-09-01,RN-BCN-F025,B,furgoneta,2344.7,492.4,222.8,316.31,597.0
2025-10-01,RN-BCN-F025,B,furgoneta,2246.3,471.7,213.4,303.02,571.9
2025-11-01,RN-BCN-F025,B,furgoneta,2137.2,448.8,203.0,288.31,544.1
2025-12-01,RN-BCN-F025,B,furgoneta,2695.3,566.0,256.1,363.6,686.2
2024-01-01,RN-BCN-F026,B,furgoneta,2032.2,426.8,193.1,274.14,517.4
2024-02-01,RN-BCN-F026,B,furgoneta,1877.5,394.3,178.4,253.28,478.0
2024-03-01,RN-BCN-F026,B,furgoneta,1905.0,400.1,181.0,256.99,485.0
2024-04-01,RN-BCN-F026,B,furgoneta,1982.8,416.4,188.4,267.48,504.8
2024-05-01,RN-BCN-F026,B,furgoneta,1964.1,412.5,186.6,264.96,500.1
2024-06-01,RN-BCN-F026,B,furgoneta,2154.9,452.5,204.7,290.7,548.6
2024-07-01,RN-BCN-F026,B,furgoneta,2409.9,506.1,228.9,325.09,613.5
2024-08-01,RN-BCN-F026,B,furgoneta,2304.3,483.9,218.9,310.85,586.7
2024-09-01,RN-BCN-F026,B,furgoneta,2249.6,472.4,213.7,303.47,572.7
2024-10-01,RN-BCN-F026,B,furgoneta,2117.7,444.7,201.2,285.68,539.2
2024-11-01,RN-BCN-F026,B,furgoneta,2033.2,427.0,193.1,274.27,517.6
2024-12-01,RN-BCN-F026,B,furgoneta,2615.4,549.2,248.5,352.82,665.9
2025-01-01,RN-BCN-F026,B,furgoneta,1893.5,397.6,179.9,255.43,482.1
2025-02-01,RN-BCN-F026,B,furgoneta,2201.4,462.3,209.1,296.97,560.5
2025-03-01,RN-BCN-F026,B,furgoneta,1914.1,402.0,181.8,258.21,487.3
2025-04-01,RN-BCN-F026,B,furgoneta,2129.8,447.3,202.3,287.31,542.2
2025-05-01,RN-BCN-F026,B,furgoneta,2078.2,436.4,197.4,280.35,529.1
2025-06-01,RN-BCN-F026,B,furgoneta,2138.7,449.1,203.2,288.51,544.5
2025-07-01,RN-BCN-F026,B,furgoneta,2269.8,476.7,215.6,306.2,577.9
2025-08-01,RN-BCN-F026,B,furgoneta,2070.7,434.9,196.7,279.34,527.2
2025-09-01,RN-BCN-F026,B,furgoneta,2138.0,449.0,203.1,288.42,544.3
2025-10-01,RN-BCN-F026,B,furgoneta,2079.6,436.7,197.6,280.54,529.5
2025-11-01,RN-BCN-F026,B,furgoneta,2124.4,446.1,201.8,286.58,540.9
2025-12-01,RN-BCN-F026,B,furgoneta,2226.5,467.6,211.5,300.36,566.9
2024-01-01,RN-BCN-F027,B,furgoneta,1987.8,417.4,188.8,268.16,506.1
2024-02-01,RN-BCN-F027,B,furgoneta,2042.3,428.9,194.0,275.5,520.0
2024-03-01,RN-BCN-F027,B,furgoneta,2235.7,469.5,212.4,301.6,569.2
2024-04-01,RN-BCN-F027,B,furgoneta,2194.6,460.9,208.5,296.05,558.7
2024-05-01,RN-BCN-F027,B,furgoneta,2156.1,452.8,204.8,290.85,548.9
2024-06-01,RN-BCN-F027,B,furgoneta,2102.8,441.6,199.8,283.66,535.4
2024-07-01,RN-BCN-F027,B,furgoneta,2305.0,484.0,219.0,310.94,586.8
2024-08-01,RN-BCN-F027,B,furgoneta,2063.6,433.4,196.0,278.38,525.4
2024-09-01,RN-BCN-F027,B,furgoneta,2267.4,476.1,215.4,305.87,577.3
2024-10-01,RN-BCN-F027,B,furgoneta,2067.7,434.2,196.4,278.93,526.4
2024-11-01,RN-BCN-F027,B,furgoneta,2100.0,441.0,199.5,283.29,534.7
2024-12-01,RN-BCN-F027,B,furgoneta,2327.3,488.7,221.1,313.96,592.5
2025-01-01,RN-BCN-F027,B,furgoneta,2054.6,431.5,195.2,277.16,523.1
2025-02-01,RN-BCN-F027,B,furgoneta,1962.3,412.1,186.4,264.72,499.6
2025-03-01,RN-BCN-F027,B,furgoneta,2216.7,465.5,210.6,299.03,564.4
2025-04-01,RN-BCN-F027,B,furgoneta,2113.6,443.9,200.8,285.13,538.1
2025-05-01,RN-BCN-F027,B,furgoneta,1987.8,417.4,188.8,268.16,506.1
2025-06-01,RN-BCN-F027,B,furgoneta,2269.7,476.6,215.6,306.18,577.9
2025-07-01,RN-BCN-F027,B,furgoneta,2063.1,433.2,196.0,278.31,525.3
2025-08-01,RN-BCN-F027,B,furgoneta,2172.7,456.3,206.4,293.1,553.2
2025-09-01,RN-BCN-F027,B,furgoneta,2072.1,435.1,196.8,279.53,527.6
2025-10-01,RN-BCN-F027,B,furgoneta,2074.0,435.5,197.0,279.78,528.0
2025-11-01,RN-BCN-F027,B,furgoneta,2130.0,447.3,202.4,287.34,542.3
2025-12-01,RN-BCN-F027,B,furgoneta,2799.5,587.9,266.0,377.66,712.8
2024-01-01,RN-BCN-F028,B,furgoneta,1820.6,382.3,178.7,253.71,478.8
2024-02-01,RN-BCN-F028,B,furgoneta,2181.0,458.0,214.0,303.93,573.6
2024-03-01,RN-BCN-F028,B,furgoneta,2004.4,420.9,196.7,279.32,527.2
2024-04-01,RN-BCN-F028,B,furgoneta,2267.7,476.2,222.5,316.01,596.4
2024-05-01,RN-BCN-F028,B,furgoneta,2169.3,455.5,212.9,302.29,570.5
2024-06-01,RN-BCN-F028,B,furgoneta,2232.1,468.7,219.0,311.05,587.1
2024-07-01,RN-BCN-F028,B,furgoneta,2618.6,549.9,257.0,364.9,688.7
2024-08-01,RN-BCN-F028,B,furgoneta,1878.3,394.4,184.3,261.74,494.0
2024-09-01,RN-BCN-F028,B,furgoneta,2163.4,454.3,212.3,301.48,569.0
2024-10-01,RN-BCN-F028,B,furgoneta,2171.6,456.0,213.1,302.62,571.1
2024-11-01,RN-BCN-F028,B,furgoneta,2141.0,449.6,210.1,298.35,563.1
2024-12-01,RN-BCN-F028,B,furgoneta,2541.1,533.6,249.4,354.11,668.3
2025-01-01,RN-BCN-F028,B,furgoneta,1796.8,377.3,176.3,250.39,472.6
2025-02-01,RN-BCN-F028,B,furgoneta,1760.3,369.7,172.8,245.31,463.0
2025-03-01,RN-BCN-F028,B,furgoneta,2013.6,422.9,197.6,280.6,529.6
2025-04-01,RN-BCN-F028,B,furgoneta,1854.9,389.5,182.0,258.48,487.8
2025-05-01,RN-BCN-F028,B,furgoneta,2048.0,430.1,201.0,285.4,538.6
2025-06-01,RN-BCN-F028,B,furgoneta,2230.1,468.3,218.8,310.77,586.5
2025-07-01,RN-BCN-F028,B,furgoneta,1971.1,413.9,193.4,274.68,518.4
2025-08-01,RN-BCN-F028,B,furgoneta,2185.4,458.9,214.5,304.53,574.8
2025-09-01,RN-BCN-F028,B,furgoneta,2049.8,430.5,201.2,285.64,539.1
2025-10-01,RN-BCN-F028,B,furgoneta,2056.8,431.9,201.8,286.62,541.0
2025-11-01,RN-BCN-F028,B,furgoneta,2417.7,507.7,237.3,336.9,635.8
2025-12-01,RN-BCN-F028,B,furgoneta,2518.5,528.9,247.2,350.96,662.4
2024-01-01,RN-BCN-F029,B,furgoneta,2048.6,430.2,194.6,276.36,521.6
2024-02-01,RN-BCN-F029,B,furgoneta,2146.9,450.8,204.0,289.62,546.6
2024-03-01,RN-BCN-F029,B,furgoneta,1930.6,405.4,183.4,260.43,491.5
2024-04-01,RN-BCN-F029,B,furgoneta,2232.8,468.9,212.1,301.21,568.5
2024-05-01,RN-BCN-F029,B,furgoneta,2360.9,495.8,224.3,318.48,601.1
2024-06-01,RN-BCN-F029,B,furgoneta,2306.8,484.4,219.2,311.19,587.3
2024-07-01,RN-BCN-F029,B,furgoneta,2356.2,494.8,223.8,317.85,599.9
2024-08-01,RN-BCN-F029,B,furgoneta,2070.6,434.8,196.7,279.32,527.2
2024-09-01,RN-BCN-F029,B,furgoneta,2369.1,497.5,225.1,319.59,603.2
2024-10-01,RN-BCN-F029,B,furgoneta,1910.1,401.1,181.5,257.67,486.3
2024-11-01,RN-BCN-F029,B,furgoneta,2004.6,421.0,190.4,270.42,510.4
2024-12-01,RN-BCN-F029,B,furgoneta,2502.1,525.4,237.7,337.54,637.0
2025-01-01,RN-BCN-F029,B,furgoneta,1885.7,396.0,179.1,254.38,480.1
2025-02-01,RN-BCN-F029,B,furgoneta,2111.9,443.5,200.6,284.9,537.7
2025-03-01,RN-BCN-F029,B,furgoneta,2192.5,460.4,208.3,295.77,558.2
2025-04-01,RN-BCN-F029,B,furgoneta,2195.3,461.0,208.6,296.15,558.9
2025-05-01,RN-BCN-F029,B,furgoneta,2217.0,465.6,210.6,299.07,564.4
2025-06-01,RN-BCN-F029,B,furgoneta,2185.9,459.0,207.7,294.88,556.5
2025-07-01,RN-BCN-F029,B,furgoneta,2515.0,528.1,238.9,339.27,640.3
2025-08-01,RN-BCN-F029,B,furgoneta,2081.5,437.1,197.7,280.8,530.0
2025-09-01,RN-BCN-F029,B,furgoneta,2409.1,505.9,228.9,324.99,613.4
2025-10-01,RN-BCN-F029,B,furgoneta,2026.3,425.5,192.5,273.35,515.9
2025-11-01,RN-BCN-F029,B,furgoneta,2041.2,428.7,193.9,275.36,519.7
2025-12-01,RN-BCN-F029,B,furgoneta,2649.4,556.4,251.7,357.41,674.5
2024-01-01,RN-BCN-F030,B,furgoneta,2082.3,437.3,200.0,284.0,536.0
2024-02-01,RN-BCN-F030,B,furgoneta,2001.5,420.3,192.2,272.98,515.2
2024-03-01,RN-BCN-F030,B,furgoneta,2215.9,465.3,212.8,302.21,570.4
2024-04-01,RN-BCN-F030,B,furgoneta,2170.1,455.7,208.4,295.97,558.6
2024-05-01,RN-BCN-F030,B,furgoneta,2253.6,473.2,216.4,307.35,580.1
2024-06-01,RN-BCN-F030,B,furgoneta,2025.0,425.3,194.5,276.18,521.2
2024-07-01,RN-BCN-F030,B,furgoneta,2201.1,462.2,211.4,300.19,566.6
2024-08-01,RN-BCN-F030,B,furgoneta,2224.3,467.1,213.6,303.35,572.5
2024-09-01,RN-BCN-F030,B,furgoneta,2435.8,511.5,233.9,332.2,627.0
2024-10-01,RN-BCN-F030,B,furgoneta,2028.7,426.0,194.8,276.69,522.2
2024-11-01,RN-BCN-F030,B,furgoneta,2385.8,501.0,229.1,325.39,614.1
2024-12-01,RN-BCN-F030,B,furgoneta,2836.0,595.6,272.4,386.78,730.0
2025-01-01,RN-BCN-F030,B,furgoneta,1945.5,408.6,186.9,265.33,500.8
2025-02-01,RN-BCN-F030,B,furgoneta,2088.3,438.5,200.6,284.81,537.5
2025-03-01,RN-BCN-F030,B,furgoneta,1949.4,409.4,187.2,265.87,501.8
2025-04-01,RN-BCN-F030,B,furgoneta,2153.2,452.2,206.8,293.66,554.2
2025-05-01,RN-BCN-F030,B,furgoneta,2351.8,493.9,225.9,320.75,605.4
2025-06-01,RN-BCN-F030,B,furgoneta,2582.7,542.4,248.1,352.23,664.8
2025-07-01,RN-BCN-F030,B,furgoneta,2396.8,503.3,230.2,326.89,616.9
2025-08-01,RN-BCN-F030,B,furgoneta,2017.5,423.7,193.8,275.16,519.3
2025-09-01,RN-BCN-F030,B,furgoneta,2118.0,444.8,203.4,288.86,545.2
2025-10-01,RN-BCN-F030,B,furgoneta,2114.9,444.1,203.1,288.44,544.4
2025-11-01,RN-BCN-F030,B,furgoneta,1978.0,415.4,190.0,269.76,509.1
2025-12-01,RN-BCN-F030,B,furgoneta,2693.1,565.6,258.7,367.3,693.2
2024-01-01,RN-BCN-F031,B,furgoneta,2048.8,430.2,194.6,276.38,521.6
2024-02-01,RN-BCN-F031,B,furgoneta,2070.0,434.7,196.6,279.24,527.0
2024-03-01,RN-BCN-F031,B,furgoneta,1840.4,386.5,174.8,248.27,468.6
2024-04-01,RN-BCN-F031,B,furgoneta,2150.7,451.6,204.3,290.13,547.6
2024-05-01,RN-BCN-F031,B,furgoneta,2261.3,474.9,214.8,305.05,575.7
2024-06-01,RN-BCN-F031,B,furgoneta,1881.6,395.1,178.8,253.83,479.1
2024-07-01,RN-BCN-F031,B,furgoneta,2436.3,511.6,231.4,328.65,620.3
2024-08-01,RN-BCN-F031,B,furgoneta,1865.6,391.8,177.2,251.67,475.0
2024-09-01,RN-BCN-F031,B,furgoneta,2252.0,472.9,213.9,303.8,573.4
2024-10-01,RN-BCN-F031,B,furgoneta,2275.6,477.9,216.2,306.98,579.4
2024-11-01,RN-BCN-F031,B,furgoneta,2029.9,426.3,192.8,273.84,516.8
2024-12-01,RN-BCN-F031,B,furgoneta,2925.6,614.4,277.9,394.66,744.9
2025-01-01,RN-BCN-F031,B,furgoneta,2249.6,472.4,213.7,303.47,572.8
2025-02-01,RN-BCN-F031,B,furgoneta,2025.7,425.4,192.4,273.27,515.8
2025-03-01,RN-BCN-F031,B,furgoneta,2136.6,448.7,203.0,288.23,544.0
2025-04-01,RN-BCN-F031,B,furgoneta,2241.6,470.7,213.0,302.39,570.7
2025-05-01,RN-BCN-F031,B,furgoneta,1994.2,418.8,189.5,269.02,507.7
2025-06-01,RN-BCN-F031,B,furgoneta,2208.9,463.9,209.8,297.98,562.4
2025-07-01,RN-BCN-F031,B,furgoneta,2137.5,448.9,203.1,288.34,544.2
2025-08-01,RN-BCN-F031,B,furgoneta,2021.3,424.5,192.0,272.67,514.6
2025-09-01,RN-BCN-F031,B,furgoneta,2383.2,500.5,226.4,321.49,606.8
2025-10-01,RN-BCN-F031,B,furgoneta,2308.7,484.8,219.3,311.44,587.8
2025-11-01,RN-BCN-F031,B,furgoneta,2153.9,452.3,204.6,290.56,548.4
2025-12-01,RN-BCN-F031,B,furgoneta,2484.7,521.8,236.0,335.19,632.6
2024-01-01,RN-BCN-F032,B,furgoneta,1982.3,416.3,188.3,267.41,504.7
2024-02-01,RN-BCN-F032,B,furgoneta,1844.3,387.3,175.2,248.8,469.6
2024-03-01,RN-BCN-F032,B,furgoneta,2152.0,451.9,204.4,290.3,547.9
2024-04-01,RN-BCN-F032,B,furgoneta,1978.8,415.5,188.0,266.94,503.8
2024-05-01,RN-BCN-F032,B,furgoneta,2044.6,429.4,194.2,275.81,520.5
2024-06-01,RN-BCN-F032,B,furgoneta,1975.6,414.9,187.7,266.51,503.0
2024-07-01,RN-BCN-F032,B,furgoneta,2318.8,486.9,220.3,312.8,590.4
2024-08-01,RN-BCN-F032,B,furgoneta,2080.8,437.0,197.7,280.69,529.8
2024-09-01,RN-BCN-F032,B,furgoneta,2125.4,446.3,201.9,286.71,541.1
2024-10-01,RN-BCN-F032,B,furgoneta,2007.3,421.5,190.7,270.79,511.1
2024-11-01,RN-BCN-F032,B,furgoneta,2311.7,485.5,219.6,311.85,588.6
2024-12-01,RN-BCN-F032,B,furgoneta,2612.1,548.5,248.1,352.37,665.0
2025-01-01,RN-BCN-F032,B,furgoneta,2006.6,421.4,190.6,270.69,510.9
2025-02-01,RN-BCN-F032,B,furgoneta,1948.9,409.3,185.1,262.91,496.2
2025-03-01,RN-BCN-F032,B,furgoneta,2125.1,446.3,201.9,286.67,541.0
2025-04-01,RN-BCN-F032,B,furgoneta,1949.1,409.3,185.2,262.93,496.2
2025-05-01,RN-BCN-F032,B,furgoneta,2115.4,444.2,201.0,285.37,538.6
2025-06-01,RN-BCN-F032,B,furgoneta,2041.6,428.7,194.0,275.41,519.8
2025-07-01,RN-BCN-F032,B,furgoneta,2176.4,457.1,206.8,293.6,554.1
2025-08-01,RN-BCN-F032,B,furgoneta,2157.8,453.1,205.0,291.09,549.4
2025-09-01,RN-BCN-F032,B,furgoneta,2224.6,467.2,211.3,300.1,566.4
2025-10-01,RN-BCN-F032,B,furgoneta,2238.6,470.1,212.7,301.99,570.0
2025-11-01,RN-BCN-F032,B,furgoneta,2462.8,517.2,234.0,332.23,627.0
2025-12-01,RN-BCN-F032,B,furgoneta,2649.3,556.4,251.7,357.39,674.5
2024-01-01,RN-BCN-F033,B,furgoneta,1921.8,403.6,182.6,259.26,489.3
2024-02-01,RN-BCN-F033,B,furgoneta,1921.4,403.5,182.5,259.2,489.2
2024-03-01,RN-BCN-F033,B,furgoneta,2142.3,449.9,203.5,288.99,545.4
2024-04-01,RN-BCN-F033,B,furgoneta,2461.2,516.9,233.8,332.02,626.6
2024-05-01,RN-BCN-F033,B,furgoneta,2287.8,480.4,217.3,308.63,582.5
2024-06-01,RN-BCN-F033,B,furgoneta,2219.3,466.1,210.8,299.39,565.0
2024-07-01,RN-BCN-F033,B,furgoneta,2311.5,485.4,219.6,311.82,588.5
2024-08-01,RN-BCN-F033,B,furgoneta,1994.0,418.7,189.4,268.99,507.7
2024-09-01,RN-BCN-F033,B,furgoneta,2131.9,447.7,202.5,287.6,542.8
2024-10-01,RN-BCN-F033,B,furgoneta,2216.5,465.5,210.6,299.01,564.3
2024-11-01,RN-BCN-F033,B,furgoneta,2010.7,422.2,191.0,271.24,511.9
2024-12-01,RN-BCN-F033,B,furgoneta,2476.5,520.1,235.3,334.08,630.5
2025-01-01,RN-BCN-F033,B,furgoneta,1975.2,414.8,187.6,266.45,502.9
2025-02-01,RN-BCN-F033,B,furgoneta,2134.1,448.2,202.7,287.9,543.4
2025-03-01,RN-BCN-F033,B,furgoneta,2233.1,468.9,212.1,301.24,568.5
2025-04-01,RN-BCN-F033,B,furgoneta,2233.9,469.1,212.2,301.36,568.8
2025-05-01,RN-BCN-F033,B,furgoneta,2383.6,500.6,226.4,321.55,606.9
2025-06-01,RN-BCN-F033,B,furgoneta,1926.5,404.6,183.0,259.89,490.5
2025-07-01,RN-BCN-F033,B,furgoneta,2375.5,498.9,225.7,320.45,604.8
2025-08-01,RN-BCN-F033,B,furgoneta,2285.1,479.9,217.1,308.25,581.8
2025-09-01,RN-BCN-F033,B,furgoneta,2319.6,487.1,220.4,312.91,590.6
2025-10-01,RN-BCN-F033,B,furgoneta,2202.1,462.4,209.2,297.06,560.7
2025-11-01,RN-BCN-F033,B,furgoneta,2156.1,452.8,204.8,290.85,548.9
2025-12-01,RN-BCN-F033,B,furgoneta,2588.3,543.6,245.9,349.17,659.0
2024-01-01,RN-BCN-F034,B,furgoneta,2044.2,429.3,200.6,284.87,537.6
2024-02-01,RN-BCN-F034,B,furgoneta,2009.7,422.0,197.2,280.06,528.6
2024-03-01,RN-BCN-F034,B,furgoneta,2213.8,464.9,217.3,308.5,582.2
2024-04-01,RN-BCN-F034,B,furgoneta,2119.9,445.2,208.0,295.41,557.5
2024-05-01,RN-BCN-F034,B,furgoneta,1867.2,392.1,183.2,260.2,491.1
2024-06-01,RN-BCN-F034,B,furgoneta,2301.2,483.2,225.8,320.67,605.2
2024-07-01,RN-BCN-F034,B,furgoneta,2595.2,545.0,254.7,361.64,682.5
2024-08-01,RN-BCN-F034,B,furgoneta,2226.3,467.5,218.5,310.23,585.5
2024-09-01,RN-BCN-F034,B,furgoneta,2223.0,466.8,218.2,309.78,584.7
2024-10-01,RN-BCN-F034,B,furgoneta,2114.3,444.0,207.5,294.63,556.1
2024-11-01,RN-BCN-F034,B,furgoneta,2478.6,520.5,243.2,345.4,651.9
2024-12-01,RN-BCN-F034,B,furgoneta,2658.6,558.3,260.9,370.47,699.2
2025-01-01,RN-BCN-F034,B,furgoneta,2151.9,451.9,211.2,299.87,566.0
2025-02-01,RN-BCN-F034,B,furgoneta,2091.6,439.2,205.3,291.47,550.1
2025-03-01,RN-BCN-F034,B,furgoneta,2041.0,428.6,200.3,284.41,536.8
2025-04-01,RN-BCN-F034,B,furgoneta,2197.7,461.5,215.7,306.26,578.0
2025-05-01,RN-BCN-F034,B,furgoneta,2229.0,468.1,218.7,310.61,586.2
2025-06-01,RN-BCN-F034,B,furgoneta,2171.2,455.9,213.1,302.55,571.0
2025-07-01,RN-BCN-F034,B,furgoneta,2365.8,496.8,232.2,329.68,622.2
2025-08-01,RN-BCN-F034,B,furgoneta,2049.1,430.3,201.1,285.55,538.9
2025-09-01,RN-BCN-F034,B,furgoneta,2292.4,481.4,225.0,319.45,602.9
2025-10-01,RN-BCN-F034,B,furgoneta,2136.6,448.7,209.7,297.75,561.9
2025-11-01,RN-BCN-F034,B,furgoneta,1957.3,411.0,192.1,272.76,514.8
2025-12-01,RN-BCN-F034,B,furgoneta,2714.0,569.9,266.3,378.2,713.8
2024-01-01,RN-BCN-F035,B,furgoneta,1970.8,413.9,187.2,265.87,501.8
2024-02-01,RN-BCN-F035,B,furgoneta,1722.7,361.8,163.7,232.4,438.6
2024-03-01,RN-BCN-F035,B,furgoneta,2112.5,443.6,200.7,284.98,537.9
2024-04-01,RN-BCN-F035,B,furgoneta,2167.8,455.2,205.9,292.43,551.9
2024-05-01,RN-BCN-F035,B,furgoneta,2026.1,425.5,192.5,273.33,515.9
2024-06-01,RN-BCN-F035,B,furgoneta,1863.3,391.3,177.0,251.36,474.4
2024-07-01,RN-BCN-F035,B,furgoneta,2250.1,472.5,213.8,303.54,572.9
2024-08-01,RN-BCN-F035,B,furgoneta,1962.3,412.1,186.4,264.71,499.6
2024-09-01,RN-BCN-F035,B,furgoneta,2125.9,446.4,202.0,286.79,541.3
2024-10-01,RN-BCN-F035,B,furgoneta,1962.3,412.1,186.4,264.71,499.6
2024-11-01,RN-BCN-F035,B,furgoneta,2184.7,458.8,207.5,294.72,556.2
2024-12-01,RN-BCN-F035,B,furgoneta,2680.0,562.8,254.6,361.53,682.3
2025-01-01,RN-BCN-F035,B,furgoneta,1792.9,376.5,170.3,241.86,456.5
2025-02-01,RN-BCN-F035,B,furgoneta,2061.9,433.0,195.9,278.16,525.0
2025-03-01,RN-BCN-F035,B,furgoneta,1902.2,399.5,180.7,256.61,484.3
2025-04-01,RN-BCN-F035,B,furgoneta,2345.3,492.5,222.8,316.39,597.1
2025-05-01,RN-BCN-F035,B,furgoneta,2251.0,472.7,213.8,303.66,573.1
2025-06-01,RN-BCN-F035,B,furgoneta,2347.7,493.0,223.0,316.7,597.7
2025-07-01,RN-BCN-F035,B,furgoneta,2311.6,485.4,219.6,311.83,588.5
2025-08-01,RN-BCN-F035,B,furgoneta,1878.9,394.6,178.5,253.46,478.4
2025-09-01,RN-BCN-F035,B,furgoneta,2246.0,471.7,213.4,302.98,571.8
2025-10-01,RN-BCN-F035,B,furgoneta,2278.4,478.5,216.4,307.35,580.1
2025-11-01,RN-BCN-F035,B,furgoneta,2276.9,478.1,216.3,307.15,579.7
2025-12-01,RN-BCN-F035,B,furgoneta,2463.8,517.4,234.1,332.36,627.3
2024-01-01,RN-BCN-F036,B,furgoneta,1913.2,401.8,183.8,260.93,492.5
2024-02-01,RN-BCN-F036,B,furgoneta,1696.4,356.2,162.9,231.36,436.6
2024-03-01,RN-BCN-F036,B,furgoneta,2132.7,447.9,204.8,290.86,549.0
2024-04-01,RN-BCN-F036,B,furgoneta,2090.4,439.0,200.8,285.1,538.1
2024-05-01,RN-BCN-F036,B,furgoneta,2312.7,485.7,222.1,315.41,595.3
2024-06-01,RN-BCN-F036,B,furgoneta,2321.3,487.5,222.9,316.59,597.5
2024-07-01,RN-BCN-F036,B,furgoneta,2344.0,492.2,225.1,319.69,603.4
2024-08-01,RN-BCN-F036,B,furgoneta,2121.5,445.5,203.8,289.35,546.1
2024-09-01,RN-BCN-F036,B,furgoneta,2173.1,456.4,208.7,296.38,559.4
2024-10-01,RN-BCN-F036,B,furgoneta,2090.1,438.9,200.7,285.06,538.0
2024-11-01,RN-BCN-F036,B,furgoneta,1713.4,359.8,164.6,233.68,441.0
2024-12-01,RN-BCN-F036,B,furgoneta,2547.4,534.9,244.7,347.42,655.7
2025-01-01,RN-BCN-F036,B,furgoneta,2125.6,446.4,204.2,289.9,547.1
2025-02-01,RN-BCN-F036,B,furgoneta,1626.9,341.6,156.3,221.88,418.8
2025-03-01,RN-BCN-F036,B,furgoneta,2297.9,482.6,220.7,313.39,591.5
2025-04-01,RN-BCN-F036,B,furgoneta,2240.7,470.5,215.2,305.59,576.7
2025-05-01,RN-BCN-F036,B,furgoneta,2116.5,444.5,203.3,288.66,544.8
2025-06-01,RN-BCN-F036,B,furgoneta,2282.6,479.3,219.2,311.31,587.5
2025-07-01,RN-BCN-F036,B,furgoneta,2889.6,606.8,277.5,394.1,743.8
2025-08-01,RN-BCN-F036,B,furgoneta,2201.2,462.3,211.4,300.21,566.6
2025-09-01,RN-BCN-F036,B,furgoneta,2272.6,477.2,218.3,309.95,585.0
2025-10-01,RN-BCN-F036,B,furgoneta,2062.5,433.1,198.1,281.29,530.9
2025-11-01,RN-BCN-F036,B,furgoneta,2211.9,464.5,212.4,301.67,569.4
2025-12-01,RN-BCN-F036,B,furgoneta,2980.0,625.8,286.2,406.43,767.1
2024-01-01,RN-BCN-F037,B,furgoneta,1877.7,394.3,178.4,253.31,478.1
2024-02-01,RN-BCN-F037,B,furgoneta,1933.9,406.1,183.7,260.89,492.4
2024-03-01,RN-BCN-F037,B,furgoneta,1970.4,413.8,187.2,265.8,501.7
2024-04-01,RN-BCN-F037,B,furgoneta,2157.8,453.1,205.0,291.09,549.4
2024-05-01,RN-BCN-F037,B,furgoneta,2156.4,452.9,204.9,290.9,549.0
2024-06-01,RN-BCN-F037,B,furgoneta,2024.1,425.1,192.3,273.05,515.3
2024-07-01,RN-BCN-F037,B,furgoneta,2382.9,500.4,226.4,321.45,606.7
2024-08-01,RN-BCN-F037,B,furgoneta,2130.6,447.4,202.4,287.41,542.4
2024-09-01,RN-BCN-F037,B,furgoneta,2294.9,481.9,218.0,309.58,584.3
2024-10-01,RN-BCN-F037,B,furgoneta,2253.2,473.2,214.1,303.96,573.7
2024-11-01,RN-BCN-F037,B,furgoneta,2159.9,453.6,205.2,291.36,549.9
2024-12-01,RN-BCN-F037,B,furgoneta,2422.9,508.8,230.2,326.85,616.9
2025-01-01,RN-BCN-F037,B,furgoneta,1963.3,412.3,186.5,264.85,499.9
2025-02-01,RN-BCN-F037,B,furgoneta,1896.6,398.3,180.2,255.86,482.9
2025-03-01,RN-BCN-F037,B,furgoneta,1907.2,400.5,181.2,257.28,485.6
2025-04-01,RN-BCN-F037,B,furgoneta,1901.0,399.2,180.6,256.44,484.0
2025-05-01,RN-BCN-F037,B,furgoneta,2070.1,434.7,196.7,279.26,527.1
2025-06-01,RN-BCN-F037,B,furgoneta,2074.1,435.6,197.0,279.79,528.1
2025-07-01,RN-BCN-F037,B,furgoneta,2403.4,504.7,228.3,324.22,611.9
2025-08-01,RN-BCN-F037,B,furgoneta,1900.7,399.1,180.6,256.4,483.9
2025-09-01,RN-BCN-F037,B,furgoneta,2164.9,454.6,205.7,292.05,551.2
2025-10-01,RN-BCN-F037,B,furgoneta,2267.4,476.2,215.4,305.87,577.3
2025-11-01,RN-BCN-F037,B,furgoneta,2246.8,471.8,213.4,303.09,572.0
2025-12-01,RN-BCN-F037,B,furgoneta,2610.8,548.3,248.0,352.19,664.7
2024-01-01,RN-BCN-F038,B,furgoneta,1960.0,411.6,186.2,264.41,499.0
2024-02-01,RN-BCN-F038,B,furgoneta,1888.8,396.6,179.4,254.8,480.9
2024-03-01,RN-BCN-F038,B,furgoneta,2130.2,447.3,202.4,287.36,542.4
2024-04-01,RN-BCN-F038,B,furgoneta,2303.1,483.7,218.8,310.69,586.4
2024-05-01,RN-BCN-F038,B,furgoneta,2129.8,447.3,202.3,287.31,542.2
2024-06-01,RN-BCN-F038,B,furgoneta,2297.7,482.5,218.3,309.96,585.0
2024-07-01,RN-BCN-F038,B,furgoneta,2415.8,507.3,229.5,325.89,615.1
2024-08-01,RN-BCN-F038,B,furgoneta,2080.3,436.9,197.6,280.63,529.6
2024-09-01,RN-BCN-F038,B,furgoneta,2389.2,501.7,227.0,322.3,608.3
2024-10-01,RN-BCN-F038,B,furgoneta,2036.4,427.7,193.5,274.71,518.5
2024-11-01,RN-BCN-F038,B,furgoneta,2141.7,449.8,203.5,288.92,545.3
2024-12-01,RN-BCN-F038,B,furgoneta,2590.2,544.0,246.1,349.42,659.5
2025-01-01,RN-BCN-F038,B,furgoneta,2028.0,425.9,192.7,273.57,516.3
2025-02-01,RN-BCN-F038,B,furgoneta,1706.8,358.4,162.1,230.25,434.5
2025-03-01,RN-BCN-F038,B,furgoneta,2156.9,453.0,204.9,290.97,549.1
2025-04-01,RN-BCN-F038,B,furgoneta,1971.0,413.9,187.2,265.88,501.8
2025-05-01,RN-BCN-F038,B,furgoneta,1772.4,372.2,168.4,239.09,451.2
2025-06-01,RN-BCN-F038,B,furgoneta,2273.0,477.3,215.9,306.63,578.7
2025-07-01,RN-BCN-F038,B,furgoneta,2083.9,437.6,198.0,281.12,530.6
2025-08-01,RN-BCN-F038,B,furgoneta,2198.0,461.6,208.8,296.51,559.6
2025-09-01,RN-BCN-F038,B,furgoneta,2015.9,423.3,191.5,271.95,513.3
2025-10-01,RN-BCN-F038,B,furgoneta,2174.7,456.7,206.6,293.37,553.7
2025-11-01,RN-BCN-F038,B,furgoneta,2204.8,463.0,209.5,297.43,561.4
2025-12-01,RN-BCN-F038,B,furgoneta,2423.6,508.9,230.2,326.94,617.0
2024-01-01,RN-BCN-F039,B,furgoneta,1907.5,400.6,183.2,260.15,491.0
2024-02-01,RN-BCN-F039,B,furgoneta,1842.0,386.8,176.9,251.23,474.1
2024-03-01,RN-BCN-F039,B,furgoneta,2290.1,480.9,220.0,312.33,589.5
2024-04-01,RN-BCN-F039,B,furgoneta,2058.7,432.3,197.7,280.78,529.9
2024-05-01,RN-BCN-F039,B,furgoneta,2168.8,455.5,208.3,295.79,558.3
2024-06-01,RN-BCN-F039,B,furgoneta,2574.5,540.6,247.3,351.12,662.7
2024-07-01,RN-BCN-F039,B,furgoneta,2336.2,490.6,224.4,318.61,601.3
2024-08-01,RN-BCN-F039,B,furgoneta,2021.9,424.6,194.2,275.75,520.4
2024-09-01,RN-BCN-F039,B,furgoneta,2064.1,433.5,198.2,281.51,531.3
2024-10-01,RN-BCN-F039,B,furgoneta,2027.1,425.7,194.7,276.46,521.8
2024-11-01,RN-BCN-F039,B,furgoneta,2500.4,525.1,240.2,341.02,643.6
2024-12-01,RN-BCN-F039,B,furgoneta,2573.1,540.3,247.1,350.92,662.3
2025-01-01,RN-BCN-F039,B,furgoneta,1828.4,384.0,175.6,249.37,470.6
2025-02-01,RN-BCN-F039,B,furgoneta,2001.1,420.2,192.2,272.91,515.1
2025-03-01,RN-BCN-F039,B,furgoneta,2089.3,438.7,200.7,284.94,537.8
2025-04-01,RN-BCN-F039,B,furgoneta,2369.2,497.5,227.5,323.12,609.8
2025-05-01,RN-BCN-F039,B,furgoneta,2133.4,448.0,204.9,290.96,549.1
2025-06-01,RN-BCN-F039,B,furgoneta,2372.9,498.3,227.9,323.63,610.8
2025-07-01,RN-BCN-F039,B,furgoneta,2245.6,471.6,215.7,306.27,578.0
2025-08-01,RN-BCN-F039,B,furgoneta,2203.9,462.8,211.7,300.58,567.3
2025-09-01,RN-BCN-F039,B,furgoneta,2135.3,448.4,205.1,291.22,549.6
2025-10-01,RN-BCN-F039,B,furgoneta,2529.3,531.2,242.9,344.96,651.1
2025-11-01,RN-BCN-F039,B,furgoneta,2262.1,475.0,217.3,308.52,582.3
2025-12-01,RN-BCN-F039,B,furgoneta,2340.1,491.4,224.8,319.16,602.4
2024-01-01,RN-BCN-F040,B,furgoneta,2104.9,442.0,211.0,299.57,565.4
2024-02-01,RN-BCN-F040,B,furgoneta,1899.7,398.9,190.4,270.37,510.3
2024-03-01,RN-BCN-F040,B,furgoneta,2170.8,455.9,217.6,308.94,583.1
2024-04-01,RN-BCN-F040,B,furgoneta,2354.1,494.4,235.9,335.03,632.3
2024-05-01,RN-BCN-F040,B,furgoneta,2103.5,441.7,210.8,299.37,565.0
2024-06-01,RN-BCN-F040,B,furgoneta,2186.3,459.1,219.1,311.16,587.3
2024-07-01,RN-BCN-F040,B,furgoneta,2454.9,515.5,246.0,349.38,659.4
2024-08-01,RN-BCN-F040,B,furgoneta,2091.6,439.2,209.6,297.68,561.8
2024-09-01,RN-BCN-F040,B,furgoneta,2031.3,426.6,203.6,289.1,545.6
2024-10-01,RN-BCN-F040,B,furgoneta,2088.1,438.5,209.3,297.18,560.9
2024-11-01,RN-BCN-F040,B,furgoneta,2334.3,490.2,234.0,332.22,627.0
2024-12-01,RN-BCN-F040,B,furgoneta,2718.8,571.0,272.5,386.94,730.3
2025-01-01,RN-BCN-F040,B,furgoneta,1891.8,397.3,189.6,269.24,508.1
2025-02-01,RN-BCN-F040,B,furgoneta,1877.4,394.2,188.2,267.18,504.3
2025-03-01,RN-BCN-F040,B,furgoneta,2138.2,449.0,214.3,304.31,574.3
2025-04-01,RN-BCN-F040,B,furgoneta,2208.3,463.7,221.3,314.28,593.2
2025-05-01,RN-BCN-F040,B,furgoneta,2290.1,480.9,229.5,325.93,615.1
2025-06-01,RN-BCN-F040,B,furgoneta,2122.2,445.7,212.7,302.03,570.0
2025-07-01,RN-BCN-F040,B,furgoneta,2235.3,469.4,224.0,318.13,600.4
2025-08-01,RN-BCN-F040,B,furgoneta,2020.1,424.2,202.5,287.5,542.6
2025-09-01,RN-BCN-F040,B,furgoneta,2285.0,479.9,229.0,325.2,613.8
2025-10-01,RN-BCN-F040,B,furgoneta,2207.2,463.5,221.2,314.12,592.8
2025-11-01,RN-BCN-F040,B,furgoneta,2293.3,481.6,229.8,326.38,616.0
2025-12-01,RN-BCN-F040,B,furgoneta,2849.8,598.5,285.6,405.59,765.5
2024-01-01,RN-BCN-F041,B,furgoneta,2003.4,420.7,190.3,270.26,510.1
2024-02-01,RN-BCN-F041,B,furgoneta,2039.0,428.2,193.7,275.06,519.1
2024-03-01,RN-BCN-F041,B,furgoneta,2087.3,438.3,198.3,281.58,531.4
2024-04-01,RN-BCN-F041,B,furgoneta,1955.6,410.7,185.8,263.81,497.9
2024-05-01,RN-BCN-F041,B,furgoneta,2064.6,433.6,196.1,278.52,525.7
2024-06-01,RN-BCN-F041,B,furgoneta,2084.0,437.6,198.0,281.13,530.6
2024-07-01,RN-BCN-F041,B,furgoneta,2254.4,473.4,214.2,304.12,574.0
2024-08-01,RN-BCN-F041,B,furgoneta,2122.6,445.7,201.6,286.33,540.4
2024-09-01,RN-BCN-F041,B,furgoneta,1901.0,399.2,180.6,256.45,484.0
2024-10-01,RN-BCN-F041,B,furgoneta,2119.5,445.1,201.4,285.92,539.6
2024-11-01,RN-BCN-F041,B,furgoneta,1975.5,414.9,187.7,266.49,503.0
2024-12-01,RN-BCN-F041,B,furgoneta,2817.6,591.7,267.7,380.1,717.4
2025-01-01,RN-BCN-F041,B,furgoneta,1954.3,410.4,185.7,263.63,497.6
2025-02-01,RN-BCN-F041,B,furgoneta,2065.0,433.7,196.2,278.57,525.8
2025-03-01,RN-BCN-F041,B,furgoneta,2328.6,489.0,221.2,314.13,592.9
2025-04-01,RN-BCN-F041,B,furgoneta,2447.5,514.0,232.5,330.17,623.1
2025-05-01,RN-BCN-F041,B,furgoneta,2221.9,466.6,211.1,299.73,565.7
2025-06-01,RN-BCN-F041,B,furgoneta,2183.7,458.6,207.5,294.58,556.0
2025-07-01,RN-BCN-F041,B,furgoneta,2629.8,552.3,249.8,354.76,669.6
2025-08-01,RN-BCN-F041,B,furgoneta,1988.4,417.6,188.9,268.24,506.2
2025-09-01,RN-BCN-F041,B,furgoneta,2249.0,472.3,213.7,303.39,572.6
2025-10-01,RN-BCN-F041,B,furgoneta,2159.1,453.4,205.1,291.27,549.7
2025-11-01,RN-BCN-F041,B,furgoneta,2161.2,453.8,205.3,291.54,550.2
2025-12-01,RN-BCN-F041,B,furgoneta,2495.4,524.0,237.1,336.63,635.3
2024-01-01,RN-BCN-F042,B,furgoneta,1930.9,405.5,183.4,260.48,491.6
2024-02-01,RN-BCN-F042,B,furgoneta,2049.4,430.4,194.7,276.47,521.8
2024-03-01,RN-BCN-F042,B,furgoneta,2032.1,426.7,193.1,274.13,517.4
2024-04-01,RN-BCN-F042,B,furgoneta,2174.0,456.5,206.5,293.27,553.5
2024-05-01,RN-BCN-F042,B,furgoneta,2247.9,472.1,213.6,303.25,572.3
2024-06-01,RN-BCN-F042,B,furgoneta,1938.6,407.1,184.2,261.51,493.6
2024-07-01,RN-BCN-F042,B,furgoneta,2234.3,469.2,212.3,301.41,568.8
2024-08-01,RN-BCN-F042,B,furgoneta,1953.4,410.2,185.6,263.52,497.3
2024-09-01,RN-BCN-F042,B,furgoneta,2231.9,468.7,212.0,301.08,568.2
2024-10-01,RN-BCN-F042,B,furgoneta,2067.7,434.2,196.4,278.93,526.4
2024-11-01,RN-BCN-F042,B,furgoneta,2343.2,492.1,222.6,316.09,596.6
2024-12-01,RN-BCN-F042,B,furgoneta,2704.1,567.9,256.9,364.79,688.5
2025-01-01,RN-BCN-F042,B,furgoneta,2139.0,449.2,203.2,288.55,544.6
2025-02-01,RN-BCN-F042,B,furgoneta,1970.4,413.8,187.2,265.81,501.7
2025-03-01,RN-BCN-F042,B,furgoneta,2124.6,446.2,201.8,286.61,540.9
2025-04-01,RN-BCN-F042,B,furgoneta,2272.3,477.2,215.9,306.53,578.5
2025-05-01,RN-BCN-F042,B,furgoneta,2215.2,465.2,210.4,298.83,564.0
2025-06-01,RN-BCN-F042,B,furgoneta,2111.7,443.5,200.6,284.87,537.6
2025-07-01,RN-BCN-F042,B,furgoneta,2507.0,526.5,238.2,338.19,638.3
2025-08-01,RN-BCN-F042,B,furgoneta,2305.2,484.1,219.0,310.97,586.9
2025-09-01,RN-BCN-F042,B,furgoneta,2251.4,472.8,213.9,303.72,573.2
2025-10-01,RN-BCN-F042,B,furgoneta,2169.1,455.5,206.1,292.61,552.3
2025-11-01,RN-BCN-F042,B,furgoneta,2037.9,428.0,193.6,274.91,518.8
2025-12-01,RN-BCN-F042,B,furgoneta,2810.0,590.1,266.9,379.06,715.4
2024-01-01,RN-BCN-F043,B,furgoneta,2078.8,436.6,201.8,286.6,540.9
2024-02-01,RN-BCN-F043,B,furgoneta,2002.2,420.5,194.4,276.04,521.0
2024-03-01,RN-BCN-F043,B,furgoneta,2281.8,479.2,221.5,314.59,593.7
2024-04-01,RN-BCN-F043,B,furgoneta,2209.4,464.0,214.5,304.61,574.9
2024-05-01,RN-BCN-F043,B,furgoneta,2186.6,459.2,212.3,301.47,569.0
2024-06-01,RN-BCN-F043,B,furgoneta,2291.4,481.2,222.5,315.91,596.2
2024-07-01,RN-BCN-F043,B,furgoneta,2103.1,441.6,204.2,289.95,547.2
2024-08-01,RN-BCN-F043,B,furgoneta,2314.6,486.1,224.7,319.11,602.3
2024-09-01,RN-BCN-F043,B,furgoneta,1798.8,377.7,174.6,248.0,468.0
2024-10-01,RN-BCN-F043,B,furgoneta,2172.6,456.3,210.9,299.54,565.3
2024-11-01,RN-BCN-F043,B,furgoneta,2250.7,472.7,218.5,310.3,585.6
2024-12-01,RN-BCN-F043,B,furgoneta,2269.7,476.6,220.4,312.91,590.6
2025-01-01,RN-BCN-F043,B,furgoneta,2104.9,442.0,204.4,290.2,547.7
2025-02-01,RN-BCN-F043,B,furgoneta,2030.1,426.3,197.1,279.89,528.2
2025-03-01,RN-BCN-F043,B,furgoneta,1960.1,411.6,190.3,270.24,510.0
2025-04-01,RN-BCN-F043,B,furgoneta,2234.1,469.2,216.9,308.01,581.3
2025-05-01,RN-BCN-F043,B,furgoneta,1991.3,418.2,193.3,274.54,518.1
2025-06-01,RN-BCN-F043,B,furgoneta,2140.5,449.5,207.8,295.11,557.0
2025-07-01,RN-BCN-F043,B,furgoneta,2407.0,505.5,233.7,331.85,626.3
2025-08-01,RN-BCN-F043,B,furgoneta,1940.3,407.5,188.4,267.5,504.9
2025-09-01,RN-BCN-F043,B,furgoneta,2061.1,432.8,200.1,284.15,536.3
2025-10-01,RN-BCN-F043,B,furgoneta,2123.5,445.9,206.2,292.76,552.5
2025-11-01,RN-BCN-F043,B,furgoneta,2014.3,423.0,195.6,277.7,524.1
2025-12-01,RN-BCN-F043,B,furgoneta,2303.7,483.8,223.7,317.61,599.4
2024-01-01,RN-BCN-F044,B,furgoneta,1849.5,388.4,175.7,249.49,470.9
2024-02-01,RN-BCN-F044,B,furgoneta,1867.6,392.2,177.4,251.94,475.5
2024-03-01,RN-BCN-F044,B,furgoneta,2218.5,465.9,210.8,299.28,564.8
2024-04-01,RN-BCN-F044,B,furgoneta,2129.5,447.2,202.3,287.27,542.2
2024-05-01,RN-BCN-F044,B,furgoneta,2082.6,437.3,197.8,280.94,530.2
2024-06-01,RN-BCN-F044,B,furgoneta,2464.4,517.5,234.1,332.45,627.4
2024-07-01,RN-BCN-F044,B,furgoneta,2439.6,512.3,231.8,329.1,621.1
2024-08-01,RN-BCN-F044,B,furgoneta,2342.1,491.8,222.5,315.95,596.3
2024-09-01,RN-BCN-F044,B,furgoneta,2080.8,437.0,197.7,280.69,529.8
2024-10-01,RN-BCN-F044,B,furgoneta,2238.2,470.0,212.6,301.94,569.9
2024-11-01,RN-BCN-F044,B,furgoneta,2001.3,420.3,190.1,269.98,509.5
2024-12-01,RN-BCN-F044,B,furgoneta,2287.4,480.4,217.3,308.57,582.4
2025-01-01,RN-BCN-F044,B,furgoneta,2032.4,426.8,193.1,274.16,517.4
2025-02-01,RN-BCN-F044,B,furgoneta,2066.9,434.0,196.4,278.82,526.2
2025-03-01,RN-BCN-F044,B,furgoneta,1985.0,416.8,188.6,267.78,505.4
2025-04-01,RN-BCN-F044,B,furgoneta,2440.6,512.5,231.9,329.24,621.4
2025-05-01,RN-BCN-F044,B,furgoneta,1906.7,400.4,181.1,257.21,485.4
2025-06-01,RN-BCN-F044,B,furgoneta,2126.6,446.6,202.0,286.87,541.4
2025-07-01,RN-BCN-F044,B,furgoneta,2316.9,486.5,220.1,312.54,589.9
2025-08-01,RN-BCN-F044,B,furgoneta,1926.0,404.5,183.0,259.82,490.4
2025-09-01,RN-BCN-F044,B,furgoneta,1930.4,405.4,183.4,260.42,491.5
2025-10-01,RN-BCN-F044,B,furgoneta,2357.3,495.0,223.9,318.0,600.2
2025-11-01,RN-BCN-F044,B,furgoneta,2188.3,459.5,207.9,295.2,557.1
2025-12-01,RN-BCN-F044,B,furgoneta,2483.8,521.6,236.0,335.07,632.4
2024-01-01,RN-BCN-F045,B,furgoneta,2009.2,421.9,190.9,271.05,511.6
2024-02-01,RN-BCN-F045,B,furgoneta,1990.9,418.1,189.1,268.58,506.9
2024-03-01,RN-BCN-F045,B,furgoneta,2151.9,451.9,204.4,290.3,547.9
2024-04-01,RN-BCN-F045,B,furgoneta,2228.2,467.9,211.7,300.59,567.3
2024-05-01,RN-BCN-F045,B,furgoneta,2263.1,475.2,215.0,305.29,576.2
2024-06-01,RN-BCN-F045,B,furgoneta,2252.3,473.0,214.0,303.84,573.4
2024-07-01,RN-BCN-F045,B,furgoneta,2045.5,429.6,194.3,275.94,520.8
2024-08-01,RN-BCN-F045,B,furgoneta,2375.5,498.9,225.7,320.46,604.8
2024-09-01,RN-BCN-F045,B,furgoneta,2014.5,423.0,191.4,271.75,512.9
2024-10-01,RN-BCN-F045,B,furgoneta,2202.1,462.4,209.2,297.06,560.6
2024-11-01,RN-BCN-F045,B,furgoneta,2053.0,431.1,195.0,276.95,522.7
2024-12-01,RN-BCN-F045,B,furgoneta,2184.3,458.7,207.5,294.66,556.1
2025-01-01,RN-BCN-F045,B,furgoneta,2109.3,443.0,200.4,284.54,537.0
2025-02-01,RN-BCN-F045,B,furgoneta,2048.1,430.1,194.6,276.3,521.5
2025-03-01,RN-BCN-F045,B,furgoneta,2308.5,484.8,219.3,311.42,587.7
2025-04-01,RN-BCN-F045,B,furgoneta,1858.0,390.2,176.5,250.65,473.1
2025-05-01,RN-BCN-F045,B,furgoneta,2150.1,451.5,204.3,290.05,547.4
2025-06-01,RN-BCN-F045,B,furgoneta,2238.4,470.1,212.6,301.95,569.9
2025-07-01,RN-BCN-F045,B,furgoneta,2228.0,467.9,211.7,300.55,567.2
2025-08-01,RN-BCN-F045,B,furgoneta,2355.2,494.6,223.7,317.72,599.6
2025-09-01,RN-BCN-F045,B,furgoneta,1777.1,373.2,168.8,239.73,452.4
2025-10-01,RN-BCN-F045,B,furgoneta,2113.9,443.9,200.8,285.16,538.2
2025-11-01,RN-BCN-F045,B,furgoneta,2156.8,452.9,204.9,290.96,549.1
2025-12-01,RN-BCN-F045,B,furgoneta,2668.9,560.5,253.5,360.03,679.5
2024-01-01,RN-BCN-F046,B,furgoneta,1783.7,374.6,169.4,240.61,454.1
2024-02-01,RN-BCN-F046,B,furgoneta,1952.7,410.1,185.5,263.42,497.2
2024-03-01,RN-BCN-F046,B,furgoneta,2150.5,451.6,204.3,290.1,547.5
2024-04-01,RN-BCN-F046,B,furgoneta,2219.1,466.0,210.8,299.36,565.0
2024-05-01,RN-BCN-F046,B,furgoneta,2003.8,420.8,190.4,270.32,510.2
2024-06-01,RN-BCN-F046,B,furgoneta,2406.8,505.4,228.6,324.68,612.8
2024-07-01,RN-BCN-F046,B,furgoneta,1933.1,405.9,183.6,260.77,492.2
2024-08-01,RN-BCN-F046,B,furgoneta,1919.3,403.1,182.3,258.91,488.7
2024-09-01,RN-BCN-F046,B,furgoneta,2162.4,454.1,205.4,291.7,550.5
2024-10-01,RN-BCN-F046,B,furgoneta,2144.0,450.2,203.7,289.23,545.9
2024-11-01,RN-BCN-F046,B,furgoneta,2116.6,444.5,201.1,285.52,538.9
2024-12-01,RN-BCN-F046,B,furgoneta,2705.1,568.1,257.0,364.92,688.7
2025-01-01,RN-BCN-F046,B,furgoneta,2243.4,471.1,213.1,302.64,571.2
2025-02-01,RN-BCN-F046,B,furgoneta,2167.4,455.2,205.9,292.38,551.8
2025-03-01,RN-BCN-F046,B,furgoneta,2072.5,435.2,196.9,279.58,527.7
2025-04-01,RN-BCN-F046,B,furgoneta,2243.5,471.1,213.1,302.65,571.2
2025-05-01,RN-BCN-F046,B,furgoneta,2217.9,465.8,210.7,299.19,564.7
2025-06-01,RN-BCN-F046,B,furgoneta,2192.9,460.5,208.3,295.82,558.3
2025-07-01,RN-BCN-F046,B,furgoneta,2098.2,440.6,199.3,283.05,534.2
2025-08-01,RN-BCN-F046,B,furgoneta,2096.5,440.3,199.2,282.82,533.8
2025-09-01,RN-BCN-F046,B,furgoneta,2021.6,424.5,192.1,272.72,514.7
2025-10-01,RN-BCN-F046,B,furgoneta,1855.3,389.6,176.3,250.28,472.4
2025-11-01,RN-BCN-F046,B,furgoneta,2091.0,439.1,198.6,282.07,532.4
2025-12-01,RN-BCN-F046,B,furgoneta,2640.1,554.4,250.8,356.14,672.2
2024-01-01,RN-BCN-F047,B,furgoneta,1993.4,418.6,189.4,268.92,507.5
2024-02-01,RN-BCN-F047,B,furgoneta,1987.2,417.3,188.8,268.07,505.9
2024-03-01,RN-BCN-F047,B,furgoneta,2018.7,423.9,191.8,272.33,514.0
2024-04-01,RN-BCN-F047,B,furgoneta,2253.9,473.3,214.1,304.06,573.9
2024-05-01,RN-BCN-F047,B,furgoneta,2283.0,479.4,216.9,307.98,581.3
2024-06-01,RN-BCN-F047,B,furgoneta,2023.4,424.9,192.2,272.96,515.2
2024-07-01,RN-BCN-F047,B,furgoneta,2233.5,469.0,212.2,301.3,568.7
2024-08-01,RN-BCN-F047,B,furgoneta,2287.5,480.4,217.3,308.58,582.4
2024-09-01,RN-BCN-F047,B,furgoneta,2144.8,450.4,203.8,289.33,546.1
2024-10-01,RN-BCN-F047,B,furgoneta,1912.6,401.6,181.7,258.01,486.9
2024-11-01,RN-BCN-F047,B,furgoneta,2254.7,473.5,214.2,304.16,574.1
2024-12-01,RN-BCN-F047,B,furgoneta,2549.2,535.3,242.2,343.88,649.0
2025-01-01,RN-BCN-F047,B,furgoneta,2172.4,456.2,206.4,293.05,553.1
2025-02-01,RN-BCN-F047,B,furgoneta,1761.8,370.0,167.4,237.67,448.6
2025-03-01,RN-BCN-F047,B,furgoneta,2302.9,483.6,218.8,310.66,586.3
2025-04-01,RN-BCN-F047,B,furgoneta,2058.8,432.3,195.6,277.73,524.2
2025-05-01,RN-BCN-F047,B,furgoneta,1925.9,404.4,183.0,259.8,490.3
2025-06-01,RN-BCN-F047,B,furgoneta,1984.6,416.8,188.5,267.72,505.3
2025-07-01,RN-BCN-F047,B,furgoneta,2442.5,512.9,232.0,329.49,621.9
2025-08-01,RN-BCN-F047,B,furgoneta,2095.6,440.1,199.1,282.7,533.5
2025-09-01,RN-BCN-F047,B,furgoneta,2308.4,484.8,219.3,311.41,587.7
2025-10-01,RN-BCN-F047,B,furgoneta,2119.1,445.0,201.3,285.86,539.5
2025-11-01,RN-BCN-F047,B,furgoneta,2245.5,471.6,213.3,302.92,571.7
2025-12-01,RN-BCN-F047,B,furgoneta,2851.7,598.8,270.9,384.69,726.0
2024-01-01,RN-BCN-F048,B,furgoneta,1825.8,383.4,175.4,249.0,470.0
2024-02-01,RN-BCN-F048,B,furgoneta,2101.5,441.3,201.8,286.61,540.9
2024-03-01,RN-BCN-F048,B,furgoneta,1993.9,418.7,191.5,271.94,513.2
2024-04-01,RN-BCN-F048,B,furgoneta,2085.5,438.0,200.3,284.43,536.8
2024-05-01,RN-BCN-F048,B,furgoneta,2265.3,475.7,217.6,308.95,583.1
2024-06-01,RN-BCN-F048,B,furgoneta,1883.6,395.6,180.9,256.9,484.9
2024-07-01,RN-BCN-F048,B,furgoneta,2192.3,460.4,210.6,298.99,564.3
2024-08-01,RN-BCN-F048,B,furgoneta,1958.5,411.3,188.1,267.1,504.1
2024-09-01,RN-BCN-F048,B,furgoneta,2202.0,462.4,211.5,300.32,566.8
2024-10-01,RN-BCN-F048,B,furgoneta,2054.7,431.5,197.3,280.23,528.9
2024-11-01,RN-BCN-F048,B,furgoneta,2256.8,473.9,216.8,307.8,580.9
2024-12-01,RN-BCN-F048,B,furgoneta,2675.8,561.9,257.0,364.94,688.8
2025-01-01,RN-BCN-F048,B,furgoneta,1840.8,386.6,176.8,251.06,473.8
2025-02-01,RN-BCN-F048,B,furgoneta,1877.5,394.3,180.3,256.06,483.3
2025-03-01,RN-BCN-F048,B,furgoneta,1840.4,386.5,176.8,251.01,473.7
2025-04-01,RN-BCN-F048,B,furgoneta,1929.3,405.1,185.3,263.12,496.6
2025-05-01,RN-BCN-F048,B,furgoneta,2170.3,455.8,208.4,295.99,558.6
2025-06-01,RN-BCN-F048,B,furgoneta,2352.0,493.9,225.9,320.77,605.4
2025-07-01,RN-BCN-F048,B,furgoneta,2535.6,532.5,243.5,345.81,652.7
2025-08-01,RN-BCN-F048,B,furgoneta,2270.1,476.7,218.0,309.61,584.3
2025-09-01,RN-BCN-F048,B,furgoneta,2280.2,478.8,219.0,310.98,586.9
2025-10-01,RN-BCN-F048,B,furgoneta,2050.0,430.5,196.9,279.58,527.7
2025-11-01,RN-BCN-F048,B,furgoneta,2259.2,474.4,217.0,308.11,581.5
2025-12-01,RN-BCN-F048,B,furgoneta,2829.2,594.1,271.7,385.86,728.3
2024-01-01,RN-BCN-F049,B,furgoneta,2077.8,436.3,203.9,289.55,546.5
2024-02-01,RN-BCN-F049,B,furgoneta,1943.3,408.1,190.7,270.81,511.1
2024-03-01,RN-BCN-F049,B,furgoneta,2196.9,461.4,215.6,306.15,577.8
2024-04-01,RN-BCN-F049,B,furgoneta,2147.3,450.9,210.7,299.23,564.7
2024-05-01,RN-BCN-F049,B,furgoneta,1913.3,401.8,187.8,266.62,503.2
2024-06-01,RN-BCN-F049,B,furgoneta,2031.6,426.6,199.4,283.11,534.3
2024-07-01,RN-BCN-F049,B,furgoneta,2281.3,479.1,223.9,317.91,600.0
2024-08-01,RN-BCN-F049,B,furgoneta,2158.6,453.3,211.8,300.81,567.7
2024-09-01,RN-BCN-F049,B,furgoneta,2232.3,468.8,219.1,311.07,587.1
2024-10-01,RN-BCN-F049,B,furgoneta,2156.7,452.9,211.7,300.55,567.2
2024-11-01,RN-BCN-F049,B,furgoneta,2243.7,471.2,220.2,312.66,590.1
2024-12-01,RN-BCN-F049,B,furgoneta,2973.7,624.5,291.8,414.39,782.1
2025-01-01,RN-BCN-F049,B,furgoneta,1978.2,415.4,194.1,275.66,520.3
2025-02-01,RN-BCN-F049,B,furgoneta,1969.8,413.6,193.3,274.49,518.1
2025-03-01,RN-BCN-F049,B,furgoneta,2100.5,441.1,206.1,292.71,552.4
2025-04-01,RN-BCN-F049,B,furgoneta,1891.1,397.1,185.6,263.52,497.4
2025-05-01,RN-BCN-F049,B,furgoneta,2444.8,513.4,239.9,340.69,643.0
2025-06-01,RN-BCN-F049,B,furgoneta,2280.3,478.9,223.8,317.77,599.7
2025-07-01,RN-BCN-F049,B,furgoneta,2412.5,506.6,236.7,336.18,634.5
2025-08-01,RN-BCN-F049,B,furgoneta,1904.4,399.9,186.9,265.38,500.9
2025-09-01,RN-BCN-F049,B,furgoneta,2175.6,456.9,213.5,303.17,572.2
2025-10-01,RN-BCN-F049,B,furgoneta,2279.2,478.6,223.7,317.62,599.4
2025-11-01,RN-BCN-F049,B,furgoneta,2228.1,467.9,218.7,310.48,586.0
2025-12-01,RN-BCN-F049,B,furgoneta,2625.6,551.4,257.7,365.88,690.5
2024-01-01,RN-BCN-F050,B,furgoneta,2277.0,478.2,216.3,307.16,579.7
2024-02-01,RN-BCN-F050,B,furgoneta,1738.1,365.0,165.1,234.47,442.5
2024-03-01,RN-BCN-F050,B,furgoneta,2076.9,436.1,197.3,280.17,528.8
2024-04-01,RN-BCN-F050,B,furgoneta,1991.7,418.2,189.2,268.67,507.1
2024-05-01,RN-BCN-F050,B,furgoneta,1964.8,412.6,186.7,265.05,500.2
2024-06-01,RN-BCN-F050,B,furgoneta,2020.8,424.4,192.0,272.6,514.5
2024-07-01,RN-BCN-F050,B,furgoneta,2284.7,479.8,217.0,308.2,581.7
2024-08-01,RN-BCN-F050,B,furgoneta,2130.2,447.3,202.4,287.36,542.4
2024-09-01,RN-BCN-F050,B,furgoneta,2212.6,464.6,210.2,298.48,563.3
2024-10-01,RN-BCN-F050,B,furgoneta,2020.7,424.3,192.0,272.59,514.5
2024-11-01,RN-BCN-F050,B,furgoneta,2187.6,459.4,207.8,295.11,557.0
2024-12-01,RN-BCN-F050,B,furgoneta,2631.7,552.7,250.0,355.02,670.0
2025-01-01,RN-BCN-F050,B,furgoneta,1958.7,411.3,186.1,264.23,498.7
2025-02-01,RN-BCN-F050,B,furgoneta,1681.6,353.1,159.8,226.85,428.1
2025-03-01,RN-BCN-F050,B,furgoneta,1943.9,408.2,184.7,262.23,494.9
2025-04-01,RN-BCN-F050,B,furgoneta,2072.4,435.2,196.9,279.56,527.6
2025-05-01,RN-BCN-F050,B,furgoneta,2003.0,420.6,190.3,270.2,510.0
2025-06-01,RN-BCN-F050,B,furgoneta,2081.0,437.0,197.7,280.72,529.8
2025-07-01,RN-BCN-F050,B,furgoneta,2209.1,463.9,209.9,298.01,562.4
2025-08-01,RN-BCN-F050,B,furgoneta,2096.5,440.3,199.2,282.82,533.8
2025-09-01,RN-BCN-F050,B,furgoneta,2193.0,460.5,208.3,295.84,558.3
2025-10-01,RN-BCN-F050,B,furgoneta,2208.8,463.9,209.8,297.97,562.4
2025-11-01,RN-BCN-F050,B,furgoneta,2333.8,490.1,221.7,314.83,594.2
2025-12-01,RN-BCN-F050,B,furgoneta,2581.3,542.1,245.2,348.22,657.2
2024-01-01,RN-BCN-F051,B,furgoneta,1960.1,411.6,196.4,278.96,526.5
2024-02-01,RN-BCN-F051,B,furgoneta,1758.2,369.2,176.2,250.22,472.3
2024-03-01,RN-BCN-F051,B,furgoneta,1946.7,408.8,195.1,277.05,522.9
2024-04-01,RN-BCN-F051,B,furgoneta,2007.5,421.6,201.2,285.71,539.2
2024-05-01,RN-BCN-F051,B,furgoneta,2271.1,476.9,227.6,323.23,610.0
2024-06-01,RN-BCN-F051,B,furgoneta,2294.2,481.8,229.9,326.51,616.2
2024-07-01,RN-BCN-F051,B,furgoneta,2180.5,457.9,218.5,310.33,585.7
2024-08-01,RN-BCN-F051,B,furgoneta,2181.6,458.1,218.6,310.48,586.0
2024-09-01,RN-BCN-F051,B,furgoneta,2349.3,493.4,235.5,334.35,631.0
2024-10-01,RN-BCN-F051,B,furgoneta,2092.2,439.4,209.7,297.76,562.0
2024-11-01,RN-BCN-F051,B,furgoneta,2081.8,437.2,208.6,296.28,559.2
2024-12-01,RN-BCN-F051,B,furgoneta,2446.2,513.7,245.2,348.14,657.1
2025-01-01,RN-BCN-F051,B,furgoneta,1973.7,414.5,197.8,280.89,530.1
2025-02-01,RN-BCN-F051,B,furgoneta,2026.9,425.6,203.1,288.47,544.4
2025-03-01,RN-BCN-F051,B,furgoneta,2160.9,453.8,216.6,307.54,580.4
2025-04-01,RN-BCN-F051,B,furgoneta,2237.1,469.8,224.2,318.38,600.9
2025-05-01,RN-BCN-F051,B,furgoneta,2178.1,457.4,218.3,309.99,585.1
2025-06-01,RN-BCN-F051,B,furgoneta,2066.8,434.0,207.1,294.15,555.2
2025-07-01,RN-BCN-F051,B,furgoneta,2341.6,491.7,234.7,333.26,629.0
2025-08-01,RN-BCN-F051,B,furgoneta,2168.8,455.4,217.4,308.66,582.5
2025-09-01,RN-BCN-F051,B,furgoneta,2235.3,469.4,224.0,318.13,600.4
2025-10-01,RN-BCN-F051,B,furgoneta,2366.5,497.0,237.2,336.8,635.6
2025-11-01,RN-BCN-F051,B,furgoneta,2092.3,439.4,209.7,297.78,562.0
2025-12-01,RN-BCN-F051,B,furgoneta,2743.5,576.1,275.0,390.46,736.9
2024-01-01,RN-BCN-F052,B,furgoneta,2259.4,474.5,214.6,304.79,575.2
2024-02-01,RN-BCN-F052,B,furgoneta,1819.5,382.1,172.8,245.44,463.2
2024-03-01,RN-BCN-F052,B,furgoneta,1861.0,390.8,176.8,251.04,473.8
2024-04-01,RN-BCN-F052,B,furgoneta,2396.2,503.2,227.6,323.25,610.1
2024-05-01,RN-BCN-F052,B,furgoneta,1956.6,410.9,185.9,263.95,498.2
2024-06-01,RN-BCN-F052,B,furgoneta,2294.8,481.9,218.0,309.57,584.3
2024-07-01,RN-BCN-F052,B,furgoneta,2263.9,475.4,215.1,305.4,576.4
2024-08-01,RN-BCN-F052,B,furgoneta,1944.1,408.3,184.7,262.26,495.0
2024-09-01,RN-BCN-F052,B,furgoneta,2188.7,459.6,207.9,295.25,557.2
2024-10-01,RN-BCN-F052,B,furgoneta,2143.8,450.2,203.7,289.2,545.8
2024-11-01,RN-BCN-F052,B,furgoneta,2350.6,493.6,223.3,317.09,598.5
2024-12-01,RN-BCN-F052,B,furgoneta,2563.8,538.4,243.6,345.86,652.7
2025-01-01,RN-BCN-F052,B,furgoneta,2158.2,453.2,205.0,291.14,549.5
2025-02-01,RN-BCN-F052,B,furgoneta,2264.3,475.5,215.1,305.46,576.5
2025-03-01,RN-BCN-F052,B,furgoneta,2069.4,434.6,196.6,279.16,526.9
2025-04-01,RN-BCN-F052,B,furgoneta,1871.4,393.0,177.8,252.45,476.5
2025-05-01,RN-BCN-F052,B,furgoneta,2025.1,425.3,192.4,273.19,515.6
2025-06-01,RN-BCN-F052,B,furgoneta,2244.8,471.4,213.3,302.83,571.5
2025-07-01,RN-BCN-F052,B,furgoneta,2329.1,489.1,221.3,314.19,593.0
2025-08-01,RN-BCN-F052,B,furgoneta,2103.2,441.7,199.8,283.73,535.5
2025-09-01,RN-BCN-F052,B,furgoneta,2025.5,425.4,192.4,273.24,515.7
2025-10-01,RN-BCN-F052,B,furgoneta,2069.8,434.7,196.6,279.22,527.0
2025-11-01,RN-BCN-F052,B,furgoneta,2311.3,485.4,219.6,311.79,588.4
2025-12-01,RN-BCN-F052,B,furgoneta,2804.1,588.9,266.4,378.27,713.9
2024-01-01,RN-BCN-F053,B,furgoneta,1951.1,409.7,185.4,263.21,496.8
2024-02-01,RN-BCN-F053,B,furgoneta,1764.8,370.6,167.7,238.07,449.3
2024-03-01,RN-BCN-F053,B,furgoneta,2088.1,438.5,198.4,281.69,531.6
2024-04-01,RN-BCN-F053,B,furgoneta,2123.3,445.9,201.7,286.43,540.6
2024-05-01,RN-BCN-F053,B,furgoneta,2141.9,449.8,203.5,288.94,545.3
2024-06-01,RN-BCN-F053,B,furgoneta,2123.9,446.0,201.8,286.51,540.7
2024-07-01,RN-BCN-F053,B,furgoneta,2329.2,489.1,221.3,314.21,593.0
2024-08-01,RN-BCN-F053,B,furgoneta,1905.9,400.2,181.1,257.1,485.2
2024-09-01,RN-BCN-F053,B,furgoneta,1862.7,391.2,177.0,251.27,474.2
2024-10-01,RN-BCN-F053,B,furgoneta,2557.9,537.2,243.0,345.06,651.2
2024-11-01,RN-BCN-F053,B,furgoneta,1999.4,419.9,189.9,269.72,509.0
2024-12-01,RN-BCN-F053,B,furgoneta,2590.3,544.0,246.1,349.44,659.5
2025-01-01,RN-BCN-F053,B,furgoneta,1893.0,397.5,179.8,255.37,482.0
2025-02-01,RN-BCN-F053,B,furgoneta,1817.3,381.6,172.6,245.15,462.7
2025-03-01,RN-BCN-F053,B,furgoneta,2232.0,468.7,212.0,301.1,568.3
2025-04-01,RN-BCN-F053,B,furgoneta,2271.5,477.0,215.8,306.42,578.3
2025-05-01,RN-BCN-F053,B,furgoneta,2197.2,461.4,208.7,296.4,559.4
2025-06-01,RN-BCN-F053,B,furgoneta,2493.9,523.7,236.9,336.43,634.9
2025-07-01,RN-BCN-F053,B,furgoneta,2418.4,507.9,229.7,326.24,615.7
2025-08-01,RN-BCN-F053,B,furgoneta,2159.0,453.4,205.1,291.26,549.7
2025-09-01,RN-BCN-F053,B,furgoneta,2220.5,466.3,210.9,299.55,565.3
2025-10-01,RN-BCN-F053,B,furgoneta,2575.2,540.8,244.6,347.39,655.6
2025-11-01,RN-BCN-F053,B,furgoneta,1939.0,407.2,184.2,261.57,493.7
2025-12-01,RN-BCN-F053,B,furgoneta,2580.4,541.9,245.1,348.1,657.0
2024-01-01,RN-BCN-F054,B,furgoneta,1948.0,409.1,187.1,265.68,501.4
2024-02-01,RN-BCN-F054,B,furgoneta,2202.3,462.5,211.5,300.36,566.9
2024-03-01,RN-BCN-F054,B,furgoneta,2093.4,439.6,201.1,285.51,538.8
2024-04-01,RN-BCN-F054,B,furgoneta,1899.0,398.8,182.4,258.99,488.8
2024-05-01,RN-BCN-F054,B,furgoneta,2069.0,434.5,198.7,282.18,532.6
2024-06-01,RN-BCN-F054,B,furgoneta,2375.5,498.9,228.2,323.98,611.5
2024-07-01,RN-BCN-F054,B,furgoneta,2174.2,456.6,208.8,296.53,559.6
2024-08-01,RN-BCN-F054,B,furgoneta,2276.8,478.1,218.7,310.51,586.0
2024-09-01,RN-BCN-F054,B,furgoneta,2070.9,434.9,198.9,282.44,533.1
2024-10-01,RN-BCN-F054,B,furgoneta,1933.9,406.1,185.7,263.75,497.8
2024-11-01,RN-BCN-F054,B,furgoneta,2341.1,491.6,224.8,319.29,602.6
2024-12-01,RN-BCN-F054,B,furgoneta,2671.2,560.9,256.6,364.3,687.6
2025-01-01,RN-BCN-F054,B,furgoneta,1852.7,389.1,177.9,252.68,476.9
2025-02-01,RN-BCN-F054,B,furgoneta,1898.5,398.7,182.3,258.93,488.7
2025-03-01,RN-BCN-F054,B,furgoneta,2329.6,489.2,223.7,317.72,599.6
2025-04-01,RN-BCN-F054,B,furgoneta,2248.4,472.2,215.9,306.64,578.7
2025-05-01,RN-BCN-F054,B,furgoneta,2171.1,455.9,208.5,296.1,558.8
2025-06-01,RN-BCN-F054,B,furgoneta,1971.1,413.9,189.3,268.83,507.4
2025-07-01,RN-BCN-F054,B,furgoneta,2556.5,536.9,245.5,348.67,658.0
2025-08-01,RN-BCN-F054,B,furgoneta,2285.3,479.9,219.5,311.68,588.2
2025-09-01,RN-BCN-F054,B,furgoneta,2240.6,470.5,215.2,305.58,576.7
2025-10-01,RN-BCN-F054,B,furgoneta,2273.1,477.4,218.3,310.02,585.1
2025-11-01,RN-BCN-F054,B,furgoneta,2261.8,475.0,217.2,308.47,582.2
2025-12-01,RN-BCN-F054,B,furgoneta,2696.2,566.2,259.0,367.71,694.0
2024-01-01,RN-BCN-F055,B,furgoneta,1876.2,394.0,180.2,255.89,482.9
2024-02-01,RN-BCN-F055,B,furgoneta,1842.8,387.0,177.0,251.33,474.3
2024-03-01,RN-BCN-F055,B,furgoneta,1983.0,416.4,190.5,270.44,510.4
2024-04-01,RN-BCN-F055,B,furgoneta,2102.5,441.5,201.9,286.75,541.2
2024-05-01,RN-BCN-F055,B,furgoneta,1923.5,403.9,184.7,262.34,495.1
2024-06-01,RN-BCN-F055,B,furgoneta,2145.9,450.6,206.1,292.67,552.4
2024-07-01,RN-BCN-F055,B,furgoneta,2399.3,503.9,230.4,327.23,617.6
2024-08-01,RN-BCN-F055,B,furgoneta,1923.0,403.8,184.7,262.27,495.0
2024-09-01,RN-BCN-F055,B,furgoneta,2101.6,441.3,201.9,286.63,541.0
2024-10-01,RN-BCN-F055,B,furgoneta,2285.1,479.9,219.5,311.64,588.2
2024-11-01,RN-BCN-F055,B,furgoneta,2402.7,504.6,230.8,327.69,618.5
2024-12-01,RN-BCN-F055,B,furgoneta,2769.1,581.5,266.0,377.66,712.8
2025-01-01,RN-BCN-F055,B,furgoneta,2380.3,499.9,228.6,324.64,612.7
2025-02-01,RN-BCN-F055,B,furgoneta,1772.3,372.2,170.2,241.71,456.2
2025-03-01,RN-BCN-F055,B,furgoneta,2026.4,425.6,194.6,276.37,521.6
2025-04-01,RN-BCN-F055,B,furgoneta,1926.3,404.5,185.0,262.71,495.8
2025-05-01,RN-BCN-F055,B,furgoneta,2141.1,449.6,205.6,292.01,551.1
2025-06-01,RN-BCN-F055,B,furgoneta,2213.3,464.8,212.6,301.86,569.7
2025-07-01,RN-BCN-F055,B,furgoneta,2190.3,460.0,210.4,298.72,563.8
2025-08-01,RN-BCN-F055,B,furgoneta,1991.6,418.2,191.3,271.63,512.6
2025-09-01,RN-BCN-F055,B,furgoneta,2106.6,442.4,202.3,287.31,542.2
2025-10-01,RN-BCN-F055,B,furgoneta,2184.2,458.7,209.8,297.89,562.2
2025-11-01,RN-BCN-F055,B,furgoneta,2288.4,480.6,219.8,312.1,589.0
2025-12-01,RN-BCN-F055,B,furgoneta,2594.0,544.7,249.1,353.78,667.7
2024-01-01,RN-BCN-F056,B,furgoneta,1819.1,382.0,178.5,253.49,478.4
2024-02-01,RN-BCN-F056,B,furgoneta,1948.2,409.1,191.2,271.48,512.4
2024-03-01,RN-BCN-F056,B,furgoneta,2218.4,465.9,217.7,309.14,583.5
2024-04-01,RN-BCN-F056,B,furgoneta,2346.4,492.7,230.3,326.97,617.1
2024-05-01,RN-BCN-F056,B,furgoneta,2069.9,434.7,203.1,288.44,544.4
2024-06-01,RN-BCN-F056,B,furgoneta,2219.0,466.0,217.8,309.23,583.6
2024-07-01,RN-BCN-F056,B,furgoneta,2504.4,525.9,245.8,348.99,658.7
2024-08-01,RN-BCN-F056,B,furgoneta,1988.3,417.5,195.1,277.08,522.9
2024-09-01,RN-BCN-F056,B,furgoneta,1809.1,379.9,177.5,252.1,475.8
2024-10-01,RN-BCN-F056,B,furgoneta,2095.2,440.0,205.6,291.97,551.0
2024-11-01,RN-BCN-F056,B,furgoneta,1810.7,380.2,177.7,252.32,476.2
2024-12-01,RN-BCN-F056,B,furgoneta,2433.9,511.1,238.9,339.17,640.1
2025-01-01,RN-BCN-F056,B,furgoneta,2212.7,464.7,217.1,308.34,581.9
2025-02-01,RN-BCN-F056,B,furgoneta,1969.7,413.6,193.3,274.48,518.0
2025-03-01,RN-BCN-F056,B,furgoneta,2038.3,428.0,200.0,284.04,536.1
2025-04-01,RN-BCN-F056,B,furgoneta,2118.5,444.9,207.9,295.22,557.2
2025-05-01,RN-BCN-F056,B,furgoneta,1894.6,397.9,185.9,264.02,498.3
2025-06-01,RN-BCN-F056,B,furgoneta,2295.3,482.0,225.2,319.85,603.7
2025-07-01,RN-BCN-F056,B,furgoneta,2461.6,516.9,241.6,343.03,647.4
2025-08-01,RN-BCN-F056,B,furgoneta,2110.7,443.2,207.1,294.12,555.1
2025-09-01,RN-BCN-F056,B,furgoneta,1773.2,372.4,174.0,247.09,466.3
2025-10-01,RN-BCN-F056,B,furgoneta,2197.9,461.6,215.7,306.29,578.1
2025-11-01,RN-BCN-F056,B,furgoneta,2157.6,453.1,211.7,300.67,567.5
2025-12-01,RN-BCN-F056,B,furgoneta,2810.1,590.1,275.8,391.59,739.0
2024-01-01,RN-BCN-F057,B,furgoneta,2230.7,468.5,211.9,300.93,567.9
2024-02-01,RN-BCN-F057,B,furgoneta,2009.0,421.9,190.9,271.02,511.5
2024-03-01,RN-BCN-F057,B,furgoneta,2238.6,470.1,212.7,301.99,570.0
2024-04-01,RN-BCN-F057,B,furgoneta,2074.2,435.6,197.0,279.81,528.1
2024-05-01,RN-BCN-F057,B,furgoneta,2296.1,482.2,218.1,309.75,584.6
2024-06-01,RN-BCN-F057,B,furgoneta,2221.3,466.5,211.0,299.66,565.5
2024-07-01,RN-BCN-F057,B,furgoneta,2446.6,513.8,232.4,330.05,622.9
2024-08-01,RN-BCN-F057,B,furgoneta,2026.6,425.6,192.5,273.39,516.0
2024-09-01,RN-BCN-F057,B,furgoneta,2078.2,436.4,197.4,280.35,529.1
2024-10-01,RN-BCN-F057,B,furgoneta,2199.6,461.9,209.0,296.73,560.0
2024-11-01,RN-BCN-F057,B,furgoneta,2149.0,451.3,204.2,289.89,547.1
2024-12-01,RN-BCN-F057,B,furgoneta,2573.0,540.3,244.4,347.09,655.1
2025-01-01,RN-BCN-F057,B,furgoneta,1782.8,374.4,169.4,240.51,453.9
2025-02-01,RN-BCN-F057,B,furgoneta,2094.6,439.9,199.0,282.56,533.3
2025-03-01,RN-BCN-F057,B,furgoneta,2091.1,439.1,198.7,282.09,532.4
2025-04-01,RN-BCN-F057,B,furgoneta,2207.4,463.5,209.7,297.77,562.0
2025-05-01,RN-BCN-F057,B,furgoneta,2138.2,449.0,203.1,288.45,544.4
2025-06-01,RN-BCN-F057,B,furgoneta,1869.4,392.6,177.6,252.18,475.9
2025-07-01,RN-BCN-F057,B,furgoneta,2202.4,462.5,209.2,297.11,560.7
2025-08-01,RN-BCN-F057,B,furgoneta,2201.2,462.3,209.1,296.94,560.4
2025-09-01,RN-BCN-F057,B,furgoneta,2201.5,462.3,209.1,296.99,560.5
2025-10-01,RN-BCN-F057,B,furgoneta,2163.7,454.4,205.6,291.88,550.9
2025-11-01,RN-BCN-F057,B,furgoneta,2127.0,446.7,202.1,286.93,541.5
2025-12-01,RN-BCN-F057,B,furgoneta,2744.7,576.4,260.7,370.26,698.8
2024-01-01,RN-BCN-F058,B,furgoneta,2116.3,444.4,201.0,285.49,538.8
2024-02-01,RN-BCN-F058,B,furgoneta,1616.2,339.4,153.5,218.02,411.5
2024-03-01,RN-BCN-F058,B,furgoneta,2123.7,446.0,201.7,286.48,540.7
2024-04-01,RN-BCN-F058,B,furgoneta,2614.3,549.0,248.4,352.67,665.6
2024-05-01,RN-BCN-F058,B,furgoneta,2039.0,428.2,193.7,275.06,519.1
2024-06-01,RN-BCN-F058,B,furgoneta,2098.2,440.6,199.3,283.05,534.2
2024-07-01,RN-BCN-F058,B,furgoneta,2152.8,452.1,204.5,290.41,548.1
2024-08-01,RN-BCN-F058,B,furgoneta,2275.4,477.8,216.2,306.95,579.3
2024-09-01,RN-BCN-F058,B,furgoneta,2023.2,424.9,192.2,272.93,515.1
2024-10-01,RN-BCN-F058,B,furgoneta,2200.9,462.2,209.1,296.9,560.3
2024-11-01,RN-BCN-F058,B,furgoneta,2488.5,522.6,236.4,335.69,633.6
2024-12-01,RN-BCN-F058,B,furgoneta,2556.8,536.9,242.9,344.92,651.0
2025-01-01,RN-BCN-F058,B,furgoneta,2029.1,426.1,192.8,273.73,516.6
2025-02-01,RN-BCN-F058,B,furgoneta,1972.0,414.1,187.3,266.02,502.1
2025-03-01,RN-BCN-F058,B,furgoneta,2058.6,432.3,195.6,277.7,524.1
2025-04-01,RN-BCN-F058,B,furgoneta,1863.4,391.3,177.0,251.38,474.4
2025-05-01,RN-BCN-F058,B,furgoneta,2103.0,441.6,199.8,283.7,535.4
2025-06-01,RN-BCN-F058,B,furgoneta,2218.6,465.9,210.8,299.29,564.9
2025-07-01,RN-BCN-F058,B,furgoneta,2055.1,431.6,195.2,277.23,523.2
2025-08-01,RN-BCN-F058,B,furgoneta,2469.2,518.5,234.6,333.1,628.7
2025-09-01,RN-BCN-F058,B,furgoneta,2182.5,458.3,207.3,294.42,555.7
2025-10-01,RN-BCN-F058,B,furgoneta,2269.8,476.7,215.6,306.19,577.9
2025-11-01,RN-BCN-F058,B,furgoneta,2096.5,440.3,199.2,282.82,533.8
2025-12-01,RN-BCN-F058,B,furgoneta,2630.7,552.4,249.9,354.88,669.8
2024-01-01,RN-BCN-R001,B,rigido,3513.9,737.9,948.8,1347.23,2542.7
2024-02-01,RN-BCN-R001,B,rigido,3751.2,787.7,1012.8,1438.21,2714.4
2024-03-01,RN-BCN-R001,B,rigido,3941.9,827.8,1064.3,1511.34,2852.4
2024-04-01,RN-BCN-R001,B,rigido,3689.8,774.8,996.2,1414.65,2669.9
2024-05-01,RN-BCN-R001,B,rigido,4241.0,890.6,1145.1,1626.01,3068.8
2024-06-01,RN-BCN-R001,B,rigido,4359.4,915.5,1177.0,1671.39,3154.5
2024-07-01,RN-BCN-R001,B,rigido,4771.1,1001.9,1288.2,1829.25,3452.4
2024-08-01,RN-BCN-R001,B,rigido,3978.6,835.5,1074.2,1525.38,2878.9
2024-09-01,RN-BCN-R001,B,rigido,3718.7,780.9,1004.0,1425.75,2690.8
2024-10-01,RN-BCN-R001,B,rigido,3726.5,782.6,1006.2,1428.75,2696.5
2024-11-01,RN-BCN-R001,B,rigido,3909.3,821.0,1055.5,1498.82,2828.8
2024-12-01,RN-BCN-R001,B,rigido,4230.0,888.3,1142.1,1621.8,3060.9
2025-01-01,RN-BCN-R001,B,rigido,4393.0,922.5,1186.1,1684.28,3178.8
2025-02-01,RN-BCN-R001,B,rigido,3105.3,652.1,838.4,1190.58,2247.0
2025-03-01,RN-BCN-R001,B,rigido,3488.0,732.5,941.8,1337.31,2523.9
2025-04-01,RN-BCN-R001,B,rigido,4270.0,896.7,1152.9,1637.14,3089.8
2025-05-01,RN-BCN-R001,B,rigido,3871.1,812.9,1045.2,1484.17,2801.1
2025-06-01,RN-BCN-R001,B,rigido,4037.7,847.9,1090.2,1548.06,2921.7
2025-07-01,RN-BCN-R001,B,rigido,4311.1,905.3,1164.0,1652.87,3119.5
2025-08-01,RN-BCN-R001,B,rigido,3722.7,781.8,1005.1,1427.3,2693.8
2025-09-01,RN-BCN-R001,B,rigido,3807.1,799.5,1027.9,1459.64,2754.8
2025-10-01,RN-BCN-R001,B,rigido,3681.2,773.0,993.9,1411.37,2663.7
2025-11-01,RN-BCN-R001,B,rigido,4153.4,872.2,1121.4,1592.41,3005.4
2025-12-01,RN-BCN-R001,B,rigido,4827.5,1013.8,1303.4,1850.85,3493.2
2024-01-01,RN-BCN-R002,B,rigido,3464.8,727.6,945.8,1343.02,2534.7
2024-02-01,RN-BCN-R002,B,rigido,3773.6,792.5,1030.1,1462.73,2760.6
2024-03-01,RN-BCN-R002,B,rigido,3880.9,815.0,1059.4,1504.29,2839.1
2024-04-01,RN-BCN-R002,B,rigido,3839.2,806.2,1048.0,1488.15,2808.6
2024-05-01,RN-BCN-R002,B,rigido,4126.7,866.6,1126.5,1599.58,3018.9
2024-06-01,RN-BCN-R002,B,rigido,4299.4,902.9,1173.6,1666.53,3145.3
2024-07-01,RN-BCN-R002,B,rigido,4182.7,878.4,1141.8,1621.3,3059.9
2024-08-01,RN-BCN-R002,B,rigido,3551.7,745.9,969.5,1376.71,2598.3
2024-09-01,RN-BCN-R002,B,rigido,4435.9,931.5,1210.9,1719.42,3245.1
2024-10-01,RN-BCN-R002,B,rigido,3502.3,735.5,956.0,1357.56,2562.2
2024-11-01,RN-BCN-R002,B,rigido,4409.6,926.0,1203.7,1709.22,3225.9
2024-12-01,RN-BCN-R002,B,rigido,4993.7,1048.7,1363.1,1935.64,3653.2
2025-01-01,RN-BCN-R002,B,rigido,3657.7,768.1,998.4,1417.78,2675.8
2025-02-01,RN-BCN-R002,B,rigido,3978.0,835.4,1085.9,1541.93,2910.1
2025-03-01,RN-BCN-R002,B,rigido,3940.1,827.4,1075.5,1527.24,2882.4
2025-04-01,RN-BCN-R002,B,rigido,3655.0,767.5,997.7,1416.73,2673.8
2025-05-01,RN-BCN-R002,B,rigido,3645.4,765.5,995.1,1413.01,2666.8
2025-06-01,RN-BCN-R002,B,rigido,3802.2,798.5,1037.9,1473.79,2781.5
2025-07-01,RN-BCN-R002,B,rigido,3945.7,828.6,1077.1,1529.43,2886.5
2025-08-01,RN-BCN-R002,B,rigido,4374.3,918.6,1194.1,1695.57,3200.1
2025-09-01,RN-BCN-R002,B,rigido,3829.8,804.3,1045.4,1484.49,2801.7
2025-10-01,RN-BCN-R002,B,rigido,4048.2,850.1,1105.0,1569.14,2961.5
2025-11-01,RN-BCN-R002,B,rigido,3752.1,787.9,1024.2,1454.37,2744.9
2025-12-01,RN-BCN-R002,B,rigido,4374.8,918.7,1194.2,1695.74,3200.4
2024-01-01,RN-BCN-R003,B,rigido,3406.0,715.3,980.3,1392.06,2627.3
2024-02-01,RN-BCN-R003,B,rigido,3216.0,675.4,925.6,1314.38,2480.7
2024-03-01,RN-BCN-R003,B,rigido,4226.8,887.6,1216.5,1727.49,3260.3
2024-04-01,RN-BCN-R003,B,rigido,4309.9,905.1,1240.5,1761.47,3324.5
2024-05-01,RN-BCN-R003,B,rigido,3967.2,833.1,1141.8,1621.4,3060.1
2024-06-01,RN-BCN-R003,B,rigido,3774.0,792.5,1086.2,1542.44,2911.1
2024-07-01,RN-BCN-R003,B,rigido,3838.3,806.0,1104.7,1568.73,2960.7
2024-08-01,RN-BCN-R003,B,rigido,3725.5,782.4,1072.3,1522.63,2873.7
2024-09-01,RN-BCN-R003,B,rigido,4047.2,849.9,1164.9,1654.12,3121.9
2024-10-01,RN-BCN-R003,B,rigido,4240.0,890.4,1220.4,1732.91,3270.6
2024-11-01,RN-BCN-R003,B,rigido,3539.4,743.3,1018.7,1446.57,2730.1
2024-12-01,RN-BCN-R003,B,rigido,4659.3,978.4,1341.0,1904.26,3594.0
2025-01-01,RN-BCN-R003,B,rigido,3705.9,778.2,1066.6,1514.6,2858.5
2025-02-01,RN-BCN-R003,B,rigido,3435.1,721.4,988.7,1403.96,2649.7
2025-03-01,RN-BCN-R003,B,rigido,3958.7,831.3,1139.4,1617.95,3053.6
2025-04-01,RN-BCN-R003,B,rigido,3238.2,680.0,932.0,1323.46,2497.8
2025-05-01,RN-BCN-R003,B,rigido,3629.0,762.1,1044.5,1483.2,2799.3
2025-06-01,RN-BCN-R003,B,rigido,4218.7,885.9,1214.2,1724.21,3254.2
2025-07-01,RN-BCN-R003,B,rigido,4315.8,906.3,1242.2,1763.9,3329.1
2025-08-01,RN-BCN-R003,B,rigido,3367.8,707.2,969.3,1376.45,2597.8
2025-09-01,RN-BCN-R003,B,rigido,4343.1,912.0,1250.0,1775.03,3350.1
2025-10-01,RN-BCN-R003,B,rigido,4059.6,852.5,1168.4,1659.19,3131.4
2025-11-01,RN-BCN-R003,B,rigido,3675.9,771.9,1058.0,1502.35,2835.4
2025-12-01,RN-BCN-R003,B,rigido,4757.6,999.1,1369.3,1944.43,3669.8
2024-01-01,RN-BCN-R004,B,rigido,3501.8,735.4,945.5,1342.61,2533.9
2024-02-01,RN-BCN-R004,B,rigido,3850.4,808.6,1039.6,1476.25,2786.2
2024-03-01,RN-BCN-R004,B,rigido,4149.2,871.3,1120.3,1590.82,3002.4
2024-04-01,RN-BCN-R004,B,rigido,3478.7,730.5,939.3,1333.74,2517.2
2024-05-01,RN-BCN-R004,B,rigido,3975.1,834.8,1073.3,1524.05,2876.4
2024-06-01,RN-BCN-R004,B,rigido,4023.3,844.9,1086.3,1542.52,2911.2
2024-07-01,RN-BCN-R004,B,rigido,4617.4,969.7,1246.7,1770.32,3341.2
2024-08-01,RN-BCN-R004,B,rigido,3433.3,721.0,927.0,1316.34,2484.4
2024-09-01,RN-BCN-R004,B,rigido,3960.8,831.8,1069.4,1518.55,2866.0
2024-10-01,RN-BCN-R004,B,rigido,3644.1,765.3,983.9,1397.13,2636.8
2024-11-01,RN-BCN-R004,B,rigido,4064.3,853.5,1097.4,1558.27,2941.0
2024-12-01,RN-BCN-R004,B,rigido,3809.7,800.0,1028.6,1460.65,2756.7
2025-01-01,RN-BCN-R004,B,rigido,3708.2,778.7,1001.2,1421.74,2683.3
2025-02-01,RN-BCN-R004,B,rigido,3848.1,808.1,1039.0,1475.36,2784.5
2025-03-01,RN-BCN-R004,B,rigido,3738.8,785.2,1009.5,1433.47,2705.4
2025-04-01,RN-BCN-R004,B,rigido,3956.4,830.8,1068.2,1516.88,2862.9
2025-05-01,RN-BCN-R004,B,rigido,4362.3,916.1,1177.8,1672.51,3156.6
2025-06-01,RN-BCN-R004,B,rigido,4294.6,901.9,1159.5,1646.55,3107.6
2025-07-01,RN-BCN-R004,B,rigido,3968.5,833.4,1071.5,1521.52,2871.6
2025-08-01,RN-BCN-R004,B,rigido,3803.4,798.7,1026.9,1458.22,2752.1
2025-09-01,RN-BCN-R004,B,rigido,4141.0,869.6,1118.1,1587.67,2996.4
2025-10-01,RN-BCN-R004,B,rigido,4282.8,899.4,1156.3,1642.01,3099.0
2025-11-01,RN-BCN-R004,B,rigido,4626.6,971.6,1249.2,1773.85,3347.8
2025-12-01,RN-BCN-R004,B,rigido,4450.0,934.5,1201.5,1706.14,3220.0
2024-01-01,RN-BCN-R005,B,rigido,3561.3,747.9,961.5,1365.39,2576.9
2024-02-01,RN-BCN-R005,B,rigido,3983.2,836.5,1075.5,1527.15,2882.2
2024-03-01,RN-BCN-R005,B,rigido,3723.5,781.9,1005.4,1427.61,2694.4
2024-04-01,RN-BCN-R005,B,rigido,4076.7,856.1,1100.7,1563.02,2949.9
2024-05-01,RN-BCN-R005,B,rigido,4014.9,843.1,1084.0,1539.3,2905.2
2024-06-01,RN-BCN-R005,B,rigido,4253.3,893.2,1148.4,1630.73,3077.7
2024-07-01,RN-BCN-R005,B,rigido,4110.4,863.2,1109.8,1575.92,2974.3
2024-08-01,RN-BCN-R005,B,rigido,4039.0,848.2,1090.5,1548.54,2922.6
2024-09-01,RN-BCN-R005,B,rigido,4124.3,866.1,1113.6,1581.26,2984.3
2024-10-01,RN-BCN-R005,B,rigido,3988.5,837.6,1076.9,1529.19,2886.1
2024-11-01,RN-BCN-R005,B,rigido,4546.9,954.9,1227.7,1743.29,3290.1
2024-12-01,RN-BCN-R005,B,rigido,4832.3,1014.8,1304.7,1852.71,3496.7
2025-01-01,RN-BCN-R005,B,rigido,3291.3,691.2,888.7,1261.89,2381.6
2025-02-01,RN-BCN-R005,B,rigido,3314.2,696.0,894.8,1270.66,2398.2
2025-03-01,RN-BCN-R005,B,rigido,4060.9,852.8,1096.5,1556.96,2938.5
2025-04-01,RN-BCN-R005,B,rigido,3605.6,757.2,973.5,1382.4,2609.0
2025-05-01,RN-BCN-R005,B,rigido,3731.4,783.6,1007.5,1430.6,2700.0
2025-06-01,RN-BCN-R005,B,rigido,3802.0,798.4,1026.5,1457.67,2751.1
2025-07-01,RN-BCN-R005,B,rigido,4074.0,855.5,1100.0,1561.96,2947.9
2025-08-01,RN-BCN-R005,B,rigido,3232.5,678.8,872.8,1239.36,2339.1
2025-09-01,RN-BCN-R005,B,rigido,4069.3,854.5,1098.7,1560.15,2944.5
2025-10-01,RN-BCN-R005,B,rigido,3921.4,823.5,1058.8,1503.45,2837.5
2025-11-01,RN-BCN-R005,B,rigido,3797.9,797.6,1025.4,1456.13,2748.2
2025-12-01,RN-BCN-R005,B,rigido,4665.2,979.7,1259.6,1788.63,3375.7
2024-01-01,RN-BCN-R006,B,rigido,4091.3,859.2,1104.7,1568.61,2960.5
2024-02-01,RN-BCN-R006,B,rigido,3613.8,758.9,975.7,1385.53,2614.9
2024-03-01,RN-BCN-R006,B,rigido,4013.3,842.8,1083.6,1538.69,2904.0
2024-04-01,RN-BCN-R006,B,rigido,3631.6,762.6,980.5,1392.37,2627.8
2024-05-01,RN-BCN-R006,B,rigido,3717.7,780.7,1003.8,1425.38,2690.2
2024-06-01,RN-BCN-R006,B,rigido,4116.3,864.4,1111.4,1578.2,2978.6
2024-07-01,RN-BCN-R006,B,rigido,4086.9,858.3,1103.5,1566.93,2957.3
2024-08-01,RN-BCN-R006,B,rigido,3442.5,722.9,929.5,1319.84,2491.0
2024-09-01,RN-BCN-R006,B,rigido,3962.2,832.1,1069.8,1519.1,2867.0
2024-10-01,RN-BCN-R006,B,rigido,3728.8,783.1,1006.8,1429.63,2698.2
2024-11-01,RN-BCN-R006,B,rigido,4049.6,850.4,1093.4,1552.6,2930.3
2024-12-01,RN-BCN-R006,B,rigido,5711.0,1199.3,1542.0,2189.58,4132.4
2025-01-01,RN-BCN-R006,B,rigido,3915.1,822.2,1057.1,1501.04,2832.9
2025-02-01,RN-BCN-R006,B,rigido,3631.3,762.6,980.5,1392.25,2627.6
2025-03-01,RN-BCN-R006,B,rigido,3453.0,725.1,932.3,1323.86,2498.6
2025-04-01,RN-BCN-R006,B,rigido,3714.0,779.9,1002.8,1423.96,2687.5
2025-05-01,RN-BCN-R006,B,rigido,4078.6,856.5,1101.2,1563.74,2951.3
2025-06-01,RN-BCN-R006,B,rigido,4394.6,922.9,1186.5,1684.89,3179.9
2025-07-01,RN-BCN-R006,B,rigido,4096.5,860.3,1106.1,1570.6,2964.2
2025-08-01,RN-BCN-R006,B,rigido,3658.3,768.2,987.7,1402.58,2647.1
2025-09-01,RN-BCN-R006,B,rigido,4152.3,872.0,1121.1,1591.98,3004.6
2025-10-01,RN-BCN-R006,B,rigido,3953.2,830.2,1067.4,1515.64,2860.5
2025-11-01,RN-BCN-R006,B,rigido,3925.8,824.4,1060.0,1505.16,2840.7
2025-12-01,RN-BCN-R006,B,rigido,4441.1,932.6,1199.1,1702.72,3213.6
2024-01-01,RN-BCN-R007,B,rigido,3379.1,709.6,912.4,1295.55,2445.1
2024-02-01,RN-BCN-R007,B,rigido,3727.9,782.9,1006.5,1429.29,2697.5
2024-03-01,RN-BCN-R007,B,rigido,3661.8,769.0,988.7,1403.94,2649.7
2024-04-01,RN-BCN-R007,B,rigido,4054.7,851.5,1094.8,1554.57,2934.0
2024-05-01,RN-BCN-R007,B,rigido,3745.1,786.5,1011.2,1435.87,2709.9
2024-06-01,RN-BCN-R007,B,rigido,3966.3,832.9,1070.9,1520.67,2870.0
2024-07-01,RN-BCN-R007,B,rigido,4750.4,997.6,1282.6,1821.29,3437.4
2024-08-01,RN-BCN-R007,B,rigido,4424.7,929.2,1194.7,1696.42,3201.7
2024-09-01,RN-BCN-R007,B,rigido,4288.7,900.6,1158.0,1644.3,3103.3
2024-10-01,RN-BCN-R007,B,rigido,4047.0,849.9,1092.7,1551.62,2928.4
2024-11-01,RN-BCN-R007,B,rigido,4366.5,917.0,1179.0,1674.11,3159.6
2024-12-01,RN-BCN-R007,B,rigido,4342.6,911.9,1172.5,1664.96,3142.3
2025-01-01,RN-BCN-R007,B,rigido,3686.6,774.2,995.4,1413.42,2667.6
2025-02-01,RN-BCN-R007,B,rigido,3782.3,794.3,1021.2,1450.12,2736.8
2025-03-01,RN-BCN-R007,B,rigido,3960.0,831.6,1069.2,1518.26,2865.4
2025-04-01,RN-BCN-R007,B,rigido,4073.7,855.5,1099.9,1561.86,2947.7
2025-05-01,RN-BCN-R007,B,rigido,3967.9,833.3,1071.3,1521.29,2871.2
2025-06-01,RN-BCN-R007,B,rigido,4068.1,854.3,1098.4,1559.72,2943.7
2025-07-01,RN-BCN-R007,B,rigido,4162.1,874.0,1123.8,1595.75,3011.7
2025-08-01,RN-BCN-R007,B,rigido,4168.9,875.5,1125.6,1598.35,3016.6
2025-09-01,RN-BCN-R007,B,rigido,4171.7,876.0,1126.3,1599.42,3018.6
2025-10-01,RN-BCN-R007,B,rigido,3759.7,789.5,1015.1,1441.48,2720.5
2025-11-01,RN-BCN-R007,B,rigido,4174.5,876.7,1127.1,1600.51,3020.7
2025-12-01,RN-BCN-R007,B,rigido,5083.9,1067.6,1372.7,1949.17,3678.7
2024-01-01,RN-BCN-R008,B,rigido,3665.2,769.7,989.6,1405.25,2652.2
2024-02-01,RN-BCN-R008,B,rigido,3679.1,772.6,993.3,1410.55,2662.2
2024-03-01,RN-BCN-R008,B,rigido,3748.2,787.1,1012.0,1437.04,2712.2
2024-04-01,RN-BCN-R008,B,rigido,3793.6,796.7,1024.3,1454.47,2745.1
2024-05-01,RN-BCN-R008,B,rigido,4273.9,897.5,1153.9,1638.6,3092.6
2024-06-01,RN-BCN-R008,B,rigido,3907.4,820.5,1055.0,1498.08,2827.4
2024-07-01,RN-BCN-R008,B,rigido,4031.1,846.5,1088.4,1545.54,2916.9
2024-08-01,RN-BCN-R008,B,rigido,3291.3,691.2,888.7,1261.89,2381.6
2024-09-01,RN-BCN-R008,B,rigido,4027.0,845.7,1087.3,1543.95,2913.9
2024-10-01,RN-BCN-R008,B,rigido,4116.7,864.5,1111.5,1578.35,2978.9
2024-11-01,RN-BCN-R008,B,rigido,4618.7,969.9,1247.0,1770.8,3342.1
2024-12-01,RN-BCN-R008,B,rigido,4804.7,1009.0,1297.3,1842.14,3476.7
2025-01-01,RN-BCN-R008,B,rigido,3679.8,772.8,993.6,1410.84,2662.7
2025-02-01,RN-BCN-R008,B,rigido,3982.3,836.3,1075.2,1526.83,2881.6
2025-03-01,RN-BCN-R008,B,rigido,3778.9,793.6,1020.3,1448.84,2734.4
2025-04-01,RN-BCN-R008,B,rigido,4450.8,934.7,1201.7,1706.44,3220.6
2025-05-01,RN-BCN-R008,B,rigido,4092.5,859.4,1105.0,1569.07,2961.3
2025-06-01,RN-BCN-R008,B,rigido,3885.2,815.9,1049.0,1489.57,2811.3
2025-07-01,RN-BCN-R008,B,rigido,3541.8,743.8,956.3,1357.92,2562.8
2025-08-01,RN-BCN-R008,B,rigido,3908.3,820.7,1055.2,1498.45,2828.1
2025-09-01,RN-BCN-R008,B,rigido,3806.7,799.4,1027.8,1459.48,2754.5
2025-10-01,RN-BCN-R008,B,rigido,3807.2,799.5,1027.9,1459.68,2754.9
2025-11-01,RN-BCN-R008,B,rigido,3972.7,834.3,1072.6,1523.13,2874.6
2025-12-01,RN-BCN-R008,B,rigido,4880.9,1025.0,1317.8,1871.34,3531.8
2024-01-01,RN-BCN-R009,B,rigido,3802.8,798.6,1071.9,1522.14,2872.8
2024-02-01,RN-BCN-R009,B,rigido,3722.0,781.6,1049.2,1489.82,2811.8
2024-03-01,RN-BCN-R009,B,rigido,3763.8,790.4,1060.9,1506.54,2843.3
2024-04-01,RN-BCN-R009,B,rigido,3716.8,780.5,1047.7,1487.74,2807.8
2024-05-01,RN-BCN-R009,B,rigido,3684.1,773.7,1038.5,1474.65,2783.1
2024-06-01,RN-BCN-R009,B,rigido,3365.9,706.8,948.8,1347.27,2542.7
2024-07-01,RN-BCN-R009,B,rigido,4048.2,850.1,1141.1,1620.36,3058.1
2024-08-01,RN-BCN-R009,B,rigido,3760.2,789.6,1059.9,1505.08,2840.6
2024-09-01,RN-BCN-R009,B,rigido,3796.8,797.3,1070.2,1519.75,2868.3
2024-10-01,RN-BCN-R009,B,rigido,3564.2,748.5,1004.7,1426.63,2692.5
2024-11-01,RN-BCN-R009,B,rigido,4206.2,883.3,1185.6,1683.6,3177.5
2024-12-01,RN-BCN-R009,B,rigido,4855.0,1019.6,1368.5,1943.31,3667.7
2025-01-01,RN-BCN-R009,B,rigido,3085.7,648.0,869.8,1235.13,2331.1
2025-02-01,RN-BCN-R009,B,rigido,3302.4,693.5,930.9,1321.86,2494.8
2025-03-01,RN-BCN-R009,B,rigido,3840.5,806.5,1082.5,1537.22,2901.2
2025-04-01,RN-BCN-R009,B,rigido,4511.9,947.5,1271.8,1805.96,3408.4
2025-05-01,RN-BCN-R009,B,rigido,3529.8,741.3,995.0,1412.89,2666.6
2025-06-01,RN-BCN-R009,B,rigido,4438.9,932.2,1251.2,1776.76,3353.3
2025-07-01,RN-BCN-R009,B,rigido,4344.1,912.3,1224.5,1738.81,3281.7
2025-08-01,RN-BCN-R009,B,rigido,4040.3,848.5,1138.9,1617.2,3052.2
2025-09-01,RN-BCN-R009,B,rigido,4287.0,900.3,1208.4,1715.96,3238.6
2025-10-01,RN-BCN-R009,B,rigido,3932.9,825.9,1108.6,1574.22,2971.1
2025-11-01,RN-BCN-R009,B,rigido,4091.3,859.2,1153.3,1637.64,3090.8
2025-12-01,RN-BCN-R009,B,rigido,5073.3,1065.4,1430.1,2030.7,3832.6
2024-01-01,RN-BCN-R010,B,rigido,3666.5,770.0,1022.6,1452.14,2740.7
2024-02-01,RN-BCN-R010,B,rigido,3607.9,757.6,1006.3,1428.9,2696.8
2024-03-01,RN-BCN-R010,B,rigido,3800.5,798.1,1060.0,1505.19,2840.8
2024-04-01,RN-BCN-R010,B,rigido,4568.3,959.3,1274.1,1809.28,3414.7
2024-05-01,RN-BCN-R010,B,rigido,4067.7,854.2,1134.5,1611.04,3040.6
2024-06-01,RN-BCN-R010,B,rigido,3982.6,836.3,1110.8,1577.31,2976.9
2024-07-01,RN-BCN-R010,B,rigido,4639.4,974.3,1294.0,1837.43,3467.8
2024-08-01,RN-BCN-R010,B,rigido,3540.1,743.4,987.4,1402.05,2646.1
2024-09-01,RN-BCN-R010,B,rigido,4282.7,899.4,1194.5,1696.18,3201.2
2024-10-01,RN-BCN-R010,B,rigido,3896.0,818.2,1086.6,1543.03,2912.2
2024-11-01,RN-BCN-R010,B,rigido,3990.2,837.9,1112.9,1580.32,2982.6
2024-12-01,RN-BCN-R010,B,rigido,4841.9,1016.8,1350.4,1917.63,3619.2
2025-01-01,RN-BCN-R010,B,rigido,3781.9,794.2,1054.8,1497.85,2826.9
2025-02-01,RN-BCN-R010,B,rigido,3934.6,826.3,1097.4,1558.32,2941.1
2025-03-01,RN-BCN-R010,B,rigido,3678.6,772.5,1026.0,1456.9,2749.6
2025-04-01,RN-BCN-R010,B,rigido,3870.5,812.8,1079.5,1532.93,2893.1
2025-05-01,RN-BCN-R010,B,rigido,3703.3,777.7,1032.9,1466.71,2768.2
2025-06-01,RN-BCN-R010,B,rigido,3880.9,815.0,1082.4,1537.05,2900.9
2025-07-01,RN-BCN-R010,B,rigido,4203.2,882.7,1172.3,1664.71,3141.8
2025-08-01,RN-BCN-R010,B,rigido,3940.8,827.6,1099.1,1560.77,2945.7
2025-09-01,RN-BCN-R010,B,rigido,4421.4,928.5,1233.2,1751.12,3304.9
2025-10-01,RN-BCN-R010,B,rigido,3807.3,799.5,1061.9,1507.87,2845.8
2025-11-01,RN-BCN-R010,B,rigido,4664.0,979.4,1300.8,1847.17,3486.2
2025-12-01,RN-BCN-R010,B,rigido,4882.3,1025.3,1361.7,1933.64,3649.4
2024-01-01,RN-BCN-R011,B,rigido,3998.0,839.6,1115.1,1583.4,2988.4
2024-02-01,RN-BCN-R011,B,rigido,3956.1,830.8,1103.4,1566.82,2957.1
2024-03-01,RN-BCN-R011,B,rigido,3804.4,798.9,1061.1,1506.75,2843.7
2024-04-01,RN-BCN-R011,B,rigido,4222.0,886.6,1177.6,1672.13,3155.9
2024-05-01,RN-BCN-R011,B,rigido,3584.4,752.7,999.7,1419.62,2679.3
2024-06-01,RN-BCN-R011,B,rigido,4096.6,860.3,1142.6,1622.48,3062.1
2024-07-01,RN-BCN-R011,B,rigido,4452.5,935.0,1241.9,1763.44,3328.2
2024-08-01,RN-BCN-R011,B,rigido,3654.9,767.5,1019.4,1447.54,2732.0
2024-09-01,RN-BCN-R011,B,rigido,4675.0,981.7,1303.9,1851.54,3494.5
2024-10-01,RN-BCN-R011,B,rigido,3831.8,804.7,1068.7,1517.59,2864.2
2024-11-01,RN-BCN-R011,B,rigido,4186.1,879.1,1167.5,1657.92,3129.0
2024-12-01,RN-BCN-R011,B,rigido,5540.6,1163.5,1545.3,2194.38,4141.5
2025-01-01,RN-BCN-R011,B,rigido,3570.2,749.7,995.8,1413.97,2668.6
2025-02-01,RN-BCN-R011,B,rigido,3257.4,684.1,908.5,1290.09,2434.8
2025-03-01,RN-BCN-R011,B,rigido,3566.1,748.9,994.6,1412.36,2665.6
2025-04-01,RN-BCN-R011,B,rigido,3616.6,759.5,1008.7,1432.35,2703.3
2025-05-01,RN-BCN-R011,B,rigido,4407.7,925.6,1229.4,1745.7,3294.7
2025-06-01,RN-BCN-R011,B,rigido,3811.8,800.5,1063.1,1509.67,2849.2
2025-07-01,RN-BCN-R011,B,rigido,4542.2,953.9,1266.9,1798.93,3395.2
2025-08-01,RN-BCN-R011,B,rigido,4025.9,845.4,1122.9,1594.47,3009.3
2025-09-01,RN-BCN-R011,B,rigido,3291.7,691.3,918.1,1303.7,2460.5
2025-10-01,RN-BCN-R011,B,rigido,4196.2,881.2,1170.4,1661.93,3136.6
2025-11-01,RN-BCN-R011,B,rigido,4296.1,902.2,1198.2,1701.49,3211.3
2025-12-01,RN-BCN-R011,B,rigido,4298.7,902.7,1199.0,1702.51,3213.2
2024-01-01,RN-BCN-R012,B,rigido,4026.2,845.5,1087.1,1543.64,2913.3
2024-02-01,RN-BCN-R012,B,rigido,3706.0,778.3,1000.6,1420.86,2681.6
2024-03-01,RN-BCN-R012,B,rigido,4281.3,899.1,1156.0,1641.47,3098.0
2024-04-01,RN-BCN-R012,B,rigido,4039.4,848.3,1090.6,1548.72,2922.9
2024-05-01,RN-BCN-R012,B,rigido,3922.9,823.8,1059.2,1504.03,2838.6
2024-06-01,RN-BCN-R012,B,rigido,3699.1,776.8,998.8,1418.23,2676.7
2024-07-01,RN-BCN-R012,B,rigido,4649.3,976.4,1255.3,1782.55,3364.3
2024-08-01,RN-BCN-R012,B,rigido,3216.5,675.5,868.5,1233.22,2327.5
2024-09-01,RN-BCN-R012,B,rigido,4536.3,952.6,1224.8,1739.22,3282.5
2024-10-01,RN-BCN-R012,B,rigido,4281.1,899.0,1155.9,1641.36,3097.8
2024-11-01,RN-BCN-R012,B,rigido,4077.5,856.3,1100.9,1563.31,2950.5
2024-12-01,RN-BCN-R012,B,rigido,4588.8,963.6,1239.0,1759.33,3320.4
2025-01-01,RN-BCN-R012,B,rigido,3522.9,739.8,951.2,1350.66,2549.1
2025-02-01,RN-BCN-R012,B,rigido,3871.8,813.1,1045.4,1484.46,2801.7
2025-03-01,RN-BCN-R012,B,rigido,3868.2,812.3,1044.4,1483.06,2799.0
2025-04-01,RN-BCN-R012,B,rigido,3892.3,817.4,1050.9,1492.29,2816.4
2025-05-01,RN-BCN-R012,B,rigido,3976.3,835.0,1073.6,1524.52,2877.3
2025-06-01,RN-BCN-R012,B,rigido,3807.6,799.6,1028.0,1459.82,2755.2
2025-07-01,RN-BCN-R012,B,rigido,4478.1,940.4,1209.1,1716.92,3240.4
2025-08-01,RN-BCN-R012,B,rigido,4387.9,921.5,1184.7,1682.31,3175.1
2025-09-01,RN-BCN-R012,B,rigido,3843.0,807.0,1037.6,1473.4,2780.8
2025-10-01,RN-BCN-R012,B,rigido,3906.4,820.3,1054.7,1497.72,2826.7
2025-11-01,RN-BCN-R012,B,rigido,4180.9,878.0,1128.8,1602.96,3025.3
2025-12-01,RN-BCN-R012,B,rigido,4690.8,985.1,1266.5,1798.44,3394.2
2024-01-01,RN-BCN-R013,B,rigido,4272.4,897.2,1191.6,1692.09,3193.5
2024-02-01,RN-BCN-R013,B,rigido,3820.5,802.3,1065.6,1513.11,2855.7
2024-03-01,RN-BCN-R013,B,rigido,3571.5,750.0,996.1,1414.51,2669.6
2024-04-01,RN-BCN-R013,B,rigido,3928.5,825.0,1095.7,1555.88,2936.4
2024-05-01,RN-BCN-R013,B,rigido,3552.5,746.0,990.8,1406.97,2655.4
2024-06-01,RN-BCN-R013,B,rigido,4009.3,842.0,1118.2,1587.9,2996.9
2024-07-01,RN-BCN-R013,B,rigido,4576.8,961.1,1276.5,1812.67,3421.1
2024-08-01,RN-BCN-R013,B,rigido,3367.3,707.1,939.2,1333.64,2517.0
2024-09-01,RN-BCN-R013,B,rigido,4137.6,868.9,1154.0,1638.69,3092.7
2024-10-01,RN-BCN-R013,B,rigido,4422.2,928.7,1233.4,1751.44,3305.5
2024-11-01,RN-BCN-R013,B,rigido,3978.7,835.5,1109.7,1575.75,2974.0
2024-12-01,RN-BCN-R013,B,rigido,4729.5,993.2,1319.1,1873.12,3535.2
2025-01-01,RN-BCN-R013,B,rigido,3668.2,770.3,1023.1,1452.81,2741.9
2025-02-01,RN-BCN-R013,B,rigido,3520.5,739.3,981.9,1394.3,2631.5
2025-03-01,RN-BCN-R013,B,rigido,3871.6,813.0,1079.8,1533.34,2893.9
2025-04-01,RN-BCN-R013,B,rigido,4178.3,877.4,1165.4,1654.81,3123.2
2025-05-01,RN-BCN-R013,B,rigido,4061.2,852.9,1132.7,1608.45,3035.7
2025-06-01,RN-BCN-R013,B,rigido,3801.1,798.2,1060.2,1505.42,2841.2
2025-07-01,RN-BCN-R013,B,rigido,4938.5,1037.1,1377.4,1955.91,3691.4
2025-08-01,RN-BCN-R013,B,rigido,3894.1,817.8,1086.1,1542.25,2910.7
2025-09-01,RN-BCN-R013,B,rigido,4324.3,908.1,1206.1,1712.64,3232.3
2025-10-01,RN-BCN-R013,B,rigido,4304.9,904.0,1200.7,1704.98,3217.8
2025-11-01,RN-BCN-R013,B,rigido,4304.4,903.9,1200.5,1704.77,3217.4
2025-12-01,RN-BCN-R013,B,rigido,4560.0,957.6,1271.8,1806.0,3408.5
2024-01-01,RN-BCN-R014,B,rigido,3817.0,801.6,1041.9,1479.53,2792.4
2024-02-01,RN-BCN-R014,B,rigido,3687.9,774.5,1006.7,1429.49,2697.9
2024-03-01,RN-BCN-R014,B,rigido,4195.3,881.0,1145.2,1626.16,3069.1
2024-04-01,RN-BCN-R014,B,rigido,3896.0,818.2,1063.5,1510.15,2850.1
2024-05-01,RN-BCN-R014,B,rigido,4135.2,868.4,1128.8,1602.87,3025.1
2024-06-01,RN-BCN-R014,B,rigido,3871.0,812.9,1056.7,1500.45,2831.8
2024-07-01,RN-BCN-R014,B,rigido,4559.2,957.4,1244.5,1767.23,3335.3
2024-08-01,RN-BCN-R014,B,rigido,3636.1,763.6,992.6,1409.42,2660.0
2024-09-01,RN-BCN-R014,B,rigido,3644.0,765.2,994.7,1412.48,2665.8
2024-10-01,RN-BCN-R014,B,rigido,3891.9,817.3,1062.4,1508.57,2847.2
2024-11-01,RN-BCN-R014,B,rigido,4320.6,907.3,1179.4,1674.75,3160.8
2024-12-01,RN-BCN-R014,B,rigido,4688.7,984.6,1279.9,1817.41,3430.0
2025-01-01,RN-BCN-R014,B,rigido,3508.3,736.7,957.7,1359.87,2566.5
2025-02-01,RN-BCN-R014,B,rigido,3891.0,817.1,1062.1,1508.23,2846.5
2025-03-01,RN-BCN-R014,B,rigido,3589.2,753.7,979.8,1391.25,2625.7
2025-04-01,RN-BCN-R014,B,rigido,4013.3,842.8,1095.5,1555.61,2935.9
2025-05-01,RN-BCN-R014,B,rigido,4158.3,873.2,1135.1,1611.81,3042.0
2025-06-01,RN-BCN-R014,B,rigido,4379.9,919.8,1195.6,1697.73,3204.2
2025-07-01,RN-BCN-R014,B,rigido,4044.9,849.4,1104.1,1567.89,2959.1
2025-08-01,RN-BCN-R014,B,rigido,4039.1,848.2,1102.5,1565.61,2954.8
2025-09-01,RN-BCN-R014,B,rigido,3896.9,818.3,1063.7,1510.49,2850.8
2025-10-01,RN-BCN-R014,B,rigido,3960.9,831.8,1081.2,1535.33,2897.7
2025-11-01,RN-BCN-R014,B,rigido,3914.8,822.1,1068.6,1517.45,2863.9
2025-12-01,RN-BCN-R014,B,rigido,4450.0,934.5,1214.7,1724.89,3255.4
2024-01-01,RN-BCN-R015,B,rigido,3518.8,739.0,950.1,1349.11,2546.2
2024-02-01,RN-BCN-R015,B,rigido,3955.8,830.7,1068.1,1516.67,2862.4
2024-03-01,RN-BCN-R015,B,rigido,3995.0,839.0,1078.7,1531.68,2890.8
2024-04-01,RN-BCN-R015,B,rigido,3511.4,737.4,948.1,1346.26,2540.8
2024-05-01,RN-BCN-R015,B,rigido,3821.1,802.4,1031.7,1465.02,2765.0
2024-06-01,RN-BCN-R015,B,rigido,4294.0,901.8,1159.4,1646.34,3107.2
2024-07-01,RN-BCN-R015,B,rigido,4303.8,903.8,1162.0,1650.06,3114.2
2024-08-01,RN-BCN-R015,B,rigido,4080.8,857.0,1101.8,1564.59,2952.9
2024-09-01,RN-BCN-R015,B,rigido,4229.8,888.3,1142.0,1621.7,3060.7
2024-10-01,RN-BCN-R015,B,rigido,3630.2,762.3,980.2,1391.81,2626.8
2024-11-01,RN-BCN-R015,B,rigido,3623.7,761.0,978.4,1389.33,2622.1
2024-12-01,RN-BCN-R015,B,rigido,5152.2,1082.0,1391.1,1975.35,3728.1
2025-01-01,RN-BCN-R015,B,rigido,3348.0,703.1,904.0,1283.63,2422.6
2025-02-01,RN-BCN-R015,B,rigido,3286.7,690.2,887.4,1260.12,2378.3
2025-03-01,RN-BCN-R015,B,rigido,4127.6,866.8,1114.5,1582.53,2986.7
2025-04-01,RN-BCN-R015,B,rigido,4155.6,872.7,1122.0,1593.25,3007.0
2025-05-01,RN-BCN-R015,B,rigido,3850.5,808.6,1039.6,1476.28,2786.2
2025-06-01,RN-BCN-R015,B,rigido,3889.3,816.8,1050.1,1491.17,2814.3
2025-07-01,RN-BCN-R015,B,rigido,4339.4,911.3,1171.6,1663.74,3140.0
2025-08-01,RN-BCN-R015,B,rigido,3626.5,761.6,979.1,1390.39,2624.1
2025-09-01,RN-BCN-R015,B,rigido,4175.5,876.8,1127.4,1600.87,3021.4
2025-10-01,RN-BCN-R015,B,rigido,3481.8,731.2,940.1,1334.91,2519.4
2025-11-01,RN-BCN-R015,B,rigido,3794.7,796.9,1024.6,1454.88,2745.8
2025-12-01,RN-BCN-R015,B,rigido,4612.4,968.6,1245.3,1768.38,3337.5
2024-01-01,RN-BCN-R016,B,rigido,3768.0,791.3,1028.5,1460.54,2756.5
2024-02-01,RN-BCN-R016,B,rigido,3837.6,805.9,1047.5,1487.52,2807.4
2024-03-01,RN-BCN-R016,B,rigido,4011.1,842.3,1094.9,1554.77,2934.3
2024-04-01,RN-BCN-R016,B,rigido,3953.5,830.2,1079.2,1532.45,2892.2
2024-05-01,RN-BCN-R016,B,rigido,3583.9,752.6,978.3,1389.19,2621.8
2024-06-01,RN-BCN-R016,B,rigido,4077.7,856.3,1113.1,1580.59,2983.1
2024-07-01,RN-BCN-R016,B,rigido,4580.6,961.9,1250.4,1775.5,3350.9
2024-08-01,RN-BCN-R016,B,rigido,4039.1,848.2,1102.6,1565.64,2954.9
2024-09-01,RN-BCN-R016,B,rigido,4117.5,864.7,1124.0,1596.01,3012.2
2024-10-01,RN-BCN-R016,B,rigido,3811.5,800.4,1040.4,1477.4,2788.3
2024-11-01,RN-BCN-R016,B,rigido,4197.9,881.6,1145.9,1627.17,3071.0
2024-12-01,RN-BCN-R016,B,rigido,4579.3,961.7,1250.0,1775.03,3350.1
2025-01-01,RN-BCN-R016,B,rigido,3414.0,716.9,931.9,1323.31,2497.5
2025-02-01,RN-BCN-R016,B,rigido,3437.9,722.0,938.5,1332.61,2515.1
2025-03-01,RN-BCN-R016,B,rigido,3871.2,813.0,1056.7,1500.55,2832.0
2025-04-01,RN-BCN-R016,B,rigido,4116.7,864.5,1123.7,1595.7,3011.6
2025-05-01,RN-BCN-R016,B,rigido,3818.6,801.9,1042.4,1480.17,2793.6
2025-06-01,RN-BCN-R016,B,rigido,4107.3,862.5,1121.2,1592.08,3004.8
2025-07-01,RN-BCN-R016,B,rigido,4652.3,977.0,1269.9,1803.31,3403.4
2025-08-01,RN-BCN-R016,B,rigido,3468.5,728.4,946.8,1344.46,2537.4
2025-09-01,RN-BCN-R016,B,rigido,4103.5,861.7,1120.1,1590.57,3001.9
2025-10-01,RN-BCN-R016,B,rigido,4155.3,872.6,1134.3,1610.68,3039.9
2025-11-01,RN-BCN-R016,B,rigido,4368.0,917.3,1192.3,1693.1,3195.4
2025-12-01,RN-BCN-R016,B,rigido,4785.8,1005.0,1306.4,1855.05,3501.1
2024-01-01,RN-BCN-R017,B,rigido,3423.5,718.9,944.7,1341.44,2531.7
2024-02-01,RN-BCN-R017,B,rigido,3996.0,839.2,1102.6,1565.76,2955.1
2024-03-01,RN-BCN-R017,B,rigido,3775.9,792.9,1041.9,1479.52,2792.3
2024-04-01,RN-BCN-R017,B,rigido,4036.7,847.7,1113.9,1581.74,2985.2
2024-05-01,RN-BCN-R017,B,rigido,3778.5,793.5,1042.7,1480.56,2794.3
2024-06-01,RN-BCN-R017,B,rigido,3968.3,833.3,1095.0,1554.92,2934.6
2024-07-01,RN-BCN-R017,B,rigido,3955.8,830.7,1091.6,1550.0,2925.4
2024-08-01,RN-BCN-R017,B,rigido,3550.0,745.5,979.6,1391.01,2625.3
2024-09-01,RN-BCN-R017,B,rigido,4302.9,903.6,1187.3,1686.01,3182.1
2024-10-01,RN-BCN-R017,B,rigido,4314.9,906.1,1190.7,1690.74,3191.0
2024-11-01,RN-BCN-R017,B,rigido,3984.7,836.8,1099.5,1561.33,2946.7
2024-12-01,RN-BCN-R017,B,rigido,4390.4,922.0,1211.5,1720.32,3246.8
2025-01-01,RN-BCN-R017,B,rigido,3409.7,716.0,940.9,1336.06,2521.6
2025-02-01,RN-BCN-R017,B,rigido,3427.4,719.7,945.7,1342.96,2534.6
2025-03-01,RN-BCN-R017,B,rigido,3938.8,827.2,1086.9,1543.37,2912.8
2025-04-01,RN-BCN-R017,B,rigido,4621.0,970.4,1275.1,1810.66,3417.3
2025-05-01,RN-BCN-R017,B,rigido,4186.0,879.1,1155.1,1640.21,3095.6
2025-06-01,RN-BCN-R017,B,rigido,4077.3,856.2,1125.1,1597.64,3015.3
2025-07-01,RN-BCN-R017,B,rigido,4126.5,866.6,1138.7,1616.89,3051.6
2025-08-01,RN-BCN-R017,B,rigido,3617.7,759.7,998.3,1417.55,2675.4
2025-09-01,RN-BCN-R017,B,rigido,3884.7,815.8,1072.0,1522.17,2872.8
2025-10-01,RN-BCN-R017,B,rigido,3953.7,830.3,1091.0,1549.21,2923.9
2025-11-01,RN-BCN-R017,B,rigido,4118.5,864.9,1136.5,1613.76,3045.7
2025-12-01,RN-BCN-R017,B,rigido,4988.6,1047.6,1376.5,1954.7,3689.2
2024-01-01,RN-BCN-R018,B,rigido,3486.0,732.1,941.2,1336.55,2522.5
2024-02-01,RN-BCN-R018,B,rigido,3370.0,707.7,909.9,1292.07,2438.6
2024-03-01,RN-BCN-R018,B,rigido,3308.4,694.8,893.3,1268.45,2394.0
2024-04-01,RN-BCN-R018,B,rigido,4320.3,907.3,1166.5,1656.39,3126.1
2024-05-01,RN-BCN-R018,B,rigido,4229.2,888.1,1141.9,1621.48,3060.3
2024-06-01,RN-BCN-R018,B,rigido,4324.2,908.1,1167.5,1657.89,3129.0
2024-07-01,RN-BCN-R018,B,rigido,4408.7,925.8,1190.3,1690.28,3190.1
2024-08-01,RN-BCN-R018,B,rigido,3739.8,785.4,1009.8,1433.86,2706.2
2024-09-01,RN-BCN-R018,B,rigido,4286.5,900.2,1157.3,1643.43,3101.7
2024-10-01,RN-BCN-R018,B,rigido,3498.5,734.7,944.6,1341.33,2531.5
2024-11-01,RN-BCN-R018,B,rigido,4001.6,840.3,1080.4,1534.19,2895.5
2024-12-01,RN-BCN-R018,B,rigido,4349.0,913.3,1174.2,1667.41,3146.9
2025-01-01,RN-BCN-R018,B,rigido,3974.4,834.6,1073.1,1523.78,2875.9
2025-02-01,RN-BCN-R018,B,rigido,3115.5,654.3,841.2,1194.49,2254.4
2025-03-01,RN-BCN-R018,B,rigido,3886.5,816.2,1049.4,1490.09,2812.3
2025-04-01,RN-BCN-R018,B,rigido,4425.3,929.3,1194.8,1696.67,3202.2
2025-05-01,RN-BCN-R018,B,rigido,2956.1,620.8,798.1,1133.36,2139.0
2025-06-01,RN-BCN-R018,B,rigido,3375.3,708.8,911.3,1294.11,2442.4
2025-07-01,RN-BCN-R018,B,rigido,4100.0,861.0,1107.0,1571.95,2966.8
2025-08-01,RN-BCN-R018,B,rigido,4368.1,917.3,1179.4,1674.73,3160.8
2025-09-01,RN-BCN-R018,B,rigido,4250.4,892.6,1147.6,1629.59,3075.6
2025-10-01,RN-BCN-R018,B,rigido,3920.1,823.2,1058.4,1502.98,2836.6
2025-11-01,RN-BCN-R018,B,rigido,4171.3,876.0,1126.2,1599.26,3018.3
2025-12-01,RN-BCN-R018,B,rigido,5294.4,1111.8,1429.5,2029.86,3831.0
2024-01-01,RN-BCN-R019,B,rigido,3150.8,661.7,860.1,1221.29,2305.0
2024-02-01,RN-BCN-R019,B,rigido,3672.5,771.2,1002.5,1423.51,2686.6
2024-03-01,RN-BCN-R019,B,rigido,4310.7,905.2,1176.7,1670.9,3153.5
2024-04-01,RN-BCN-R019,B,rigido,4093.7,859.7,1117.4,1586.78,2994.8
2024-05-01,RN-BCN-R019,B,rigido,4062.8,853.2,1109.0,1574.83,2972.2
2024-06-01,RN-BCN-R019,B,rigido,3996.5,839.3,1090.9,1549.12,2923.7
2024-07-01,RN-BCN-R019,B,rigido,4194.8,880.9,1145.1,1625.98,3068.7
2024-08-01,RN-BCN-R019,B,rigido,3756.3,788.8,1025.4,1456.02,2748.0
2024-09-01,RN-BCN-R019,B,rigido,3902.2,819.5,1065.2,1512.57,2854.7
2024-10-01,RN-BCN-R019,B,rigido,3866.2,811.9,1055.4,1498.62,2828.4
2024-11-01,RN-BCN-R019,B,rigido,4710.8,989.3,1285.9,1826.0,3446.3
2024-12-01,RN-BCN-R019,B,rigido,4928.5,1035.0,1345.3,1910.39,3605.5
2025-01-01,RN-BCN-R019,B,rigido,3868.1,812.3,1055.9,1499.34,2829.7
2025-02-01,RN-BCN-R019,B,rigido,3568.5,749.4,974.1,1383.21,2610.6
2025-03-01,RN-BCN-R019,B,rigido,4155.6,872.7,1134.4,1610.79,3040.1
2025-04-01,RN-BCN-R019,B,rigido,3986.9,837.2,1088.3,1545.39,2916.6
2025-05-01,RN-BCN-R019,B,rigido,4180.3,877.9,1141.1,1620.34,3058.1
2025-06-01,RN-BCN-R019,B,rigido,4605.7,967.2,1257.2,1785.24,3369.3
2025-07-01,RN-BCN-R019,B,rigido,4451.5,934.8,1215.1,1725.48,3256.5
2025-08-01,RN-BCN-R019,B,rigido,3313.2,695.8,904.4,1284.26,2423.8
2025-09-01,RN-BCN-R019,B,rigido,3838.8,806.2,1047.9,1487.99,2808.3
2025-10-01,RN-BCN-R019,B,rigido,4357.3,915.0,1189.4,1688.95,3187.6
2025-11-01,RN-BCN-R019,B,rigido,3857.3,810.0,1052.9,1495.15,2821.8
2025-12-01,RN-BCN-R019,B,rigido,4703.6,987.8,1283.9,1823.21,3441.0
2024-01-01,RN-BCN-R020,B,rigido,3764.3,790.5,1016.4,1443.23,2723.8
2024-02-01,RN-BCN-R020,B,rigido,3953.8,830.3,1067.5,1515.88,2861.0
2024-03-01,RN-BCN-R020,B,rigido,3684.0,773.6,994.7,1412.43,2665.7
2024-04-01,RN-BCN-R020,B,rigido,4776.2,1003.0,1289.6,1831.18,3456.0
2024-05-01,RN-BCN-R020,B,rigido,3926.1,824.5,1060.0,1505.27,2840.9
2024-06-01,RN-BCN-R020,B,rigido,3830.2,804.3,1034.1,1468.48,2771.5
2024-07-01,RN-BCN-R020,B,rigido,4210.0,884.1,1136.7,1614.11,3046.3
2024-08-01,RN-BCN-R020,B,rigido,3809.4,800.0,1028.5,1460.51,2756.5
2024-09-01,RN-BCN-R020,B,rigido,4701.8,987.4,1269.5,1802.67,3402.2
2024-10-01,RN-BCN-R020,B,rigido,4574.9,960.7,1235.2,1754.01,3310.4
2024-11-01,RN-BCN-R020,B,rigido,3855.8,809.7,1041.1,1478.32,2790.1
2024-12-01,RN-BCN-R020,B,rigido,5066.6,1064.0,1368.0,1942.55,3666.2
2025-01-01,RN-BCN-R020,B,rigido,3652.1,766.9,986.1,1400.2,2642.6
2025-02-01,RN-BCN-R020,B,rigido,3708.6,778.8,1001.3,1421.89,2683.6
2025-03-01,RN-BCN-R020,B,rigido,4043.6,849.2,1091.8,1550.31,2925.9
2025-04-01,RN-BCN-R020,B,rigido,3860.7,810.7,1042.4,1480.2,2793.6
2025-05-01,RN-BCN-R020,B,rigido,4330.3,909.4,1169.2,1660.24,3133.4
2025-06-01,RN-BCN-R020,B,rigido,3888.6,816.6,1049.9,1490.89,2813.8
2025-07-01,RN-BCN-R020,B,rigido,4187.5,879.4,1130.6,1605.47,3030.1
2025-08-01,RN-BCN-R020,B,rigido,3577.3,751.2,965.9,1371.52,2588.5
2025-09-01,RN-BCN-R020,B,rigido,3772.1,792.1,1018.5,1446.21,2729.5
2025-10-01,RN-BCN-R020,B,rigido,4165.8,874.8,1124.8,1597.17,3014.4
2025-11-01,RN-BCN-R020,B,rigido,3830.4,804.4,1034.2,1468.58,2771.7
2025-12-01,RN-BCN-R020,B,rigido,4598.6,965.7,1241.6,1763.09,3327.5
2024-01-01,RN-BCN-R021,B,rigido,3403.3,714.7,918.9,1304.81,2462.6
2024-02-01,RN-BCN-R021,B,rigido,3261.1,684.8,880.5,1250.3,2359.7
2024-03-01,RN-BCN-R021,B,rigido,4403.8,924.8,1189.0,1688.42,3186.6
2024-04-01,RN-BCN-R021,B,rigido,3981.9,836.2,1075.1,1526.67,2881.3
2024-05-01,RN-BCN-R021,B,rigido,4200.8,882.2,1134.2,1610.6,3039.7
2024-06-01,RN-BCN-R021,B,rigido,3612.9,758.7,975.5,1385.19,2614.3
2024-07-01,RN-BCN-R021,B,rigido,4682.6,983.3,1264.3,1795.3,3388.3
2024-08-01,RN-BCN-R021,B,rigido,3816.0,801.4,1030.3,1463.05,2761.2
2024-09-01,RN-BCN-R021,B,rigido,3850.1,808.5,1039.5,1476.13,2785.9
2024-10-01,RN-BCN-R021,B,rigido,3932.0,825.7,1061.6,1507.53,2845.2
2024-11-01,RN-BCN-R021,B,rigido,3978.0,835.4,1074.1,1525.18,2878.5
2024-12-01,RN-BCN-R021,B,rigido,4790.6,1006.0,1293.5,1836.7,3466.5
2025-01-01,RN-BCN-R021,B,rigido,3343.2,702.1,902.7,1281.77,2419.1
2025-02-01,RN-BCN-R021,B,rigido,3629.2,762.1,979.9,1391.42,2626.1
2025-03-01,RN-BCN-R021,B,rigido,3413.9,716.9,921.7,1308.88,2470.3
2025-04-01,RN-BCN-R021,B,rigido,4238.3,890.1,1144.4,1624.98,3066.9
2025-05-01,RN-BCN-R021,B,rigido,3929.7,825.2,1061.0,1506.66,2843.6
2025-06-01,RN-BCN-R021,B,rigido,3929.9,825.3,1061.1,1506.74,2843.7
2025-07-01,RN-BCN-R021,B,rigido,3937.8,826.9,1063.2,1509.76,2849.4
2025-08-01,RN-BCN-R021,B,rigido,4407.5,925.6,1190.0,1689.84,3189.3
2025-09-01,RN-BCN-R021,B,rigido,3727.4,782.8,1006.4,1429.08,2697.1
2025-10-01,RN-BCN-R021,B,rigido,4445.7,933.6,1200.3,1704.49,3216.9
2025-11-01,RN-BCN-R021,B,rigido,4602.2,966.5,1242.6,1764.48,3330.1
2025-12-01,RN-BCN-R021,B,rigido,4502.2,945.5,1215.6,1726.16,3257.8
2024-01-01,RN-BCN-R022,B,rigido,2997.2,629.4,818.1,1161.77,2192.6
2024-02-01,RN-BCN-R022,B,rigido,3807.8,799.6,1039.4,1475.96,2785.6
2024-03-01,RN-BCN-R022,B,rigido,3959.7,831.5,1080.9,1534.85,2896.8
2024-04-01,RN-BCN-R022,B,rigido,4033.4,847.0,1101.0,1563.42,2950.7
2024-05-01,RN-BCN-R022,B,rigido,3617.4,759.7,987.5,1402.18,2646.4
2024-06-01,RN-BCN-R022,B,rigido,3880.0,814.8,1059.1,1503.95,2838.4
2024-07-01,RN-BCN-R022,B,rigido,4370.2,917.7,1192.9,1693.97,3197.1
2024-08-01,RN-BCN-R022,B,rigido,4513.4,947.8,1232.0,1749.47,3301.8
2024-09-01,RN-BCN-R022,B,rigido,4137.7,868.9,1129.5,1603.83,3026.9
2024-10-01,RN-BCN-R022,B,rigido,3737.3,784.8,1020.2,1448.64,2734.0
2024-11-01,RN-BCN-R022,B,rigido,4104.6,862.0,1120.4,1591.02,3002.8
2024-12-01,RN-BCN-R022,B,rigido,4767.4,1001.2,1301.4,1847.92,3487.6
2025-01-01,RN-BCN-R022,B,rigido,3567.8,749.2,973.9,1382.93,2610.0
2025-02-01,RN-BCN-R022,B,rigido,3645.1,765.5,995.0,1412.91,2666.6
2025-03-01,RN-BCN-R022,B,rigido,3750.8,787.7,1023.8,1453.86,2743.9
2025-04-01,RN-BCN-R022,B,rigido,3861.7,811.0,1054.1,1496.86,2825.1
2025-05-01,RN-BCN-R022,B,rigido,4016.0,843.4,1096.3,1556.69,2938.0
2025-06-01,RN-BCN-R022,B,rigido,3564.6,748.6,973.0,1381.71,2607.7
2025-07-01,RN-BCN-R022,B,rigido,4272.7,897.3,1166.3,1656.19,3125.8
2025-08-01,RN-BCN-R022,B,rigido,3930.9,825.5,1073.0,1523.7,2875.7
2025-09-01,RN-BCN-R022,B,rigido,4210.5,884.2,1149.4,1632.08,3080.3
2025-10-01,RN-BCN-R022,B,rigido,4148.9,871.3,1132.5,1608.17,3035.1
2025-11-01,RN-BCN-R022,B,rigido,3498.9,734.8,955.1,1356.23,2559.6
2025-12-01,RN-BCN-R022,B,rigido,4382.2,920.3,1196.2,1698.63,3205.9
2024-01-01,RN-BCN-R023,B,rigido,3510.4,737.2,947.8,1345.89,2540.1
2024-02-01,RN-BCN-R023,B,rigido,3495.6,734.1,943.8,1340.22,2529.4
2024-03-01,RN-BCN-R023,B,rigido,4186.3,879.1,1130.3,1605.02,3029.2
2024-04-01,RN-BCN-R023,B,rigido,3848.9,808.3,1039.2,1475.68,2785.1
2024-05-01,RN-BCN-R023,B,rigido,4223.7,887.0,1140.4,1619.35,3056.2
2024-06-01,RN-BCN-R023,B,rigido,3975.0,834.8,1073.3,1524.03,2876.3
2024-07-01,RN-BCN-R023,B,rigido,4548.3,955.1,1228.0,1743.82,3291.2
2024-08-01,RN-BCN-R023,B,rigido,3236.4,679.6,873.8,1240.85,2341.9
2024-09-01,RN-BCN-R023,B,rigido,4215.3,885.2,1138.1,1616.15,3050.2
2024-10-01,RN-BCN-R023,B,rigido,4794.4,1006.8,1294.5,1838.17,3469.2
2024-11-01,RN-BCN-R023,B,rigido,3815.5,801.2,1030.2,1462.85,2760.9
2024-12-01,RN-BCN-R023,B,rigido,4784.6,1004.8,1291.8,1834.41,3462.1
2025-01-01,RN-BCN-R023,B,rigido,3945.1,828.5,1065.2,1512.56,2854.7
2025-02-01,RN-BCN-R023,B,rigido,3057.3,642.0,825.5,1172.17,2212.3
2025-03-01,RN-BCN-R023,B,rigido,3888.3,816.6,1049.9,1490.79,2813.6
2025-04-01,RN-BCN-R023,B,rigido,3369.0,707.5,909.6,1291.67,2437.8
2025-05-01,RN-BCN-R023,B,rigido,3628.4,762.0,979.7,1391.12,2625.5
2025-06-01,RN-BCN-R023,B,rigido,3802.2,798.5,1026.6,1457.75,2751.3
2025-07-01,RN-BCN-R023,B,rigido,4161.9,874.0,1123.7,1595.67,3011.6
2025-08-01,RN-BCN-R023,B,rigido,3504.7,736.0,946.3,1343.7,2536.0
2025-09-01,RN-BCN-R023,B,rigido,4013.0,842.7,1083.5,1538.59,2903.8
2025-10-01,RN-BCN-R023,B,rigido,3935.1,826.4,1062.5,1508.71,2847.4
2025-11-01,RN-BCN-R023,B,rigido,4023.4,844.9,1086.3,1542.55,2911.3
2025-12-01,RN-BCN-R023,B,rigido,4938.0,1037.0,1333.3,1893.25,3573.2
2024-01-01,RN-BCN-R024,B,rigido,3449.6,724.4,941.6,1337.13,2523.6
2024-02-01,RN-BCN-R024,B,rigido,3167.0,665.1,864.5,1227.57,2316.8
2024-03-01,RN-BCN-R024,B,rigido,4380.0,919.8,1195.6,1697.75,3204.2
2024-04-01,RN-BCN-R024,B,rigido,3856.8,809.9,1052.8,1494.96,2821.5
2024-05-01,RN-BCN-R024,B,rigido,3391.5,712.2,925.8,1314.59,2481.1
2024-06-01,RN-BCN-R024,B,rigido,4087.3,858.3,1115.7,1584.32,2990.1
2024-07-01,RN-BCN-R024,B,rigido,4351.4,913.8,1187.8,1686.7,3183.3
2024-08-01,RN-BCN-R024,B,rigido,3539.7,743.3,966.2,1372.07,2589.5
2024-09-01,RN-BCN-R024,B,rigido,3878.5,814.5,1058.7,1503.36,2837.3
2024-10-01,RN-BCN-R024,B,rigido,3799.5,797.9,1037.1,1472.75,2779.6
2024-11-01,RN-BCN-R024,B,rigido,4163.7,874.4,1136.6,1613.92,3046.0
2024-12-01,RN-BCN-R024,B,rigido,4941.3,1037.7,1348.8,1915.35,3614.9
2025-01-01,RN-BCN-R024,B,rigido,3252.4,683.0,887.8,1260.67,2379.3
2025-02-01,RN-BCN-R024,B,rigido,3083.2,647.5,841.6,1195.09,2255.5
2025-03-01,RN-BCN-R024,B,rigido,3745.6,786.6,1022.4,1451.87,2740.1
2025-04-01,RN-BCN-R024,B,rigido,4408.3,925.7,1203.3,1708.74,3224.9
2025-05-01,RN-BCN-R024,B,rigido,4096.6,860.3,1118.2,1587.9,2996.9
2025-06-01,RN-BCN-R024,B,rigido,3950.8,829.7,1078.4,1531.38,2890.2
2025-07-01,RN-BCN-R024,B,rigido,4593.6,964.7,1253.9,1780.56,3360.5
2025-08-01,RN-BCN-R024,B,rigido,3934.7,826.3,1074.1,1525.15,2878.5
2025-09-01,RN-BCN-R024,B,rigido,4043.1,849.1,1103.6,1567.18,2957.8
2025-10-01,RN-BCN-R024,B,rigido,4140.5,869.5,1130.2,1604.91,3029.0
2025-11-01,RN-BCN-R024,B,rigido,4212.2,884.6,1149.8,1632.74,3081.5
2025-12-01,RN-BCN-R024,B,rigido,4700.8,987.2,1283.2,1822.13,3438.9
2024-01-01,RN-BCN-R025,B,rigido,3626.5,761.6,979.2,1390.42,2624.2
2024-02-01,RN-BCN-R025,B,rigido,3519.0,739.0,950.1,1349.17,2546.3
2024-03-01,RN-BCN-R025,B,rigido,3486.4,732.1,941.3,1336.69,2522.8
2024-04-01,RN-BCN-R025,B,rigido,3790.2,796.0,1023.4,1453.18,2742.6
2024-05-01,RN-BCN-R025,B,rigido,3601.9,756.4,972.5,1380.97,2606.3
2024-06-01,RN-BCN-R025,B,rigido,4840.3,1016.5,1306.9,1855.77,3502.4
2024-07-01,RN-BCN-R025,B,rigido,4376.9,919.2,1181.8,1678.11,3167.1
2024-08-01,RN-BCN-R025,B,rigido,3852.5,809.0,1040.2,1477.04,2787.7
2024-09-01,RN-BCN-R025,B,rigido,3699.4,776.9,998.9,1418.37,2676.9
2024-10-01,RN-BCN-R025,B,rigido,3889.2,816.7,1050.1,1491.13,2814.2
2024-11-01,RN-BCN-R025,B,rigido,3728.3,782.9,1006.6,1429.43,2697.8
2024-12-01,RN-BCN-R025,B,rigido,4712.1,989.6,1272.3,1806.64,3409.7
2025-01-01,RN-BCN-R025,B,rigido,3487.1,732.3,941.5,1336.94,2523.2
2025-02-01,RN-BCN-R025,B,rigido,3470.3,728.8,937.0,1330.52,2511.1
2025-03-01,RN-BCN-R025,B,rigido,4297.6,902.5,1160.3,1647.68,3109.7
2025-04-01,RN-BCN-R025,B,rigido,3901.8,819.4,1053.5,1495.97,2823.4
2025-05-01,RN-BCN-R025,B,rigido,3659.6,768.5,988.1,1403.08,2648.1
2025-06-01,RN-BCN-R025,B,rigido,4288.8,900.7,1158.0,1644.34,3103.4
2025-07-01,RN-BCN-R025,B,rigido,4371.3,918.0,1180.3,1675.96,3163.1
2025-08-01,RN-BCN-R025,B,rigido,4186.9,879.3,1130.5,1605.26,3029.7
2025-09-01,RN-BCN-R025,B,rigido,3572.7,750.3,964.6,1369.77,2585.2
2025-10-01,RN-BCN-R025,B,rigido,3995.1,839.0,1078.7,1531.71,2890.8
2025-11-01,RN-BCN-R025,B,rigido,3511.9,737.5,948.2,1346.45,2541.2
2025-12-01,RN-BCN-R025,B,rigido,4779.0,1003.6,1290.3,1832.27,3458.1
2024-01-01,RN-BCN-R026,B,rigido,3726.8,782.6,1006.2,1428.87,2696.7
2024-02-01,RN-BCN-R026,B,rigido,4053.9,851.3,1094.5,1554.25,2933.4
2024-03-01,RN-BCN-R026,B,rigido,4393.5,922.6,1186.2,1684.47,3179.1
2024-04-01,RN-BCN-R026,B,rigido,4733.2,994.0,1278.0,1814.7,3424.9
2024-05-01,RN-BCN-R026,B,rigido,3853.1,809.2,1040.3,1477.28,2788.1
2024-06-01,RN-BCN-R026,B,rigido,4200.4,882.1,1134.1,1610.43,3039.4
2024-07-01,RN-BCN-R026,B,rigido,4702.7,987.6,1269.7,1803.01,3402.9
2024-08-01,RN-BCN-R026,B,rigido,3807.8,799.6,1028.1,1459.9,2755.3
2024-09-01,RN-BCN-R026,B,rigido,4123.0,865.8,1113.2,1580.75,2983.4
2024-10-01,RN-BCN-R026,B,rigido,3856.7,809.9,1041.3,1478.66,2790.7
2024-11-01,RN-BCN-R026,B,rigido,4046.1,849.7,1092.4,1551.26,2927.7
2024-12-01,RN-BCN-R026,B,rigido,4754.2,998.4,1283.6,1822.75,3440.1
2025-01-01,RN-BCN-R026,B,rigido,3429.3,720.1,925.9,1314.78,2481.4
2025-02-01,RN-BCN-R026,B,rigido,3787.6,795.4,1022.6,1452.16,2740.7
2025-03-01,RN-BCN-R026,B,rigido,3882.2,815.3,1048.2,1488.43,2809.1
2025-04-01,RN-BCN-R026,B,rigido,3856.8,809.9,1041.3,1478.69,2790.8
2025-05-01,RN-BCN-R026,B,rigido,3941.7,827.8,1064.3,1511.27,2852.2
2025-06-01,RN-BCN-R026,B,rigido,3919.5,823.1,1058.3,1502.74,2836.2
2025-07-01,RN-BCN-R026,B,rigido,4566.4,958.9,1232.9,1750.76,3304.3
2025-08-01,RN-BCN-R026,B,rigido,3362.9,706.2,908.0,1289.33,2433.4
2025-09-01,RN-BCN-R026,B,rigido,4501.8,945.4,1215.5,1725.98,3257.5
2025-10-01,RN-BCN-R026,B,rigido,3773.4,792.4,1018.8,1446.7,2730.4
2025-11-01,RN-BCN-R026,B,rigido,3898.5,818.7,1052.6,1494.69,2821.0
2025-12-01,RN-BCN-R026,B,rigido,4763.8,1000.4,1286.2,1826.42,3447.1
2024-01-01,RN-BCN-R027,B,rigido,3667.2,770.1,990.1,1405.99,2653.6
2024-02-01,RN-BCN-R027,B,rigido,3826.0,803.5,1033.0,1466.9,2768.5
2024-03-01,RN-BCN-R027,B,rigido,3887.5,816.4,1049.6,1490.48,2813.0
2024-04-01,RN-BCN-R027,B,rigido,3510.2,737.1,947.8,1345.81,2540.0
2024-05-01,RN-BCN-R027,B,rigido,3874.8,813.7,1046.2,1485.6,2803.8
2024-06-01,RN-BCN-R027,B,rigido,3889.6,816.8,1050.2,1491.29,2814.5
2024-07-01,RN-BCN-R027,B,rigido,4174.2,876.6,1127.0,1600.37,3020.4
2024-08-01,RN-BCN-R027,B,rigido,3946.4,828.7,1065.5,1513.03,2855.6
2024-09-01,RN-BCN-R027,B,rigido,3731.6,783.6,1007.5,1430.69,2700.2
2024-10-01,RN-BCN-R027,B,rigido,4007.3,841.5,1082.0,1536.39,2899.7
2024-11-01,RN-BCN-R027,B,rigido,4266.0,895.9,1151.8,1635.57,3086.8
2024-12-01,RN-BCN-R027,B,rigido,5159.9,1083.6,1393.2,1978.29,3733.7
2025-01-01,RN-BCN-R027,B,rigido,3463.9,727.4,935.2,1328.05,2506.5
2025-02-01,RN-BCN-R027,B,rigido,3883.0,815.4,1048.4,1488.75,2809.7
2025-03-01,RN-BCN-R027,B,rigido,3776.4,793.0,1019.6,1447.86,2732.6
2025-04-01,RN-BCN-R027,B,rigido,4095.0,859.9,1105.6,1570.02,2963.1
2025-05-01,RN-BCN-R027,B,rigido,4276.1,898.0,1154.5,1639.45,3094.2
2025-06-01,RN-BCN-R027,B,rigido,4388.8,921.7,1185.0,1682.68,3175.8
2025-07-01,RN-BCN-R027,B,rigido,4390.7,922.0,1185.5,1683.38,3177.1
2025-08-01,RN-BCN-R027,B,rigido,3976.8,835.1,1073.7,1524.7,2877.6
2025-09-01,RN-BCN-R027,B,rigido,3782.5,794.3,1021.3,1450.21,2737.0
2025-10-01,RN-BCN-R027,B,rigido,3804.5,798.9,1027.2,1458.65,2752.9
2025-11-01,RN-BCN-R027,B,rigido,4084.9,857.8,1102.9,1566.17,2955.9
2025-12-01,RN-BCN-R027,B,rigido,4667.5,980.2,1260.2,1789.51,3377.4
2024-01-01,RN-BCN-R028,B,rigido,4003.6,840.7,1092.9,1551.85,2928.8
2024-02-01,RN-BCN-R028,B,rigido,3609.7,758.0,985.3,1399.17,2640.7
2024-03-01,RN-BCN-R028,B,rigido,4135.2,868.4,1128.8,1602.88,3025.2
2024-04-01,RN-BCN-R028,B,rigido,3724.8,782.2,1016.7,1443.78,2724.9
2024-05-01,RN-BCN-R028,B,rigido,4290.9,901.1,1171.3,1663.23,3139.1
2024-06-01,RN-BCN-R028,B,rigido,4084.1,857.7,1114.8,1583.06,2987.7
2024-07-01,RN-BCN-R028,B,rigido,4096.6,860.3,1118.2,1587.91,2996.9
2024-08-01,RN-BCN-R028,B,rigido,3645.7,765.6,995.2,1413.12,2667.0
2024-09-01,RN-BCN-R028,B,rigido,3917.6,822.7,1069.4,1518.54,2866.0
2024-10-01,RN-BCN-R028,B,rigido,4149.1,871.3,1132.6,1608.27,3035.3
2024-11-01,RN-BCN-R028,B,rigido,4187.0,879.3,1142.9,1622.96,3063.1
2024-12-01,RN-BCN-R028,B,rigido,4781.7,1004.2,1305.3,1853.48,3498.1
2025-01-01,RN-BCN-R028,B,rigido,3429.3,720.2,936.1,1329.26,2508.7
2025-02-01,RN-BCN-R028,B,rigido,3488.1,732.5,952.1,1352.04,2551.7
2025-03-01,RN-BCN-R028,B,rigido,4087.6,858.4,1115.8,1584.42,2990.3
2025-04-01,RN-BCN-R028,B,rigido,4319.3,907.0,1179.0,1674.23,3159.8
2025-05-01,RN-BCN-R028,B,rigido,3778.0,793.4,1031.3,1464.42,2763.8
2025-06-01,RN-BCN-R028,B,rigido,4177.4,877.2,1140.3,1619.21,3056.0
2025-07-01,RN-BCN-R028,B,rigido,4536.0,952.6,1238.2,1758.23,3318.3
2025-08-01,RN-BCN-R028,B,rigido,3827.3,803.7,1044.7,1483.53,2799.9
2025-09-01,RN-BCN-R028,B,rigido,3525.9,740.4,962.5,1366.72,2579.4
2025-10-01,RN-BCN-R028,B,rigido,3948.9,829.3,1077.9,1530.65,2888.8
2025-11-01,RN-BCN-R028,B,rigido,4135.8,868.5,1128.9,1603.09,3025.6
2025-12-01,RN-BCN-R028,B,rigido,4272.1,897.1,1166.2,1655.95,3125.3
2024-01-01,RN-BCN-R029,B,rigido,3762.9,790.2,1027.2,1458.56,2752.8
2024-02-01,RN-BCN-R029,B,rigido,3200.9,672.2,873.8,1240.74,2341.7
2024-03-01,RN-BCN-R029,B,rigido,3373.7,708.5,920.9,1307.72,2468.1
2024-04-01,RN-BCN-R029,B,rigido,3814.0,800.9,1041.1,1478.37,2790.2
2024-05-01,RN-BCN-R029,B,rigido,3619.3,760.1,988.0,1402.9,2647.7
2024-06-01,RN-BCN-R029,B,rigido,3481.9,731.2,950.5,1349.66,2547.2
2024-07-01,RN-BCN-R029,B,rigido,4809.4,1010.0,1312.8,1864.23,3518.4
2024-08-01,RN-BCN-R029,B,rigido,4223.6,887.0,1152.9,1637.13,3089.8
2024-09-01,RN-BCN-R029,B,rigido,4602.6,966.5,1256.4,1784.03,3367.0
2024-10-01,RN-BCN-R029,B,rigido,3674.4,771.6,1003.0,1424.27,2688.1
2024-11-01,RN-BCN-R029,B,rigido,4483.8,941.6,1223.9,1737.99,3280.1
2024-12-01,RN-BCN-R029,B,rigido,4568.6,959.4,1247.1,1770.87,3342.2
2025-01-01,RN-BCN-R029,B,rigido,3364.8,706.6,918.5,1304.25,2461.5
2025-02-01,RN-BCN-R029,B,rigido,3493.8,733.7,953.7,1354.27,2555.9
2025-03-01,RN-BCN-R029,B,rigido,3582.6,752.3,977.9,1388.68,2620.9
2025-04-01,RN-BCN-R029,B,rigido,4287.3,900.3,1170.3,1661.82,3136.4
2025-05-01,RN-BCN-R029,B,rigido,3698.7,776.7,1009.6,1433.69,2705.8
2025-06-01,RN-BCN-R029,B,rigido,4336.9,910.7,1183.8,1681.05,3172.7
2025-07-01,RN-BCN-R029,B,rigido,3908.1,820.7,1066.8,1514.86,2859.0
2025-08-01,RN-BCN-R029,B,rigido,3473.1,729.3,948.0,1346.22,2540.7
2025-09-01,RN-BCN-R029,B,rigido,3764.9,790.6,1027.7,1459.35,2754.3
2025-10-01,RN-BCN-R029,B,rigido,3889.8,816.9,1061.8,1507.77,2845.6
2025-11-01,RN-BCN-R029,B,rigido,3772.6,792.2,1029.8,1462.32,2759.9
2025-12-01,RN-BCN-R029,B,rigido,4713.0,989.7,1286.5,1826.86,3447.9
2024-01-01,RN-BCN-R030,B,rigido,3427.8,719.8,935.7,1328.67,2507.6
2024-02-01,RN-BCN-R030,B,rigido,3705.0,778.1,1011.4,1436.14,2710.5
2024-03-01,RN-BCN-R030,B,rigido,3876.4,814.0,1058.1,1502.56,2835.8
2024-04-01,RN-BCN-R030,B,rigido,3825.2,803.3,1044.2,1482.72,2798.4
2024-05-01,RN-BCN-R030,B,rigido,3885.5,816.0,1060.6,1506.08,2842.5
2024-06-01,RN-BCN-R030,B,rigido,4171.8,876.1,1138.8,1617.06,3051.9
2024-07-01,RN-BCN-R030,B,rigido,4231.8,888.7,1155.2,1640.31,3095.8
2024-08-01,RN-BCN-R030,B,rigido,3648.8,766.2,996.0,1414.34,2669.3
2024-09-01,RN-BCN-R030,B,rigido,3672.0,771.1,1002.3,1423.32,2686.3
2024-10-01,RN-BCN-R030,B,rigido,4282.8,899.4,1169.1,1660.07,3133.1
2024-11-01,RN-BCN-R030,B,rigido,4251.9,892.9,1160.6,1648.11,3110.5
2024-12-01,RN-BCN-R030,B,rigido,5434.7,1141.3,1483.5,2106.57,3975.8
2025-01-01,RN-BCN-R030,B,rigido,3845.6,807.6,1049.7,1490.6,2813.3
2025-02-01,RN-BCN-R030,B,rigido,3844.8,807.4,1049.5,1490.3,2812.7
2025-03-01,RN-BCN-R030,B,rigido,4056.9,852.0,1107.4,1572.54,2967.9
2025-04-01,RN-BCN-R030,B,rigido,3765.0,790.7,1027.7,1459.39,2754.3
2025-05-01,RN-BCN-R030,B,rigido,4553.0,956.1,1242.8,1764.81,3330.8
2025-06-01,RN-BCN-R030,B,rigido,4350.4,913.6,1187.5,1686.29,3182.6
2025-07-01,RN-BCN-R030,B,rigido,4171.8,876.1,1138.8,1617.04,3051.9
2025-08-01,RN-BCN-R030,B,rigido,4056.6,851.9,1107.3,1572.4,2967.6
2025-09-01,RN-BCN-R030,B,rigido,3921.3,823.5,1070.4,1519.95,2868.6
2025-10-01,RN-BCN-R030,B,rigido,4213.1,884.7,1150.0,1633.07,3082.1
2025-11-01,RN-BCN-R030,B,rigido,4079.6,856.7,1113.6,1581.31,2984.5
2025-12-01,RN-BCN-R030,B,rigido,4214.9,885.1,1150.5,1633.76,3083.4
2024-01-01,RN-BCN-R031,B,rigido,3464.3,727.5,955.9,1357.44,2561.9
2024-02-01,RN-BCN-R031,B,rigido,3611.0,758.3,996.4,1414.93,2670.4
2024-03-01,RN-BCN-R031,B,rigido,4034.4,847.2,1113.3,1580.82,2983.5
2024-04-01,RN-BCN-R031,B,rigido,4191.1,880.1,1156.5,1642.2,3099.4
2024-05-01,RN-BCN-R031,B,rigido,3738.8,785.1,1031.7,1464.98,2764.9
2024-06-01,RN-BCN-R031,B,rigido,3368.3,707.3,929.5,1319.82,2490.9
2024-07-01,RN-BCN-R031,B,rigido,3650.0,766.5,1007.2,1430.21,2699.3
2024-08-01,RN-BCN-R031,B,rigido,3743.2,786.1,1032.9,1466.73,2768.2
2024-09-01,RN-BCN-R031,B,rigido,4149.6,871.4,1145.1,1625.97,3068.7
2024-10-01,RN-BCN-R031,B,rigido,3694.9,775.9,1019.6,1447.81,2732.5
2024-11-01,RN-BCN-R031,B,rigido,4168.1,875.3,1150.1,1633.19,3082.4
2024-12-01,RN-BCN-R031,B,rigido,5365.5,1126.8,1480.6,2102.4,3967.9
2025-01-01,RN-BCN-R031,B,rigido,3723.3,781.9,1027.4,1458.92,2753.4
2025-02-01,RN-BCN-R031,B,rigido,4173.7,876.5,1151.7,1635.41,3086.5
2025-03-01,RN-BCN-R031,B,rigido,4407.5,925.6,1216.2,1727.03,3259.5
2025-04-01,RN-BCN-R031,B,rigido,3619.9,760.2,998.9,1418.38,2677.0
2025-05-01,RN-BCN-R031,B,rigido,3707.6,778.6,1023.1,1452.77,2741.8
2025-06-01,RN-BCN-R031,B,rigido,4301.4,903.3,1186.9,1685.44,3181.0
2025-07-01,RN-BCN-R031,B,rigido,4316.3,906.4,1191.0,1691.27,3192.0
2025-08-01,RN-BCN-R031,B,rigido,3630.4,762.4,1001.8,1422.53,2684.8
2025-09-01,RN-BCN-R031,B,rigido,3918.8,823.0,1081.4,1535.54,2898.1
2025-10-01,RN-BCN-R031,B,rigido,4153.3,872.2,1146.1,1627.43,3071.5
2025-11-01,RN-BCN-R031,B,rigido,3785.3,794.9,1044.5,1483.2,2799.3
2025-12-01,RN-BCN-R031,B,rigido,4883.1,1025.5,1347.5,1913.38,3611.2
2024-01-01,RN-BCN-R032,B,rigido,4219.8,886.2,1177.0,1671.27,3154.2
2024-02-01,RN-BCN-R032,B,rigido,3615.1,759.2,1008.3,1431.76,2702.2
2024-03-01,RN-BCN-R032,B,rigido,3789.1,795.7,1056.8,1500.7,2832.3
2024-04-01,RN-BCN-R032,B,rigido,4105.6,862.2,1145.1,1626.02,3068.8
2024-05-01,RN-BCN-R032,B,rigido,4276.7,898.1,1192.8,1693.81,3196.8
2024-06-01,RN-BCN-R032,B,rigido,4611.6,968.4,1286.2,1826.43,3447.1
2024-07-01,RN-BCN-R032,B,rigido,3979.9,835.8,1110.0,1576.25,2974.9
2024-08-01,RN-BCN-R032,B,rigido,3249.3,682.3,906.2,1286.87,2428.7
2024-09-01,RN-BCN-R032,B,rigido,4031.6,846.6,1124.5,1596.72,3013.5
2024-10-01,RN-BCN-R032,B,rigido,3719.9,781.2,1037.5,1473.27,2780.5
2024-11-01,RN-BCN-R032,B,rigido,3947.8,829.0,1101.1,1563.53,2950.9
2024-12-01,RN-BCN-R032,B,rigido,4821.2,1012.4,1344.7,1909.44,3603.7
2025-01-01,RN-BCN-R032,B,rigido,3345.4,702.5,933.1,1324.95,2500.6
2025-02-01,RN-BCN-R032,B,rigido,3184.1,668.7,888.1,1261.08,2380.1
2025-03-01,RN-BCN-R032,B,rigido,3643.3,765.1,1016.2,1442.94,2723.3
2025-04-01,RN-BCN-R032,B,rigido,4221.8,886.6,1177.5,1672.07,3155.7
2025-05-01,RN-BCN-R032,B,rigido,4085.4,857.9,1139.5,1618.05,3053.8
2025-06-01,RN-BCN-R032,B,rigido,4198.6,881.7,1171.0,1662.86,3138.4
2025-07-01,RN-BCN-R032,B,rigido,4481.7,941.2,1250.0,1775.0,3350.0
2025-08-01,RN-BCN-R032,B,rigido,3687.3,774.3,1028.4,1460.38,2756.2
2025-09-01,RN-BCN-R032,B,rigido,4256.0,893.8,1187.0,1685.61,3181.3
2025-10-01,RN-BCN-R032,B,rigido,3776.9,793.1,1053.4,1495.85,2823.2
2025-11-01,RN-BCN-R032,B,rigido,3955.8,830.7,1103.3,1566.71,2956.9
2025-12-01,RN-BCN-R032,B,rigido,4644.6,975.4,1295.4,1839.52,3471.8
2024-01-01,RN-BCN-R033,B,rigido,3771.6,792.0,1029.5,1461.92,2759.1
2024-02-01,RN-BCN-R033,B,rigido,3333.9,700.1,910.1,1292.29,2439.0
2024-03-01,RN-BCN-R033,B,rigido,3826.7,803.6,1044.6,1483.31,2799.5
2024-04-01,RN-BCN-R033,B,rigido,3825.4,803.3,1044.2,1482.8,2798.5
2024-05-01,RN-BCN-R033,B,rigido,4033.1,846.9,1100.9,1563.3,2950.4
2024-06-01,RN-BCN-R033,B,rigido,3944.0,828.2,1076.6,1528.76,2885.3
2024-07-01,RN-BCN-R033,B,rigido,4303.1,903.7,1174.6,1667.97,3148.0
2024-08-01,RN-BCN-R033,B,rigido,4149.5,871.4,1132.7,1608.43,3035.6
2024-09-01,RN-BCN-R033,B,rigido,3934.5,826.2,1074.0,1525.07,2878.3
2024-10-01,RN-BCN-R033,B,rigido,4839.5,1016.3,1321.0,1875.88,3540.4
2024-11-01,RN-BCN-R033,B,rigido,3756.7,788.9,1025.5,1456.17,2748.3
2024-12-01,RN-BCN-R033,B,rigido,4859.8,1020.6,1326.6,1883.76,3555.3
2025-01-01,RN-BCN-R033,B,rigido,3658.6,768.3,998.7,1418.15,2676.5
2025-02-01,RN-BCN-R033,B,rigido,3158.9,663.4,862.3,1224.44,2310.9
2025-03-01,RN-BCN-R033,B,rigido,3856.4,809.8,1052.7,1494.81,2821.2
2025-04-01,RN-BCN-R033,B,rigido,3928.2,824.9,1072.3,1522.65,2873.7
2025-05-01,RN-BCN-R033,B,rigido,4093.8,859.7,1117.5,1586.82,2994.9
2025-06-01,RN-BCN-R033,B,rigido,3612.2,758.6,986.0,1400.15,2642.5
2025-07-01,RN-BCN-R033,B,rigido,4362.0,916.0,1190.7,1690.8,3191.1
2025-08-01,RN-BCN-R033,B,rigido,3528.6,741.0,963.2,1367.76,2581.4
2025-09-01,RN-BCN-R033,B,rigido,4269.5,896.6,1165.4,1654.93,3123.4
2025-10-01,RN-BCN-R033,B,rigido,3812.5,800.6,1040.7,1477.77,2789.0
2025-11-01,RN-BCN-R033,B,rigido,4116.9,864.6,1123.8,1595.8,3011.8
2025-12-01,RN-BCN-R033,B,rigido,4049.9,850.5,1105.5,1569.8,2962.7
2024-01-01,RN-BCN-R034,B,rigido,3306.8,694.4,892.8,1267.82,2392.8
2024-02-01,RN-BCN-R034,B,rigido,3581.3,752.1,966.9,1373.07,2591.4
2024-03-01,RN-BCN-R034,B,rigido,3876.7,814.1,1046.7,1486.31,2805.1
2024-04-01,RN-BCN-R034,B,rigido,3922.9,823.8,1059.2,1504.03,2838.6
2024-05-01,RN-BCN-R034,B,rigido,3312.4,695.6,894.4,1269.99,2396.9
2024-06-01,RN-BCN-R034,B,rigido,3546.1,744.7,957.5,1359.58,2566.0
2024-07-01,RN-BCN-R034,B,rigido,4345.1,912.5,1173.2,1665.9,3144.1
2024-08-01,RN-BCN-R034,B,rigido,3594.6,754.9,970.6,1378.19,2601.1
2024-09-01,RN-BCN-R034,B,rigido,4321.8,907.6,1166.9,1656.99,3127.3
2024-10-01,RN-BCN-R034,B,rigido,4229.1,888.1,1141.8,1621.42,3060.1
2024-11-01,RN-BCN-R034,B,rigido,4191.4,880.2,1131.7,1606.98,3032.9
2024-12-01,RN-BCN-R034,B,rigido,4983.8,1046.6,1345.6,1910.79,3606.3
2025-01-01,RN-BCN-R034,B,rigido,3246.1,681.7,876.4,1244.54,2348.9
2025-02-01,RN-BCN-R034,B,rigido,3279.1,688.6,885.4,1257.21,2372.8
2025-03-01,RN-BCN-R034,B,rigido,3722.7,781.8,1005.1,1427.3,2693.8
2025-04-01,RN-BCN-R034,B,rigido,3934.7,826.3,1062.4,1508.58,2847.2
2025-05-01,RN-BCN-R034,B,rigido,4494.5,943.8,1213.5,1723.2,3252.2
2025-06-01,RN-BCN-R034,B,rigido,4179.7,877.7,1128.5,1602.48,3024.4
2025-07-01,RN-BCN-R034,B,rigido,4758.6,999.3,1284.8,1824.44,3443.3
2025-08-01,RN-BCN-R034,B,rigido,3711.2,779.3,1002.0,1422.87,2685.4
2025-09-01,RN-BCN-R034,B,rigido,4281.0,899.0,1155.9,1641.33,3097.7
2025-10-01,RN-BCN-R034,B,rigido,3637.7,763.9,982.2,1394.71,2632.3
2025-11-01,RN-BCN-R034,B,rigido,3659.6,768.5,988.1,1403.1,2648.1
2025-12-01,RN-BCN-R034,B,rigido,5281.8,1109.2,1426.1,2025.03,3821.9
2024-01-01,RN-BCN-R035,B,rigido,3963.2,832.3,1117.1,1586.34,2993.9
2024-02-01,RN-BCN-R035,B,rigido,3329.0,699.1,938.4,1332.49,2514.8
2024-03-01,RN-BCN-R035,B,rigido,4010.3,842.2,1130.4,1605.18,3029.5
2024-04-01,RN-BCN-R035,B,rigido,3991.0,838.1,1125.0,1597.48,3015.0
2024-05-01,RN-BCN-R035,B,rigido,3778.9,793.6,1065.2,1512.57,2854.7
2024-06-01,RN-BCN-R035,B,rigido,4143.4,870.1,1167.9,1658.46,3130.1
2024-07-01,RN-BCN-R035,B,rigido,4286.8,900.2,1208.4,1715.89,3238.4
2024-08-01,RN-BCN-R035,B,rigido,3752.0,787.9,1057.6,1501.8,2834.4
2024-09-01,RN-BCN-R035,B,rigido,4501.7,945.4,1268.9,1801.91,3400.8
2024-10-01,RN-BCN-R035,B,rigido,4177.7,877.3,1177.6,1672.22,3156.0
2024-11-01,RN-BCN-R035,B,rigido,3664.1,769.5,1032.8,1466.61,2768.0
2024-12-01,RN-BCN-R035,B,rigido,5093.5,1069.6,1435.8,2038.79,3847.9
2025-01-01,RN-BCN-R035,B,rigido,3768.7,791.4,1062.3,1508.48,2847.0
2025-02-01,RN-BCN-R035,B,rigido,3677.0,772.2,1036.5,1471.78,2777.7
2025-03-01,RN-BCN-R035,B,rigido,4077.6,856.3,1149.4,1632.14,3080.4
2025-04-01,RN-BCN-R035,B,rigido,3721.5,781.5,1049.0,1489.59,2811.3
2025-05-01,RN-BCN-R035,B,rigido,4300.2,903.0,1212.1,1721.24,3248.5
2025-06-01,RN-BCN-R035,B,rigido,4381.5,920.1,1235.1,1753.79,3310.0
2025-07-01,RN-BCN-R035,B,rigido,4102.4,861.5,1156.4,1642.08,3099.1
2025-08-01,RN-BCN-R035,B,rigido,3350.7,703.6,944.5,1341.18,2531.2
2025-09-01,RN-BCN-R035,B,rigido,3852.7,809.1,1086.0,1542.1,2910.4
2025-10-01,RN-BCN-R035,B,rigido,3855.6,809.7,1086.8,1543.27,2912.6
2025-11-01,RN-BCN-R035,B,rigido,4523.9,950.0,1275.2,1810.79,3417.5
2025-12-01,RN-BCN-R035,B,rigido,4934.1,1036.2,1390.8,1974.98,3727.4
2024-01-01,RN-BCN-R036,B,rigido,3394.0,712.7,916.4,1301.25,2455.9
2024-02-01,RN-BCN-R036,B,rigido,3790.4,796.0,1023.4,1453.26,2742.8
2024-03-01,RN-BCN-R036,B,rigido,3482.8,731.4,940.4,1335.31,2520.2
2024-04-01,RN-BCN-R036,B,rigido,4512.7,947.7,1218.4,1730.17,3265.4
2024-05-01,RN-BCN-R036,B,rigido,4116.5,864.5,1111.5,1578.28,2978.7
2024-06-01,RN-BCN-R036,B,rigido,4475.2,939.8,1208.3,1715.8,3238.3
2024-07-01,RN-BCN-R036,B,rigido,4261.9,895.0,1150.7,1634.03,3083.9
2024-08-01,RN-BCN-R036,B,rigido,4009.3,842.0,1082.5,1537.18,2901.2
2024-09-01,RN-BCN-R036,B,rigido,4344.4,912.3,1173.0,1665.65,3143.6
2024-10-01,RN-BCN-R036,B,rigido,4259.3,894.5,1150.0,1633.01,3082.0
2024-11-01,RN-BCN-R036,B,rigido,4451.7,934.8,1201.9,1706.77,3221.2
2024-12-01,RN-BCN-R036,B,rigido,4939.2,1037.2,1333.6,1893.67,3574.0
2025-01-01,RN-BCN-R036,B,rigido,3666.1,769.9,989.8,1405.57,2652.8
2025-02-01,RN-BCN-R036,B,rigido,3641.0,764.6,983.1,1395.97,2634.7
2025-03-01,RN-BCN-R036,B,rigido,3889.7,816.8,1050.2,1491.32,2814.6
2025-04-01,RN-BCN-R036,B,rigido,3895.7,818.1,1051.9,1493.63,2819.0
2025-05-01,RN-BCN-R036,B,rigido,4438.4,932.1,1198.4,1701.69,3211.6
2025-06-01,RN-BCN-R036,B,rigido,4013.9,842.9,1083.7,1538.91,2904.4
2025-07-01,RN-BCN-R036,B,rigido,4178.1,877.4,1128.1,1601.88,3023.3
2025-08-01,RN-BCN-R036,B,rigido,3726.7,782.6,1006.2,1428.8,2696.6
2025-09-01,RN-BCN-R036,B,rigido,3853.9,809.3,1040.5,1477.58,2788.7
2025-10-01,RN-BCN-R036,B,rigido,3929.6,825.2,1061.0,1506.6,2843.4
2025-11-01,RN-BCN-R036,B,rigido,3939.7,827.3,1063.7,1510.48,2850.8
2025-12-01,RN-BCN-R036,B,rigido,5055.8,1061.7,1365.1,1938.4,3658.4
2024-01-01,RN-BCN-R037,B,rigido,3671.8,771.1,991.4,1407.78,2656.9
2024-02-01,RN-BCN-R037,B,rigido,3442.8,723.0,929.6,1319.97,2491.2
2024-03-01,RN-BCN-R037,B,rigido,3787.7,795.4,1022.7,1452.21,2740.8
2024-04-01,RN-BCN-R037,B,rigido,3983.4,836.5,1075.5,1527.24,2882.4
2024-05-01,RN-BCN-R037,B,rigido,3831.2,804.6,1034.4,1468.9,2772.3
2024-06-01,RN-BCN-R037,B,rigido,4355.3,914.6,1175.9,1669.81,3151.5
2024-07-01,RN-BCN-R037,B,rigido,4439.1,932.2,1198.6,1701.96,3212.1
2024-08-01,RN-BCN-R037,B,rigido,3958.5,831.3,1068.8,1517.69,2864.4
2024-09-01,RN-BCN-R037,B,rigido,4022.7,844.8,1086.1,1542.31,2910.8
2024-10-01,RN-BCN-R037,B,rigido,4412.6,926.6,1191.4,1691.78,3192.9
2024-11-01,RN-BCN-R037,B,rigido,4301.1,903.2,1161.3,1649.06,3112.3
2024-12-01,RN-BCN-R037,B,rigido,4743.1,996.1,1280.7,1818.52,3432.1
2025-01-01,RN-BCN-R037,B,rigido,3734.0,784.1,1008.2,1431.63,2702.0
2025-02-01,RN-BCN-R037,B,rigido,3302.8,693.6,891.7,1266.28,2389.9
2025-03-01,RN-BCN-R037,B,rigido,3655.3,767.6,986.9,1401.43,2645.0
2025-04-01,RN-BCN-R037,B,rigido,4115.0,864.1,1111.0,1577.68,2977.6
2025-05-01,RN-BCN-R037,B,rigido,3798.9,797.8,1025.7,1456.5,2748.9
2025-06-01,RN-BCN-R037,B,rigido,3908.8,820.9,1055.4,1498.65,2828.4
2025-07-01,RN-BCN-R037,B,rigido,3902.4,819.5,1053.6,1496.17,2823.8
2025-08-01,RN-BCN-R037,B,rigido,4153.9,872.3,1121.5,1592.59,3005.7
2025-09-01,RN-BCN-R037,B,rigido,4041.4,848.7,1091.2,1549.47,2924.3
2025-10-01,RN-BCN-R037,B,rigido,4251.8,892.9,1148.0,1630.16,3076.6
2025-11-01,RN-BCN-R037,B,rigido,4118.9,865.0,1112.1,1579.18,2980.4
2025-12-01,RN-BCN-R037,B,rigido,4452.6,935.0,1202.2,1707.13,3221.9
2024-01-01,RN-VLC-F001,C,furgoneta,2033.8,467.8,193.2,274.36,517.8
2024-02-01,RN-VLC-F001,C,furgoneta,1830.4,421.0,173.9,246.92,466.0
2024-03-01,RN-VLC-F001,C,furgoneta,1841.4,423.5,174.9,248.41,468.8
2024-04-01,RN-VLC-F001,C,furgoneta,2182.4,501.9,207.3,294.4,555.6
2024-05-01,RN-VLC-F001,C,furgoneta,2047.8,471.0,194.5,276.25,521.4
2024-06-01,RN-VLC-F001,C,furgoneta,2347.9,540.0,223.1,316.73,597.8
2024-07-01,RN-VLC-F001,C,furgoneta,1966.4,452.3,186.8,265.27,500.6
2024-08-01,RN-VLC-F001,C,furgoneta,2103.8,483.9,199.9,283.81,535.6
2024-09-01,RN-VLC-F001,C,furgoneta,2247.7,517.0,213.5,303.22,572.3
2024-10-01,RN-VLC-F001,C,furgoneta,1893.1,435.4,179.8,255.38,482.0
2024-11-01,RN-VLC-F001,C,furgoneta,2225.0,511.7,211.4,300.15,566.5
2024-12-01,RN-VLC-F001,C,furgoneta,2552.8,587.1,242.5,344.37,649.9
2025-01-01,RN-VLC-F001,C,furgoneta,1961.1,451.1,186.3,264.56,499.3
2025-02-01,RN-VLC-F001,C,furgoneta,1846.0,424.6,175.4,249.03,470.0
2025-03-01,RN-VLC-F001,C,furgoneta,2335.4,537.1,221.9,315.04,594.6
2025-04-01,RN-VLC-F001,C,furgoneta,2195.4,504.9,208.6,296.15,558.9
2025-05-01,RN-VLC-F001,C,furgoneta,2036.5,468.4,193.5,274.72,518.5
2025-06-01,RN-VLC-F001,C,furgoneta,2135.4,491.1,202.9,288.07,543.7
2025-07-01,RN-VLC-F001,C,furgoneta,2113.8,486.2,200.8,285.15,538.2
2025-08-01,RN-VLC-F001,C,furgoneta,2279.3,524.2,216.5,307.48,580.3
2025-09-01,RN-VLC-F001,C,furgoneta,2264.0,520.7,215.1,305.41,576.4
2025-10-01,RN-VLC-F001,C,furgoneta,2142.8,492.8,203.6,289.06,545.5
2025-11-01,RN-VLC-F001,C,furgoneta,2110.1,485.3,200.5,284.65,537.2
2025-12-01,RN-VLC-F001,C,furgoneta,2764.4,635.8,262.6,372.92,703.8
2024-01-01,RN-VLC-F002,C,furgoneta,1675.9,385.4,166.2,236.02,445.4
2024-02-01,RN-VLC-F002,C,furgoneta,1862.1,428.3,184.7,262.25,495.0
2024-03-01,RN-VLC-F002,C,furgoneta,1903.1,437.7,188.7,268.02,505.8
2024-04-01,RN-VLC-F002,C,furgoneta,2385.1,548.6,236.6,335.9,634.0
2024-05-01,RN-VLC-F002,C,furgoneta,2085.5,479.7,206.8,293.71,554.3
2024-06-01,RN-VLC-F002,C,furgoneta,1762.8,405.4,174.8,248.26,468.6
2024-07-01,RN-VLC-F002,C,furgoneta,2393.7,550.5,237.4,337.12,636.2
2024-08-01,RN-VLC-F002,C,furgoneta,2177.3,500.8,215.9,306.64,578.7
2024-09-01,RN-VLC-F002,C,furgoneta,2329.7,535.8,231.1,328.11,619.2
2024-10-01,RN-VLC-F002,C,furgoneta,2237.2,514.5,221.9,315.07,594.6
2024-11-01,RN-VLC-F002,C,furgoneta,2367.2,544.5,234.8,333.38,629.2
2024-12-01,RN-VLC-F002,C,furgoneta,2533.1,582.6,251.2,356.75,673.3
2025-01-01,RN-VLC-F002,C,furgoneta,1855.7,426.8,184.0,261.34,493.2
2025-02-01,RN-VLC-F002,C,furgoneta,1935.5,445.2,192.0,272.59,514.5
2025-03-01,RN-VLC-F002,C,furgoneta,2316.0,532.7,229.7,326.17,615.6
2025-04-01,RN-VLC-F002,C,furgoneta,2347.5,539.9,232.8,330.61,624.0
2025-05-01,RN-VLC-F002,C,furgoneta,2253.4,518.3,223.5,317.35,598.9
2025-06-01,RN-VLC-F002,C,furgoneta,2259.2,519.6,224.1,318.17,600.5
2025-07-01,RN-VLC-F002,C,furgoneta,2421.3,556.9,240.1,341.01,643.6
2025-08-01,RN-VLC-F002,C,furgoneta,1925.4,442.8,191.0,271.16,511.8
2025-09-01,RN-VLC-F002,C,furgoneta,2248.9,517.2,223.0,316.73,597.8
2025-10-01,RN-VLC-F002,C,furgoneta,2179.5,501.3,216.2,306.96,579.3
2025-11-01,RN-VLC-F002,C,furgoneta,1941.6,446.6,192.6,273.44,516.1
2025-12-01,RN-VLC-F002,C,furgoneta,2110.1,485.3,209.3,297.18,560.9
2024-01-01,RN-VLC-F003,C,furgoneta,2117.2,487.0,207.8,295.04,556.8
2024-02-01,RN-VLC-F003,C,furgoneta,1922.9,442.3,188.7,267.96,505.7
2024-03-01,RN-VLC-F003,C,furgoneta,1826.3,420.0,179.2,254.5,480.3
2024-04-01,RN-VLC-F003,C,furgoneta,2175.7,500.4,213.5,303.18,572.2
2024-05-01,RN-VLC-F003,C,furgoneta,2183.4,502.2,214.3,304.26,574.2
2024-06-01,RN-VLC-F003,C,furgoneta,2065.7,475.1,202.7,287.86,543.3
2024-07-01,RN-VLC-F003,C,furgoneta,2101.9,483.4,206.3,292.9,552.8
2024-08-01,RN-VLC-F003,C,furgoneta,2033.3,467.7,199.5,283.34,534.8
2024-09-01,RN-VLC-F003,C,furgoneta,2002.9,460.7,196.6,279.1,526.8
2024-10-01,RN-VLC-F003,C,furgoneta,2061.9,474.2,202.3,287.33,542.3
2024-11-01,RN-VLC-F003,C,furgoneta,2109.7,485.2,207.0,293.98,554.8
2024-12-01,RN-VLC-F003,C,furgoneta,2486.3,571.9,244.0,346.47,653.9
2025-01-01,RN-VLC-F003,C,furgoneta,2073.5,476.9,203.5,288.94,545.3
2025-02-01,RN-VLC-F003,C,furgoneta,1953.2,449.2,191.7,272.18,513.7
2025-03-01,RN-VLC-F003,C,furgoneta,2208.2,507.9,216.7,307.71,580.8
2025-04-01,RN-VLC-F003,C,furgoneta,2288.4,526.3,224.6,318.89,601.8
2025-05-01,RN-VLC-F003,C,furgoneta,1924.5,442.6,188.9,268.18,506.1
2025-06-01,RN-VLC-F003,C,furgoneta,2238.8,514.9,219.7,311.98,588.8
2025-07-01,RN-VLC-F003,C,furgoneta,2394.8,550.8,235.0,333.72,629.8
2025-08-01,RN-VLC-F003,C,furgoneta,2138.7,491.9,209.9,298.03,562.5
2025-09-01,RN-VLC-F003,C,furgoneta,2192.4,504.3,215.2,305.52,576.6
2025-10-01,RN-VLC-F003,C,furgoneta,1913.5,440.1,187.8,266.65,503.2
2025-11-01,RN-VLC-F003,C,furgoneta,2029.6,466.8,199.2,282.83,533.8
2025-12-01,RN-VLC-F003,C,furgoneta,2665.0,612.9,261.5,371.37,700.9
2024-01-01,RN-VLC-F004,C,furgoneta,1829.6,420.8,177.6,252.25,476.1
2024-02-01,RN-VLC-F004,C,furgoneta,2179.6,501.3,211.6,300.5,567.1
2024-03-01,RN-VLC-F004,C,furgoneta,2182.6,502.0,211.9,300.92,567.9
2024-04-01,RN-VLC-F004,C,furgoneta,2267.3,521.5,220.1,312.59,590.0
2024-05-01,RN-VLC-F004,C,furgoneta,2251.7,517.9,218.6,310.43,585.9
2024-06-01,RN-VLC-F004,C,furgoneta,2081.6,478.8,202.1,286.98,541.6
2024-07-01,RN-VLC-F004,C,furgoneta,2078.8,478.1,201.8,286.6,540.9
2024-08-01,RN-VLC-F004,C,furgoneta,2234.3,513.9,216.9,308.03,581.4
2024-09-01,RN-VLC-F004,C,furgoneta,2257.2,519.1,219.1,311.19,587.3
2024-10-01,RN-VLC-F004,C,furgoneta,2044.1,470.1,198.5,281.82,531.9
2024-11-01,RN-VLC-F004,C,furgoneta,2078.0,477.9,201.8,286.49,540.7
2024-12-01,RN-VLC-F004,C,furgoneta,3025.6,695.9,293.8,417.14,787.3
2025-01-01,RN-VLC-F004,C,furgoneta,2018.1,464.2,195.9,278.22,525.1
2025-02-01,RN-VLC-F004,C,furgoneta,1851.1,425.8,179.7,255.21,481.7
2025-03-01,RN-VLC-F004,C,furgoneta,2043.2,469.9,198.4,281.7,531.7
2025-04-01,RN-VLC-F004,C,furgoneta,1944.6,447.3,188.8,268.1,506.0
2025-05-01,RN-VLC-F004,C,furgoneta,2050.6,471.6,199.1,282.71,533.6
2025-06-01,RN-VLC-F004,C,furgoneta,2169.2,498.9,210.6,299.06,564.4
2025-07-01,RN-VLC-F004,C,furgoneta,2453.7,564.4,238.2,338.29,638.5
2025-08-01,RN-VLC-F004,C,furgoneta,2280.8,524.6,221.4,314.44,593.5
2025-09-01,RN-VLC-F004,C,furgoneta,2018.2,464.2,195.9,278.25,525.1
2025-10-01,RN-VLC-F004,C,furgoneta,1925.6,442.9,187.0,265.48,501.0
2025-11-01,RN-VLC-F004,C,furgoneta,2189.7,503.6,212.6,301.89,569.8
2025-12-01,RN-VLC-F004,C,furgoneta,2577.3,592.8,250.2,355.33,670.6
2024-01-01,RN-VLC-F005,C,furgoneta,2107.5,484.7,211.2,299.94,566.1
2024-02-01,RN-VLC-F005,C,furgoneta,1964.4,451.8,196.9,279.57,527.6
2024-03-01,RN-VLC-F005,C,furgoneta,2071.9,476.5,207.7,294.87,556.5
2024-04-01,RN-VLC-F005,C,furgoneta,2026.3,466.1,203.1,288.39,544.3
2024-05-01,RN-VLC-F005,C,furgoneta,2186.3,502.9,219.1,311.15,587.2
2024-06-01,RN-VLC-F005,C,furgoneta,2296.4,528.2,230.2,326.83,616.8
2024-07-01,RN-VLC-F005,C,furgoneta,2035.3,468.1,204.0,289.67,546.7
2024-08-01,RN-VLC-F005,C,furgoneta,1968.4,452.7,197.3,280.14,528.7
2024-09-01,RN-VLC-F005,C,furgoneta,2438.6,560.9,244.4,347.06,655.0
2024-10-01,RN-VLC-F005,C,furgoneta,2091.2,481.0,209.6,297.62,561.7
2024-11-01,RN-VLC-F005,C,furgoneta,2367.0,544.4,237.2,336.86,635.8
2024-12-01,RN-VLC-F005,C,furgoneta,2823.9,649.5,283.0,401.89,758.5
2025-01-01,RN-VLC-F005,C,furgoneta,1935.3,445.1,194.0,275.43,519.8
2025-02-01,RN-VLC-F005,C,furgoneta,2079.2,478.2,208.4,295.91,558.5
2025-03-01,RN-VLC-F005,C,furgoneta,2269.5,522.0,227.5,323.0,609.6
2025-04-01,RN-VLC-F005,C,furgoneta,2115.4,486.5,212.0,301.06,568.2
2025-05-01,RN-VLC-F005,C,furgoneta,2037.4,468.6,204.2,289.96,547.2
2025-06-01,RN-VLC-F005,C,furgoneta,2200.4,506.1,220.5,313.16,591.0
2025-07-01,RN-VLC-F005,C,furgoneta,2527.1,581.2,253.3,359.65,678.8
2025-08-01,RN-VLC-F005,C,furgoneta,2142.7,492.8,214.8,304.95,575.5
2025-09-01,RN-VLC-F005,C,furgoneta,2294.6,527.8,230.0,326.57,616.3
2025-10-01,RN-VLC-F005,C,furgoneta,2302.1,529.5,230.7,327.64,618.4
2025-11-01,RN-VLC-F005,C,furgoneta,2486.7,572.0,249.2,353.91,667.9
2025-12-01,RN-VLC-F005,C,furgoneta,2500.8,575.2,250.6,355.92,671.7
2024-01-01,RN-VLC-F006,C,furgoneta,1863.0,428.5,184.8,262.38,495.2
2024-02-01,RN-VLC-F006,C,furgoneta,1815.4,417.5,180.0,255.67,482.5
2024-03-01,RN-VLC-F006,C,furgoneta,2215.7,509.6,219.8,312.05,588.9
2024-04-01,RN-VLC-F006,C,furgoneta,2220.9,510.8,220.3,312.79,590.3
2024-05-01,RN-VLC-F006,C,furgoneta,2162.9,497.5,214.5,304.62,574.9
2024-06-01,RN-VLC-F006,C,furgoneta,2052.6,472.1,203.6,289.08,545.6
2024-07-01,RN-VLC-F006,C,furgoneta,2009.9,462.3,199.3,283.06,534.2
2024-08-01,RN-VLC-F006,C,furgoneta,1978.7,455.1,196.3,278.68,526.0
2024-09-01,RN-VLC-F006,C,furgoneta,2098.6,482.7,208.1,295.56,557.8
2024-10-01,RN-VLC-F006,C,furgoneta,2374.5,546.1,235.5,334.41,631.1
2024-11-01,RN-VLC-F006,C,furgoneta,2096.6,482.2,207.9,295.28,557.3
2024-12-01,RN-VLC-F006,C,furgoneta,2609.8,600.3,258.8,367.55,693.7
2025-01-01,RN-VLC-F006,C,furgoneta,1999.7,459.9,198.3,281.63,531.5
2025-02-01,RN-VLC-F006,C,furgoneta,1629.3,374.7,161.6,229.47,433.1
2025-03-01,RN-VLC-F006,C,furgoneta,1981.3,455.7,196.5,279.03,526.6
2025-04-01,RN-VLC-F006,C,furgoneta,2035.7,468.2,201.9,286.7,541.1
2025-05-01,RN-VLC-F006,C,furgoneta,2100.4,483.1,208.3,295.81,558.3
2025-06-01,RN-VLC-F006,C,furgoneta,2299.1,528.8,228.0,323.79,611.1
2025-07-01,RN-VLC-F006,C,furgoneta,2108.8,485.0,209.2,297.0,560.5
2025-08-01,RN-VLC-F006,C,furgoneta,1667.0,383.4,165.3,234.78,443.1
2025-09-01,RN-VLC-F006,C,furgoneta,2180.0,501.4,216.2,307.02,579.5
2025-10-01,RN-VLC-F006,C,furgoneta,2313.7,532.2,229.5,325.86,615.0
2025-11-01,RN-VLC-F006,C,furgoneta,2088.6,480.4,207.1,294.15,555.2
2025-12-01,RN-VLC-F006,C,furgoneta,2349.5,540.4,233.0,330.89,624.5
2024-01-01,RN-VLC-F007,C,furgoneta,1853.3,426.3,178.0,252.76,477.0
2024-02-01,RN-VLC-F007,C,furgoneta,2032.3,467.4,195.2,277.17,523.1
2024-03-01,RN-VLC-F007,C,furgoneta,1936.6,445.4,186.0,264.12,498.5
2024-04-01,RN-VLC-F007,C,furgoneta,2136.6,491.4,205.2,291.4,550.0
2024-05-01,RN-VLC-F007,C,furgoneta,2377.1,546.7,228.3,324.2,611.9
2024-06-01,RN-VLC-F007,C,furgoneta,2254.0,518.4,216.5,307.41,580.2
2024-07-01,RN-VLC-F007,C,furgoneta,2504.7,576.1,240.6,341.6,644.7
2024-08-01,RN-VLC-F007,C,furgoneta,2366.6,544.3,227.3,322.77,609.2
2024-09-01,RN-VLC-F007,C,furgoneta,2172.5,499.7,208.7,296.3,559.2
2024-10-01,RN-VLC-F007,C,furgoneta,2191.6,504.1,210.5,298.9,564.1
2024-11-01,RN-VLC-F007,C,furgoneta,2366.5,544.3,227.3,322.75,609.1
2024-12-01,RN-VLC-F007,C,furgoneta,2424.9,557.7,232.9,330.72,624.2
2025-01-01,RN-VLC-F007,C,furgoneta,2076.9,477.7,199.5,283.25,534.6
2025-02-01,RN-VLC-F007,C,furgoneta,1803.3,414.8,173.2,245.94,464.2
2025-03-01,RN-VLC-F007,C,furgoneta,2084.3,479.4,200.2,284.27,536.5
2025-04-01,RN-VLC-F007,C,furgoneta,2192.5,504.3,210.6,299.02,564.3
2025-05-01,RN-VLC-F007,C,furgoneta,1978.4,455.0,190.0,269.82,509.2
2025-06-01,RN-VLC-F007,C,furgoneta,2281.8,524.8,219.2,311.2,587.3
2025-07-01,RN-VLC-F007,C,furgoneta,2572.3,591.6,247.1,350.82,662.1
2025-08-01,RN-VLC-F007,C,furgoneta,1989.2,457.5,191.1,271.3,512.0
2025-09-01,RN-VLC-F007,C,furgoneta,1910.0,439.3,183.4,260.49,491.6
2025-10-01,RN-VLC-F007,C,furgoneta,2155.9,495.9,207.1,294.03,554.9
2025-11-01,RN-VLC-F007,C,furgoneta,2089.3,480.5,200.7,284.94,537.8
2025-12-01,RN-VLC-F007,C,furgoneta,2717.3,625.0,261.0,370.6,699.4
2024-01-01,RN-VLC-F008,C,furgoneta,2050.1,471.5,205.5,291.77,550.7
2024-02-01,RN-VLC-F008,C,furgoneta,1905.7,438.3,191.0,271.21,511.9
2024-03-01,RN-VLC-F008,C,furgoneta,2129.2,489.7,213.4,303.02,571.9
2024-04-01,RN-VLC-F008,C,furgoneta,2176.8,500.7,218.2,309.8,584.7
2024-05-01,RN-VLC-F008,C,furgoneta,2096.6,482.2,210.1,298.39,563.2
2024-06-01,RN-VLC-F008,C,furgoneta,2163.8,497.7,216.9,307.95,581.2
2024-07-01,RN-VLC-F008,C,furgoneta,2461.8,566.2,246.7,350.36,661.2
2024-08-01,RN-VLC-F008,C,furgoneta,2155.0,495.6,216.0,306.69,578.8
2024-09-01,RN-VLC-F008,C,furgoneta,2102.3,483.5,210.7,299.2,564.7
2024-10-01,RN-VLC-F008,C,furgoneta,1990.8,457.9,199.5,283.33,534.7
2024-11-01,RN-VLC-F008,C,furgoneta,2307.1,530.6,231.2,328.35,619.7
2024-12-01,RN-VLC-F008,C,furgoneta,2469.1,567.9,247.5,351.41,663.2
2025-01-01,RN-VLC-F008,C,furgoneta,2169.4,499.0,217.4,308.75,582.7
2025-02-01,RN-VLC-F008,C,furgoneta,1733.9,398.8,173.8,246.77,465.7
2025-03-01,RN-VLC-F008,C,furgoneta,1998.3,459.6,200.3,284.39,536.7
2025-04-01,RN-VLC-F008,C,furgoneta,2082.2,478.9,208.7,296.34,559.3
2025-05-01,RN-VLC-F008,C,furgoneta,2351.4,540.8,235.7,334.65,631.6
2025-06-01,RN-VLC-F008,C,furgoneta,2325.0,534.7,233.0,330.89,624.5
2025-07-01,RN-VLC-F008,C,furgoneta,2406.9,553.6,241.2,342.55,646.5
2025-08-01,RN-VLC-F008,C,furgoneta,2017.4,464.0,202.2,287.11,541.9
2025-09-01,RN-VLC-F008,C,furgoneta,2181.0,501.6,218.6,310.39,585.8
2025-10-01,RN-VLC-F008,C,furgoneta,2151.3,494.8,215.6,306.17,577.8
2025-11-01,RN-VLC-F008,C,furgoneta,2210.1,508.3,221.5,314.54,593.6
2025-12-01,RN-VLC-F008,C,furgoneta,2685.1,617.6,269.1,382.14,721.2
2024-01-01,RN-VLC-F009,C,furgoneta,1978.9,455.2,192.1,272.83,514.9
2024-02-01,RN-VLC-F009,C,furgoneta,1702.7,391.6,165.3,234.75,443.0
2024-03-01,RN-VLC-F009,C,furgoneta,1952.5,449.1,189.6,269.19,508.1
2024-04-01,RN-VLC-F009,C,furgoneta,2217.1,509.9,215.3,305.66,576.9
2024-05-01,RN-VLC-F009,C,furgoneta,2057.5,473.2,199.8,283.66,535.4
2024-06-01,RN-VLC-F009,C,furgoneta,1965.9,452.2,190.9,271.04,511.5
2024-07-01,RN-VLC-F009,C,furgoneta,2116.1,486.7,205.5,291.75,550.6
2024-08-01,RN-VLC-F009,C,furgoneta,2062.5,474.4,200.2,284.35,536.7
2024-09-01,RN-VLC-F009,C,furgoneta,1961.5,451.1,190.4,270.43,510.4
2024-10-01,RN-VLC-F009,C,furgoneta,2245.5,516.5,218.0,309.59,584.3
2024-11-01,RN-VLC-F009,C,furgoneta,2155.9,495.9,209.3,297.23,561.0
2024-12-01,RN-VLC-F009,C,furgoneta,2717.9,625.1,263.9,374.71,707.2
2025-01-01,RN-VLC-F009,C,furgoneta,1943.0,446.9,188.6,267.88,505.6
2025-02-01,RN-VLC-F009,C,furgoneta,1706.6,392.5,165.7,235.28,444.1
2025-03-01,RN-VLC-F009,C,furgoneta,2063.2,474.5,200.3,284.45,536.8
2025-04-01,RN-VLC-F009,C,furgoneta,2214.4,509.3,215.0,305.29,576.2
2025-05-01,RN-VLC-F009,C,furgoneta,2133.0,490.6,207.1,294.07,555.0
2025-06-01,RN-VLC-F009,C,furgoneta,2051.0,471.7,199.1,282.76,533.7
2025-07-01,RN-VLC-F009,C,furgoneta,2218.9,510.4,215.4,305.92,577.4
2025-08-01,RN-VLC-F009,C,furgoneta,1942.0,446.6,188.5,267.73,505.3
2025-09-01,RN-VLC-F009,C,furgoneta,2159.5,496.7,209.7,297.72,561.9
2025-10-01,RN-VLC-F009,C,furgoneta,2200.9,506.2,213.7,303.43,572.7
2025-11-01,RN-VLC-F009,C,furgoneta,2306.4,530.5,223.9,317.98,600.1
2025-12-01,RN-VLC-F009,C,furgoneta,2741.9,630.6,266.2,378.03,713.5
2024-01-01,RN-VLC-F010,C,furgoneta,1903.0,437.7,186.7,265.18,500.5
2024-02-01,RN-VLC-F010,C,furgoneta,1835.6,422.2,180.1,255.79,482.8
2024-03-01,RN-VLC-F010,C,furgoneta,2091.3,481.0,205.2,291.43,550.0
2024-04-01,RN-VLC-F010,C,furgoneta,2476.1,569.5,243.0,345.05,651.2
2024-05-01,RN-VLC-F010,C,furgoneta,2288.5,526.4,224.6,318.91,601.9
2024-06-01,RN-VLC-F010,C,furgoneta,2189.7,503.6,214.9,305.14,575.9
2024-07-01,RN-VLC-F010,C,furgoneta,2087.5,480.1,204.9,290.9,549.0
2024-08-01,RN-VLC-F010,C,furgoneta,2220.7,510.8,217.9,309.45,584.0
2024-09-01,RN-VLC-F010,C,furgoneta,2318.8,533.3,227.6,323.12,609.8
2024-10-01,RN-VLC-F010,C,furgoneta,2245.5,516.5,220.4,312.91,590.6
2024-11-01,RN-VLC-F010,C,furgoneta,2023.7,465.5,198.6,282.01,532.2
2024-12-01,RN-VLC-F010,C,furgoneta,2498.0,574.5,245.1,348.1,657.0
2025-01-01,RN-VLC-F010,C,furgoneta,2047.2,470.9,200.9,285.28,538.4
2025-02-01,RN-VLC-F010,C,furgoneta,1975.7,454.4,193.9,275.32,519.6
2025-03-01,RN-VLC-F010,C,furgoneta,1928.4,443.5,189.2,268.72,507.2
2025-04-01,RN-VLC-F010,C,furgoneta,1946.0,447.6,191.0,271.18,511.8
2025-05-01,RN-VLC-F010,C,furgoneta,2189.1,503.5,214.8,305.05,575.7
2025-06-01,RN-VLC-F010,C,furgoneta,1927.5,443.3,189.2,268.59,506.9
2025-07-01,RN-VLC-F010,C,furgoneta,2474.2,569.1,242.8,344.78,650.7
2025-08-01,RN-VLC-F010,C,furgoneta,2144.9,493.3,210.5,298.9,564.1
2025-09-01,RN-VLC-F010,C,furgoneta,2165.0,497.9,212.5,301.69,569.4
2025-10-01,RN-VLC-F010,C,furgoneta,2217.4,510.0,217.6,309.0,583.2
2025-11-01,RN-VLC-F010,C,furgoneta,2229.5,512.8,218.8,310.68,586.4
2025-12-01,RN-VLC-F010,C,furgoneta,2303.3,529.8,226.0,320.96,605.8
2024-01-01,RN-VLC-F011,C,furgoneta,2080.2,478.4,210.7,299.14,564.6
2024-02-01,RN-VLC-F011,C,furgoneta,1923.1,442.3,194.8,276.55,521.9
2024-03-01,RN-VLC-F011,C,furgoneta,1677.8,385.9,169.9,241.28,455.4
2024-04-01,RN-VLC-F011,C,furgoneta,2031.6,467.3,205.7,292.16,551.4
2024-05-01,RN-VLC-F011,C,furgoneta,1981.2,455.7,200.6,284.9,537.7
2024-06-01,RN-VLC-F011,C,furgoneta,2060.7,474.0,208.7,296.34,559.3
2024-07-01,RN-VLC-F011,C,furgoneta,2367.7,544.6,239.8,340.48,642.6
2024-08-01,RN-VLC-F011,C,furgoneta,2219.6,510.5,224.8,319.19,602.4
2024-09-01,RN-VLC-F011,C,furgoneta,2163.7,497.7,219.1,311.15,587.2
2024-10-01,RN-VLC-F011,C,furgoneta,1995.8,459.0,202.1,287.01,541.7
2024-11-01,RN-VLC-F011,C,furgoneta,2217.1,509.9,224.5,318.83,601.7
2024-12-01,RN-VLC-F011,C,furgoneta,2450.3,563.6,248.1,352.36,665.0
2025-01-01,RN-VLC-F011,C,furgoneta,2033.7,467.8,206.0,292.45,552.0
2025-02-01,RN-VLC-F011,C,furgoneta,1987.8,457.2,201.3,285.85,539.5
2025-03-01,RN-VLC-F011,C,furgoneta,2273.5,522.9,230.2,326.94,617.0
2025-04-01,RN-VLC-F011,C,furgoneta,2428.7,558.6,246.0,349.26,659.2
2025-05-01,RN-VLC-F011,C,furgoneta,2142.2,492.7,216.9,308.06,581.4
2025-06-01,RN-VLC-F011,C,furgoneta,2128.7,489.6,215.6,306.12,577.7
2025-07-01,RN-VLC-F011,C,furgoneta,2192.9,504.4,222.1,315.35,595.2
2025-08-01,RN-VLC-F011,C,furgoneta,2009.3,462.1,203.5,288.94,545.3
2025-09-01,RN-VLC-F011,C,furgoneta,2496.6,574.2,252.8,359.02,677.6
2025-10-01,RN-VLC-F011,C,furgoneta,2143.8,493.1,217.1,308.28,581.8
2025-11-01,RN-VLC-F011,C,furgoneta,2178.0,500.9,220.6,313.21,591.1
2025-12-01,RN-VLC-F011,C,furgoneta,2498.8,574.7,253.1,359.34,678.2
2024-01-01,RN-VLC-F012,C,furgoneta,2251.8,517.9,221.0,313.79,592.2
2024-02-01,RN-VLC-F012,C,furgoneta,1916.8,440.9,188.1,267.1,504.1
2024-03-01,RN-VLC-F012,C,furgoneta,2031.1,467.2,199.3,283.04,534.2
2024-04-01,RN-VLC-F012,C,furgoneta,1958.4,450.4,192.2,272.9,515.1
2024-05-01,RN-VLC-F012,C,furgoneta,2197.2,505.3,215.6,306.18,577.9
2024-06-01,RN-VLC-F012,C,furgoneta,2318.1,533.2,227.5,323.03,609.7
2024-07-01,RN-VLC-F012,C,furgoneta,2383.8,548.3,233.9,332.19,627.0
2024-08-01,RN-VLC-F012,C,furgoneta,2012.4,462.9,197.5,280.44,529.3
2024-09-01,RN-VLC-F012,C,furgoneta,1965.5,452.1,192.9,273.9,516.9
2024-10-01,RN-VLC-F012,C,furgoneta,2307.8,530.8,226.5,321.6,607.0
2024-11-01,RN-VLC-F012,C,furgoneta,2182.4,502.0,214.2,304.12,574.0
2024-12-01,RN-VLC-F012,C,furgoneta,2500.6,575.1,245.4,348.47,657.7
2025-01-01,RN-VLC-F012,C,furgoneta,2021.7,465.0,198.4,281.73,531.7
2025-02-01,RN-VLC-F012,C,furgoneta,1885.0,433.5,185.0,262.68,495.8
2025-03-01,RN-VLC-F012,C,furgoneta,2228.0,512.4,218.6,310.48,586.0
2025-04-01,RN-VLC-F012,C,furgoneta,2308.5,531.0,226.5,321.7,607.1
2025-05-01,RN-VLC-F012,C,furgoneta,1949.5,448.4,191.3,271.67,512.7
2025-06-01,RN-VLC-F012,C,furgoneta,1841.4,423.5,180.7,256.61,484.3
2025-07-01,RN-VLC-F012,C,furgoneta,1928.7,443.6,189.3,268.76,507.2
2025-08-01,RN-VLC-F012,C,furgoneta,1893.2,435.4,185.8,263.82,497.9
2025-09-01,RN-VLC-F012,C,furgoneta,2118.6,487.3,207.9,295.23,557.2
2025-10-01,RN-VLC-F012,C,furgoneta,2195.3,504.9,215.4,305.91,577.4
2025-11-01,RN-VLC-F012,C,furgoneta,2287.2,526.0,224.5,318.72,601.5
2025-12-01,RN-VLC-F012,C,furgoneta,2478.8,570.1,243.3,345.42,651.9
2024-01-01,RN-VLC-F013,C,furgoneta,2038.7,468.9,197.9,281.07,530.5
2024-02-01,RN-VLC-F013,C,furgoneta,1953.3,449.3,189.6,269.3,508.3
2024-03-01,RN-VLC-F013,C,furgoneta,2120.6,487.7,205.9,292.36,551.8
2024-04-01,RN-VLC-F013,C,furgoneta,2154.0,495.4,209.1,296.97,560.5
2024-05-01,RN-VLC-F013,C,furgoneta,2109.9,485.3,204.8,290.89,549.0
2024-06-01,RN-VLC-F013,C,furgoneta,2196.1,505.1,213.2,302.78,571.4
2024-07-01,RN-VLC-F013,C,furgoneta,2268.5,521.7,220.2,312.75,590.3
2024-08-01,RN-VLC-F013,C,furgoneta,1901.7,437.4,184.6,262.19,494.8
2024-09-01,RN-VLC-F013,C,furgoneta,1931.9,444.3,187.6,266.34,502.7
2024-10-01,RN-VLC-F013,C,furgoneta,2236.5,514.4,217.1,308.34,581.9
2024-11-01,RN-VLC-F013,C,furgoneta,2451.1,563.7,238.0,337.92,637.8
2024-12-01,RN-VLC-F013,C,furgoneta,2724.1,626.5,264.5,375.56,708.8
2025-01-01,RN-VLC-F013,C,furgoneta,1915.9,440.7,186.0,264.15,498.5
2025-02-01,RN-VLC-F013,C,furgoneta,1963.9,451.7,190.7,270.75,511.0
2025-03-01,RN-VLC-F013,C,furgoneta,2058.1,473.4,199.8,283.74,535.5
2025-04-01,RN-VLC-F013,C,furgoneta,2280.0,524.4,221.4,314.33,593.2
2025-05-01,RN-VLC-F013,C,furgoneta,2263.2,520.5,219.7,312.03,588.9
2025-06-01,RN-VLC-F013,C,furgoneta,2279.6,524.3,221.3,314.28,593.2
2025-07-01,RN-VLC-F013,C,furgoneta,2309.0,531.1,224.2,318.34,600.8
2025-08-01,RN-VLC-F013,C,furgoneta,2254.8,518.6,218.9,310.86,586.7
2025-09-01,RN-VLC-F013,C,furgoneta,2153.9,495.4,209.1,296.95,560.4
2025-10-01,RN-VLC-F013,C,furgoneta,2098.6,482.7,203.8,289.33,546.1
2025-11-01,RN-VLC-F013,C,furgoneta,2058.5,473.5,199.9,283.8,535.6
2025-12-01,RN-VLC-F013,C,furgoneta,2493.9,573.6,242.1,343.83,648.9
2024-01-01,RN-VLC-F014,C,furgoneta,1841.1,423.5,186.5,264.76,499.7
2024-02-01,RN-VLC-F014,C,furgoneta,2094.6,481.8,212.1,301.21,568.5
2024-03-01,RN-VLC-F014,C,furgoneta,2269.1,521.9,229.8,326.3,615.8
2024-04-01,RN-VLC-F014,C,furgoneta,2032.0,467.3,205.8,292.2,551.5
2024-05-01,RN-VLC-F014,C,furgoneta,2067.4,475.5,209.4,297.3,561.1
2024-06-01,RN-VLC-F014,C,furgoneta,2360.0,542.8,239.0,339.38,640.5
2024-07-01,RN-VLC-F014,C,furgoneta,2126.6,489.1,215.4,305.81,577.2
2024-08-01,RN-VLC-F014,C,furgoneta,2143.5,493.0,217.1,308.24,581.7
2024-09-01,RN-VLC-F014,C,furgoneta,2717.6,625.1,275.2,390.8,737.6
2024-10-01,RN-VLC-F014,C,furgoneta,2251.8,517.9,228.0,323.82,611.1
2024-11-01,RN-VLC-F014,C,furgoneta,2266.9,521.4,229.6,325.98,615.2
2024-12-01,RN-VLC-F014,C,furgoneta,2653.4,610.3,268.7,381.57,720.1
2025-01-01,RN-VLC-F014,C,furgoneta,2102.8,483.6,212.9,302.38,570.7
2025-02-01,RN-VLC-F014,C,furgoneta,1816.7,417.8,184.0,261.25,493.1
2025-03-01,RN-VLC-F014,C,furgoneta,2151.5,494.8,217.9,309.39,583.9
2025-04-01,RN-VLC-F014,C,furgoneta,2229.7,512.8,225.8,320.64,605.2
2025-05-01,RN-VLC-F014,C,furgoneta,2168.5,498.8,219.6,311.84,588.5
2025-06-01,RN-VLC-F014,C,furgoneta,2122.1,488.1,214.9,305.16,575.9
2025-07-01,RN-VLC-F014,C,furgoneta,2352.8,541.1,238.3,338.34,638.6
2025-08-01,RN-VLC-F014,C,furgoneta,2211.0,508.5,223.9,317.95,600.1
2025-09-01,RN-VLC-F014,C,furgoneta,2275.5,523.4,230.4,327.22,617.6
2025-10-01,RN-VLC-F014,C,furgoneta,2177.6,500.9,220.5,313.15,591.0
2025-11-01,RN-VLC-F014,C,furgoneta,2202.8,506.6,223.1,316.77,597.9
2025-12-01,RN-VLC-F014,C,furgoneta,2830.9,651.1,286.7,407.09,768.3
2024-01-01,RN-VLC-F015,C,furgoneta,1846.0,424.6,175.4,249.03,470.0
2024-02-01,RN-VLC-F015,C,furgoneta,1941.4,446.5,184.4,261.89,494.3
2024-03-01,RN-VLC-F015,C,furgoneta,2145.8,493.5,203.8,289.46,546.3
2024-04-01,RN-VLC-F015,C,furgoneta,2174.4,500.1,206.6,293.33,553.6
2024-05-01,RN-VLC-F015,C,furgoneta,2032.4,467.5,193.1,274.17,517.5
2024-06-01,RN-VLC-F015,C,furgoneta,2391.7,550.1,227.2,322.64,608.9
2024-07-01,RN-VLC-F015,C,furgoneta,2013.4,463.1,191.3,271.61,512.6
2024-08-01,RN-VLC-F015,C,furgoneta,2111.1,485.6,200.6,284.79,537.5
2024-09-01,RN-VLC-F015,C,furgoneta,2066.0,475.2,196.3,278.71,526.0
2024-10-01,RN-VLC-F015,C,furgoneta,1965.0,452.0,186.7,265.08,500.3
2024-11-01,RN-VLC-F015,C,furgoneta,2479.5,570.3,235.6,334.48,631.3
2024-12-01,RN-VLC-F015,C,furgoneta,2584.0,594.3,245.5,348.58,657.9
2025-01-01,RN-VLC-F015,C,furgoneta,1920.9,441.8,182.5,259.13,489.1
2025-02-01,RN-VLC-F015,C,furgoneta,2007.3,461.7,190.7,270.79,511.1
2025-03-01,RN-VLC-F015,C,furgoneta,2201.6,506.4,209.2,297.0,560.5
2025-04-01,RN-VLC-F015,C,furgoneta,2224.6,511.7,211.3,300.1,566.4
2025-05-01,RN-VLC-F015,C,furgoneta,2418.7,556.3,229.8,326.28,615.8
2025-06-01,RN-VLC-F015,C,furgoneta,2402.9,552.7,228.3,324.15,611.8
2025-07-01,RN-VLC-F015,C,furgoneta,2498.0,574.5,237.3,336.98,636.0
2025-08-01,RN-VLC-F015,C,furgoneta,2104.8,484.1,200.0,283.93,535.9
2025-09-01,RN-VLC-F015,C,furgoneta,2181.5,501.7,207.2,294.28,555.4
2025-10-01,RN-VLC-F015,C,furgoneta,2137.5,491.6,203.1,288.35,544.2
2025-11-01,RN-VLC-F015,C,furgoneta,2260.9,520.0,214.8,305.0,575.6
2025-12-01,RN-VLC-F015,C,furgoneta,2730.4,628.0,259.4,368.33,695.1
2024-01-01,RN-VLC-F016,C,furgoneta,2087.3,480.1,204.8,290.86,549.0
2024-02-01,RN-VLC-F016,C,furgoneta,2023.4,465.4,198.6,281.97,532.2
2024-03-01,RN-VLC-F016,C,furgoneta,1966.4,452.3,193.0,274.02,517.2
2024-04-01,RN-VLC-F016,C,furgoneta,2096.3,482.2,205.7,292.13,551.3
2024-05-01,RN-VLC-F016,C,furgoneta,2076.4,477.6,203.8,289.35,546.1
2024-06-01,RN-VLC-F016,C,furgoneta,2293.1,527.4,225.0,319.55,603.1
2024-07-01,RN-VLC-F016,C,furgoneta,2397.1,551.3,235.2,334.04,630.4
2024-08-01,RN-VLC-F016,C,furgoneta,2265.9,521.2,222.4,315.76,595.9
2024-09-01,RN-VLC-F016,C,furgoneta,2123.5,488.4,208.4,295.92,558.5
2024-10-01,RN-VLC-F016,C,furgoneta,1883.7,433.3,184.9,262.5,495.4
2024-11-01,RN-VLC-F016,C,furgoneta,2376.1,546.5,233.2,331.11,624.9
2024-12-01,RN-VLC-F016,C,furgoneta,2611.1,600.6,256.2,363.87,686.7
2025-01-01,RN-VLC-F016,C,furgoneta,2084.7,479.5,204.6,290.51,548.3
2025-02-01,RN-VLC-F016,C,furgoneta,2042.5,469.8,200.4,284.62,537.2
2025-03-01,RN-VLC-F016,C,furgoneta,2161.3,497.1,212.1,301.18,568.4
2025-04-01,RN-VLC-F016,C,furgoneta,2385.1,548.6,234.1,332.37,627.3
2025-05-01,RN-VLC-F016,C,furgoneta,2236.6,514.4,219.5,311.67,588.2
2025-06-01,RN-VLC-F016,C,furgoneta,2196.4,505.2,215.5,306.08,577.7
2025-07-01,RN-VLC-F016,C,furgoneta,2052.8,472.1,201.5,286.06,539.9
2025-08-01,RN-VLC-F016,C,furgoneta,2167.8,498.6,212.7,302.08,570.1
2025-09-01,RN-VLC-F016,C,furgoneta,2123.3,488.4,208.4,295.88,558.4
2025-10-01,RN-VLC-F016,C,furgoneta,2123.3,488.4,208.4,295.89,558.4
2025-11-01,RN-VLC-F016,C,furgoneta,2254.7,518.6,221.3,314.2,593.0
2025-12-01,RN-VLC-F016,C,furgoneta,2704.7,622.1,265.4,376.9,711.3
2024-01-01,RN-VLC-F017,C,furgoneta,2166.9,498.4,217.2,308.39,582.0
2024-02-01,RN-VLC-F017,C,furgoneta,1908.0,438.8,191.2,271.54,512.5
2024-03-01,RN-VLC-F017,C,furgoneta,2048.9,471.2,205.4,291.6,550.3
2024-04-01,RN-VLC-F017,C,furgoneta,1981.9,455.8,198.6,282.06,532.3
2024-05-01,RN-VLC-F017,C,furgoneta,1853.4,426.3,185.8,263.78,497.8
2024-06-01,RN-VLC-F017,C,furgoneta,2332.1,536.4,233.7,331.91,626.4
2024-07-01,RN-VLC-F017,C,furgoneta,2523.3,580.4,252.9,359.11,677.8
2024-08-01,RN-VLC-F017,C,furgoneta,2411.0,554.5,241.6,343.13,647.6
2024-09-01,RN-VLC-F017,C,furgoneta,1893.5,435.5,189.8,269.49,508.6
2024-10-01,RN-VLC-F017,C,furgoneta,2105.2,484.2,211.0,299.61,565.5
2024-11-01,RN-VLC-F017,C,furgoneta,2335.9,537.3,234.1,332.45,627.4
2024-12-01,RN-VLC-F017,C,furgoneta,2605.5,599.3,261.1,370.81,699.8
2025-01-01,RN-VLC-F017,C,furgoneta,1752.2,403.0,175.6,249.37,470.6
2025-02-01,RN-VLC-F017,C,furgoneta,1945.9,447.6,195.0,276.94,522.7
2025-03-01,RN-VLC-F017,C,furgoneta,2206.6,507.5,221.2,314.04,592.7
2025-04-01,RN-VLC-F017,C,furgoneta,2423.3,557.4,242.9,344.88,650.9
2025-05-01,RN-VLC-F017,C,furgoneta,2616.3,601.8,262.2,372.35,702.8
2025-06-01,RN-VLC-F017,C,furgoneta,2308.2,530.9,231.3,328.5,620.0
2025-07-01,RN-VLC-F017,C,furgoneta,2506.6,576.5,251.2,356.74,673.3
2025-08-01,RN-VLC-F017,C,furgoneta,2066.2,475.2,207.1,294.06,555.0
2025-09-01,RN-VLC-F017,C,furgoneta,2075.0,477.2,208.0,295.31,557.3
2025-10-01,RN-VLC-F017,C,furgoneta,2142.8,492.8,214.8,304.96,575.6
2025-11-01,RN-VLC-F017,C,furgoneta,2358.0,542.3,236.3,335.59,633.4
2025-12-01,RN-VLC-F017,C,furgoneta,2643.7,608.1,265.0,376.25,710.1
2024-01-01,RN-VLC-F018,C,furgoneta,2061.3,474.1,202.3,287.25,542.1
2024-02-01,RN-VLC-F018,C,furgoneta,1985.9,456.8,194.9,276.74,522.3
2024-03-01,RN-VLC-F018,C,furgoneta,2282.1,524.9,224.0,318.01,600.2
2024-04-01,RN-VLC-F018,C,furgoneta,1920.9,441.8,188.5,267.68,505.2
2024-05-01,RN-VLC-F018,C,furgoneta,2191.3,504.0,215.0,305.36,576.3
2024-06-01,RN-VLC-F018,C,furgoneta,2140.5,492.3,210.1,298.29,563.0
2024-07-01,RN-VLC-F018,C,furgoneta,2371.7,545.5,232.7,330.5,623.8
2024-08-01,RN-VLC-F018,C,furgoneta,1977.4,454.8,194.1,275.56,520.1
2024-09-01,RN-VLC-F018,C,furgoneta,2334.4,536.9,229.1,325.3,613.9
2024-10-01,RN-VLC-F018,C,furgoneta,2226.3,512.0,218.5,310.23,585.5
2024-11-01,RN-VLC-F018,C,furgoneta,2352.1,541.0,230.8,327.77,618.6
2024-12-01,RN-VLC-F018,C,furgoneta,2570.7,591.3,252.3,358.23,676.1
2025-01-01,RN-VLC-F018,C,furgoneta,1949.5,448.4,191.3,271.66,512.7
2025-02-01,RN-VLC-F018,C,furgoneta,2045.9,470.6,200.8,285.1,538.1
2025-03-01,RN-VLC-F018,C,furgoneta,2010.3,462.4,197.3,280.14,528.7
2025-04-01,RN-VLC-F018,C,furgoneta,2547.5,585.9,250.0,355.0,670.0
2025-05-01,RN-VLC-F018,C,furgoneta,2217.3,510.0,217.6,308.98,583.2
2025-06-01,RN-VLC-F018,C,furgoneta,2230.0,512.9,218.8,310.75,586.5
2025-07-01,RN-VLC-F018,C,furgoneta,2234.4,513.9,219.3,311.37,587.7
2025-08-01,RN-VLC-F018,C,furgoneta,1864.2,428.8,182.9,259.78,490.3
2025-09-01,RN-VLC-F018,C,furgoneta,2191.1,504.0,215.0,305.34,576.3
2025-10-01,RN-VLC-F018,C,furgoneta,2030.8,467.1,199.3,282.99,534.1
2025-11-01,RN-VLC-F018,C,furgoneta,2056.1,472.9,201.8,286.53,540.8
2025-12-01,RN-VLC-F018,C,furgoneta,2642.8,607.8,259.3,368.28,695.1
2024-01-01,RN-VLC-F019,C,furgoneta,1908.3,438.9,187.3,265.92,501.9
2024-02-01,RN-VLC-F019,C,furgoneta,1962.5,451.4,192.6,273.47,516.1
2024-03-01,RN-VLC-F019,C,furgoneta,2057.0,473.1,201.9,286.65,541.0
2024-04-01,RN-VLC-F019,C,furgoneta,2481.0,570.6,243.5,345.74,652.5
2024-05-01,RN-VLC-F019,C,furgoneta,2117.0,486.9,207.8,295.01,556.8
2024-06-01,RN-VLC-F019,C,furgoneta,2141.0,492.4,210.1,298.35,563.1
2024-07-01,RN-VLC-F019,C,furgoneta,2197.6,505.4,215.7,306.24,578.0
2024-08-01,RN-VLC-F019,C,furgoneta,1843.2,423.9,180.9,256.85,484.8
2024-09-01,RN-VLC-F019,C,furgoneta,2268.1,521.7,222.6,316.06,596.5
2024-10-01,RN-VLC-F019,C,furgoneta,2208.3,507.9,216.7,307.73,580.8
2024-11-01,RN-VLC-F019,C,furgoneta,1868.9,429.9,183.4,260.44,491.5
2024-12-01,RN-VLC-F019,C,furgoneta,2565.4,590.0,251.8,357.5,674.7
2025-01-01,RN-VLC-F019,C,furgoneta,2202.1,506.5,216.1,306.87,579.2
2025-02-01,RN-VLC-F019,C,furgoneta,2014.4,463.3,197.7,280.71,529.8
2025-03-01,RN-VLC-F019,C,furgoneta,1974.1,454.0,193.7,275.09,519.2
2025-04-01,RN-VLC-F019,C,furgoneta,2083.0,479.1,204.4,290.26,547.8
2025-05-01,RN-VLC-F019,C,furgoneta,2248.0,517.0,220.6,313.26,591.2
2025-06-01,RN-VLC-F019,C,furgoneta,2381.8,547.8,233.7,331.9,626.4
2025-07-01,RN-VLC-F019,C,furgoneta,2347.8,540.0,230.4,327.17,617.5
2025-08-01,RN-VLC-F019,C,furgoneta,2149.4,494.4,210.9,299.52,565.3
2025-09-01,RN-VLC-F019,C,furgoneta,2176.8,500.7,213.6,303.35,572.5
2025-10-01,RN-VLC-F019,C,furgoneta,2187.9,503.2,214.7,304.89,575.4
2025-11-01,RN-VLC-F019,C,furgoneta,2027.3,466.3,199.0,282.51,533.2
2025-12-01,RN-VLC-F019,C,furgoneta,2450.3,563.6,240.5,341.45,644.4
2024-01-01,RN-VLC-F020,C,furgoneta,2106.7,484.5,206.7,293.57,554.1
2024-02-01,RN-VLC-F020,C,furgoneta,2157.5,496.2,211.7,300.65,567.4
2024-03-01,RN-VLC-F020,C,furgoneta,1960.8,451.0,192.4,273.24,515.7
2024-04-01,RN-VLC-F020,C,furgoneta,2141.0,492.4,210.1,298.35,563.1
2024-05-01,RN-VLC-F020,C,furgoneta,1885.8,433.7,185.1,262.79,496.0
2024-06-01,RN-VLC-F020,C,furgoneta,2199.7,505.9,215.9,306.53,578.5
2024-07-01,RN-VLC-F020,C,furgoneta,2076.0,477.5,203.7,289.3,546.0
2024-08-01,RN-VLC-F020,C,furgoneta,2007.9,461.8,197.0,279.81,528.1
2024-09-01,RN-VLC-F020,C,furgoneta,2275.6,523.4,223.3,317.11,598.5
2024-10-01,RN-VLC-F020,C,furgoneta,2442.0,561.7,239.6,340.3,642.3
2024-11-01,RN-VLC-F020,C,furgoneta,2096.1,482.1,205.7,292.1,551.3
2024-12-01,RN-VLC-F020,C,furgoneta,2337.2,537.5,229.4,325.69,614.7
2025-01-01,RN-VLC-F020,C,furgoneta,1980.6,455.5,194.4,276.0,520.9
2025-02-01,RN-VLC-F020,C,furgoneta,1877.1,431.7,184.2,261.58,493.7
2025-03-01,RN-VLC-F020,C,furgoneta,2040.1,469.2,200.2,284.29,536.5
2025-04-01,RN-VLC-F020,C,furgoneta,2201.1,506.2,216.0,306.72,578.9
2025-05-01,RN-VLC-F020,C,furgoneta,2090.6,480.8,205.2,291.33,549.8
2025-06-01,RN-VLC-F020,C,furgoneta,2418.8,556.3,237.4,337.07,636.2
2025-07-01,RN-VLC-F020,C,furgoneta,2133.7,490.8,209.4,297.34,561.2
2025-08-01,RN-VLC-F020,C,furgoneta,2055.8,472.8,201.7,286.48,540.7
2025-09-01,RN-VLC-F020,C,furgoneta,1937.2,445.6,190.1,269.96,509.5
2025-10-01,RN-VLC-F020,C,furgoneta,2050.9,471.7,201.3,285.8,539.4
2025-11-01,RN-VLC-F020,C,furgoneta,2338.6,537.9,229.5,325.89,615.1
2025-12-01,RN-VLC-F020,C,furgoneta,3027.2,696.3,297.1,421.85,796.2
2024-01-01,RN-VLC-F021,C,furgoneta,2093.4,481.5,214.2,304.15,574.0
2024-02-01,RN-VLC-F021,C,furgoneta,1756.8,404.1,179.7,255.24,481.7
2024-03-01,RN-VLC-F021,C,furgoneta,2029.3,466.7,207.6,294.84,556.5
2024-04-01,RN-VLC-F021,C,furgoneta,2481.9,570.8,253.9,360.59,680.6
2024-05-01,RN-VLC-F021,C,furgoneta,2219.9,510.6,227.1,322.52,608.7
2024-06-01,RN-VLC-F021,C,furgoneta,2291.4,527.0,234.4,332.91,628.3
2024-07-01,RN-VLC-F021,C,furgoneta,2477.0,569.7,253.4,359.87,679.2
2024-08-01,RN-VLC-F021,C,furgoneta,1993.8,458.6,204.0,289.68,546.7
2024-09-01,RN-VLC-F021,C,furgoneta,2072.1,476.6,212.0,301.04,568.2
2024-10-01,RN-VLC-F021,C,furgoneta,2289.9,526.7,234.3,332.7,627.9
2024-11-01,RN-VLC-F021,C,furgoneta,2528.2,581.5,258.7,367.31,693.2
2024-12-01,RN-VLC-F021,C,furgoneta,2591.1,596.0,265.1,376.45,710.5
2025-01-01,RN-VLC-F021,C,furgoneta,2041.9,469.6,208.9,296.66,559.9
2025-02-01,RN-VLC-F021,C,furgoneta,1933.8,444.8,197.9,280.96,530.3
2025-03-01,RN-VLC-F021,C,furgoneta,2286.9,526.0,234.0,332.25,627.1
2025-04-01,RN-VLC-F021,C,furgoneta,2041.4,469.5,208.9,296.59,559.8
2025-05-01,RN-VLC-F021,C,furgoneta,2267.1,521.4,232.0,329.38,621.7
2025-06-01,RN-VLC-F021,C,furgoneta,2310.5,531.4,236.4,335.68,633.5
2025-07-01,RN-VLC-F021,C,furgoneta,2084.4,479.4,213.3,302.83,571.5
2025-08-01,RN-VLC-F021,C,furgoneta,2417.3,556.0,247.3,351.21,662.8
2025-09-01,RN-VLC-F021,C,furgoneta,2358.4,542.4,241.3,342.65,646.7
2025-10-01,RN-VLC-F021,C,furgoneta,1969.7,453.0,201.5,286.17,540.1
2025-11-01,RN-VLC-F021,C,furgoneta,2276.9,523.7,233.0,330.81,624.3
2025-12-01,RN-VLC-F021,C,furgoneta,2355.9,541.9,241.0,342.28,646.0
2024-01-01,RN-VLC-F022,C,furgoneta,2104.2,484.0,199.9,283.86,535.7
2024-02-01,RN-VLC-F022,C,furgoneta,1842.4,423.8,175.0,248.54,469.1
2024-03-01,RN-VLC-F022,C,furgoneta,2139.5,492.1,203.2,288.61,544.7
2024-04-01,RN-VLC-F022,C,furgoneta,2124.9,488.7,201.9,286.65,541.0
2024-05-01,RN-VLC-F022,C,furgoneta,2104.3,484.0,199.9,283.87,535.8
2024-06-01,RN-VLC-F022,C,furgoneta,2081.7,478.8,197.8,280.82,530.0
2024-07-01,RN-VLC-F022,C,furgoneta,1970.0,453.1,187.2,265.76,501.6
2024-08-01,RN-VLC-F022,C,furgoneta,2311.8,531.7,219.6,311.86,588.6
2024-09-01,RN-VLC-F022,C,furgoneta,2088.7,480.4,198.4,281.76,531.8
2024-10-01,RN-VLC-F022,C,furgoneta,2031.7,467.3,193.0,274.08,517.3
2024-11-01,RN-VLC-F022,C,furgoneta,2454.3,564.5,233.2,331.09,624.9
2024-12-01,RN-VLC-F022,C,furgoneta,2630.6,605.0,249.9,354.87,669.8
2025-01-01,RN-VLC-F022,C,furgoneta,1876.0,431.5,178.2,253.07,477.6
2025-02-01,RN-VLC-F022,C,furgoneta,1997.0,459.3,189.7,269.4,508.4
2025-03-01,RN-VLC-F022,C,furgoneta,2069.3,475.9,196.6,279.15,526.9
2025-04-01,RN-VLC-F022,C,furgoneta,2231.1,513.2,212.0,300.97,568.0
2025-05-01,RN-VLC-F022,C,furgoneta,1920.3,441.7,182.4,259.05,488.9
2025-06-01,RN-VLC-F022,C,furgoneta,2260.8,520.0,214.8,304.99,575.6
2025-07-01,RN-VLC-F022,C,furgoneta,2493.7,573.5,236.9,336.4,634.9
2025-08-01,RN-VLC-F022,C,furgoneta,2035.8,468.2,193.4,274.62,518.3
2025-09-01,RN-VLC-F022,C,furgoneta,2107.6,484.8,200.2,284.32,536.6
2025-10-01,RN-VLC-F022,C,furgoneta,2024.6,465.7,192.3,273.12,515.5
2025-11-01,RN-VLC-F022,C,furgoneta,2149.1,494.3,204.2,289.92,547.2
2025-12-01,RN-VLC-F022,C,furgoneta,2589.9,595.7,246.0,349.38,659.4
2024-01-01,RN-VLC-F023,C,furgoneta,2019.0,464.4,191.8,272.36,514.0
2024-02-01,RN-VLC-F023,C,furgoneta,1961.5,451.2,186.3,264.61,499.4
2024-03-01,RN-VLC-F023,C,furgoneta,1990.2,457.7,189.1,268.48,506.7
2024-04-01,RN-VLC-F023,C,furgoneta,2399.5,551.9,228.0,323.69,610.9
2024-05-01,RN-VLC-F023,C,furgoneta,2067.1,475.4,196.4,278.86,526.3
2024-06-01,RN-VLC-F023,C,furgoneta,2134.6,491.0,202.8,287.95,543.5
2024-07-01,RN-VLC-F023,C,furgoneta,2192.0,504.1,208.2,295.69,558.1
2024-08-01,RN-VLC-F023,C,furgoneta,1982.8,456.0,188.4,267.48,504.8
2024-09-01,RN-VLC-F023,C,furgoneta,2038.6,468.9,193.7,275.01,519.0
2024-10-01,RN-VLC-F023,C,furgoneta,2357.0,542.1,223.9,317.95,600.1
2024-11-01,RN-VLC-F023,C,furgoneta,2161.6,497.2,205.3,291.6,550.3
2024-12-01,RN-VLC-F023,C,furgoneta,2739.2,630.0,260.2,369.52,697.4
2025-01-01,RN-VLC-F023,C,furgoneta,2056.5,473.0,195.4,277.42,523.6
2025-02-01,RN-VLC-F023,C,furgoneta,1796.8,413.3,170.7,242.39,457.5
2025-03-01,RN-VLC-F023,C,furgoneta,2325.2,534.8,220.9,313.66,592.0
2025-04-01,RN-VLC-F023,C,furgoneta,2184.9,502.5,207.6,294.75,556.3
2025-05-01,RN-VLC-F023,C,furgoneta,2279.8,524.4,216.6,307.55,580.4
2025-06-01,RN-VLC-F023,C,furgoneta,1948.9,448.3,185.1,262.91,496.2
2025-07-01,RN-VLC-F023,C,furgoneta,2263.5,520.6,215.0,305.34,576.3
2025-08-01,RN-VLC-F023,C,furgoneta,1968.4,452.7,187.0,265.53,501.1
2025-09-01,RN-VLC-F023,C,furgoneta,2282.2,524.9,216.8,307.87,581.1
2025-10-01,RN-VLC-F023,C,furgoneta,1996.2,459.1,189.6,269.29,508.2
2025-11-01,RN-VLC-F023,C,furgoneta,2101.6,483.4,199.7,283.51,535.1
2025-12-01,RN-VLC-F023,C,furgoneta,2596.2,597.1,246.6,350.22,661.0
2024-01-01,RN-VLC-F024,C,furgoneta,2111.1,485.6,205.0,291.06,549.3
2024-02-01,RN-VLC-F024,C,furgoneta,2173.8,500.0,211.1,299.69,565.6
2024-03-01,RN-VLC-F024,C,furgoneta,1981.9,455.8,192.4,273.25,515.7
2024-04-01,RN-VLC-F024,C,furgoneta,2131.2,490.2,206.9,293.82,554.5
2024-05-01,RN-VLC-F024,C,furgoneta,2138.8,491.9,207.7,294.87,556.5
2024-06-01,RN-VLC-F024,C,furgoneta,2045.9,470.6,198.6,282.07,532.4
2024-07-01,RN-VLC-F024,C,furgoneta,2137.0,491.5,207.5,294.63,556.1
2024-08-01,RN-VLC-F024,C,furgoneta,2053.6,472.3,199.4,283.13,534.4
2024-09-01,RN-VLC-F024,C,furgoneta,1971.2,453.4,191.4,271.76,512.9
2024-10-01,RN-VLC-F024,C,furgoneta,1920.3,441.7,186.4,264.75,499.7
2024-11-01,RN-VLC-F024,C,furgoneta,2113.8,486.2,205.2,291.43,550.0
2024-12-01,RN-VLC-F024,C,furgoneta,2788.6,641.4,270.7,384.45,725.6
2025-01-01,RN-VLC-F024,C,furgoneta,1916.1,440.7,186.0,264.17,498.6
2025-02-01,RN-VLC-F024,C,furgoneta,1958.2,450.4,190.1,269.98,509.5
2025-03-01,RN-VLC-F024,C,furgoneta,2169.7,499.0,210.7,299.13,564.6
2025-04-01,RN-VLC-F024,C,furgoneta,2001.0,460.2,194.3,275.88,520.7
2025-05-01,RN-VLC-F024,C,furgoneta,1991.0,457.9,193.3,274.5,518.1
2025-06-01,RN-VLC-F024,C,furgoneta,1997.6,459.5,194.0,275.41,519.8
2025-07-01,RN-VLC-F024,C,furgoneta,2295.0,527.8,222.8,316.4,597.1
2025-08-01,RN-VLC-F024,C,furgoneta,1957.3,450.2,190.0,269.85,509.3
2025-09-01,RN-VLC-F024,C,furgoneta,2540.2,584.2,246.6,350.21,661.0
2025-10-01,RN-VLC-F024,C,furgoneta,2447.6,562.9,237.6,337.45,636.9
2025-11-01,RN-VLC-F024,C,furgoneta,2314.0,532.2,224.7,319.03,602.1
2025-12-01,RN-VLC-F024,C,furgoneta,2236.7,514.4,217.2,308.37,582.0
2024-01-01,RN-VLC-F025,C,furgoneta,1834.4,421.9,178.1,252.91,477.3
2024-02-01,RN-VLC-F025,C,furgoneta,1824.3,419.6,177.1,251.51,474.7
2024-03-01,RN-VLC-F025,C,furgoneta,1910.4,439.4,185.5,263.38,497.1
2024-04-01,RN-VLC-F025,C,furgoneta,1948.0,448.0,189.1,268.57,506.9
2024-05-01,RN-VLC-F025,C,furgoneta,2051.4,471.8,199.2,282.82,533.8
2024-06-01,RN-VLC-F025,C,furgoneta,2024.3,465.6,196.5,279.09,526.7
2024-07-01,RN-VLC-F025,C,furgoneta,2424.7,557.7,235.4,334.29,630.9
2024-08-01,RN-VLC-F025,C,furgoneta,2028.5,466.6,196.9,279.67,527.8
2024-09-01,RN-VLC-F025,C,furgoneta,2039.7,469.1,198.0,281.21,530.7
2024-10-01,RN-VLC-F025,C,furgoneta,2268.3,521.7,220.2,312.73,590.2
2024-11-01,RN-VLC-F025,C,furgoneta,1922.5,442.2,186.7,265.05,500.2
2024-12-01,RN-VLC-F025,C,furgoneta,2349.5,540.4,228.1,323.92,611.4
2025-01-01,RN-VLC-F025,C,furgoneta,2055.2,472.7,199.5,283.34,534.8
2025-02-01,RN-VLC-F025,C,furgoneta,1989.5,457.6,193.2,274.29,517.7
2025-03-01,RN-VLC-F025,C,furgoneta,2069.4,476.0,200.9,285.3,538.5
2025-04-01,RN-VLC-F025,C,furgoneta,2039.9,469.2,198.1,281.24,530.8
2025-05-01,RN-VLC-F025,C,furgoneta,1910.8,439.5,185.5,263.44,497.2
2025-06-01,RN-VLC-F025,C,furgoneta,2071.5,476.5,201.1,285.6,539.0
2025-07-01,RN-VLC-F025,C,furgoneta,2045.4,470.4,198.6,282.0,532.2
2025-08-01,RN-VLC-F025,C,furgoneta,1982.4,456.0,192.5,273.31,515.8
2025-09-01,RN-VLC-F025,C,furgoneta,2041.5,469.5,198.2,281.45,531.2
2025-10-01,RN-VLC-F025,C,furgoneta,1902.6,437.6,184.7,262.31,495.1
2025-11-01,RN-VLC-F025,C,furgoneta,2352.1,541.0,228.4,324.27,612.0
2025-12-01,RN-VLC-F025,C,furgoneta,2272.5,522.7,220.6,313.3,591.3
2024-01-01,RN-VLC-F026,C,furgoneta,2080.6,478.5,206.4,293.02,553.0
2024-02-01,RN-VLC-F026,C,furgoneta,2179.1,501.2,216.1,306.89,579.2
2024-03-01,RN-VLC-F026,C,furgoneta,2180.3,501.5,216.2,307.06,579.5
2024-04-01,RN-VLC-F026,C,furgoneta,2138.0,491.7,212.0,301.11,568.3
2024-05-01,RN-VLC-F026,C,furgoneta,2272.8,522.7,225.4,320.09,604.1
2024-06-01,RN-VLC-F026,C,furgoneta,2152.4,495.0,213.5,303.13,572.1
2024-07-01,RN-VLC-F026,C,furgoneta,2274.5,523.1,225.6,320.33,604.6
2024-08-01,RN-VLC-F026,C,furgoneta,2349.1,540.3,233.0,330.84,624.4
2024-09-01,RN-VLC-F026,C,furgoneta,2217.0,509.9,219.9,312.24,589.3
2024-10-01,RN-VLC-F026,C,furgoneta,2178.3,501.0,216.0,306.79,579.0
2024-11-01,RN-VLC-F026,C,furgoneta,2150.4,494.6,213.3,302.86,571.6
2024-12-01,RN-VLC-F026,C,furgoneta,2261.3,520.1,224.3,318.47,601.1
2025-01-01,RN-VLC-F026,C,furgoneta,2043.2,469.9,202.6,287.76,543.1
2025-02-01,RN-VLC-F026,C,furgoneta,1899.8,436.9,188.4,267.56,505.0
2025-03-01,RN-VLC-F026,C,furgoneta,2201.3,506.3,218.3,310.01,585.1
2025-04-01,RN-VLC-F026,C,furgoneta,2419.6,556.5,240.0,340.76,643.1
2025-05-01,RN-VLC-F026,C,furgoneta,2232.3,513.4,221.4,314.39,593.3
2025-06-01,RN-VLC-F026,C,furgoneta,2144.4,493.2,212.7,302.01,570.0
2025-07-01,RN-VLC-F026,C,furgoneta,2189.6,503.6,217.2,308.38,582.0
2025-08-01,RN-VLC-F026,C,furgoneta,2182.7,502.0,216.5,307.4,580.2
2025-09-01,RN-VLC-F026,C,furgoneta,2040.0,469.2,202.3,287.31,542.2
2025-10-01,RN-VLC-F026,C,furgoneta,2222.9,511.3,220.5,313.06,590.8
2025-11-01,RN-VLC-F026,C,furgoneta,2281.4,524.7,226.3,321.3,606.4
2025-12-01,RN-VLC-F026,C,furgoneta,2689.6,618.6,266.8,378.79,714.9
2024-01-01,RN-VLC-F027,C,furgoneta,2245.2,516.4,215.6,306.21,577.9
2024-02-01,RN-VLC-F027,C,furgoneta,1920.3,441.7,184.4,261.9,494.3
2024-03-01,RN-VLC-F027,C,furgoneta,1983.8,456.3,190.5,270.56,510.6
2024-04-01,RN-VLC-F027,C,furgoneta,2246.9,516.8,215.8,306.44,578.4
2024-05-01,RN-VLC-F027,C,furgoneta,1881.0,432.6,180.7,256.54,484.2
2024-06-01,RN-VLC-F027,C,furgoneta,2140.6,492.3,205.6,291.95,551.0
2024-07-01,RN-VLC-F027,C,furgoneta,2398.4,551.6,230.4,327.1,617.3
2024-08-01,RN-VLC-F027,C,furgoneta,2112.8,486.0,202.9,288.16,543.8
2024-09-01,RN-VLC-F027,C,furgoneta,1974.3,454.1,189.6,269.26,508.2
2024-10-01,RN-VLC-F027,C,furgoneta,1943.4,447.0,186.7,265.05,500.2
2024-11-01,RN-VLC-F027,C,furgoneta,2087.8,480.2,200.5,284.74,537.4
2024-12-01,RN-VLC-F027,C,furgoneta,2731.0,628.1,262.3,372.46,703.0
2025-01-01,RN-VLC-F027,C,furgoneta,1785.4,410.6,171.5,243.5,459.6
2025-02-01,RN-VLC-F027,C,furgoneta,2003.2,460.7,192.4,273.2,515.6
2025-03-01,RN-VLC-F027,C,furgoneta,1997.9,459.5,191.9,272.48,514.3
2025-04-01,RN-VLC-F027,C,furgoneta,2357.1,542.1,226.4,321.47,606.7
2025-05-01,RN-VLC-F027,C,furgoneta,1934.3,444.9,185.8,263.81,497.9
2025-06-01,RN-VLC-F027,C,furgoneta,2041.1,469.5,196.0,278.37,525.4
2025-07-01,RN-VLC-F027,C,furgoneta,2350.7,540.6,225.8,320.59,605.1
2025-08-01,RN-VLC-F027,C,furgoneta,2248.2,517.1,215.9,306.61,578.7
2025-09-01,RN-VLC-F027,C,furgoneta,2475.0,569.2,237.7,337.55,637.1
2025-10-01,RN-VLC-F027,C,furgoneta,1928.6,443.6,185.2,263.02,496.4
2025-11-01,RN-VLC-F027,C,furgoneta,2170.2,499.1,208.4,295.98,558.6
2025-12-01,RN-VLC-F027,C,furgoneta,2614.9,601.4,251.2,356.64,673.1
2024-01-01,RN-VLC-F028,C,furgoneta,2094.3,481.7,199.0,282.52,533.2
2024-02-01,RN-VLC-F028,C,furgoneta,1990.4,457.8,189.1,268.51,506.8
2024-03-01,RN-VLC-F028,C,furgoneta,2261.1,520.1,214.8,305.02,575.7
2024-04-01,RN-VLC-F028,C,furgoneta,2106.4,484.5,200.1,284.15,536.3
2024-05-01,RN-VLC-F028,C,furgoneta,1737.2,399.5,165.0,234.34,442.3
2024-06-01,RN-VLC-F028,C,furgoneta,2203.0,506.7,209.3,297.19,560.9
2024-07-01,RN-VLC-F028,C,furgoneta,2649.9,609.5,251.7,357.47,674.7
2024-08-01,RN-VLC-F028,C,furgoneta,2203.5,506.8,209.3,297.25,561.0
2024-09-01,RN-VLC-F028,C,furgoneta,2100.1,483.0,199.5,283.3,534.7
2024-10-01,RN-VLC-F028,C,furgoneta,2198.0,505.5,208.8,296.51,559.6
2024-11-01,RN-VLC-F028,C,furgoneta,2175.2,500.3,206.6,293.43,553.8
2024-12-01,RN-VLC-F028,C,furgoneta,2391.6,550.1,227.2,322.63,608.9
2025-01-01,RN-VLC-F028,C,furgoneta,1970.7,453.3,187.2,265.85,501.8
2025-02-01,RN-VLC-F028,C,furgoneta,1850.4,425.6,175.8,249.62,471.1
2025-03-01,RN-VLC-F028,C,furgoneta,2243.0,515.9,213.1,302.59,571.1
2025-04-01,RN-VLC-F028,C,furgoneta,1981.5,455.7,188.2,267.3,504.5
2025-05-01,RN-VLC-F028,C,furgoneta,2418.7,556.3,229.8,326.29,615.8
2025-06-01,RN-VLC-F028,C,furgoneta,2245.0,516.4,213.3,302.86,571.6
2025-07-01,RN-VLC-F028,C,furgoneta,2340.1,538.2,222.3,315.68,595.8
2025-08-01,RN-VLC-F028,C,furgoneta,2318.1,533.2,220.2,312.71,590.2
2025-09-01,RN-VLC-F028,C,furgoneta,2365.7,544.1,224.7,319.14,602.3
2025-10-01,RN-VLC-F028,C,furgoneta,2152.9,495.2,204.5,290.42,548.1
2025-11-01,RN-VLC-F028,C,furgoneta,2114.5,486.3,200.9,285.24,538.3
2025-12-01,RN-VLC-F028,C,furgoneta,2398.6,551.7,227.9,323.57,610.7
2024-01-01,RN-VLC-F029,C,furgoneta,1754.6,403.6,174.0,247.12,466.4
2024-02-01,RN-VLC-F029,C,furgoneta,2107.9,484.8,209.1,296.87,560.3
2024-03-01,RN-VLC-F029,C,furgoneta,1975.0,454.3,195.9,278.15,525.0
2024-04-01,RN-VLC-F029,C,furgoneta,2218.5,510.3,220.0,312.44,589.7
2024-05-01,RN-VLC-F029,C,furgoneta,2155.7,495.8,213.8,303.61,573.0
2024-06-01,RN-VLC-F029,C,furgoneta,2222.2,511.1,220.4,312.96,590.7
2024-07-01,RN-VLC-F029,C,furgoneta,2347.3,539.9,232.8,330.58,623.9
2024-08-01,RN-VLC-F029,C,furgoneta,2088.0,480.3,207.1,294.07,555.0
2024-09-01,RN-VLC-F029,C,furgoneta,2388.4,549.3,236.9,336.38,634.9
2024-10-01,RN-VLC-F029,C,furgoneta,1891.5,435.0,187.6,266.39,502.8
2024-11-01,RN-VLC-F029,C,furgoneta,2109.2,485.1,209.2,297.05,560.6
2024-12-01,RN-VLC-F029,C,furgoneta,2558.4,588.4,253.7,360.31,680.0
2025-01-01,RN-VLC-F029,C,furgoneta,2319.1,533.4,230.0,326.61,616.4
2025-02-01,RN-VLC-F029,C,furgoneta,1909.0,439.1,189.3,268.85,507.4
2025-03-01,RN-VLC-F029,C,furgoneta,1978.6,455.1,196.2,278.66,525.9
2025-04-01,RN-VLC-F029,C,furgoneta,2253.5,518.3,223.5,317.37,599.0
2025-05-01,RN-VLC-F029,C,furgoneta,2228.0,512.4,221.0,313.78,592.2
2025-06-01,RN-VLC-F029,C,furgoneta,2069.2,475.9,205.2,291.42,550.0
2025-07-01,RN-VLC-F029,C,furgoneta,2089.5,480.6,207.2,294.27,555.4
2025-08-01,RN-VLC-F029,C,furgoneta,1915.3,440.5,190.0,269.75,509.1
2025-09-01,RN-VLC-F029,C,furgoneta,1949.0,448.3,193.3,274.49,518.1
2025-10-01,RN-VLC-F029,C,furgoneta,1957.8,450.3,194.2,275.73,520.4
2025-11-01,RN-VLC-F029,C,furgoneta,2111.4,485.6,209.4,297.36,561.2
2025-12-01,RN-VLC-F029,C,furgoneta,2454.6,564.6,243.4,345.69,652.4
2024-01-01,RN-VLC-F030,C,furgoneta,1803.5,414.8,175.1,248.64,469.3
2024-02-01,RN-VLC-F030,C,furgoneta,1819.6,418.5,176.7,250.86,473.5
2024-03-01,RN-VLC-F030,C,furgoneta,1896.8,436.3,184.2,261.51,493.5
2024-04-01,RN-VLC-F030,C,furgoneta,2166.2,498.2,210.3,298.64,563.6
2024-05-01,RN-VLC-F030,C,furgoneta,2142.3,492.7,208.0,295.36,557.4
2024-06-01,RN-VLC-F030,C,furgoneta,2060.0,473.8,200.0,284.01,536.0
2024-07-01,RN-VLC-F030,C,furgoneta,2462.9,566.5,239.1,339.56,640.9
2024-08-01,RN-VLC-F030,C,furgoneta,1928.5,443.6,187.2,265.88,501.8
2024-09-01,RN-VLC-F030,C,furgoneta,2275.9,523.5,221.0,313.77,592.2
2024-10-01,RN-VLC-F030,C,furgoneta,2028.2,466.5,196.9,279.62,527.7
2024-11-01,RN-VLC-F030,C,furgoneta,1957.9,450.3,190.1,269.93,509.4
2024-12-01,RN-VLC-F030,C,furgoneta,2403.6,552.8,233.4,331.38,625.4
2025-01-01,RN-VLC-F030,C,furgoneta,1954.1,449.4,189.7,269.41,508.5
2025-02-01,RN-VLC-F030,C,furgoneta,1911.7,439.7,185.6,263.56,497.4
2025-03-01,RN-VLC-F030,C,furgoneta,2117.9,487.1,205.6,291.99,551.1
2025-04-01,RN-VLC-F030,C,furgoneta,2249.7,517.4,218.4,310.16,585.4
2025-05-01,RN-VLC-F030,C,furgoneta,2130.7,490.1,206.9,293.75,554.4
2025-06-01,RN-VLC-F030,C,furgoneta,2077.9,477.9,201.7,286.48,540.7
2025-07-01,RN-VLC-F030,C,furgoneta,2288.5,526.4,222.2,315.52,595.5
2025-08-01,RN-VLC-F030,C,furgoneta,1972.2,453.6,191.5,271.91,513.2
2025-09-01,RN-VLC-F030,C,furgoneta,2043.6,470.0,198.4,281.75,531.7
2025-10-01,RN-VLC-F030,C,furgoneta,2049.9,471.5,199.0,282.61,533.4
2025-11-01,RN-VLC-F030,C,furgoneta,2039.2,469.0,198.0,281.15,530.6
2025-12-01,RN-VLC-F030,C,furgoneta,2628.4,604.5,255.2,362.37,683.9
2024-01-01,RN-VLC-F031,C,furgoneta,1983.8,456.3,194.7,276.45,521.8
2024-02-01,RN-VLC-F031,C,furgoneta,1814.6,417.4,178.1,252.87,477.2
2024-03-01,RN-VLC-F031,C,furgoneta,2037.1,468.5,199.9,283.88,535.8
2024-04-01,RN-VLC-F031,C,furgoneta,2129.1,489.7,208.9,296.69,560.0
2024-05-01,RN-VLC-F031,C,furgoneta,2176.4,500.6,213.6,303.29,572.4
2024-06-01,RN-VLC-F031,C,furgoneta,2335.5,537.2,229.2,325.45,614.2
2024-07-01,RN-VLC-F031,C,furgoneta,1882.6,433.0,184.8,262.35,495.1
2024-08-01,RN-VLC-F031,C,furgoneta,2161.7,497.2,212.1,301.24,568.5
2024-09-01,RN-VLC-F031,C,furgoneta,2239.3,515.0,219.8,312.05,588.9
2024-10-01,RN-VLC-F031,C,furgoneta,2206.2,507.4,216.5,307.44,580.2
2024-11-01,RN-VLC-F031,C,furgoneta,2207.3,507.7,216.6,307.59,580.5
2024-12-01,RN-VLC-F031,C,furgoneta,2410.0,554.3,236.5,335.84,633.8
2025-01-01,RN-VLC-F031,C,furgoneta,1984.0,456.3,194.7,276.48,521.8
2025-02-01,RN-VLC-F031,C,furgoneta,1796.1,413.1,176.3,250.29,472.4
2025-03-01,RN-VLC-F031,C,furgoneta,1772.0,407.6,173.9,246.93,466.0
2025-04-01,RN-VLC-F031,C,furgoneta,2106.2,484.4,206.7,293.51,553.9
2025-05-01,RN-VLC-F031,C,furgoneta,1836.5,422.4,180.2,255.93,483.0
2025-06-01,RN-VLC-F031,C,furgoneta,2298.1,528.6,225.5,320.25,604.4
2025-07-01,RN-VLC-F031,C,furgoneta,2345.6,539.5,230.2,326.87,616.9
2025-08-01,RN-VLC-F031,C,furgoneta,2030.3,467.0,199.2,282.92,534.0
2025-09-01,RN-VLC-F031,C,furgoneta,2308.7,531.0,226.6,321.73,607.2
2025-10-01,RN-VLC-F031,C,furgoneta,1889.3,434.5,185.4,263.28,496.9
2025-11-01,RN-VLC-F031,C,furgoneta,2020.2,464.6,198.3,281.52,531.3
2025-12-01,RN-VLC-F031,C,furgoneta,2664.4,612.8,261.5,371.29,700.7
2024-01-01,RN-VLC-F032,C,furgoneta,1830.4,421.0,189.2,268.65,507.0
2024-02-01,RN-VLC-F032,C,furgoneta,1893.3,435.5,195.7,277.88,524.4
2024-03-01,RN-VLC-F032,C,furgoneta,2344.1,539.1,242.3,344.04,649.3
2024-04-01,RN-VLC-F032,C,furgoneta,2181.7,501.8,225.5,320.21,604.3
2024-05-01,RN-VLC-F032,C,furgoneta,2145.6,493.5,221.8,314.91,594.3
2024-06-01,RN-VLC-F032,C,furgoneta,2258.8,519.5,233.5,331.53,625.7
2024-07-01,RN-VLC-F032,C,furgoneta,2305.8,530.3,238.3,338.42,638.7
2024-08-01,RN-VLC-F032,C,furgoneta,1891.4,435.0,195.5,277.6,523.9
2024-09-01,RN-VLC-F032,C,furgoneta,2308.9,531.0,238.6,338.87,639.6
2024-10-01,RN-VLC-F032,C,furgoneta,2023.7,465.4,209.2,297.02,560.6
2024-11-01,RN-VLC-F032,C,furgoneta,2106.3,484.4,217.7,309.14,583.5
2024-12-01,RN-VLC-F032,C,furgoneta,2959.8,680.8,305.9,434.42,819.9
2025-01-01,RN-VLC-F032,C,furgoneta,1975.7,454.4,204.2,289.98,547.3
2025-02-01,RN-VLC-F032,C,furgoneta,1951.8,448.9,201.7,286.48,540.7
2025-03-01,RN-VLC-F032,C,furgoneta,1862.1,428.3,192.5,273.3,515.8
2025-04-01,RN-VLC-F032,C,furgoneta,2093.1,481.4,216.3,307.21,579.8
2025-05-01,RN-VLC-F032,C,furgoneta,2126.0,489.0,219.7,312.04,588.9
2025-06-01,RN-VLC-F032,C,furgoneta,2009.5,462.2,207.7,294.94,556.6
2025-07-01,RN-VLC-F032,C,furgoneta,2331.0,536.1,240.9,342.13,645.7
2025-08-01,RN-VLC-F032,C,furgoneta,1920.8,441.8,198.5,281.92,532.1
2025-09-01,RN-VLC-F032,C,furgoneta,2328.0,535.4,240.6,341.68,644.9
2025-10-01,RN-VLC-F032,C,furgoneta,2148.5,494.2,222.1,315.34,595.1
2025-11-01,RN-VLC-F032,C,furgoneta,2317.2,532.9,239.5,340.09,641.9
2025-12-01,RN-VLC-F032,C,furgoneta,2657.2,611.2,274.7,390.0,736.1
2024-01-01,RN-VLC-F033,C,furgoneta,1788.3,411.3,169.9,241.24,455.3
2024-02-01,RN-VLC-F033,C,furgoneta,2046.3,470.7,194.4,276.05,521.0
2024-03-01,RN-VLC-F033,C,furgoneta,2370.3,545.2,225.2,319.75,603.5
2024-04-01,RN-VLC-F033,C,furgoneta,2237.7,514.7,212.6,301.86,569.7
2024-05-01,RN-VLC-F033,C,furgoneta,2055.1,472.7,195.2,277.24,523.2
2024-06-01,RN-VLC-F033,C,furgoneta,2079.2,478.2,197.5,280.48,529.4
2024-07-01,RN-VLC-F033,C,furgoneta,2402.7,552.6,228.3,324.12,611.7
2024-08-01,RN-VLC-F033,C,furgoneta,2153.5,495.3,204.6,290.51,548.3
2024-09-01,RN-VLC-F033,C,furgoneta,2277.6,523.9,216.4,307.25,579.9
2024-10-01,RN-VLC-F033,C,furgoneta,1976.9,454.7,187.8,266.68,503.3
2024-11-01,RN-VLC-F033,C,furgoneta,2178.9,501.1,207.0,293.93,554.7
2024-12-01,RN-VLC-F033,C,furgoneta,2071.6,476.5,196.8,279.45,527.4
2025-01-01,RN-VLC-F033,C,furgoneta,1946.7,447.7,184.9,262.61,495.6
2025-02-01,RN-VLC-F033,C,furgoneta,1783.0,410.1,169.4,240.53,454.0
2025-03-01,RN-VLC-F033,C,furgoneta,2309.8,531.3,219.4,311.6,588.1
2025-04-01,RN-VLC-F033,C,furgoneta,1810.0,416.3,172.0,244.17,460.8
2025-05-01,RN-VLC-F033,C,furgoneta,2131.6,490.3,202.5,287.55,542.7
2025-06-01,RN-VLC-F033,C,furgoneta,2049.2,471.3,194.7,276.44,521.7
2025-07-01,RN-VLC-F033,C,furgoneta,2239.3,515.0,212.7,302.08,570.1
2025-08-01,RN-VLC-F033,C,furgoneta,1936.0,445.3,183.9,261.16,492.9
2025-09-01,RN-VLC-F033,C,furgoneta,1859.0,427.6,176.6,250.79,473.3
2025-10-01,RN-VLC-F033,C,furgoneta,2083.8,479.3,198.0,281.1,530.5
2025-11-01,RN-VLC-F033,C,furgoneta,1895.1,435.9,180.0,255.65,482.5
2025-12-01,RN-VLC-F033,C,furgoneta,2388.6,549.4,226.9,322.22,608.1
2024-01-01,RN-VLC-F034,C,furgoneta,2045.5,470.5,207.1,294.14,555.1
2024-02-01,RN-VLC-F034,C,furgoneta,1755.0,403.7,177.7,252.38,476.3
2024-03-01,RN-VLC-F034,C,furgoneta,1955.6,449.8,198.0,281.22,530.8
2024-04-01,RN-VLC-F034,C,furgoneta,2372.6,545.7,240.3,341.18,643.9
2024-05-01,RN-VLC-F034,C,furgoneta,2266.9,521.4,229.6,325.99,615.3
2024-06-01,RN-VLC-F034,C,furgoneta,2242.9,515.9,227.1,322.54,608.7
2024-07-01,RN-VLC-F034,C,furgoneta,2476.8,569.7,250.8,356.17,672.2
2024-08-01,RN-VLC-F034,C,furgoneta,1910.9,439.5,193.5,274.79,518.6
2024-09-01,RN-VLC-F034,C,furgoneta,2174.7,500.2,220.2,312.73,590.2
2024-10-01,RN-VLC-F034,C,furgoneta,2278.6,524.1,230.8,327.67,618.4
2024-11-01,RN-VLC-F034,C,furgoneta,2324.0,534.5,235.4,334.2,630.8
2024-12-01,RN-VLC-F034,C,furgoneta,2615.7,601.6,264.9,376.15,709.9
2025-01-01,RN-VLC-F034,C,furgoneta,1919.4,441.5,194.4,276.02,520.9
2025-02-01,RN-VLC-F034,C,furgoneta,1844.4,424.2,186.8,265.22,500.6
2025-03-01,RN-VLC-F034,C,furgoneta,2098.2,482.6,212.5,301.73,569.5
2025-04-01,RN-VLC-F034,C,furgoneta,2414.0,555.2,244.5,347.14,655.2
2025-05-01,RN-VLC-F034,C,furgoneta,2208.5,508.0,223.7,317.59,599.4
2025-06-01,RN-VLC-F034,C,furgoneta,2009.3,462.1,203.5,288.94,545.3
2025-07-01,RN-VLC-F034,C,furgoneta,2238.4,514.8,226.7,321.89,607.5
2025-08-01,RN-VLC-F034,C,furgoneta,1956.9,450.1,198.2,281.42,531.1
2025-09-01,RN-VLC-F034,C,furgoneta,2395.8,551.0,242.6,344.52,650.2
2025-10-01,RN-VLC-F034,C,furgoneta,2301.3,529.3,233.1,330.93,624.6
2025-11-01,RN-VLC-F034,C,furgoneta,2134.7,491.0,216.2,306.97,579.4
2025-12-01,RN-VLC-F034,C,furgoneta,2253.6,518.3,228.2,324.07,611.6
2024-01-01,RN-VLC-F035,C,furgoneta,2156.3,496.0,213.9,303.69,573.2
2024-02-01,RN-VLC-F035,C,furgoneta,1785.1,410.6,177.0,251.4,474.5
2024-03-01,RN-VLC-F035,C,furgoneta,1933.3,444.7,191.7,272.28,513.9
2024-04-01,RN-VLC-F035,C,furgoneta,2321.5,534.0,230.3,326.96,617.1
2024-05-01,RN-VLC-F035,C,furgoneta,2163.1,497.5,214.5,304.64,575.0
2024-06-01,RN-VLC-F035,C,furgoneta,2426.4,558.1,240.7,341.73,645.0
2024-07-01,RN-VLC-F035,C,furgoneta,2318.7,533.3,230.0,326.55,616.3
2024-08-01,RN-VLC-F035,C,furgoneta,2142.4,492.8,212.5,301.73,569.5
2024-09-01,RN-VLC-F035,C,furgoneta,2008.8,462.0,199.2,282.92,534.0
2024-10-01,RN-VLC-F035,C,furgoneta,2062.7,474.4,204.6,290.5,548.3
2024-11-01,RN-VLC-F035,C,furgoneta,1972.3,453.6,195.6,277.77,524.2
2024-12-01,RN-VLC-F035,C,furgoneta,2439.8,561.2,242.0,343.61,648.5
2025-01-01,RN-VLC-F035,C,furgoneta,2132.4,490.5,211.5,300.32,566.8
2025-02-01,RN-VLC-F035,C,furgoneta,1989.2,457.5,197.3,280.15,528.7
2025-03-01,RN-VLC-F035,C,furgoneta,2125.4,488.8,210.8,299.33,564.9
2025-04-01,RN-VLC-F035,C,furgoneta,1930.2,443.9,191.4,271.83,513.0
2025-05-01,RN-VLC-F035,C,furgoneta,2175.8,500.4,215.8,306.43,578.3
2025-06-01,RN-VLC-F035,C,furgoneta,2429.0,558.7,240.9,342.09,645.6
2025-07-01,RN-VLC-F035,C,furgoneta,2408.7,554.0,238.9,339.23,640.2
2025-08-01,RN-VLC-F035,C,furgoneta,1986.9,457.0,197.1,279.82,528.1
2025-09-01,RN-VLC-F035,C,furgoneta,1896.6,436.2,188.1,267.11,504.1
2025-10-01,RN-VLC-F035,C,furgoneta,2192.2,504.2,217.4,308.73,582.7
2025-11-01,RN-VLC-F035,C,furgoneta,2103.4,483.8,208.6,296.23,559.1
2025-12-01,RN-VLC-F035,C,furgoneta,2390.8,549.9,237.1,336.71,635.5
2024-01-01,RN-VLC-F036,C,furgoneta,2136.1,491.3,211.9,300.84,567.8
2024-02-01,RN-VLC-F036,C,furgoneta,1947.5,447.9,193.1,274.27,517.6
2024-03-01,RN-VLC-F036,C,furgoneta,2248.3,517.1,223.0,316.64,597.6
2024-04-01,RN-VLC-F036,C,furgoneta,2249.0,517.3,223.1,316.74,597.8
2024-05-01,RN-VLC-F036,C,furgoneta,2162.0,497.3,214.4,304.49,574.7
2024-06-01,RN-VLC-F036,C,furgoneta,1972.4,453.6,195.6,277.78,524.3
2024-07-01,RN-VLC-F036,C,furgoneta,2180.1,501.4,216.2,307.04,579.5
2024-08-01,RN-VLC-F036,C,furgoneta,2028.3,466.5,201.2,285.66,539.1
2024-09-01,RN-VLC-F036,C,furgoneta,2285.7,525.7,226.7,321.91,607.5
2024-10-01,RN-VLC-F036,C,furgoneta,1986.4,456.9,197.0,279.75,528.0
2024-11-01,RN-VLC-F036,C,furgoneta,2096.4,482.2,207.9,295.25,557.2
2024-12-01,RN-VLC-F036,C,furgoneta,2514.4,578.3,249.4,354.12,668.3
2025-01-01,RN-VLC-F036,C,furgoneta,1838.3,422.8,182.3,258.9,488.6
2025-02-01,RN-VLC-F036,C,furgoneta,2188.4,503.3,217.0,308.21,581.7
2025-03-01,RN-VLC-F036,C,furgoneta,1963.5,451.6,194.7,276.53,521.9
2025-04-01,RN-VLC-F036,C,furgoneta,2036.0,468.3,201.9,286.74,541.2
2025-05-01,RN-VLC-F036,C,furgoneta,1914.2,440.3,189.9,269.59,508.8
2025-06-01,RN-VLC-F036,C,furgoneta,2335.2,537.1,231.6,328.87,620.7
2025-07-01,RN-VLC-F036,C,furgoneta,2382.1,547.9,236.3,335.48,633.2
2025-08-01,RN-VLC-F036,C,furgoneta,2081.3,478.7,206.4,293.12,553.2
2025-09-01,RN-VLC-F036,C,furgoneta,2095.0,481.9,207.8,295.05,556.9
2025-10-01,RN-VLC-F036,C,furgoneta,2128.6,489.6,211.1,299.78,565.8
2025-11-01,RN-VLC-F036,C,furgoneta,2172.4,499.6,215.5,305.95,577.4
2025-12-01,RN-VLC-F036,C,furgoneta,2328.6,535.6,230.9,327.95,618.9
2024-01-01,RN-VLC-F037,C,furgoneta,1811.8,416.7,179.7,255.16,481.6
2024-02-01,RN-VLC-F037,C,furgoneta,2047.7,471.0,203.1,288.39,544.3
2024-03-01,RN-VLC-F037,C,furgoneta,2093.4,481.5,207.6,294.82,556.4
2024-04-01,RN-VLC-F037,C,furgoneta,2200.4,506.1,218.2,309.89,584.9
2024-05-01,RN-VLC-F037,C,furgoneta,2072.2,476.6,205.5,291.83,550.8
2024-06-01,RN-VLC-F037,C,furgoneta,1955.8,449.8,194.0,275.45,519.9
2024-07-01,RN-VLC-F037,C,furgoneta,2412.3,554.8,239.3,339.74,641.2
2024-08-01,RN-VLC-F037,C,furgoneta,1921.2,441.9,190.5,270.57,510.7
2024-09-01,RN-VLC-F037,C,furgoneta,2211.9,508.7,219.4,311.52,587.9
2024-10-01,RN-VLC-F037,C,furgoneta,2272.2,522.6,225.4,320.01,604.0
2024-11-01,RN-VLC-F037,C,furgoneta,2043.3,469.9,202.7,287.76,543.1
2024-12-01,RN-VLC-F037,C,furgoneta,2753.3,633.3,273.1,387.76,731.8
2025-01-01,RN-VLC-F037,C,furgoneta,1988.5,457.4,197.2,280.05,528.5
2025-02-01,RN-VLC-F037,C,furgoneta,1862.9,428.5,184.8,262.37,495.2
2025-03-01,RN-VLC-F037,C,furgoneta,2090.6,480.8,207.3,294.43,555.7
2025-04-01,RN-VLC-F037,C,furgoneta,1856.5,427.0,184.1,261.46,493.5
2025-05-01,RN-VLC-F037,C,furgoneta,2249.5,517.4,223.1,316.81,597.9
2025-06-01,RN-VLC-F037,C,furgoneta,1929.0,443.7,191.3,271.67,512.7
2025-07-01,RN-VLC-F037,C,furgoneta,2643.8,608.1,262.2,372.34,702.7
2025-08-01,RN-VLC-F037,C,furgoneta,1828.4,420.5,181.3,257.5,486.0
2025-09-01,RN-VLC-F037,C,furgoneta,1990.7,457.9,197.4,280.36,529.1
2025-10-01,RN-VLC-F037,C,furgoneta,2065.1,475.0,204.8,290.83,548.9
2025-11-01,RN-VLC-F037,C,furgoneta,2395.9,551.1,237.6,337.43,636.8
2025-12-01,RN-VLC-F037,C,furgoneta,2807.8,645.8,278.5,395.44,746.3
2024-01-01,RN-VLC-F038,C,furgoneta,2206.1,507.4,209.6,297.6,561.7
2024-02-01,RN-VLC-F038,C,furgoneta,2016.0,463.7,191.5,271.95,513.3
2024-03-01,RN-VLC-F038,C,furgoneta,2108.9,485.0,200.3,284.49,536.9
2024-04-01,RN-VLC-F038,C,furgoneta,2198.9,505.7,208.9,296.63,559.8
2024-05-01,RN-VLC-F038,C,furgoneta,2250.2,517.6,213.8,303.56,572.9
2024-06-01,RN-VLC-F038,C,furgoneta,2418.0,556.1,229.7,326.19,615.6
2024-07-01,RN-VLC-F038,C,furgoneta,2498.7,574.7,237.4,337.07,636.2
2024-08-01,RN-VLC-F038,C,furgoneta,2103.4,483.8,199.8,283.74,535.5
2024-09-01,RN-VLC-F038,C,furgoneta,2354.5,541.5,223.7,317.63,599.5
2024-10-01,RN-VLC-F038,C,furgoneta,2533.4,582.7,240.7,341.76,645.0
2024-11-01,RN-VLC-F038,C,furgoneta,1889.9,434.7,179.5,254.95,481.2
2024-12-01,RN-VLC-F038,C,furgoneta,2295.4,527.9,218.1,309.65,584.4
2025-01-01,RN-VLC-F038,C,furgoneta,1999.4,459.9,189.9,269.72,509.0
2025-02-01,RN-VLC-F038,C,furgoneta,1952.7,449.1,185.5,263.42,497.2
2025-03-01,RN-VLC-F038,C,furgoneta,1977.6,454.9,187.9,266.78,503.5
2025-04-01,RN-VLC-F038,C,furgoneta,2186.4,502.9,207.7,294.94,556.7
2025-05-01,RN-VLC-F038,C,furgoneta,2035.7,468.2,193.4,274.61,518.3
2025-06-01,RN-VLC-F038,C,furgoneta,2398.3,551.6,227.8,323.53,610.6
2025-07-01,RN-VLC-F038,C,furgoneta,2318.6,533.3,220.3,312.77,590.3
2025-08-01,RN-VLC-F038,C,furgoneta,1771.9,407.5,168.3,239.02,451.1
2025-09-01,RN-VLC-F038,C,furgoneta,2333.2,536.6,221.7,314.74,594.0
2025-10-01,RN-VLC-F038,C,furgoneta,2152.0,495.0,204.4,290.31,547.9
2025-11-01,RN-VLC-F038,C,furgoneta,2198.3,505.6,208.8,296.55,559.7
2025-12-01,RN-VLC-F038,C,furgoneta,2611.6,600.7,248.1,352.3,664.9
2024-01-01,RN-VLC-F039,C,furgoneta,1890.6,434.8,191.5,271.88,513.1
2024-02-01,RN-VLC-F039,C,furgoneta,2206.3,507.5,223.4,317.27,598.8
2024-03-01,RN-VLC-F039,C,furgoneta,1976.1,454.5,200.1,284.17,536.3
2024-04-01,RN-VLC-F039,C,furgoneta,2259.0,519.6,228.8,324.85,613.1
2024-05-01,RN-VLC-F039,C,furgoneta,2311.1,531.6,234.0,332.35,627.2
2024-06-01,RN-VLC-F039,C,furgoneta,2057.8,473.3,208.4,295.92,558.5
2024-07-01,RN-VLC-F039,C,furgoneta,2286.3,525.8,231.5,328.77,620.5
2024-08-01,RN-VLC-F039,C,furgoneta,2339.9,538.2,237.0,336.49,635.1
2024-09-01,RN-VLC-F039,C,furgoneta,2076.5,477.6,210.3,298.6,563.6
2024-10-01,RN-VLC-F039,C,furgoneta,2484.4,571.4,251.6,357.27,674.3
2024-11-01,RN-VLC-F039,C,furgoneta,2140.6,492.3,216.8,307.83,581.0
2024-12-01,RN-VLC-F039,C,furgoneta,2524.3,580.6,255.6,363.0,685.1
2025-01-01,RN-VLC-F039,C,furgoneta,1838.8,422.9,186.2,264.43,499.1
2025-02-01,RN-VLC-F039,C,furgoneta,1858.7,427.5,188.2,267.29,504.5
2025-03-01,RN-VLC-F039,C,furgoneta,1717.9,395.1,174.0,247.04,466.2
2025-04-01,RN-VLC-F039,C,furgoneta,2375.8,546.4,240.6,341.64,644.8
2025-05-01,RN-VLC-F039,C,furgoneta,2079.8,478.3,210.6,299.08,564.5
2025-06-01,RN-VLC-F039,C,furgoneta,2314.8,532.4,234.4,332.87,628.2
2025-07-01,RN-VLC-F039,C,furgoneta,2161.5,497.1,218.9,310.82,586.6
2025-08-01,RN-VLC-F039,C,furgoneta,2205.9,507.4,223.4,317.22,598.7
2025-09-01,RN-VLC-F039,C,furgoneta,1974.4,454.1,199.9,283.93,535.9
2025-10-01,RN-VLC-F039,C,furgoneta,2218.8,510.3,224.7,319.07,602.2
2025-11-01,RN-VLC-F039,C,furgoneta,2325.9,534.9,235.5,334.47,631.2
2025-12-01,RN-VLC-F039,C,furgoneta,2508.2,576.9,254.0,360.69,680.7
2024-01-01,RN-VLC-F040,C,furgoneta,2097.2,482.4,208.0,295.36,557.4
2024-02-01,RN-VLC-F040,C,furgoneta,1737.2,399.5,172.3,244.65,461.7
2024-03-01,RN-VLC-F040,C,furgoneta,2066.7,475.3,205.0,291.06,549.3
2024-04-01,RN-VLC-F040,C,furgoneta,2309.2,531.1,229.0,325.21,613.8
2024-05-01,RN-VLC-F040,C,furgoneta,1979.3,455.2,196.3,278.76,526.1
2024-06-01,RN-VLC-F040,C,furgoneta,2263.5,520.6,224.5,318.78,601.6
2024-07-01,RN-VLC-F040,C,furgoneta,2443.2,561.9,242.3,344.1,649.4
2024-08-01,RN-VLC-F040,C,furgoneta,2188.5,503.3,217.1,308.22,581.7
2024-09-01,RN-VLC-F040,C,furgoneta,2315.8,532.6,229.7,326.14,615.5
2024-10-01,RN-VLC-F040,C,furgoneta,2191.0,503.9,217.3,308.57,582.4
2024-11-01,RN-VLC-F040,C,furgoneta,2287.3,526.1,226.9,322.14,608.0
2024-12-01,RN-VLC-F040,C,furgoneta,2590.8,595.9,257.0,364.87,688.6
2025-01-01,RN-VLC-F040,C,furgoneta,2164.1,497.7,214.6,304.78,575.2
2025-02-01,RN-VLC-F040,C,furgoneta,1869.4,430.0,185.4,263.28,496.9
2025-03-01,RN-VLC-F040,C,furgoneta,2265.4,521.0,224.7,319.05,602.1
2025-04-01,RN-VLC-F040,C,furgoneta,2320.2,533.6,230.1,326.76,616.7
2025-05-01,RN-VLC-F040,C,furgoneta,2063.0,474.5,204.6,290.55,548.4
2025-06-01,RN-VLC-F040,C,furgoneta,2281.3,524.7,226.3,321.29,606.4
2025-07-01,RN-VLC-F040,C,furgoneta,2196.4,505.2,217.8,309.33,583.8
2025-08-01,RN-VLC-F040,C,furgoneta,2142.2,492.7,212.5,301.69,569.4
2025-09-01,RN-VLC-F040,C,furgoneta,2232.9,513.6,221.5,314.48,593.5
2025-10-01,RN-VLC-F040,C,furgoneta,1833.8,421.8,181.9,258.26,487.4
2025-11-01,RN-VLC-F040,C,furgoneta,2175.1,500.3,215.7,306.33,578.1
2025-12-01,RN-VLC-F040,C,furgoneta,2558.9,588.5,253.8,360.38,680.2
2024-01-01,RN-VLC-F041,C,furgoneta,1866.8,429.4,187.1,265.69,501.4
2024-02-01,RN-VLC-F041,C,furgoneta,1741.4,400.5,174.5,247.83,467.7
2024-03-01,RN-VLC-F041,C,furgoneta,2037.7,468.7,204.2,290.0,547.3
2024-04-01,RN-VLC-F041,C,furgoneta,1925.2,442.8,193.0,273.99,517.1
2024-05-01,RN-VLC-F041,C,furgoneta,2110.7,485.5,211.5,300.39,566.9
2024-06-01,RN-VLC-F041,C,furgoneta,2206.1,507.4,221.1,313.97,592.6
2024-07-01,RN-VLC-F041,C,furgoneta,2375.2,546.3,238.1,338.04,638.0
2024-08-01,RN-VLC-F041,C,furgoneta,2270.9,522.3,227.6,323.19,610.0
2024-09-01,RN-VLC-F041,C,furgoneta,2318.2,533.2,232.3,329.93,622.7
2024-10-01,RN-VLC-F041,C,furgoneta,2175.5,500.4,218.0,309.62,584.4
2024-11-01,RN-VLC-F041,C,furgoneta,2053.7,472.3,205.8,292.28,551.6
2024-12-01,RN-VLC-F041,C,furgoneta,2649.9,609.5,265.6,377.13,711.8
2025-01-01,RN-VLC-F041,C,furgoneta,2264.2,520.8,226.9,322.24,608.2
2025-02-01,RN-VLC-F041,C,furgoneta,1762.2,405.3,176.6,250.8,473.3
2025-03-01,RN-VLC-F041,C,furgoneta,2229.0,512.7,223.4,317.23,598.7
2025-04-01,RN-VLC-F041,C,furgoneta,2187.8,503.2,219.3,311.36,587.6
2025-05-01,RN-VLC-F041,C,furgoneta,2224.2,511.6,222.9,316.54,597.4
2025-06-01,RN-VLC-F041,C,furgoneta,2231.4,513.2,223.6,317.58,599.4
2025-07-01,RN-VLC-F041,C,furgoneta,1909.7,439.2,191.4,271.79,512.9
2025-08-01,RN-VLC-F041,C,furgoneta,2017.5,464.0,202.2,287.14,541.9
2025-09-01,RN-VLC-F041,C,furgoneta,2106.1,484.4,211.1,299.74,565.7
2025-10-01,RN-VLC-F041,C,furgoneta,2289.5,526.6,229.5,325.85,615.0
2025-11-01,RN-VLC-F041,C,furgoneta,2231.3,513.2,223.6,317.55,599.3
2025-12-01,RN-VLC-F041,C,furgoneta,2590.8,595.9,259.7,368.73,695.9
2024-01-01,RN-VLC-F042,C,furgoneta,2241.1,515.5,222.3,315.63,595.7
2024-02-01,RN-VLC-F042,C,furgoneta,1875.4,431.3,186.0,264.13,498.5
2024-03-01,RN-VLC-F042,C,furgoneta,2034.8,468.0,201.8,286.57,540.9
2024-04-01,RN-VLC-F042,C,furgoneta,2148.4,494.1,213.1,302.58,571.1
2024-05-01,RN-VLC-F042,C,furgoneta,2338.4,537.8,231.9,329.33,621.6
2024-06-01,RN-VLC-F042,C,furgoneta,2407.1,553.6,238.7,339.01,639.8
2024-07-01,RN-VLC-F042,C,furgoneta,2246.5,516.7,222.8,316.39,597.1
2024-08-01,RN-VLC-F042,C,furgoneta,2186.8,503.0,216.9,307.98,581.3
2024-09-01,RN-VLC-F042,C,furgoneta,2152.2,495.0,213.5,303.11,572.1
2024-10-01,RN-VLC-F042,C,furgoneta,2076.8,477.7,206.0,292.49,552.0
2024-11-01,RN-VLC-F042,C,furgoneta,2155.5,495.8,213.8,303.57,572.9
2024-12-01,RN-VLC-F042,C,furgoneta,2693.7,619.5,267.2,379.36,716.0
2025-01-01,RN-VLC-F042,C,furgoneta,1847.7,425.0,183.3,260.23,491.1
2025-02-01,RN-VLC-F042,C,furgoneta,1699.8,391.0,168.6,239.4,451.8
2025-03-01,RN-VLC-F042,C,furgoneta,2072.2,476.6,205.5,291.84,550.8
2025-04-01,RN-VLC-F042,C,furgoneta,2038.9,469.0,202.2,287.15,542.0
2025-05-01,RN-VLC-F042,C,furgoneta,2134.5,490.9,211.7,300.61,567.4
2025-06-01,RN-VLC-F042,C,furgoneta,2329.1,535.7,231.0,328.02,619.1
2025-07-01,RN-VLC-F042,C,furgoneta,1888.5,434.4,187.3,265.97,502.0
2025-08-01,RN-VLC-F042,C,furgoneta,2054.1,472.4,203.7,289.28,546.0
2025-09-01,RN-VLC-F042,C,furgoneta,2176.1,500.5,215.8,306.47,578.4
2025-10-01,RN-VLC-F042,C,furgoneta,2358.8,542.5,233.9,332.21,627.0
2025-11-01,RN-VLC-F042,C,furgoneta,2016.4,463.8,200.0,283.98,536.0
2025-12-01,RN-VLC-F042,C,furgoneta,2696.4,620.2,267.4,379.75,716.7
2024-01-01,RN-VLC-F043,C,furgoneta,2121.2,487.9,201.5,286.15,540.0
2024-02-01,RN-VLC-F043,C,furgoneta,1760.7,405.0,167.3,237.52,448.3
2024-03-01,RN-VLC-F043,C,furgoneta,2247.5,516.9,213.5,303.18,572.2
2024-04-01,RN-VLC-F043,C,furgoneta,2332.6,536.5,221.6,314.67,593.9
2024-05-01,RN-VLC-F043,C,furgoneta,2230.8,513.1,211.9,300.94,568.0
2024-06-01,RN-VLC-F043,C,furgoneta,1946.8,447.8,184.9,262.63,495.7
2024-07-01,RN-VLC-F043,C,furgoneta,1975.9,454.5,187.7,266.55,503.1
2024-08-01,RN-VLC-F043,C,furgoneta,2088.4,480.3,198.4,281.73,531.7
2024-09-01,RN-VLC-F043,C,furgoneta,2335.2,537.1,221.8,315.01,594.5
2024-10-01,RN-VLC-F043,C,furgoneta,1890.0,434.7,179.5,254.95,481.2
2024-11-01,RN-VLC-F043,C,furgoneta,2291.9,527.1,217.7,309.17,583.5
2024-12-01,RN-VLC-F043,C,furgoneta,2610.9,600.5,248.0,352.21,664.7
2025-01-01,RN-VLC-F043,C,furgoneta,1860.9,428.0,176.8,251.03,473.8
2025-02-01,RN-VLC-F043,C,furgoneta,1858.2,427.4,176.5,250.67,473.1
2025-03-01,RN-VLC-F043,C,furgoneta,2147.8,494.0,204.0,289.74,546.8
2025-04-01,RN-VLC-F043,C,furgoneta,2029.7,466.8,192.8,273.8,516.7
2025-05-01,RN-VLC-F043,C,furgoneta,2300.9,529.2,218.6,310.39,585.8
2025-06-01,RN-VLC-F043,C,furgoneta,2538.1,583.8,241.1,342.39,646.2
2025-07-01,RN-VLC-F043,C,furgoneta,2212.4,508.8,210.2,298.45,563.3
2025-08-01,RN-VLC-F043,C,furgoneta,2110.8,485.5,200.5,284.75,537.4
2025-09-01,RN-VLC-F043,C,furgoneta,2005.8,461.3,190.5,270.58,510.7
2025-10-01,RN-VLC-F043,C,furgoneta,1808.9,416.1,171.8,244.02,460.6
2025-11-01,RN-VLC-F043,C,furgoneta,1907.4,438.7,181.2,257.31,485.6
2025-12-01,RN-VLC-F043,C,furgoneta,2638.5,606.8,250.7,355.93,671.8
2024-01-01,RN-VLC-F044,C,furgoneta,2073.9,477.0,197.0,279.77,528.0
2024-02-01,RN-VLC-F044,C,furgoneta,1887.2,434.1,179.3,254.58,480.5
2024-03-01,RN-VLC-F044,C,furgoneta,2100.5,483.1,199.6,283.36,534.8
2024-04-01,RN-VLC-F044,C,furgoneta,2207.7,507.8,209.7,297.83,562.1
2024-05-01,RN-VLC-F044,C,furgoneta,2107.2,484.7,200.2,284.26,536.5
2024-06-01,RN-VLC-F044,C,furgoneta,2087.7,480.2,198.3,281.64,531.5
2024-07-01,RN-VLC-F044,C,furgoneta,2210.0,508.3,210.0,298.13,562.7
2024-08-01,RN-VLC-F044,C,furgoneta,2055.9,472.9,195.3,277.34,523.4
2024-09-01,RN-VLC-F044,C,furgoneta,2292.2,527.2,217.8,309.22,583.6
2024-10-01,RN-VLC-F044,C,furgoneta,2180.6,501.5,207.2,294.16,555.2
2024-11-01,RN-VLC-F044,C,furgoneta,2378.8,547.1,226.0,320.9,605.7
2024-12-01,RN-VLC-F044,C,furgoneta,2540.8,584.4,241.4,342.75,646.9
2025-01-01,RN-VLC-F044,C,furgoneta,2116.2,486.7,201.0,285.47,538.8
2025-02-01,RN-VLC-F044,C,furgoneta,1930.4,444.0,183.4,260.41,491.5
2025-03-01,RN-VLC-F044,C,furgoneta,2195.7,505.0,208.6,296.2,559.0
2025-04-01,RN-VLC-F044,C,furgoneta,2292.7,527.3,217.8,309.28,583.7
2025-05-01,RN-VLC-F044,C,furgoneta,2191.6,504.1,208.2,295.64,558.0
2025-06-01,RN-VLC-F044,C,furgoneta,2254.4,518.5,214.2,304.12,574.0
2025-07-01,RN-VLC-F044,C,furgoneta,2183.5,502.2,207.4,294.55,555.9
2025-08-01,RN-VLC-F044,C,furgoneta,2130.9,490.1,202.4,287.46,542.5
2025-09-01,RN-VLC-F044,C,furgoneta,2055.9,472.9,195.3,277.34,523.4
2025-10-01,RN-VLC-F044,C,furgoneta,2102.8,483.6,199.8,283.67,535.4
2025-11-01,RN-VLC-F044,C,furgoneta,1775.6,408.4,168.7,239.53,452.1
2025-12-01,RN-VLC-F044,C,furgoneta,2483.2,571.1,235.9,334.99,632.2
2024-01-01,RN-VLC-F045,C,furgoneta,1932.0,444.4,191.6,272.1,513.5
2024-02-01,RN-VLC-F045,C,furgoneta,1964.2,451.8,194.8,276.63,522.1
2024-03-01,RN-VLC-F045,C,furgoneta,2164.1,497.7,214.6,304.78,575.2
2024-04-01,RN-VLC-F045,C,furgoneta,2214.0,509.2,219.6,311.82,588.5
2024-05-01,RN-VLC-F045,C,furgoneta,1965.5,452.1,194.9,276.81,522.4
2024-06-01,RN-VLC-F045,C,furgoneta,2540.2,584.2,251.9,357.75,675.2
2024-07-01,RN-VLC-F045,C,furgoneta,2463.6,566.6,244.3,346.96,654.8
2024-08-01,RN-VLC-F045,C,furgoneta,2228.5,512.6,221.0,313.85,592.3
2024-09-01,RN-VLC-F045,C,furgoneta,2410.5,554.4,239.1,339.49,640.7
2024-10-01,RN-VLC-F045,C,furgoneta,2009.7,462.2,199.3,283.04,534.2
2024-11-01,RN-VLC-F045,C,furgoneta,2099.5,482.9,208.2,295.69,558.1
2024-12-01,RN-VLC-F045,C,furgoneta,2809.1,646.1,278.6,395.61,746.7
2025-01-01,RN-VLC-F045,C,furgoneta,1826.8,420.2,181.2,257.28,485.6
2025-02-01,RN-VLC-F045,C,furgoneta,2011.5,462.6,199.5,283.28,534.6
2025-03-01,RN-VLC-F045,C,furgoneta,2082.8,479.0,206.6,293.33,553.6
2025-04-01,RN-VLC-F045,C,furgoneta,1887.5,434.1,187.2,265.83,501.7
2025-05-01,RN-VLC-F045,C,furgoneta,2217.4,510.0,219.9,312.29,589.4
2025-06-01,RN-VLC-F045,C,furgoneta,2473.3,568.8,245.3,348.32,657.4
2025-07-01,RN-VLC-F045,C,furgoneta,2127.0,489.2,211.0,299.56,565.4
2025-08-01,RN-VLC-F045,C,furgoneta,1954.9,449.6,193.9,275.32,519.6
2025-09-01,RN-VLC-F045,C,furgoneta,2400.0,552.0,238.0,338.01,637.9
2025-10-01,RN-VLC-F045,C,furgoneta,1882.0,432.9,186.7,265.05,500.2
2025-11-01,RN-VLC-F045,C,furgoneta,2469.8,568.1,245.0,347.83,656.5
2025-12-01,RN-VLC-F045,C,furgoneta,2607.1,599.6,258.6,367.17,693.0
2024-01-01,RN-VLC-F046,C,furgoneta,1959.4,450.7,190.2,270.14,509.8
2024-02-01,RN-VLC-F046,C,furgoneta,1921.1,441.9,186.5,264.86,499.9
2024-03-01,RN-VLC-F046,C,furgoneta,1700.3,391.1,165.1,234.42,442.4
2024-04-01,RN-VLC-F046,C,furgoneta,1833.9,421.8,178.1,252.84,477.2
2024-05-01,RN-VLC-F046,C,furgoneta,1909.5,439.2,185.4,263.26,496.9
2024-06-01,RN-VLC-F046,C,furgoneta,2251.8,517.9,218.6,310.45,585.9
2024-07-01,RN-VLC-F046,C,furgoneta,2295.2,527.9,222.8,316.43,597.2
2024-08-01,RN-VLC-F046,C,furgoneta,1989.6,457.6,193.2,274.31,517.7
2024-09-01,RN-VLC-F046,C,furgoneta,2091.6,481.1,203.1,288.36,544.2
2024-10-01,RN-VLC-F046,C,furgoneta,2229.3,512.7,216.4,307.34,580.1
2024-11-01,RN-VLC-F046,C,furgoneta,2105.3,484.2,204.4,290.26,547.8
2024-12-01,RN-VLC-F046,C,furgoneta,2750.5,632.6,267.0,379.2,715.7
2025-01-01,RN-VLC-F046,C,furgoneta,1728.4,397.5,167.8,238.29,449.7
2025-02-01,RN-VLC-F046,C,furgoneta,2127.8,489.4,206.6,293.36,553.7
2025-03-01,RN-VLC-F046,C,furgoneta,1898.4,436.6,184.3,261.73,494.0
2025-04-01,RN-VLC-F046,C,furgoneta,2152.8,495.2,209.0,296.81,560.2
2025-05-01,RN-VLC-F046,C,furgoneta,2038.1,468.8,197.9,280.99,530.3
2025-06-01,RN-VLC-F046,C,furgoneta,2050.1,471.5,199.0,282.64,533.4
2025-07-01,RN-VLC-F046,C,furgoneta,2390.3,549.8,232.1,329.55,622.0
2025-08-01,RN-VLC-F046,C,furgoneta,2260.8,520.0,219.5,311.69,588.3
2025-09-01,RN-VLC-F046,C,furgoneta,2004.9,461.1,194.7,276.42,521.7
2025-10-01,RN-VLC-F046,C,furgoneta,2087.8,480.2,202.7,287.83,543.2
2025-11-01,RN-VLC-F046,C,furgoneta,2128.8,489.6,206.7,293.49,553.9
2025-12-01,RN-VLC-F046,C,furgoneta,2497.5,574.4,242.5,344.32,649.8
2024-01-01,RN-VLC-R001,C,rigido,3834.2,881.9,1259.5,1788.48,3375.4
2024-02-01,RN-VLC-R001,C,rigido,3977.9,914.9,1306.7,1855.52,3502.0
2024-03-01,RN-VLC-R001,C,rigido,3953.4,909.3,1298.7,1844.09,3480.4
2024-04-01,RN-VLC-R001,C,rigido,3668.8,843.8,1205.2,1711.33,3229.8
2024-05-01,RN-VLC-R001,C,rigido,4108.1,944.9,1349.5,1916.27,3616.6
2024-06-01,RN-VLC-R001,C,rigido,3885.3,893.6,1276.3,1812.33,3420.5
2024-07-01,RN-VLC-R001,C,rigido,4064.2,934.8,1335.1,1895.8,3578.0
2024-08-01,RN-VLC-R001,C,rigido,3386.1,778.8,1112.3,1579.48,2981.0
2024-09-01,RN-VLC-R001,C,rigido,3966.2,912.2,1302.9,1850.07,3491.7
2024-10-01,RN-VLC-R001,C,rigido,4094.7,941.8,1345.1,1910.01,3604.8
2024-11-01,RN-VLC-R001,C,rigido,4326.9,995.2,1421.4,2018.35,3809.3
2024-12-01,RN-VLC-R001,C,rigido,4070.0,936.1,1337.0,1898.5,3583.1
2025-01-01,RN-VLC-R001,C,rigido,3635.8,836.2,1194.3,1695.94,3200.8
2025-02-01,RN-VLC-R001,C,rigido,3769.3,866.9,1238.2,1758.25,3318.4
2025-03-01,RN-VLC-R001,C,rigido,3635.5,836.2,1194.2,1695.8,3200.5
2025-04-01,RN-VLC-R001,C,rigido,4018.1,924.2,1319.9,1874.29,3537.4
2025-05-01,RN-VLC-R001,C,rigido,3825.1,879.8,1256.5,1784.26,3367.5
2025-06-01,RN-VLC-R001,C,rigido,3702.9,851.7,1216.4,1727.24,3259.9
2025-07-01,RN-VLC-R001,C,rigido,3883.6,893.2,1275.7,1811.55,3419.0
2025-08-01,RN-VLC-R001,C,rigido,3929.7,903.8,1290.9,1833.06,3459.6
2025-09-01,RN-VLC-R001,C,rigido,3710.9,853.5,1219.0,1731.0,3267.0
2025-10-01,RN-VLC-R001,C,rigido,4233.5,973.7,1390.7,1974.74,3727.0
2025-11-01,RN-VLC-R001,C,rigido,3739.7,860.1,1228.5,1744.44,3292.3
2025-12-01,RN-VLC-R001,C,rigido,4507.0,1036.6,1480.5,2102.32,3967.8
2024-01-01,RN-VLC-R002,C,rigido,3739.6,860.1,1215.3,1725.79,3257.1
2024-02-01,RN-VLC-R002,C,rigido,3711.4,853.6,1206.2,1712.81,3232.6
2024-03-01,RN-VLC-R002,C,rigido,3435.3,790.1,1116.5,1585.37,2992.1
2024-04-01,RN-VLC-R002,C,rigido,3842.2,883.7,1248.7,1773.17,3346.5
2024-05-01,RN-VLC-R002,C,rigido,3613.4,831.1,1174.3,1667.55,3147.2
2024-06-01,RN-VLC-R002,C,rigido,4252.5,978.1,1382.1,1962.53,3703.9
2024-07-01,RN-VLC-R002,C,rigido,4183.7,962.3,1359.7,1930.76,3644.0
2024-08-01,RN-VLC-R002,C,rigido,3573.5,821.9,1161.4,1649.14,3112.5
2024-09-01,RN-VLC-R002,C,rigido,3594.6,826.8,1168.2,1658.87,3130.8
2024-10-01,RN-VLC-R002,C,rigido,3920.5,901.7,1274.2,1809.3,3414.7
2024-11-01,RN-VLC-R002,C,rigido,4298.6,988.7,1397.0,1983.77,3744.0
2024-12-01,RN-VLC-R002,C,rigido,4348.0,1000.0,1413.1,2006.57,3787.1
2025-01-01,RN-VLC-R002,C,rigido,3591.9,826.1,1167.4,1657.64,3128.5
2025-02-01,RN-VLC-R002,C,rigido,3745.1,861.4,1217.2,1728.36,3262.0
2025-03-01,RN-VLC-R002,C,rigido,3639.3,837.0,1182.7,1679.5,3169.8
2025-04-01,RN-VLC-R002,C,rigido,3992.0,918.2,1297.4,1842.27,3477.0
2025-05-01,RN-VLC-R002,C,rigido,4064.7,934.9,1321.0,1875.84,3540.3
2025-06-01,RN-VLC-R002,C,rigido,4169.0,958.9,1354.9,1923.97,3631.2
2025-07-01,RN-VLC-R002,C,rigido,4405.6,1013.3,1431.8,2033.15,3837.2
2025-08-01,RN-VLC-R002,C,rigido,3824.7,879.7,1243.0,1765.09,3331.3
2025-09-01,RN-VLC-R002,C,rigido,4281.8,984.8,1391.6,1976.05,3729.4
2025-10-01,RN-VLC-R002,C,rigido,3876.0,891.5,1259.7,1788.76,3376.0
2025-11-01,RN-VLC-R002,C,rigido,4069.8,936.1,1322.7,1878.2,3544.8
2025-12-01,RN-VLC-R002,C,rigido,4636.0,1066.3,1506.7,2139.48,4037.9
2024-01-01,RN-VLC-R003,C,rigido,3588.9,825.5,1166.4,1656.27,3125.9
2024-02-01,RN-VLC-R003,C,rigido,3697.1,850.3,1201.5,1706.19,3220.1
2024-03-01,RN-VLC-R003,C,rigido,4006.6,921.5,1302.1,1849.02,3489.7
2024-04-01,RN-VLC-R003,C,rigido,4600.4,1058.1,1495.1,2123.04,4006.9
2024-05-01,RN-VLC-R003,C,rigido,3552.0,817.0,1154.4,1639.25,3093.8
2024-06-01,RN-VLC-R003,C,rigido,3900.3,897.1,1267.6,1799.97,3397.1
2024-07-01,RN-VLC-R003,C,rigido,4444.0,1022.1,1444.3,2050.89,3870.7
2024-08-01,RN-VLC-R003,C,rigido,3708.7,853.0,1205.3,1711.56,3230.3
2024-09-01,RN-VLC-R003,C,rigido,4232.3,973.4,1375.5,1953.17,3686.3
2024-10-01,RN-VLC-R003,C,rigido,4430.9,1019.1,1440.0,2044.83,3859.3
2024-11-01,RN-VLC-R003,C,rigido,4189.8,963.7,1361.7,1933.59,3649.3
2024-12-01,RN-VLC-R003,C,rigido,4830.5,1111.0,1569.9,2229.25,4207.3
2025-01-01,RN-VLC-R003,C,rigido,3613.6,831.1,1174.4,1667.63,3147.4
2025-02-01,RN-VLC-R003,C,rigido,3399.0,781.8,1104.7,1568.62,2960.5
2025-03-01,RN-VLC-R003,C,rigido,3749.8,862.5,1218.7,1730.52,3266.0
2025-04-01,RN-VLC-R003,C,rigido,3796.5,873.2,1233.8,1752.06,3306.7
2025-05-01,RN-VLC-R003,C,rigido,3922.2,902.1,1274.7,1810.06,3416.2
2025-06-01,RN-VLC-R003,C,rigido,3918.3,901.2,1273.4,1808.26,3412.8
2025-07-01,RN-VLC-R003,C,rigido,4204.3,967.0,1366.4,1940.26,3661.9
2025-08-01,RN-VLC-R003,C,rigido,4270.8,982.3,1388.0,1970.95,3719.8
2025-09-01,RN-VLC-R003,C,rigido,3838.5,882.9,1247.5,1771.44,3343.3
2025-10-01,RN-VLC-R003,C,rigido,3944.2,907.2,1281.9,1820.25,3435.4
2025-11-01,RN-VLC-R003,C,rigido,4029.2,926.7,1309.5,1859.46,3509.4
2025-12-01,RN-VLC-R003,C,rigido,4846.6,1114.7,1575.1,2236.7,4221.4
2024-01-01,RN-VLC-R004,C,rigido,3486.2,801.8,1194.0,1695.44,3199.9
2024-02-01,RN-VLC-R004,C,rigido,3681.4,846.7,1260.8,1790.4,3379.1
2024-03-01,RN-VLC-R004,C,rigido,3667.4,843.5,1256.0,1783.58,3366.2
2024-04-01,RN-VLC-R004,C,rigido,4179.1,961.2,1431.3,2032.42,3835.8
2024-05-01,RN-VLC-R004,C,rigido,3450.8,793.7,1181.8,1678.21,3167.3
2024-06-01,RN-VLC-R004,C,rigido,4050.4,931.6,1387.2,1969.85,3717.7
2024-07-01,RN-VLC-R004,C,rigido,4453.9,1024.4,1525.4,2166.07,4088.1
2024-08-01,RN-VLC-R004,C,rigido,3727.3,857.3,1276.6,1812.72,3421.2
2024-09-01,RN-VLC-R004,C,rigido,3630.6,835.0,1243.4,1765.66,3332.4
2024-10-01,RN-VLC-R004,C,rigido,4091.0,940.9,1401.1,1989.56,3754.9
2024-11-01,RN-VLC-R004,C,rigido,4608.4,1059.9,1578.3,2241.22,4229.9
2024-12-01,RN-VLC-R004,C,rigido,4921.4,1131.9,1685.5,2393.42,4517.2
2025-01-01,RN-VLC-R004,C,rigido,4022.3,925.1,1377.6,1956.15,3691.9
2025-02-01,RN-VLC-R004,C,rigido,3839.4,883.1,1314.9,1867.22,3524.0
2025-03-01,RN-VLC-R004,C,rigido,4038.9,928.9,1383.3,1964.22,3707.1
2025-04-01,RN-VLC-R004,C,rigido,4350.3,1000.6,1489.9,2115.67,3993.0
2025-05-01,RN-VLC-R004,C,rigido,3821.2,878.9,1308.7,1858.36,3507.3
2025-06-01,RN-VLC-R004,C,rigido,4067.4,935.5,1393.0,1978.12,3733.4
2025-07-01,RN-VLC-R004,C,rigido,3961.1,911.1,1356.6,1926.4,3635.7
2025-08-01,RN-VLC-R004,C,rigido,3759.8,864.8,1287.7,1828.5,3451.0
2025-09-01,RN-VLC-R004,C,rigido,4142.5,952.8,1418.8,2014.63,3802.3
2025-10-01,RN-VLC-R004,C,rigido,3979.6,915.3,1363.0,1935.42,3652.8
2025-11-01,RN-VLC-R004,C,rigido,4385.3,1008.6,1501.9,2132.68,4025.1
2025-12-01,RN-VLC-R004,C,rigido,4807.1,1105.6,1646.4,2337.84,4412.3
2024-01-01,RN-VLC-R005,C,rigido,3504.6,806.1,1163.5,1652.19,3118.2
2024-02-01,RN-VLC-R005,C,rigido,3662.7,842.4,1216.0,1726.68,3258.8
2024-03-01,RN-VLC-R005,C,rigido,4108.0,944.8,1363.8,1936.61,3655.0
2024-04-01,RN-VLC-R005,C,rigido,4311.2,991.6,1431.3,2032.42,3835.8
2024-05-01,RN-VLC-R005,C,rigido,3866.4,889.3,1283.6,1822.74,3440.1
2024-06-01,RN-VLC-R005,C,rigido,4100.5,943.1,1361.3,1933.07,3648.3
2024-07-01,RN-VLC-R005,C,rigido,4581.2,1053.7,1520.9,2159.69,4076.0
2024-08-01,RN-VLC-R005,C,rigido,3711.9,853.7,1232.3,1749.88,3302.6
2024-09-01,RN-VLC-R005,C,rigido,3890.2,894.8,1291.5,1833.96,3461.3
2024-10-01,RN-VLC-R005,C,rigido,4062.9,934.5,1348.8,1915.35,3614.9
2024-11-01,RN-VLC-R005,C,rigido,3845.3,884.4,1276.6,1812.78,3421.3
2024-12-01,RN-VLC-R005,C,rigido,4794.6,1102.8,1591.8,2260.3,4265.9
2025-01-01,RN-VLC-R005,C,rigido,3806.6,875.5,1263.8,1794.55,3386.9
2025-02-01,RN-VLC-R005,C,rigido,3343.1,768.9,1109.9,1576.02,2974.5
2025-03-01,RN-VLC-R005,C,rigido,3794.4,872.7,1259.7,1788.79,3376.0
2025-04-01,RN-VLC-R005,C,rigido,3724.6,856.7,1236.5,1755.9,3313.9
2025-05-01,RN-VLC-R005,C,rigido,3883.8,893.3,1289.4,1830.94,3455.6
2025-06-01,RN-VLC-R005,C,rigido,3988.5,917.4,1324.1,1880.29,3548.7
2025-07-01,RN-VLC-R005,C,rigido,4053.8,932.4,1345.8,1911.08,3606.8
2025-08-01,RN-VLC-R005,C,rigido,3972.5,913.7,1318.8,1872.75,3534.5
2025-09-01,RN-VLC-R005,C,rigido,3980.9,915.6,1321.6,1876.69,3541.9
2025-10-01,RN-VLC-R005,C,rigido,3909.1,899.1,1297.8,1842.85,3478.0
2025-11-01,RN-VLC-R005,C,rigido,4209.7,968.2,1397.6,1984.59,3745.6
2025-12-01,RN-VLC-R005,C,rigido,4906.1,1128.4,1628.8,2312.89,4365.2
2024-01-01,RN-VLC-R006,C,rigido,3702.5,851.6,1203.3,1708.69,3224.9
2024-02-01,RN-VLC-R006,C,rigido,3240.8,745.4,1053.3,1495.63,2822.7
2024-03-01,RN-VLC-R006,C,rigido,4280.2,984.5,1391.1,1975.31,3728.0
2024-04-01,RN-VLC-R006,C,rigido,4102.3,943.5,1333.2,1893.19,3573.1
2024-05-01,RN-VLC-R006,C,rigido,3477.4,799.8,1130.2,1604.82,3028.8
2024-06-01,RN-VLC-R006,C,rigido,4354.8,1001.6,1415.3,2009.71,3793.0
2024-07-01,RN-VLC-R006,C,rigido,4040.7,929.4,1313.2,1864.78,3519.4
2024-08-01,RN-VLC-R006,C,rigido,3838.8,882.9,1247.6,1771.6,3343.6
2024-09-01,RN-VLC-R006,C,rigido,4178.7,961.1,1358.1,1928.45,3639.6
2024-10-01,RN-VLC-R006,C,rigido,3840.5,883.3,1248.1,1772.37,3345.0
2024-11-01,RN-VLC-R006,C,rigido,4356.7,1002.0,1415.9,2010.61,3794.7
2024-12-01,RN-VLC-R006,C,rigido,4454.8,1024.6,1447.8,2055.87,3880.1
2025-01-01,RN-VLC-R006,C,rigido,3023.9,695.5,982.8,1395.51,2633.8
2025-02-01,RN-VLC-R006,C,rigido,3256.7,749.0,1058.4,1502.94,2836.5
2025-03-01,RN-VLC-R006,C,rigido,4047.0,930.8,1315.2,1867.65,3524.9
2025-04-01,RN-VLC-R006,C,rigido,4008.3,921.9,1302.7,1849.81,3491.2
2025-05-01,RN-VLC-R006,C,rigido,4193.1,964.4,1362.7,1935.09,3652.1
2025-06-01,RN-VLC-R006,C,rigido,3997.9,919.5,1299.3,1845.01,3482.1
2025-07-01,RN-VLC-R006,C,rigido,4224.9,971.7,1373.1,1949.78,3679.9
2025-08-01,RN-VLC-R006,C,rigido,3937.1,905.5,1279.5,1816.95,3429.2
2025-09-01,RN-VLC-R006,C,rigido,4424.2,1017.6,1437.9,2041.76,3853.5
2025-10-01,RN-VLC-R006,C,rigido,3702.7,851.6,1203.4,1708.77,3225.0
2025-11-01,RN-VLC-R006,C,rigido,3966.1,912.2,1289.0,1830.31,3454.4
2025-12-01,RN-VLC-R006,C,rigido,4608.8,1060.0,1497.9,2126.96,4014.3
2024-01-01,RN-VLC-R007,C,rigido,3581.1,823.6,1151.3,1634.85,3085.5
2024-02-01,RN-VLC-R007,C,rigido,3790.0,871.7,1218.5,1730.23,3265.5
2024-03-01,RN-VLC-R007,C,rigido,4113.8,946.2,1322.6,1878.05,3544.5
2024-04-01,RN-VLC-R007,C,rigido,3777.9,868.9,1214.6,1724.71,3255.1
2024-05-01,RN-VLC-R007,C,rigido,3861.1,888.1,1241.3,1762.69,3326.8
2024-06-01,RN-VLC-R007,C,rigido,3993.8,918.6,1284.0,1823.28,3441.1
2024-07-01,RN-VLC-R007,C,rigido,4605.4,1059.2,1480.6,2102.49,3968.1
2024-08-01,RN-VLC-R007,C,rigido,3843.1,883.9,1235.5,1754.46,3311.2
2024-09-01,RN-VLC-R007,C,rigido,3639.3,837.0,1170.0,1661.42,3135.6
2024-10-01,RN-VLC-R007,C,rigido,4044.1,930.1,1300.2,1846.23,3484.4
2024-11-01,RN-VLC-R007,C,rigido,4410.1,1014.3,1417.8,2013.33,3799.8
2024-12-01,RN-VLC-R007,C,rigido,4846.4,1114.7,1558.1,2212.5,4175.7
2025-01-01,RN-VLC-R007,C,rigido,3968.2,912.7,1275.8,1811.58,3419.0
2025-02-01,RN-VLC-R007,C,rigido,3548.9,816.3,1141.0,1620.18,3057.8
2025-03-01,RN-VLC-R007,C,rigido,4128.9,949.6,1327.4,1884.96,3557.5
2025-04-01,RN-VLC-R007,C,rigido,4138.7,951.9,1330.6,1889.41,3565.9
2025-05-01,RN-VLC-R007,C,rigido,3804.8,875.1,1223.2,1737.01,3278.3
2025-06-01,RN-VLC-R007,C,rigido,3981.7,915.8,1280.1,1817.75,3430.7
2025-07-01,RN-VLC-R007,C,rigido,4295.3,987.9,1380.9,1960.91,3700.9
2025-08-01,RN-VLC-R007,C,rigido,3716.5,854.8,1194.9,1696.7,3202.2
2025-09-01,RN-VLC-R007,C,rigido,4117.0,946.9,1323.6,1879.52,3547.3
2025-10-01,RN-VLC-R007,C,rigido,3503.0,805.7,1126.2,1599.21,3018.2
2025-11-01,RN-VLC-R007,C,rigido,4631.4,1065.2,1489.0,2114.36,3990.5
2025-12-01,RN-VLC-R007,C,rigido,4838.4,1112.8,1555.5,2208.85,4168.8
2024-01-01,RN-VLC-R008,C,rigido,3458.8,795.5,1148.3,1630.59,3077.4
2024-02-01,RN-VLC-R008,C,rigido,3577.9,822.9,1187.8,1686.75,3183.4
2024-03-01,RN-VLC-R008,C,rigido,3764.5,865.8,1249.8,1774.67,3349.4
2024-04-01,RN-VLC-R008,C,rigido,3486.8,802.0,1157.6,1643.78,3102.3
2024-05-01,RN-VLC-R008,C,rigido,4195.7,965.0,1392.9,1977.96,3733.0
2024-06-01,RN-VLC-R008,C,rigido,4254.4,978.5,1412.4,2005.63,3785.3
2024-07-01,RN-VLC-R008,C,rigido,4321.5,993.9,1434.7,2037.26,3845.0
2024-08-01,RN-VLC-R008,C,rigido,3852.6,886.1,1279.0,1816.22,3427.8
2024-09-01,RN-VLC-R008,C,rigido,3863.3,888.5,1282.6,1821.25,3437.3
2024-10-01,RN-VLC-R008,C,rigido,3668.8,843.8,1218.0,1729.56,3264.2
2024-11-01,RN-VLC-R008,C,rigido,4416.0,1015.7,1466.1,2081.82,3929.1
2024-12-01,RN-VLC-R008,C,rigido,4362.0,1003.3,1448.1,2056.35,3881.0
2025-01-01,RN-VLC-R008,C,rigido,3840.7,883.4,1275.1,1810.63,3417.2
2025-02-01,RN-VLC-R008,C,rigido,3842.9,883.9,1275.8,1811.64,3419.2
2025-03-01,RN-VLC-R008,C,rigido,3848.6,885.2,1277.7,1814.34,3424.2
2025-04-01,RN-VLC-R008,C,rigido,4030.9,927.1,1338.2,1900.3,3586.5
2025-05-01,RN-VLC-R008,C,rigido,4261.4,980.1,1414.8,2008.96,3791.6
2025-06-01,RN-VLC-R008,C,rigido,4112.8,945.9,1365.4,1938.88,3659.3
2025-07-01,RN-VLC-R008,C,rigido,3844.9,884.3,1276.5,1812.58,3420.9
2025-08-01,RN-VLC-R008,C,rigido,3648.6,839.2,1211.3,1720.06,3246.3
2025-09-01,RN-VLC-R008,C,rigido,3840.8,883.4,1275.1,1810.68,3417.3
2025-10-01,RN-VLC-R008,C,rigido,4119.8,947.6,1367.7,1942.2,3665.6
2025-11-01,RN-VLC-R008,C,rigido,4174.3,960.1,1385.8,1967.89,3714.0
2025-12-01,RN-VLC-R008,C,rigido,4057.6,933.2,1347.1,1912.85,3610.2
2024-01-01,RN-VLC-R009,C,rigido,3150.7,724.6,1068.0,1516.61,2862.3
2024-02-01,RN-VLC-R009,C,rigido,3378.7,777.1,1145.3,1626.36,3069.5
2024-03-01,RN-VLC-R009,C,rigido,3626.1,834.0,1229.2,1745.48,3294.3
2024-04-01,RN-VLC-R009,C,rigido,4041.1,929.5,1369.9,1945.25,3671.3
2024-05-01,RN-VLC-R009,C,rigido,3917.7,901.1,1328.1,1885.86,3559.2
2024-06-01,RN-VLC-R009,C,rigido,4088.1,940.3,1385.8,1967.84,3713.9
2024-07-01,RN-VLC-R009,C,rigido,4852.7,1116.1,1645.0,2335.91,4408.6
2024-08-01,RN-VLC-R009,C,rigido,3847.1,884.8,1304.1,1851.85,3495.0
2024-09-01,RN-VLC-R009,C,rigido,4128.3,949.5,1399.5,1987.23,3750.5
2024-10-01,RN-VLC-R009,C,rigido,4182.6,962.0,1417.8,2013.34,3799.8
2024-11-01,RN-VLC-R009,C,rigido,4075.6,937.4,1381.6,1961.85,3702.6
2024-12-01,RN-VLC-R009,C,rigido,4476.2,1029.5,1517.4,2154.67,4066.6
2025-01-01,RN-VLC-R009,C,rigido,3610.3,830.4,1223.8,1737.84,3279.9
2025-02-01,RN-VLC-R009,C,rigido,3495.1,803.9,1184.8,1682.41,3175.3
2025-03-01,RN-VLC-R009,C,rigido,3697.0,850.3,1253.2,1779.58,3358.6
2025-04-01,RN-VLC-R009,C,rigido,3930.2,904.0,1332.3,1891.86,3570.6
2025-05-01,RN-VLC-R009,C,rigido,3298.5,758.7,1118.2,1587.77,2996.6
2025-06-01,RN-VLC-R009,C,rigido,4041.3,929.5,1370.0,1945.34,3671.5
2025-07-01,RN-VLC-R009,C,rigido,4528.6,1041.6,1535.2,2179.92,4114.2
2025-08-01,RN-VLC-R009,C,rigido,3764.0,865.7,1276.0,1811.85,3419.5
2025-09-01,RN-VLC-R009,C,rigido,3875.1,891.3,1313.6,1865.32,3520.5
2025-10-01,RN-VLC-R009,C,rigido,3253.6,748.3,1102.9,1566.17,2955.9
2025-11-01,RN-VLC-R009,C,rigido,4157.1,956.1,1409.2,2001.07,3776.7
2025-12-01,RN-VLC-R009,C,rigido,4740.6,1090.3,1607.0,2281.93,4306.7
2024-01-01,RN-VLC-R010,C,rigido,3636.2,836.3,1219.9,1732.25,3269.3
2024-02-01,RN-VLC-R010,C,rigido,4169.9,959.1,1399.0,1986.53,3749.2
2024-03-01,RN-VLC-R010,C,rigido,3585.7,824.7,1203.0,1708.22,3224.0
2024-04-01,RN-VLC-R010,C,rigido,3835.7,882.2,1286.8,1827.33,3448.8
2024-05-01,RN-VLC-R010,C,rigido,3867.1,889.4,1297.4,1842.26,3476.9
2024-06-01,RN-VLC-R010,C,rigido,3780.6,869.5,1268.4,1801.06,3399.2
2024-07-01,RN-VLC-R010,C,rigido,4229.4,972.8,1418.9,2014.87,3802.7
2024-08-01,RN-VLC-R010,C,rigido,3081.2,708.7,1033.7,1467.89,2770.4
2024-09-01,RN-VLC-R010,C,rigido,4111.4,945.6,1379.3,1958.64,3696.6
2024-10-01,RN-VLC-R010,C,rigido,4051.7,931.9,1359.3,1930.19,3642.9
2024-11-01,RN-VLC-R010,C,rigido,4394.0,1010.6,1474.1,2093.29,3950.7
2024-12-01,RN-VLC-R010,C,rigido,4564.4,1049.8,1531.3,2174.44,4103.9
2025-01-01,RN-VLC-R010,C,rigido,3617.6,832.1,1213.7,1723.43,3252.7
2025-02-01,RN-VLC-R010,C,rigido,3811.6,876.7,1278.7,1815.81,3427.0
2025-03-01,RN-VLC-R010,C,rigido,4215.3,969.5,1414.2,2008.16,3790.1
2025-04-01,RN-VLC-R010,C,rigido,3907.0,898.6,1310.7,1861.26,3512.8
2025-05-01,RN-VLC-R010,C,rigido,3872.2,890.6,1299.1,1844.7,3481.5
2025-06-01,RN-VLC-R010,C,rigido,3783.4,870.2,1269.3,1802.4,3401.7
2025-07-01,RN-VLC-R010,C,rigido,4326.7,995.1,1451.6,2061.23,3890.2
2025-08-01,RN-VLC-R010,C,rigido,3916.8,900.9,1314.0,1865.95,3521.6
2025-09-01,RN-VLC-R010,C,rigido,4164.0,957.7,1397.0,1983.69,3743.9
2025-10-01,RN-VLC-R010,C,rigido,4323.8,994.5,1450.6,2059.86,3887.6
2025-11-01,RN-VLC-R010,C,rigido,4292.8,987.3,1440.2,2045.07,3859.7
2025-12-01,RN-VLC-R010,C,rigido,4866.7,1119.4,1632.7,2318.49,4375.8
2024-01-01,RN-VLC-R011,C,rigido,3391.4,780.0,1125.9,1598.8,3017.5
2024-02-01,RN-VLC-R011,C,rigido,3646.4,838.7,1210.6,1719.04,3244.4
2024-03-01,RN-VLC-R011,C,rigido,3898.8,896.7,1294.4,1838.0,3468.9
2024-04-01,RN-VLC-R011,C,rigido,4212.2,968.8,1398.4,1985.76,3747.8
2024-05-01,RN-VLC-R011,C,rigido,3646.3,838.7,1210.6,1718.99,3244.3
2024-06-01,RN-VLC-R011,C,rigido,4020.2,924.7,1334.7,1895.26,3577.0
2024-07-01,RN-VLC-R011,C,rigido,4481.8,1030.8,1487.9,2112.84,3987.6
2024-08-01,RN-VLC-R011,C,rigido,3882.0,892.9,1288.8,1830.07,3453.9
2024-09-01,RN-VLC-R011,C,rigido,3482.1,800.9,1156.0,1641.55,3098.1
2024-10-01,RN-VLC-R011,C,rigido,3689.5,848.6,1224.9,1739.33,3282.7
2024-11-01,RN-VLC-R011,C,rigido,4366.3,1004.2,1449.6,2058.39,3884.8
2024-12-01,RN-VLC-R011,C,rigido,4182.0,961.9,1388.4,1971.51,3720.9
2025-01-01,RN-VLC-R011,C,rigido,3515.7,808.6,1167.2,1657.38,3128.0
2025-02-01,RN-VLC-R011,C,rigido,3694.8,849.8,1226.6,1741.82,3287.4
2025-03-01,RN-VLC-R011,C,rigido,3863.4,888.6,1282.6,1821.3,3437.4
2025-04-01,RN-VLC-R011,C,rigido,4220.6,970.7,1401.2,1989.71,3755.2
2025-05-01,RN-VLC-R011,C,rigido,4428.5,1018.5,1470.2,2087.71,3940.2
2025-06-01,RN-VLC-R011,C,rigido,4177.4,960.8,1386.9,1969.36,3716.8
2025-07-01,RN-VLC-R011,C,rigido,4528.4,1041.5,1503.4,2134.8,4029.1
2025-08-01,RN-VLC-R011,C,rigido,4392.9,1010.4,1458.4,2070.93,3908.5
2025-09-01,RN-VLC-R011,C,rigido,4025.7,925.9,1336.5,1897.82,3581.8
2025-10-01,RN-VLC-R011,C,rigido,4125.4,948.8,1369.6,1944.81,3670.5
2025-11-01,RN-VLC-R011,C,rigido,3717.5,855.0,1234.2,1752.56,3307.6
2025-12-01,RN-VLC-R011,C,rigido,4092.1,941.2,1358.5,1929.11,3640.9
2024-01-01,RN-VLC-R012,C,rigido,3448.5,793.1,1096.6,1557.19,2938.9
2024-02-01,RN-VLC-R012,C,rigido,3665.2,843.0,1165.5,1655.04,3123.6
2024-03-01,RN-VLC-R012,C,rigido,3669.1,843.9,1166.8,1656.83,3127.0
2024-04-01,RN-VLC-R012,C,rigido,4406.1,1013.4,1401.2,1989.64,3755.1
2024-05-01,RN-VLC-R012,C,rigido,3653.5,840.3,1161.8,1649.79,3113.7
2024-06-01,RN-VLC-R012,C,rigido,3489.7,802.6,1109.7,1575.81,2974.1
2024-07-01,RN-VLC-R012,C,rigido,4759.6,1094.7,1513.6,2149.26,4056.3
2024-08-01,RN-VLC-R012,C,rigido,3439.9,791.2,1093.9,1553.31,2931.6
2024-09-01,RN-VLC-R012,C,rigido,3991.4,918.0,1269.3,1802.36,3401.6
2024-10-01,RN-VLC-R012,C,rigido,3747.7,862.0,1191.8,1692.31,3193.9
2024-11-01,RN-VLC-R012,C,rigido,4425.7,1017.9,1407.4,1998.45,3771.7
2024-12-01,RN-VLC-R012,C,rigido,5065.4,1165.1,1610.8,2287.35,4317.0
2025-01-01,RN-VLC-R012,C,rigido,3821.7,879.0,1215.3,1725.74,3257.0
2025-02-01,RN-VLC-R012,C,rigido,3298.8,758.7,1049.0,1489.62,2811.4
2025-03-01,RN-VLC-R012,C,rigido,3552.6,817.1,1129.7,1604.19,3027.6
2025-04-01,RN-VLC-R012,C,rigido,3974.0,914.0,1263.7,1794.48,3386.8
2025-05-01,RN-VLC-R012,C,rigido,4153.4,955.3,1320.8,1875.51,3539.7
2025-06-01,RN-VLC-R012,C,rigido,3696.1,850.1,1175.4,1669.02,3150.0
2025-07-01,RN-VLC-R012,C,rigido,4302.8,989.7,1368.3,1942.99,3667.0
2025-08-01,RN-VLC-R012,C,rigido,4302.9,989.7,1368.3,1943.02,3667.1
2025-09-01,RN-VLC-R012,C,rigido,4164.3,957.8,1324.3,1880.44,3549.0
2025-10-01,RN-VLC-R012,C,rigido,3929.1,903.7,1249.5,1774.24,3348.6
2025-11-01,RN-VLC-R012,C,rigido,4466.8,1027.4,1420.4,2017.03,3806.8
2025-12-01,RN-VLC-R012,C,rigido,4542.1,1044.7,1444.4,2051.03,3871.0
2024-01-01,RN-VLC-R013,C,rigido,3679.1,846.2,1182.8,1679.62,3170.0
2024-02-01,RN-VLC-R013,C,rigido,3570.3,821.2,1147.9,1629.96,3076.3
2024-03-01,RN-VLC-R013,C,rigido,4264.4,980.8,1371.0,1946.79,3674.2
2024-04-01,RN-VLC-R013,C,rigido,3973.7,914.0,1277.5,1814.12,3423.8
2024-05-01,RN-VLC-R013,C,rigido,3966.1,912.2,1275.1,1810.62,3417.2
2024-06-01,RN-VLC-R013,C,rigido,3794.4,872.7,1219.9,1732.22,3269.3
2024-07-01,RN-VLC-R013,C,rigido,3476.0,799.5,1117.5,1586.89,2995.0
2024-08-01,RN-VLC-R013,C,rigido,3745.1,861.4,1204.1,1709.76,3226.9
2024-09-01,RN-VLC-R013,C,rigido,4157.7,956.3,1336.7,1898.1,3582.3
2024-10-01,RN-VLC-R013,C,rigido,4261.4,980.1,1370.0,1945.43,3671.6
2024-11-01,RN-VLC-R013,C,rigido,3955.4,909.7,1271.7,1805.74,3408.0
2024-12-01,RN-VLC-R013,C,rigido,5404.8,1243.1,1737.6,2467.44,4656.9
2025-01-01,RN-VLC-R013,C,rigido,3987.5,917.1,1282.0,1820.42,3435.7
2025-02-01,RN-VLC-R013,C,rigido,3540.2,814.2,1138.2,1616.18,3050.3
2025-03-01,RN-VLC-R013,C,rigido,3625.5,833.9,1165.6,1655.15,3123.8
2025-04-01,RN-VLC-R013,C,rigido,3943.1,906.9,1267.7,1800.12,3397.4
2025-05-01,RN-VLC-R013,C,rigido,4069.3,935.9,1308.3,1857.75,3506.2
2025-06-01,RN-VLC-R013,C,rigido,3489.8,802.7,1122.0,1593.19,3006.9
2025-07-01,RN-VLC-R013,C,rigido,4076.1,937.5,1310.5,1860.87,3512.1
2025-08-01,RN-VLC-R013,C,rigido,3659.9,841.8,1176.6,1670.84,3153.4
2025-09-01,RN-VLC-R013,C,rigido,4153.1,955.2,1335.2,1896.02,3578.4
2025-10-01,RN-VLC-R013,C,rigido,3779.0,869.2,1214.9,1725.22,3256.0
2025-11-01,RN-VLC-R013,C,rigido,3530.2,811.9,1134.9,1611.63,3041.7
2025-12-01,RN-VLC-R013,C,rigido,4169.2,958.9,1340.4,1903.37,3592.3
2024-01-01,RN-VLC-R014,C,rigido,3072.9,706.8,1009.4,1433.39,2705.3
2024-02-01,RN-VLC-R014,C,rigido,3593.7,826.6,1180.5,1676.33,3163.8
2024-03-01,RN-VLC-R014,C,rigido,3495.8,804.0,1148.4,1630.67,3077.6
2024-04-01,RN-VLC-R014,C,rigido,3702.1,851.5,1216.1,1726.88,3259.2
2024-05-01,RN-VLC-R014,C,rigido,3879.1,892.2,1274.3,1809.45,3415.0
2024-06-01,RN-VLC-R014,C,rigido,4508.5,1037.0,1481.0,2103.05,3969.1
2024-07-01,RN-VLC-R014,C,rigido,4637.9,1066.7,1523.5,2163.42,4083.1
2024-08-01,RN-VLC-R014,C,rigido,4283.5,985.2,1407.1,1998.07,3771.0
2024-09-01,RN-VLC-R014,C,rigido,3878.9,892.1,1274.2,1809.33,3414.8
2024-10-01,RN-VLC-R014,C,rigido,3717.5,855.0,1221.2,1734.06,3272.7
2024-11-01,RN-VLC-R014,C,rigido,3662.3,842.3,1203.0,1708.31,3224.1
2024-12-01,RN-VLC-R014,C,rigido,4279.8,984.4,1405.9,1996.36,3767.8
2025-01-01,RN-VLC-R014,C,rigido,3492.8,803.4,1147.4,1629.28,3075.0
2025-02-01,RN-VLC-R014,C,rigido,3585.0,824.6,1177.7,1672.28,3156.1
2025-03-01,RN-VLC-R014,C,rigido,4175.5,960.4,1371.6,1947.7,3675.9
2025-04-01,RN-VLC-R014,C,rigido,3998.9,919.7,1313.6,1865.31,3520.4
2025-05-01,RN-VLC-R014,C,rigido,3914.4,900.3,1285.9,1825.94,3446.1
2025-06-01,RN-VLC-R014,C,rigido,3996.5,919.2,1312.8,1864.23,3518.4
2025-07-01,RN-VLC-R014,C,rigido,3787.6,871.1,1244.2,1766.76,3334.4
2025-08-01,RN-VLC-R014,C,rigido,3570.6,821.2,1172.9,1665.53,3143.4
2025-09-01,RN-VLC-R014,C,rigido,4191.8,964.1,1377.0,1955.3,3690.3
2025-10-01,RN-VLC-R014,C,rigido,4462.4,1026.3,1465.9,2081.53,3928.5
2025-11-01,RN-VLC-R014,C,rigido,3794.6,872.8,1246.5,1770.02,3340.6
2025-12-01,RN-VLC-R014,C,rigido,4590.8,1055.9,1508.0,2141.42,4041.6
2024-01-01,RN-VLC-R015,C,rigido,3730.5,858.0,1199.3,1703.07,3214.2
2024-02-01,RN-VLC-R015,C,rigido,3631.9,835.3,1167.6,1658.06,3129.3
2024-03-01,RN-VLC-R015,C,rigido,3742.8,860.8,1203.3,1708.69,3224.9
2024-04-01,RN-VLC-R015,C,rigido,4119.8,947.5,1324.5,1880.79,3549.7
2024-05-01,RN-VLC-R015,C,rigido,3894.5,895.7,1252.1,1777.93,3355.5
2024-06-01,RN-VLC-R015,C,rigido,4155.7,955.8,1336.1,1897.2,3580.6
2024-07-01,RN-VLC-R015,C,rigido,4473.6,1028.9,1438.2,2042.3,3854.5
2024-08-01,RN-VLC-R015,C,rigido,3595.1,826.9,1155.8,1641.28,3097.6
2024-09-01,RN-VLC-R015,C,rigido,4145.4,953.4,1332.7,1892.47,3571.7
2024-10-01,RN-VLC-R015,C,rigido,4063.9,934.7,1306.5,1855.27,3501.5
2024-11-01,RN-VLC-R015,C,rigido,3959.1,910.6,1272.8,1807.44,3411.2
2024-12-01,RN-VLC-R015,C,rigido,4240.0,975.2,1363.1,1935.67,3653.2
2025-01-01,RN-VLC-R015,C,rigido,3629.4,834.8,1166.8,1656.92,3127.1
2025-02-01,RN-VLC-R015,C,rigido,3473.1,798.8,1116.6,1585.56,2992.5
2025-03-01,RN-VLC-R015,C,rigido,3896.2,896.1,1252.6,1778.72,3357.0
2025-04-01,RN-VLC-R015,C,rigido,3489.0,802.5,1121.7,1592.81,3006.2
2025-05-01,RN-VLC-R015,C,rigido,3960.9,911.0,1273.4,1808.27,3412.8
2025-06-01,RN-VLC-R015,C,rigido,4009.0,922.1,1288.9,1830.2,3454.2
2025-07-01,RN-VLC-R015,C,rigido,3749.5,862.4,1205.4,1711.74,3230.6
2025-08-01,RN-VLC-R015,C,rigido,3901.1,897.3,1254.2,1780.97,3361.3
2025-09-01,RN-VLC-R015,C,rigido,4193.4,964.5,1348.2,1914.42,3613.1
2025-10-01,RN-VLC-R015,C,rigido,3987.1,917.0,1281.8,1820.2,3435.3
2025-11-01,RN-VLC-R015,C,rigido,4428.4,1018.5,1423.7,2021.71,3815.6
2025-12-01,RN-VLC-R015,C,rigido,4613.1,1061.0,1483.1,2105.99,3974.7
2024-01-01,RN-VLC-R016,C,rigido,3003.1,690.7,976.0,1385.92,2615.7
2024-02-01,RN-VLC-R016,C,rigido,3655.6,840.8,1188.0,1687.03,3184.0
2024-03-01,RN-VLC-R016,C,rigido,3911.4,899.6,1271.2,1805.1,3406.8
2024-04-01,RN-VLC-R016,C,rigido,4487.9,1032.2,1458.5,2071.14,3908.9
2024-05-01,RN-VLC-R016,C,rigido,4070.1,936.1,1322.8,1878.33,3545.0
2024-06-01,RN-VLC-R016,C,rigido,4174.9,960.2,1356.8,1926.67,3636.3
2024-07-01,RN-VLC-R016,C,rigido,4266.9,981.4,1386.7,1969.14,3716.4
2024-08-01,RN-VLC-R016,C,rigido,3974.9,914.2,1291.8,1834.37,3462.1
2024-09-01,RN-VLC-R016,C,rigido,4169.1,958.9,1354.9,1924.01,3631.2
2024-10-01,RN-VLC-R016,C,rigido,3985.6,916.7,1295.3,1839.32,3471.4
2024-11-01,RN-VLC-R016,C,rigido,3738.8,859.9,1215.1,1725.43,3256.4
2024-12-01,RN-VLC-R016,C,rigido,4910.7,1129.4,1595.9,2266.24,4277.1
2025-01-01,RN-VLC-R016,C,rigido,3603.9,828.9,1171.2,1663.16,3138.9
2025-02-01,RN-VLC-R016,C,rigido,3559.6,818.7,1156.8,1642.73,3100.4
2025-03-01,RN-VLC-R016,C,rigido,3531.5,812.2,1147.7,1629.77,3075.9
2025-04-01,RN-VLC-R016,C,rigido,3935.9,905.3,1279.2,1816.41,3428.1
2025-05-01,RN-VLC-R016,C,rigido,4206.6,967.5,1367.1,1941.33,3663.9
2025-06-01,RN-VLC-R016,C,rigido,3985.3,916.6,1295.2,1839.17,3471.1
2025-07-01,RN-VLC-R016,C,rigido,3845.2,884.4,1249.7,1774.53,3349.1
2025-08-01,RN-VLC-R016,C,rigido,3408.0,783.8,1107.6,1572.75,2968.3
2025-09-01,RN-VLC-R016,C,rigido,3920.4,901.7,1274.1,1809.24,3414.6
2025-10-01,RN-VLC-R016,C,rigido,3821.2,878.9,1241.9,1763.45,3328.2
2025-11-01,RN-VLC-R016,C,rigido,3831.8,881.3,1245.3,1768.37,3337.5
2025-12-01,RN-VLC-R016,C,rigido,5180.7,1191.6,1683.7,2390.86,4512.3
2024-01-01,RN-VLC-R017,C,rigido,3790.6,871.8,1231.9,1749.34,3301.6
2024-02-01,RN-VLC-R017,C,rigido,3901.3,897.3,1267.9,1800.44,3398.0
2024-03-01,RN-VLC-R017,C,rigido,3766.0,866.2,1223.9,1737.99,3280.2
2024-04-01,RN-VLC-R017,C,rigido,3923.0,902.3,1275.0,1810.46,3416.9
2024-05-01,RN-VLC-R017,C,rigido,3519.2,809.4,1143.7,1624.09,3065.2
2024-06-01,RN-VLC-R017,C,rigido,3848.1,885.1,1250.6,1775.9,3351.7
2024-07-01,RN-VLC-R017,C,rigido,4283.7,985.3,1392.2,1976.92,3731.1
2024-08-01,RN-VLC-R017,C,rigido,3752.2,863.0,1219.4,1731.62,3268.1
2024-09-01,RN-VLC-R017,C,rigido,3929.5,903.8,1277.1,1813.42,3422.5
2024-10-01,RN-VLC-R017,C,rigido,4061.0,934.0,1319.8,1874.14,3537.1
2024-11-01,RN-VLC-R017,C,rigido,4328.9,995.7,1406.9,1997.77,3770.4
2024-12-01,RN-VLC-R017,C,rigido,4628.0,1064.4,1504.1,2135.81,4031.0
2025-01-01,RN-VLC-R017,C,rigido,3594.5,826.7,1168.2,1658.86,3130.8
2025-02-01,RN-VLC-R017,C,rigido,3755.8,863.8,1220.6,1733.3,3271.3
2025-03-01,RN-VLC-R017,C,rigido,3999.7,919.9,1299.9,1845.84,3483.7
2025-04-01,RN-VLC-R017,C,rigido,3982.9,916.1,1294.4,1838.09,3469.1
2025-05-01,RN-VLC-R017,C,rigido,3592.1,826.2,1167.4,1657.72,3128.7
2025-06-01,RN-VLC-R017,C,rigido,4125.9,948.9,1340.9,1904.06,3593.6
2025-07-01,RN-VLC-R017,C,rigido,4040.6,929.3,1313.2,1864.71,3519.3
2025-08-01,RN-VLC-R017,C,rigido,3459.0,795.6,1124.2,1596.3,3012.7
2025-09-01,RN-VLC-R017,C,rigido,3704.0,851.9,1203.8,1709.37,3226.1
2025-10-01,RN-VLC-R017,C,rigido,3896.1,896.1,1266.2,1798.04,3393.5
2025-11-01,RN-VLC-R017,C,rigido,3443.3,792.0,1119.0,1589.05,2999.1
2025-12-01,RN-VLC-R017,C,rigido,4834.4,1111.9,1571.2,2231.04,4210.7
2024-01-01,RN-VLC-R018,C,rigido,3573.3,821.9,1186.3,1684.56,3179.3
2024-02-01,RN-VLC-R018,C,rigido,3555.5,817.8,1180.4,1676.17,3163.5
2024-03-01,RN-VLC-R018,C,rigido,4099.4,942.9,1361.0,1932.58,3647.4
2024-04-01,RN-VLC-R018,C,rigido,4168.8,958.8,1384.0,1965.3,3709.2
2024-05-01,RN-VLC-R018,C,rigido,4163.4,957.6,1382.2,1962.75,3704.3
2024-06-01,RN-VLC-R018,C,rigido,3875.7,891.4,1286.7,1827.11,3448.3
2024-07-01,RN-VLC-R018,C,rigido,4245.1,976.4,1409.3,2001.27,3777.0
2024-08-01,RN-VLC-R018,C,rigido,4112.7,945.9,1365.4,1938.84,3659.2
2024-09-01,RN-VLC-R018,C,rigido,3858.1,887.4,1280.8,1818.8,3432.7
2024-10-01,RN-VLC-R018,C,rigido,4105.3,944.2,1362.9,1935.35,3652.6
2024-11-01,RN-VLC-R018,C,rigido,4219.9,970.6,1401.0,1989.36,3754.6
2024-12-01,RN-VLC-R018,C,rigido,4273.5,982.9,1418.8,2014.66,3802.3
2025-01-01,RN-VLC-R018,C,rigido,3858.8,887.5,1281.1,1819.16,3433.3
2025-02-01,RN-VLC-R018,C,rigido,3685.9,847.8,1223.7,1737.66,3279.5
2025-03-01,RN-VLC-R018,C,rigido,3379.0,777.2,1121.8,1592.95,3006.4
2025-04-01,RN-VLC-R018,C,rigido,3589.7,825.6,1191.8,1692.31,3193.9
2025-05-01,RN-VLC-R018,C,rigido,4058.7,933.5,1347.5,1913.41,3611.2
2025-06-01,RN-VLC-R018,C,rigido,3496.5,804.2,1160.8,1648.33,3110.9
2025-07-01,RN-VLC-R018,C,rigido,4408.6,1014.0,1463.6,2078.34,3922.5
2025-08-01,RN-VLC-R018,C,rigido,4026.0,926.0,1336.6,1897.97,3582.1
2025-09-01,RN-VLC-R018,C,rigido,3796.3,873.1,1260.3,1789.68,3377.7
2025-10-01,RN-VLC-R018,C,rigido,4438.8,1020.9,1473.7,2092.6,3949.4
2025-11-01,RN-VLC-R018,C,rigido,4194.3,964.7,1392.5,1977.32,3731.9
2025-12-01,RN-VLC-R018,C,rigido,4617.8,1062.1,1533.1,2176.98,4108.7
2024-01-01,RN-VLC-R019,C,rigido,4046.0,930.6,1314.9,1867.21,3524.0
2024-02-01,RN-VLC-R019,C,rigido,3776.8,868.7,1227.5,1742.98,3289.6
2024-03-01,RN-VLC-R019,C,rigido,4031.2,927.2,1310.1,1860.36,3511.1
2024-04-01,RN-VLC-R019,C,rigido,4336.3,997.3,1409.3,2001.17,3776.9
2024-05-01,RN-VLC-R019,C,rigido,3863.1,888.5,1255.5,1782.81,3364.7
2024-06-01,RN-VLC-R019,C,rigido,3908.5,899.0,1270.2,1803.74,3404.2
2024-07-01,RN-VLC-R019,C,rigido,4214.4,969.3,1369.7,1944.93,3670.7
2024-08-01,RN-VLC-R019,C,rigido,3861.2,888.1,1254.9,1781.94,3363.1
2024-09-01,RN-VLC-R019,C,rigido,3944.9,907.3,1282.1,1820.56,3436.0
2024-10-01,RN-VLC-R019,C,rigido,3283.1,755.1,1067.0,1515.15,2859.6
2024-11-01,RN-VLC-R019,C,rigido,3861.1,888.0,1254.8,1781.87,3363.0
2024-12-01,RN-VLC-R019,C,rigido,4833.4,1111.7,1570.8,2230.59,4209.9
2025-01-01,RN-VLC-R019,C,rigido,3850.2,885.6,1251.3,1776.86,3353.5
2025-02-01,RN-VLC-R019,C,rigido,3925.2,902.8,1275.7,1811.47,3418.8
2025-03-01,RN-VLC-R019,C,rigido,4190.1,963.7,1361.8,1933.7,3649.5
2025-04-01,RN-VLC-R019,C,rigido,4489.9,1032.7,1459.2,2072.05,3910.6
2025-05-01,RN-VLC-R019,C,rigido,4166.0,958.2,1353.9,1922.6,3628.6
2025-06-01,RN-VLC-R019,C,rigido,4413.7,1015.2,1434.4,2036.92,3844.3
2025-07-01,RN-VLC-R019,C,rigido,4373.7,1006.0,1421.4,2018.44,3809.4
2025-08-01,RN-VLC-R019,C,rigido,4349.6,1000.4,1413.6,2007.32,3788.5
2025-09-01,RN-VLC-R019,C,rigido,4023.0,925.3,1307.5,1856.58,3504.0
2025-10-01,RN-VLC-R019,C,rigido,4456.3,1025.0,1448.3,2056.57,3881.4
2025-11-01,RN-VLC-R019,C,rigido,4110.0,945.3,1335.7,1896.75,3579.8
2025-12-01,RN-VLC-R019,C,rigido,4405.2,1013.2,1431.7,2032.96,3836.9
2024-01-01,RN-VLC-R020,C,rigido,3763.1,865.5,1196.7,1699.28,3207.1
2024-02-01,RN-VLC-R020,C,rigido,3959.4,910.7,1259.1,1787.9,3374.3
2024-03-01,RN-VLC-R020,C,rigido,3795.6,873.0,1207.0,1713.95,3234.8
2024-04-01,RN-VLC-R020,C,rigido,4075.7,937.4,1296.1,1840.45,3473.5
2024-05-01,RN-VLC-R020,C,rigido,4064.8,934.9,1292.6,1835.48,3464.1
2024-06-01,RN-VLC-R020,C,rigido,3997.8,919.5,1271.3,1805.23,3407.1
2024-07-01,RN-VLC-R020,C,rigido,4481.3,1030.7,1425.1,2023.57,3819.1
2024-08-01,RN-VLC-R020,C,rigido,3640.9,837.4,1157.8,1644.08,3102.9
2024-09-01,RN-VLC-R020,C,rigido,4041.1,929.5,1285.1,1824.8,3444.0
2024-10-01,RN-VLC-R020,C,rigido,3924.0,902.5,1247.8,1771.94,3344.2
2024-11-01,RN-VLC-R020,C,rigido,4336.3,997.4,1379.0,1958.11,3695.6
2024-12-01,RN-VLC-R020,C,rigido,5031.4,1157.2,1600.0,2271.96,4287.9
2025-01-01,RN-VLC-R020,C,rigido,3411.1,784.6,1084.7,1540.32,2907.1
2025-02-01,RN-VLC-R020,C,rigido,3631.3,835.2,1154.8,1639.77,3094.8
2025-03-01,RN-VLC-R020,C,rigido,4216.7,969.8,1340.9,1904.11,3593.7
2025-04-01,RN-VLC-R020,C,rigido,3552.2,817.0,1129.6,1604.02,3027.3
2025-05-01,RN-VLC-R020,C,rigido,3964.9,911.9,1260.8,1790.39,3379.1
2025-06-01,RN-VLC-R020,C,rigido,4403.4,1012.8,1400.3,1988.39,3752.7
2025-07-01,RN-VLC-R020,C,rigido,4455.0,1024.6,1416.7,2011.68,3796.7
2025-08-01,RN-VLC-R020,C,rigido,3853.7,886.4,1225.5,1740.18,3284.3
2025-09-01,RN-VLC-R020,C,rigido,3943.4,907.0,1254.0,1780.7,3360.8
2025-10-01,RN-VLC-R020,C,rigido,4326.9,995.2,1376.0,1953.87,3687.6
2025-11-01,RN-VLC-R020,C,rigido,4031.0,927.1,1281.8,1820.22,3435.3
2025-12-01,RN-VLC-R020,C,rigido,4866.6,1119.3,1547.6,2197.57,4147.5
2024-01-01,RN-VLC-R021,C,rigido,3979.9,915.4,1321.3,1876.24,3541.1
2024-02-01,RN-VLC-R021,C,rigido,3176.5,730.6,1054.6,1497.5,2826.3
2024-03-01,RN-VLC-R021,C,rigido,3994.8,918.8,1326.2,1883.25,3554.3
2024-04-01,RN-VLC-R021,C,rigido,3110.7,715.5,1032.7,1466.46,2767.7
2024-05-01,RN-VLC-R021,C,rigido,3963.6,911.6,1315.9,1868.55,3526.6
2024-06-01,RN-VLC-R021,C,rigido,4357.3,1002.2,1446.6,2054.17,3876.9
2024-07-01,RN-VLC-R021,C,rigido,4143.7,953.1,1375.7,1953.46,3686.8
2024-08-01,RN-VLC-R021,C,rigido,4251.5,977.8,1411.4,2004.26,3782.7
2024-09-01,RN-VLC-R021,C,rigido,3926.4,903.1,1303.5,1851.02,3493.5
2024-10-01,RN-VLC-R021,C,rigido,3949.1,908.3,1311.1,1861.73,3513.7
2024-11-01,RN-VLC-R021,C,rigido,4091.2,941.0,1358.3,1928.72,3640.1
2024-12-01,RN-VLC-R021,C,rigido,5489.5,1262.6,1822.5,2587.91,4884.2
2025-01-01,RN-VLC-R021,C,rigido,3646.7,838.7,1210.7,1719.14,3244.6
2025-02-01,RN-VLC-R021,C,rigido,3703.5,851.8,1229.5,1745.94,3295.2
2025-03-01,RN-VLC-R021,C,rigido,4012.6,922.9,1332.1,1891.65,3570.2
2025-04-01,RN-VLC-R021,C,rigido,4071.0,936.3,1351.5,1919.19,3622.1
2025-05-01,RN-VLC-R021,C,rigido,4109.8,945.3,1364.4,1937.49,3656.7
2025-06-01,RN-VLC-R021,C,rigido,4089.8,940.7,1357.8,1928.06,3638.9
2025-07-01,RN-VLC-R021,C,rigido,4407.6,1013.8,1463.3,2077.87,3921.6
2025-08-01,RN-VLC-R021,C,rigido,4255.8,978.8,1412.9,2006.29,3786.5
2025-09-01,RN-VLC-R021,C,rigido,4140.0,952.2,1374.4,1951.72,3683.5
2025-10-01,RN-VLC-R021,C,rigido,4414.6,1015.4,1465.6,2081.19,3927.9
2025-11-01,RN-VLC-R021,C,rigido,3965.5,912.1,1316.5,1869.46,3528.3
2025-12-01,RN-VLC-R021,C,rigido,4691.1,1078.9,1557.4,2211.51,4173.8
2024-01-01,RN-VLC-R022,C,rigido,3674.6,845.2,1181.4,1677.57,3166.1
2024-02-01,RN-VLC-R022,C,rigido,3458.6,795.5,1111.9,1578.96,2980.0
2024-03-01,RN-VLC-R022,C,rigido,3764.8,865.9,1210.4,1718.72,3243.8
2024-04-01,RN-VLC-R022,C,rigido,3873.3,890.9,1245.3,1768.26,3337.3
2024-05-01,RN-VLC-R022,C,rigido,3632.0,835.4,1167.7,1658.12,3129.4
2024-06-01,RN-VLC-R022,C,rigido,4390.8,1009.9,1411.6,2004.5,3783.1
2024-07-01,RN-VLC-R022,C,rigido,4379.4,1007.3,1408.0,1999.3,3773.3
2024-08-01,RN-VLC-R022,C,rigido,4079.1,938.2,1311.4,1862.22,3514.6
2024-09-01,RN-VLC-R022,C,rigido,3949.9,908.5,1269.9,1803.22,3403.3
2024-10-01,RN-VLC-R022,C,rigido,3835.7,882.2,1233.2,1751.12,3304.9
2024-11-01,RN-VLC-R022,C,rigido,4308.0,990.8,1385.0,1966.71,3711.8
2024-12-01,RN-VLC-R022,C,rigido,4867.5,1119.5,1564.9,2222.15,4193.9
2025-01-01,RN-VLC-R022,C,rigido,3333.7,766.8,1071.8,1521.94,2872.4
2025-02-01,RN-VLC-R022,C,rigido,3595.5,827.0,1156.0,1641.45,3097.9
2025-03-01,RN-VLC-R022,C,rigido,4105.2,944.2,1319.8,1874.14,3537.1
2025-04-01,RN-VLC-R022,C,rigido,4075.5,937.4,1310.3,1860.56,3511.5
2025-05-01,RN-VLC-R022,C,rigido,3712.2,853.8,1193.5,1694.72,3198.5
2025-06-01,RN-VLC-R022,C,rigido,4216.1,969.7,1355.5,1924.75,3632.6
2025-07-01,RN-VLC-R022,C,rigido,4612.2,1060.8,1482.8,2105.58,3973.9
2025-08-01,RN-VLC-R022,C,rigido,3473.1,798.8,1116.6,1585.58,2992.5
2025-09-01,RN-VLC-R022,C,rigido,4262.2,980.3,1370.3,1945.81,3672.4
2025-10-01,RN-VLC-R022,C,rigido,4705.1,1082.2,1512.7,2147.98,4053.9
2025-11-01,RN-VLC-R022,C,rigido,4176.4,960.6,1342.7,1906.62,3598.4
2025-12-01,RN-VLC-R022,C,rigido,4709.3,1083.1,1514.0,2149.92,4057.6
2024-01-01,RN-VLC-R023,C,rigido,3505.5,806.3,1114.7,1582.94,2987.5
2024-02-01,RN-VLC-R023,C,rigido,3417.6,786.1,1086.8,1543.26,2912.6
2024-03-01,RN-VLC-R023,C,rigido,4305.6,990.3,1369.2,1944.25,3669.4
2024-04-01,RN-VLC-R023,C,rigido,3786.1,870.8,1204.0,1709.67,3226.7
2024-05-01,RN-VLC-R023,C,rigido,4125.9,948.9,1312.0,1863.07,3516.2
2024-06-01,RN-VLC-R023,C,rigido,3954.6,909.5,1257.5,1785.72,3370.2
2024-07-01,RN-VLC-R023,C,rigido,4324.0,994.5,1375.0,1952.53,3685.1
2024-08-01,RN-VLC-R023,C,rigido,3709.0,853.1,1179.5,1674.85,3161.0
2024-09-01,RN-VLC-R023,C,rigido,3560.7,819.0,1132.3,1607.86,3034.6
2024-10-01,RN-VLC-R023,C,rigido,4234.3,973.9,1346.5,1912.05,3608.6
2024-11-01,RN-VLC-R023,C,rigido,3929.5,903.8,1249.6,1774.41,3348.9
2024-12-01,RN-VLC-R023,C,rigido,5092.8,1171.3,1619.5,2299.71,4340.3
2025-01-01,RN-VLC-R023,C,rigido,3954.7,909.6,1257.6,1785.79,3370.4
2025-02-01,RN-VLC-R023,C,rigido,3280.6,754.5,1043.2,1481.4,2795.9
2025-03-01,RN-VLC-R023,C,rigido,3967.4,912.5,1261.6,1791.51,3381.2
2025-04-01,RN-VLC-R023,C,rigido,4211.0,968.5,1339.1,1901.52,3588.8
2025-05-01,RN-VLC-R023,C,rigido,4536.1,1043.3,1442.5,2048.33,3865.9
2025-06-01,RN-VLC-R023,C,rigido,3932.2,904.4,1250.5,1775.64,3351.2
2025-07-01,RN-VLC-R023,C,rigido,4327.5,995.3,1376.1,1954.11,3688.0
2025-08-01,RN-VLC-R023,C,rigido,4076.1,937.5,1296.2,1840.61,3473.8
2025-09-01,RN-VLC-R023,C,rigido,3583.3,824.2,1139.5,1618.08,3053.8
2025-10-01,RN-VLC-R023,C,rigido,3878.6,892.1,1233.4,1751.43,3305.5
2025-11-01,RN-VLC-R023,C,rigido,4077.2,937.8,1296.5,1841.1,3474.7
2025-12-01,RN-VLC-R023,C,rigido,4549.6,1046.4,1446.8,2054.41,3877.3
2024-01-01,RN-VLC-R024,C,rigido,3469.6,798.0,1103.3,1566.73,2956.9
2024-02-01,RN-VLC-R024,C,rigido,3778.7,869.1,1201.6,1706.3,3220.3
2024-03-01,RN-VLC-R024,C,rigido,3580.2,823.4,1138.5,1616.66,3051.2
2024-04-01,RN-VLC-R024,C,rigido,3830.5,881.0,1218.1,1729.71,3264.5
2024-05-01,RN-VLC-R024,C,rigido,3949.5,908.4,1255.9,1783.44,3365.9
2024-06-01,RN-VLC-R024,C,rigido,3980.3,915.5,1265.7,1797.36,3392.2
2024-07-01,RN-VLC-R024,C,rigido,4185.5,962.7,1331.0,1890.02,3567.1
2024-08-01,RN-VLC-R024,C,rigido,3816.2,877.7,1213.6,1723.25,3252.3
2024-09-01,RN-VLC-R024,C,rigido,4176.7,960.6,1328.2,1886.01,3559.5
2024-10-01,RN-VLC-R024,C,rigido,3689.8,848.7,1173.4,1666.16,3144.6
2024-11-01,RN-VLC-R024,C,rigido,4497.1,1034.3,1430.1,2030.7,3832.6
2024-12-01,RN-VLC-R024,C,rigido,4773.8,1098.0,1518.1,2155.68,4068.5
2025-01-01,RN-VLC-R024,C,rigido,3475.2,799.3,1105.1,1569.25,2961.7
2025-02-01,RN-VLC-R024,C,rigido,3717.1,854.9,1182.0,1678.5,3167.9
2025-03-01,RN-VLC-R024,C,rigido,4147.6,953.9,1318.9,1872.89,3534.7
2025-04-01,RN-VLC-R024,C,rigido,3999.5,919.9,1271.8,1806.02,3408.6
2025-05-01,RN-VLC-R024,C,rigido,3738.3,859.8,1188.8,1688.08,3185.9
2025-06-01,RN-VLC-R024,C,rigido,4275.6,983.4,1359.6,1930.69,3643.8
2025-07-01,RN-VLC-R024,C,rigido,3803.1,874.7,1209.4,1717.32,3241.1
2025-08-01,RN-VLC-R024,C,rigido,3471.4,798.4,1103.9,1567.54,2958.5
2025-09-01,RN-VLC-R024,C,rigido,3979.3,915.2,1265.4,1796.89,3391.3
2025-10-01,RN-VLC-R024,C,rigido,4299.0,988.8,1367.1,1941.26,3663.8
2025-11-01,RN-VLC-R024,C,rigido,4046.6,930.7,1286.8,1827.27,3448.7
2025-12-01,RN-VLC-R024,C,rigido,5735.2,1319.1,1823.8,2589.81,4887.8
2024-01-01,RN-VLC-R025,C,rigido,3344.7,769.3,1087.0,1543.58,2913.2
2024-02-01,RN-VLC-R025,C,rigido,3940.3,906.3,1280.6,1818.44,3432.0
2024-03-01,RN-VLC-R025,C,rigido,3844.4,884.2,1249.4,1774.18,3348.5
2024-04-01,RN-VLC-R025,C,rigido,3945.0,907.4,1282.1,1820.61,3436.1
2024-05-01,RN-VLC-R025,C,rigido,4196.5,965.2,1363.8,1936.66,3655.1
2024-06-01,RN-VLC-R025,C,rigido,4060.9,934.0,1319.8,1874.07,3537.0
2024-07-01,RN-VLC-R025,C,rigido,4117.0,946.9,1338.0,1899.96,3585.8
2024-08-01,RN-VLC-R025,C,rigido,3739.3,860.0,1215.2,1725.65,3256.9
2024-09-01,RN-VLC-R025,C,rigido,4371.3,1005.4,1420.6,2017.31,3807.3
2024-10-01,RN-VLC-R025,C,rigido,3808.7,876.0,1237.8,1757.68,3317.3
2024-11-01,RN-VLC-R025,C,rigido,3248.8,747.2,1055.8,1499.28,2829.6
2024-12-01,RN-VLC-R025,C,rigido,4815.3,1107.5,1564.9,2222.23,4194.1
2025-01-01,RN-VLC-R025,C,rigido,3199.0,735.8,1039.7,1476.31,2786.3
2025-02-01,RN-VLC-R025,C,rigido,3349.4,770.4,1088.6,1545.74,2917.3
2025-03-01,RN-VLC-R025,C,rigido,3633.6,835.7,1180.9,1676.9,3164.9
2025-04-01,RN-VLC-R025,C,rigido,4174.8,960.2,1356.8,1926.65,3636.2
2025-05-01,RN-VLC-R025,C,rigido,4015.8,923.6,1305.1,1853.27,3497.7
2025-06-01,RN-VLC-R025,C,rigido,4437.5,1020.6,1442.2,2047.9,3865.0
2025-07-01,RN-VLC-R025,C,rigido,3589.8,825.6,1166.7,1656.65,3126.6
2025-08-01,RN-VLC-R025,C,rigido,3774.6,868.2,1226.7,1741.95,3287.6
2025-09-01,RN-VLC-R025,C,rigido,3776.5,868.6,1227.3,1742.82,3289.3
2025-10-01,RN-VLC-R025,C,rigido,3826.6,880.1,1243.6,1765.93,3332.9
2025-11-01,RN-VLC-R025,C,rigido,4525.3,1040.8,1470.7,2088.39,3941.5
2025-12-01,RN-VLC-R025,C,rigido,4833.4,1111.7,1570.8,2230.57,4209.8
2024-01-01,RN-VLC-R026,C,rigido,3582.0,823.9,1164.1,1653.08,3119.9
2024-02-01,RN-VLC-R026,C,rigido,4281.4,984.7,1391.4,1975.83,3729.0
2024-03-01,RN-VLC-R026,C,rigido,4337.6,997.6,1409.7,2001.76,3778.0
2024-04-01,RN-VLC-R026,C,rigido,3907.9,898.8,1270.1,1803.48,3403.7
2024-05-01,RN-VLC-R026,C,rigido,3955.6,909.8,1285.5,1825.47,3445.3
2024-06-01,RN-VLC-R026,C,rigido,4375.3,1006.3,1422.0,2019.18,3810.8
2024-07-01,RN-VLC-R026,C,rigido,4311.7,991.7,1401.3,1989.81,3755.4
2024-08-01,RN-VLC-R026,C,rigido,4057.7,933.3,1318.7,1872.61,3534.2
2024-09-01,RN-VLC-R026,C,rigido,4359.5,1002.7,1416.8,2011.88,3797.1
2024-10-01,RN-VLC-R026,C,rigido,4427.9,1018.4,1439.0,2043.43,3856.6
2024-11-01,RN-VLC-R026,C,rigido,4023.0,925.3,1307.5,1856.59,3504.0
2024-12-01,RN-VLC-R026,C,rigido,4920.3,1131.7,1599.1,2270.68,4285.5
2025-01-01,RN-VLC-R026,C,rigido,4163.1,957.5,1353.0,1921.26,3626.0
2025-02-01,RN-VLC-R026,C,rigido,3341.9,768.6,1086.1,1542.28,2910.8
2025-03-01,RN-VLC-R026,C,rigido,4044.9,930.3,1314.6,1866.72,3523.1
2025-04-01,RN-VLC-R026,C,rigido,3610.5,830.4,1173.4,1666.24,3144.7
2025-05-01,RN-VLC-R026,C,rigido,4225.2,971.8,1373.2,1949.88,3680.1
2025-06-01,RN-VLC-R026,C,rigido,4449.2,1023.3,1446.0,2053.3,3875.2
2025-07-01,RN-VLC-R026,C,rigido,4482.2,1030.9,1456.7,2068.5,3903.9
2025-08-01,RN-VLC-R026,C,rigido,3829.1,880.7,1244.4,1767.1,3335.1
2025-09-01,RN-VLC-R026,C,rigido,3758.8,864.5,1221.6,1734.65,3273.8
2025-10-01,RN-VLC-R026,C,rigido,3628.3,834.5,1179.2,1674.44,3160.2
2025-11-01,RN-VLC-R026,C,rigido,3955.0,909.6,1285.3,1825.2,3444.7
2025-12-01,RN-VLC-R026,C,rigido,5173.8,1190.0,1681.5,2387.68,4506.3
2024-01-01,RN-VLC-R027,C,rigido,3909.1,899.1,1270.4,1804.03,3404.8
2024-02-01,RN-VLC-R027,C,rigido,3477.5,799.8,1130.2,1604.83,3028.8
2024-03-01,RN-VLC-R027,C,rigido,3958.3,910.4,1286.4,1826.72,3447.6
2024-04-01,RN-VLC-R027,C,rigido,3853.2,886.2,1252.3,1778.24,3356.1
2024-05-01,RN-VLC-R027,C,rigido,3996.5,919.2,1298.8,1844.34,3480.9
2024-06-01,RN-VLC-R027,C,rigido,3728.4,857.5,1211.7,1720.63,3247.4
2024-07-01,RN-VLC-R027,C,rigido,3952.6,909.1,1284.6,1824.11,3442.7
2024-08-01,RN-VLC-R027,C,rigido,4073.2,936.8,1323.8,1879.77,3547.7
2024-09-01,RN-VLC-R027,C,rigido,3719.8,855.6,1208.9,1716.67,3239.9
2024-10-01,RN-VLC-R027,C,rigido,4017.1,923.9,1305.5,1853.88,3498.9
2024-11-01,RN-VLC-R027,C,rigido,3787.3,871.1,1230.9,1747.83,3298.7
2024-12-01,RN-VLC-R027,C,rigido,5039.8,1159.2,1637.9,2325.85,4389.6
2025-01-01,RN-VLC-R027,C,rigido,3794.8,872.8,1233.3,1751.29,3305.3
2025-02-01,RN-VLC-R027,C,rigido,3388.5,779.4,1101.3,1563.79,2951.4
2025-03-01,RN-VLC-R027,C,rigido,4089.1,940.5,1328.9,1887.09,3561.6
2025-04-01,RN-VLC-R027,C,rigido,3557.3,818.2,1156.1,1641.66,3098.3
2025-05-01,RN-VLC-R027,C,rigido,4011.7,922.7,1303.8,1851.38,3494.2
2025-06-01,RN-VLC-R027,C,rigido,4351.0,1000.7,1414.1,2007.95,3789.7
2025-07-01,RN-VLC-R027,C,rigido,4413.3,1015.1,1434.3,2036.73,3844.0
2025-08-01,RN-VLC-R027,C,rigido,4062.9,934.5,1320.4,1875.0,3538.7
2025-09-01,RN-VLC-R027,C,rigido,3801.1,874.2,1235.3,1754.18,3310.7
2025-10-01,RN-VLC-R027,C,rigido,3917.4,901.0,1273.1,1807.85,3412.0
2025-11-01,RN-VLC-R027,C,rigido,3692.2,849.2,1199.9,1703.92,3215.8
2025-12-01,RN-VLC-R027,C,rigido,4565.2,1050.0,1483.7,2106.83,3976.3
2024-01-01,RN-VLC-R028,C,rigido,3667.8,843.6,1217.7,1729.11,3263.4
2024-02-01,RN-VLC-R028,C,rigido,3897.9,896.5,1294.1,1837.58,3468.1
2024-03-01,RN-VLC-R028,C,rigido,3602.4,828.5,1196.0,1698.26,3205.2
2024-04-01,RN-VLC-R028,C,rigido,3573.9,822.0,1186.5,1684.84,3179.8
2024-05-01,RN-VLC-R028,C,rigido,4289.8,986.6,1424.2,2022.31,3816.8
2024-06-01,RN-VLC-R028,C,rigido,3979.0,915.2,1321.0,1875.83,3540.3
2024-07-01,RN-VLC-R028,C,rigido,3956.9,910.1,1313.6,1865.38,3520.6
2024-08-01,RN-VLC-R028,C,rigido,3706.1,852.4,1230.4,1747.15,3297.4
2024-09-01,RN-VLC-R028,C,rigido,3869.6,890.0,1284.7,1824.22,3442.9
2024-10-01,RN-VLC-R028,C,rigido,3794.7,872.8,1259.8,1788.91,3376.3
2024-11-01,RN-VLC-R028,C,rigido,3891.1,894.9,1291.8,1834.37,3462.0
2024-12-01,RN-VLC-R028,C,rigido,4987.3,1147.1,1655.7,2351.15,4437.4
2025-01-01,RN-VLC-R028,C,rigido,3444.9,792.3,1143.7,1624.02,3065.1
2025-02-01,RN-VLC-R028,C,rigido,3782.0,869.9,1255.6,1782.95,3365.0
2025-03-01,RN-VLC-R028,C,rigido,4141.1,952.4,1374.8,1952.21,3684.5
2025-04-01,RN-VLC-R028,C,rigido,3791.1,872.0,1258.6,1787.25,3373.1
2025-05-01,RN-VLC-R028,C,rigido,3873.3,890.9,1285.9,1825.99,3446.2
2025-06-01,RN-VLC-R028,C,rigido,4181.9,961.8,1388.4,1971.46,3720.8
2025-07-01,RN-VLC-R028,C,rigido,4158.7,956.5,1380.7,1960.54,3700.2
2025-08-01,RN-VLC-R028,C,rigido,3739.0,860.0,1241.3,1762.65,3326.7
2025-09-01,RN-VLC-R028,C,rigido,4366.2,1004.2,1449.5,2058.33,3884.7
2025-10-01,RN-VLC-R028,C,rigido,4067.1,935.4,1350.3,1917.36,3618.7
2025-11-01,RN-VLC-R028,C,rigido,3789.4,871.6,1258.0,1786.42,3371.6
2025-12-01,RN-VLC-R028,C,rigido,4259.5,979.7,1414.1,2008.05,3789.8
2024-01-01,RN-VLC-R029,C,rigido,4061.3,934.1,1348.3,1914.62,3613.5
2024-02-01,RN-VLC-R029,C,rigido,3570.4,821.2,1185.3,1683.18,3176.7
2024-03-01,RN-VLC-R029,C,rigido,3828.1,880.5,1270.9,1804.69,3406.0
2024-04-01,RN-VLC-R029,C,rigido,3889.3,894.5,1291.2,1833.54,3460.5
2024-05-01,RN-VLC-R029,C,rigido,4197.6,965.4,1393.6,1978.85,3734.7
2024-06-01,RN-VLC-R029,C,rigido,3838.8,882.9,1274.4,1809.71,3415.5
2024-07-01,RN-VLC-R029,C,rigido,3958.9,910.5,1314.3,1866.32,3522.4
2024-08-01,RN-VLC-R029,C,rigido,3957.5,910.2,1313.8,1865.67,3521.1
2024-09-01,RN-VLC-R029,C,rigido,4228.2,972.5,1403.7,1993.28,3762.0
2024-10-01,RN-VLC-R029,C,rigido,4040.8,929.4,1341.5,1904.93,3595.2
2024-11-01,RN-VLC-R029,C,rigido,3772.2,867.6,1252.3,1778.33,3356.3
2024-12-01,RN-VLC-R029,C,rigido,4707.3,1082.7,1562.8,2219.16,4188.3
2025-01-01,RN-VLC-R029,C,rigido,3527.1,811.2,1171.0,1662.75,3138.2
2025-02-01,RN-VLC-R029,C,rigido,3607.2,829.6,1197.5,1700.51,3209.4
2025-03-01,RN-VLC-R029,C,rigido,4262.4,980.4,1415.1,2009.43,3792.4
2025-04-01,RN-VLC-R029,C,rigido,3528.9,811.6,1171.6,1663.61,3139.8
2025-05-01,RN-VLC-R029,C,rigido,4117.1,946.9,1366.8,1940.92,3663.1
2025-06-01,RN-VLC-R029,C,rigido,4216.6,969.8,1399.9,1987.82,3751.7
2025-07-01,RN-VLC-R029,C,rigido,4306.0,990.4,1429.5,2029.96,3831.2
2025-08-01,RN-VLC-R029,C,rigido,3757.1,864.1,1247.3,1771.22,3342.9
2025-09-01,RN-VLC-R029,C,rigido,4374.6,1006.2,1452.3,2062.31,3892.2
2025-10-01,RN-VLC-R029,C,rigido,4147.8,954.0,1377.0,1955.41,3690.5
2025-11-01,RN-VLC-R029,C,rigido,4324.6,994.7,1435.7,2038.75,3847.8
2025-12-01,RN-VLC-R029,C,rigido,4548.9,1046.3,1510.2,2144.49,4047.4
2024-01-01,RN-VLC-R030,C,rigido,3931.4,904.2,1305.2,1853.39,3497.9
2024-02-01,RN-VLC-R030,C,rigido,3523.8,810.5,1169.9,1661.21,3135.2
2024-03-01,RN-VLC-R030,C,rigido,4484.0,1031.3,1488.7,2113.89,3989.6
2024-04-01,RN-VLC-R030,C,rigido,4179.6,961.3,1387.6,1970.37,3718.7
2024-05-01,RN-VLC-R030,C,rigido,4289.5,986.6,1424.1,2022.2,3816.5
2024-06-01,RN-VLC-R030,C,rigido,4026.5,926.1,1336.8,1898.21,3582.5
2024-07-01,RN-VLC-R030,C,rigido,4285.2,985.6,1422.7,2020.17,3812.7
2024-08-01,RN-VLC-R030,C,rigido,3808.8,876.0,1264.5,1795.59,3388.9
2024-09-01,RN-VLC-R030,C,rigido,3861.7,888.2,1282.1,1820.53,3435.9
2024-10-01,RN-VLC-R030,C,rigido,4478.5,1030.0,1486.8,2111.28,3984.7
2024-11-01,RN-VLC-R030,C,rigido,4291.2,987.0,1424.6,2023.0,3818.1
2024-12-01,RN-VLC-R030,C,rigido,4591.2,1056.0,1524.2,2164.4,4084.9
2025-01-01,RN-VLC-R030,C,rigido,3536.2,813.3,1174.0,1667.09,3146.3
2025-02-01,RN-VLC-R030,C,rigido,3453.3,794.3,1146.5,1627.99,3072.5
2025-03-01,RN-VLC-R030,C,rigido,3591.2,826.0,1192.3,1693.01,3195.3
2025-04-01,RN-VLC-R030,C,rigido,3877.5,891.8,1287.3,1827.99,3450.0
2025-05-01,RN-VLC-R030,C,rigido,3882.2,892.9,1288.9,1830.18,3454.1
2025-06-01,RN-VLC-R030,C,rigido,3883.7,893.3,1289.4,1830.89,3455.5
2025-07-01,RN-VLC-R030,C,rigido,4242.4,975.7,1408.4,1999.97,3774.6
2025-08-01,RN-VLC-R030,C,rigido,3804.8,875.1,1263.1,1793.67,3385.2
2025-09-01,RN-VLC-R030,C,rigido,4071.1,936.4,1351.6,1919.25,3622.2
2025-10-01,RN-VLC-R030,C,rigido,3940.6,906.3,1308.2,1857.69,3506.1
2025-11-01,RN-VLC-R030,C,rigido,4172.3,959.6,1385.2,1966.93,3712.2
2025-12-01,RN-VLC-R030,C,rigido,4860.0,1117.8,1613.5,2291.16,4324.2
2024-01-01,RN-VLC-R031,C,rigido,3664.5,842.8,1203.8,1709.37,3226.1
2024-02-01,RN-VLC-R031,C,rigido,3451.7,793.9,1133.8,1610.06,3038.7
2024-03-01,RN-VLC-R031,C,rigido,3833.9,881.8,1259.4,1788.39,3375.3
2024-04-01,RN-VLC-R031,C,rigido,4046.8,930.8,1329.3,1887.66,3562.6
2024-05-01,RN-VLC-R031,C,rigido,3899.0,896.8,1280.8,1818.71,3432.5
2024-06-01,RN-VLC-R031,C,rigido,4648.3,1069.1,1526.9,2168.25,4092.2
2024-07-01,RN-VLC-R031,C,rigido,3876.9,891.7,1273.5,1808.41,3413.0
2024-08-01,RN-VLC-R031,C,rigido,3959.8,910.8,1300.8,1847.1,3486.1
2024-09-01,RN-VLC-R031,C,rigido,3842.9,883.9,1262.4,1792.55,3383.1
2024-10-01,RN-VLC-R031,C,rigido,3981.0,915.6,1307.7,1856.97,3504.7
2024-11-01,RN-VLC-R031,C,rigido,3699.8,851.0,1215.4,1725.81,3257.2
2024-12-01,RN-VLC-R031,C,rigido,4951.4,1138.8,1626.5,2309.66,4359.1
2025-01-01,RN-VLC-R031,C,rigido,3427.7,788.4,1126.0,1598.91,3017.7
2025-02-01,RN-VLC-R031,C,rigido,3836.7,882.4,1260.3,1789.65,3377.7
2025-03-01,RN-VLC-R031,C,rigido,4164.8,957.9,1368.1,1942.73,3666.6
2025-04-01,RN-VLC-R031,C,rigido,3754.8,863.6,1233.4,1751.48,3305.6
2025-05-01,RN-VLC-R031,C,rigido,3973.2,913.8,1305.2,1853.37,3497.9
2025-06-01,RN-VLC-R031,C,rigido,4508.5,1037.0,1481.0,2103.04,3969.1
2025-07-01,RN-VLC-R031,C,rigido,4233.9,973.8,1390.8,1974.94,3727.4
2025-08-01,RN-VLC-R031,C,rigido,4065.3,935.0,1335.4,1896.31,3579.0
2025-09-01,RN-VLC-R031,C,rigido,3975.4,914.3,1305.9,1854.37,3499.8
2025-10-01,RN-VLC-R031,C,rigido,3911.7,899.7,1285.0,1824.67,3443.7
2025-11-01,RN-VLC-R031,C,rigido,3994.0,918.6,1312.0,1863.03,3516.1
2025-12-01,RN-VLC-R031,C,rigido,5151.4,1184.8,1692.2,2402.92,4535.1
2024-01-01,RN-VLC-R032,C,rigido,3441.7,791.6,1130.6,1605.44,3030.0
2024-02-01,RN-VLC-R032,C,rigido,3863.2,888.5,1269.0,1802.04,3401.0
2024-03-01,RN-VLC-R032,C,rigido,3598.5,827.7,1182.1,1678.56,3168.0
2024-04-01,RN-VLC-R032,C,rigido,4733.7,1088.8,1555.0,2208.09,4167.4
2024-05-01,RN-VLC-R032,C,rigido,3674.0,845.0,1206.9,1713.76,3234.4
2024-06-01,RN-VLC-R032,C,rigido,4210.7,968.5,1383.2,1964.15,3707.0
2024-07-01,RN-VLC-R032,C,rigido,3692.8,849.4,1213.1,1722.56,3251.0
2024-08-01,RN-VLC-R032,C,rigido,3484.3,801.4,1144.6,1625.28,3067.4
2024-09-01,RN-VLC-R032,C,rigido,4160.5,956.9,1366.7,1940.69,3662.7
2024-10-01,RN-VLC-R032,C,rigido,4096.7,942.2,1345.7,1910.95,3606.6
2024-11-01,RN-VLC-R032,C,rigido,3630.8,835.1,1192.7,1693.64,3196.4
2024-12-01,RN-VLC-R032,C,rigido,5014.8,1153.4,1647.3,2339.22,4414.9
2025-01-01,RN-VLC-R032,C,rigido,3502.6,805.6,1150.6,1633.8,3083.5
2025-02-01,RN-VLC-R032,C,rigido,3418.4,786.2,1122.9,1594.55,3009.4
2025-03-01,RN-VLC-R032,C,rigido,4201.6,966.4,1380.2,1959.89,3699.0
2025-04-01,RN-VLC-R032,C,rigido,4194.9,964.8,1378.0,1956.76,3693.0
2025-05-01,RN-VLC-R032,C,rigido,3939.3,906.0,1294.0,1837.54,3468.0
2025-06-01,RN-VLC-R032,C,rigido,4041.8,929.6,1327.7,1885.32,3558.2
2025-07-01,RN-VLC-R032,C,rigido,4395.9,1011.1,1444.0,2050.53,3870.0
2025-08-01,RN-VLC-R032,C,rigido,3516.5,808.8,1155.2,1640.33,3095.8
2025-09-01,RN-VLC-R032,C,rigido,4405.1,1013.2,1447.1,2054.82,3878.1
2025-10-01,RN-VLC-R032,C,rigido,4235.6,974.2,1391.4,1975.74,3728.9
2025-11-01,RN-VLC-R032,C,rigido,4215.9,969.7,1384.9,1966.56,3711.5
2025-12-01,RN-VLC-R032,C,rigido,5442.7,1251.8,1787.9,2538.8,4791.5
2024-01-01,RN-VLC-R033,C,rigido,3911.8,899.7,1271.3,1805.28,3407.1
2024-02-01,RN-VLC-R033,C,rigido,3681.1,846.6,1196.3,1698.79,3206.2
2024-03-01,RN-VLC-R033,C,rigido,3849.5,885.4,1251.1,1776.54,3352.9
2024-04-01,RN-VLC-R033,C,rigido,4155.3,955.7,1350.5,1917.65,3619.2
2024-05-01,RN-VLC-R033,C,rigido,3864.3,888.8,1255.9,1783.36,3365.8
2024-06-01,RN-VLC-R033,C,rigido,3853.3,886.3,1252.3,1778.29,3356.2
2024-07-01,RN-VLC-R033,C,rigido,4425.3,1017.8,1438.2,2042.27,3854.4
2024-08-01,RN-VLC-R033,C,rigido,3443.1,791.9,1119.0,1588.99,2998.9
2024-09-01,RN-VLC-R033,C,rigido,3673.4,844.9,1193.9,1695.27,3199.5
2024-10-01,RN-VLC-R033,C,rigido,4272.1,982.6,1388.4,1971.56,3721.0
2024-11-01,RN-VLC-R033,C,rigido,4258.6,979.5,1384.0,1965.3,3709.2
2024-12-01,RN-VLC-R033,C,rigido,5110.8,1175.5,1661.0,2358.59,4451.4
2025-01-01,RN-VLC-R033,C,rigido,3224.5,741.6,1047.9,1488.08,2808.5
2025-02-01,RN-VLC-R033,C,rigido,3061.1,704.0,994.8,1412.67,2666.2
2025-03-01,RN-VLC-R033,C,rigido,3830.7,881.1,1244.9,1767.83,3336.5
2025-04-01,RN-VLC-R033,C,rigido,3870.2,890.1,1257.8,1786.05,3370.9
2025-05-01,RN-VLC-R033,C,rigido,3872.8,890.7,1258.6,1787.27,3373.2
2025-06-01,RN-VLC-R033,C,rigido,4172.6,959.7,1356.1,1925.63,3634.3
2025-07-01,RN-VLC-R033,C,rigido,4299.3,988.8,1397.2,1984.08,3744.6
2025-08-01,RN-VLC-R033,C,rigido,3638.8,836.9,1182.6,1679.3,3169.4
2025-09-01,RN-VLC-R033,C,rigido,4138.5,951.9,1345.0,1909.91,3604.6
2025-10-01,RN-VLC-R033,C,rigido,3733.2,858.6,1213.3,1722.85,3251.6
2025-11-01,RN-VLC-R033,C,rigido,3999.6,919.9,1299.9,1845.8,3483.6
2025-12-01,RN-VLC-R033,C,rigido,4759.4,1094.7,1546.8,2196.45,4145.4
2024-01-01,RN-VLC-R034,C,rigido,3519.9,809.6,1144.0,1624.42,3065.8
2024-02-01,RN-VLC-R034,C,rigido,3718.7,855.3,1208.6,1716.17,3239.0
2024-03-01,RN-VLC-R034,C,rigido,4278.2,984.0,1390.4,1974.34,3726.2
2024-04-01,RN-VLC-R034,C,rigido,4306.8,990.6,1399.7,1987.58,3751.2
2024-05-01,RN-VLC-R034,C,rigido,4035.8,928.2,1311.6,1862.49,3515.1
2024-06-01,RN-VLC-R034,C,rigido,4164.8,957.9,1353.5,1922.03,3627.5
2024-07-01,RN-VLC-R034,C,rigido,4506.1,1036.4,1464.5,2079.56,3924.8
2024-08-01,RN-VLC-R034,C,rigido,3788.5,871.4,1231.3,1748.39,3299.8
2024-09-01,RN-VLC-R034,C,rigido,4116.5,946.8,1337.9,1899.75,3585.4
2024-10-01,RN-VLC-R034,C,rigido,3608.2,829.9,1172.6,1665.16,3142.7
2024-11-01,RN-VLC-R034,C,rigido,3704.9,852.1,1204.1,1709.78,3226.9
2024-12-01,RN-VLC-R034,C,rigido,4758.8,1094.5,1546.6,2196.18,4144.9
2025-01-01,RN-VLC-R034,C,rigido,3606.4,829.5,1172.1,1664.35,3141.2
2025-02-01,RN-VLC-R034,C,rigido,3801.4,874.3,1235.4,1754.33,3311.0
2025-03-01,RN-VLC-R034,C,rigido,4015.3,923.5,1305.0,1853.03,3497.3
2025-04-01,RN-VLC-R034,C,rigido,3538.5,813.9,1150.0,1633.02,3082.0
2025-05-01,RN-VLC-R034,C,rigido,3846.9,884.8,1250.2,1775.31,3350.6
2025-06-01,RN-VLC-R034,C,rigido,4474.2,1029.1,1454.1,2064.83,3897.0
2025-07-01,RN-VLC-R034,C,rigido,3788.9,871.4,1231.4,1748.54,3300.1
2025-08-01,RN-VLC-R034,C,rigido,3760.4,864.9,1222.1,1735.42,3275.3
2025-09-01,RN-VLC-R034,C,rigido,3928.2,903.5,1276.7,1812.86,3421.5
2025-10-01,RN-VLC-R034,C,rigido,3851.9,885.9,1251.8,1777.62,3354.9
2025-11-01,RN-VLC-R034,C,rigido,3732.3,858.4,1213.0,1722.43,3250.8
2025-12-01,RN-VLC-R034,C,rigido,4470.8,1028.3,1453.0,2063.26,3894.0
2024-01-01,RN-VLC-R035,C,rigido,3958.0,910.3,1258.6,1787.27,3373.2
2024-02-01,RN-VLC-R035,C,rigido,3504.1,805.9,1114.3,1582.32,2986.3
2024-03-01,RN-VLC-R035,C,rigido,3810.7,876.5,1211.8,1720.75,3247.6
2024-04-01,RN-VLC-R035,C,rigido,4199.8,966.0,1335.5,1896.47,3579.3
2024-05-01,RN-VLC-R035,C,rigido,4170.9,959.3,1326.3,1883.41,3554.6
2024-06-01,RN-VLC-R035,C,rigido,4568.0,1050.6,1452.6,2062.74,3893.1
2024-07-01,RN-VLC-R035,C,rigido,3967.8,912.6,1261.8,1791.69,3381.5
2024-08-01,RN-VLC-R035,C,rigido,3721.6,856.0,1183.5,1680.52,3171.7
2024-09-01,RN-VLC-R035,C,rigido,3951.9,908.9,1256.7,1784.53,3368.0
2024-10-01,RN-VLC-R035,C,rigido,4070.2,936.1,1294.3,1837.93,3468.8
2024-11-01,RN-VLC-R035,C,rigido,3196.1,735.1,1016.4,1443.24,2723.9
2024-12-01,RN-VLC-R035,C,rigido,4681.2,1076.7,1488.6,2113.82,3989.5
2025-01-01,RN-VLC-R035,C,rigido,3242.4,745.7,1031.1,1464.12,2763.3
2025-02-01,RN-VLC-R035,C,rigido,3687.7,848.2,1172.7,1665.2,3142.8
2025-03-01,RN-VLC-R035,C,rigido,3805.2,875.2,1210.1,1718.28,3243.0
2025-04-01,RN-VLC-R035,C,rigido,4054.1,932.4,1289.2,1830.67,3455.1
2025-05-01,RN-VLC-R035,C,rigido,3890.0,894.7,1237.0,1756.57,3315.2
2025-06-01,RN-VLC-R035,C,rigido,4037.0,928.5,1283.8,1822.95,3440.5
2025-07-01,RN-VLC-R035,C,rigido,4096.2,942.1,1302.6,1849.66,3490.9
2025-08-01,RN-VLC-R035,C,rigido,4074.8,937.2,1295.8,1840.01,3472.7
2025-09-01,RN-VLC-R035,C,rigido,4051.1,931.8,1288.3,1829.32,3452.5
2025-10-01,RN-VLC-R035,C,rigido,4056.3,933.0,1289.9,1831.67,3456.9
2025-11-01,RN-VLC-R035,C,rigido,4400.1,1012.0,1399.2,1986.91,3750.0
2025-12-01,RN-VLC-R035,C,rigido,5184.8,1192.5,1648.8,2341.26,4418.7
2024-01-01,RN-VLC-R036,C,rigido,4164.7,957.9,1397.2,1984.04,3744.5
2024-02-01,RN-VLC-R036,C,rigido,3726.0,857.0,1250.0,1775.07,3350.1
2024-03-01,RN-VLC-R036,C,rigido,3743.8,861.1,1256.0,1783.55,3366.1
2024-04-01,RN-VLC-R036,C,rigido,3469.6,798.0,1164.0,1652.91,3119.6
2024-05-01,RN-VLC-R036,C,rigido,4105.6,944.3,1377.4,1955.9,3691.4
2024-06-01,RN-VLC-R036,C,rigido,4457.4,1025.2,1495.4,2123.49,4007.7
2024-07-01,RN-VLC-R036,C,rigido,3730.8,858.1,1251.7,1777.35,3354.4
2024-08-01,RN-VLC-R036,C,rigido,3852.8,886.2,1292.6,1835.48,3464.1
2024-09-01,RN-VLC-R036,C,rigido,3736.0,859.3,1253.4,1779.79,3359.0
2024-10-01,RN-VLC-R036,C,rigido,4003.8,920.9,1343.3,1907.42,3599.9
2024-11-01,RN-VLC-R036,C,rigido,4459.6,1025.7,1496.1,2124.53,4009.7
2024-12-01,RN-VLC-R036,C,rigido,4970.5,1143.2,1667.5,2367.91,4469.0
2025-01-01,RN-VLC-R036,C,rigido,3687.4,848.1,1237.1,1756.67,3315.4
2025-02-01,RN-VLC-R036,C,rigido,3440.7,791.4,1154.3,1639.13,3093.6
2025-03-01,RN-VLC-R036,C,rigido,4301.8,989.4,1443.2,2049.34,3867.8
2025-04-01,RN-VLC-R036,C,rigido,3594.8,826.8,1206.0,1712.56,3232.2
2025-05-01,RN-VLC-R036,C,rigido,4204.8,967.1,1410.7,2003.15,3780.6
2025-06-01,RN-VLC-R036,C,rigido,3837.2,882.6,1287.4,1828.05,3450.1
2025-07-01,RN-VLC-R036,C,rigido,4064.7,934.9,1363.7,1936.4,3654.6
2025-08-01,RN-VLC-R036,C,rigido,3838.0,882.7,1287.6,1828.42,3450.8
2025-09-01,RN-VLC-R036,C,rigido,3512.8,808.0,1178.5,1673.5,3158.4
2025-10-01,RN-VLC-R036,C,rigido,3978.8,915.1,1334.9,1895.49,3577.4
2025-11-01,RN-VLC-R036,C,rigido,4043.0,929.9,1356.4,1926.05,3635.1
2025-12-01,RN-VLC-R036,C,rigido,4369.0,1004.9,1465.8,2081.38,3928.2
2024-01-01,RN-VLC-R037,C,rigido,3892.4,895.2,1278.6,1815.65,3426.7
2024-02-01,RN-VLC-R037,C,rigido,3860.6,887.9,1268.2,1800.81,3398.7
2024-03-01,RN-VLC-R037,C,rigido,3595.8,827.0,1181.2,1677.33,3165.7
2024-04-01,RN-VLC-R037,C,rigido,4116.6,946.8,1352.3,1920.24,3624.1
2024-05-01,RN-VLC-R037,C,rigido,3290.2,756.8,1080.8,1534.77,2896.6
2024-06-01,RN-VLC-R037,C,rigido,3665.5,843.1,1204.1,1709.81,3227.0
2024-07-01,RN-VLC-R037,C,rigido,3958.7,910.5,1300.4,1846.59,3485.1
2024-08-01,RN-VLC-R037,C,rigido,3790.0,871.7,1245.0,1767.91,3336.6
2024-09-01,RN-VLC-R037,C,rigido,3689.9,848.7,1212.1,1721.22,3248.5
2024-10-01,RN-VLC-R037,C,rigido,3648.4,839.1,1198.5,1701.83,3211.9
2024-11-01,RN-VLC-R037,C,rigido,3856.8,887.1,1267.0,1799.07,3395.4
2024-12-01,RN-VLC-R037,C,rigido,4390.0,1009.7,1442.1,2047.74,3864.8
2025-01-01,RN-VLC-R037,C,rigido,3361.7,773.2,1104.3,1568.09,2959.5
2025-02-01,RN-VLC-R037,C,rigido,3925.1,902.8,1289.4,1830.9,3455.5
2025-03-01,RN-VLC-R037,C,rigido,4083.1,939.1,1341.3,1904.59,3594.6
2025-04-01,RN-VLC-R037,C,rigido,4682.4,1077.0,1538.1,2184.16,4122.2
2025-05-01,RN-VLC-R037,C,rigido,4535.5,1043.2,1489.9,2115.62,3992.9
2025-06-01,RN-VLC-R037,C,rigido,4552.1,1047.0,1495.4,2123.4,4007.5
2025-07-01,RN-VLC-R037,C,rigido,4266.3,981.3,1401.5,1990.08,3755.9
2025-08-01,RN-VLC-R037,C,rigido,3598.8,827.7,1182.2,1678.72,3168.3
2025-09-01,RN-VLC-R037,C,rigido,3938.6,905.9,1293.8,1837.21,3467.4
2025-10-01,RN-VLC-R037,C,rigido,3985.8,916.7,1309.3,1859.23,3509.0
2025-11-01,RN-VLC-R037,C,rigido,4224.8,971.7,1387.8,1970.7,3719.3
2025-12-01,RN-VLC-R037,C,rigido,4305.9,990.3,1414.5,2008.52,3790.7
2024-01-01,RN-VLC-R038,C,rigido,4006.9,921.6,1302.2,1849.17,3490.0
2024-02-01,RN-VLC-R038,C,rigido,3469.9,798.1,1127.7,1601.35,3022.3
2024-03-01,RN-VLC-R038,C,rigido,4165.8,958.1,1353.9,1922.48,3628.3
2024-04-01,RN-VLC-R038,C,rigido,4220.6,970.7,1371.7,1947.77,3676.1
2024-05-01,RN-VLC-R038,C,rigido,4002.7,920.6,1300.8,1847.21,3486.3
2024-06-01,RN-VLC-R038,C,rigido,3492.4,803.2,1135.0,1611.72,3041.8
2024-07-01,RN-VLC-R038,C,rigido,4014.2,923.3,1304.6,1852.53,3496.3
2024-08-01,RN-VLC-R038,C,rigido,4107.2,944.7,1334.8,1895.47,3577.4
2024-09-01,RN-VLC-R038,C,rigido,3874.3,891.1,1259.1,1787.95,3374.4
2024-10-01,RN-VLC-R038,C,rigido,4184.6,962.5,1360.0,1931.18,3644.8
2024-11-01,RN-VLC-R038,C,rigido,4025.6,925.9,1308.3,1857.8,3506.3
2024-12-01,RN-VLC-R038,C,rigido,4663.5,1072.6,1515.6,2152.2,4061.9
2025-01-01,RN-VLC-R038,C,rigido,3689.2,848.5,1199.0,1702.54,3213.2
2025-02-01,RN-VLC-R038,C,rigido,3740.4,860.3,1215.6,1726.17,3257.8
2025-03-01,RN-VLC-R038,C,rigido,3604.1,828.9,1171.3,1663.26,3139.1
2025-04-01,RN-VLC-R038,C,rigido,4231.8,973.3,1375.3,1952.94,3685.8
2025-05-01,RN-VLC-R038,C,rigido,4062.4,934.4,1320.3,1874.79,3538.3
2025-06-01,RN-VLC-R038,C,rigido,4282.7,985.0,1391.9,1976.46,3730.2
2025-07-01,RN-VLC-R038,C,rigido,4225.1,971.8,1373.1,1949.87,3680.0
2025-08-01,RN-VLC-R038,C,rigido,4159.2,956.6,1351.7,1919.44,3622.6
2025-09-01,RN-VLC-R038,C,rigido,4406.6,1013.5,1432.1,2033.62,3838.1
2025-10-01,RN-VLC-R038,C,rigido,4102.1,943.5,1333.2,1893.11,3572.9
2025-11-01,RN-VLC-R038,C,rigido,4328.8,995.6,1406.8,1997.69,3770.3
2025-12-01,RN-VLC-R038,C,rigido,4696.7,1080.2,1526.4,2167.51,4090.8
2024-01-01,RN-VLC-R039,C,rigido,3517.3,809.0,1155.4,1640.69,3096.5
2024-02-01,RN-VLC-R039,C,rigido,3599.8,828.0,1182.5,1679.17,3169.1
2024-03-01,RN-VLC-R039,C,rigido,3642.7,837.8,1196.6,1699.18,3206.9
2024-04-01,RN-VLC-R039,C,rigido,4089.2,940.5,1343.3,1907.46,3600.0
2024-05-01,RN-VLC-R039,C,rigido,3775.0,868.2,1240.1,1760.88,3323.4
2024-06-01,RN-VLC-R039,C,rigido,4231.5,973.3,1390.0,1973.85,3725.3
2024-07-01,RN-VLC-R039,C,rigido,4203.9,966.9,1381.0,1960.97,3701.0
2024-08-01,RN-VLC-R039,C,rigido,4043.4,930.0,1328.2,1886.11,3559.7
2024-09-01,RN-VLC-R039,C,rigido,3749.9,862.5,1231.8,1749.17,3301.2
2024-10-01,RN-VLC-R039,C,rigido,3945.8,907.5,1296.2,1840.55,3473.7
2024-11-01,RN-VLC-R039,C,rigido,4119.1,947.4,1353.1,1921.4,3626.3
2024-12-01,RN-VLC-R039,C,rigido,4663.7,1072.6,1532.0,2175.43,4105.7
2025-01-01,RN-VLC-R039,C,rigido,3819.5,878.5,1254.7,1781.64,3362.5
2025-02-01,RN-VLC-R039,C,rigido,3141.8,722.6,1032.1,1465.53,2765.9
2025-03-01,RN-VLC-R039,C,rigido,3876.4,891.6,1273.4,1808.18,3412.6
2025-04-01,RN-VLC-R039,C,rigido,4095.9,942.1,1345.5,1910.57,3605.9
2025-05-01,RN-VLC-R039,C,rigido,3743.9,861.1,1229.8,1746.36,3296.0
2025-06-01,RN-VLC-R039,C,rigido,3592.5,826.3,1180.1,1675.79,3162.8
2025-07-01,RN-VLC-R039,C,rigido,4320.0,993.6,1419.1,2015.1,3803.1
2025-08-01,RN-VLC-R039,C,rigido,4277.0,983.7,1405.0,1995.05,3765.3
2025-09-01,RN-VLC-R039,C,rigido,4188.8,963.4,1376.0,1953.91,3687.7
2025-10-01,RN-VLC-R039,C,rigido,4090.2,940.7,1343.6,1907.9,3600.8
2025-11-01,RN-VLC-R039,C,rigido,3701.2,851.3,1215.8,1726.44,3258.4
2025-12-01,RN-VLC-R039,C,rigido,4583.3,1054.2,1505.6,2137.96,4035.0
2024-01-01,RN-VLC-R040,C,rigido,3543.8,815.1,1176.5,1670.63,3153.0
2024-02-01,RN-VLC-R040,C,rigido,3976.7,914.6,1320.2,1874.73,3538.2
2024-03-01,RN-VLC-R040,C,rigido,3954.0,909.4,1312.7,1864.03,3518.0
2024-04-01,RN-VLC-R040,C,rigido,4135.0,951.0,1372.8,1949.35,3679.0
2024-05-01,RN-VLC-R040,C,rigido,3886.7,893.9,1290.3,1832.29,3458.1
2024-06-01,RN-VLC-R040,C,rigido,4411.0,1014.5,1464.4,2079.47,3924.6
2024-07-01,RN-VLC-R040,C,rigido,4050.4,931.6,1344.7,1909.45,3603.8
2024-08-01,RN-VLC-R040,C,rigido,3689.6,848.6,1224.9,1739.4,3282.8
2024-09-01,RN-VLC-R040,C,rigido,4310.4,991.4,1431.0,2032.02,3835.1
2024-10-01,RN-VLC-R040,C,rigido,3879.1,892.2,1287.8,1828.73,3451.4
2024-11-01,RN-VLC-R040,C,rigido,4799.2,1103.8,1593.3,2262.46,4270.0
2024-12-01,RN-VLC-R040,C,rigido,4987.9,1147.2,1655.9,2351.43,4437.9
2025-01-01,RN-VLC-R040,C,rigido,3730.3,858.0,1238.4,1758.59,3319.0
2025-02-01,RN-VLC-R040,C,rigido,4153.8,955.4,1379.0,1958.21,3695.8
2025-03-01,RN-VLC-R040,C,rigido,4227.1,972.2,1403.4,1992.77,3761.0
2025-04-01,RN-VLC-R040,C,rigido,4171.3,959.4,1384.9,1966.49,3711.4
2025-05-01,RN-VLC-R040,C,rigido,3801.0,874.2,1261.9,1791.89,3381.9
2025-06-01,RN-VLC-R040,C,rigido,4557.9,1048.3,1513.2,2148.71,4055.3
2025-07-01,RN-VLC-R040,C,rigido,4371.9,1005.5,1451.4,2061.03,3889.8
2025-08-01,RN-VLC-R040,C,rigido,3832.0,881.4,1272.2,1806.54,3409.5
2025-09-01,RN-VLC-R040,C,rigido,4057.5,933.2,1347.1,1912.84,3610.1
2025-10-01,RN-VLC-R040,C,rigido,4187.4,963.1,1390.2,1974.05,3725.7
2025-11-01,RN-VLC-R040,C,rigido,3847.3,884.9,1277.3,1813.74,3423.1
2025-12-01,RN-VLC-R040,C,rigido,4947.0,1137.8,1642.4,2332.16,4401.5
2024-01-01,RN-VLC-R041,C,rigido,3839.8,883.1,1288.2,1829.25,3452.4
2024-02-01,RN-VLC-R041,C,rigido,3351.7,770.9,1124.5,1596.72,3013.5
2024-03-01,RN-VLC-R041,C,rigido,4050.7,931.7,1359.0,1929.71,3642.0
2024-04-01,RN-VLC-R041,C,rigido,3763.4,865.6,1262.6,1792.85,3383.7
2024-05-01,RN-VLC-R041,C,rigido,3262.1,750.3,1094.4,1554.03,2933.0
2024-06-01,RN-VLC-R041,C,rigido,3984.9,916.5,1336.9,1898.4,3582.9
2024-07-01,RN-VLC-R041,C,rigido,3839.1,883.0,1288.0,1828.92,3451.8
2024-08-01,RN-VLC-R041,C,rigido,3690.1,848.7,1238.0,1757.93,3317.8
2024-09-01,RN-VLC-R041,C,rigido,4288.8,986.4,1438.9,2043.18,3856.2
2024-10-01,RN-VLC-R041,C,rigido,3990.5,917.8,1338.8,1901.05,3587.9
2024-11-01,RN-VLC-R041,C,rigido,4193.2,964.4,1406.8,1997.64,3770.2
2024-12-01,RN-VLC-R041,C,rigido,4319.7,993.5,1449.2,2057.89,3883.9
2025-01-01,RN-VLC-R041,C,rigido,3658.2,841.4,1227.3,1742.77,3289.2
2025-02-01,RN-VLC-R041,C,rigido,3380.2,777.4,1134.0,1610.31,3039.2
2025-03-01,RN-VLC-R041,C,rigido,4125.5,948.9,1384.0,1965.35,3709.3
2025-04-01,RN-VLC-R041,C,rigido,3770.0,867.1,1264.8,1796.0,3389.6
2025-05-01,RN-VLC-R041,C,rigido,4218.5,970.3,1415.3,2009.68,3792.9
2025-06-01,RN-VLC-R041,C,rigido,4135.1,951.1,1387.3,1969.97,3718.0
2025-07-01,RN-VLC-R041,C,rigido,3562.9,819.5,1195.3,1697.34,3203.4
2025-08-01,RN-VLC-R041,C,rigido,4267.1,981.4,1431.6,2032.83,3836.6
2025-09-01,RN-VLC-R041,C,rigido,3250.0,747.5,1090.4,1548.3,2922.1
2025-10-01,RN-VLC-R041,C,rigido,3654.0,840.4,1225.9,1740.77,3285.4
2025-11-01,RN-VLC-R041,C,rigido,3879.4,892.3,1301.5,1848.12,3488.0
2025-12-01,RN-VLC-R041,C,rigido,4939.7,1136.1,1657.2,2353.23,4441.3
2024-01-01,RN-VLC-R042,C,rigido,3893.1,895.4,1292.5,1835.34,3463.9
2024-02-01,RN-VLC-R042,C,rigido,3385.5,778.7,1124.0,1596.04,3012.2
2024-03-01,RN-VLC-R042,C,rigido,4170.2,959.1,1384.5,1965.96,3710.4
2024-04-01,RN-VLC-R042,C,rigido,4680.3,1076.5,1553.8,2206.43,4164.2
2024-05-01,RN-VLC-R042,C,rigido,3509.4,807.2,1165.1,1654.43,3122.4
2024-06-01,RN-VLC-R042,C,rigido,4130.1,949.9,1371.2,1947.06,3674.7
2024-07-01,RN-VLC-R042,C,rigido,3770.4,867.2,1251.7,1777.48,3354.7
2024-08-01,RN-VLC-R042,C,rigido,3877.4,891.8,1287.3,1827.94,3449.9
2024-09-01,RN-VLC-R042,C,rigido,3898.5,896.6,1294.3,1837.84,3468.6
2024-10-01,RN-VLC-R042,C,rigido,4124.4,948.6,1369.3,1944.34,3669.6
2024-11-01,RN-VLC-R042,C,rigido,4751.9,1092.9,1577.6,2240.16,4227.9
2024-12-01,RN-VLC-R042,C,rigido,4763.8,1095.7,1581.5,2245.77,4238.5
2025-01-01,RN-VLC-R042,C,rigido,3904.1,898.0,1296.1,1840.53,3473.7
2025-02-01,RN-VLC-R042,C,rigido,3372.8,775.8,1119.8,1590.05,3000.9
2025-03-01,RN-VLC-R042,C,rigido,3865.8,889.1,1283.4,1822.46,3439.6
2025-04-01,RN-VLC-R042,C,rigido,3730.4,858.0,1238.5,1758.62,3319.1
2025-05-01,RN-VLC-R042,C,rigido,3921.2,901.9,1301.8,1848.57,3488.8
2025-06-01,RN-VLC-R042,C,rigido,3989.4,917.6,1324.5,1880.73,3549.6
2025-07-01,RN-VLC-R042,C,rigido,3949.8,908.4,1311.3,1862.03,3514.2
2025-08-01,RN-VLC-R042,C,rigido,3410.6,784.4,1132.3,1607.83,3034.5
2025-09-01,RN-VLC-R042,C,rigido,3968.3,912.7,1317.4,1870.77,3530.8
2025-10-01,RN-VLC-R042,C,rigido,3697.4,850.4,1227.5,1743.04,3289.7
2025-11-01,RN-VLC-R042,C,rigido,3931.4,904.2,1305.2,1853.38,3497.9
2025-12-01,RN-VLC-R042,C,rigido,4953.0,1139.2,1644.4,2334.98,4406.9
2024-01-01,RN-SEV-F001,D,furgoneta,2669.3,907.6,304.9,433.02,817.3
2024-02-01,RN-SEV-F001,D,furgoneta,2357.9,801.7,269.4,382.5,721.9
2024-03-01,RN-SEV-F001,D,furgoneta,2202.6,748.9,251.6,357.3,674.3
2024-04-01,RN-SEV-F001,D,furgoneta,2539.6,863.5,290.1,411.97,777.5
2024-05-01,RN-SEV-F001,D,furgoneta,2680.4,911.3,306.2,434.81,820.6
2024-06-01,RN-SEV-F001,D,furgoneta,2606.0,886.0,297.7,422.74,797.9
2024-07-01,RN-SEV-F001,D,furgoneta,2687.3,913.7,307.0,435.93,822.7
2024-08-01,RN-SEV-F001,D,furgoneta,2631.3,894.7,300.6,426.86,805.6
2024-09-01,RN-SEV-F001,D,furgoneta,2770.0,941.8,316.4,449.35,848.1
2024-10-01,RN-SEV-F001,D,furgoneta,2404.4,817.5,274.7,390.04,736.1
2024-11-01,RN-SEV-F001,D,furgoneta,2821.8,959.4,322.4,457.75,863.9
2024-12-01,RN-SEV-F001,D,furgoneta,3120.5,1061.0,356.5,506.21,955.4
2025-01-01,RN-SEV-F001,D,furgoneta,2468.2,839.2,282.0,400.4,755.7
2025-02-01,RN-SEV-F001,D,furgoneta,2486.4,845.4,284.0,403.34,761.2
2025-03-01,RN-SEV-F001,D,furgoneta,2529.6,860.1,289.0,410.36,774.5
2025-04-01,RN-SEV-F001,D,furgoneta,2724.0,926.2,311.2,441.9,834.0
2025-05-01,RN-SEV-F001,D,furgoneta,2873.5,977.0,328.3,466.14,879.8
2025-06-01,RN-SEV-F001,D,furgoneta,2537.3,862.7,289.9,411.61,776.8
2025-07-01,RN-SEV-F001,D,furgoneta,2928.4,995.6,334.5,475.04,896.6
2025-08-01,RN-SEV-F001,D,furgoneta,2814.7,957.0,321.5,456.6,861.7
2025-09-01,RN-SEV-F001,D,furgoneta,2837.2,964.7,324.1,460.26,868.7
2025-10-01,RN-SEV-F001,D,furgoneta,2767.6,941.0,316.2,448.97,847.3
2025-11-01,RN-SEV-F001,D,furgoneta,2919.1,992.5,333.5,473.54,893.7
2025-12-01,RN-SEV-F001,D,furgoneta,3408.2,1158.8,389.4,552.89,1043.5
2024-01-01,RN-SEV-F002,D,furgoneta,2788.0,947.9,292.7,415.68,784.5
2024-02-01,RN-SEV-F002,D,furgoneta,2394.2,814.0,251.4,356.98,673.7
2024-03-01,RN-SEV-F002,D,furgoneta,2473.3,840.9,259.7,368.77,696.0
2024-04-01,RN-SEV-F002,D,furgoneta,2700.6,918.2,283.6,402.65,759.9
2024-05-01,RN-SEV-F002,D,furgoneta,2508.4,852.9,263.4,374.01,705.9
2024-06-01,RN-SEV-F002,D,furgoneta,2699.7,917.9,283.5,402.53,759.7
2024-07-01,RN-SEV-F002,D,furgoneta,2712.8,922.4,284.8,404.48,763.4
2024-08-01,RN-SEV-F002,D,furgoneta,2548.7,866.5,267.6,380.01,717.2
2024-09-01,RN-SEV-F002,D,furgoneta,2741.9,932.2,287.9,408.81,771.6
2024-10-01,RN-SEV-F002,D,furgoneta,2475.6,841.7,259.9,369.12,696.6
2024-11-01,RN-SEV-F002,D,furgoneta,2882.0,979.9,302.6,429.71,811.0
2024-12-01,RN-SEV-F002,D,furgoneta,3096.2,1052.7,325.1,461.65,871.3
2025-01-01,RN-SEV-F002,D,furgoneta,2753.3,936.1,289.1,410.51,774.8
2025-02-01,RN-SEV-F002,D,furgoneta,2141.8,728.2,224.9,319.34,602.7
2025-03-01,RN-SEV-F002,D,furgoneta,2712.5,922.2,284.8,404.43,763.3
2025-04-01,RN-SEV-F002,D,furgoneta,2835.8,964.2,297.8,422.82,798.0
2025-05-01,RN-SEV-F002,D,furgoneta,2790.9,948.9,293.0,416.13,785.4
2025-06-01,RN-SEV-F002,D,furgoneta,2853.5,970.2,299.6,425.45,803.0
2025-07-01,RN-SEV-F002,D,furgoneta,2888.1,982.0,303.3,430.62,812.7
2025-08-01,RN-SEV-F002,D,furgoneta,2530.9,860.5,265.7,377.36,712.2
2025-09-01,RN-SEV-F002,D,furgoneta,2664.8,906.0,279.8,397.31,749.9
2025-10-01,RN-SEV-F002,D,furgoneta,2713.4,922.6,284.9,404.57,763.6
2025-11-01,RN-SEV-F002,D,furgoneta,2715.2,923.2,285.1,404.84,764.1
2025-12-01,RN-SEV-F002,D,furgoneta,3188.4,1084.0,334.8,475.38,897.2
2024-01-01,RN-SEV-F003,D,furgoneta,2046.9,696.0,226.8,321.99,607.7
2024-02-01,RN-SEV-F003,D,furgoneta,2566.1,872.5,284.3,403.65,761.8
2024-03-01,RN-SEV-F003,D,furgoneta,2726.9,927.2,302.1,428.95,809.6
2024-04-01,RN-SEV-F003,D,furgoneta,3083.2,1048.3,341.5,484.99,915.3
2024-05-01,RN-SEV-F003,D,furgoneta,2878.8,978.8,318.9,452.83,854.6
2024-06-01,RN-SEV-F003,D,furgoneta,2695.2,916.4,298.6,423.96,800.1
2024-07-01,RN-SEV-F003,D,furgoneta,2903.4,987.2,321.6,456.71,862.0
2024-08-01,RN-SEV-F003,D,furgoneta,2525.1,858.5,279.7,397.2,749.7
2024-09-01,RN-SEV-F003,D,furgoneta,2771.8,942.4,307.0,436.01,822.9
2024-10-01,RN-SEV-F003,D,furgoneta,2545.8,865.6,282.0,400.45,755.8
2024-11-01,RN-SEV-F003,D,furgoneta,2858.2,971.8,316.6,449.6,848.5
2024-12-01,RN-SEV-F003,D,furgoneta,3410.6,1159.6,377.8,536.49,1012.5
2025-01-01,RN-SEV-F003,D,furgoneta,2437.7,828.8,270.0,383.45,723.7
2025-02-01,RN-SEV-F003,D,furgoneta,2113.2,718.5,234.1,332.4,627.3
2025-03-01,RN-SEV-F003,D,furgoneta,2451.5,833.5,271.6,385.63,727.8
2025-04-01,RN-SEV-F003,D,furgoneta,2580.9,877.5,285.9,405.98,766.2
2025-05-01,RN-SEV-F003,D,furgoneta,2486.0,845.2,275.4,391.04,738.0
2025-06-01,RN-SEV-F003,D,furgoneta,2703.9,919.3,299.5,425.33,802.7
2025-07-01,RN-SEV-F003,D,furgoneta,2684.2,912.6,297.3,422.22,796.9
2025-08-01,RN-SEV-F003,D,furgoneta,2380.1,809.2,263.7,374.4,706.6
2025-09-01,RN-SEV-F003,D,furgoneta,2724.7,926.4,301.8,428.6,808.9
2025-10-01,RN-SEV-F003,D,furgoneta,2449.4,832.8,271.3,385.3,727.2
2025-11-01,RN-SEV-F003,D,furgoneta,2809.1,955.1,311.2,441.88,834.0
2025-12-01,RN-SEV-F003,D,furgoneta,2695.7,916.5,298.6,424.03,800.3
2024-01-01,RN-SEV-F004,D,furgoneta,2262.5,769.2,248.0,352.18,664.7
2024-02-01,RN-SEV-F004,D,furgoneta,2171.1,738.2,238.0,337.96,637.8
2024-03-01,RN-SEV-F004,D,furgoneta,2718.7,924.4,298.0,423.2,798.7
2024-04-01,RN-SEV-F004,D,furgoneta,2574.8,875.4,282.2,400.79,756.4
2024-05-01,RN-SEV-F004,D,furgoneta,2741.9,932.2,300.6,426.8,805.5
2024-06-01,RN-SEV-F004,D,furgoneta,2746.5,933.8,301.1,427.52,806.9
2024-07-01,RN-SEV-F004,D,furgoneta,2902.5,986.8,318.2,451.8,852.7
2024-08-01,RN-SEV-F004,D,furgoneta,2399.9,816.0,263.1,373.57,705.0
2024-09-01,RN-SEV-F004,D,furgoneta,2733.1,929.3,299.6,425.44,802.9
2024-10-01,RN-SEV-F004,D,furgoneta,2385.6,811.1,261.5,371.35,700.9
2024-11-01,RN-SEV-F004,D,furgoneta,2546.6,865.8,279.2,396.4,748.1
2024-12-01,RN-SEV-F004,D,furgoneta,3015.3,1025.2,330.5,469.36,885.8
2025-01-01,RN-SEV-F004,D,furgoneta,2317.0,787.8,254.0,360.66,680.7
2025-02-01,RN-SEV-F004,D,furgoneta,2333.4,793.4,255.8,363.22,685.5
2025-03-01,RN-SEV-F004,D,furgoneta,2607.9,886.7,285.9,405.95,766.2
2025-04-01,RN-SEV-F004,D,furgoneta,2463.9,837.7,270.1,383.54,723.9
2025-05-01,RN-SEV-F004,D,furgoneta,2740.1,931.6,300.4,426.53,805.0
2025-06-01,RN-SEV-F004,D,furgoneta,2637.8,896.9,289.2,410.61,775.0
2025-07-01,RN-SEV-F004,D,furgoneta,2626.1,892.9,287.9,408.78,771.5
2025-08-01,RN-SEV-F004,D,furgoneta,2531.6,860.7,277.5,394.07,743.7
2025-09-01,RN-SEV-F004,D,furgoneta,2741.2,932.0,300.5,426.69,805.3
2025-10-01,RN-SEV-F004,D,furgoneta,2763.7,939.6,303.0,430.19,811.9
2025-11-01,RN-SEV-F004,D,furgoneta,2640.2,897.7,289.4,410.97,775.6
2025-12-01,RN-SEV-F004,D,furgoneta,3012.9,1024.4,330.3,468.98,885.1
2024-01-01,RN-SEV-F005,D,furgoneta,2363.8,803.7,267.3,379.59,716.4
2024-02-01,RN-SEV-F005,D,furgoneta,2350.4,799.1,265.8,377.43,712.3
2024-03-01,RN-SEV-F005,D,furgoneta,2700.1,918.0,305.3,433.58,818.3
2024-04-01,RN-SEV-F005,D,furgoneta,2717.7,924.0,307.3,436.41,823.7
2024-05-01,RN-SEV-F005,D,furgoneta,2666.7,906.7,301.6,428.22,808.2
2024-06-01,RN-SEV-F005,D,furgoneta,2992.4,1017.4,338.4,480.52,906.9
2024-07-01,RN-SEV-F005,D,furgoneta,3353.4,1140.2,379.2,538.5,1016.3
2024-08-01,RN-SEV-F005,D,furgoneta,2843.3,966.7,321.5,456.58,861.7
2024-09-01,RN-SEV-F005,D,furgoneta,2717.4,923.9,307.3,436.37,823.6
2024-10-01,RN-SEV-F005,D,furgoneta,2763.6,939.6,312.5,443.78,837.6
2024-11-01,RN-SEV-F005,D,furgoneta,3040.5,1033.8,343.8,488.25,921.5
2024-12-01,RN-SEV-F005,D,furgoneta,3044.2,1035.0,344.3,488.84,922.6
2025-01-01,RN-SEV-F005,D,furgoneta,2394.3,814.1,270.8,384.47,725.6
2025-02-01,RN-SEV-F005,D,furgoneta,2368.9,805.4,267.9,380.4,717.9
2025-03-01,RN-SEV-F005,D,furgoneta,2759.6,938.3,312.1,443.14,836.4
2025-04-01,RN-SEV-F005,D,furgoneta,2878.0,978.5,325.5,462.14,872.2
2025-05-01,RN-SEV-F005,D,furgoneta,2492.8,847.5,281.9,400.29,755.5
2025-06-01,RN-SEV-F005,D,furgoneta,2532.8,861.2,286.4,406.72,767.6
2025-07-01,RN-SEV-F005,D,furgoneta,2640.7,897.8,298.6,424.04,800.3
2025-08-01,RN-SEV-F005,D,furgoneta,2644.9,899.3,299.1,424.72,801.6
2025-09-01,RN-SEV-F005,D,furgoneta,2814.4,956.9,318.3,451.94,853.0
2025-10-01,RN-SEV-F005,D,furgoneta,2451.7,833.6,277.2,393.69,743.0
2025-11-01,RN-SEV-F005,D,furgoneta,2940.9,999.9,332.6,472.26,891.3
2025-12-01,RN-SEV-F005,D,furgoneta,3322.5,1129.6,375.7,533.53,1006.9
2024-01-01,RN-SEV-F006,D,furgoneta,2231.8,758.8,252.4,358.39,676.4
2024-02-01,RN-SEV-F006,D,furgoneta,2640.0,897.6,298.5,423.93,800.1
2024-03-01,RN-SEV-F006,D,furgoneta,2547.1,866.0,288.0,409.02,771.9
2024-04-01,RN-SEV-F006,D,furgoneta,2456.4,835.2,277.8,394.45,744.4
2024-05-01,RN-SEV-F006,D,furgoneta,2707.8,920.6,306.2,434.81,820.6
2024-06-01,RN-SEV-F006,D,furgoneta,3071.1,1044.2,347.3,493.16,930.7
2024-07-01,RN-SEV-F006,D,furgoneta,2876.5,978.0,325.3,461.91,871.8
2024-08-01,RN-SEV-F006,D,furgoneta,3096.2,1052.7,350.1,497.19,938.4
2024-09-01,RN-SEV-F006,D,furgoneta,2599.8,883.9,294.0,417.48,787.9
2024-10-01,RN-SEV-F006,D,furgoneta,2714.7,923.0,307.0,435.92,822.7
2024-11-01,RN-SEV-F006,D,furgoneta,3079.8,1047.1,348.3,494.56,933.4
2024-12-01,RN-SEV-F006,D,furgoneta,3114.2,1058.8,352.2,500.07,943.8
2025-01-01,RN-SEV-F006,D,furgoneta,2242.7,762.5,253.6,360.14,679.7
2025-02-01,RN-SEV-F006,D,furgoneta,2268.0,771.1,256.5,364.2,687.4
2025-03-01,RN-SEV-F006,D,furgoneta,2422.8,823.8,274.0,389.05,734.3
2025-04-01,RN-SEV-F006,D,furgoneta,2584.9,878.9,292.3,415.09,783.4
2025-05-01,RN-SEV-F006,D,furgoneta,2748.0,934.3,310.8,441.27,832.8
2025-06-01,RN-SEV-F006,D,furgoneta,2992.2,1017.4,338.4,480.5,906.9
2025-07-01,RN-SEV-F006,D,furgoneta,2835.9,964.2,320.7,455.39,859.5
2025-08-01,RN-SEV-F006,D,furgoneta,2404.3,817.5,271.9,386.08,728.7
2025-09-01,RN-SEV-F006,D,furgoneta,2825.7,960.7,319.5,453.75,856.4
2025-10-01,RN-SEV-F006,D,furgoneta,2724.8,926.4,308.1,437.56,825.8
2025-11-01,RN-SEV-F006,D,furgoneta,3065.4,1042.2,346.7,492.25,929.0
2025-12-01,RN-SEV-F006,D,furgoneta,3036.1,1032.3,343.3,487.53,920.1
2024-01-01,RN-SEV-F007,D,furgoneta,2550.6,867.2,279.6,397.03,749.3
2024-02-01,RN-SEV-F007,D,furgoneta,2560.5,870.6,280.7,398.57,752.2
2024-03-01,RN-SEV-F007,D,furgoneta,2314.3,786.9,253.7,360.25,679.9
2024-04-01,RN-SEV-F007,D,furgoneta,2037.6,692.8,223.4,317.17,598.6
2024-05-01,RN-SEV-F007,D,furgoneta,2996.5,1018.8,328.5,466.44,880.3
2024-06-01,RN-SEV-F007,D,furgoneta,2491.2,847.0,273.1,387.78,731.9
2024-07-01,RN-SEV-F007,D,furgoneta,2658.2,903.8,291.4,413.78,780.9
2024-08-01,RN-SEV-F007,D,furgoneta,2753.8,936.3,301.9,428.65,809.0
2024-09-01,RN-SEV-F007,D,furgoneta,2578.0,876.5,282.6,401.29,757.4
2024-10-01,RN-SEV-F007,D,furgoneta,2839.2,965.3,311.2,441.96,834.1
2024-11-01,RN-SEV-F007,D,furgoneta,2480.4,843.3,271.9,386.11,728.7
2024-12-01,RN-SEV-F007,D,furgoneta,3557.3,1209.5,390.0,553.73,1045.1
2025-01-01,RN-SEV-F007,D,furgoneta,2548.2,866.4,279.3,396.65,748.6
2025-02-01,RN-SEV-F007,D,furgoneta,2551.5,867.5,279.7,397.17,749.6
2025-03-01,RN-SEV-F007,D,furgoneta,2309.2,785.1,253.1,359.45,678.4
2025-04-01,RN-SEV-F007,D,furgoneta,2440.0,829.6,267.5,379.81,716.8
2025-05-01,RN-SEV-F007,D,furgoneta,2829.5,962.0,310.2,440.44,831.2
2025-06-01,RN-SEV-F007,D,furgoneta,2542.0,864.3,278.6,395.68,746.8
2025-07-01,RN-SEV-F007,D,furgoneta,2970.7,1010.1,325.7,462.43,872.8
2025-08-01,RN-SEV-F007,D,furgoneta,2621.8,891.4,287.4,408.11,770.2
2025-09-01,RN-SEV-F007,D,furgoneta,2682.7,912.1,294.1,417.6,788.1
2025-10-01,RN-SEV-F007,D,furgoneta,2620.9,891.1,287.3,407.97,770.0
2025-11-01,RN-SEV-F007,D,furgoneta,2724.4,926.3,298.6,424.08,800.4
2025-12-01,RN-SEV-F007,D,furgoneta,3112.6,1058.3,341.2,484.51,914.4
2024-01-01,RN-SEV-F008,D,furgoneta,2591.1,881.0,296.0,420.33,793.3
2024-02-01,RN-SEV-F008,D,furgoneta,2574.8,875.4,294.1,417.68,788.3
2024-03-01,RN-SEV-F008,D,furgoneta,2575.6,875.7,294.2,417.81,788.5
2024-04-01,RN-SEV-F008,D,furgoneta,2676.7,910.1,305.8,434.22,819.5
2024-05-01,RN-SEV-F008,D,furgoneta,2417.1,821.8,276.1,392.1,740.0
2024-06-01,RN-SEV-F008,D,furgoneta,2588.1,880.0,295.7,419.85,792.4
2024-07-01,RN-SEV-F008,D,furgoneta,2366.9,804.7,270.4,383.96,724.6
2024-08-01,RN-SEV-F008,D,furgoneta,2450.6,833.2,280.0,397.53,750.3
2024-09-01,RN-SEV-F008,D,furgoneta,2272.4,772.6,259.6,368.63,695.7
2024-10-01,RN-SEV-F008,D,furgoneta,2612.1,888.1,298.4,423.73,799.7
2024-11-01,RN-SEV-F008,D,furgoneta,2288.1,778.0,261.4,371.18,700.5
2024-12-01,RN-SEV-F008,D,furgoneta,3494.5,1188.1,399.2,566.87,1069.9
2025-01-01,RN-SEV-F008,D,furgoneta,2097.2,713.0,239.6,340.21,642.1
2025-02-01,RN-SEV-F008,D,furgoneta,2471.2,840.2,282.3,400.89,756.6
2025-03-01,RN-SEV-F008,D,furgoneta,2774.6,943.4,317.0,450.1,849.5
2025-04-01,RN-SEV-F008,D,furgoneta,2658.5,903.9,303.7,431.26,813.9
2025-05-01,RN-SEV-F008,D,furgoneta,2535.1,861.9,289.6,411.24,776.1
2025-06-01,RN-SEV-F008,D,furgoneta,2586.8,879.5,295.5,419.63,792.0
2025-07-01,RN-SEV-F008,D,furgoneta,3210.8,1091.7,366.8,520.85,983.0
2025-08-01,RN-SEV-F008,D,furgoneta,2384.0,810.6,272.4,386.74,729.9
2025-09-01,RN-SEV-F008,D,furgoneta,2509.7,853.3,286.7,407.12,768.4
2025-10-01,RN-SEV-F008,D,furgoneta,2771.3,942.2,316.6,449.56,848.5
2025-11-01,RN-SEV-F008,D,furgoneta,2714.0,922.8,310.0,440.27,830.9
2025-12-01,RN-SEV-F008,D,furgoneta,3081.1,1047.6,352.0,499.82,943.3
2024-01-01,RN-SEV-F009,D,furgoneta,2015.9,685.4,218.7,310.48,586.0
2024-02-01,RN-SEV-F009,D,furgoneta,2452.0,833.7,266.0,377.66,712.8
2024-03-01,RN-SEV-F009,D,furgoneta,3100.0,1054.0,336.2,477.47,901.1
2024-04-01,RN-SEV-F009,D,furgoneta,2799.5,951.8,303.6,431.18,813.8
2024-05-01,RN-SEV-F009,D,furgoneta,2227.9,757.5,241.6,343.14,647.6
2024-06-01,RN-SEV-F009,D,furgoneta,3176.9,1080.1,344.6,489.3,923.5
2024-07-01,RN-SEV-F009,D,furgoneta,2876.9,978.1,312.0,443.1,836.3
2024-08-01,RN-SEV-F009,D,furgoneta,2671.6,908.3,289.8,411.48,776.6
2024-09-01,RN-SEV-F009,D,furgoneta,3042.3,1034.4,330.0,468.58,884.4
2024-10-01,RN-SEV-F009,D,furgoneta,2716.9,923.7,294.7,418.46,789.8
2024-11-01,RN-SEV-F009,D,furgoneta,2756.7,937.3,299.0,424.58,801.3
2024-12-01,RN-SEV-F009,D,furgoneta,3199.6,1087.9,347.0,492.8,930.1
2025-01-01,RN-SEV-F009,D,furgoneta,2225.5,756.7,241.4,342.77,646.9
2025-02-01,RN-SEV-F009,D,furgoneta,1921.6,653.3,208.4,295.96,558.6
2025-03-01,RN-SEV-F009,D,furgoneta,2358.1,801.8,255.8,363.2,685.5
2025-04-01,RN-SEV-F009,D,furgoneta,2756.8,937.3,299.0,424.61,801.4
2025-05-01,RN-SEV-F009,D,furgoneta,2591.2,881.0,281.1,399.09,753.2
2025-06-01,RN-SEV-F009,D,furgoneta,2750.9,935.3,298.4,423.7,799.7
2025-07-01,RN-SEV-F009,D,furgoneta,2900.7,986.2,314.6,446.77,843.2
2025-08-01,RN-SEV-F009,D,furgoneta,2799.8,951.9,303.7,431.22,813.9
2025-09-01,RN-SEV-F009,D,furgoneta,2593.5,881.8,281.3,399.44,753.9
2025-10-01,RN-SEV-F009,D,furgoneta,2823.2,959.9,306.2,434.83,820.7
2025-11-01,RN-SEV-F009,D,furgoneta,2733.3,929.3,296.5,420.98,794.5
2025-12-01,RN-SEV-F009,D,furgoneta,3666.9,1246.7,397.7,564.78,1065.9
2024-01-01,RN-SEV-F010,D,furgoneta,2492.4,847.4,279.0,396.14,747.7
2024-02-01,RN-SEV-F010,D,furgoneta,2379.5,809.0,266.3,378.21,713.8
2024-03-01,RN-SEV-F010,D,furgoneta,2735.1,929.9,306.1,434.71,820.4
2024-04-01,RN-SEV-F010,D,furgoneta,2802.6,952.9,313.7,445.45,840.7
2024-05-01,RN-SEV-F010,D,furgoneta,2574.5,875.3,288.2,409.2,772.3
2024-06-01,RN-SEV-F010,D,furgoneta,2676.0,909.8,299.5,425.32,802.7
2024-07-01,RN-SEV-F010,D,furgoneta,3129.2,1063.9,350.3,497.36,938.7
2024-08-01,RN-SEV-F010,D,furgoneta,2444.6,831.2,273.6,388.54,733.3
2024-09-01,RN-SEV-F010,D,furgoneta,3151.3,1071.4,352.7,500.87,945.3
2024-10-01,RN-SEV-F010,D,furgoneta,2679.9,911.2,300.0,425.94,803.9
2024-11-01,RN-SEV-F010,D,furgoneta,2465.4,838.2,276.0,391.85,739.6
2024-12-01,RN-SEV-F010,D,furgoneta,3226.9,1097.1,361.2,512.89,968.0
2025-01-01,RN-SEV-F010,D,furgoneta,2529.8,860.1,283.2,402.09,758.9
2025-02-01,RN-SEV-F010,D,furgoneta,2356.8,801.3,263.8,374.59,707.0
2025-03-01,RN-SEV-F010,D,furgoneta,2970.3,1009.9,332.5,472.11,891.0
2025-04-01,RN-SEV-F010,D,furgoneta,2645.0,899.3,296.1,420.4,793.4
2025-05-01,RN-SEV-F010,D,furgoneta,2955.2,1004.8,330.8,469.7,886.5
2025-06-01,RN-SEV-F010,D,furgoneta,2652.7,901.9,296.9,421.62,795.7
2025-07-01,RN-SEV-F010,D,furgoneta,2992.3,1017.4,334.9,475.59,897.6
2025-08-01,RN-SEV-F010,D,furgoneta,2610.4,887.5,292.2,414.9,783.0
2025-09-01,RN-SEV-F010,D,furgoneta,2550.1,867.0,285.4,405.32,765.0
2025-10-01,RN-SEV-F010,D,furgoneta,2342.4,796.4,262.2,372.3,702.6
2025-11-01,RN-SEV-F010,D,furgoneta,2835.7,964.1,317.4,450.71,850.6
2025-12-01,RN-SEV-F010,D,furgoneta,3068.3,1043.2,343.4,487.68,920.4
2024-01-01,RN-SEV-F011,D,furgoneta,2542.5,864.4,281.6,399.93,754.8
2024-02-01,RN-SEV-F011,D,furgoneta,2371.2,806.2,262.7,373.0,704.0
2024-03-01,RN-SEV-F011,D,furgoneta,2737.2,930.6,303.2,430.56,812.6
2024-04-01,RN-SEV-F011,D,furgoneta,2598.7,883.6,287.9,408.78,771.5
2024-05-01,RN-SEV-F011,D,furgoneta,2599.9,883.9,288.0,408.96,771.8
2024-06-01,RN-SEV-F011,D,furgoneta,2437.2,828.6,270.0,383.37,723.5
2024-07-01,RN-SEV-F011,D,furgoneta,2737.6,930.8,303.3,430.63,812.7
2024-08-01,RN-SEV-F011,D,furgoneta,2374.1,807.2,263.0,373.44,704.8
2024-09-01,RN-SEV-F011,D,furgoneta,2621.3,891.2,290.4,412.33,778.2
2024-10-01,RN-SEV-F011,D,furgoneta,2803.7,953.3,310.6,441.03,832.4
2024-11-01,RN-SEV-F011,D,furgoneta,2864.7,974.0,317.3,450.62,850.5
2024-12-01,RN-SEV-F011,D,furgoneta,3306.9,1124.3,366.3,520.18,981.7
2025-01-01,RN-SEV-F011,D,furgoneta,2530.4,860.3,280.3,398.03,751.2
2025-02-01,RN-SEV-F011,D,furgoneta,2345.0,797.3,259.8,368.87,696.2
2025-03-01,RN-SEV-F011,D,furgoneta,2907.0,988.4,322.0,457.28,863.0
2025-04-01,RN-SEV-F011,D,furgoneta,2576.4,876.0,285.4,405.27,764.9
2025-05-01,RN-SEV-F011,D,furgoneta,2688.8,914.2,297.9,422.96,798.3
2025-06-01,RN-SEV-F011,D,furgoneta,2752.7,935.9,304.9,433.0,817.2
2025-07-01,RN-SEV-F011,D,furgoneta,2593.6,881.8,287.3,407.98,770.0
2025-08-01,RN-SEV-F011,D,furgoneta,2520.4,856.9,279.2,396.46,748.2
2025-09-01,RN-SEV-F011,D,furgoneta,2513.6,854.6,278.4,395.39,746.2
2025-10-01,RN-SEV-F011,D,furgoneta,2656.6,903.2,294.3,417.89,788.7
2025-11-01,RN-SEV-F011,D,furgoneta,2542.3,864.4,281.6,399.9,754.7
2025-12-01,RN-SEV-F011,D,furgoneta,3369.7,1145.7,373.3,530.06,1000.4
2024-01-01,RN-SEV-F012,D,furgoneta,2744.1,933.0,307.2,436.16,823.2
2024-02-01,RN-SEV-F012,D,furgoneta,2424.1,824.2,271.3,385.28,727.2
2024-03-01,RN-SEV-F012,D,furgoneta,2643.4,898.8,295.9,420.15,793.0
2024-04-01,RN-SEV-F012,D,furgoneta,2504.4,851.5,280.3,398.06,751.3
2024-05-01,RN-SEV-F012,D,furgoneta,2529.8,860.1,283.2,402.09,758.9
2024-06-01,RN-SEV-F012,D,furgoneta,2441.1,830.0,273.2,387.99,732.3
2024-07-01,RN-SEV-F012,D,furgoneta,2682.4,912.0,300.2,426.34,804.6
2024-08-01,RN-SEV-F012,D,furgoneta,2294.7,780.2,256.8,364.71,688.3
2024-09-01,RN-SEV-F012,D,furgoneta,2678.8,910.8,299.8,425.77,803.6
2024-10-01,RN-SEV-F012,D,furgoneta,2723.1,925.8,304.8,432.8,816.8
2024-11-01,RN-SEV-F012,D,furgoneta,2522.8,857.8,282.4,400.98,756.8
2024-12-01,RN-SEV-F012,D,furgoneta,3168.8,1077.4,354.7,503.65,950.5
2025-01-01,RN-SEV-F012,D,furgoneta,2396.4,814.8,268.2,380.88,718.9
2025-02-01,RN-SEV-F012,D,furgoneta,2504.3,851.5,280.3,398.04,751.2
2025-03-01,RN-SEV-F012,D,furgoneta,2478.4,842.7,277.4,393.92,743.5
2025-04-01,RN-SEV-F012,D,furgoneta,2944.9,1001.3,329.6,468.07,883.4
2025-05-01,RN-SEV-F012,D,furgoneta,2582.8,878.1,289.1,410.51,774.8
2025-06-01,RN-SEV-F012,D,furgoneta,2470.1,839.8,276.5,392.59,740.9
2025-07-01,RN-SEV-F012,D,furgoneta,2916.7,991.7,326.5,463.58,874.9
2025-08-01,RN-SEV-F012,D,furgoneta,2644.6,899.2,296.0,420.33,793.3
2025-09-01,RN-SEV-F012,D,furgoneta,2690.3,914.7,301.1,427.59,807.0
2025-10-01,RN-SEV-F012,D,furgoneta,2949.8,1002.9,330.2,468.84,884.9
2025-11-01,RN-SEV-F012,D,furgoneta,2703.7,919.3,302.6,429.73,811.0
2025-12-01,RN-SEV-F012,D,furgoneta,3153.6,1072.2,353.0,501.23,946.0
2024-01-01,RN-SEV-F013,D,furgoneta,2433.1,827.3,266.7,378.74,714.8
2024-02-01,RN-SEV-F013,D,furgoneta,2435.9,828.2,267.0,379.18,715.6
2024-03-01,RN-SEV-F013,D,furgoneta,2467.9,839.1,270.5,384.16,725.0
2024-04-01,RN-SEV-F013,D,furgoneta,2760.3,938.5,302.6,429.68,810.9
2024-05-01,RN-SEV-F013,D,furgoneta,2566.5,872.6,281.3,399.5,754.0
2024-06-01,RN-SEV-F013,D,furgoneta,2586.9,879.5,283.6,402.68,760.0
2024-07-01,RN-SEV-F013,D,furgoneta,3006.3,1022.2,329.6,467.97,883.2
2024-08-01,RN-SEV-F013,D,furgoneta,2508.2,852.8,274.9,390.42,736.9
2024-09-01,RN-SEV-F013,D,furgoneta,2539.1,863.3,278.3,395.24,745.9
2024-10-01,RN-SEV-F013,D,furgoneta,2686.5,913.4,294.5,418.17,789.2
2024-11-01,RN-SEV-F013,D,furgoneta,2725.4,926.6,298.8,424.24,800.7
2024-12-01,RN-SEV-F013,D,furgoneta,3406.2,1158.1,373.4,530.21,1000.7
2025-01-01,RN-SEV-F013,D,furgoneta,2471.7,840.4,270.9,384.74,726.1
2025-02-01,RN-SEV-F013,D,furgoneta,2559.7,870.3,280.6,398.45,752.0
2025-03-01,RN-SEV-F013,D,furgoneta,2568.1,873.2,281.5,399.76,754.5
2025-04-01,RN-SEV-F013,D,furgoneta,2862.9,973.4,313.8,445.63,841.1
2025-05-01,RN-SEV-F013,D,furgoneta,2805.8,954.0,307.6,436.75,824.3
2025-06-01,RN-SEV-F013,D,furgoneta,2569.5,873.6,281.7,399.97,754.9
2025-07-01,RN-SEV-F013,D,furgoneta,2990.3,1016.7,327.8,465.47,878.5
2025-08-01,RN-SEV-F013,D,furgoneta,2766.4,940.6,303.3,430.62,812.7
2025-09-01,RN-SEV-F013,D,furgoneta,2675.4,909.6,293.3,416.45,786.0
2025-10-01,RN-SEV-F013,D,furgoneta,2411.7,820.0,264.4,375.41,708.5
2025-11-01,RN-SEV-F013,D,furgoneta,2882.7,980.1,316.0,448.72,846.9
2025-12-01,RN-SEV-F013,D,furgoneta,2787.8,947.9,305.6,433.95,819.0
2024-01-01,RN-SEV-F014,D,furgoneta,2519.4,856.6,273.3,388.03,732.3
2024-02-01,RN-SEV-F014,D,furgoneta,2339.3,795.4,253.7,360.3,680.0
2024-03-01,RN-SEV-F014,D,furgoneta,2620.1,890.8,284.2,403.55,761.6
2024-04-01,RN-SEV-F014,D,furgoneta,2470.9,840.1,268.0,380.56,718.2
2024-05-01,RN-SEV-F014,D,furgoneta,2466.1,838.5,267.5,379.83,716.9
2024-06-01,RN-SEV-F014,D,furgoneta,2580.3,877.3,279.9,397.42,750.1
2024-07-01,RN-SEV-F014,D,furgoneta,3178.6,1080.7,344.8,489.57,924.0
2024-08-01,RN-SEV-F014,D,furgoneta,2341.1,796.0,253.9,360.58,680.5
2024-09-01,RN-SEV-F014,D,furgoneta,2428.5,825.7,263.4,374.04,705.9
2024-10-01,RN-SEV-F014,D,furgoneta,2443.1,830.7,265.0,376.29,710.2
2024-11-01,RN-SEV-F014,D,furgoneta,2764.3,939.9,299.8,425.77,803.6
2024-12-01,RN-SEV-F014,D,furgoneta,3478.0,1182.5,377.2,535.68,1011.0
2025-01-01,RN-SEV-F014,D,furgoneta,2779.7,945.1,301.5,428.13,808.0
2025-02-01,RN-SEV-F014,D,furgoneta,2425.3,824.6,263.1,373.54,705.0
2025-03-01,RN-SEV-F014,D,furgoneta,2738.1,931.0,297.0,421.72,795.9
2025-04-01,RN-SEV-F014,D,furgoneta,2679.4,911.0,290.6,412.68,778.9
2025-05-01,RN-SEV-F014,D,furgoneta,2890.8,982.9,313.5,445.24,840.3
2025-06-01,RN-SEV-F014,D,furgoneta,2823.6,960.0,306.3,434.9,820.8
2025-07-01,RN-SEV-F014,D,furgoneta,2952.4,1003.8,320.2,454.73,858.2
2025-08-01,RN-SEV-F014,D,furgoneta,2824.0,960.2,306.3,434.95,820.9
2025-09-01,RN-SEV-F014,D,furgoneta,2529.0,859.8,274.3,389.51,735.1
2025-10-01,RN-SEV-F014,D,furgoneta,2545.2,865.4,276.1,392.01,739.8
2025-11-01,RN-SEV-F014,D,furgoneta,2942.9,1000.6,319.2,453.27,855.5
2025-12-01,RN-SEV-F014,D,furgoneta,3304.6,1123.6,358.4,508.98,960.6
2024-01-01,RN-SEV-F015,D,furgoneta,2449.7,832.9,268.5,381.33,719.7
2024-02-01,RN-SEV-F015,D,furgoneta,2295.2,780.4,251.6,357.27,674.3
2024-03-01,RN-SEV-F015,D,furgoneta,2868.6,975.3,314.5,446.53,842.8
2024-04-01,RN-SEV-F015,D,furgoneta,2848.3,968.4,312.2,443.37,836.8
2024-05-01,RN-SEV-F015,D,furgoneta,2644.3,899.0,289.9,411.61,776.8
2024-06-01,RN-SEV-F015,D,furgoneta,2864.6,974.0,314.0,445.91,841.6
2024-07-01,RN-SEV-F015,D,furgoneta,2712.1,922.1,297.3,422.17,796.8
2024-08-01,RN-SEV-F015,D,furgoneta,2068.4,703.3,226.7,321.98,607.7
2024-09-01,RN-SEV-F015,D,furgoneta,2906.0,988.0,318.6,452.34,853.7
2024-10-01,RN-SEV-F015,D,furgoneta,2269.0,771.5,248.7,353.2,666.6
2024-11-01,RN-SEV-F015,D,furgoneta,3019.2,1026.5,331.0,469.97,887.0
2024-12-01,RN-SEV-F015,D,furgoneta,3246.1,1103.7,355.8,505.29,953.6
2025-01-01,RN-SEV-F015,D,furgoneta,2304.5,783.5,252.6,358.72,677.0
2025-02-01,RN-SEV-F015,D,furgoneta,2345.3,797.4,257.1,365.07,689.0
2025-03-01,RN-SEV-F015,D,furgoneta,2515.2,855.2,275.7,391.52,738.9
2025-04-01,RN-SEV-F015,D,furgoneta,2625.9,892.8,287.8,408.74,771.4
2025-05-01,RN-SEV-F015,D,furgoneta,2797.3,951.1,306.6,435.43,821.8
2025-06-01,RN-SEV-F015,D,furgoneta,2878.0,978.5,315.5,447.98,845.5
2025-07-01,RN-SEV-F015,D,furgoneta,3015.3,1025.2,330.5,469.37,885.8
2025-08-01,RN-SEV-F015,D,furgoneta,2460.3,836.5,269.7,382.97,722.8
2025-09-01,RN-SEV-F015,D,furgoneta,2639.0,897.3,289.3,410.8,775.3
2025-10-01,RN-SEV-F015,D,furgoneta,2151.6,731.5,235.9,334.92,632.1
2025-11-01,RN-SEV-F015,D,furgoneta,2483.4,844.3,272.2,386.56,729.6
2025-12-01,RN-SEV-F015,D,furgoneta,2975.5,1011.7,326.2,463.16,874.1
2024-01-01,RN-SEV-F016,D,furgoneta,2396.4,814.8,271.0,384.81,726.3
2024-02-01,RN-SEV-F016,D,furgoneta,2277.7,774.4,257.6,365.76,690.3
2024-03-01,RN-SEV-F016,D,furgoneta,2432.0,826.9,275.0,390.53,737.1
2024-04-01,RN-SEV-F016,D,furgoneta,2251.8,765.6,254.6,361.6,682.5
2024-05-01,RN-SEV-F016,D,furgoneta,2068.8,703.4,234.0,332.21,627.0
2024-06-01,RN-SEV-F016,D,furgoneta,2861.0,972.8,323.5,459.43,867.1
2024-07-01,RN-SEV-F016,D,furgoneta,2835.0,963.9,320.6,455.24,859.2
2024-08-01,RN-SEV-F016,D,furgoneta,2590.8,880.9,293.0,416.04,785.2
2024-09-01,RN-SEV-F016,D,furgoneta,2381.9,809.8,269.4,382.48,721.9
2024-10-01,RN-SEV-F016,D,furgoneta,2376.0,807.8,268.7,381.53,720.1
2024-11-01,RN-SEV-F016,D,furgoneta,2355.7,800.9,266.4,378.28,713.9
2024-12-01,RN-SEV-F016,D,furgoneta,3123.8,1062.1,353.3,501.62,946.7
2025-01-01,RN-SEV-F016,D,furgoneta,2342.2,796.3,264.9,376.11,709.8
2025-02-01,RN-SEV-F016,D,furgoneta,2518.6,856.3,284.8,404.44,763.3
2025-03-01,RN-SEV-F016,D,furgoneta,2321.5,789.3,262.5,372.79,703.6
2025-04-01,RN-SEV-F016,D,furgoneta,3112.9,1058.4,352.0,499.87,943.4
2025-05-01,RN-SEV-F016,D,furgoneta,2475.8,841.8,280.0,397.56,750.3
2025-06-01,RN-SEV-F016,D,furgoneta,2883.2,980.3,326.0,462.98,873.8
2025-07-01,RN-SEV-F016,D,furgoneta,2867.0,974.8,324.2,460.39,868.9
2025-08-01,RN-SEV-F016,D,furgoneta,2628.9,893.8,297.3,422.15,796.7
2025-09-01,RN-SEV-F016,D,furgoneta,2593.4,881.8,293.3,416.45,786.0
2025-10-01,RN-SEV-F016,D,furgoneta,2427.0,825.2,274.5,389.74,735.6
2025-11-01,RN-SEV-F016,D,furgoneta,3086.7,1049.5,349.1,495.67,935.5
2025-12-01,RN-SEV-F016,D,furgoneta,2988.3,1016.0,337.9,479.87,905.7
2024-01-01,RN-SEV-F017,D,furgoneta,2366.9,804.7,248.5,352.9,666.0
2024-02-01,RN-SEV-F017,D,furgoneta,2305.0,783.7,242.0,343.68,648.6
2024-03-01,RN-SEV-F017,D,furgoneta,3002.0,1020.7,315.2,447.59,844.8
2024-04-01,RN-SEV-F017,D,furgoneta,2785.2,947.0,292.4,415.27,783.8
2024-05-01,RN-SEV-F017,D,furgoneta,2195.2,746.4,230.5,327.3,617.7
2024-06-01,RN-SEV-F017,D,furgoneta,2704.7,919.6,284.0,403.27,761.1
2024-07-01,RN-SEV-F017,D,furgoneta,2735.5,930.1,287.2,407.86,769.8
2024-08-01,RN-SEV-F017,D,furgoneta,2429.6,826.1,255.1,362.25,683.7
2024-09-01,RN-SEV-F017,D,furgoneta,2606.1,886.1,273.6,388.57,733.4
2024-10-01,RN-SEV-F017,D,furgoneta,2868.6,975.3,301.2,427.71,807.2
2024-11-01,RN-SEV-F017,D,furgoneta,2731.1,928.6,286.8,407.21,768.5
2024-12-01,RN-SEV-F017,D,furgoneta,3066.2,1042.5,322.0,457.18,862.8
2025-01-01,RN-SEV-F017,D,furgoneta,2564.1,871.8,269.2,382.31,721.5
2025-02-01,RN-SEV-F017,D,furgoneta,2375.3,807.6,249.4,354.15,668.4
2025-03-01,RN-SEV-F017,D,furgoneta,2621.7,891.4,275.3,390.89,737.7
2025-04-01,RN-SEV-F017,D,furgoneta,2277.3,774.3,239.1,339.54,640.8
2025-05-01,RN-SEV-F017,D,furgoneta,2738.8,931.2,287.6,408.36,770.7
2025-06-01,RN-SEV-F017,D,furgoneta,2581.0,877.5,271.0,384.83,726.3
2025-07-01,RN-SEV-F017,D,furgoneta,3061.0,1040.7,321.4,456.4,861.4
2025-08-01,RN-SEV-F017,D,furgoneta,2449.5,832.8,257.2,365.23,689.3
2025-09-01,RN-SEV-F017,D,furgoneta,2698.5,917.5,283.3,402.34,759.3
2025-10-01,RN-SEV-F017,D,furgoneta,2795.1,950.3,293.5,416.75,786.5
2025-11-01,RN-SEV-F017,D,furgoneta,2633.9,895.5,276.6,392.71,741.2
2025-12-01,RN-SEV-F017,D,furgoneta,3854.4,1310.5,404.7,574.69,1084.6
2024-01-01,RN-SEV-F018,D,furgoneta,2399.5,815.8,265.8,377.45,712.4
2024-02-01,RN-SEV-F018,D,furgoneta,2414.7,821.0,267.5,379.84,716.9
2024-03-01,RN-SEV-F018,D,furgoneta,2663.0,905.4,295.0,418.9,790.6
2024-04-01,RN-SEV-F018,D,furgoneta,2235.1,759.9,247.6,351.59,663.6
2024-05-01,RN-SEV-F018,D,furgoneta,2439.4,829.4,270.2,383.72,724.2
2024-06-01,RN-SEV-F018,D,furgoneta,2736.9,930.6,303.2,430.52,812.5
2024-07-01,RN-SEV-F018,D,furgoneta,2674.3,909.3,296.2,420.67,793.9
2024-08-01,RN-SEV-F018,D,furgoneta,2585.0,878.9,286.4,406.62,767.4
2024-09-01,RN-SEV-F018,D,furgoneta,2623.0,891.8,290.6,412.6,778.7
2024-10-01,RN-SEV-F018,D,furgoneta,2748.6,934.5,304.5,432.35,816.0
2024-11-01,RN-SEV-F018,D,furgoneta,2596.7,882.9,287.6,408.46,770.9
2024-12-01,RN-SEV-F018,D,furgoneta,3314.9,1127.1,367.2,521.44,984.1
2025-01-01,RN-SEV-F018,D,furgoneta,2316.0,787.4,256.6,364.31,687.6
2025-02-01,RN-SEV-F018,D,furgoneta,2229.2,757.9,246.9,350.65,661.8
2025-03-01,RN-SEV-F018,D,furgoneta,2528.8,859.8,280.1,397.78,750.7
2025-04-01,RN-SEV-F018,D,furgoneta,2911.2,989.8,322.5,457.94,864.3
2025-05-01,RN-SEV-F018,D,furgoneta,2433.0,827.2,269.5,382.71,722.3
2025-06-01,RN-SEV-F018,D,furgoneta,2679.2,910.9,296.8,421.44,795.4
2025-07-01,RN-SEV-F018,D,furgoneta,2362.3,803.2,261.7,371.6,701.3
2025-08-01,RN-SEV-F018,D,furgoneta,2430.6,826.4,269.3,382.34,721.6
2025-09-01,RN-SEV-F018,D,furgoneta,2380.7,809.4,263.7,374.48,706.8
2025-10-01,RN-SEV-F018,D,furgoneta,2722.1,925.5,301.5,428.19,808.1
2025-11-01,RN-SEV-F018,D,furgoneta,2815.8,957.4,311.9,442.93,836.0
2025-12-01,RN-SEV-F018,D,furgoneta,3034.9,1031.9,336.2,477.39,901.0
2024-01-01,RN-SEV-F019,D,furgoneta,2405.5,817.9,263.7,374.45,706.7
2024-02-01,RN-SEV-F019,D,furgoneta,2293.8,779.9,251.4,357.06,673.9
2024-03-01,RN-SEV-F019,D,furgoneta,2612.0,888.1,286.3,406.58,767.4
2024-04-01,RN-SEV-F019,D,furgoneta,2593.3,881.7,284.3,403.68,761.9
2024-05-01,RN-SEV-F019,D,furgoneta,2713.6,922.6,297.5,422.4,797.2
2024-06-01,RN-SEV-F019,D,furgoneta,2748.5,934.5,301.3,427.83,807.5
2024-07-01,RN-SEV-F019,D,furgoneta,2528.1,859.5,277.1,393.52,742.7
2024-08-01,RN-SEV-F019,D,furgoneta,2499.1,849.7,273.9,389.0,734.2
2024-09-01,RN-SEV-F019,D,furgoneta,2423.3,823.9,265.6,377.21,711.9
2024-10-01,RN-SEV-F019,D,furgoneta,2427.2,825.3,266.1,377.83,713.1
2024-11-01,RN-SEV-F019,D,furgoneta,2746.0,933.6,301.0,427.45,806.7
2024-12-01,RN-SEV-F019,D,furgoneta,3525.5,1198.7,386.5,548.78,1035.7
2025-01-01,RN-SEV-F019,D,furgoneta,2441.7,830.2,267.7,380.08,717.3
2025-02-01,RN-SEV-F019,D,furgoneta,2349.5,798.8,257.5,365.72,690.2
2025-03-01,RN-SEV-F019,D,furgoneta,2573.3,874.9,282.1,400.56,756.0
2025-04-01,RN-SEV-F019,D,furgoneta,2901.7,986.6,318.1,451.67,852.5
2025-05-01,RN-SEV-F019,D,furgoneta,2861.3,972.8,313.7,445.39,840.6
2025-06-01,RN-SEV-F019,D,furgoneta,2555.6,868.9,280.1,397.81,750.8
2025-07-01,RN-SEV-F019,D,furgoneta,2737.8,930.8,300.1,426.16,804.3
2025-08-01,RN-SEV-F019,D,furgoneta,2827.4,961.3,309.9,440.12,830.6
2025-09-01,RN-SEV-F019,D,furgoneta,2508.4,852.8,275.0,390.45,736.9
2025-10-01,RN-SEV-F019,D,furgoneta,2642.5,898.5,289.7,411.34,776.3
2025-11-01,RN-SEV-F019,D,furgoneta,2742.0,932.3,300.6,426.82,805.5
2025-12-01,RN-SEV-F019,D,furgoneta,3382.3,1150.0,370.8,526.48,993.6
2024-01-01,RN-SEV-F020,D,furgoneta,2582.7,878.1,283.1,402.02,758.7
2024-02-01,RN-SEV-F020,D,furgoneta,2405.8,818.0,263.7,374.48,706.8
2024-03-01,RN-SEV-F020,D,furgoneta,2842.6,966.5,311.6,442.48,835.1
2024-04-01,RN-SEV-F020,D,furgoneta,2588.3,880.0,283.7,402.9,760.4
2024-05-01,RN-SEV-F020,D,furgoneta,2382.0,809.9,261.1,370.78,699.8
2024-06-01,RN-SEV-F020,D,furgoneta,2888.6,982.1,316.6,449.64,848.6
2024-07-01,RN-SEV-F020,D,furgoneta,2784.7,946.8,305.3,433.47,818.1
2024-08-01,RN-SEV-F020,D,furgoneta,2779.2,944.9,304.7,432.61,816.5
2024-09-01,RN-SEV-F020,D,furgoneta,2696.4,916.8,295.6,419.72,792.1
2024-10-01,RN-SEV-F020,D,furgoneta,2591.4,881.1,284.1,403.38,761.3
2024-11-01,RN-SEV-F020,D,furgoneta,2783.9,946.5,305.2,433.34,817.8
2024-12-01,RN-SEV-F020,D,furgoneta,3334.4,1133.7,365.5,519.03,979.6
2025-01-01,RN-SEV-F020,D,furgoneta,2360.1,802.4,258.7,367.37,693.3
2025-02-01,RN-SEV-F020,D,furgoneta,2709.9,921.4,297.1,421.82,796.1
2025-03-01,RN-SEV-F020,D,furgoneta,2580.6,877.4,282.9,401.7,758.1
2025-04-01,RN-SEV-F020,D,furgoneta,2777.8,944.4,304.5,432.39,816.1
2025-05-01,RN-SEV-F020,D,furgoneta,2637.9,896.9,289.2,410.61,775.0
2025-06-01,RN-SEV-F020,D,furgoneta,2765.3,940.2,303.1,430.44,812.4
2025-07-01,RN-SEV-F020,D,furgoneta,2965.7,1008.3,325.1,461.64,871.3
2025-08-01,RN-SEV-F020,D,furgoneta,2719.5,924.6,298.1,423.32,798.9
2025-09-01,RN-SEV-F020,D,furgoneta,2631.7,894.8,288.5,409.66,773.2
2025-10-01,RN-SEV-F020,D,furgoneta,2573.7,875.1,282.1,400.62,756.1
2025-11-01,RN-SEV-F020,D,furgoneta,2584.2,878.6,283.3,402.25,759.2
2025-12-01,RN-SEV-F020,D,furgoneta,3421.5,1163.3,375.1,532.59,1005.2
2024-01-01,RN-SEV-F021,D,furgoneta,2172.3,738.6,243.1,345.26,651.6
2024-02-01,RN-SEV-F021,D,furgoneta,2292.3,779.4,256.6,364.33,687.6
2024-03-01,RN-SEV-F021,D,furgoneta,2825.0,960.5,316.2,449.01,847.4
2024-04-01,RN-SEV-F021,D,furgoneta,2613.9,888.7,292.6,415.46,784.1
2024-05-01,RN-SEV-F021,D,furgoneta,2387.5,811.7,267.2,379.47,716.2
2024-06-01,RN-SEV-F021,D,furgoneta,2857.4,971.5,319.8,454.16,857.1
2024-07-01,RN-SEV-F021,D,furgoneta,2986.1,1015.3,334.2,474.61,895.7
2024-08-01,RN-SEV-F021,D,furgoneta,2436.3,828.3,272.7,387.23,730.8
2024-09-01,RN-SEV-F021,D,furgoneta,2870.1,975.8,321.2,456.17,860.9
2024-10-01,RN-SEV-F021,D,furgoneta,2982.2,1014.0,333.8,474.0,894.6
2024-11-01,RN-SEV-F021,D,furgoneta,2493.8,847.9,279.1,396.36,748.1
2024-12-01,RN-SEV-F021,D,furgoneta,3219.9,1094.8,360.4,511.77,965.9
2025-01-01,RN-SEV-F021,D,furgoneta,2669.8,907.7,298.8,424.35,800.9
2025-02-01,RN-SEV-F021,D,furgoneta,2467.6,839.0,276.2,392.2,740.2
2025-03-01,RN-SEV-F021,D,furgoneta,2488.2,846.0,278.5,395.47,746.4
2025-04-01,RN-SEV-F021,D,furgoneta,2774.0,943.2,310.5,440.91,832.1
2025-05-01,RN-SEV-F021,D,furgoneta,2863.7,973.7,320.5,455.16,859.0
2025-06-01,RN-SEV-F021,D,furgoneta,2839.8,965.5,317.9,451.35,851.9
2025-07-01,RN-SEV-F021,D,furgoneta,2896.3,984.7,324.2,460.34,868.8
2025-08-01,RN-SEV-F021,D,furgoneta,2577.3,876.3,288.5,409.63,773.1
2025-09-01,RN-SEV-F021,D,furgoneta,2507.5,852.5,280.7,398.54,752.2
2025-10-01,RN-SEV-F021,D,furgoneta,2857.7,971.6,319.9,454.2,857.2
2025-11-01,RN-SEV-F021,D,furgoneta,2527.2,859.2,282.9,401.67,758.1
2025-12-01,RN-SEV-F021,D,furgoneta,3210.4,1091.5,359.3,510.26,963.0
2024-01-01,RN-SEV-F022,D,furgoneta,2264.6,770.0,245.6,348.8,658.3
2024-02-01,RN-SEV-F022,D,furgoneta,2437.0,828.6,264.3,375.35,708.4
2024-03-01,RN-SEV-F022,D,furgoneta,2874.4,977.3,311.8,442.72,835.6
2024-04-01,RN-SEV-F022,D,furgoneta,2597.5,883.1,281.7,400.06,755.0
2024-05-01,RN-SEV-F022,D,furgoneta,2873.5,977.0,311.7,442.58,835.3
2024-06-01,RN-SEV-F022,D,furgoneta,2826.0,960.8,306.5,435.26,821.5
2024-07-01,RN-SEV-F022,D,furgoneta,3000.9,1020.3,325.5,462.21,872.3
2024-08-01,RN-SEV-F022,D,furgoneta,2523.9,858.1,273.8,388.73,733.7
2024-09-01,RN-SEV-F022,D,furgoneta,3087.3,1049.7,334.9,475.51,897.4
2024-10-01,RN-SEV-F022,D,furgoneta,2693.1,915.6,292.1,414.79,782.8
2024-11-01,RN-SEV-F022,D,furgoneta,2635.9,896.2,285.9,405.98,766.2
2024-12-01,RN-SEV-F022,D,furgoneta,2932.0,996.9,318.0,451.58,852.3
2025-01-01,RN-SEV-F022,D,furgoneta,2691.8,915.2,292.0,414.59,782.5
2025-02-01,RN-SEV-F022,D,furgoneta,2653.9,902.3,287.9,408.75,771.4
2025-03-01,RN-SEV-F022,D,furgoneta,2707.5,920.6,293.7,417.01,787.0
2025-04-01,RN-SEV-F022,D,furgoneta,2538.9,863.2,275.4,391.05,738.0
2025-05-01,RN-SEV-F022,D,furgoneta,2645.8,899.6,287.0,407.51,769.1
2025-06-01,RN-SEV-F022,D,furgoneta,2556.2,869.1,277.3,393.71,743.1
2025-07-01,RN-SEV-F022,D,furgoneta,2570.6,874.0,278.8,395.93,747.3
2025-08-01,RN-SEV-F022,D,furgoneta,2475.4,841.6,268.5,381.26,719.6
2025-09-01,RN-SEV-F022,D,furgoneta,3113.8,1058.7,337.7,479.58,905.1
2025-10-01,RN-SEV-F022,D,furgoneta,2309.7,785.3,250.5,355.74,671.4
2025-11-01,RN-SEV-F022,D,furgoneta,2697.8,917.2,292.6,415.51,784.2
2025-12-01,RN-SEV-F022,D,furgoneta,3108.5,1056.9,337.2,478.78,903.6
2024-01-01,RN-SEV-F023,D,furgoneta,2291.9,779.3,261.8,371.8,701.7
2024-02-01,RN-SEV-F023,D,furgoneta,2204.2,749.4,251.8,357.57,674.9
2024-03-01,RN-SEV-F023,D,furgoneta,2903.5,987.2,331.7,471.02,889.0
2024-04-01,RN-SEV-F023,D,furgoneta,2407.4,818.5,275.0,390.53,737.1
2024-05-01,RN-SEV-F023,D,furgoneta,2457.0,835.4,280.7,398.58,752.3
2024-06-01,RN-SEV-F023,D,furgoneta,2703.3,919.1,308.8,438.52,827.6
2024-07-01,RN-SEV-F023,D,furgoneta,2926.1,994.9,334.3,474.67,895.9
2024-08-01,RN-SEV-F023,D,furgoneta,2433.7,827.5,278.0,394.8,745.1
2024-09-01,RN-SEV-F023,D,furgoneta,2747.3,934.1,313.9,445.67,841.1
2024-10-01,RN-SEV-F023,D,furgoneta,2921.6,993.3,333.8,473.95,894.5
2024-11-01,RN-SEV-F023,D,furgoneta,2613.4,888.6,298.6,423.95,800.1
2024-12-01,RN-SEV-F023,D,furgoneta,3327.0,1131.2,380.1,539.71,1018.6
2025-01-01,RN-SEV-F023,D,furgoneta,2282.7,776.1,260.8,370.29,698.9
2025-02-01,RN-SEV-F023,D,furgoneta,2255.7,766.9,257.7,365.92,690.6
2025-03-01,RN-SEV-F023,D,furgoneta,2469.3,839.6,282.1,400.57,756.0
2025-04-01,RN-SEV-F023,D,furgoneta,2730.1,928.2,311.9,442.87,835.8
2025-05-01,RN-SEV-F023,D,furgoneta,2817.2,957.9,321.8,457.01,862.5
2025-06-01,RN-SEV-F023,D,furgoneta,2715.8,923.4,310.3,440.57,831.5
2025-07-01,RN-SEV-F023,D,furgoneta,2881.4,979.7,329.2,467.43,882.2
2025-08-01,RN-SEV-F023,D,furgoneta,2638.2,897.0,301.4,427.97,807.7
2025-09-01,RN-SEV-F023,D,furgoneta,2413.1,820.5,275.7,391.46,738.8
2025-10-01,RN-SEV-F023,D,furgoneta,2561.4,870.9,292.6,415.52,784.2
2025-11-01,RN-SEV-F023,D,furgoneta,3102.1,1054.7,354.4,503.22,949.7
2025-12-01,RN-SEV-F023,D,furgoneta,2913.9,990.7,332.9,472.69,892.1
2024-01-01,RN-SEV-F024,D,furgoneta,2332.4,793.0,258.4,366.88,692.4
2024-02-01,RN-SEV-F024,D,furgoneta,2332.5,793.0,258.4,366.9,692.5
2024-03-01,RN-SEV-F024,D,furgoneta,2466.2,838.5,273.2,387.94,732.2
2024-04-01,RN-SEV-F024,D,furgoneta,2799.2,951.7,310.1,440.32,831.0
2024-05-01,RN-SEV-F024,D,furgoneta,2610.5,887.6,289.2,410.63,775.0
2024-06-01,RN-SEV-F024,D,furgoneta,2909.8,989.3,322.3,457.71,863.9
2024-07-01,RN-SEV-F024,D,furgoneta,2670.3,907.9,295.8,420.05,792.8
2024-08-01,RN-SEV-F024,D,furgoneta,2580.2,877.3,285.8,405.86,766.0
2024-09-01,RN-SEV-F024,D,furgoneta,2801.1,952.4,310.3,440.62,831.6
2024-10-01,RN-SEV-F024,D,furgoneta,2630.5,894.4,291.4,413.78,780.9
2024-11-01,RN-SEV-F024,D,furgoneta,2391.8,813.2,265.0,376.23,710.1
2024-12-01,RN-SEV-F024,D,furgoneta,3405.3,1157.8,377.2,535.65,1010.9
2025-01-01,RN-SEV-F024,D,furgoneta,2579.6,877.0,285.8,405.77,765.8
2025-02-01,RN-SEV-F024,D,furgoneta,2376.6,808.0,263.3,373.84,705.6
2025-03-01,RN-SEV-F024,D,furgoneta,2816.1,957.5,312.0,442.97,836.0
2025-04-01,RN-SEV-F024,D,furgoneta,2896.2,984.7,320.8,455.58,859.8
2025-05-01,RN-SEV-F024,D,furgoneta,2545.3,865.4,282.0,400.37,755.6
2025-06-01,RN-SEV-F024,D,furgoneta,2415.5,821.3,267.6,379.96,717.1
2025-07-01,RN-SEV-F024,D,furgoneta,2491.7,847.2,276.0,391.95,739.7
2025-08-01,RN-SEV-F024,D,furgoneta,2147.2,730.0,237.9,337.76,637.5
2025-09-01,RN-SEV-F024,D,furgoneta,2618.2,890.2,290.0,411.84,777.3
2025-10-01,RN-SEV-F024,D,furgoneta,2521.9,857.4,279.4,396.69,748.7
2025-11-01,RN-SEV-F024,D,furgoneta,2823.7,960.1,312.8,444.17,838.3
2025-12-01,RN-SEV-F024,D,furgoneta,2817.7,958.0,312.1,443.23,836.5
2024-01-01,RN-SEV-F025,D,furgoneta,2484.1,844.6,275.2,390.75,737.5
2024-02-01,RN-SEV-F025,D,furgoneta,2206.2,750.1,244.4,347.03,655.0
2024-03-01,RN-SEV-F025,D,furgoneta,2665.8,906.4,295.3,419.33,791.4
2024-04-01,RN-SEV-F025,D,furgoneta,2598.1,883.3,287.8,408.68,771.3
2024-05-01,RN-SEV-F025,D,furgoneta,2712.8,922.4,300.5,426.73,805.4
2024-06-01,RN-SEV-F025,D,furgoneta,2799.9,952.0,310.2,440.42,831.2
2024-07-01,RN-SEV-F025,D,furgoneta,2903.8,987.3,321.7,456.78,862.1
2024-08-01,RN-SEV-F025,D,furgoneta,2403.7,817.3,266.3,378.1,713.6
2024-09-01,RN-SEV-F025,D,furgoneta,2748.9,934.6,304.5,432.4,816.1
2024-10-01,RN-SEV-F025,D,furgoneta,2642.2,898.3,292.7,415.62,784.4
2024-11-01,RN-SEV-F025,D,furgoneta,2837.0,964.6,314.3,446.27,842.3
2024-12-01,RN-SEV-F025,D,furgoneta,2857.0,971.4,316.5,449.41,848.2
2025-01-01,RN-SEV-F025,D,furgoneta,2603.9,885.3,288.4,409.59,773.0
2025-02-01,RN-SEV-F025,D,furgoneta,2550.9,867.3,282.6,401.26,757.3
2025-03-01,RN-SEV-F025,D,furgoneta,2382.9,810.2,264.0,374.83,707.4
2025-04-01,RN-SEV-F025,D,furgoneta,2830.0,962.2,313.5,445.17,840.2
2025-05-01,RN-SEV-F025,D,furgoneta,2549.3,866.8,282.4,401.01,756.8
2025-06-01,RN-SEV-F025,D,furgoneta,3045.1,1035.3,337.3,479.0,904.0
2025-07-01,RN-SEV-F025,D,furgoneta,2549.7,866.9,282.4,401.07,756.9
2025-08-01,RN-SEV-F025,D,furgoneta,2355.4,800.8,260.9,370.5,699.3
2025-09-01,RN-SEV-F025,D,furgoneta,2756.2,937.1,305.3,433.56,818.3
2025-10-01,RN-SEV-F025,D,furgoneta,2496.0,848.6,276.5,392.62,741.0
2025-11-01,RN-SEV-F025,D,furgoneta,2291.2,779.0,253.8,360.41,680.2
2025-12-01,RN-SEV-F025,D,furgoneta,2970.3,1009.9,329.0,467.23,881.8
2024-01-01,RN-SEV-F026,D,furgoneta,2678.6,910.7,299.8,425.74,803.5
2024-02-01,RN-SEV-F026,D,furgoneta,2168.3,737.2,242.7,344.63,650.4
2024-03-01,RN-SEV-F026,D,furgoneta,2456.5,835.2,275.0,390.44,736.9
2024-04-01,RN-SEV-F026,D,furgoneta,2497.7,849.2,279.6,396.99,749.3
2024-05-01,RN-SEV-F026,D,furgoneta,3108.3,1056.8,347.9,494.04,932.4
2024-06-01,RN-SEV-F026,D,furgoneta,2481.8,843.8,277.8,394.46,744.5
2024-07-01,RN-SEV-F026,D,furgoneta,2722.2,925.5,304.7,432.67,816.6
2024-08-01,RN-SEV-F026,D,furgoneta,2519.1,856.5,282.0,400.38,755.7
2024-09-01,RN-SEV-F026,D,furgoneta,2448.1,832.3,274.0,389.1,734.4
2024-10-01,RN-SEV-F026,D,furgoneta,2837.2,964.6,317.6,450.94,851.1
2024-11-01,RN-SEV-F026,D,furgoneta,2908.2,988.8,325.5,462.23,872.4
2024-12-01,RN-SEV-F026,D,furgoneta,3381.2,1149.6,378.5,537.42,1014.3
2025-01-01,RN-SEV-F026,D,furgoneta,2579.8,877.1,288.8,410.03,773.9
2025-02-01,RN-SEV-F026,D,furgoneta,2697.9,917.3,302.0,428.81,809.3
2025-03-01,RN-SEV-F026,D,furgoneta,2826.3,960.9,316.3,449.21,847.8
2025-04-01,RN-SEV-F026,D,furgoneta,2478.8,842.8,277.4,393.98,743.6
2025-05-01,RN-SEV-F026,D,furgoneta,2607.9,886.7,291.9,414.5,782.3
2025-06-01,RN-SEV-F026,D,furgoneta,2789.4,948.4,312.2,443.34,836.7
2025-07-01,RN-SEV-F026,D,furgoneta,3086.9,1049.5,345.5,490.63,926.0
2025-08-01,RN-SEV-F026,D,furgoneta,2771.3,942.2,310.2,440.47,831.3
2025-09-01,RN-SEV-F026,D,furgoneta,2692.5,915.5,301.4,427.95,807.7
2025-10-01,RN-SEV-F026,D,furgoneta,2769.9,941.8,310.0,440.25,830.9
2025-11-01,RN-SEV-F026,D,furgoneta,2306.9,784.3,258.2,366.66,692.0
2025-12-01,RN-SEV-F026,D,furgoneta,3283.7,1116.4,367.5,521.91,985.0
2024-01-01,RN-SEV-F027,D,furgoneta,2262.0,769.1,242.7,344.68,650.5
2024-02-01,RN-SEV-F027,D,furgoneta,2603.6,885.2,279.4,396.73,748.8
2024-03-01,RN-SEV-F027,D,furgoneta,2760.8,938.7,296.3,420.69,794.0
2024-04-01,RN-SEV-F027,D,furgoneta,2851.5,969.5,306.0,434.51,820.1
2024-05-01,RN-SEV-F027,D,furgoneta,2571.9,874.4,276.0,391.9,739.6
2024-06-01,RN-SEV-F027,D,furgoneta,2534.9,861.9,272.0,386.28,729.0
2024-07-01,RN-SEV-F027,D,furgoneta,3005.2,1021.8,322.5,457.93,864.3
2024-08-01,RN-SEV-F027,D,furgoneta,2628.2,893.6,282.0,400.48,755.8
2024-09-01,RN-SEV-F027,D,furgoneta,2475.9,841.8,265.7,377.28,712.0
2024-10-01,RN-SEV-F027,D,furgoneta,2328.5,791.7,249.9,354.82,669.7
2024-11-01,RN-SEV-F027,D,furgoneta,2808.9,955.0,301.4,428.01,807.8
2024-12-01,RN-SEV-F027,D,furgoneta,3091.4,1051.1,331.7,471.07,889.1
2025-01-01,RN-SEV-F027,D,furgoneta,2348.0,798.3,252.0,357.78,675.3
2025-02-01,RN-SEV-F027,D,furgoneta,2633.0,895.2,282.6,401.22,757.2
2025-03-01,RN-SEV-F027,D,furgoneta,2911.3,989.9,312.4,443.63,837.3
2025-04-01,RN-SEV-F027,D,furgoneta,2617.4,889.9,280.9,398.84,752.7
2025-05-01,RN-SEV-F027,D,furgoneta,2492.1,847.3,267.4,379.75,716.7
2025-06-01,RN-SEV-F027,D,furgoneta,2675.6,909.7,287.1,407.71,769.5
2025-07-01,RN-SEV-F027,D,furgoneta,2513.6,854.6,269.7,383.02,722.9
2025-08-01,RN-SEV-F027,D,furgoneta,2804.0,953.4,300.9,427.27,806.4
2025-09-01,RN-SEV-F027,D,furgoneta,2714.3,922.9,291.3,413.61,780.6
2025-10-01,RN-SEV-F027,D,furgoneta,2595.8,882.6,278.6,395.55,746.5
2025-11-01,RN-SEV-F027,D,furgoneta,3049.0,1036.6,327.2,464.6,876.9
2025-12-01,RN-SEV-F027,D,furgoneta,3596.6,1222.8,385.9,548.05,1034.3
2024-01-01,RN-SEV-F028,D,furgoneta,2668.0,907.1,280.1,397.79,750.8
2024-02-01,RN-SEV-F028,D,furgoneta,2369.4,805.6,248.8,353.27,666.7
2024-03-01,RN-SEV-F028,D,furgoneta,2467.0,838.8,259.0,367.83,694.2
2024-04-01,RN-SEV-F028,D,furgoneta,2845.4,967.5,298.8,424.26,800.7
2024-05-01,RN-SEV-F028,D,furgoneta,2325.1,790.5,244.1,346.67,654.3
2024-06-01,RN-SEV-F028,D,furgoneta,2525.7,858.8,265.2,376.59,710.7
2024-07-01,RN-SEV-F028,D,furgoneta,2751.5,935.5,288.9,410.25,774.3
2024-08-01,RN-SEV-F028,D,furgoneta,2602.1,884.7,273.2,387.98,732.2
2024-09-01,RN-SEV-F028,D,furgoneta,2566.3,872.6,269.5,382.64,722.2
2024-10-01,RN-SEV-F028,D,furgoneta,2758.0,937.7,289.6,411.21,776.1
2024-11-01,RN-SEV-F028,D,furgoneta,2513.5,854.6,263.9,374.77,707.3
2024-12-01,RN-SEV-F028,D,furgoneta,3025.6,1028.7,317.7,451.12,851.4
2025-01-01,RN-SEV-F028,D,furgoneta,2459.1,836.1,258.2,366.66,692.0
2025-02-01,RN-SEV-F028,D,furgoneta,2526.1,858.9,265.2,376.64,710.8
2025-03-01,RN-SEV-F028,D,furgoneta,2691.7,915.2,282.6,401.33,757.4
2025-04-01,RN-SEV-F028,D,furgoneta,2794.8,950.2,293.5,416.7,786.5
2025-05-01,RN-SEV-F028,D,furgoneta,2623.8,892.1,275.5,391.21,738.3
2025-06-01,RN-SEV-F028,D,furgoneta,2626.7,893.1,275.8,391.64,739.2
2025-07-01,RN-SEV-F028,D,furgoneta,3284.7,1116.8,344.9,489.74,924.3
2025-08-01,RN-SEV-F028,D,furgoneta,2406.3,818.1,252.7,358.78,677.1
2025-09-01,RN-SEV-F028,D,furgoneta,2639.3,897.3,277.1,393.51,742.7
2025-10-01,RN-SEV-F028,D,furgoneta,2528.7,859.8,265.5,377.03,711.6
2025-11-01,RN-SEV-F028,D,furgoneta,2527.5,859.4,265.4,376.85,711.2
2025-12-01,RN-SEV-F028,D,furgoneta,3453.4,1174.1,362.6,514.9,971.8
2024-01-01,RN-SEV-R001,D,rigido,4255.9,1447.0,1304.9,1852.92,3497.1
2024-02-01,RN-SEV-R001,D,rigido,4099.1,1393.7,1256.8,1784.63,3368.2
2024-03-01,RN-SEV-R001,D,rigido,4502.6,1530.9,1380.5,1960.29,3699.7
2024-04-01,RN-SEV-R001,D,rigido,5446.3,1851.7,1669.8,2371.17,4475.2
2024-05-01,RN-SEV-R001,D,rigido,4642.7,1578.5,1423.5,2021.31,3814.9
2024-06-01,RN-SEV-R001,D,rigido,4682.7,1592.1,1435.7,2038.71,3847.7
2024-07-01,RN-SEV-R001,D,rigido,4614.7,1569.0,1414.9,2009.12,3791.9
2024-08-01,RN-SEV-R001,D,rigido,5070.9,1724.1,1554.7,2207.72,4166.7
2024-09-01,RN-SEV-R001,D,rigido,4439.3,1509.4,1361.1,1932.74,3647.7
2024-10-01,RN-SEV-R001,D,rigido,4733.2,1609.3,1451.2,2060.72,3889.2
2024-11-01,RN-SEV-R001,D,rigido,4543.7,1544.9,1393.1,1978.2,3733.5
2024-12-01,RN-SEV-R001,D,rigido,5270.2,1791.9,1615.9,2294.51,4330.5
2025-01-01,RN-SEV-R001,D,rigido,4558.0,1549.7,1397.5,1984.43,3745.3
2025-02-01,RN-SEV-R001,D,rigido,4410.2,1499.5,1352.2,1920.07,3623.8
2025-03-01,RN-SEV-R001,D,rigido,4741.6,1612.1,1453.8,2064.36,3896.1
2025-04-01,RN-SEV-R001,D,rigido,4060.6,1380.6,1245.0,1767.88,3336.6
2025-05-01,RN-SEV-R001,D,rigido,4682.6,1592.1,1435.7,2038.69,3847.7
2025-06-01,RN-SEV-R001,D,rigido,4293.0,1459.6,1316.2,1869.06,3527.5
2025-07-01,RN-SEV-R001,D,rigido,4746.8,1613.9,1455.4,2066.6,3900.3
2025-08-01,RN-SEV-R001,D,rigido,4495.8,1528.6,1378.4,1957.33,3694.1
2025-09-01,RN-SEV-R001,D,rigido,4062.2,1381.1,1245.5,1768.56,3337.8
2025-10-01,RN-SEV-R001,D,rigido,4391.3,1493.1,1346.4,1911.87,3608.3
2025-11-01,RN-SEV-R001,D,rigido,4422.6,1503.7,1356.0,1925.46,3634.0
2025-12-01,RN-SEV-R001,D,rigido,5131.8,1744.8,1573.4,2234.24,4216.7
2024-01-01,RN-SEV-R002,D,rigido,4675.7,1589.7,1464.4,2079.47,3924.6
2024-02-01,RN-SEV-R002,D,rigido,4025.9,1368.8,1260.9,1790.51,3379.3
2024-03-01,RN-SEV-R002,D,rigido,5111.8,1738.0,1601.0,2273.43,4290.7
2024-04-01,RN-SEV-R002,D,rigido,4950.4,1683.1,1550.5,2201.67,4155.3
2024-05-01,RN-SEV-R002,D,rigido,4549.5,1546.8,1424.9,2023.36,3818.7
2024-06-01,RN-SEV-R002,D,rigido,4338.3,1475.0,1358.8,1929.44,3641.5
2024-07-01,RN-SEV-R002,D,rigido,5092.6,1731.5,1595.0,2264.92,4274.6
2024-08-01,RN-SEV-R002,D,rigido,3972.6,1350.7,1244.2,1766.8,3334.5
2024-09-01,RN-SEV-R002,D,rigido,4614.9,1569.1,1445.4,2052.44,3873.6
2024-10-01,RN-SEV-R002,D,rigido,5178.6,1760.7,1621.9,2303.16,4346.8
2024-11-01,RN-SEV-R002,D,rigido,4673.7,1589.1,1463.8,2078.6,3923.0
2024-12-01,RN-SEV-R002,D,rigido,5501.6,1870.6,1723.1,2446.82,4617.9
2025-01-01,RN-SEV-R002,D,rigido,4577.4,1556.3,1433.6,2035.78,3842.2
2025-02-01,RN-SEV-R002,D,rigido,4243.2,1442.7,1329.0,1887.15,3561.7
2025-03-01,RN-SEV-R002,D,rigido,4267.6,1451.0,1336.6,1897.99,3582.1
2025-04-01,RN-SEV-R002,D,rigido,4088.2,1390.0,1280.4,1818.18,3431.5
2025-05-01,RN-SEV-R002,D,rigido,4383.7,1490.4,1373.0,1949.61,3679.5
2025-06-01,RN-SEV-R002,D,rigido,4340.1,1475.6,1359.3,1930.24,3643.0
2025-07-01,RN-SEV-R002,D,rigido,5190.1,1764.6,1625.5,2308.28,4356.5
2025-08-01,RN-SEV-R002,D,rigido,4089.1,1390.3,1280.7,1818.62,3432.3
2025-09-01,RN-SEV-R002,D,rigido,4549.1,1546.7,1424.8,2023.17,3818.4
2025-10-01,RN-SEV-R002,D,rigido,4809.0,1635.1,1506.2,2138.8,4036.6
2025-11-01,RN-SEV-R002,D,rigido,4617.1,1569.8,1446.1,2053.42,3875.5
2025-12-01,RN-SEV-R002,D,rigido,5324.7,1810.4,1667.7,2368.15,4469.5
2024-01-01,RN-SEV-R003,D,rigido,4060.6,1380.6,1338.8,1901.07,3587.9
2024-02-01,RN-SEV-R003,D,rigido,4414.9,1501.1,1455.6,2066.92,3900.9
2024-03-01,RN-SEV-R003,D,rigido,4096.4,1392.8,1350.6,1917.84,3619.6
2024-04-01,RN-SEV-R003,D,rigido,5275.8,1793.8,1739.4,2469.99,4661.7
2024-05-01,RN-SEV-R003,D,rigido,4490.4,1526.7,1480.5,2102.28,3967.7
2024-06-01,RN-SEV-R003,D,rigido,4581.6,1557.8,1510.6,2145.0,4048.3
2024-07-01,RN-SEV-R003,D,rigido,4592.1,1561.3,1514.0,2149.91,4057.6
2024-08-01,RN-SEV-R003,D,rigido,4954.1,1684.4,1633.4,2319.38,4377.4
2024-09-01,RN-SEV-R003,D,rigido,4037.3,1372.7,1331.1,1890.15,3567.3
2024-10-01,RN-SEV-R003,D,rigido,4357.4,1481.5,1436.6,2040.03,3850.2
2024-11-01,RN-SEV-R003,D,rigido,4891.2,1663.0,1612.6,2289.91,4321.8
2024-12-01,RN-SEV-R003,D,rigido,5763.3,1959.5,1900.2,2698.22,5092.4
2025-01-01,RN-SEV-R003,D,rigido,4713.0,1602.4,1553.9,2206.51,4164.4
2025-02-01,RN-SEV-R003,D,rigido,4486.4,1525.4,1479.2,2100.4,3964.1
2025-03-01,RN-SEV-R003,D,rigido,4317.6,1468.0,1423.5,2021.37,3815.0
2025-04-01,RN-SEV-R003,D,rigido,4745.6,1613.5,1564.6,2221.75,4193.2
2025-05-01,RN-SEV-R003,D,rigido,3944.6,1341.2,1300.5,1846.77,3485.4
2025-06-01,RN-SEV-R003,D,rigido,4433.1,1507.3,1461.6,2075.47,3917.1
2025-07-01,RN-SEV-R003,D,rigido,5109.2,1737.1,1684.5,2392.0,4514.5
2025-08-01,RN-SEV-R003,D,rigido,4224.1,1436.2,1392.7,1977.59,3732.4
2025-09-01,RN-SEV-R003,D,rigido,4580.3,1557.3,1510.1,2144.37,4047.1
2025-10-01,RN-SEV-R003,D,rigido,4290.6,1458.8,1414.6,2008.77,3791.2
2025-11-01,RN-SEV-R003,D,rigido,4610.3,1567.5,1520.0,2158.41,4073.6
2025-12-01,RN-SEV-R003,D,rigido,4992.7,1697.5,1646.1,2337.46,4411.5
2024-01-01,RN-SEV-R004,D,rigido,4275.0,1453.5,1310.7,1861.2,3512.7
2024-02-01,RN-SEV-R004,D,rigido,3996.3,1358.7,1225.3,1739.86,3283.7
2024-03-01,RN-SEV-R004,D,rigido,5160.9,1754.7,1582.3,2246.91,4240.7
2024-04-01,RN-SEV-R004,D,rigido,3767.1,1280.8,1155.0,1640.11,3095.4
2024-05-01,RN-SEV-R004,D,rigido,4751.8,1615.6,1456.9,2068.8,3904.5
2024-06-01,RN-SEV-R004,D,rigido,4539.8,1543.5,1391.9,1976.5,3730.3
2024-07-01,RN-SEV-R004,D,rigido,5235.2,1780.0,1605.1,2279.27,4301.7
2024-08-01,RN-SEV-R004,D,rigido,4091.4,1391.1,1254.4,1781.3,3361.9
2024-09-01,RN-SEV-R004,D,rigido,5128.0,1743.5,1572.3,2232.61,4213.7
2024-10-01,RN-SEV-R004,D,rigido,4656.9,1583.4,1427.8,2027.5,3826.6
2024-11-01,RN-SEV-R004,D,rigido,4753.0,1616.0,1457.3,2069.3,3905.4
2024-12-01,RN-SEV-R004,D,rigido,5322.1,1809.5,1631.8,2317.1,4373.1
2025-01-01,RN-SEV-R004,D,rigido,4170.6,1418.0,1278.7,1815.77,3426.9
2025-02-01,RN-SEV-R004,D,rigido,4422.1,1503.5,1355.8,1925.24,3633.6
2025-03-01,RN-SEV-R004,D,rigido,4952.3,1683.8,1518.4,2156.07,4069.2
2025-04-01,RN-SEV-R004,D,rigido,4511.1,1533.8,1383.1,1964.0,3706.7
2025-05-01,RN-SEV-R004,D,rigido,4372.4,1486.6,1340.6,1903.61,3592.7
2025-06-01,RN-SEV-R004,D,rigido,4636.5,1576.4,1421.5,2018.59,3809.7
2025-07-01,RN-SEV-R004,D,rigido,4600.5,1564.2,1410.5,2002.93,3780.2
2025-08-01,RN-SEV-R004,D,rigido,4435.1,1507.9,1359.8,1930.91,3644.2
2025-09-01,RN-SEV-R004,D,rigido,4696.7,1596.9,1440.0,2044.83,3859.3
2025-10-01,RN-SEV-R004,D,rigido,4674.3,1589.3,1433.1,2035.05,3840.8
2025-11-01,RN-SEV-R004,D,rigido,4863.6,1653.6,1491.2,2117.49,3996.4
2025-12-01,RN-SEV-R004,D,rigido,5035.5,1712.1,1543.9,2192.32,4137.6
2024-01-01,RN-SEV-R005,D,rigido,4129.3,1404.0,1306.9,1855.84,3502.6
2024-02-01,RN-SEV-R005,D,rigido,4730.0,1608.2,1497.0,2125.79,4012.0
2024-03-01,RN-SEV-R005,D,rigido,4416.7,1501.7,1397.9,1984.98,3746.3
2024-04-01,RN-SEV-R005,D,rigido,4679.9,1591.2,1481.2,2103.28,3969.6
2024-05-01,RN-SEV-R005,D,rigido,4492.7,1527.5,1421.9,2019.14,3810.8
2024-06-01,RN-SEV-R005,D,rigido,4881.1,1659.6,1544.9,2193.71,4140.2
2024-07-01,RN-SEV-R005,D,rigido,4551.8,1547.6,1440.6,2045.71,3860.9
2024-08-01,RN-SEV-R005,D,rigido,3968.3,1349.2,1256.0,1783.49,3366.0
2024-09-01,RN-SEV-R005,D,rigido,4638.0,1576.9,1467.9,2084.46,3934.1
2024-10-01,RN-SEV-R005,D,rigido,3948.8,1342.6,1249.8,1774.7,3349.4
2024-11-01,RN-SEV-R005,D,rigido,4326.0,1470.8,1369.2,1944.22,3669.4
2024-12-01,RN-SEV-R005,D,rigido,5573.2,1894.9,1763.9,2504.77,4727.3
2025-01-01,RN-SEV-R005,D,rigido,4305.2,1463.8,1362.6,1934.88,3651.8
2025-02-01,RN-SEV-R005,D,rigido,4385.3,1491.0,1387.9,1970.88,3719.7
2025-03-01,RN-SEV-R005,D,rigido,4529.4,1540.0,1433.6,2035.66,3841.9
2025-04-01,RN-SEV-R005,D,rigido,4552.4,1547.8,1440.8,2045.99,3861.4
2025-05-01,RN-SEV-R005,D,rigido,3686.1,1253.3,1166.7,1656.66,3126.7
2025-06-01,RN-SEV-R005,D,rigido,4343.9,1476.9,1374.8,1952.29,3684.6
2025-07-01,RN-SEV-R005,D,rigido,4663.9,1585.7,1476.1,2096.08,3956.0
2025-08-01,RN-SEV-R005,D,rigido,4502.7,1530.9,1425.1,2023.63,3819.2
2025-09-01,RN-SEV-R005,D,rigido,4341.7,1476.2,1374.2,1951.29,3682.7
2025-10-01,RN-SEV-R005,D,rigido,4281.3,1455.6,1355.0,1924.13,3631.5
2025-11-01,RN-SEV-R005,D,rigido,4215.1,1433.1,1334.1,1894.41,3575.4
2025-12-01,RN-SEV-R005,D,rigido,4925.8,1674.8,1559.0,2213.79,4178.1
2024-01-01,RN-SEV-R006,D,rigido,4068.8,1383.4,1301.2,1847.71,3487.2
2024-02-01,RN-SEV-R006,D,rigido,3736.8,1270.5,1195.0,1696.92,3202.6
2024-03-01,RN-SEV-R006,D,rigido,4406.3,1498.2,1409.1,2000.98,3776.5
2024-04-01,RN-SEV-R006,D,rigido,4928.2,1675.6,1576.0,2237.98,4223.8
2024-05-01,RN-SEV-R006,D,rigido,4460.6,1516.6,1426.5,2025.63,3823.0
2024-06-01,RN-SEV-R006,D,rigido,4771.4,1622.3,1525.9,2166.76,4089.4
2024-07-01,RN-SEV-R006,D,rigido,4732.6,1609.1,1513.5,2149.13,4056.1
2024-08-01,RN-SEV-R006,D,rigido,4310.4,1465.5,1378.5,1957.42,3694.3
2024-09-01,RN-SEV-R006,D,rigido,4814.5,1636.9,1539.7,2186.32,4126.3
2024-10-01,RN-SEV-R006,D,rigido,4332.3,1473.0,1385.5,1967.38,3713.1
2024-11-01,RN-SEV-R006,D,rigido,4711.2,1601.8,1506.6,2139.42,4037.8
2024-12-01,RN-SEV-R006,D,rigido,5228.5,1777.7,1672.1,2374.35,4481.2
2025-01-01,RN-SEV-R006,D,rigido,3707.6,1260.6,1185.7,1683.68,3177.6
2025-02-01,RN-SEV-R006,D,rigido,4472.5,1520.7,1430.3,2031.04,3833.2
2025-03-01,RN-SEV-R006,D,rigido,4561.5,1550.9,1458.8,2071.45,3909.5
2025-04-01,RN-SEV-R006,D,rigido,4273.0,1452.8,1366.5,1940.45,3662.3
2025-05-01,RN-SEV-R006,D,rigido,4634.2,1575.6,1482.0,2104.45,3971.8
2025-06-01,RN-SEV-R006,D,rigido,4011.6,1363.9,1282.9,1821.71,3438.2
2025-07-01,RN-SEV-R006,D,rigido,4131.0,1404.5,1321.1,1875.95,3540.5
2025-08-01,RN-SEV-R006,D,rigido,4670.7,1588.0,1493.7,2121.03,4003.1
2025-09-01,RN-SEV-R006,D,rigido,4943.0,1680.6,1580.8,2244.71,4236.5
2025-10-01,RN-SEV-R006,D,rigido,4694.4,1596.1,1501.3,2131.81,4023.4
2025-11-01,RN-SEV-R006,D,rigido,5154.7,1752.6,1648.5,2340.84,4417.9
2025-12-01,RN-SEV-R006,D,rigido,5287.5,1797.7,1690.9,2401.13,4531.7
2024-01-01,RN-SEV-R007,D,rigido,3884.0,1320.6,1229.3,1745.6,3294.5
2024-02-01,RN-SEV-R007,D,rigido,4016.9,1365.8,1271.4,1805.33,3407.2
2024-03-01,RN-SEV-R007,D,rigido,3886.4,1321.4,1230.0,1746.66,3296.5
2024-04-01,RN-SEV-R007,D,rigido,4454.8,1514.6,1409.9,2002.1,3778.6
2024-05-01,RN-SEV-R007,D,rigido,4459.6,1516.3,1411.5,2004.3,3782.8
2024-06-01,RN-SEV-R007,D,rigido,4542.0,1544.3,1437.5,2041.31,3852.6
2024-07-01,RN-SEV-R007,D,rigido,4419.5,1502.6,1398.8,1986.27,3748.7
2024-08-01,RN-SEV-R007,D,rigido,4436.0,1508.2,1404.0,1993.65,3762.7
2024-09-01,RN-SEV-R007,D,rigido,4420.9,1503.1,1399.2,1986.9,3749.9
2024-10-01,RN-SEV-R007,D,rigido,4655.4,1582.8,1473.4,2092.29,3948.8
2024-11-01,RN-SEV-R007,D,rigido,4415.1,1501.1,1397.4,1984.29,3745.0
2024-12-01,RN-SEV-R007,D,rigido,5532.5,1881.1,1751.0,2486.47,4692.8
2025-01-01,RN-SEV-R007,D,rigido,4141.9,1408.2,1310.9,1861.5,3513.3
2025-02-01,RN-SEV-R007,D,rigido,3910.8,1329.7,1237.8,1757.62,3317.2
2025-03-01,RN-SEV-R007,D,rigido,5091.8,1731.2,1611.6,2288.41,4319.0
2025-04-01,RN-SEV-R007,D,rigido,4328.3,1471.6,1369.9,1945.25,3671.3
2025-05-01,RN-SEV-R007,D,rigido,4692.9,1595.6,1485.3,2109.12,3980.6
2025-06-01,RN-SEV-R007,D,rigido,4453.2,1514.1,1409.4,2001.4,3777.3
2025-07-01,RN-SEV-R007,D,rigido,4700.0,1598.0,1487.5,2112.32,3986.6
2025-08-01,RN-SEV-R007,D,rigido,4124.1,1402.2,1305.3,1853.51,3498.2
2025-09-01,RN-SEV-R007,D,rigido,4608.1,1566.8,1458.5,2071.04,3908.7
2025-10-01,RN-SEV-R007,D,rigido,4056.1,1379.1,1283.8,1822.93,3440.5
2025-11-01,RN-SEV-R007,D,rigido,4322.8,1469.8,1368.2,1942.81,3666.7
2025-12-01,RN-SEV-R007,D,rigido,4999.3,1699.8,1582.3,2246.85,4240.5
2024-01-01,RN-SEV-R008,D,rigido,4428.8,1505.8,1387.1,1969.69,3717.4
2024-02-01,RN-SEV-R008,D,rigido,3785.7,1287.2,1185.7,1683.69,3177.7
2024-03-01,RN-SEV-R008,D,rigido,3973.8,1351.1,1244.6,1767.35,3335.6
2024-04-01,RN-SEV-R008,D,rigido,4721.9,1605.4,1478.9,2100.03,3963.4
2024-05-01,RN-SEV-R008,D,rigido,4532.0,1540.9,1419.4,2015.6,3804.1
2024-06-01,RN-SEV-R008,D,rigido,5056.0,1719.0,1583.5,2248.6,4243.8
2024-07-01,RN-SEV-R008,D,rigido,4802.5,1632.8,1504.1,2135.88,4031.1
2024-08-01,RN-SEV-R008,D,rigido,4427.3,1505.3,1386.6,1969.01,3716.2
2024-09-01,RN-SEV-R008,D,rigido,4394.7,1494.2,1376.4,1954.51,3688.8
2024-10-01,RN-SEV-R008,D,rigido,4075.7,1385.7,1276.5,1812.65,3421.1
2024-11-01,RN-SEV-R008,D,rigido,4327.4,1471.3,1355.4,1924.6,3632.3
2024-12-01,RN-SEV-R008,D,rigido,5032.0,1710.9,1576.0,2237.96,4223.8
2025-01-01,RN-SEV-R008,D,rigido,4257.9,1447.7,1333.6,1893.66,3574.0
2025-02-01,RN-SEV-R008,D,rigido,3865.4,1314.2,1210.6,1719.1,3244.5
2025-03-01,RN-SEV-R008,D,rigido,3780.7,1285.4,1184.1,1681.44,3173.4
2025-04-01,RN-SEV-R008,D,rigido,4721.0,1605.1,1478.6,2099.64,3962.7
2025-05-01,RN-SEV-R008,D,rigido,4407.5,1498.6,1380.4,1960.22,3699.6
2025-06-01,RN-SEV-R008,D,rigido,4649.4,1580.8,1456.2,2067.79,3902.6
2025-07-01,RN-SEV-R008,D,rigido,5288.3,1798.0,1656.3,2351.96,4438.9
2025-08-01,RN-SEV-R008,D,rigido,3836.9,1304.6,1201.7,1706.45,3220.6
2025-09-01,RN-SEV-R008,D,rigido,4309.5,1465.2,1349.8,1916.65,3617.3
2025-10-01,RN-SEV-R008,D,rigido,4507.1,1532.4,1411.6,2004.52,3783.2
2025-11-01,RN-SEV-R008,D,rigido,4436.5,1508.4,1389.5,1973.1,3723.9
2025-12-01,RN-SEV-R008,D,rigido,4722.7,1605.7,1479.2,2100.39,3964.1
2024-01-01,RN-SEV-R009,D,rigido,3918.0,1332.1,1253.0,1779.22,3358.0
2024-02-01,RN-SEV-R009,D,rigido,4134.3,1405.6,1322.1,1877.43,3543.3
2024-03-01,RN-SEV-R009,D,rigido,4652.9,1582.0,1488.0,2112.97,3987.9
2024-04-01,RN-SEV-R009,D,rigido,4517.5,1535.9,1444.7,2051.46,3871.8
2024-05-01,RN-SEV-R009,D,rigido,4220.2,1434.9,1349.6,1916.47,3617.0
2024-06-01,RN-SEV-R009,D,rigido,4320.4,1468.9,1381.7,1961.98,3702.9
2024-07-01,RN-SEV-R009,D,rigido,4352.6,1479.9,1392.0,1976.61,3730.5
2024-08-01,RN-SEV-R009,D,rigido,4585.1,1558.9,1466.3,2082.16,3929.7
2024-09-01,RN-SEV-R009,D,rigido,4861.9,1653.1,1554.8,2207.87,4167.0
2024-10-01,RN-SEV-R009,D,rigido,4755.6,1616.9,1520.8,2159.6,4075.9
2024-11-01,RN-SEV-R009,D,rigido,4485.7,1525.1,1434.5,2037.02,3844.5
2024-12-01,RN-SEV-R009,D,rigido,5272.8,1792.8,1686.3,2394.48,4519.2
2025-01-01,RN-SEV-R009,D,rigido,3927.6,1335.4,1256.0,1783.58,3366.2
2025-02-01,RN-SEV-R009,D,rigido,4093.0,1391.6,1308.9,1858.7,3508.0
2025-03-01,RN-SEV-R009,D,rigido,4402.4,1496.8,1407.9,1999.19,3773.1
2025-04-01,RN-SEV-R009,D,rigido,4697.1,1597.0,1502.1,2133.03,4025.7
2025-05-01,RN-SEV-R009,D,rigido,4243.9,1442.9,1357.2,1927.24,3637.3
2025-06-01,RN-SEV-R009,D,rigido,4047.1,1376.0,1294.3,1837.85,3468.6
2025-07-01,RN-SEV-R009,D,rigido,4815.8,1637.4,1540.1,2186.95,4127.5
2025-08-01,RN-SEV-R009,D,rigido,4527.7,1539.4,1448.0,2056.11,3880.5
2025-09-01,RN-SEV-R009,D,rigido,5044.0,1715.0,1613.1,2290.58,4323.1
2025-10-01,RN-SEV-R009,D,rigido,4210.7,1431.6,1346.6,1912.16,3608.9
2025-11-01,RN-SEV-R009,D,rigido,4583.0,1558.2,1465.6,2081.19,3927.9
2025-12-01,RN-SEV-R009,D,rigido,5203.4,1769.2,1664.1,2362.97,4459.7
2024-01-01,RN-SEV-R010,D,rigido,3999.6,1359.9,1226.3,1741.32,3286.4
2024-02-01,RN-SEV-R010,D,rigido,4385.6,1491.1,1344.6,1909.35,3603.6
2024-03-01,RN-SEV-R010,D,rigido,4447.2,1512.0,1363.5,1936.19,3654.2
2024-04-01,RN-SEV-R010,D,rigido,4938.3,1679.0,1514.1,2150.01,4057.8
2024-05-01,RN-SEV-R010,D,rigido,4777.1,1624.2,1464.7,2079.81,3925.3
2024-06-01,RN-SEV-R010,D,rigido,4530.6,1540.4,1389.1,1972.52,3722.8
2024-07-01,RN-SEV-R010,D,rigido,5434.3,1847.7,1666.1,2365.93,4465.3
2024-08-01,RN-SEV-R010,D,rigido,4208.5,1430.9,1290.3,1832.26,3458.1
2024-09-01,RN-SEV-R010,D,rigido,4606.5,1566.2,1412.3,2005.53,3785.1
2024-10-01,RN-SEV-R010,D,rigido,4097.0,1393.0,1256.1,1783.72,3366.5
2024-11-01,RN-SEV-R010,D,rigido,4092.7,1391.5,1254.8,1781.85,3362.9
2024-12-01,RN-SEV-R010,D,rigido,5981.0,2033.5,1833.8,2603.95,4914.5
2025-01-01,RN-SEV-R010,D,rigido,4249.1,1444.7,1302.8,1849.95,3491.5
2025-02-01,RN-SEV-R010,D,rigido,4143.6,1408.8,1270.4,1804.03,3404.8
2025-03-01,RN-SEV-R010,D,rigido,4252.0,1445.7,1303.7,1851.2,3493.8
2025-04-01,RN-SEV-R010,D,rigido,4558.1,1549.8,1397.5,1984.47,3745.3
2025-05-01,RN-SEV-R010,D,rigido,4366.2,1484.5,1338.7,1900.93,3587.7
2025-06-01,RN-SEV-R010,D,rigido,4429.3,1506.0,1358.0,1928.39,3639.5
2025-07-01,RN-SEV-R010,D,rigido,4463.7,1517.7,1368.6,1943.37,3667.8
2025-08-01,RN-SEV-R010,D,rigido,4664.3,1585.9,1430.1,2030.72,3832.6
2025-09-01,RN-SEV-R010,D,rigido,4262.4,1449.2,1306.8,1855.71,3502.3
2025-10-01,RN-SEV-R010,D,rigido,4830.9,1642.5,1481.2,2103.24,3969.5
2025-11-01,RN-SEV-R010,D,rigido,4958.5,1685.9,1520.3,2158.8,4074.4
2025-12-01,RN-SEV-R010,D,rigido,5256.7,1787.3,1611.7,2288.62,4319.4
2024-01-01,RN-SEV-R011,D,rigido,4235.3,1440.0,1284.6,1824.1,3442.7
2024-02-01,RN-SEV-R011,D,rigido,4282.2,1455.9,1298.8,1844.27,3480.7
2024-03-01,RN-SEV-R011,D,rigido,4328.1,1471.5,1312.7,1864.03,3518.0
2024-04-01,RN-SEV-R011,D,rigido,4972.1,1690.5,1508.0,2141.4,4041.5
2024-05-01,RN-SEV-R011,D,rigido,4334.4,1473.7,1314.6,1866.78,3523.2
2024-06-01,RN-SEV-R011,D,rigido,4385.9,1491.2,1330.2,1888.93,3565.0
2024-07-01,RN-SEV-R011,D,rigido,5180.0,1761.2,1571.1,2230.97,4210.6
2024-08-01,RN-SEV-R011,D,rigido,3744.8,1273.2,1135.8,1612.82,3043.9
2024-09-01,RN-SEV-R011,D,rigido,4726.7,1607.1,1433.6,2035.7,3842.0
2024-10-01,RN-SEV-R011,D,rigido,4303.8,1463.3,1305.3,1853.59,3498.3
2024-11-01,RN-SEV-R011,D,rigido,4678.7,1590.7,1419.0,2015.04,3803.0
2024-12-01,RN-SEV-R011,D,rigido,6067.2,2062.8,1840.2,2613.05,4931.7
2025-01-01,RN-SEV-R011,D,rigido,4354.8,1480.6,1320.8,1875.54,3539.7
2025-02-01,RN-SEV-R011,D,rigido,4204.7,1429.6,1275.3,1810.92,3417.8
2025-03-01,RN-SEV-R011,D,rigido,4224.4,1436.3,1281.3,1819.4,3433.8
2025-04-01,RN-SEV-R011,D,rigido,4685.0,1592.9,1421.0,2017.76,3808.2
2025-05-01,RN-SEV-R011,D,rigido,4344.0,1477.0,1317.5,1870.91,3531.0
2025-06-01,RN-SEV-R011,D,rigido,4287.1,1457.6,1300.3,1846.41,3484.8
2025-07-01,RN-SEV-R011,D,rigido,4523.9,1538.1,1372.1,1948.37,3677.2
2025-08-01,RN-SEV-R011,D,rigido,4569.3,1553.6,1385.9,1967.92,3714.1
2025-09-01,RN-SEV-R011,D,rigido,4541.1,1544.0,1377.3,1955.79,3691.2
2025-10-01,RN-SEV-R011,D,rigido,4257.5,1447.5,1291.3,1833.64,3460.7
2025-11-01,RN-SEV-R011,D,rigido,4568.5,1553.3,1385.6,1967.61,3713.5
2025-12-01,RN-SEV-R011,D,rigido,5574.8,1895.4,1690.8,2401.0,4531.5
2024-01-01,RN-SEV-R012,D,rigido,4466.4,1518.6,1487.3,2111.98,3986.0
2024-02-01,RN-SEV-R012,D,rigido,3996.1,1358.7,1330.7,1889.61,3566.3
2024-03-01,RN-SEV-R012,D,rigido,4059.7,1380.3,1351.9,1919.67,3623.0
2024-04-01,RN-SEV-R012,D,rigido,4158.4,1413.9,1384.7,1966.34,3711.1
2024-05-01,RN-SEV-R012,D,rigido,4879.5,1659.0,1624.9,2307.3,4354.6
2024-06-01,RN-SEV-R012,D,rigido,5131.3,1744.7,1708.7,2426.4,4579.4
2024-07-01,RN-SEV-R012,D,rigido,4466.2,1518.5,1487.2,2111.87,3985.8
2024-08-01,RN-SEV-R012,D,rigido,5075.8,1725.8,1690.2,2400.15,4529.9
2024-09-01,RN-SEV-R012,D,rigido,4370.1,1485.8,1455.2,2066.43,3900.0
2024-10-01,RN-SEV-R012,D,rigido,5026.5,1709.0,1673.8,2376.81,4485.8
2024-11-01,RN-SEV-R012,D,rigido,4469.6,1519.7,1488.4,2113.5,3988.9
2024-12-01,RN-SEV-R012,D,rigido,5304.1,1803.4,1766.3,2508.12,4733.6
2025-01-01,RN-SEV-R012,D,rigido,4376.3,1488.0,1457.3,2069.39,3905.6
2025-02-01,RN-SEV-R012,D,rigido,4486.8,1525.5,1494.1,2121.62,4004.2
2025-03-01,RN-SEV-R012,D,rigido,4427.1,1505.2,1474.2,2093.39,3950.9
2025-04-01,RN-SEV-R012,D,rigido,4493.8,1527.9,1496.5,2124.96,4010.5
2025-05-01,RN-SEV-R012,D,rigido,4329.8,1472.1,1441.8,2047.4,3864.1
2025-06-01,RN-SEV-R012,D,rigido,4492.9,1527.6,1496.1,2124.5,4009.6
2025-07-01,RN-SEV-R012,D,rigido,5314.5,1806.9,1769.7,2513.02,4742.9
2025-08-01,RN-SEV-R012,D,rigido,4691.9,1595.2,1562.4,2218.6,4187.2
2025-09-01,RN-SEV-R012,D,rigido,5056.9,1719.3,1683.9,2391.2,4513.0
2025-10-01,RN-SEV-R012,D,rigido,4273.7,1453.1,1423.1,2020.87,3814.0
2025-11-01,RN-SEV-R012,D,rigido,4577.2,1556.3,1524.2,2164.39,4084.9
2025-12-01,RN-SEV-R012,D,rigido,4950.3,1683.1,1648.4,2340.78,4417.8
2024-01-01,RN-SEV-R013,D,rigido,4293.9,1459.9,1373.2,1949.92,3680.1
2024-02-01,RN-SEV-R013,D,rigido,3815.2,1297.2,1220.1,1732.55,3269.9
2024-03-01,RN-SEV-R013,D,rigido,4560.1,1550.4,1458.3,2070.81,3908.3
2024-04-01,RN-SEV-R013,D,rigido,4587.8,1559.8,1467.2,2083.37,3932.0
2024-05-01,RN-SEV-R013,D,rigido,4383.0,1490.2,1401.7,1990.4,3756.5
2024-06-01,RN-SEV-R013,D,rigido,4597.0,1563.0,1470.1,2087.56,3939.9
2024-07-01,RN-SEV-R013,D,rigido,5364.4,1823.9,1715.5,2436.06,4597.6
2024-08-01,RN-SEV-R013,D,rigido,4542.1,1544.3,1452.6,2062.64,3892.9
2024-09-01,RN-SEV-R013,D,rigido,4356.5,1481.2,1393.2,1978.35,3733.8
2024-10-01,RN-SEV-R013,D,rigido,4964.7,1688.0,1587.7,2254.56,4255.1
2024-11-01,RN-SEV-R013,D,rigido,4788.7,1628.2,1531.4,2174.64,4104.3
2024-12-01,RN-SEV-R013,D,rigido,5661.2,1924.8,1810.5,2570.86,4852.0
2025-01-01,RN-SEV-R013,D,rigido,3946.0,1341.7,1261.9,1791.96,3382.0
2025-02-01,RN-SEV-R013,D,rigido,4345.8,1477.6,1389.8,1973.5,3724.6
2025-03-01,RN-SEV-R013,D,rigido,4557.0,1549.4,1457.3,2069.4,3905.6
2025-04-01,RN-SEV-R013,D,rigido,4854.4,1650.5,1552.4,2204.46,4160.5
2025-05-01,RN-SEV-R013,D,rigido,4591.3,1561.0,1468.3,2084.98,3935.0
2025-06-01,RN-SEV-R013,D,rigido,4403.8,1497.3,1408.4,1999.86,3774.4
2025-07-01,RN-SEV-R013,D,rigido,4578.0,1556.5,1464.0,2078.93,3923.6
2025-08-01,RN-SEV-R013,D,rigido,4269.0,1451.4,1365.2,1938.61,3658.8
2025-09-01,RN-SEV-R013,D,rigido,4837.8,1644.9,1547.1,2196.93,4146.3
2025-10-01,RN-SEV-R013,D,rigido,4712.5,1602.2,1507.0,2140.01,4038.9
2025-11-01,RN-SEV-R013,D,rigido,4529.0,1539.9,1448.4,2056.7,3881.7
2025-12-01,RN-SEV-R013,D,rigido,5505.9,1872.0,1760.8,2500.3,4718.9
2024-01-01,RN-SEV-R014,D,rigido,4661.8,1585.0,1490.8,2117.0,3995.5
2024-02-01,RN-SEV-R014,D,rigido,3943.2,1340.7,1261.0,1790.67,3379.6
2024-03-01,RN-SEV-R014,D,rigido,4555.5,1548.9,1456.8,2068.72,3904.3
2024-04-01,RN-SEV-R014,D,rigido,4471.7,1520.4,1430.1,2030.69,3832.6
2024-05-01,RN-SEV-R014,D,rigido,4126.5,1403.0,1319.7,1873.92,3536.7
2024-06-01,RN-SEV-R014,D,rigido,4841.1,1646.0,1548.2,2198.41,4149.1
2024-07-01,RN-SEV-R014,D,rigido,4670.5,1588.0,1493.6,2120.94,4002.9
2024-08-01,RN-SEV-R014,D,rigido,4243.2,1442.7,1357.0,1926.89,3636.7
2024-09-01,RN-SEV-R014,D,rigido,4876.7,1658.1,1559.6,2214.6,4179.7
2024-10-01,RN-SEV-R014,D,rigido,3969.9,1349.8,1269.6,1802.8,3402.5
2024-11-01,RN-SEV-R014,D,rigido,4678.6,1590.7,1496.2,2124.61,4009.8
2024-12-01,RN-SEV-R014,D,rigido,5299.7,1801.9,1694.8,2406.68,4542.2
2025-01-01,RN-SEV-R014,D,rigido,4176.1,1419.9,1335.5,1896.44,3579.2
2025-02-01,RN-SEV-R014,D,rigido,4138.6,1407.1,1323.5,1879.39,3547.0
2025-03-01,RN-SEV-R014,D,rigido,4541.2,1544.0,1452.3,2062.22,3892.1
2025-04-01,RN-SEV-R014,D,rigido,4552.8,1548.0,1456.0,2067.51,3902.1
2025-05-01,RN-SEV-R014,D,rigido,4577.7,1556.4,1464.0,2078.82,3923.4
2025-06-01,RN-SEV-R014,D,rigido,4547.4,1546.1,1454.3,2065.05,3897.4
2025-07-01,RN-SEV-R014,D,rigido,4962.7,1687.3,1587.1,2253.66,4253.4
2025-08-01,RN-SEV-R014,D,rigido,4291.3,1459.0,1372.4,1948.75,3677.9
2025-09-01,RN-SEV-R014,D,rigido,4522.4,1537.6,1446.3,2053.69,3876.0
2025-10-01,RN-SEV-R014,D,rigido,4655.6,1582.9,1488.8,2114.16,3990.1
2025-11-01,RN-SEV-R014,D,rigido,4636.4,1576.4,1482.7,2105.46,3973.7
2025-12-01,RN-SEV-R014,D,rigido,6010.0,2043.4,1922.0,2729.23,5150.9
2024-01-01,RN-SEV-R015,D,rigido,4147.1,1410.0,1271.5,1805.52,3407.6
2024-02-01,RN-SEV-R015,D,rigido,3692.3,1255.4,1132.1,1607.52,3033.9
2024-03-01,RN-SEV-R015,D,rigido,4184.0,1422.6,1282.8,1821.61,3438.0
2024-04-01,RN-SEV-R015,D,rigido,4363.3,1483.5,1337.8,1899.65,3585.2
2024-05-01,RN-SEV-R015,D,rigido,4387.8,1491.9,1345.3,1910.34,3605.4
2024-06-01,RN-SEV-R015,D,rigido,4149.3,1410.8,1272.2,1806.51,3409.5
2024-07-01,RN-SEV-R015,D,rigido,4512.1,1534.1,1383.4,1964.44,3707.5
2024-08-01,RN-SEV-R015,D,rigido,3884.0,1320.5,1190.8,1690.97,3191.4
2024-09-01,RN-SEV-R015,D,rigido,4576.4,1556.0,1403.1,1992.45,3760.4
2024-10-01,RN-SEV-R015,D,rigido,4824.2,1640.2,1479.1,2100.33,3964.0
2024-11-01,RN-SEV-R015,D,rigido,4302.2,1462.7,1319.0,1873.05,3535.1
2024-12-01,RN-SEV-R015,D,rigido,5801.8,1972.6,1778.8,2525.95,4767.3
2025-01-01,RN-SEV-R015,D,rigido,4222.4,1435.6,1294.6,1838.33,3469.5
2025-02-01,RN-SEV-R015,D,rigido,4317.2,1467.8,1323.6,1879.57,3547.4
2025-03-01,RN-SEV-R015,D,rigido,4663.7,1585.7,1429.9,2030.45,3832.1
2025-04-01,RN-SEV-R015,D,rigido,4239.0,1441.3,1299.7,1845.53,3483.1
2025-05-01,RN-SEV-R015,D,rigido,5021.0,1707.1,1539.4,2185.99,4125.7
2025-06-01,RN-SEV-R015,D,rigido,4970.9,1690.1,1524.1,2164.19,4084.5
2025-07-01,RN-SEV-R015,D,rigido,4721.3,1605.3,1447.6,2055.53,3879.5
2025-08-01,RN-SEV-R015,D,rigido,4248.4,1444.5,1302.6,1849.65,3490.9
2025-09-01,RN-SEV-R015,D,rigido,4816.4,1637.6,1476.7,2096.92,3957.6
2025-10-01,RN-SEV-R015,D,rigido,4397.3,1495.1,1348.2,1914.47,3613.2
2025-11-01,RN-SEV-R015,D,rigido,4427.7,1505.4,1357.5,1927.69,3638.2
2025-12-01,RN-SEV-R015,D,rigido,5640.6,1917.8,1729.4,2455.77,4634.8
2024-01-01,RN-SEV-R016,D,rigido,4332.2,1472.9,1314.0,1865.82,3521.4
2024-02-01,RN-SEV-R016,D,rigido,4857.2,1651.4,1473.2,2091.93,3948.1
2024-03-01,RN-SEV-R016,D,rigido,4585.8,1559.2,1390.9,1975.03,3727.5
2024-04-01,RN-SEV-R016,D,rigido,4613.5,1568.6,1399.3,1986.99,3750.1
2024-05-01,RN-SEV-R016,D,rigido,4254.8,1446.6,1290.5,1832.5,3458.5
2024-06-01,RN-SEV-R016,D,rigido,4854.0,1650.4,1472.2,2090.56,3945.6
2024-07-01,RN-SEV-R016,D,rigido,4870.7,1656.0,1477.3,2097.75,3959.1
2024-08-01,RN-SEV-R016,D,rigido,4480.8,1523.5,1359.0,1929.81,3642.2
2024-09-01,RN-SEV-R016,D,rigido,4171.3,1418.2,1265.2,1796.53,3390.6
2024-10-01,RN-SEV-R016,D,rigido,4670.8,1588.1,1416.6,2011.63,3796.6
2024-11-01,RN-SEV-R016,D,rigido,4333.6,1473.4,1314.4,1866.44,3522.6
2024-12-01,RN-SEV-R016,D,rigido,5368.1,1825.1,1628.1,2311.95,4363.4
2025-01-01,RN-SEV-R016,D,rigido,4684.4,1592.7,1420.8,2017.51,3807.7
2025-02-01,RN-SEV-R016,D,rigido,3747.4,1274.1,1136.6,1613.95,3046.0
2025-03-01,RN-SEV-R016,D,rigido,4329.2,1471.9,1313.0,1864.51,3518.9
2025-04-01,RN-SEV-R016,D,rigido,4944.8,1681.2,1499.8,2129.65,4019.3
2025-05-01,RN-SEV-R016,D,rigido,4739.8,1611.5,1437.6,2041.35,3852.7
2025-06-01,RN-SEV-R016,D,rigido,4929.7,1676.1,1495.2,2123.15,4007.1
2025-07-01,RN-SEV-R016,D,rigido,4587.2,1559.7,1391.3,1975.65,3728.7
2025-08-01,RN-SEV-R016,D,rigido,3932.5,1337.0,1192.7,1693.67,3196.5
2025-09-01,RN-SEV-R016,D,rigido,4373.4,1487.0,1326.5,1883.58,3554.9
2025-10-01,RN-SEV-R016,D,rigido,4642.6,1578.5,1408.1,1999.49,3773.7
2025-11-01,RN-SEV-R016,D,rigido,4185.6,1423.1,1269.5,1802.69,3402.3
2025-12-01,RN-SEV-R016,D,rigido,5904.7,2007.6,1790.9,2543.06,4799.6
2024-01-01,RN-SEV-R017,D,rigido,4157.3,1413.5,1260.9,1790.51,3379.3
2024-02-01,RN-SEV-R017,D,rigido,4011.2,1363.8,1216.6,1727.56,3260.5
2024-03-01,RN-SEV-R017,D,rigido,4561.5,1550.9,1383.5,1964.58,3707.8
2024-04-01,RN-SEV-R017,D,rigido,3763.4,1279.5,1141.4,1620.83,3059.0
2024-05-01,RN-SEV-R017,D,rigido,4537.4,1542.7,1376.2,1954.22,3688.2
2024-06-01,RN-SEV-R017,D,rigido,4429.6,1506.1,1343.5,1907.77,3600.6
2024-07-01,RN-SEV-R017,D,rigido,5291.5,1799.1,1604.9,2278.98,4301.2
2024-08-01,RN-SEV-R017,D,rigido,4562.6,1551.3,1383.8,1965.06,3708.7
2024-09-01,RN-SEV-R017,D,rigido,4418.9,1502.4,1340.3,1903.16,3591.9
2024-10-01,RN-SEV-R017,D,rigido,5144.7,1749.2,1560.4,2215.76,4181.9
2024-11-01,RN-SEV-R017,D,rigido,4926.9,1675.2,1494.3,2121.96,4004.8
2024-12-01,RN-SEV-R017,D,rigido,5006.9,1702.3,1518.6,2156.4,4069.8
2025-01-01,RN-SEV-R017,D,rigido,3867.5,1314.9,1173.0,1665.68,3143.7
2025-02-01,RN-SEV-R017,D,rigido,4933.6,1677.4,1496.4,2124.84,4010.3
2025-03-01,RN-SEV-R017,D,rigido,4541.1,1544.0,1377.3,1955.78,3691.2
2025-04-01,RN-SEV-R017,D,rigido,4572.9,1554.8,1387.0,1969.5,3717.1
2025-05-01,RN-SEV-R017,D,rigido,4337.4,1474.7,1315.5,1868.06,3525.6
2025-06-01,RN-SEV-R017,D,rigido,5526.3,1878.9,1676.1,2380.1,4492.0
2025-07-01,RN-SEV-R017,D,rigido,4905.4,1667.8,1487.8,2112.69,3987.3
2025-08-01,RN-SEV-R017,D,rigido,4551.4,1547.5,1380.5,1960.24,3699.6
2025-09-01,RN-SEV-R017,D,rigido,5021.3,1707.2,1523.0,2162.6,4081.5
2025-10-01,RN-SEV-R017,D,rigido,4965.8,1688.4,1506.1,2138.71,4036.4
2025-11-01,RN-SEV-R017,D,rigido,4766.1,1620.5,1445.6,2052.7,3874.1
2025-12-01,RN-SEV-R017,D,rigido,6108.9,2077.0,1852.8,2631.03,4965.6
2024-01-01,RN-SEV-R018,D,rigido,3617.9,1230.1,1168.9,1659.88,3132.7
2024-02-01,RN-SEV-R018,D,rigido,4680.7,1591.4,1512.3,2147.51,4053.0
2024-03-01,RN-SEV-R018,D,rigido,4710.1,1601.4,1521.8,2161.02,4078.5
2024-04-01,RN-SEV-R018,D,rigido,4561.1,1550.8,1473.7,2092.64,3949.5
2024-05-01,RN-SEV-R018,D,rigido,4433.4,1507.4,1432.4,2034.05,3838.9
2024-06-01,RN-SEV-R018,D,rigido,4470.8,1520.1,1444.5,2051.21,3871.3
2024-07-01,RN-SEV-R018,D,rigido,4675.6,1589.7,1510.7,2145.18,4048.6
2024-08-01,RN-SEV-R018,D,rigido,4869.8,1655.7,1573.4,2234.29,4216.8
2024-09-01,RN-SEV-R018,D,rigido,4787.6,1627.8,1546.9,2196.55,4145.6
2024-10-01,RN-SEV-R018,D,rigido,4957.0,1685.4,1601.6,2274.26,4292.3
2024-11-01,RN-SEV-R018,D,rigido,4355.7,1480.9,1407.3,1998.39,3771.6
2024-12-01,RN-SEV-R018,D,rigido,5686.8,1933.5,1837.4,2609.12,4924.3
2025-01-01,RN-SEV-R018,D,rigido,4487.2,1525.7,1449.8,2058.75,3885.5
2025-02-01,RN-SEV-R018,D,rigido,4158.5,1413.9,1343.6,1907.94,3600.9
2025-03-01,RN-SEV-R018,D,rigido,4618.5,1570.3,1492.2,2118.96,3999.2
2025-04-01,RN-SEV-R018,D,rigido,4686.6,1593.4,1514.2,2150.2,4058.1
2025-05-01,RN-SEV-R018,D,rigido,4492.9,1527.6,1451.6,2061.33,3890.4
2025-06-01,RN-SEV-R018,D,rigido,4121.4,1401.3,1331.6,1890.9,3568.7
2025-07-01,RN-SEV-R018,D,rigido,4921.6,1673.3,1590.2,2258.03,4261.6
2025-08-01,RN-SEV-R018,D,rigido,4206.0,1430.1,1359.0,1929.74,3642.0
2025-09-01,RN-SEV-R018,D,rigido,4495.8,1528.6,1452.6,2062.69,3893.0
2025-10-01,RN-SEV-R018,D,rigido,4562.7,1551.3,1474.2,2093.37,3950.9
2025-11-01,RN-SEV-R018,D,rigido,4484.7,1524.8,1449.0,2057.59,3883.3
2025-12-01,RN-SEV-R018,D,rigido,5809.2,1975.1,1876.9,2665.26,5030.2
2024-01-01,RN-SEV-R019,D,rigido,4269.2,1451.5,1308.9,1858.67,3507.9
2024-02-01,RN-SEV-R019,D,rigido,4176.5,1420.0,1280.5,1818.33,3431.8
2024-03-01,RN-SEV-R019,D,rigido,4748.7,1614.6,1455.9,2067.44,3901.9
2024-04-01,RN-SEV-R019,D,rigido,4474.8,1521.4,1372.0,1948.22,3676.9
2024-05-01,RN-SEV-R019,D,rigido,4623.8,1572.1,1417.7,2013.08,3799.3
2024-06-01,RN-SEV-R019,D,rigido,4124.3,1402.2,1264.5,1795.59,3388.9
2024-07-01,RN-SEV-R019,D,rigido,4915.2,1671.2,1507.0,2139.95,4038.8
2024-08-01,RN-SEV-R019,D,rigido,4723.6,1606.0,1448.3,2056.54,3881.4
2024-09-01,RN-SEV-R019,D,rigido,4836.5,1644.4,1482.9,2105.68,3974.1
2024-10-01,RN-SEV-R019,D,rigido,4367.2,1484.8,1339.0,1901.34,3588.4
2024-11-01,RN-SEV-R019,D,rigido,4124.9,1402.5,1264.7,1795.85,3389.4
2024-12-01,RN-SEV-R019,D,rigido,5026.9,1709.1,1541.2,2188.56,4130.5
2025-01-01,RN-SEV-R019,D,rigido,4211.9,1432.0,1291.4,1833.73,3460.9
2025-02-01,RN-SEV-R019,D,rigido,4441.1,1510.0,1361.6,1933.52,3649.2
2025-03-01,RN-SEV-R019,D,rigido,4195.2,1426.4,1286.3,1826.48,3447.2
2025-04-01,RN-SEV-R019,D,rigido,4805.3,1633.8,1473.3,2092.07,3948.4
2025-05-01,RN-SEV-R019,D,rigido,4475.5,1521.7,1372.2,1948.52,3677.5
2025-06-01,RN-SEV-R019,D,rigido,4580.5,1557.4,1404.4,1994.22,3763.7
2025-07-01,RN-SEV-R019,D,rigido,5346.8,1817.9,1639.3,2327.84,4393.4
2025-08-01,RN-SEV-R019,D,rigido,4532.1,1540.9,1389.5,1973.13,3723.9
2025-09-01,RN-SEV-R019,D,rigido,4865.0,1654.1,1491.6,2118.08,3997.5
2025-10-01,RN-SEV-R019,D,rigido,4242.1,1442.3,1300.6,1846.9,3485.7
2025-11-01,RN-SEV-R019,D,rigido,4408.7,1499.0,1351.7,1919.41,3622.6
2025-12-01,RN-SEV-R019,D,rigido,5938.3,2019.0,1820.7,2585.38,4879.5
2024-01-01,RN-SEV-R020,D,rigido,4439.4,1509.4,1361.1,1932.8,3647.8
2024-02-01,RN-SEV-R020,D,rigido,4504.2,1531.4,1381.0,1960.99,3701.0
2024-03-01,RN-SEV-R020,D,rigido,3826.1,1300.9,1173.1,1665.78,3143.9
2024-04-01,RN-SEV-R020,D,rigido,4873.2,1656.9,1494.1,2121.65,4004.2
2024-05-01,RN-SEV-R020,D,rigido,4733.1,1609.2,1451.2,2060.65,3889.1
2024-06-01,RN-SEV-R020,D,rigido,4547.5,1546.1,1394.3,1979.85,3736.6
2024-07-01,RN-SEV-R020,D,rigido,4923.1,1673.8,1509.4,2143.37,4045.2
2024-08-01,RN-SEV-R020,D,rigido,4274.9,1453.5,1310.7,1861.19,3512.7
2024-09-01,RN-SEV-R020,D,rigido,4546.0,1545.6,1393.8,1979.19,3735.4
2024-10-01,RN-SEV-R020,D,rigido,5040.4,1713.7,1545.4,2194.45,4141.6
2024-11-01,RN-SEV-R020,D,rigido,4095.0,1392.3,1255.5,1782.86,3364.8
2024-12-01,RN-SEV-R020,D,rigido,5430.7,1846.4,1665.1,2364.37,4462.3
2025-01-01,RN-SEV-R020,D,rigido,4228.3,1437.6,1296.4,1840.86,3474.3
2025-02-01,RN-SEV-R020,D,rigido,4450.7,1513.2,1364.6,1937.71,3657.1
2025-03-01,RN-SEV-R020,D,rigido,4494.6,1528.2,1378.1,1956.84,3693.2
2025-04-01,RN-SEV-R020,D,rigido,4730.4,1608.3,1450.3,2059.49,3886.9
2025-05-01,RN-SEV-R020,D,rigido,4278.1,1454.6,1311.7,1862.56,3515.3
2025-06-01,RN-SEV-R020,D,rigido,4845.3,1647.4,1485.6,2109.49,3981.3
2025-07-01,RN-SEV-R020,D,rigido,5224.2,1776.2,1601.7,2274.46,4292.6
2025-08-01,RN-SEV-R020,D,rigido,4868.9,1655.4,1492.8,2119.76,4000.7
2025-09-01,RN-SEV-R020,D,rigido,5015.1,1705.1,1537.6,2183.42,4120.8
2025-10-01,RN-SEV-R020,D,rigido,4898.0,1665.3,1501.7,2132.44,4024.6
2025-11-01,RN-SEV-R020,D,rigido,4697.5,1597.1,1440.2,2045.15,3859.9
2025-12-01,RN-SEV-R020,D,rigido,4637.5,1576.8,1421.9,2019.06,3810.6
2024-01-01,RN-SEV-R021,D,rigido,3658.2,1243.8,1157.8,1644.09,3102.9
2024-02-01,RN-SEV-R021,D,rigido,4134.1,1405.6,1308.4,1857.97,3506.6
2024-03-01,RN-SEV-R021,D,rigido,4041.7,1374.2,1279.2,1816.44,3428.2
2024-04-01,RN-SEV-R021,D,rigido,4615.0,1569.1,1460.7,2074.14,3914.6
2024-05-01,RN-SEV-R021,D,rigido,4456.6,1515.2,1410.5,2002.93,3780.2
2024-06-01,RN-SEV-R021,D,rigido,4479.9,1523.2,1417.9,2013.41,3800.0
2024-07-01,RN-SEV-R021,D,rigido,5407.2,1838.5,1711.4,2430.17,4586.5
2024-08-01,RN-SEV-R021,D,rigido,4540.5,1543.8,1437.1,2040.65,3851.4
2024-09-01,RN-SEV-R021,D,rigido,4471.9,1520.5,1415.4,2009.82,3793.2
2024-10-01,RN-SEV-R021,D,rigido,4392.4,1493.4,1390.2,1974.07,3725.7
2024-11-01,RN-SEV-R021,D,rigido,4620.1,1570.8,1462.3,2076.42,3918.9
2024-12-01,RN-SEV-R021,D,rigido,5197.4,1767.1,1645.0,2335.89,4408.6
2025-01-01,RN-SEV-R021,D,rigido,4269.3,1451.6,1351.2,1918.76,3621.3
2025-02-01,RN-SEV-R021,D,rigido,4079.1,1386.9,1291.0,1833.25,3459.9
2025-03-01,RN-SEV-R021,D,rigido,4799.2,1631.7,1518.9,2156.88,4070.7
2025-04-01,RN-SEV-R021,D,rigido,4175.1,1419.5,1321.4,1876.39,3541.4
2025-05-01,RN-SEV-R021,D,rigido,4851.4,1649.5,1535.5,2180.34,4115.0
2025-06-01,RN-SEV-R021,D,rigido,4280.0,1455.2,1354.6,1923.54,3630.3
2025-07-01,RN-SEV-R021,D,rigido,4048.5,1376.5,1281.4,1819.54,3434.1
2025-08-01,RN-SEV-R021,D,rigido,4378.0,1488.5,1385.6,1967.59,3713.5
2025-09-01,RN-SEV-R021,D,rigido,4760.7,1618.6,1506.8,2139.59,4038.1
2025-10-01,RN-SEV-R021,D,rigido,4349.9,1479.0,1376.7,1954.98,3689.7
2025-11-01,RN-SEV-R021,D,rigido,4184.5,1422.7,1324.4,1880.64,3549.4
2025-12-01,RN-SEV-R021,D,rigido,5880.2,1999.3,1861.1,2642.72,4987.7
2024-01-01,RN-SEV-R022,D,rigido,3803.0,1293.0,1166.0,1655.71,3124.9
2024-02-01,RN-SEV-R022,D,rigido,4402.3,1496.8,1349.8,1916.65,3617.3
2024-03-01,RN-SEV-R022,D,rigido,4809.7,1635.3,1474.7,2094.02,3952.1
2024-04-01,RN-SEV-R022,D,rigido,4499.8,1529.9,1379.6,1959.07,3697.4
2024-05-01,RN-SEV-R022,D,rigido,4759.4,1618.2,1459.2,2072.1,3910.7
2024-06-01,RN-SEV-R022,D,rigido,4805.0,1633.7,1473.2,2091.95,3948.2
2024-07-01,RN-SEV-R022,D,rigido,4845.4,1647.4,1485.6,2109.56,3981.4
2024-08-01,RN-SEV-R022,D,rigido,3980.8,1353.5,1220.5,1733.12,3271.0
2024-09-01,RN-SEV-R022,D,rigido,4636.4,1576.4,1421.5,2018.55,3809.6
2024-10-01,RN-SEV-R022,D,rigido,4968.6,1689.3,1523.4,2163.18,4082.6
2024-11-01,RN-SEV-R022,D,rigido,4655.8,1583.0,1427.5,2027.02,3825.7
2024-12-01,RN-SEV-R022,D,rigido,5360.3,1822.5,1643.5,2333.73,4404.5
2025-01-01,RN-SEV-R022,D,rigido,3790.4,1288.7,1162.1,1650.22,3114.5
2025-02-01,RN-SEV-R022,D,rigido,3833.3,1303.3,1175.3,1668.9,3149.7
2025-03-01,RN-SEV-R022,D,rigido,4638.5,1577.1,1422.2,2019.45,3811.4
2025-04-01,RN-SEV-R022,D,rigido,4348.2,1478.4,1333.2,1893.08,3572.9
2025-05-01,RN-SEV-R022,D,rigido,4393.2,1493.7,1347.0,1912.68,3609.8
2025-06-01,RN-SEV-R022,D,rigido,4997.8,1699.3,1532.3,2175.9,4106.6
2025-07-01,RN-SEV-R022,D,rigido,4908.7,1668.9,1505.0,2137.09,4033.4
2025-08-01,RN-SEV-R022,D,rigido,4122.2,1401.6,1263.9,1794.71,3387.2
2025-09-01,RN-SEV-R022,D,rigido,3911.6,1329.9,1199.3,1702.99,3214.1
2025-10-01,RN-SEV-R022,D,rigido,4743.7,1612.9,1454.4,2065.29,3897.9
2025-11-01,RN-SEV-R022,D,rigido,4071.5,1384.3,1248.3,1772.62,3345.5
2025-12-01,RN-SEV-R022,D,rigido,6044.2,2055.0,1853.2,2631.48,4966.4
2024-01-01,RN-SEV-R023,D,rigido,4459.8,1516.3,1411.5,2004.35,3782.9
2024-02-01,RN-SEV-R023,D,rigido,4257.9,1447.7,1347.6,1913.61,3611.6
2024-03-01,RN-SEV-R023,D,rigido,4655.5,1582.9,1473.5,2092.34,3948.9
2024-04-01,RN-SEV-R023,D,rigido,4556.9,1549.4,1442.3,2048.02,3865.3
2024-05-01,RN-SEV-R023,D,rigido,4316.1,1467.5,1366.0,1939.77,3661.0
2024-06-01,RN-SEV-R023,D,rigido,5020.8,1707.1,1589.1,2256.51,4258.8
2024-07-01,RN-SEV-R023,D,rigido,4911.5,1669.9,1554.5,2207.39,4166.1
2024-08-01,RN-SEV-R023,D,rigido,4658.0,1583.7,1474.3,2093.46,3951.0
2024-09-01,RN-SEV-R023,D,rigido,4406.0,1498.0,1394.5,1980.17,3737.2
2024-10-01,RN-SEV-R023,D,rigido,4360.4,1482.5,1380.1,1959.68,3698.6
2024-11-01,RN-SEV-R023,D,rigido,5095.1,1732.3,1612.6,2289.88,4321.8
2024-12-01,RN-SEV-R023,D,rigido,5790.9,1968.9,1832.8,2602.61,4912.0
2025-01-01,RN-SEV-R023,D,rigido,3986.5,1355.4,1261.7,1791.65,3381.4
2025-02-01,RN-SEV-R023,D,rigido,4378.0,1488.5,1385.6,1967.59,3713.5
2025-03-01,RN-SEV-R023,D,rigido,4156.8,1413.3,1315.6,1868.19,3525.9
2025-04-01,RN-SEV-R023,D,rigido,4566.6,1552.7,1445.3,2052.38,3873.5
2025-05-01,RN-SEV-R023,D,rigido,4949.6,1682.9,1566.5,2224.49,4198.3
2025-06-01,RN-SEV-R023,D,rigido,4395.8,1494.6,1391.3,1975.62,3728.6
2025-07-01,RN-SEV-R023,D,rigido,5373.7,1827.1,1700.8,2415.12,4558.1
2025-08-01,RN-SEV-R023,D,rigido,4087.8,1389.9,1293.8,1837.19,3467.4
2025-09-01,RN-SEV-R023,D,rigido,4520.8,1537.1,1430.8,2031.79,3834.7
2025-10-01,RN-SEV-R023,D,rigido,4849.5,1648.8,1534.9,2179.5,4113.4
2025-11-01,RN-SEV-R023,D,rigido,4650.3,1581.1,1471.8,2089.98,3944.5
2025-12-01,RN-SEV-R023,D,rigido,5816.0,1977.5,1840.8,2613.9,4933.3
2024-01-01,RN-SEV-R024,D,rigido,4605.9,1566.0,1503.4,2134.78,4029.0
2024-02-01,RN-SEV-R024,D,rigido,4081.7,1387.8,1332.3,1891.83,3570.5
2024-03-01,RN-SEV-R024,D,rigido,4570.4,1554.0,1491.8,2118.34,3998.0
2024-04-01,RN-SEV-R024,D,rigido,4728.6,1607.7,1543.4,2191.64,4136.3
2024-05-01,RN-SEV-R024,D,rigido,4960.1,1686.4,1619.0,2298.96,4338.9
2024-06-01,RN-SEV-R024,D,rigido,4746.9,1613.9,1549.4,2200.11,4152.3
2024-07-01,RN-SEV-R024,D,rigido,4498.8,1529.6,1468.4,2085.13,3935.3
2024-08-01,RN-SEV-R024,D,rigido,4011.3,1363.8,1309.3,1859.19,3508.9
2024-09-01,RN-SEV-R024,D,rigido,4500.5,1530.2,1469.0,2085.94,3936.9
2024-10-01,RN-SEV-R024,D,rigido,3867.3,1314.9,1262.3,1792.47,3383.0
2024-11-01,RN-SEV-R024,D,rigido,4429.8,1506.1,1445.9,2053.15,3875.0
2024-12-01,RN-SEV-R024,D,rigido,5146.0,1749.6,1679.7,2385.12,4501.5
2025-01-01,RN-SEV-R024,D,rigido,4763.4,1619.6,1554.8,2207.8,4166.8
2025-02-01,RN-SEV-R024,D,rigido,4125.3,1402.6,1346.5,1912.04,3608.6
2025-03-01,RN-SEV-R024,D,rigido,4522.3,1537.6,1476.1,2096.02,3955.9
2025-04-01,RN-SEV-R024,D,rigido,4018.6,1366.3,1311.7,1862.57,3515.3
2025-05-01,RN-SEV-R024,D,rigido,4284.0,1456.6,1398.3,1985.6,3747.5
2025-06-01,RN-SEV-R024,D,rigido,5177.3,1760.3,1689.9,2399.61,4528.8
2025-07-01,RN-SEV-R024,D,rigido,4847.0,1648.0,1582.1,2246.52,4239.9
2025-08-01,RN-SEV-R024,D,rigido,4895.7,1664.5,1598.0,2269.11,4282.5
2025-09-01,RN-SEV-R024,D,rigido,4543.7,1544.9,1483.1,2105.97,3974.7
2025-10-01,RN-SEV-R024,D,rigido,4876.4,1658.0,1591.6,2260.14,4265.6
2025-11-01,RN-SEV-R024,D,rigido,4520.7,1537.0,1475.5,2095.28,3954.5
2025-12-01,RN-SEV-R024,D,rigido,4793.6,1629.8,1564.6,2221.79,4193.2
2024-01-01,RN-SEV-R025,D,rigido,4159.5,1414.2,1275.3,1810.95,3417.8
2024-02-01,RN-SEV-R025,D,rigido,4077.4,1386.3,1250.1,1775.2,3350.4
2024-03-01,RN-SEV-R025,D,rigido,4314.1,1466.8,1322.7,1878.23,3544.8
2024-04-01,RN-SEV-R025,D,rigido,4592.0,1561.3,1407.9,1999.24,3773.2
2024-05-01,RN-SEV-R025,D,rigido,4461.0,1516.8,1367.8,1942.22,3665.6
2024-06-01,RN-SEV-R025,D,rigido,3967.8,1349.1,1216.5,1727.47,3260.3
2024-07-01,RN-SEV-R025,D,rigido,4174.7,1419.4,1280.0,1817.54,3430.3
2024-08-01,RN-SEV-R025,D,rigido,4464.2,1517.8,1368.7,1943.58,3668.2
2024-09-01,RN-SEV-R025,D,rigido,4646.1,1579.7,1424.5,2022.78,3817.6
2024-10-01,RN-SEV-R025,D,rigido,4589.5,1560.4,1407.1,1998.12,3771.1
2024-11-01,RN-SEV-R025,D,rigido,4375.4,1487.6,1341.5,1904.93,3595.2
2024-12-01,RN-SEV-R025,D,rigido,5427.6,1845.4,1664.1,2363.01,4459.8
2025-01-01,RN-SEV-R025,D,rigido,4249.5,1444.8,1302.9,1850.12,3491.8
2025-02-01,RN-SEV-R025,D,rigido,3949.8,1342.9,1211.0,1719.63,3245.5
2025-03-01,RN-SEV-R025,D,rigido,4291.4,1459.1,1315.7,1868.34,3526.2
2025-04-01,RN-SEV-R025,D,rigido,4622.3,1571.6,1417.2,2012.41,3798.1
2025-05-01,RN-SEV-R025,D,rigido,4673.7,1589.1,1433.0,2034.81,3840.3
2025-06-01,RN-SEV-R025,D,rigido,4998.7,1699.6,1532.6,2176.31,4107.4
2025-07-01,RN-SEV-R025,D,rigido,4570.0,1553.8,1401.2,1989.64,3755.1
2025-08-01,RN-SEV-R025,D,rigido,4412.9,1500.4,1353.0,1921.24,3626.0
2025-09-01,RN-SEV-R025,D,rigido,4034.9,1371.9,1237.1,1756.7,3315.5
2025-10-01,RN-SEV-R025,D,rigido,4768.6,1621.3,1462.1,2076.12,3918.3
2025-11-01,RN-SEV-R025,D,rigido,3723.7,1266.1,1141.7,1621.19,3059.7
2025-12-01,RN-SEV-R025,D,rigido,5095.0,1732.3,1562.1,2218.22,4186.5
2024-01-01,RN-SEV-R026,D,rigido,4111.9,1398.1,1301.4,1848.02,3487.8
2024-02-01,RN-SEV-R026,D,rigido,4269.2,1451.5,1351.2,1918.69,3621.2
2024-03-01,RN-SEV-R026,D,rigido,4620.7,1571.0,1462.4,2076.67,3919.4
2024-04-01,RN-SEV-R026,D,rigido,4800.4,1632.1,1519.3,2157.43,4071.8
2024-05-01,RN-SEV-R026,D,rigido,4087.4,1389.7,1293.7,1837.02,3467.0
2024-06-01,RN-SEV-R026,D,rigido,4538.1,1543.0,1436.3,2039.57,3849.3
2024-07-01,RN-SEV-R026,D,rigido,5262.7,1789.3,1665.7,2365.23,4464.0
2024-08-01,RN-SEV-R026,D,rigido,3835.5,1304.1,1213.9,1723.79,3253.3
2024-09-01,RN-SEV-R026,D,rigido,4429.4,1506.0,1401.9,1990.73,3757.1
2024-10-01,RN-SEV-R026,D,rigido,4613.0,1568.4,1460.0,2073.24,3912.9
2024-11-01,RN-SEV-R026,D,rigido,4653.9,1582.3,1473.0,2091.61,3947.5
2024-12-01,RN-SEV-R026,D,rigido,5836.0,1984.2,1847.1,2622.87,4950.2
2025-01-01,RN-SEV-R026,D,rigido,3934.2,1337.6,1245.2,1768.14,3337.0
2025-02-01,RN-SEV-R026,D,rigido,4397.2,1495.0,1391.7,1976.22,3729.8
2025-03-01,RN-SEV-R026,D,rigido,4368.4,1485.3,1382.6,1963.29,3705.4
2025-04-01,RN-SEV-R026,D,rigido,4181.5,1421.7,1323.4,1879.28,3546.8
2025-05-01,RN-SEV-R026,D,rigido,4429.8,1506.1,1402.0,1990.88,3757.4
2025-06-01,RN-SEV-R026,D,rigido,4562.1,1551.1,1443.9,2050.36,3869.7
2025-07-01,RN-SEV-R026,D,rigido,4602.1,1564.7,1456.6,2068.31,3903.6
2025-08-01,RN-SEV-R026,D,rigido,4652.9,1582.0,1472.7,2091.17,3946.7
2025-09-01,RN-SEV-R026,D,rigido,3972.5,1350.7,1257.3,1785.36,3369.6
2025-10-01,RN-SEV-R026,D,rigido,4935.3,1678.0,1562.0,2218.06,4186.2
2025-11-01,RN-SEV-R026,D,rigido,4952.5,1683.8,1567.5,2225.78,4200.8
2025-12-01,RN-SEV-R026,D,rigido,5411.7,1840.0,1712.8,2432.16,4590.3
2024-01-01,RN-SEV-R027,D,rigido,4375.3,1487.6,1370.3,1945.89,3672.5
2024-02-01,RN-SEV-R027,D,rigido,3961.6,1346.9,1240.8,1761.88,3325.2
2024-03-01,RN-SEV-R027,D,rigido,4494.5,1528.1,1407.7,1998.92,3772.6
2024-04-01,RN-SEV-R027,D,rigido,4011.2,1363.8,1256.3,1783.96,3366.9
2024-05-01,RN-SEV-R027,D,rigido,4238.3,1441.0,1327.4,1884.95,3557.5
2024-06-01,RN-SEV-R027,D,rigido,4811.8,1636.0,1507.0,2140.0,4038.9
2024-07-01,RN-SEV-R027,D,rigido,4993.1,1697.6,1563.8,2220.63,4191.1
2024-08-01,RN-SEV-R027,D,rigido,4182.9,1422.2,1310.1,1860.3,3511.0
2024-09-01,RN-SEV-R027,D,rigido,4434.2,1507.6,1388.8,1972.1,3722.0
2024-10-01,RN-SEV-R027,D,rigido,4119.5,1400.6,1290.2,1832.12,3457.8
2024-11-01,RN-SEV-R027,D,rigido,4785.6,1627.1,1498.8,2128.36,4016.9
2024-12-01,RN-SEV-R027,D,rigido,5923.9,2014.1,1855.4,2634.62,4972.4
2025-01-01,RN-SEV-R027,D,rigido,4396.1,1494.7,1376.9,1955.13,3690.0
2025-02-01,RN-SEV-R027,D,rigido,3724.0,1266.1,1166.3,1656.21,3125.8
2025-03-01,RN-SEV-R027,D,rigido,4132.2,1405.0,1294.2,1837.78,3468.5
2025-04-01,RN-SEV-R027,D,rigido,4735.0,1609.9,1483.0,2105.88,3974.5
2025-05-01,RN-SEV-R027,D,rigido,4766.7,1620.7,1492.9,2119.97,4001.1
2025-06-01,RN-SEV-R027,D,rigido,4681.3,1591.6,1466.2,2081.96,3929.3
2025-07-01,RN-SEV-R027,D,rigido,4685.7,1593.1,1467.6,2083.94,3933.1
2025-08-01,RN-SEV-R027,D,rigido,4116.8,1399.7,1289.4,1830.9,3455.5
2025-09-01,RN-SEV-R027,D,rigido,4402.3,1496.8,1378.8,1957.89,3695.2
2025-10-01,RN-SEV-R027,D,rigido,4398.4,1495.5,1377.6,1956.18,3692.0
2025-11-01,RN-SEV-R027,D,rigido,4675.4,1589.6,1464.3,2079.33,3924.4
2025-12-01,RN-SEV-R027,D,rigido,6086.1,2069.3,1906.2,2706.75,5108.5
2024-01-01,RN-SEV-R028,D,rigido,4157.3,1413.5,1356.9,1926.85,3636.6
2024-02-01,RN-SEV-R028,D,rigido,4146.9,1410.0,1353.6,1922.06,3627.6
2024-03-01,RN-SEV-R028,D,rigido,4544.6,1545.2,1483.4,2106.37,3975.4
2024-04-01,RN-SEV-R028,D,rigido,4222.1,1435.5,1378.1,1956.92,3693.3
2024-05-01,RN-SEV-R028,D,rigido,4133.0,1405.2,1349.0,1915.59,3615.3
2024-06-01,RN-SEV-R028,D,rigido,4127.0,1403.2,1347.0,1912.81,3610.1
2024-07-01,RN-SEV-R028,D,rigido,4818.6,1638.3,1572.8,2233.34,4215.0
2024-08-01,RN-SEV-R028,D,rigido,4225.1,1436.5,1379.1,1958.3,3695.9
2024-09-01,RN-SEV-R028,D,rigido,4804.9,1633.7,1568.3,2227.0,4203.1
2024-10-01,RN-SEV-R028,D,rigido,4865.6,1654.3,1588.1,2255.13,4256.2
2024-11-01,RN-SEV-R028,D,rigido,4708.8,1601.0,1536.9,2182.46,4119.0
2024-12-01,RN-SEV-R028,D,rigido,5408.4,1838.8,1765.3,2506.71,4731.0
2025-01-01,RN-SEV-R028,D,rigido,3913.6,1330.6,1277.4,1813.9,3423.4
2025-02-01,RN-SEV-R028,D,rigido,4214.8,1433.0,1375.7,1953.5,3686.9
2025-03-01,RN-SEV-R028,D,rigido,4157.9,1413.7,1357.1,1927.12,3637.1
2025-04-01,RN-SEV-R028,D,rigido,4350.6,1479.2,1420.0,2016.46,3805.7
2025-05-01,RN-SEV-R028,D,rigido,4987.8,1695.9,1628.0,2311.8,4363.1
2025-06-01,RN-SEV-R028,D,rigido,4529.3,1539.9,1478.3,2099.26,3962.0
2025-07-01,RN-SEV-R028,D,rigido,5072.6,1724.7,1655.7,2351.07,4437.2
2025-08-01,RN-SEV-R028,D,rigido,4228.9,1437.8,1380.3,1960.04,3699.2
2025-09-01,RN-SEV-R028,D,rigido,3700.0,1258.0,1207.7,1714.9,3236.6
2025-10-01,RN-SEV-R028,D,rigido,4945.1,1681.3,1614.1,2291.99,4325.7
2025-11-01,RN-SEV-R028,D,rigido,4558.1,1549.7,1487.8,2112.61,3987.2
2025-12-01,RN-SEV-R028,D,rigido,5932.9,2017.2,1936.5,2749.85,5189.9
2024-01-01,RN-SEV-R029,D,rigido,3754.6,1276.6,1200.7,1705.02,3217.9
2024-02-01,RN-SEV-R029,D,rigido,4034.5,1371.7,1290.2,1832.14,3457.8
2024-03-01,RN-SEV-R029,D,rigido,4658.3,1583.8,1489.7,2115.43,3992.5
2024-04-01,RN-SEV-R029,D,rigido,4932.8,1677.1,1577.5,2240.05,4227.7
2024-05-01,RN-SEV-R029,D,rigido,4158.8,1414.0,1330.0,1888.57,3564.4
2024-06-01,RN-SEV-R029,D,rigido,4514.3,1534.9,1443.7,2050.01,3869.0
2024-07-01,RN-SEV-R029,D,rigido,5348.7,1818.6,1710.5,2428.94,4584.2
2024-08-01,RN-SEV-R029,D,rigido,3807.4,1294.5,1217.6,1729.02,3263.2
2024-09-01,RN-SEV-R029,D,rigido,4162.3,1415.2,1331.1,1890.16,3567.4
2024-10-01,RN-SEV-R029,D,rigido,4385.1,1490.9,1402.3,1991.33,3758.3
2024-11-01,RN-SEV-R029,D,rigido,4636.3,1576.3,1482.7,2105.41,3973.6
2024-12-01,RN-SEV-R029,D,rigido,6098.1,2073.3,1950.2,2769.23,5226.4
2025-01-01,RN-SEV-R029,D,rigido,4194.9,1426.3,1341.5,1904.97,3595.3
2025-02-01,RN-SEV-R029,D,rigido,3924.2,1334.2,1255.0,1782.06,3363.3
2025-03-01,RN-SEV-R029,D,rigido,4575.4,1555.6,1463.2,2077.74,3921.4
2025-04-01,RN-SEV-R029,D,rigido,4817.3,1637.9,1540.6,2187.63,4128.8
2025-05-01,RN-SEV-R029,D,rigido,5085.4,1729.0,1626.3,2309.35,4358.5
2025-06-01,RN-SEV-R029,D,rigido,4398.7,1495.6,1406.7,1997.51,3770.0
2025-07-01,RN-SEV-R029,D,rigido,5363.2,1823.5,1715.1,2435.5,4596.6
2025-08-01,RN-SEV-R029,D,rigido,4417.2,1501.8,1412.6,2005.92,3785.8
2025-09-01,RN-SEV-R029,D,rigido,4267.2,1450.8,1364.6,1937.78,3657.2
2025-10-01,RN-SEV-R029,D,rigido,4910.8,1669.7,1570.5,2230.08,4208.9
2025-11-01,RN-SEV-R029,D,rigido,4633.8,1575.5,1481.9,2104.28,3971.4
2025-12-01,RN-SEV-R029,D,rigido,5567.1,1892.8,1780.3,2528.09,4771.3
2024-01-01,RN-SEV-R030,D,rigido,4164.9,1416.1,1304.5,1852.32,3495.9
2024-02-01,RN-SEV-R030,D,rigido,4056.9,1379.4,1270.6,1804.3,3405.3
2024-03-01,RN-SEV-R030,D,rigido,4280.1,1455.2,1340.5,1903.55,3592.6
2024-04-01,RN-SEV-R030,D,rigido,4754.2,1616.4,1489.0,2114.38,3990.5
2024-05-01,RN-SEV-R030,D,rigido,4946.0,1681.6,1549.1,2199.71,4151.6
2024-06-01,RN-SEV-R030,D,rigido,4701.3,1598.4,1472.4,2090.87,3946.1
2024-07-01,RN-SEV-R030,D,rigido,4856.3,1651.1,1521.0,2159.8,4076.2
2024-08-01,RN-SEV-R030,D,rigido,4824.3,1640.3,1511.0,2145.58,4049.4
2024-09-01,RN-SEV-R030,D,rigido,4562.6,1551.3,1429.0,2029.17,3829.7
2024-10-01,RN-SEV-R030,D,rigido,4131.3,1404.6,1293.9,1837.35,3467.7
2024-11-01,RN-SEV-R030,D,rigido,4170.6,1418.0,1306.2,1854.86,3500.7
2024-12-01,RN-SEV-R030,D,rigido,5020.7,1707.0,1572.5,2232.94,4214.3
2025-01-01,RN-SEV-R030,D,rigido,4063.3,1381.5,1272.6,1807.11,3410.6
2025-02-01,RN-SEV-R030,D,rigido,4374.6,1487.4,1370.1,1945.56,3671.9
2025-03-01,RN-SEV-R030,D,rigido,4173.7,1419.1,1307.2,1856.24,3503.3
2025-04-01,RN-SEV-R030,D,rigido,4947.0,1682.0,1549.4,2200.14,4152.4
2025-05-01,RN-SEV-R030,D,rigido,4590.9,1560.9,1437.9,2041.77,3853.5
2025-06-01,RN-SEV-R030,D,rigido,4740.9,1611.9,1484.8,2108.47,3979.4
2025-07-01,RN-SEV-R030,D,rigido,5198.8,1767.6,1628.3,2312.15,4363.8
2025-08-01,RN-SEV-R030,D,rigido,4374.2,1487.2,1370.0,1945.4,3671.6
2025-09-01,RN-SEV-R030,D,rigido,4421.6,1503.3,1384.8,1966.48,3711.4
2025-10-01,RN-SEV-R030,D,rigido,5031.0,1710.6,1575.7,2237.52,4222.9
2025-11-01,RN-SEV-R030,D,rigido,4264.0,1449.8,1335.5,1896.4,3579.1
2025-12-01,RN-SEV-R030,D,rigido,6291.9,2139.3,1970.6,2798.29,5281.3
2024-01-01,RN-SEV-R031,D,rigido,4442.7,1510.5,1420.8,2017.51,3807.7
2024-02-01,RN-SEV-R031,D,rigido,4292.8,1459.6,1372.8,1949.45,3679.2
2024-03-01,RN-SEV-R031,D,rigido,4756.6,1617.2,1521.2,2160.04,4076.7
2024-04-01,RN-SEV-R031,D,rigido,3576.8,1216.1,1143.9,1624.28,3065.5
2024-05-01,RN-SEV-R031,D,rigido,4479.3,1523.0,1432.5,2034.13,3839.1
2024-06-01,RN-SEV-R031,D,rigido,5269.9,1791.8,1685.3,2393.13,4516.6
2024-07-01,RN-SEV-R031,D,rigido,4918.7,1672.3,1573.0,2233.65,4215.6
2024-08-01,RN-SEV-R031,D,rigido,3735.3,1270.0,1194.6,1696.27,3201.4
2024-09-01,RN-SEV-R031,D,rigido,4871.2,1656.2,1557.8,2212.08,4174.9
2024-10-01,RN-SEV-R031,D,rigido,5008.8,1703.0,1601.8,2274.56,4292.8
2024-11-01,RN-SEV-R031,D,rigido,5185.1,1762.9,1658.2,2354.62,4443.9
2024-12-01,RN-SEV-R031,D,rigido,5775.6,1963.7,1847.0,2622.79,4950.1
2025-01-01,RN-SEV-R031,D,rigido,4515.6,1535.3,1444.1,2050.62,3870.2
2025-02-01,RN-SEV-R031,D,rigido,3955.2,1344.8,1264.9,1796.13,3389.9
2025-03-01,RN-SEV-R031,D,rigido,4920.2,1672.9,1573.5,2234.34,4216.9
2025-04-01,RN-SEV-R031,D,rigido,4487.3,1525.7,1435.1,2037.78,3845.9
2025-05-01,RN-SEV-R031,D,rigido,4610.4,1567.5,1474.4,2093.64,3951.4
2025-06-01,RN-SEV-R031,D,rigido,4631.1,1574.6,1481.0,2103.05,3969.1
2025-07-01,RN-SEV-R031,D,rigido,4234.8,1439.8,1354.3,1923.1,3629.5
2025-08-01,RN-SEV-R031,D,rigido,4595.7,1562.5,1469.7,2086.98,3938.8
2025-09-01,RN-SEV-R031,D,rigido,4708.7,1601.0,1505.9,2138.31,4035.7
2025-10-01,RN-SEV-R031,D,rigido,4455.1,1514.7,1424.8,2023.15,3818.3
2025-11-01,RN-SEV-R031,D,rigido,4625.6,1572.7,1479.3,2100.58,3964.5
2025-12-01,RN-SEV-R031,D,rigido,5270.4,1791.9,1685.5,2393.38,4517.1
2024-01-01,RN-SEV-R032,D,rigido,3670.8,1248.1,1173.9,1666.95,3146.1
2024-02-01,RN-SEV-R032,D,rigido,3909.8,1329.3,1250.4,1775.5,3350.9
2024-03-01,RN-SEV-R032,D,rigido,4900.0,1666.0,1567.0,2225.16,4199.6
2024-04-01,RN-SEV-R032,D,rigido,4432.3,1507.0,1417.4,2012.77,3798.8
2024-05-01,RN-SEV-R032,D,rigido,4601.4,1564.5,1471.5,2089.58,3943.7
2024-06-01,RN-SEV-R032,D,rigido,4449.0,1512.7,1422.8,2020.35,3813.1
2024-07-01,RN-SEV-R032,D,rigido,4510.1,1533.4,1442.3,2048.12,3865.5
2024-08-01,RN-SEV-R032,D,rigido,4734.4,1609.7,1514.1,2149.97,4057.7
2024-09-01,RN-SEV-R032,D,rigido,4400.4,1496.1,1407.2,1998.28,3771.4
2024-10-01,RN-SEV-R032,D,rigido,4027.4,1369.3,1288.0,1828.92,3451.8
2024-11-01,RN-SEV-R032,D,rigido,4319.9,1468.8,1381.5,1961.75,3702.5
2024-12-01,RN-SEV-R032,D,rigido,6050.5,2057.2,1935.0,2747.63,5185.7
2025-01-01,RN-SEV-R032,D,rigido,4159.4,1414.2,1330.2,1888.87,3564.9
2025-02-01,RN-SEV-R032,D,rigido,4375.4,1487.6,1399.3,1986.96,3750.0
2025-03-01,RN-SEV-R032,D,rigido,4136.0,1406.2,1322.7,1878.22,3544.8
2025-04-01,RN-SEV-R032,D,rigido,4040.2,1373.7,1292.0,1834.71,3462.7
2025-05-01,RN-SEV-R032,D,rigido,4556.7,1549.3,1457.2,2069.26,3905.4
2025-06-01,RN-SEV-R032,D,rigido,4901.3,1666.5,1567.4,2225.77,4200.7
2025-07-01,RN-SEV-R032,D,rigido,4903.3,1667.1,1568.1,2226.65,4202.4
2025-08-01,RN-SEV-R032,D,rigido,4465.1,1518.1,1427.9,2027.68,3826.9
2025-09-01,RN-SEV-R032,D,rigido,4574.7,1555.4,1463.0,2077.44,3920.8
2025-10-01,RN-SEV-R032,D,rigido,4367.2,1484.9,1396.6,1983.23,3743.0
2025-11-01,RN-SEV-R032,D,rigido,4191.7,1425.2,1340.5,1903.5,3592.5
2025-12-01,RN-SEV-R032,D,rigido,4939.2,1679.3,1579.6,2242.97,4233.2
2024-01-01,RN-SEV-R033,D,rigido,3846.0,1307.6,1204.6,1710.48,3228.2
2024-02-01,RN-SEV-R033,D,rigido,3807.5,1294.6,1192.5,1693.37,3195.9
2024-03-01,RN-SEV-R033,D,rigido,5375.4,1827.6,1683.6,2390.67,4512.0
2024-04-01,RN-SEV-R033,D,rigido,4902.5,1666.8,1535.5,2180.34,4115.0
2024-05-01,RN-SEV-R033,D,rigido,4458.2,1515.8,1396.3,1982.77,3742.1
2024-06-01,RN-SEV-R033,D,rigido,5160.0,1754.4,1616.1,2294.89,4331.2
2024-07-01,RN-SEV-R033,D,rigido,5284.2,1796.6,1655.0,2350.13,4435.5
2024-08-01,RN-SEV-R033,D,rigido,4446.1,1511.7,1392.5,1977.38,3732.0
2024-09-01,RN-SEV-R033,D,rigido,3950.9,1343.3,1237.4,1757.15,3316.3
2024-10-01,RN-SEV-R033,D,rigido,4603.0,1565.0,1441.7,2047.15,3863.6
2024-11-01,RN-SEV-R033,D,rigido,4586.9,1559.5,1436.6,2039.99,3850.1
2024-12-01,RN-SEV-R033,D,rigido,5342.9,1816.6,1673.4,2376.23,4484.7
2025-01-01,RN-SEV-R033,D,rigido,4965.8,1688.4,1555.3,2208.5,4168.2
2025-02-01,RN-SEV-R033,D,rigido,3934.4,1337.7,1232.2,1749.78,3302.4
2025-03-01,RN-SEV-R033,D,rigido,4097.9,1393.3,1283.5,1822.51,3439.7
2025-04-01,RN-SEV-R033,D,rigido,4751.8,1615.6,1488.3,2113.34,3988.5
2025-05-01,RN-SEV-R033,D,rigido,4746.3,1613.7,1486.5,2110.87,3983.9
2025-06-01,RN-SEV-R033,D,rigido,4350.1,1479.0,1362.4,1934.67,3651.4
2025-07-01,RN-SEV-R033,D,rigido,4823.7,1640.1,1510.8,2145.3,4048.9
2025-08-01,RN-SEV-R033,D,rigido,4277.1,1454.2,1339.6,1902.2,3590.1
2025-09-01,RN-SEV-R033,D,rigido,4693.6,1595.8,1470.0,2087.47,3939.7
2025-10-01,RN-SEV-R033,D,rigido,4136.7,1406.5,1295.6,1839.79,3472.3
2025-11-01,RN-SEV-R033,D,rigido,4517.1,1535.8,1414.8,2008.97,3791.6
2025-12-01,RN-SEV-R033,D,rigido,5276.7,1794.1,1652.7,2346.78,4429.1
2024-01-01,RN-SEV-R034,D,rigido,3921.4,1333.3,1254.1,1780.78,3360.9
2024-02-01,RN-SEV-R034,D,rigido,4510.4,1533.6,1442.4,2048.27,3865.7
2024-03-01,RN-SEV-R034,D,rigido,4463.4,1517.6,1427.4,2026.91,3825.4
2024-04-01,RN-SEV-R034,D,rigido,4688.2,1594.0,1499.3,2129.01,4018.1
2024-05-01,RN-SEV-R034,D,rigido,4828.8,1641.8,1544.3,2192.84,4138.6
2024-06-01,RN-SEV-R034,D,rigido,4659.9,1584.4,1490.2,2116.15,3993.9
2024-07-01,RN-SEV-R034,D,rigido,5261.7,1789.0,1682.7,2389.44,4509.6
2024-08-01,RN-SEV-R034,D,rigido,4461.1,1516.8,1426.6,2025.84,3823.4
2024-09-01,RN-SEV-R034,D,rigido,4780.6,1625.4,1528.8,2170.97,4097.3
2024-10-01,RN-SEV-R034,D,rigido,5110.6,1737.6,1634.4,2320.82,4380.1
2024-11-01,RN-SEV-R034,D,rigido,4413.5,1500.6,1411.4,2004.25,3782.7
2024-12-01,RN-SEV-R034,D,rigido,5877.9,1998.5,1879.8,2669.26,5037.8
2025-01-01,RN-SEV-R034,D,rigido,4558.0,1549.7,1457.6,2069.84,3906.5
2025-02-01,RN-SEV-R034,D,rigido,3951.2,1343.4,1263.6,1794.31,3386.5
2025-03-01,RN-SEV-R034,D,rigido,3939.7,1339.5,1259.9,1789.09,3376.6
2025-04-01,RN-SEV-R034,D,rigido,4516.5,1535.6,1444.4,2051.03,3871.0
2025-05-01,RN-SEV-R034,D,rigido,3882.5,1320.1,1241.6,1763.11,3327.6
2025-06-01,RN-SEV-R034,D,rigido,4308.9,1465.0,1378.0,1956.72,3693.0
2025-07-01,RN-SEV-R034,D,rigido,5022.6,1707.7,1606.2,2280.85,4304.7
2025-08-01,RN-SEV-R034,D,rigido,4104.4,1395.5,1312.6,1863.89,3517.8
2025-09-01,RN-SEV-R034,D,rigido,4709.1,1601.1,1506.0,2138.49,4036.0
2025-10-01,RN-SEV-R034,D,rigido,4102.8,1395.0,1312.1,1863.17,3516.4
2025-11-01,RN-SEV-R034,D,rigido,4539.5,1543.4,1451.7,2061.46,3890.6
2025-12-01,RN-SEV-R034,D,rigido,5319.6,1808.6,1701.2,2415.69,4559.2
2024-01-01,RN-SEV-R035,D,rigido,4165.5,1416.3,1304.6,1852.59,3496.4
2024-02-01,RN-SEV-R035,D,rigido,4106.4,1396.2,1286.1,1826.3,3446.8
2024-03-01,RN-SEV-R035,D,rigido,4376.6,1488.1,1370.8,1946.48,3673.6
2024-04-01,RN-SEV-R035,D,rigido,3802.6,1292.9,1191.0,1691.18,3191.8
2024-05-01,RN-SEV-R035,D,rigido,4531.3,1540.6,1419.2,2015.26,3803.5
2024-06-01,RN-SEV-R035,D,rigido,4326.6,1471.0,1355.1,1924.22,3631.6
2024-07-01,RN-SEV-R035,D,rigido,4446.1,1511.7,1392.5,1977.37,3731.9
2024-08-01,RN-SEV-R035,D,rigido,4340.0,1475.6,1359.3,1930.21,3642.9
2024-09-01,RN-SEV-R035,D,rigido,4861.3,1652.9,1522.6,2162.06,4080.5
2024-10-01,RN-SEV-R035,D,rigido,4223.9,1436.1,1322.9,1878.57,3545.5
2024-11-01,RN-SEV-R035,D,rigido,4412.4,1500.2,1382.0,1962.4,3703.7
2024-12-01,RN-SEV-R035,D,rigido,5155.8,1753.0,1614.8,2293.02,4327.7
2025-01-01,RN-SEV-R035,D,rigido,4073.8,1385.1,1275.9,1811.81,3419.5
2025-02-01,RN-SEV-R035,D,rigido,3937.8,1338.9,1233.3,1751.34,3305.3
2025-03-01,RN-SEV-R035,D,rigido,5156.1,1753.1,1614.9,2293.16,4327.9
2025-04-01,RN-SEV-R035,D,rigido,5065.7,1722.4,1586.6,2252.96,4252.1
2025-05-01,RN-SEV-R035,D,rigido,4750.3,1615.1,1487.8,2112.68,3987.3
2025-06-01,RN-SEV-R035,D,rigido,5034.6,1711.8,1576.8,2239.12,4225.9
2025-07-01,RN-SEV-R035,D,rigido,4946.7,1681.9,1549.3,2200.01,4152.1
2025-08-01,RN-SEV-R035,D,rigido,4154.3,1412.5,1301.1,1847.62,3487.1
2025-09-01,RN-SEV-R035,D,rigido,4339.7,1475.5,1359.2,1930.07,3642.7
2025-10-01,RN-SEV-R035,D,rigido,4626.7,1573.1,1449.1,2057.68,3883.5
2025-11-01,RN-SEV-R035,D,rigido,5387.5,1831.7,1687.3,2396.04,4522.1
2025-12-01,RN-SEV-R035,D,rigido,5679.9,1931.2,1779.0,2526.11,4767.6
2024-01-01,RN-SEV-R036,D,rigido,4598.8,1563.6,1470.7,2088.39,3941.5
2024-02-01,RN-SEV-R036,D,rigido,4194.0,1426.0,1341.2,1904.55,3594.5
2024-03-01,RN-SEV-R036,D,rigido,4502.2,1530.8,1439.8,2044.53,3858.7
2024-04-01,RN-SEV-R036,D,rigido,4504.2,1531.4,1440.4,2045.41,3860.4
2024-05-01,RN-SEV-R036,D,rigido,4042.2,1374.3,1292.7,1835.62,3464.4
2024-06-01,RN-SEV-R036,D,rigido,4596.2,1562.7,1469.9,2087.19,3939.2
2024-07-01,RN-SEV-R036,D,rigido,4911.5,1669.9,1570.7,2230.4,4209.5
2024-08-01,RN-SEV-R036,D,rigido,4733.9,1609.5,1513.9,2149.76,4057.3
2024-09-01,RN-SEV-R036,D,rigido,4305.9,1464.0,1377.0,1955.36,3690.4
2024-10-01,RN-SEV-R036,D,rigido,4041.3,1374.1,1292.4,1835.23,3463.7
2024-11-01,RN-SEV-R036,D,rigido,4474.0,1521.2,1430.8,2031.72,3834.5
2024-12-01,RN-SEV-R036,D,rigido,5201.2,1768.4,1663.4,2361.97,4457.8
2025-01-01,RN-SEV-R036,D,rigido,4280.7,1455.4,1369.0,1943.93,3668.8
2025-02-01,RN-SEV-R036,D,rigido,3764.1,1279.8,1203.7,1709.32,3226.0
2025-03-01,RN-SEV-R036,D,rigido,4326.8,1471.1,1383.7,1964.89,3708.4
2025-04-01,RN-SEV-R036,D,rigido,5390.9,1832.9,1724.0,2448.11,4620.4
2025-05-01,RN-SEV-R036,D,rigido,4541.4,1544.1,1452.4,2062.34,3892.3
2025-06-01,RN-SEV-R036,D,rigido,5199.1,1767.7,1662.7,2361.0,4456.0
2025-07-01,RN-SEV-R036,D,rigido,4795.6,1630.5,1533.6,2177.76,4110.1
2025-08-01,RN-SEV-R036,D,rigido,4080.8,1387.5,1305.0,1853.14,3497.5
2025-09-01,RN-SEV-R036,D,rigido,4535.7,1542.1,1450.5,2059.74,3887.4
2025-10-01,RN-SEV-R036,D,rigido,4716.9,1603.8,1508.5,2142.03,4042.7
2025-11-01,RN-SEV-R036,D,rigido,4168.0,1417.1,1332.9,1892.74,3572.2
2025-12-01,RN-SEV-R036,D,rigido,5222.0,1775.5,1670.0,2371.41,4475.6
2024-01-01,RN-SEV-R037,D,rigido,4428.2,1505.6,1328.5,1886.43,3560.3
2024-02-01,RN-SEV-R037,D,rigido,3775.5,1283.7,1132.6,1608.35,3035.5
2024-03-01,RN-SEV-R037,D,rigido,4076.1,1385.9,1222.8,1736.43,3277.2
2024-04-01,RN-SEV-R037,D,rigido,4423.8,1504.1,1327.1,1884.53,3556.7
2024-05-01,RN-SEV-R037,D,rigido,4744.0,1612.9,1423.2,2020.93,3814.1
2024-06-01,RN-SEV-R037,D,rigido,5180.9,1761.5,1554.3,2207.05,4165.4
2024-07-01,RN-SEV-R037,D,rigido,4678.5,1590.7,1403.6,1993.06,3761.5
2024-08-01,RN-SEV-R037,D,rigido,3760.3,1278.5,1128.1,1601.91,3023.3
2024-09-01,RN-SEV-R037,D,rigido,4545.2,1545.4,1363.6,1936.25,3654.3
2024-10-01,RN-SEV-R037,D,rigido,4032.4,1371.0,1209.7,1717.82,3242.1
2024-11-01,RN-SEV-R037,D,rigido,4786.7,1627.5,1436.0,2039.13,3848.5
2024-12-01,RN-SEV-R037,D,rigido,5876.4,1998.0,1762.9,2503.35,4724.6
2025-01-01,RN-SEV-R037,D,rigido,4092.6,1391.5,1227.8,1743.47,3290.5
2025-02-01,RN-SEV-R037,D,rigido,4409.6,1499.3,1322.9,1878.49,3545.3
2025-03-01,RN-SEV-R037,D,rigido,4479.0,1522.9,1343.7,1908.05,3601.1
2025-04-01,RN-SEV-R037,D,rigido,4490.8,1526.9,1347.2,1913.08,3610.6
2025-05-01,RN-SEV-R037,D,rigido,4587.6,1559.8,1376.3,1954.3,3688.4
2025-06-01,RN-SEV-R037,D,rigido,4981.5,1693.7,1494.4,2122.11,4005.1
2025-07-01,RN-SEV-R037,D,rigido,5147.8,1750.2,1544.3,2192.95,4138.8
2025-08-01,RN-SEV-R037,D,rigido,4492.5,1527.5,1347.8,1913.82,3612.0
2025-09-01,RN-SEV-R037,D,rigido,4702.3,1598.8,1410.7,2003.17,3780.6
2025-10-01,RN-SEV-R037,D,rigido,4246.4,1443.8,1273.9,1808.95,3414.1
2025-11-01,RN-SEV-R037,D,rigido,4944.5,1681.1,1483.4,2106.37,3975.4
2025-12-01,RN-SEV-R037,D,rigido,5141.4,1748.1,1542.4,2190.22,4133.6
2024-01-01,RN-SEV-R038,D,rigido,4411.2,1499.8,1367.0,1941.19,3663.7
2024-02-01,RN-SEV-R038,D,rigido,4081.8,1387.8,1265.0,1796.23,3390.1
2024-03-01,RN-SEV-R038,D,rigido,4441.2,1510.0,1376.3,1954.4,3688.6
2024-04-01,RN-SEV-R038,D,rigido,4546.6,1545.9,1409.0,2000.78,3776.1
2024-05-01,RN-SEV-R038,D,rigido,4760.8,1618.7,1475.4,2095.03,3954.0
2024-06-01,RN-SEV-R038,D,rigido,4488.6,1526.1,1391.0,1975.24,3727.9
2024-07-01,RN-SEV-R038,D,rigido,4578.2,1556.6,1418.8,2014.68,3802.4
2024-08-01,RN-SEV-R038,D,rigido,4576.5,1556.0,1418.3,2013.94,3801.0
2024-09-01,RN-SEV-R038,D,rigido,4793.7,1629.8,1485.6,2109.49,3981.3
2024-10-01,RN-SEV-R038,D,rigido,4444.1,1511.0,1377.2,1955.67,3691.0
2024-11-01,RN-SEV-R038,D,rigido,3991.7,1357.2,1237.0,1756.57,3315.2
2024-12-01,RN-SEV-R038,D,rigido,5510.9,1873.7,1707.8,2425.11,4577.0
2025-01-01,RN-SEV-R038,D,rigido,3635.1,1235.9,1126.5,1599.65,3019.0
2025-02-01,RN-SEV-R038,D,rigido,4011.6,1363.9,1243.2,1765.33,3331.7
2025-03-01,RN-SEV-R038,D,rigido,4730.8,1608.5,1466.1,2081.81,3929.1
2025-04-01,RN-SEV-R038,D,rigido,4386.6,1491.5,1359.4,1930.37,3643.2
2025-05-01,RN-SEV-R038,D,rigido,4465.9,1518.4,1384.0,1965.23,3709.0
2025-06-01,RN-SEV-R038,D,rigido,4400.1,1496.0,1363.6,1936.28,3654.4
2025-07-01,RN-SEV-R038,D,rigido,5501.9,1870.6,1705.0,2421.15,4569.5
2025-08-01,RN-SEV-R038,D,rigido,4546.7,1545.9,1409.0,2000.79,3776.1
2025-09-01,RN-SEV-R038,D,rigido,4415.4,1501.2,1368.3,1943.04,3667.1
2025-10-01,RN-SEV-R038,D,rigido,4315.3,1467.2,1337.3,1898.97,3584.0
2025-11-01,RN-SEV-R038,D,rigido,4580.8,1557.5,1419.6,2015.81,3804.5
2025-12-01,RN-SEV-R038,D,rigido,5222.9,1775.8,1618.6,2298.38,4337.8
2024-01-01,RN-SEV-R039,D,rigido,3732.8,1269.2,1206.1,1712.63,3232.3
2024-02-01,RN-SEV-R039,D,rigido,3691.9,1255.2,1192.8,1693.84,3196.8
2024-03-01,RN-SEV-R039,D,rigido,4265.8,1450.4,1378.3,1957.16,3693.8
2024-04-01,RN-SEV-R039,D,rigido,4337.7,1474.8,1401.5,1990.13,3756.0
2024-05-01,RN-SEV-R039,D,rigido,4008.0,1362.7,1295.0,1838.9,3470.6
2024-06-01,RN-SEV-R039,D,rigido,3954.3,1344.5,1277.6,1814.25,3424.1
2024-07-01,RN-SEV-R039,D,rigido,5209.5,1771.2,1683.2,2390.15,4511.0
2024-08-01,RN-SEV-R039,D,rigido,3377.2,1148.3,1091.2,1549.48,2924.4
2024-09-01,RN-SEV-R039,D,rigido,4738.3,1611.0,1530.9,2173.93,4102.9
2024-10-01,RN-SEV-R039,D,rigido,4818.5,1638.3,1556.8,2210.73,4172.4
2024-11-01,RN-SEV-R039,D,rigido,4077.5,1386.4,1317.5,1870.78,3530.8
2024-12-01,RN-SEV-R039,D,rigido,5652.4,1921.8,1826.3,2593.32,4894.4
2025-01-01,RN-SEV-R039,D,rigido,4244.3,1443.1,1371.3,1947.31,3675.2
2025-02-01,RN-SEV-R039,D,rigido,4323.6,1470.0,1397.0,1983.68,3743.8
2025-03-01,RN-SEV-R039,D,rigido,4159.6,1414.3,1344.0,1908.44,3601.8
2025-04-01,RN-SEV-R039,D,rigido,4575.5,1555.7,1478.4,2099.27,3962.0
2025-05-01,RN-SEV-R039,D,rigido,4891.6,1663.1,1580.5,2244.28,4235.7
2025-06-01,RN-SEV-R039,D,rigido,5130.8,1744.5,1657.7,2354.0,4442.8
2025-07-01,RN-SEV-R039,D,rigido,4340.3,1475.7,1402.4,1991.34,3758.3
2025-08-01,RN-SEV-R039,D,rigido,4370.7,1486.0,1412.2,2005.28,3784.6
2025-09-01,RN-SEV-R039,D,rigido,4791.1,1629.0,1548.0,2198.17,4148.7
2025-10-01,RN-SEV-R039,D,rigido,4125.3,1402.6,1332.9,1892.71,3572.2
2025-11-01,RN-SEV-R039,D,rigido,4119.7,1400.7,1331.1,1890.15,3567.3
2025-12-01,RN-SEV-R039,D,rigido,5638.8,1917.2,1821.9,2587.1,4882.7
2024-01-01,RN-SEV-R040,D,rigido,3856.3,1311.1,1220.5,1733.12,3271.0
2024-02-01,RN-SEV-R040,D,rigido,4654.4,1582.5,1473.1,2091.82,3947.9
2024-03-01,RN-SEV-R040,D,rigido,4315.4,1467.3,1365.8,1939.49,3660.4
2024-04-01,RN-SEV-R040,D,rigido,4707.7,1600.6,1490.0,2115.78,3993.2
2024-05-01,RN-SEV-R040,D,rigido,4514.6,1534.9,1428.9,2028.97,3829.3
2024-06-01,RN-SEV-R040,D,rigido,4223.9,1436.1,1336.9,1898.35,3582.8
2024-07-01,RN-SEV-R040,D,rigido,5247.8,1784.3,1660.9,2358.54,4451.3
2024-08-01,RN-SEV-R040,D,rigido,3970.8,1350.1,1256.8,1784.59,3368.1
2024-09-01,RN-SEV-R040,D,rigido,4674.7,1589.4,1479.5,2100.94,3965.2
2024-10-01,RN-SEV-R040,D,rigido,5042.2,1714.3,1595.9,2266.11,4276.9
2024-11-01,RN-SEV-R040,D,rigido,4438.0,1508.9,1404.6,1994.59,3764.4
2024-12-01,RN-SEV-R040,D,rigido,5909.4,2009.2,1870.3,2655.86,5012.5
2025-01-01,RN-SEV-R040,D,rigido,3955.2,1344.8,1251.8,1777.6,3354.9
2025-02-01,RN-SEV-R040,D,rigido,3831.1,1302.6,1212.5,1721.8,3249.6
2025-03-01,RN-SEV-R040,D,rigido,4629.1,1573.9,1465.1,2080.46,3926.5
2025-04-01,RN-SEV-R040,D,rigido,4510.5,1533.6,1427.6,2027.14,3825.9
2025-05-01,RN-SEV-R040,D,rigido,4245.8,1443.6,1343.8,1908.2,3601.4
2025-06-01,RN-SEV-R040,D,rigido,3977.8,1352.5,1259.0,1787.76,3374.1
2025-07-01,RN-SEV-R040,D,rigido,4336.7,1474.5,1372.6,1949.03,3678.5
2025-08-01,RN-SEV-R040,D,rigido,3859.2,1312.1,1221.4,1734.43,3273.4
2025-09-01,RN-SEV-R040,D,rigido,4166.5,1416.6,1318.7,1872.54,3534.1
2025-10-01,RN-SEV-R040,D,rigido,4261.2,1448.8,1348.7,1915.12,3614.5
2025-11-01,RN-SEV-R040,D,rigido,5052.2,1717.8,1599.0,2270.62,4285.4
2025-12-01,RN-SEV-R040,D,rigido,5643.4,1918.7,1786.1,2536.3,4786.8
2024-01-01,RN-SEV-R041,D,rigido,4159.1,1414.1,1302.6,1849.75,3491.1
2024-02-01,RN-SEV-R041,D,rigido,4368.8,1485.4,1368.3,1943.01,3667.1
2024-03-01,RN-SEV-R041,D,rigido,4121.5,1401.3,1290.8,1833.0,3459.5
2024-04-01,RN-SEV-R041,D,rigido,4625.4,1572.6,1448.7,2057.12,3882.5
2024-05-01,RN-SEV-R041,D,rigido,4805.2,1633.8,1505.0,2137.09,4033.4
2024-06-01,RN-SEV-R041,D,rigido,4829.1,1641.9,1512.5,2147.73,4053.5
2024-07-01,RN-SEV-R041,D,rigido,5082.6,1728.1,1591.9,2260.44,4266.2
2024-08-01,RN-SEV-R041,D,rigido,4280.2,1455.3,1340.5,1903.58,3592.7
2024-09-01,RN-SEV-R041,D,rigido,4456.3,1515.2,1395.7,1981.93,3740.6
2024-10-01,RN-SEV-R041,D,rigido,4399.2,1495.7,1377.8,1956.52,3692.6
2024-11-01,RN-SEV-R041,D,rigido,4144.2,1409.0,1298.0,1843.1,3478.5
2024-12-01,RN-SEV-R041,D,rigido,5371.6,1826.4,1682.4,2389.0,4508.8
2025-01-01,RN-SEV-R041,D,rigido,4089.9,1390.6,1281.0,1818.98,3433.0
2025-02-01,RN-SEV-R041,D,rigido,4271.3,1452.2,1337.8,1899.63,3585.2
2025-03-01,RN-SEV-R041,D,rigido,4483.7,1524.5,1404.3,1994.12,3763.6
2025-04-01,RN-SEV-R041,D,rigido,4529.8,1540.1,1418.7,2014.59,3802.2
2025-05-01,RN-SEV-R041,D,rigido,4544.7,1545.2,1423.4,2021.23,3814.7
2025-06-01,RN-SEV-R041,D,rigido,4487.6,1525.8,1405.5,1995.82,3766.8
2025-07-01,RN-SEV-R041,D,rigido,5278.4,1794.7,1653.2,2347.53,4430.6
2025-08-01,RN-SEV-R041,D,rigido,4565.8,1552.4,1430.0,2030.6,3832.4
2025-09-01,RN-SEV-R041,D,rigido,4422.1,1503.5,1385.0,1966.69,3711.8
2025-10-01,RN-SEV-R041,D,rigido,4478.0,1522.5,1402.5,1991.54,3758.7
2025-11-01,RN-SEV-R041,D,rigido,4882.5,1660.0,1529.2,2171.45,4098.2
2025-12-01,RN-SEV-R041,D,rigido,5277.2,1794.2,1652.8,2347.0,4429.6
2024-01-01,RN-SEV-R042,D,rigido,4316.0,1467.4,1366.0,1939.75,3660.9
2024-02-01,RN-SEV-R042,D,rigido,4057.3,1379.5,1284.2,1823.49,3441.5
2024-03-01,RN-SEV-R042,D,rigido,4627.1,1573.2,1464.5,2079.56,3924.8
2024-04-01,RN-SEV-R042,D,rigido,4815.2,1637.2,1524.0,2164.07,4084.3
2024-05-01,RN-SEV-R042,D,rigido,4418.7,1502.3,1398.5,1985.88,3748.0
2024-06-01,RN-SEV-R042,D,rigido,4959.6,1686.3,1569.7,2228.98,4206.8
2024-07-01,RN-SEV-R042,D,rigido,5015.6,1705.3,1587.4,2254.16,4254.3
2024-08-01,RN-SEV-R042,D,rigido,4148.8,1410.6,1313.1,1864.6,3519.1
2024-09-01,RN-SEV-R042,D,rigido,4703.1,1599.0,1488.5,2113.7,3989.2
2024-10-01,RN-SEV-R042,D,rigido,4908.7,1669.0,1553.6,2206.13,4163.7
2024-11-01,RN-SEV-R042,D,rigido,4502.2,1530.7,1424.9,2023.41,3818.8
2024-12-01,RN-SEV-R042,D,rigido,5374.2,1827.2,1700.9,2415.31,4558.5
2025-01-01,RN-SEV-R042,D,rigido,4464.9,1518.1,1413.2,2006.68,3787.3
2025-02-01,RN-SEV-R042,D,rigido,4170.5,1418.0,1320.0,1874.33,3537.5
2025-03-01,RN-SEV-R042,D,rigido,4726.0,1606.8,1495.8,2123.99,4008.7
2025-04-01,RN-SEV-R042,D,rigido,5018.5,1706.3,1588.4,2255.46,4256.8
2025-05-01,RN-SEV-R042,D,rigido,4447.2,1512.1,1407.5,1998.71,3772.2
2025-06-01,RN-SEV-R042,D,rigido,4990.7,1696.9,1579.6,2242.99,4233.3
2025-07-01,RN-SEV-R042,D,rigido,4374.7,1487.4,1384.6,1966.14,3710.7
2025-08-01,RN-SEV-R042,D,rigido,4595.5,1562.5,1454.5,2065.35,3898.0
2025-09-01,RN-SEV-R042,D,rigido,4675.0,1589.5,1479.6,2101.09,3965.4
2025-10-01,RN-SEV-R042,D,rigido,4747.4,1614.1,1502.6,2133.62,4026.8
2025-11-01,RN-SEV-R042,D,rigido,5043.7,1714.9,1596.3,2266.81,4278.2
2025-12-01,RN-SEV-R042,D,rigido,5495.6,1868.5,1739.4,2469.9,4661.5
2024-01-01,RN-SEV-R043,D,rigido,4206.8,1430.3,1331.4,1890.65,3568.3
2024-02-01,RN-SEV-R043,D,rigido,4407.2,1498.4,1394.9,1980.71,3738.2
2024-03-01,RN-SEV-R043,D,rigido,4786.1,1627.3,1514.8,2151.0,4059.6
2024-04-01,RN-SEV-R043,D,rigido,4105.1,1395.7,1299.3,1844.95,3482.0
2024-05-01,RN-SEV-R043,D,rigido,4192.3,1425.4,1326.9,1884.16,3556.0
2024-06-01,RN-SEV-R043,D,rigido,4408.4,1498.9,1395.3,1981.27,3739.3
2024-07-01,RN-SEV-R043,D,rigido,4949.4,1682.8,1566.5,2224.39,4198.1
2024-08-01,RN-SEV-R043,D,rigido,4120.3,1400.9,1304.1,1851.8,3495.0
2024-09-01,RN-SEV-R043,D,rigido,5257.6,1787.6,1664.0,2362.91,4459.6
2024-10-01,RN-SEV-R043,D,rigido,4258.4,1447.9,1347.8,1913.85,3612.0
2024-11-01,RN-SEV-R043,D,rigido,5314.1,1806.8,1681.9,2388.3,4507.5
2024-12-01,RN-SEV-R043,D,rigido,5417.3,1841.9,1714.6,2434.72,4595.1
2025-01-01,RN-SEV-R043,D,rigido,4183.8,1422.5,1324.2,1880.34,3548.8
2025-02-01,RN-SEV-R043,D,rigido,4139.6,1407.5,1310.2,1860.48,3511.3
2025-03-01,RN-SEV-R043,D,rigido,4355.7,1480.9,1378.6,1957.59,3694.6
2025-04-01,RN-SEV-R043,D,rigido,4720.1,1604.8,1493.9,2121.36,4003.7
2025-05-01,RN-SEV-R043,D,rigido,4093.1,1391.6,1295.5,1839.55,3471.8
2025-06-01,RN-SEV-R043,D,rigido,4413.0,1500.4,1396.7,1983.33,3743.2
2025-07-01,RN-SEV-R043,D,rigido,4617.6,1570.0,1461.5,2075.3,3916.8
2025-08-01,RN-SEV-R043,D,rigido,4158.9,1414.0,1316.3,1869.12,3527.6
2025-09-01,RN-SEV-R043,D,rigido,4868.5,1655.3,1540.9,2188.06,4129.6
2025-10-01,RN-SEV-R043,D,rigido,4458.5,1515.9,1411.1,2003.79,3781.8
2025-11-01,RN-SEV-R043,D,rigido,4680.7,1591.4,1481.4,2103.63,3970.2
2025-12-01,RN-SEV-R043,D,rigido,5094.0,1732.0,1612.3,2289.4,4320.8
2024-01-01,RN-SEV-R044,D,rigido,4378.9,1488.8,1400.4,1988.53,3753.0
2024-02-01,RN-SEV-R044,D,rigido,4317.9,1468.1,1380.9,1960.81,3700.7
2024-03-01,RN-SEV-R044,D,rigido,4302.2,1462.7,1375.8,1953.68,3687.2
2024-04-01,RN-SEV-R044,D,rigido,4852.4,1649.8,1551.8,2203.55,4158.8
2024-05-01,RN-SEV-R044,D,rigido,4715.1,1603.1,1507.9,2141.19,4041.1
2024-06-01,RN-SEV-R044,D,rigido,4714.6,1603.0,1507.7,2140.96,4040.7
2024-07-01,RN-SEV-R044,D,rigido,4658.6,1583.9,1489.8,2115.54,3992.7
2024-08-01,RN-SEV-R044,D,rigido,4730.6,1608.4,1512.8,2148.24,4054.4
2024-09-01,RN-SEV-R044,D,rigido,4393.3,1493.7,1405.0,1995.08,3765.4
2024-10-01,RN-SEV-R044,D,rigido,5250.3,1785.1,1679.1,2384.27,4499.9
2024-11-01,RN-SEV-R044,D,rigido,5027.2,1709.3,1607.7,2282.94,4308.7
2024-12-01,RN-SEV-R044,D,rigido,5262.8,1789.3,1683.0,2389.91,4510.5
2025-01-01,RN-SEV-R044,D,rigido,4124.8,1402.4,1319.1,1873.14,3535.2
2025-02-01,RN-SEV-R044,D,rigido,4166.9,1416.8,1332.6,1892.28,3571.3
2025-03-01,RN-SEV-R044,D,rigido,4632.4,1575.0,1481.4,2103.65,3970.3
2025-04-01,RN-SEV-R044,D,rigido,4282.1,1455.9,1369.4,1944.58,3670.0
2025-05-01,RN-SEV-R044,D,rigido,4784.3,1626.7,1530.0,2172.64,4100.5
2025-06-01,RN-SEV-R044,D,rigido,4363.2,1483.5,1395.3,1981.38,3739.5
2025-07-01,RN-SEV-R044,D,rigido,4566.0,1552.4,1460.2,2073.48,3913.3
2025-08-01,RN-SEV-R044,D,rigido,4547.3,1546.1,1454.2,2064.99,3897.3
2025-09-01,RN-SEV-R044,D,rigido,4782.7,1626.1,1529.5,2171.91,4099.1
2025-10-01,RN-SEV-R044,D,rigido,4937.6,1678.8,1579.0,2242.23,4231.8
2025-11-01,RN-SEV-R044,D,rigido,5018.0,1706.1,1604.8,2278.75,4300.7
2025-12-01,RN-SEV-R044,D,rigido,5553.3,1888.1,1775.9,2521.83,4759.5
2024-01-01,RN-SEV-R045,D,rigido,4280.2,1455.3,1354.7,1923.67,3630.6
2024-02-01,RN-SEV-R045,D,rigido,4301.9,1462.7,1361.6,1933.41,3649.0
2024-03-01,RN-SEV-R045,D,rigido,4298.6,1461.5,1360.5,1931.9,3646.1
2024-04-01,RN-SEV-R045,D,rigido,4230.3,1438.3,1338.9,1901.21,3588.2
2024-05-01,RN-SEV-R045,D,rigido,4511.2,1533.8,1427.8,2027.48,3826.5
2024-06-01,RN-SEV-R045,D,rigido,4789.6,1628.5,1515.9,2152.57,4062.6
2024-07-01,RN-SEV-R045,D,rigido,4612.4,1568.2,1459.8,2072.94,3912.3
2024-08-01,RN-SEV-R045,D,rigido,3986.6,1355.4,1261.8,1791.7,3381.5
2024-09-01,RN-SEV-R045,D,rigido,4402.1,1496.7,1393.3,1978.43,3733.9
2024-10-01,RN-SEV-R045,D,rigido,4376.0,1487.8,1385.0,1966.7,3711.8
2024-11-01,RN-SEV-R045,D,rigido,4481.8,1523.8,1418.5,2014.28,3801.6
2024-12-01,RN-SEV-R045,D,rigido,5691.1,1935.0,1801.2,2557.73,4827.3
2025-01-01,RN-SEV-R045,D,rigido,4672.5,1588.7,1478.9,2099.98,3963.3
2025-02-01,RN-SEV-R045,D,rigido,4291.6,1459.2,1358.3,1928.79,3640.2
2025-03-01,RN-SEV-R045,D,rigido,4266.3,1450.5,1350.3,1917.39,3618.7
2025-04-01,RN-SEV-R045,D,rigido,4435.0,1507.9,1403.7,1993.23,3761.9
2025-05-01,RN-SEV-R045,D,rigido,4742.3,1612.4,1500.9,2131.34,4022.5
2025-06-01,RN-SEV-R045,D,rigido,4593.3,1561.7,1453.8,2064.39,3896.2
2025-07-01,RN-SEV-R045,D,rigido,4701.7,1598.6,1488.1,2113.1,3988.1
2025-08-01,RN-SEV-R045,D,rigido,3844.4,1307.1,1216.8,1727.81,3260.9
2025-09-01,RN-SEV-R045,D,rigido,3925.4,1334.7,1242.4,1764.21,3329.6
2025-10-01,RN-SEV-R045,D,rigido,4264.6,1450.0,1349.8,1916.65,3617.3
2025-11-01,RN-SEV-R045,D,rigido,4605.7,1565.9,1457.7,2069.93,3906.6
2025-12-01,RN-SEV-R045,D,rigido,5666.4,1926.6,1793.4,2546.66,4806.4
2024-01-01,RN-SEV-R046,D,rigido,4573.3,1554.9,1447.4,2055.36,3879.1
2024-02-01,RN-SEV-R046,D,rigido,3902.9,1327.0,1235.3,1754.08,3310.5
2024-03-01,RN-SEV-R046,D,rigido,4455.1,1514.7,1410.0,2002.24,3778.9
2024-04-01,RN-SEV-R046,D,rigido,3559.0,1210.0,1126.4,1599.5,3018.8
2024-05-01,RN-SEV-R046,D,rigido,4023.8,1368.1,1273.5,1808.41,3413.1
2024-06-01,RN-SEV-R046,D,rigido,4780.8,1625.5,1513.1,2148.62,4055.1
2024-07-01,RN-SEV-R046,D,rigido,5163.0,1755.4,1634.1,2320.42,4379.4
2024-08-01,RN-SEV-R046,D,rigido,3650.0,1241.0,1155.2,1640.43,3096.0
2024-09-01,RN-SEV-R046,D,rigido,4662.1,1585.1,1475.6,2095.28,3954.5
2024-10-01,RN-SEV-R046,D,rigido,4326.2,1470.9,1369.2,1944.31,3669.5
2024-11-01,RN-SEV-R046,D,rigido,4280.7,1455.4,1354.8,1923.88,3631.0
2024-12-01,RN-SEV-R046,D,rigido,5546.5,1885.8,1755.5,2492.78,4704.7
2025-01-01,RN-SEV-R046,D,rigido,3451.9,1173.7,1092.5,1551.4,2928.0
2025-02-01,RN-SEV-R046,D,rigido,3986.6,1355.5,1261.8,1791.72,3381.5
2025-03-01,RN-SEV-R046,D,rigido,4501.0,1530.4,1424.6,2022.9,3817.9
2025-04-01,RN-SEV-R046,D,rigido,4190.9,1424.9,1326.4,1883.53,3554.8
2025-05-01,RN-SEV-R046,D,rigido,3893.7,1323.9,1232.4,1749.96,3302.7
2025-06-01,RN-SEV-R046,D,rigido,4172.1,1418.5,1320.5,1875.08,3538.9
2025-07-01,RN-SEV-R046,D,rigido,4613.3,1568.5,1460.1,2073.37,3913.1
2025-08-01,RN-SEV-R046,D,rigido,4916.1,1671.5,1555.9,2209.44,4169.9
2025-09-01,RN-SEV-R046,D,rigido,4372.7,1486.7,1384.0,1965.22,3709.0
2025-10-01,RN-SEV-R046,D,rigido,4422.5,1503.7,1399.7,1987.61,3751.3
2025-11-01,RN-SEV-R046,D,rigido,4579.7,1557.1,1449.5,2058.27,3884.6
2025-12-01,RN-SEV-R046,D,rigido,4651.9,1581.6,1472.3,2090.68,3945.8
2024-01-01,RN-SEV-R047,D,rigido,3936.1,1338.3,1232.8,1750.55,3303.9
2024-02-01,RN-SEV-R047,D,rigido,4173.1,1418.9,1307.0,1855.96,3502.8
2024-03-01,RN-SEV-R047,D,rigido,4334.8,1473.8,1357.7,1927.87,3638.5
2024-04-01,RN-SEV-R047,D,rigido,5089.5,1730.4,1594.0,2263.52,4272.0
2024-05-01,RN-SEV-R047,D,rigido,4929.2,1675.9,1543.8,2192.24,4137.5
2024-06-01,RN-SEV-R047,D,rigido,4765.1,1620.1,1492.4,2119.25,3999.7
2024-07-01,RN-SEV-R047,D,rigido,4728.1,1607.6,1480.8,2102.8,3968.7
2024-08-01,RN-SEV-R047,D,rigido,4672.5,1588.6,1463.4,2078.05,3921.9
2024-09-01,RN-SEV-R047,D,rigido,4671.7,1588.4,1463.2,2077.72,3921.3
2024-10-01,RN-SEV-R047,D,rigido,4417.9,1502.1,1383.7,1964.81,3708.2
2024-11-01,RN-SEV-R047,D,rigido,5160.4,1754.5,1616.2,2295.06,4331.5
2024-12-01,RN-SEV-R047,D,rigido,5359.0,1822.1,1678.4,2383.37,4498.2
2025-01-01,RN-SEV-R047,D,rigido,4033.1,1371.3,1263.2,1793.71,3385.3
2025-02-01,RN-SEV-R047,D,rigido,3790.7,1288.8,1187.2,1685.88,3181.8
2025-03-01,RN-SEV-R047,D,rigido,4118.7,1400.4,1290.0,1831.77,3457.1
2025-04-01,RN-SEV-R047,D,rigido,5059.4,1720.2,1584.6,2250.15,4246.8
2025-05-01,RN-SEV-R047,D,rigido,4958.2,1685.8,1552.9,2205.11,4161.8
2025-06-01,RN-SEV-R047,D,rigido,4395.2,1494.4,1376.6,1954.75,3689.2
2025-07-01,RN-SEV-R047,D,rigido,4029.7,1370.1,1262.1,1792.17,3382.4
2025-08-01,RN-SEV-R047,D,rigido,4829.2,1641.9,1512.5,2147.77,4053.5
2025-09-01,RN-SEV-R047,D,rigido,4930.6,1676.4,1544.3,2192.87,4138.7
2025-10-01,RN-SEV-R047,D,rigido,5059.3,1720.2,1584.6,2250.11,4246.7
2025-11-01,RN-SEV-R047,D,rigido,4565.0,1552.1,1429.8,2030.26,3831.8
2025-12-01,RN-SEV-R047,D,rigido,5626.9,1913.2,1762.4,2502.54,4723.1
2024-01-01,RN-SEV-R048,D,rigido,4004.3,1361.4,1240.9,1762.11,3325.7
2024-02-01,RN-SEV-R048,D,rigido,4433.4,1507.4,1373.9,1950.95,3682.1
2024-03-01,RN-SEV-R048,D,rigido,4227.8,1437.5,1310.2,1860.49,3511.3
2024-04-01,RN-SEV-R048,D,rigido,4629.4,1574.0,1434.7,2037.21,3844.9
2024-05-01,RN-SEV-R048,D,rigido,4504.9,1531.7,1396.1,1982.4,3741.4
2024-06-01,RN-SEV-R048,D,rigido,4575.3,1555.6,1417.9,2013.39,3799.9
2024-07-01,RN-SEV-R048,D,rigido,4387.4,1491.7,1359.6,1930.69,3643.8
2024-08-01,RN-SEV-R048,D,rigido,4531.6,1540.7,1404.3,1994.16,3763.6
2024-09-01,RN-SEV-R048,D,rigido,4462.5,1517.2,1382.9,1963.75,3706.2
2024-10-01,RN-SEV-R048,D,rigido,4736.5,1610.4,1467.8,2084.34,3933.8
2024-11-01,RN-SEV-R048,D,rigido,5290.1,1798.6,1639.4,2327.95,4393.6
2024-12-01,RN-SEV-R048,D,rigido,5259.7,1788.3,1630.0,2314.55,4368.3
2025-01-01,RN-SEV-R048,D,rigido,3928.8,1335.8,1217.5,1728.91,3263.0
2025-02-01,RN-SEV-R048,D,rigido,4042.0,1374.3,1252.6,1778.74,3357.0
2025-03-01,RN-SEV-R048,D,rigido,4613.9,1568.7,1429.8,2030.39,3832.0
2025-04-01,RN-SEV-R048,D,rigido,4506.0,1532.0,1396.4,1982.88,3742.3
2025-05-01,RN-SEV-R048,D,rigido,4632.6,1575.1,1435.6,2038.59,3847.5
2025-06-01,RN-SEV-R048,D,rigido,4542.7,1544.5,1407.8,1999.03,3772.8
2025-07-01,RN-SEV-R048,D,rigido,4730.9,1608.5,1466.1,2081.89,3929.2
2025-08-01,RN-SEV-R048,D,rigido,4705.4,1599.8,1458.2,2070.64,3908.0
2025-09-01,RN-SEV-R048,D,rigido,4958.1,1685.8,1536.5,2181.85,4117.9
2025-10-01,RN-SEV-R048,D,rigido,4765.5,1620.3,1476.8,2097.08,3957.9
2025-11-01,RN-SEV-R048,D,rigido,4548.1,1546.4,1409.5,2001.44,3777.4
2025-12-01,RN-SEV-R048,D,rigido,5350.9,1819.3,1658.3,2354.73,4444.1
2024-01-01,RN-BIO-F001,E,furgoneta,1821.5,255.0,167.6,237.96,449.1
2024-02-01,RN-BIO-F001,E,furgoneta,1830.3,256.2,168.4,239.11,451.3
2024-03-01,RN-BIO-F001,E,furgoneta,1972.9,276.2,181.5,257.74,486.4
2024-04-01,RN-BIO-F001,E,furgoneta,2024.0,283.4,186.2,264.41,499.0
2024-05-01,RN-BIO-F001,E,furgoneta,1848.8,258.8,170.1,241.53,455.8
2024-06-01,RN-BIO-F001,E,furgoneta,2012.9,281.8,185.2,262.97,496.3
2024-07-01,RN-BIO-F001,E,furgoneta,2094.0,293.2,192.6,273.56,516.3
2024-08-01,RN-BIO-F001,E,furgoneta,2170.8,303.9,199.7,283.6,535.2
2024-09-01,RN-BIO-F001,E,furgoneta,2043.4,286.1,188.0,266.94,503.8
2024-10-01,RN-BIO-F001,E,furgoneta,2198.0,307.7,202.2,287.15,541.9
2024-11-01,RN-BIO-F001,E,furgoneta,1950.6,273.1,179.5,254.82,480.9
2024-12-01,RN-BIO-F001,E,furgoneta,2552.8,357.4,234.9,333.49,629.4
2025-01-01,RN-BIO-F001,E,furgoneta,1879.8,263.2,172.9,245.58,463.5
2025-02-01,RN-BIO-F001,E,furgoneta,1790.2,250.6,164.7,233.87,441.4
2025-03-01,RN-BIO-F001,E,furgoneta,1851.0,259.1,170.3,241.82,456.4
2025-04-01,RN-BIO-F001,E,furgoneta,2003.0,280.4,184.3,261.68,493.9
2025-05-01,RN-BIO-F001,E,furgoneta,1924.6,269.4,177.1,251.43,474.5
2025-06-01,RN-BIO-F001,E,furgoneta,1941.1,271.7,178.6,253.58,478.6
2025-07-01,RN-BIO-F001,E,furgoneta,1888.5,264.4,173.7,246.71,465.6
2025-08-01,RN-BIO-F001,E,furgoneta,2003.0,280.4,184.3,261.68,493.9
2025-09-01,RN-BIO-F001,E,furgoneta,2087.3,292.2,192.0,272.68,514.6
2025-10-01,RN-BIO-F001,E,furgoneta,2045.6,286.4,188.2,267.24,504.4
2025-11-01,RN-BIO-F001,E,furgoneta,2089.4,292.5,192.2,272.97,515.2
2025-12-01,RN-BIO-F001,E,furgoneta,2662.3,372.7,244.9,347.8,656.4
2024-01-01,RN-BIO-F002,E,furgoneta,1840.1,257.6,169.3,240.39,453.7
2024-02-01,RN-BIO-F002,E,furgoneta,1795.2,251.3,165.2,234.52,442.6
2024-03-01,RN-BIO-F002,E,furgoneta,1853.5,259.5,170.5,242.15,457.0
2024-04-01,RN-BIO-F002,E,furgoneta,1922.2,269.1,176.8,251.11,473.9
2024-05-01,RN-BIO-F002,E,furgoneta,1868.4,261.6,171.9,244.08,460.7
2024-06-01,RN-BIO-F002,E,furgoneta,2133.1,298.6,196.2,278.66,525.9
2024-07-01,RN-BIO-F002,E,furgoneta,2063.1,288.8,189.8,269.53,508.7
2024-08-01,RN-BIO-F002,E,furgoneta,1870.7,261.9,172.1,244.39,461.2
2024-09-01,RN-BIO-F002,E,furgoneta,2094.9,293.3,192.7,273.68,516.5
2024-10-01,RN-BIO-F002,E,furgoneta,1816.0,254.2,167.1,237.24,447.7
2024-11-01,RN-BIO-F002,E,furgoneta,2160.5,302.5,198.8,282.25,532.7
2024-12-01,RN-BIO-F002,E,furgoneta,2424.9,339.5,223.1,316.8,597.9
2025-01-01,RN-BIO-F002,E,furgoneta,1917.8,268.5,176.4,250.54,472.8
2025-02-01,RN-BIO-F002,E,furgoneta,1775.7,248.6,163.4,231.98,437.8
2025-03-01,RN-BIO-F002,E,furgoneta,2104.9,294.7,193.6,274.98,519.0
2025-04-01,RN-BIO-F002,E,furgoneta,2015.2,282.1,185.4,263.27,496.9
2025-05-01,RN-BIO-F002,E,furgoneta,2047.1,286.6,188.3,267.44,504.7
2025-06-01,RN-BIO-F002,E,furgoneta,1864.7,261.1,171.6,243.61,459.8
2025-07-01,RN-BIO-F002,E,furgoneta,2157.3,302.0,198.5,281.83,531.9
2025-08-01,RN-BIO-F002,E,furgoneta,1835.5,257.0,168.9,239.78,452.5
2025-09-01,RN-BIO-F002,E,furgoneta,2030.0,284.2,186.8,265.2,500.5
2025-10-01,RN-BIO-F002,E,furgoneta,1865.8,261.2,171.7,243.75,460.0
2025-11-01,RN-BIO-F002,E,furgoneta,2238.7,313.4,206.0,292.46,552.0
2025-12-01,RN-BIO-F002,E,furgoneta,2420.8,338.9,222.7,316.25,596.9
2024-01-01,RN-BIO-F003,E,furgoneta,2109.1,295.3,194.0,275.53,520.0
2024-02-01,RN-BIO-F003,E,furgoneta,1713.3,239.9,157.6,223.83,422.4
2024-03-01,RN-BIO-F003,E,furgoneta,2025.1,283.5,186.3,264.57,499.3
2024-04-01,RN-BIO-F003,E,furgoneta,2190.8,306.7,201.6,286.21,540.2
2024-05-01,RN-BIO-F003,E,furgoneta,2173.6,304.3,200.0,283.97,535.9
2024-06-01,RN-BIO-F003,E,furgoneta,1921.3,269.0,176.8,251.0,473.7
2024-07-01,RN-BIO-F003,E,furgoneta,1953.7,273.5,179.7,255.23,481.7
2024-08-01,RN-BIO-F003,E,furgoneta,2147.4,300.6,197.6,280.53,529.5
2024-09-01,RN-BIO-F003,E,furgoneta,1776.2,248.7,163.4,232.05,438.0
2024-10-01,RN-BIO-F003,E,furgoneta,2058.5,288.2,189.4,268.93,507.6
2024-11-01,RN-BIO-F003,E,furgoneta,2202.4,308.3,202.6,287.73,543.0
2024-12-01,RN-BIO-F003,E,furgoneta,2364.2,331.0,217.5,308.85,582.9
2025-01-01,RN-BIO-F003,E,furgoneta,1527.2,213.8,140.5,199.51,376.5
2025-02-01,RN-BIO-F003,E,furgoneta,1778.8,249.0,163.6,232.38,438.6
2025-03-01,RN-BIO-F003,E,furgoneta,1769.8,247.8,162.8,231.21,436.4
2025-04-01,RN-BIO-F003,E,furgoneta,2095.8,293.4,192.8,273.8,516.7
2025-05-01,RN-BIO-F003,E,furgoneta,1956.9,274.0,180.0,255.65,482.5
2025-06-01,RN-BIO-F003,E,furgoneta,1969.9,275.8,181.2,257.35,485.7
2025-07-01,RN-BIO-F003,E,furgoneta,2007.4,281.0,184.7,262.25,495.0
2025-08-01,RN-BIO-F003,E,furgoneta,1466.5,205.3,134.9,191.58,361.6
2025-09-01,RN-BIO-F003,E,furgoneta,2047.5,286.7,188.4,267.49,504.8
2025-10-01,RN-BIO-F003,E,furgoneta,2022.3,283.1,186.1,264.19,498.6
2025-11-01,RN-BIO-F003,E,furgoneta,1951.5,273.2,179.5,254.94,481.2
2025-12-01,RN-BIO-F003,E,furgoneta,2325.4,325.6,213.9,303.79,573.4
2024-01-01,RN-BIO-F004,E,furgoneta,1822.8,255.2,167.7,238.13,449.4
2024-02-01,RN-BIO-F004,E,furgoneta,1879.4,263.1,172.9,245.52,463.4
2024-03-01,RN-BIO-F004,E,furgoneta,2085.6,292.0,191.9,272.47,514.2
2024-04-01,RN-BIO-F004,E,furgoneta,1914.5,268.0,176.1,250.11,472.0
2024-05-01,RN-BIO-F004,E,furgoneta,1805.1,252.7,166.1,235.82,445.1
2024-06-01,RN-BIO-F004,E,furgoneta,1966.2,275.3,180.9,256.87,484.8
2024-07-01,RN-BIO-F004,E,furgoneta,2182.0,305.5,200.7,285.06,538.0
2024-08-01,RN-BIO-F004,E,furgoneta,1982.2,277.5,182.4,258.96,488.7
2024-09-01,RN-BIO-F004,E,furgoneta,1903.6,266.5,175.1,248.69,469.4
2024-10-01,RN-BIO-F004,E,furgoneta,2037.9,285.3,187.5,266.23,502.5
2024-11-01,RN-BIO-F004,E,furgoneta,1951.3,273.2,179.5,254.92,481.1
2024-12-01,RN-BIO-F004,E,furgoneta,2159.6,302.4,198.7,282.14,532.5
2025-01-01,RN-BIO-F004,E,furgoneta,1955.7,273.8,179.9,255.49,482.2
2025-02-01,RN-BIO-F004,E,furgoneta,1943.6,272.1,178.8,253.91,479.2
2025-03-01,RN-BIO-F004,E,furgoneta,2023.4,283.3,186.2,264.34,498.9
2025-04-01,RN-BIO-F004,E,furgoneta,2070.9,289.9,190.5,270.54,510.6
2025-05-01,RN-BIO-F004,E,furgoneta,2216.3,310.3,203.9,289.53,546.4
2025-06-01,RN-BIO-F004,E,furgoneta,1849.5,258.9,170.1,241.61,456.0
2025-07-01,RN-BIO-F004,E,furgoneta,2004.4,280.6,184.4,261.85,494.2
2025-08-01,RN-BIO-F004,E,furgoneta,1843.2,258.0,169.6,240.79,454.4
2025-09-01,RN-BIO-F004,E,furgoneta,2320.5,324.9,213.5,303.15,572.2
2025-10-01,RN-BIO-F004,E,furgoneta,2049.2,286.9,188.5,267.71,505.3
2025-11-01,RN-BIO-F004,E,furgoneta,2145.8,300.4,197.4,280.32,529.1
2025-12-01,RN-BIO-F004,E,furgoneta,2496.9,349.6,229.7,326.2,615.6
2024-01-01,RN-BIO-F005,E,furgoneta,1892.6,265.0,174.1,247.25,466.6
2024-02-01,RN-BIO-F005,E,furgoneta,1904.1,266.6,175.2,248.75,469.5
2024-03-01,RN-BIO-F005,E,furgoneta,1686.3,236.1,155.1,220.29,415.8
2024-04-01,RN-BIO-F005,E,furgoneta,2032.8,284.6,187.0,265.57,501.2
2024-05-01,RN-BIO-F005,E,furgoneta,2034.3,284.8,187.2,265.76,501.6
2024-06-01,RN-BIO-F005,E,furgoneta,2044.8,286.3,188.1,267.14,504.2
2024-07-01,RN-BIO-F005,E,furgoneta,2086.6,292.1,192.0,272.59,514.5
2024-08-01,RN-BIO-F005,E,furgoneta,1668.1,233.5,153.5,217.92,411.3
2024-09-01,RN-BIO-F005,E,furgoneta,2030.0,284.2,186.8,265.2,500.5
2024-10-01,RN-BIO-F005,E,furgoneta,2190.7,306.7,201.5,286.19,540.1
2024-11-01,RN-BIO-F005,E,furgoneta,2122.1,297.1,195.2,277.23,523.2
2024-12-01,RN-BIO-F005,E,furgoneta,1994.2,279.2,183.5,260.53,491.7
2025-01-01,RN-BIO-F005,E,furgoneta,1611.2,225.6,148.2,210.49,397.3
2025-02-01,RN-BIO-F005,E,furgoneta,1662.1,232.7,152.9,217.14,409.8
2025-03-01,RN-BIO-F005,E,furgoneta,1944.2,272.2,178.9,254.0,479.4
2025-04-01,RN-BIO-F005,E,furgoneta,1984.4,277.8,182.6,259.24,489.3
2025-05-01,RN-BIO-F005,E,furgoneta,1822.4,255.1,167.7,238.08,449.3
2025-06-01,RN-BIO-F005,E,furgoneta,1871.6,262.0,172.2,244.51,461.5
2025-07-01,RN-BIO-F005,E,furgoneta,2194.1,307.2,201.9,286.64,541.0
2025-08-01,RN-BIO-F005,E,furgoneta,2177.5,304.8,200.3,284.46,536.9
2025-09-01,RN-BIO-F005,E,furgoneta,2037.0,285.2,187.4,266.11,502.2
2025-10-01,RN-BIO-F005,E,furgoneta,1965.3,275.1,180.8,256.75,484.6
2025-11-01,RN-BIO-F005,E,furgoneta,2106.0,294.8,193.7,275.12,519.2
2025-12-01,RN-BIO-F005,E,furgoneta,2464.8,345.1,226.8,322.0,607.7
2024-01-01,RN-BIO-F006,E,furgoneta,1874.3,262.4,172.4,244.86,462.1
2024-02-01,RN-BIO-F006,E,furgoneta,1882.8,263.6,173.2,245.97,464.2
2024-03-01,RN-BIO-F006,E,furgoneta,1760.0,246.4,161.9,229.93,434.0
2024-04-01,RN-BIO-F006,E,furgoneta,1900.1,266.0,174.8,248.23,468.5
2024-05-01,RN-BIO-F006,E,furgoneta,1880.0,263.2,173.0,245.61,463.5
2024-06-01,RN-BIO-F006,E,furgoneta,1739.5,243.5,160.0,227.25,428.9
2024-07-01,RN-BIO-F006,E,furgoneta,2030.1,284.2,186.8,265.21,500.5
2024-08-01,RN-BIO-F006,E,furgoneta,1981.5,277.4,182.3,258.86,488.6
2024-09-01,RN-BIO-F006,E,furgoneta,2074.3,290.4,190.8,270.99,511.4
2024-10-01,RN-BIO-F006,E,furgoneta,2034.4,284.8,187.2,265.77,501.6
2024-11-01,RN-BIO-F006,E,furgoneta,2311.9,323.7,212.7,302.03,570.0
2024-12-01,RN-BIO-F006,E,furgoneta,2451.0,343.1,225.5,320.21,604.3
2025-01-01,RN-BIO-F006,E,furgoneta,1754.4,245.6,161.4,229.19,432.6
2025-02-01,RN-BIO-F006,E,furgoneta,1536.1,215.1,141.3,200.67,378.7
2025-03-01,RN-BIO-F006,E,furgoneta,2019.8,282.8,185.8,263.87,498.0
2025-04-01,RN-BIO-F006,E,furgoneta,2123.7,297.3,195.4,277.44,523.6
2025-05-01,RN-BIO-F006,E,furgoneta,2243.0,314.0,206.4,293.02,553.0
2025-06-01,RN-BIO-F006,E,furgoneta,2083.9,291.7,191.7,272.24,513.8
2025-07-01,RN-BIO-F006,E,furgoneta,2265.5,317.2,208.4,295.97,558.6
2025-08-01,RN-BIO-F006,E,furgoneta,1862.3,260.7,171.3,243.29,459.2
2025-09-01,RN-BIO-F006,E,furgoneta,1805.2,252.7,166.1,235.83,445.1
2025-10-01,RN-BIO-F006,E,furgoneta,1890.3,264.6,173.9,246.96,466.1
2025-11-01,RN-BIO-F006,E,furgoneta,1896.4,265.5,174.5,247.75,467.6
2025-12-01,RN-BIO-F006,E,furgoneta,2422.6,339.2,222.9,316.49,597.3
2024-01-01,RN-BIO-F007,E,furgoneta,1902.9,266.4,175.1,248.59,469.2
2024-02-01,RN-BIO-F007,E,furgoneta,1795.4,251.4,165.2,234.55,442.7
2024-03-01,RN-BIO-F007,E,furgoneta,1978.8,277.0,182.0,258.5,487.9
2024-04-01,RN-BIO-F007,E,furgoneta,2120.5,296.9,195.1,277.02,522.8
2024-05-01,RN-BIO-F007,E,furgoneta,2057.2,288.0,189.3,268.75,507.2
2024-06-01,RN-BIO-F007,E,furgoneta,1993.4,279.1,183.4,260.41,491.5
2024-07-01,RN-BIO-F007,E,furgoneta,2273.0,318.2,209.1,296.94,560.4
2024-08-01,RN-BIO-F007,E,furgoneta,1697.4,237.6,156.2,221.75,418.5
2024-09-01,RN-BIO-F007,E,furgoneta,2014.0,282.0,185.3,263.11,496.6
2024-10-01,RN-BIO-F007,E,furgoneta,2067.0,289.4,190.2,270.03,509.6
2024-11-01,RN-BIO-F007,E,furgoneta,2201.9,308.3,202.6,287.66,542.9
2024-12-01,RN-BIO-F007,E,furgoneta,2636.7,369.1,242.6,344.45,650.1
2025-01-01,RN-BIO-F007,E,furgoneta,1919.8,268.8,176.6,250.8,473.3
2025-02-01,RN-BIO-F007,E,furgoneta,1913.7,267.9,176.1,250.0,471.8
2025-03-01,RN-BIO-F007,E,furgoneta,2161.2,302.6,198.8,282.34,532.9
2025-04-01,RN-BIO-F007,E,furgoneta,2235.9,313.0,205.7,292.09,551.3
2025-05-01,RN-BIO-F007,E,furgoneta,2063.3,288.9,189.8,269.55,508.7
2025-06-01,RN-BIO-F007,E,furgoneta,1894.3,265.2,174.3,247.47,467.0
2025-07-01,RN-BIO-F007,E,furgoneta,2080.4,291.3,191.4,271.79,512.9
2025-08-01,RN-BIO-F007,E,furgoneta,1904.1,266.6,175.2,248.75,469.5
2025-09-01,RN-BIO-F007,E,furgoneta,1925.2,269.5,177.1,251.51,474.7
2025-10-01,RN-BIO-F007,E,furgoneta,1811.8,253.6,166.7,236.69,446.7
2025-11-01,RN-BIO-F007,E,furgoneta,1978.0,276.9,182.0,258.41,487.7
2025-12-01,RN-BIO-F007,E,furgoneta,2421.6,339.0,222.8,316.35,597.1
2024-01-01,RN-BIO-F008,E,furgoneta,1902.1,266.3,175.0,248.49,469.0
2024-02-01,RN-BIO-F008,E,furgoneta,1710.9,239.5,157.4,223.52,421.9
2024-03-01,RN-BIO-F008,E,furgoneta,2141.3,299.8,197.0,279.74,528.0
2024-04-01,RN-BIO-F008,E,furgoneta,2198.9,307.8,202.3,287.26,542.2
2024-05-01,RN-BIO-F008,E,furgoneta,1941.9,271.9,178.7,253.69,478.8
2024-06-01,RN-BIO-F008,E,furgoneta,1849.6,259.0,170.2,241.64,456.0
2024-07-01,RN-BIO-F008,E,furgoneta,2105.3,294.7,193.7,275.03,519.1
2024-08-01,RN-BIO-F008,E,furgoneta,1897.7,265.7,174.6,247.91,467.9
2024-09-01,RN-BIO-F008,E,furgoneta,1907.2,267.0,175.5,249.15,470.2
2024-10-01,RN-BIO-F008,E,furgoneta,1970.2,275.8,181.3,257.39,485.8
2024-11-01,RN-BIO-F008,E,furgoneta,2006.1,280.8,184.6,262.07,494.6
2024-12-01,RN-BIO-F008,E,furgoneta,2493.8,349.1,229.4,325.78,614.9
2025-01-01,RN-BIO-F008,E,furgoneta,1606.0,224.8,147.7,209.8,396.0
2025-02-01,RN-BIO-F008,E,furgoneta,1766.2,247.3,162.5,230.73,435.5
2025-03-01,RN-BIO-F008,E,furgoneta,1902.0,266.3,175.0,248.48,469.0
2025-04-01,RN-BIO-F008,E,furgoneta,1905.5,266.8,175.3,248.94,469.8
2025-05-01,RN-BIO-F008,E,furgoneta,1575.9,220.6,145.0,205.87,388.5
2025-06-01,RN-BIO-F008,E,furgoneta,2194.6,307.2,201.9,286.7,541.1
2025-07-01,RN-BIO-F008,E,furgoneta,2173.1,304.2,199.9,283.9,535.8
2025-08-01,RN-BIO-F008,E,furgoneta,1937.7,271.3,178.3,253.14,477.7
2025-09-01,RN-BIO-F008,E,furgoneta,2009.9,281.4,184.9,262.57,495.6
2025-10-01,RN-BIO-F008,E,furgoneta,1886.9,264.2,173.6,246.5,465.2
2025-11-01,RN-BIO-F008,E,furgoneta,2069.0,289.7,190.3,270.29,510.1
2025-12-01,RN-BIO-F008,E,furgoneta,2536.9,355.2,233.4,331.42,625.5
2024-01-01,RN-BIO-F009,E,furgoneta,1976.6,276.7,181.8,258.22,487.3
2024-02-01,RN-BIO-F009,E,furgoneta,1987.5,278.3,182.9,259.65,490.0
2024-03-01,RN-BIO-F009,E,furgoneta,2042.3,285.9,187.9,266.8,503.5
2024-04-01,RN-BIO-F009,E,furgoneta,1961.9,274.7,180.5,256.3,483.7
2024-05-01,RN-BIO-F009,E,furgoneta,1876.9,262.8,172.7,245.2,462.8
2024-06-01,RN-BIO-F009,E,furgoneta,2093.5,293.1,192.6,273.49,516.2
2024-07-01,RN-BIO-F009,E,furgoneta,2190.5,306.7,201.5,286.16,540.1
2024-08-01,RN-BIO-F009,E,furgoneta,1929.9,270.2,177.6,252.13,475.8
2024-09-01,RN-BIO-F009,E,furgoneta,2163.6,302.9,199.0,282.65,533.4
2024-10-01,RN-BIO-F009,E,furgoneta,1985.9,278.0,182.7,259.43,489.6
2024-11-01,RN-BIO-F009,E,furgoneta,2049.2,286.9,188.5,267.7,505.2
2024-12-01,RN-BIO-F009,E,furgoneta,2231.8,312.4,205.3,291.56,550.3
2025-01-01,RN-BIO-F009,E,furgoneta,1816.3,254.3,167.1,237.28,447.8
2025-02-01,RN-BIO-F009,E,furgoneta,1671.2,234.0,153.8,218.33,412.1
2025-03-01,RN-BIO-F009,E,furgoneta,1842.0,257.9,169.5,240.63,454.2
2025-04-01,RN-BIO-F009,E,furgoneta,1916.6,268.3,176.3,250.39,472.6
2025-05-01,RN-BIO-F009,E,furgoneta,1967.1,275.4,181.0,256.98,485.0
2025-06-01,RN-BIO-F009,E,furgoneta,2379.6,333.1,218.9,310.87,586.7
2025-07-01,RN-BIO-F009,E,furgoneta,2219.0,310.7,204.1,289.89,547.1
2025-08-01,RN-BIO-F009,E,furgoneta,2093.2,293.0,192.6,273.45,516.1
2025-09-01,RN-BIO-F009,E,furgoneta,1952.4,273.3,179.6,255.07,481.4
2025-10-01,RN-BIO-F009,E,furgoneta,1910.2,267.4,175.7,249.55,471.0
2025-11-01,RN-BIO-F009,E,furgoneta,1979.3,277.1,182.1,258.57,488.0
2025-12-01,RN-BIO-F009,E,furgoneta,2419.2,338.7,222.6,316.04,596.5
2024-01-01,RN-BIO-F010,E,furgoneta,1921.7,269.0,180.7,256.58,484.2
2024-02-01,RN-BIO-F010,E,furgoneta,1954.8,273.7,183.8,260.99,492.6
2024-03-01,RN-BIO-F010,E,furgoneta,2079.3,291.1,195.5,277.61,523.9
2024-04-01,RN-BIO-F010,E,furgoneta,1925.3,269.5,181.0,257.05,485.1
2024-05-01,RN-BIO-F010,E,furgoneta,2076.2,290.7,195.2,277.2,523.2
2024-06-01,RN-BIO-F010,E,furgoneta,2213.5,309.9,208.1,295.53,557.8
2024-07-01,RN-BIO-F010,E,furgoneta,2264.4,317.0,212.9,302.33,570.6
2024-08-01,RN-BIO-F010,E,furgoneta,2161.8,302.7,203.3,288.63,544.7
2024-09-01,RN-BIO-F010,E,furgoneta,1927.0,269.8,181.2,257.29,485.6
2024-10-01,RN-BIO-F010,E,furgoneta,2097.3,293.6,197.2,280.02,528.5
2024-11-01,RN-BIO-F010,E,furgoneta,1965.2,275.1,184.8,262.38,495.2
2024-12-01,RN-BIO-F010,E,furgoneta,1992.3,278.9,187.3,266.0,502.0
2025-01-01,RN-BIO-F010,E,furgoneta,1894.6,265.2,178.1,252.96,477.4
2025-02-01,RN-BIO-F010,E,furgoneta,1705.0,238.7,160.3,227.64,429.6
2025-03-01,RN-BIO-F010,E,furgoneta,2071.2,290.0,194.7,276.54,521.9
2025-04-01,RN-BIO-F010,E,furgoneta,1971.0,275.9,185.3,263.16,496.7
2025-05-01,RN-BIO-F010,E,furgoneta,2332.0,326.5,219.3,311.36,587.6
2025-06-01,RN-BIO-F010,E,furgoneta,2092.6,293.0,196.8,279.4,527.3
2025-07-01,RN-BIO-F010,E,furgoneta,2277.0,318.8,214.1,304.01,573.8
2025-08-01,RN-BIO-F010,E,furgoneta,1868.8,261.6,175.7,249.52,470.9
2025-09-01,RN-BIO-F010,E,furgoneta,1907.3,267.0,179.3,254.65,480.6
2025-10-01,RN-BIO-F010,E,furgoneta,1863.8,260.9,175.2,248.84,469.6
2025-11-01,RN-BIO-F010,E,furgoneta,1982.9,277.6,186.4,264.74,499.7
2025-12-01,RN-BIO-F010,E,furgoneta,2442.6,342.0,229.7,326.13,615.5
2024-01-01,RN-BIO-F011,E,furgoneta,1654.9,231.7,155.6,220.95,417.0
2024-02-01,RN-BIO-F011,E,furgoneta,1936.3,271.1,182.1,258.52,487.9
2024-03-01,RN-BIO-F011,E,furgoneta,1782.2,249.5,167.6,237.94,449.1
2024-04-01,RN-BIO-F011,E,furgoneta,2064.5,289.0,194.1,275.64,520.2
2024-05-01,RN-BIO-F011,E,furgoneta,1845.3,258.3,173.5,246.37,465.0
2024-06-01,RN-BIO-F011,E,furgoneta,2116.6,296.3,199.0,282.6,533.4
2024-07-01,RN-BIO-F011,E,furgoneta,2020.5,282.9,190.0,269.77,509.1
2024-08-01,RN-BIO-F011,E,furgoneta,2093.4,293.1,196.8,279.5,527.5
2024-09-01,RN-BIO-F011,E,furgoneta,1995.5,279.4,187.6,266.43,502.8
2024-10-01,RN-BIO-F011,E,furgoneta,1915.2,268.1,180.1,255.71,482.6
2024-11-01,RN-BIO-F011,E,furgoneta,2147.1,300.6,201.9,286.67,541.0
2024-12-01,RN-BIO-F011,E,furgoneta,2529.0,354.1,237.8,337.66,637.3
2025-01-01,RN-BIO-F011,E,furgoneta,1803.3,252.5,169.6,240.76,454.4
2025-02-01,RN-BIO-F011,E,furgoneta,1967.3,275.4,185.0,262.67,495.7
2025-03-01,RN-BIO-F011,E,furgoneta,1919.9,268.8,180.5,256.33,483.8
2025-04-01,RN-BIO-F011,E,furgoneta,1850.1,259.0,174.0,247.02,466.2
2025-05-01,RN-BIO-F011,E,furgoneta,1905.2,266.7,179.1,254.38,480.1
2025-06-01,RN-BIO-F011,E,furgoneta,2176.3,304.7,204.6,290.56,548.4
2025-07-01,RN-BIO-F011,E,furgoneta,2267.9,317.5,213.2,302.79,571.5
2025-08-01,RN-BIO-F011,E,furgoneta,2082.3,291.5,195.8,278.02,524.7
2025-09-01,RN-BIO-F011,E,furgoneta,2129.3,298.1,200.2,284.29,536.5
2025-10-01,RN-BIO-F011,E,furgoneta,2027.2,283.8,190.6,270.66,510.8
2025-11-01,RN-BIO-F011,E,furgoneta,1995.6,279.4,187.6,266.44,502.9
2025-12-01,RN-BIO-F011,E,furgoneta,2130.7,298.3,200.3,284.48,536.9
2024-01-01,RN-BIO-F012,E,furgoneta,1745.3,244.3,165.9,235.53,444.5
2024-02-01,RN-BIO-F012,E,furgoneta,1933.3,270.7,183.7,260.9,492.4
2024-03-01,RN-BIO-F012,E,furgoneta,2018.2,282.6,191.8,272.36,514.0
2024-04-01,RN-BIO-F012,E,furgoneta,2002.9,280.4,190.3,270.29,510.1
2024-05-01,RN-BIO-F012,E,furgoneta,1917.3,268.4,182.2,258.75,488.3
2024-06-01,RN-BIO-F012,E,furgoneta,1956.4,273.9,185.9,264.02,498.3
2024-07-01,RN-BIO-F012,E,furgoneta,2034.9,284.9,193.4,274.62,518.3
2024-08-01,RN-BIO-F012,E,furgoneta,1988.7,278.4,189.0,268.37,506.5
2024-09-01,RN-BIO-F012,E,furgoneta,1925.0,269.5,182.9,259.78,490.3
2024-10-01,RN-BIO-F012,E,furgoneta,1978.7,277.0,188.0,267.03,504.0
2024-11-01,RN-BIO-F012,E,furgoneta,1926.2,269.7,183.1,259.94,490.6
2024-12-01,RN-BIO-F012,E,furgoneta,2237.6,313.3,212.7,301.97,569.9
2025-01-01,RN-BIO-F012,E,furgoneta,1676.6,234.7,159.3,226.25,427.0
2025-02-01,RN-BIO-F012,E,furgoneta,1899.5,265.9,180.5,256.33,483.8
2025-03-01,RN-BIO-F012,E,furgoneta,2020.8,282.9,192.0,272.71,514.7
2025-04-01,RN-BIO-F012,E,furgoneta,1879.2,263.1,178.6,253.6,478.6
2025-05-01,RN-BIO-F012,E,furgoneta,1947.5,272.6,185.1,262.81,496.0
2025-06-01,RN-BIO-F012,E,furgoneta,1893.3,265.1,179.9,255.5,482.2
2025-07-01,RN-BIO-F012,E,furgoneta,1998.7,279.8,189.9,269.72,509.1
2025-08-01,RN-BIO-F012,E,furgoneta,1976.3,276.7,187.8,266.7,503.3
2025-09-01,RN-BIO-F012,E,furgoneta,1851.8,259.3,176.0,249.91,471.7
2025-10-01,RN-BIO-F012,E,furgoneta,2163.3,302.9,205.6,291.94,551.0
2025-11-01,RN-BIO-F012,E,furgoneta,1914.8,268.1,182.0,258.41,487.7
2025-12-01,RN-BIO-F012,E,furgoneta,2706.9,379.0,257.3,365.3,689.4
2024-01-01,RN-BIO-F013,E,furgoneta,2013.0,281.8,185.2,262.97,496.3
2024-02-01,RN-BIO-F013,E,furgoneta,1641.1,229.8,151.0,214.4,404.6
2024-03-01,RN-BIO-F013,E,furgoneta,1754.0,245.6,161.4,229.15,432.5
2024-04-01,RN-BIO-F013,E,furgoneta,1886.6,264.1,173.6,246.47,465.2
2024-05-01,RN-BIO-F013,E,furgoneta,2083.0,291.6,191.6,272.12,513.6
2024-06-01,RN-BIO-F013,E,furgoneta,1928.0,269.9,177.4,251.87,475.4
2024-07-01,RN-BIO-F013,E,furgoneta,2344.2,328.2,215.7,306.25,578.0
2024-08-01,RN-BIO-F013,E,furgoneta,2039.9,285.6,187.7,266.49,502.9
2024-09-01,RN-BIO-F013,E,furgoneta,2071.0,289.9,190.5,270.55,510.6
2024-10-01,RN-BIO-F013,E,furgoneta,1634.6,228.8,150.4,213.55,403.0
2024-11-01,RN-BIO-F013,E,furgoneta,2252.5,315.4,207.2,294.27,555.4
2024-12-01,RN-BIO-F013,E,furgoneta,2492.4,348.9,229.3,325.61,614.5
2025-01-01,RN-BIO-F013,E,furgoneta,2018.3,282.6,185.7,263.67,497.6
2025-02-01,RN-BIO-F013,E,furgoneta,1854.9,259.7,170.6,242.32,457.3
2025-03-01,RN-BIO-F013,E,furgoneta,2190.1,306.6,201.5,286.11,540.0
2025-04-01,RN-BIO-F013,E,furgoneta,1742.6,244.0,160.3,227.66,429.7
2025-05-01,RN-BIO-F013,E,furgoneta,2180.7,305.3,200.6,284.89,537.7
2025-06-01,RN-BIO-F013,E,furgoneta,1870.2,261.8,172.1,244.33,461.1
2025-07-01,RN-BIO-F013,E,furgoneta,1954.0,273.6,179.8,255.27,481.8
2025-08-01,RN-BIO-F013,E,furgoneta,2146.6,300.5,197.5,280.43,529.3
2025-09-01,RN-BIO-F013,E,furgoneta,2055.3,287.7,189.1,268.5,506.7
2025-10-01,RN-BIO-F013,E,furgoneta,2154.6,301.6,198.2,281.47,531.2
2025-11-01,RN-BIO-F013,E,furgoneta,2066.2,289.3,190.1,269.93,509.5
2025-12-01,RN-BIO-F013,E,furgoneta,2514.2,352.0,231.3,328.46,619.9
2024-01-01,RN-BIO-F014,E,furgoneta,1784.5,249.8,164.2,233.13,440.0
2024-02-01,RN-BIO-F014,E,furgoneta,1682.4,235.5,154.8,219.79,414.8
2024-03-01,RN-BIO-F014,E,furgoneta,1798.3,251.8,165.4,234.92,443.4
2024-04-01,RN-BIO-F014,E,furgoneta,1968.3,275.6,181.1,257.14,485.3
2024-05-01,RN-BIO-F014,E,furgoneta,1825.0,255.5,167.9,238.42,450.0
2024-06-01,RN-BIO-F014,E,furgoneta,2094.1,293.2,192.7,273.57,516.3
2024-07-01,RN-BIO-F014,E,furgoneta,2115.1,296.1,194.6,276.31,521.5
2024-08-01,RN-BIO-F014,E,furgoneta,1927.6,269.9,177.3,251.82,475.3
2024-09-01,RN-BIO-F014,E,furgoneta,2073.9,290.4,190.8,270.94,511.3
2024-10-01,RN-BIO-F014,E,furgoneta,1878.5,263.0,172.8,245.41,463.2
2024-11-01,RN-BIO-F014,E,furgoneta,2245.0,314.3,206.5,293.29,553.5
2024-12-01,RN-BIO-F014,E,furgoneta,2540.7,355.7,233.7,331.92,626.4
2025-01-01,RN-BIO-F014,E,furgoneta,1840.1,257.6,169.3,240.39,453.7
2025-02-01,RN-BIO-F014,E,furgoneta,1691.6,236.8,155.6,220.99,417.1
2025-03-01,RN-BIO-F014,E,furgoneta,2067.4,289.4,190.2,270.08,509.7
2025-04-01,RN-BIO-F014,E,furgoneta,2030.7,284.3,186.8,265.3,500.7
2025-05-01,RN-BIO-F014,E,furgoneta,1952.7,273.4,179.6,255.09,481.4
2025-06-01,RN-BIO-F014,E,furgoneta,1926.9,269.8,177.3,251.73,475.1
2025-07-01,RN-BIO-F014,E,furgoneta,2243.1,314.0,206.4,293.03,553.1
2025-08-01,RN-BIO-F014,E,furgoneta,2157.2,302.0,198.5,281.82,531.9
2025-09-01,RN-BIO-F014,E,furgoneta,1672.2,234.1,153.8,218.46,412.3
2025-10-01,RN-BIO-F014,E,furgoneta,1998.8,279.8,183.9,261.13,492.8
2025-11-01,RN-BIO-F014,E,furgoneta,2147.3,300.6,197.6,280.53,529.4
2025-12-01,RN-BIO-F014,E,furgoneta,2255.2,315.7,207.5,294.62,556.0
2024-01-01,RN-BIO-F015,E,furgoneta,2119.9,296.8,199.3,283.04,534.2
2024-02-01,RN-BIO-F015,E,furgoneta,1631.3,228.4,153.4,217.81,411.1
2024-03-01,RN-BIO-F015,E,furgoneta,1824.1,255.4,171.5,243.54,459.6
2024-04-01,RN-BIO-F015,E,furgoneta,2035.9,285.0,191.4,271.82,513.0
2024-05-01,RN-BIO-F015,E,furgoneta,2017.4,282.4,189.7,269.36,508.4
2024-06-01,RN-BIO-F015,E,furgoneta,2252.4,315.3,211.8,300.72,567.6
2024-07-01,RN-BIO-F015,E,furgoneta,1932.1,270.5,181.7,257.96,486.9
2024-08-01,RN-BIO-F015,E,furgoneta,1916.2,268.3,180.2,255.84,482.9
2024-09-01,RN-BIO-F015,E,furgoneta,2005.3,280.7,188.5,267.73,505.3
2024-10-01,RN-BIO-F015,E,furgoneta,1985.5,278.0,186.7,265.1,500.3
2024-11-01,RN-BIO-F015,E,furgoneta,2292.1,320.9,215.5,306.03,577.6
2024-12-01,RN-BIO-F015,E,furgoneta,2306.1,322.9,216.8,307.9,581.1
2025-01-01,RN-BIO-F015,E,furgoneta,1687.7,236.3,158.7,225.33,425.3
2025-02-01,RN-BIO-F015,E,furgoneta,1749.8,245.0,164.5,233.63,440.9
2025-03-01,RN-BIO-F015,E,furgoneta,2148.0,300.7,202.0,286.79,541.3
2025-04-01,RN-BIO-F015,E,furgoneta,2026.7,283.7,190.6,270.59,510.7
2025-05-01,RN-BIO-F015,E,furgoneta,1999.4,279.9,188.0,266.95,503.8
2025-06-01,RN-BIO-F015,E,furgoneta,2143.7,300.1,201.6,286.22,540.2
2025-07-01,RN-BIO-F015,E,furgoneta,2492.9,349.0,234.4,332.84,628.2
2025-08-01,RN-BIO-F015,E,furgoneta,1787.4,250.2,168.1,238.65,450.4
2025-09-01,RN-BIO-F015,E,furgoneta,1909.9,267.4,179.6,255.0,481.3
2025-10-01,RN-BIO-F015,E,furgoneta,2096.4,293.5,197.1,279.9,528.3
2025-11-01,RN-BIO-F015,E,furgoneta,1984.4,277.8,186.6,264.95,500.0
2025-12-01,RN-BIO-F015,E,furgoneta,2403.4,336.5,226.0,320.89,605.6
2024-01-01,RN-BIO-F016,E,furgoneta,1819.8,254.8,171.1,242.97,458.6
2024-02-01,RN-BIO-F016,E,furgoneta,1603.4,224.5,150.8,214.08,404.0
2024-03-01,RN-BIO-F016,E,furgoneta,1770.6,247.9,166.5,236.4,446.2
2024-04-01,RN-BIO-F016,E,furgoneta,1950.3,273.0,183.4,260.39,491.4
2024-05-01,RN-BIO-F016,E,furgoneta,2092.7,293.0,196.8,279.4,527.3
2024-06-01,RN-BIO-F016,E,furgoneta,2293.8,321.1,215.7,306.25,578.0
2024-07-01,RN-BIO-F016,E,furgoneta,2219.0,310.7,208.6,296.27,559.2
2024-08-01,RN-BIO-F016,E,furgoneta,2045.1,286.3,192.3,273.06,515.3
2024-09-01,RN-BIO-F016,E,furgoneta,1987.4,278.2,186.9,265.34,500.8
2024-10-01,RN-BIO-F016,E,furgoneta,2174.8,304.5,204.5,290.37,548.0
2024-11-01,RN-BIO-F016,E,furgoneta,2079.8,291.2,195.6,277.68,524.1
2024-12-01,RN-BIO-F016,E,furgoneta,2207.5,309.0,207.6,294.73,556.3
2025-01-01,RN-BIO-F016,E,furgoneta,2068.2,289.6,194.5,276.14,521.2
2025-02-01,RN-BIO-F016,E,furgoneta,1814.1,254.0,170.6,242.2,457.1
2025-03-01,RN-BIO-F016,E,furgoneta,1880.8,263.3,176.8,251.11,473.9
2025-04-01,RN-BIO-F016,E,furgoneta,1799.0,251.9,169.1,240.19,453.3
2025-05-01,RN-BIO-F016,E,furgoneta,1980.1,277.2,186.2,264.36,498.9
2025-06-01,RN-BIO-F016,E,furgoneta,1917.9,268.5,180.3,256.06,483.3
2025-07-01,RN-BIO-F016,E,furgoneta,2150.4,301.1,202.2,287.11,541.9
2025-08-01,RN-BIO-F016,E,furgoneta,2045.2,286.3,192.3,273.07,515.4
2025-09-01,RN-BIO-F016,E,furgoneta,1979.5,277.1,186.1,264.29,498.8
2025-10-01,RN-BIO-F016,E,furgoneta,2087.7,292.3,196.3,278.73,526.1
2025-11-01,RN-BIO-F016,E,furgoneta,2053.0,287.4,193.0,274.11,517.3
2025-12-01,RN-BIO-F016,E,furgoneta,2275.2,318.5,213.9,303.77,573.3
2024-01-01,RN-BIO-F017,E,furgoneta,1848.4,258.8,170.0,241.47,455.7
2024-02-01,RN-BIO-F017,E,furgoneta,1790.3,250.6,164.7,233.88,441.4
2024-03-01,RN-BIO-F017,E,furgoneta,1940.0,271.6,178.5,253.44,478.3
2024-04-01,RN-BIO-F017,E,furgoneta,2019.5,282.7,185.8,263.83,497.9
2024-05-01,RN-BIO-F017,E,furgoneta,1906.1,266.9,175.4,249.01,470.0
2024-06-01,RN-BIO-F017,E,furgoneta,1863.4,260.9,171.4,243.43,459.4
2024-07-01,RN-BIO-F017,E,furgoneta,1997.5,279.6,183.8,260.95,492.5
2024-08-01,RN-BIO-F017,E,furgoneta,1844.0,258.2,169.6,240.9,454.7
2024-09-01,RN-BIO-F017,E,furgoneta,2097.6,293.7,193.0,274.03,517.2
2024-10-01,RN-BIO-F017,E,furgoneta,1869.0,261.7,171.9,244.17,460.8
2024-11-01,RN-BIO-F017,E,furgoneta,2356.6,329.9,216.8,307.87,581.0
2024-12-01,RN-BIO-F017,E,furgoneta,2644.8,370.3,243.3,345.51,652.1
2025-01-01,RN-BIO-F017,E,furgoneta,1922.5,269.2,176.9,251.16,474.0
2025-02-01,RN-BIO-F017,E,furgoneta,1981.2,277.4,182.3,258.82,488.5
2025-03-01,RN-BIO-F017,E,furgoneta,1817.4,254.4,167.2,237.43,448.1
2025-04-01,RN-BIO-F017,E,furgoneta,1874.5,262.4,172.5,244.88,462.2
2025-05-01,RN-BIO-F017,E,furgoneta,2051.1,287.2,188.7,267.96,505.7
2025-06-01,RN-BIO-F017,E,furgoneta,1889.1,264.5,173.8,246.79,465.8
2025-07-01,RN-BIO-F017,E,furgoneta,2125.7,297.6,195.6,277.7,524.1
2025-08-01,RN-BIO-F017,E,furgoneta,1950.3,273.0,179.4,254.78,480.9
2025-09-01,RN-BIO-F017,E,furgoneta,2079.9,291.2,191.4,271.72,512.8
2025-10-01,RN-BIO-F017,E,furgoneta,2236.1,313.1,205.7,292.13,551.3
2025-11-01,RN-BIO-F017,E,furgoneta,2139.6,299.6,196.8,279.52,527.6
2025-12-01,RN-BIO-F017,E,furgoneta,2551.2,357.2,234.7,333.29,629.0
2024-01-01,RN-BIO-F018,E,furgoneta,1866.8,261.4,171.7,243.88,460.3
2024-02-01,RN-BIO-F018,E,furgoneta,1753.5,245.5,161.3,229.07,432.3
2024-03-01,RN-BIO-F018,E,furgoneta,1865.8,261.2,171.6,243.74,460.0
2024-04-01,RN-BIO-F018,E,furgoneta,1926.1,269.7,177.2,251.62,474.9
2024-05-01,RN-BIO-F018,E,furgoneta,2018.7,282.6,185.7,263.72,497.7
2024-06-01,RN-BIO-F018,E,furgoneta,1872.4,262.1,172.3,244.6,461.6
2024-07-01,RN-BIO-F018,E,furgoneta,1963.5,274.9,180.6,256.51,484.1
2024-08-01,RN-BIO-F018,E,furgoneta,1845.4,258.4,169.8,241.08,455.0
2024-09-01,RN-BIO-F018,E,furgoneta,1974.7,276.5,181.7,257.98,486.9
2024-10-01,RN-BIO-F018,E,furgoneta,1958.4,274.2,180.2,255.84,482.9
2024-11-01,RN-BIO-F018,E,furgoneta,2043.6,286.1,188.0,266.97,503.9
2024-12-01,RN-BIO-F018,E,furgoneta,2061.3,288.6,189.6,269.29,508.2
2025-01-01,RN-BIO-F018,E,furgoneta,1770.0,247.8,162.8,231.23,436.4
2025-02-01,RN-BIO-F018,E,furgoneta,1934.0,270.8,177.9,252.66,476.8
2025-03-01,RN-BIO-F018,E,furgoneta,1863.3,260.9,171.4,243.42,459.4
2025-04-01,RN-BIO-F018,E,furgoneta,1884.1,263.8,173.3,246.13,464.5
2025-05-01,RN-BIO-F018,E,furgoneta,1974.5,276.4,181.7,257.95,486.8
2025-06-01,RN-BIO-F018,E,furgoneta,2330.1,326.2,214.4,304.4,574.5
2025-07-01,RN-BIO-F018,E,furgoneta,2210.1,309.4,203.3,288.73,544.9
2025-08-01,RN-BIO-F018,E,furgoneta,1976.1,276.7,181.8,258.15,487.2
2025-09-01,RN-BIO-F018,E,furgoneta,1846.5,258.5,169.9,241.23,455.3
2025-10-01,RN-BIO-F018,E,furgoneta,1946.5,272.5,179.1,254.29,479.9
2025-11-01,RN-BIO-F018,E,furgoneta,2182.6,305.6,200.8,285.14,538.2
2025-12-01,RN-BIO-F018,E,furgoneta,2296.8,321.5,211.3,300.05,566.3
2024-01-01,RN-BIO-F019,E,furgoneta,1854.3,259.6,170.6,242.24,457.2
2024-02-01,RN-BIO-F019,E,furgoneta,1608.7,225.2,148.0,210.15,396.6
2024-03-01,RN-BIO-F019,E,furgoneta,1832.8,256.6,168.6,239.44,451.9
2024-04-01,RN-BIO-F019,E,furgoneta,1751.0,245.1,161.1,228.75,431.7
2024-05-01,RN-BIO-F019,E,furgoneta,2152.6,301.4,198.0,281.22,530.8
2024-06-01,RN-BIO-F019,E,furgoneta,2051.8,287.3,188.8,268.05,505.9
2024-07-01,RN-BIO-F019,E,furgoneta,2116.4,296.3,194.7,276.49,521.8
2024-08-01,RN-BIO-F019,E,furgoneta,1868.8,261.6,171.9,244.14,460.8
2024-09-01,RN-BIO-F019,E,furgoneta,2040.3,285.6,187.7,266.55,503.1
2024-10-01,RN-BIO-F019,E,furgoneta,1897.7,265.7,174.6,247.91,467.9
2024-11-01,RN-BIO-F019,E,furgoneta,1828.5,256.0,168.2,238.87,450.8
2024-12-01,RN-BIO-F019,E,furgoneta,2331.0,326.3,214.5,304.52,574.7
2025-01-01,RN-BIO-F019,E,furgoneta,1978.8,277.0,182.1,258.51,487.9
2025-02-01,RN-BIO-F019,E,furgoneta,2000.0,280.0,184.0,261.28,493.1
2025-03-01,RN-BIO-F019,E,furgoneta,2151.8,301.3,198.0,281.11,530.5
2025-04-01,RN-BIO-F019,E,furgoneta,2031.8,284.5,186.9,265.44,501.0
2025-05-01,RN-BIO-F019,E,furgoneta,1758.4,246.2,161.8,229.72,433.6
2025-06-01,RN-BIO-F019,E,furgoneta,2127.7,297.9,195.8,277.97,524.6
2025-07-01,RN-BIO-F019,E,furgoneta,2279.2,319.1,209.7,297.75,562.0
2025-08-01,RN-BIO-F019,E,furgoneta,1840.4,257.7,169.3,240.43,453.8
2025-09-01,RN-BIO-F019,E,furgoneta,1873.8,262.3,172.4,244.8,462.0
2025-10-01,RN-BIO-F019,E,furgoneta,2180.5,305.3,200.6,284.86,537.6
2025-11-01,RN-BIO-F019,E,furgoneta,1845.3,258.3,169.8,241.07,455.0
2025-12-01,RN-BIO-F019,E,furgoneta,2004.6,280.6,184.4,261.88,494.3
2024-01-01,RN-BIO-F020,E,furgoneta,1571.0,219.9,144.5,205.23,387.3
2024-02-01,RN-BIO-F020,E,furgoneta,1763.7,246.9,162.3,230.41,434.9
2024-03-01,RN-BIO-F020,E,furgoneta,1940.1,271.6,178.5,253.46,478.4
2024-04-01,RN-BIO-F020,E,furgoneta,2059.3,288.3,189.5,269.02,507.7
2024-05-01,RN-BIO-F020,E,furgoneta,2011.8,281.7,185.1,262.83,496.0
2024-06-01,RN-BIO-F020,E,furgoneta,2072.7,290.2,190.7,270.78,511.0
2024-07-01,RN-BIO-F020,E,furgoneta,2124.2,297.4,195.4,277.51,523.8
2024-08-01,RN-BIO-F020,E,furgoneta,1942.5,271.9,178.7,253.77,478.9
2024-09-01,RN-BIO-F020,E,furgoneta,2192.4,306.9,201.7,286.41,540.5
2024-10-01,RN-BIO-F020,E,furgoneta,1973.0,276.2,181.5,257.76,486.5
2024-11-01,RN-BIO-F020,E,furgoneta,1992.8,279.0,183.3,260.33,491.3
2024-12-01,RN-BIO-F020,E,furgoneta,2390.1,334.6,219.9,312.24,589.3
2025-01-01,RN-BIO-F020,E,furgoneta,1612.9,225.8,148.4,210.71,397.7
2025-02-01,RN-BIO-F020,E,furgoneta,1758.1,246.1,161.7,229.68,433.5
2025-03-01,RN-BIO-F020,E,furgoneta,1805.0,252.7,166.1,235.8,445.0
2025-04-01,RN-BIO-F020,E,furgoneta,1845.4,258.4,169.8,241.09,455.0
2025-05-01,RN-BIO-F020,E,furgoneta,2027.1,283.8,186.5,264.83,499.8
2025-06-01,RN-BIO-F020,E,furgoneta,1825.6,255.6,168.0,238.5,450.1
2025-07-01,RN-BIO-F020,E,furgoneta,1967.5,275.5,181.0,257.04,485.1
2025-08-01,RN-BIO-F020,E,furgoneta,1994.1,279.2,183.5,260.51,491.7
2025-09-01,RN-BIO-F020,E,furgoneta,2107.7,295.1,193.9,275.35,519.7
2025-10-01,RN-BIO-F020,E,furgoneta,2249.0,314.9,206.9,293.81,554.5
2025-11-01,RN-BIO-F020,E,furgoneta,2143.6,300.1,197.2,280.04,528.5
2025-12-01,RN-BIO-F020,E,furgoneta,2353.6,329.5,216.5,307.47,580.3
2024-01-01,RN-BIO-F021,E,furgoneta,1912.3,267.7,175.9,249.82,471.5
2024-02-01,RN-BIO-F021,E,furgoneta,1841.5,257.8,169.4,240.58,454.1
2024-03-01,RN-BIO-F021,E,furgoneta,2160.5,302.5,198.8,282.25,532.7
2024-04-01,RN-BIO-F021,E,furgoneta,2179.1,305.1,200.5,284.68,537.3
2024-05-01,RN-BIO-F021,E,furgoneta,1890.9,264.7,174.0,247.02,466.2
2024-06-01,RN-BIO-F021,E,furgoneta,2161.6,302.6,198.9,282.39,533.0
2024-07-01,RN-BIO-F021,E,furgoneta,2159.4,302.3,198.7,282.11,532.4
2024-08-01,RN-BIO-F021,E,furgoneta,2092.7,293.0,192.5,273.39,516.0
2024-09-01,RN-BIO-F021,E,furgoneta,1996.1,279.5,183.6,260.77,492.2
2024-10-01,RN-BIO-F021,E,furgoneta,1985.8,278.0,182.7,259.42,489.6
2024-11-01,RN-BIO-F021,E,furgoneta,2015.5,282.2,185.4,263.31,496.9
2024-12-01,RN-BIO-F021,E,furgoneta,2202.4,308.3,202.6,287.73,543.0
2025-01-01,RN-BIO-F021,E,furgoneta,1771.6,248.0,163.0,231.44,436.8
2025-02-01,RN-BIO-F021,E,furgoneta,1958.4,274.2,180.2,255.85,482.9
2025-03-01,RN-BIO-F021,E,furgoneta,1772.4,248.1,163.1,231.54,437.0
2025-04-01,RN-BIO-F021,E,furgoneta,2137.8,299.3,196.7,279.28,527.1
2025-05-01,RN-BIO-F021,E,furgoneta,1936.6,271.1,178.2,253.0,477.5
2025-06-01,RN-BIO-F021,E,furgoneta,1795.9,251.4,165.2,234.61,442.8
2025-07-01,RN-BIO-F021,E,furgoneta,2211.6,309.6,203.5,288.93,545.3
2025-08-01,RN-BIO-F021,E,furgoneta,1849.0,258.9,170.1,241.56,455.9
2025-09-01,RN-BIO-F021,E,furgoneta,1938.1,271.3,178.3,253.19,477.9
2025-10-01,RN-BIO-F021,E,furgoneta,1817.6,254.5,167.2,237.45,448.1
2025-11-01,RN-BIO-F021,E,furgoneta,1771.8,248.1,163.0,231.47,436.9
2025-12-01,RN-BIO-F021,E,furgoneta,2128.4,298.0,195.8,278.05,524.8
2024-01-01,RN-BIO-F022,E,furgoneta,1718.1,240.5,158.1,224.45,423.6
2024-02-01,RN-BIO-F022,E,furgoneta,1785.2,249.9,164.2,233.22,440.2
2024-03-01,RN-BIO-F022,E,furgoneta,2172.0,304.1,199.8,283.75,535.5
2024-04-01,RN-BIO-F022,E,furgoneta,2000.3,280.0,184.0,261.32,493.2
2024-05-01,RN-BIO-F022,E,furgoneta,2125.6,297.6,195.6,277.69,524.1
2024-06-01,RN-BIO-F022,E,furgoneta,2111.5,295.6,194.3,275.85,520.6
2024-07-01,RN-BIO-F022,E,furgoneta,2109.9,295.4,194.1,275.63,520.2
2024-08-01,RN-BIO-F022,E,furgoneta,2090.3,292.6,192.3,273.08,515.4
2024-09-01,RN-BIO-F022,E,furgoneta,1940.5,271.7,178.5,253.5,478.4
2024-10-01,RN-BIO-F022,E,furgoneta,1720.0,240.8,158.2,224.7,424.1
2024-11-01,RN-BIO-F022,E,furgoneta,2186.1,306.1,201.1,285.59,539.0
2024-12-01,RN-BIO-F022,E,furgoneta,2444.1,342.2,224.9,319.3,602.6
2025-01-01,RN-BIO-F022,E,furgoneta,1863.7,260.9,171.5,243.48,459.5
2025-02-01,RN-BIO-F022,E,furgoneta,1858.5,260.2,171.0,242.79,458.2
2025-03-01,RN-BIO-F022,E,furgoneta,2017.4,282.4,185.6,263.55,497.4
2025-04-01,RN-BIO-F022,E,furgoneta,2190.8,306.7,201.6,286.2,540.2
2025-05-01,RN-BIO-F022,E,furgoneta,1844.3,258.2,169.7,240.94,454.7
2025-06-01,RN-BIO-F022,E,furgoneta,2077.9,290.9,191.2,271.46,512.3
2025-07-01,RN-BIO-F022,E,furgoneta,1850.3,259.0,170.2,241.72,456.2
2025-08-01,RN-BIO-F022,E,furgoneta,1961.2,274.6,180.4,256.21,483.6
2025-09-01,RN-BIO-F022,E,furgoneta,2136.6,299.1,196.6,279.13,526.8
2025-10-01,RN-BIO-F022,E,furgoneta,2050.2,287.0,188.6,267.84,505.5
2025-11-01,RN-BIO-F022,E,furgoneta,1950.2,273.0,179.4,254.77,480.8
2025-12-01,RN-BIO-F022,E,furgoneta,2069.4,289.7,190.4,270.35,510.2
2024-01-01,RN-BIO-F023,E,furgoneta,1704.6,238.6,160.3,227.59,429.5
2024-02-01,RN-BIO-F023,E,furgoneta,2041.4,285.8,191.9,272.56,514.4
2024-03-01,RN-BIO-F023,E,furgoneta,2031.4,284.4,191.0,271.23,511.9
2024-04-01,RN-BIO-F023,E,furgoneta,2174.0,304.4,204.4,290.26,547.8
2024-05-01,RN-BIO-F023,E,furgoneta,1696.3,237.5,159.5,226.47,427.4
2024-06-01,RN-BIO-F023,E,furgoneta,2080.9,291.3,195.7,277.83,524.4
2024-07-01,RN-BIO-F023,E,furgoneta,2278.4,319.0,214.2,304.2,574.1
2024-08-01,RN-BIO-F023,E,furgoneta,2027.8,283.9,190.7,270.73,511.0
2024-09-01,RN-BIO-F023,E,furgoneta,2013.2,281.9,189.3,268.79,507.3
2024-10-01,RN-BIO-F023,E,furgoneta,1883.8,263.7,177.1,251.51,474.7
2024-11-01,RN-BIO-F023,E,furgoneta,2150.6,301.1,202.2,287.14,541.9
2024-12-01,RN-BIO-F023,E,furgoneta,2555.6,357.8,240.3,341.21,644.0
2025-01-01,RN-BIO-F023,E,furgoneta,1645.1,230.3,154.7,219.65,414.5
2025-02-01,RN-BIO-F023,E,furgoneta,1665.8,233.2,156.6,222.41,419.8
2025-03-01,RN-BIO-F023,E,furgoneta,1948.2,272.8,183.2,260.12,490.9
2025-04-01,RN-BIO-F023,E,furgoneta,1889.4,264.5,177.7,252.26,476.1
2025-05-01,RN-BIO-F023,E,furgoneta,1921.6,269.0,180.7,256.56,484.2
2025-06-01,RN-BIO-F023,E,furgoneta,2106.7,294.9,198.1,281.27,530.9
2025-07-01,RN-BIO-F023,E,furgoneta,2296.9,321.6,216.0,306.67,578.8
2025-08-01,RN-BIO-F023,E,furgoneta,1859.2,260.3,174.8,248.22,468.5
2025-09-01,RN-BIO-F023,E,furgoneta,1868.1,261.5,175.6,249.41,470.7
2025-10-01,RN-BIO-F023,E,furgoneta,1839.8,257.6,173.0,245.64,463.6
2025-11-01,RN-BIO-F023,E,furgoneta,2274.0,318.4,213.8,303.61,573.0
2025-12-01,RN-BIO-F023,E,furgoneta,2347.5,328.7,220.7,313.43,591.5
2024-01-01,RN-BIO-F024,E,furgoneta,1694.7,237.3,157.6,223.83,422.4
2024-02-01,RN-BIO-F024,E,furgoneta,1697.6,237.7,157.9,224.22,423.2
2024-03-01,RN-BIO-F024,E,furgoneta,1975.7,276.6,183.8,260.95,492.5
2024-04-01,RN-BIO-F024,E,furgoneta,1817.7,254.5,169.1,240.08,453.1
2024-05-01,RN-BIO-F024,E,furgoneta,1905.4,266.8,177.2,251.66,475.0
2024-06-01,RN-BIO-F024,E,furgoneta,1921.6,269.0,178.7,253.8,479.0
2024-07-01,RN-BIO-F024,E,furgoneta,2151.3,301.2,200.1,284.14,536.3
2024-08-01,RN-BIO-F024,E,furgoneta,1908.2,267.1,177.5,252.02,475.7
2024-09-01,RN-BIO-F024,E,furgoneta,2014.4,282.0,187.4,266.06,502.1
2024-10-01,RN-BIO-F024,E,furgoneta,2096.5,293.5,195.0,276.9,522.6
2024-11-01,RN-BIO-F024,E,furgoneta,2198.9,307.9,204.5,290.43,548.1
2024-12-01,RN-BIO-F024,E,furgoneta,2346.2,328.5,218.2,309.88,584.8
2025-01-01,RN-BIO-F024,E,furgoneta,1792.7,251.0,166.7,236.78,446.9
2025-02-01,RN-BIO-F024,E,furgoneta,1955.6,273.8,181.9,258.29,487.5
2025-03-01,RN-BIO-F024,E,furgoneta,1798.6,251.8,167.3,237.56,448.3
2025-04-01,RN-BIO-F024,E,furgoneta,1997.3,279.6,185.8,263.8,497.9
2025-05-01,RN-BIO-F024,E,furgoneta,2045.1,286.3,190.2,270.12,509.8
2025-06-01,RN-BIO-F024,E,furgoneta,1977.2,276.8,183.9,261.14,492.9
2025-07-01,RN-BIO-F024,E,furgoneta,2104.2,294.6,195.7,277.92,524.5
2025-08-01,RN-BIO-F024,E,furgoneta,2146.3,300.5,199.6,283.47,535.0
2025-09-01,RN-BIO-F024,E,furgoneta,2025.3,283.5,188.4,267.49,504.8
2025-10-01,RN-BIO-F024,E,furgoneta,2016.7,282.3,187.6,266.35,502.7
2025-11-01,RN-BIO-F024,E,furgoneta,1873.7,262.3,174.3,247.47,467.1
2025-12-01,RN-BIO-F024,E,furgoneta,2265.1,317.1,210.7,299.17,564.6
2024-01-01,RN-BIO-F025,E,furgoneta,1808.8,253.2,168.2,238.9,450.9
2024-02-01,RN-BIO-F025,E,furgoneta,1952.2,273.3,181.6,257.83,486.6
2024-03-01,RN-BIO-F025,E,furgoneta,1964.0,275.0,182.7,259.4,489.6
2024-04-01,RN-BIO-F025,E,furgoneta,2067.7,289.5,192.3,273.09,515.4
2024-05-01,RN-BIO-F025,E,furgoneta,1963.4,274.9,182.6,259.32,489.4
2024-06-01,RN-BIO-F025,E,furgoneta,1818.2,254.5,169.1,240.14,453.2
2024-07-01,RN-BIO-F025,E,furgoneta,2214.1,310.0,205.9,292.43,551.9
2024-08-01,RN-BIO-F025,E,furgoneta,1799.9,252.0,167.4,237.72,448.7
2024-09-01,RN-BIO-F025,E,furgoneta,1840.1,257.6,171.2,243.04,458.7
2024-10-01,RN-BIO-F025,E,furgoneta,1981.7,277.4,184.3,261.74,494.0
2024-11-01,RN-BIO-F025,E,furgoneta,2083.4,291.7,193.8,275.17,519.3
2024-12-01,RN-BIO-F025,E,furgoneta,2349.2,328.9,218.5,310.28,585.6
2025-01-01,RN-BIO-F025,E,furgoneta,1892.0,264.9,176.0,249.89,471.6
2025-02-01,RN-BIO-F025,E,furgoneta,2004.7,280.7,186.5,264.77,499.7
2025-03-01,RN-BIO-F025,E,furgoneta,1964.2,275.0,182.7,259.43,489.6
2025-04-01,RN-BIO-F025,E,furgoneta,2046.6,286.5,190.4,270.3,510.1
2025-05-01,RN-BIO-F025,E,furgoneta,1973.6,276.3,183.6,260.66,492.0
2025-06-01,RN-BIO-F025,E,furgoneta,2072.8,290.2,192.8,273.77,516.7
2025-07-01,RN-BIO-F025,E,furgoneta,2092.2,292.9,194.6,276.34,521.5
2025-08-01,RN-BIO-F025,E,furgoneta,2118.1,296.5,197.0,279.75,528.0
2025-09-01,RN-BIO-F025,E,furgoneta,2122.7,297.2,197.4,280.36,529.1
2025-10-01,RN-BIO-F025,E,furgoneta,2052.6,287.4,190.9,271.1,511.7
2025-11-01,RN-BIO-F025,E,furgoneta,2518.6,352.6,234.3,332.65,627.8
2025-12-01,RN-BIO-F025,E,furgoneta,2365.0,331.1,220.0,312.36,589.5
2024-01-01,RN-BIO-F026,E,furgoneta,1944.2,272.2,178.9,253.99,479.4
2024-02-01,RN-BIO-F026,E,furgoneta,1570.0,219.8,144.4,205.1,387.1
2024-03-01,RN-BIO-F026,E,furgoneta,1917.6,268.5,176.4,250.51,472.8
2024-04-01,RN-BIO-F026,E,furgoneta,1739.7,243.6,160.1,227.28,428.9
2024-05-01,RN-BIO-F026,E,furgoneta,2157.1,302.0,198.5,281.8,531.8
2024-06-01,RN-BIO-F026,E,furgoneta,1777.2,248.8,163.5,232.18,438.2
2024-07-01,RN-BIO-F026,E,furgoneta,2020.0,282.8,185.8,263.89,498.0
2024-08-01,RN-BIO-F026,E,furgoneta,1870.0,261.8,172.0,244.3,461.1
2024-09-01,RN-BIO-F026,E,furgoneta,2111.6,295.6,194.3,275.86,520.6
2024-10-01,RN-BIO-F026,E,furgoneta,1966.6,275.3,180.9,256.92,484.9
2024-11-01,RN-BIO-F026,E,furgoneta,2303.0,322.4,211.9,300.87,567.8
2024-12-01,RN-BIO-F026,E,furgoneta,2217.9,310.5,204.1,289.75,546.9
2025-01-01,RN-BIO-F026,E,furgoneta,1665.3,233.1,153.2,217.56,410.6
2025-02-01,RN-BIO-F026,E,furgoneta,1832.6,256.6,168.6,239.41,451.9
2025-03-01,RN-BIO-F026,E,furgoneta,1731.7,242.4,159.3,226.23,427.0
2025-04-01,RN-BIO-F026,E,furgoneta,2179.5,305.1,200.5,284.73,537.4
2025-05-01,RN-BIO-F026,E,furgoneta,1879.0,263.1,172.9,245.47,463.3
2025-06-01,RN-BIO-F026,E,furgoneta,2025.9,283.6,186.4,264.67,499.5
2025-07-01,RN-BIO-F026,E,furgoneta,2203.9,308.5,202.8,287.92,543.4
2025-08-01,RN-BIO-F026,E,furgoneta,1931.3,270.4,177.7,252.31,476.2
2025-09-01,RN-BIO-F026,E,furgoneta,2178.7,305.0,200.4,284.63,537.2
2025-10-01,RN-BIO-F026,E,furgoneta,2153.8,301.5,198.1,281.37,531.0
2025-11-01,RN-BIO-F026,E,furgoneta,2017.6,282.5,185.6,263.58,497.5
2025-12-01,RN-BIO-F026,E,furgoneta,2493.9,349.2,229.4,325.81,614.9
2024-01-01,RN-BIO-F027,E,furgoneta,1805.2,252.7,166.1,235.83,445.1
2024-02-01,RN-BIO-F027,E,furgoneta,1701.5,238.2,156.5,222.29,419.5
2024-03-01,RN-BIO-F027,E,furgoneta,2010.8,281.5,185.0,262.69,495.8
2024-04-01,RN-BIO-F027,E,furgoneta,2188.7,306.4,201.4,285.93,539.6
2024-05-01,RN-BIO-F027,E,furgoneta,2019.6,282.7,185.8,263.84,498.0
2024-06-01,RN-BIO-F027,E,furgoneta,2039.1,285.5,187.6,266.39,502.8
2024-07-01,RN-BIO-F027,E,furgoneta,1988.9,278.4,183.0,259.83,490.4
2024-08-01,RN-BIO-F027,E,furgoneta,1950.3,273.0,179.4,254.78,480.9
2024-09-01,RN-BIO-F027,E,furgoneta,1891.0,264.7,174.0,247.03,466.2
2024-10-01,RN-BIO-F027,E,furgoneta,1909.3,267.3,175.7,249.43,470.8
2024-11-01,RN-BIO-F027,E,furgoneta,1926.7,269.7,177.3,251.71,475.1
2024-12-01,RN-BIO-F027,E,furgoneta,2200.3,308.0,202.4,287.45,542.5
2025-01-01,RN-BIO-F027,E,furgoneta,1997.7,279.7,183.8,260.98,492.6
2025-02-01,RN-BIO-F027,E,furgoneta,1674.9,234.5,154.1,218.81,413.0
2025-03-01,RN-BIO-F027,E,furgoneta,1785.6,250.0,164.3,233.27,440.3
2025-04-01,RN-BIO-F027,E,furgoneta,1796.3,251.5,165.3,234.67,442.9
2025-05-01,RN-BIO-F027,E,furgoneta,1837.7,257.3,169.1,240.08,453.1
2025-06-01,RN-BIO-F027,E,furgoneta,2106.1,294.9,193.8,275.14,519.3
2025-07-01,RN-BIO-F027,E,furgoneta,2199.2,307.9,202.3,287.31,542.2
2025-08-01,RN-BIO-F027,E,furgoneta,2147.5,300.6,197.6,280.55,529.5
2025-09-01,RN-BIO-F027,E,furgoneta,2044.6,286.2,188.1,267.11,504.1
2025-10-01,RN-BIO-F027,E,furgoneta,1922.3,269.1,176.8,251.12,474.0
2025-11-01,RN-BIO-F027,E,furgoneta,2211.3,309.6,203.4,288.89,545.2
2025-12-01,RN-BIO-F027,E,furgoneta,2442.0,341.9,224.7,319.02,602.1
2024-01-01,RN-BIO-F028,E,furgoneta,1909.1,267.3,175.6,249.41,470.7
2024-02-01,RN-BIO-F028,E,furgoneta,1874.3,262.4,172.4,244.86,462.1
2024-03-01,RN-BIO-F028,E,furgoneta,1999.9,280.0,184.0,261.27,493.1
2024-04-01,RN-BIO-F028,E,furgoneta,2142.0,299.9,197.1,279.83,528.1
2024-05-01,RN-BIO-F028,E,furgoneta,2086.2,292.1,191.9,272.54,514.4
2024-06-01,RN-BIO-F028,E,furgoneta,2420.0,338.8,222.6,316.15,596.7
2024-07-01,RN-BIO-F028,E,furgoneta,1769.0,247.7,162.7,231.1,436.2
2024-08-01,RN-BIO-F028,E,furgoneta,2021.8,283.0,186.0,264.12,498.5
2024-09-01,RN-BIO-F028,E,furgoneta,1791.3,250.8,164.8,234.01,441.7
2024-10-01,RN-BIO-F028,E,furgoneta,1879.0,263.1,172.9,245.47,463.3
2024-11-01,RN-BIO-F028,E,furgoneta,2049.6,286.9,188.6,267.76,505.4
2024-12-01,RN-BIO-F028,E,furgoneta,2333.6,326.7,214.7,304.86,575.4
2025-01-01,RN-BIO-F028,E,furgoneta,1864.6,261.0,171.5,243.59,459.7
2025-02-01,RN-BIO-F028,E,furgoneta,1907.4,267.0,175.5,249.18,470.3
2025-03-01,RN-BIO-F028,E,furgoneta,1968.1,275.5,181.1,257.11,485.3
2025-04-01,RN-BIO-F028,E,furgoneta,2052.4,287.3,188.8,268.13,506.0
2025-05-01,RN-BIO-F028,E,furgoneta,1956.9,274.0,180.0,255.64,482.5
2025-06-01,RN-BIO-F028,E,furgoneta,2025.6,283.6,186.4,264.62,499.4
2025-07-01,RN-BIO-F028,E,furgoneta,2069.8,289.8,190.4,270.4,510.3
2025-08-01,RN-BIO-F028,E,furgoneta,1921.4,269.0,176.8,251.02,473.7
2025-09-01,RN-BIO-F028,E,furgoneta,2079.2,291.1,191.3,271.63,512.7
2025-10-01,RN-BIO-F028,E,furgoneta,1896.1,265.5,174.4,247.71,467.5
2025-11-01,RN-BIO-F028,E,furgoneta,2324.0,325.4,213.8,303.61,573.0
2025-12-01,RN-BIO-F028,E,furgoneta,2481.7,347.4,228.3,324.21,611.9
2024-01-01,RN-BIO-F029,E,furgoneta,1828.0,255.9,168.2,238.8,450.7
2024-02-01,RN-BIO-F029,E,furgoneta,1833.5,256.7,168.7,239.53,452.1
2024-03-01,RN-BIO-F029,E,furgoneta,2002.6,280.4,184.2,261.62,493.8
2024-04-01,RN-BIO-F029,E,furgoneta,1969.5,275.7,181.2,257.29,485.6
2024-05-01,RN-BIO-F029,E,furgoneta,1832.1,256.5,168.6,239.34,451.7
2024-06-01,RN-BIO-F029,E,furgoneta,1822.3,255.1,167.7,238.07,449.3
2024-07-01,RN-BIO-F029,E,furgoneta,2129.9,298.2,195.9,278.25,525.1
2024-08-01,RN-BIO-F029,E,furgoneta,1972.5,276.2,181.5,257.69,486.4
2024-09-01,RN-BIO-F029,E,furgoneta,1902.3,266.3,175.0,248.52,469.0
2024-10-01,RN-BIO-F029,E,furgoneta,1879.4,263.1,172.9,245.53,463.4
2024-11-01,RN-BIO-F029,E,furgoneta,1902.1,266.3,175.0,248.5,469.0
2024-12-01,RN-BIO-F029,E,furgoneta,2618.5,366.6,240.9,342.07,645.6
2025-01-01,RN-BIO-F029,E,furgoneta,1720.1,240.8,158.3,224.72,424.1
2025-02-01,RN-BIO-F029,E,furgoneta,1877.5,262.8,172.7,245.27,462.9
2025-03-01,RN-BIO-F029,E,furgoneta,1941.0,271.7,178.6,253.57,478.6
2025-04-01,RN-BIO-F029,E,furgoneta,1851.1,259.2,170.3,241.83,456.4
2025-05-01,RN-BIO-F029,E,furgoneta,2003.4,280.5,184.3,261.72,494.0
2025-06-01,RN-BIO-F029,E,furgoneta,2124.2,297.4,195.4,277.51,523.8
2025-07-01,RN-BIO-F029,E,furgoneta,2030.9,284.3,186.8,265.31,500.7
2025-08-01,RN-BIO-F029,E,furgoneta,1852.4,259.3,170.4,242.0,456.7
2025-09-01,RN-BIO-F029,E,furgoneta,2374.4,332.4,218.4,310.19,585.4
2025-10-01,RN-BIO-F029,E,furgoneta,1891.6,264.8,174.0,247.12,466.4
2025-11-01,RN-BIO-F029,E,furgoneta,1980.2,277.2,182.2,258.7,488.2
2025-12-01,RN-BIO-F029,E,furgoneta,2498.6,349.8,229.9,326.42,616.1
2024-01-01,RN-BIO-F030,E,furgoneta,1895.5,265.4,174.4,247.63,467.4
2024-02-01,RN-BIO-F030,E,furgoneta,1770.4,247.9,162.9,231.29,436.5
2024-03-01,RN-BIO-F030,E,furgoneta,2062.0,288.7,189.7,269.38,508.4
2024-04-01,RN-BIO-F030,E,furgoneta,2049.9,287.0,188.6,267.8,505.4
2024-05-01,RN-BIO-F030,E,furgoneta,2153.5,301.5,198.1,281.33,531.0
2024-06-01,RN-BIO-F030,E,furgoneta,1907.8,267.1,175.5,249.24,470.4
2024-07-01,RN-BIO-F030,E,furgoneta,2069.1,289.7,190.4,270.31,510.2
2024-08-01,RN-BIO-F030,E,furgoneta,1971.2,276.0,181.4,257.52,486.0
2024-09-01,RN-BIO-F030,E,furgoneta,2047.8,286.7,188.4,267.53,504.9
2024-10-01,RN-BIO-F030,E,furgoneta,2228.2,311.9,205.0,291.09,549.4
2024-11-01,RN-BIO-F030,E,furgoneta,2136.8,299.1,196.6,279.15,526.8
2024-12-01,RN-BIO-F030,E,furgoneta,2446.4,342.5,225.1,319.59,603.2
2025-01-01,RN-BIO-F030,E,furgoneta,2063.0,288.8,189.8,269.51,508.6
2025-02-01,RN-BIO-F030,E,furgoneta,1754.3,245.6,161.4,229.18,432.5
2025-03-01,RN-BIO-F030,E,furgoneta,2016.5,282.3,185.5,263.44,497.2
2025-04-01,RN-BIO-F030,E,furgoneta,1953.1,273.4,179.7,255.15,481.6
2025-05-01,RN-BIO-F030,E,furgoneta,1982.6,277.6,182.4,259.01,488.8
2025-06-01,RN-BIO-F030,E,furgoneta,2240.6,313.7,206.1,292.72,552.5
2025-07-01,RN-BIO-F030,E,furgoneta,2175.6,304.6,200.2,284.22,536.4
2025-08-01,RN-BIO-F030,E,furgoneta,1738.4,243.4,159.9,227.1,428.6
2025-09-01,RN-BIO-F030,E,furgoneta,2209.9,309.4,203.3,288.7,544.9
2025-10-01,RN-BIO-F030,E,furgoneta,1919.4,268.7,176.6,250.75,473.3
2025-11-01,RN-BIO-F030,E,furgoneta,2012.6,281.8,185.2,262.92,496.2
2025-12-01,RN-BIO-F030,E,furgoneta,2399.3,335.9,220.7,313.44,591.6
2024-01-01,RN-BIO-F031,E,furgoneta,1810.8,253.5,166.6,236.57,446.5
2024-02-01,RN-BIO-F031,E,furgoneta,1628.5,228.0,149.8,212.75,401.5
2024-03-01,RN-BIO-F031,E,furgoneta,1934.2,270.8,177.9,252.69,476.9
2024-04-01,RN-BIO-F031,E,furgoneta,2224.1,311.4,204.6,290.55,548.4
2024-05-01,RN-BIO-F031,E,furgoneta,2063.8,288.9,189.9,269.61,508.8
2024-06-01,RN-BIO-F031,E,furgoneta,2103.2,294.5,193.5,274.77,518.6
2024-07-01,RN-BIO-F031,E,furgoneta,2055.9,287.8,189.1,268.58,506.9
2024-08-01,RN-BIO-F031,E,furgoneta,1863.8,260.9,171.5,243.48,459.5
2024-09-01,RN-BIO-F031,E,furgoneta,1949.3,272.9,179.3,254.66,480.6
2024-10-01,RN-BIO-F031,E,furgoneta,1952.7,273.4,179.7,255.11,481.5
2024-11-01,RN-BIO-F031,E,furgoneta,1850.0,259.0,170.2,241.68,456.1
2024-12-01,RN-BIO-F031,E,furgoneta,2572.6,360.2,236.7,336.08,634.3
2025-01-01,RN-BIO-F031,E,furgoneta,1902.6,266.4,175.0,248.55,469.1
2025-02-01,RN-BIO-F031,E,furgoneta,1648.0,230.7,151.6,215.3,406.3
2025-03-01,RN-BIO-F031,E,furgoneta,2028.4,284.0,186.6,264.99,500.1
2025-04-01,RN-BIO-F031,E,furgoneta,1930.7,270.3,177.6,252.23,476.0
2025-05-01,RN-BIO-F031,E,furgoneta,1743.4,244.1,160.4,227.75,429.8
2025-06-01,RN-BIO-F031,E,furgoneta,2016.5,282.3,185.5,263.44,497.2
2025-07-01,RN-BIO-F031,E,furgoneta,1997.0,279.6,183.7,260.88,492.4
2025-08-01,RN-BIO-F031,E,furgoneta,1743.7,244.1,160.4,227.79,429.9
2025-09-01,RN-BIO-F031,E,furgoneta,1970.7,275.9,181.3,257.46,485.9
2025-10-01,RN-BIO-F031,E,furgoneta,1904.3,266.6,175.2,248.77,469.5
2025-11-01,RN-BIO-F031,E,furgoneta,2188.0,306.3,201.3,285.84,539.5
2025-12-01,RN-BIO-F031,E,furgoneta,2601.5,364.2,239.3,339.85,641.4
2024-01-01,RN-BIO-F032,E,furgoneta,1823.3,255.3,167.7,238.2,449.6
2024-02-01,RN-BIO-F032,E,furgoneta,1678.5,235.0,154.4,219.28,413.9
2024-03-01,RN-BIO-F032,E,furgoneta,1777.2,248.8,163.5,232.17,438.2
2024-04-01,RN-BIO-F032,E,furgoneta,2202.4,308.3,202.6,287.72,543.0
2024-05-01,RN-BIO-F032,E,furgoneta,2023.5,283.3,186.2,264.35,498.9
2024-06-01,RN-BIO-F032,E,furgoneta,1748.9,244.8,160.9,228.48,431.2
2024-07-01,RN-BIO-F032,E,furgoneta,2160.2,302.4,198.7,282.2,532.6
2024-08-01,RN-BIO-F032,E,furgoneta,2306.4,322.9,212.2,301.31,568.7
2024-09-01,RN-BIO-F032,E,furgoneta,1828.4,256.0,168.2,238.87,450.8
2024-10-01,RN-BIO-F032,E,furgoneta,1811.9,253.7,166.7,236.7,446.7
2024-11-01,RN-BIO-F032,E,furgoneta,1952.9,273.4,179.7,255.13,481.5
2024-12-01,RN-BIO-F032,E,furgoneta,2439.8,341.6,224.5,318.73,601.6
2025-01-01,RN-BIO-F032,E,furgoneta,1866.1,261.3,171.7,243.79,460.1
2025-02-01,RN-BIO-F032,E,furgoneta,1705.1,238.7,156.9,222.76,420.4
2025-03-01,RN-BIO-F032,E,furgoneta,1978.8,277.0,182.0,258.51,487.9
2025-04-01,RN-BIO-F032,E,furgoneta,1910.9,267.5,175.8,249.64,471.2
2025-05-01,RN-BIO-F032,E,furgoneta,1990.0,278.6,183.1,259.97,490.6
2025-06-01,RN-BIO-F032,E,furgoneta,1953.9,273.5,179.8,255.26,481.8
2025-07-01,RN-BIO-F032,E,furgoneta,2160.0,302.4,198.7,282.18,532.6
2025-08-01,RN-BIO-F032,E,furgoneta,2185.6,306.0,201.1,285.52,538.9
2025-09-01,RN-BIO-F032,E,furgoneta,1722.8,241.2,158.5,225.06,424.8
2025-10-01,RN-BIO-F032,E,furgoneta,2011.5,281.6,185.1,262.78,496.0
2025-11-01,RN-BIO-F032,E,furgoneta,1936.4,271.1,178.1,252.97,477.4
2025-12-01,RN-BIO-F032,E,furgoneta,2260.9,316.5,208.0,295.37,557.5
2024-01-01,RN-BIO-R001,E,rigido,3040.0,425.6,790.4,1122.38,2118.3
2024-02-01,RN-BIO-R001,E,rigido,3335.7,467.0,867.3,1231.55,2324.3
2024-03-01,RN-BIO-R001,E,rigido,3496.0,489.4,909.0,1290.73,2436.0
2024-04-01,RN-BIO-R001,E,rigido,3408.0,477.1,886.1,1258.22,2374.7
2024-05-01,RN-BIO-R001,E,rigido,4173.7,584.3,1085.2,1540.94,2908.3
2024-06-01,RN-BIO-R001,E,rigido,3568.9,499.6,927.9,1317.63,2486.8
2024-07-01,RN-BIO-R001,E,rigido,3911.7,547.6,1017.0,1444.21,2725.7
2024-08-01,RN-BIO-R001,E,rigido,3821.9,535.1,993.7,1411.03,2663.1
2024-09-01,RN-BIO-R001,E,rigido,3883.1,543.6,1009.6,1433.64,2705.7
2024-10-01,RN-BIO-R001,E,rigido,3666.1,513.3,953.2,1353.53,2554.6
2024-11-01,RN-BIO-R001,E,rigido,3915.4,548.2,1018.0,1445.58,2728.3
2024-12-01,RN-BIO-R001,E,rigido,4426.2,619.7,1150.8,1634.16,3084.2
2025-01-01,RN-BIO-R001,E,rigido,3564.0,499.0,926.6,1315.84,2483.4
2025-02-01,RN-BIO-R001,E,rigido,3322.8,465.2,863.9,1226.78,2315.3
2025-03-01,RN-BIO-R001,E,rigido,3582.4,501.5,931.4,1322.62,2496.2
2025-04-01,RN-BIO-R001,E,rigido,3747.8,524.7,974.4,1383.69,2611.5
2025-05-01,RN-BIO-R001,E,rigido,3795.8,531.4,986.9,1401.4,2644.9
2025-06-01,RN-BIO-R001,E,rigido,3929.9,550.2,1021.8,1450.92,2738.4
2025-07-01,RN-BIO-R001,E,rigido,3946.0,552.4,1026.0,1456.88,2749.6
2025-08-01,RN-BIO-R001,E,rigido,3093.8,433.1,804.4,1142.23,2155.8
2025-09-01,RN-BIO-R001,E,rigido,3777.3,528.8,982.1,1394.58,2632.0
2025-10-01,RN-BIO-R001,E,rigido,3259.8,456.4,847.5,1203.51,2271.4
2025-11-01,RN-BIO-R001,E,rigido,4196.5,587.5,1091.1,1549.36,2924.1
2025-12-01,RN-BIO-R001,E,rigido,4600.0,644.0,1196.0,1698.33,3205.3
2024-01-01,RN-BIO-R002,E,rigido,3649.1,510.9,959.2,1362.09,2570.7
2024-02-01,RN-BIO-R002,E,rigido,3559.2,498.3,935.6,1328.52,2507.3
2024-03-01,RN-BIO-R002,E,rigido,3541.6,495.8,930.9,1321.93,2494.9
2024-04-01,RN-BIO-R002,E,rigido,3828.2,536.0,1006.3,1428.93,2696.9
2024-05-01,RN-BIO-R002,E,rigido,3364.7,471.1,884.5,1255.93,2370.3
2024-06-01,RN-BIO-R002,E,rigido,3263.4,456.9,857.8,1218.1,2299.0
2024-07-01,RN-BIO-R002,E,rigido,3544.6,496.3,931.7,1323.08,2497.1
2024-08-01,RN-BIO-R002,E,rigido,3462.9,484.8,910.3,1292.58,2439.5
2024-09-01,RN-BIO-R002,E,rigido,3835.4,537.0,1008.2,1431.61,2701.9
2024-10-01,RN-BIO-R002,E,rigido,3573.8,500.3,939.4,1333.96,2517.6
2024-11-01,RN-BIO-R002,E,rigido,4012.6,561.8,1054.7,1497.74,2826.7
2024-12-01,RN-BIO-R002,E,rigido,4557.8,638.1,1198.1,1701.25,3210.8
2025-01-01,RN-BIO-R002,E,rigido,3753.4,525.5,986.6,1400.98,2644.1
2025-02-01,RN-BIO-R002,E,rigido,3474.5,486.4,913.3,1296.89,2447.7
2025-03-01,RN-BIO-R002,E,rigido,3352.9,469.4,881.3,1251.49,2362.0
2025-04-01,RN-BIO-R002,E,rigido,3971.8,556.1,1044.0,1482.54,2798.0
2025-05-01,RN-BIO-R002,E,rigido,3626.0,507.6,953.1,1353.43,2554.4
2025-06-01,RN-BIO-R002,E,rigido,3125.5,437.6,821.6,1166.62,2201.8
2025-07-01,RN-BIO-R002,E,rigido,3896.5,545.5,1024.2,1454.41,2744.9
2025-08-01,RN-BIO-R002,E,rigido,3790.2,530.6,996.3,1414.75,2670.1
2025-09-01,RN-BIO-R002,E,rigido,3967.5,555.5,1042.9,1480.93,2795.0
2025-10-01,RN-BIO-R002,E,rigido,3524.0,493.4,926.3,1315.39,2482.6
2025-11-01,RN-BIO-R002,E,rigido,3506.6,490.9,921.8,1308.89,2470.3
2025-12-01,RN-BIO-R002,E,rigido,3826.8,535.8,1005.9,1428.39,2695.8
2024-01-01,RN-BIO-R003,E,rigido,3413.4,477.9,887.5,1260.24,2378.5
2024-02-01,RN-BIO-R003,E,rigido,3580.2,501.2,930.9,1321.82,2494.7
2024-03-01,RN-BIO-R003,E,rigido,3951.3,553.2,1027.3,1458.83,2753.3
2024-04-01,RN-BIO-R003,E,rigido,4236.1,593.1,1101.4,1563.99,2951.7
2024-05-01,RN-BIO-R003,E,rigido,4106.1,574.9,1067.6,1515.99,2861.2
2024-06-01,RN-BIO-R003,E,rigido,3431.4,480.4,892.2,1266.89,2391.0
2024-07-01,RN-BIO-R003,E,rigido,3341.2,467.8,868.7,1233.57,2328.2
2024-08-01,RN-BIO-R003,E,rigido,3678.1,514.9,956.3,1357.95,2562.9
2024-09-01,RN-BIO-R003,E,rigido,4154.3,581.6,1080.1,1533.77,2894.7
2024-10-01,RN-BIO-R003,E,rigido,3760.6,526.5,977.8,1388.43,2620.4
2024-11-01,RN-BIO-R003,E,rigido,3932.2,550.5,1022.4,1451.77,2740.0
2024-12-01,RN-BIO-R003,E,rigido,4697.4,657.6,1221.3,1734.28,3273.1
2025-01-01,RN-BIO-R003,E,rigido,3543.7,496.1,921.4,1308.34,2469.3
2025-02-01,RN-BIO-R003,E,rigido,3751.2,525.2,975.3,1384.95,2613.9
2025-03-01,RN-BIO-R003,E,rigido,3173.5,444.3,825.1,1171.67,2211.3
2025-04-01,RN-BIO-R003,E,rigido,4028.7,564.0,1047.5,1487.38,2807.2
2025-05-01,RN-BIO-R003,E,rigido,3761.7,526.6,978.0,1388.82,2621.2
2025-06-01,RN-BIO-R003,E,rigido,4440.9,621.7,1154.6,1639.57,3094.4
2025-07-01,RN-BIO-R003,E,rigido,3519.6,492.7,915.1,1299.44,2452.5
2025-08-01,RN-BIO-R003,E,rigido,3501.9,490.3,910.5,1292.91,2440.1
2025-09-01,RN-BIO-R003,E,rigido,3422.6,479.2,889.9,1263.63,2384.9
2025-10-01,RN-BIO-R003,E,rigido,3778.6,529.0,982.4,1395.07,2633.0
2025-11-01,RN-BIO-R003,E,rigido,3899.1,545.9,1013.8,1439.54,2716.9
2025-12-01,RN-BIO-R003,E,rigido,4977.5,696.8,1294.1,1837.68,3468.3
2024-01-01,RN-BIO-R004,E,rigido,3654.6,511.7,950.2,1349.3,2546.6
2024-02-01,RN-BIO-R004,E,rigido,3780.0,529.2,982.8,1395.59,2633.9
2024-03-01,RN-BIO-R004,E,rigido,3852.7,539.4,1001.7,1422.43,2684.6
2024-04-01,RN-BIO-R004,E,rigido,3805.2,532.7,989.4,1404.88,2651.5
2024-05-01,RN-BIO-R004,E,rigido,3875.2,542.5,1007.6,1430.72,2700.2
2024-06-01,RN-BIO-R004,E,rigido,3985.5,558.0,1036.2,1471.43,2777.1
2024-07-01,RN-BIO-R004,E,rigido,3973.4,556.3,1033.1,1466.97,2768.7
2024-08-01,RN-BIO-R004,E,rigido,3243.8,454.1,843.4,1197.62,2260.3
2024-09-01,RN-BIO-R004,E,rigido,4102.6,574.4,1066.7,1514.68,2858.7
2024-10-01,RN-BIO-R004,E,rigido,3738.1,523.3,971.9,1380.1,2604.7
2024-11-01,RN-BIO-R004,E,rigido,3541.1,495.7,920.7,1307.36,2467.4
2024-12-01,RN-BIO-R004,E,rigido,4678.2,655.0,1216.3,1727.21,3259.8
2025-01-01,RN-BIO-R004,E,rigido,3754.7,525.7,976.2,1386.25,2616.3
2025-02-01,RN-BIO-R004,E,rigido,3346.7,468.5,870.1,1235.58,2331.9
2025-03-01,RN-BIO-R004,E,rigido,3699.9,518.0,962.0,1366.01,2578.1
2025-04-01,RN-BIO-R004,E,rigido,3635.0,508.9,945.1,1342.03,2532.8
2025-05-01,RN-BIO-R004,E,rigido,3877.8,542.9,1008.2,1431.68,2702.0
2025-06-01,RN-BIO-R004,E,rigido,3742.8,524.0,973.1,1381.84,2608.0
2025-07-01,RN-BIO-R004,E,rigido,3946.3,552.5,1026.0,1456.97,2749.8
2025-08-01,RN-BIO-R004,E,rigido,3352.3,469.3,871.6,1237.66,2335.9
2025-09-01,RN-BIO-R004,E,rigido,3542.3,495.9,921.0,1307.83,2468.3
2025-10-01,RN-BIO-R004,E,rigido,3223.6,451.3,838.1,1190.16,2246.2
2025-11-01,RN-BIO-R004,E,rigido,3239.4,453.5,842.2,1195.97,2257.2
2025-12-01,RN-BIO-R004,E,rigido,4236.6,593.1,1101.5,1564.16,2952.1
2024-01-01,RN-BIO-R005,E,rigido,3529.0,494.1,917.5,1302.92,2459.0
2024-02-01,RN-BIO-R005,E,rigido,3355.9,469.8,872.5,1238.98,2338.4
2024-03-01,RN-BIO-R005,E,rigido,4130.2,578.2,1073.8,1524.86,2877.9
2024-04-01,RN-BIO-R005,E,rigido,3869.5,541.7,1006.1,1428.62,2696.3
2024-05-01,RN-BIO-R005,E,rigido,3796.4,531.5,987.1,1401.62,2645.3
2024-06-01,RN-BIO-R005,E,rigido,3241.0,453.7,842.7,1196.57,2258.3
2024-07-01,RN-BIO-R005,E,rigido,3927.3,549.8,1021.1,1449.95,2736.5
2024-08-01,RN-BIO-R005,E,rigido,3629.8,508.2,943.8,1340.13,2529.3
2024-09-01,RN-BIO-R005,E,rigido,3775.0,528.5,981.5,1393.72,2630.4
2024-10-01,RN-BIO-R005,E,rigido,3990.1,558.6,1037.4,1473.14,2780.3
2024-11-01,RN-BIO-R005,E,rigido,4177.4,584.8,1086.1,1542.28,2910.8
2024-12-01,RN-BIO-R005,E,rigido,4660.2,652.4,1211.6,1720.54,3247.2
2025-01-01,RN-BIO-R005,E,rigido,3423.4,479.3,890.1,1263.94,2385.5
2025-02-01,RN-BIO-R005,E,rigido,3410.3,477.4,886.7,1259.08,2376.3
2025-03-01,RN-BIO-R005,E,rigido,3571.9,500.1,928.7,1318.74,2488.9
2025-04-01,RN-BIO-R005,E,rigido,3432.8,480.6,892.5,1267.38,2391.9
2025-05-01,RN-BIO-R005,E,rigido,4095.5,573.4,1064.8,1512.07,2853.8
2025-06-01,RN-BIO-R005,E,rigido,3684.5,515.8,958.0,1360.33,2567.4
2025-07-01,RN-BIO-R005,E,rigido,4296.3,601.5,1117.0,1586.18,2993.6
2025-08-01,RN-BIO-R005,E,rigido,3569.6,499.7,928.1,1317.91,2487.3
2025-09-01,RN-BIO-R005,E,rigido,4072.6,570.2,1058.9,1503.6,2837.8
2025-10-01,RN-BIO-R005,E,rigido,3686.5,516.1,958.5,1361.06,2568.8
2025-11-01,RN-BIO-R005,E,rigido,4268.9,597.6,1109.9,1576.06,2974.5
2025-12-01,RN-BIO-R005,E,rigido,4425.9,619.6,1150.7,1634.04,3084.0
2024-01-01,RN-BIO-R006,E,rigido,3608.8,505.2,958.9,1361.69,2569.9
2024-02-01,RN-BIO-R006,E,rigido,3245.5,454.4,862.4,1224.58,2311.2
2024-03-01,RN-BIO-R006,E,rigido,3944.0,552.2,1048.0,1488.17,2808.7
2024-04-01,RN-BIO-R006,E,rigido,3807.9,533.1,1011.8,1436.82,2711.7
2024-05-01,RN-BIO-R006,E,rigido,4008.3,561.2,1065.1,1512.42,2854.4
2024-06-01,RN-BIO-R006,E,rigido,3915.8,548.2,1040.5,1477.54,2788.6
2024-07-01,RN-BIO-R006,E,rigido,3822.4,535.1,1015.7,1442.27,2722.0
2024-08-01,RN-BIO-R006,E,rigido,3687.8,516.3,979.9,1391.49,2626.2
2024-09-01,RN-BIO-R006,E,rigido,3677.1,514.8,977.1,1387.44,2618.6
2024-10-01,RN-BIO-R006,E,rigido,3962.3,554.7,1052.9,1495.08,2821.7
2024-11-01,RN-BIO-R006,E,rigido,4309.5,603.3,1145.1,1626.07,3068.9
2024-12-01,RN-BIO-R006,E,rigido,4089.1,572.5,1086.6,1542.92,2912.0
2025-01-01,RN-BIO-R006,E,rigido,2992.3,418.9,795.1,1129.06,2130.9
2025-02-01,RN-BIO-R006,E,rigido,3701.2,518.2,983.5,1396.54,2635.7
2025-03-01,RN-BIO-R006,E,rigido,3804.1,532.6,1010.8,1435.37,2709.0
2025-04-01,RN-BIO-R006,E,rigido,3881.0,543.3,1031.2,1464.37,2763.7
2025-05-01,RN-BIO-R006,E,rigido,3537.6,495.3,940.0,1334.8,2519.2
2025-06-01,RN-BIO-R006,E,rigido,3205.7,448.8,851.8,1209.6,2282.9
2025-07-01,RN-BIO-R006,E,rigido,4025.8,563.6,1069.7,1519.02,2866.9
2025-08-01,RN-BIO-R006,E,rigido,3446.2,482.5,915.7,1300.31,2454.1
2025-09-01,RN-BIO-R006,E,rigido,3841.8,537.9,1020.8,1449.6,2735.9
2025-10-01,RN-BIO-R006,E,rigido,3463.9,484.9,920.4,1307.01,2466.8
2025-11-01,RN-BIO-R006,E,rigido,4129.4,578.1,1097.3,1558.12,2940.7
2025-12-01,RN-BIO-R006,E,rigido,4760.2,666.4,1264.9,1796.15,3389.9
2024-01-01,RN-BIO-R007,E,rigido,3103.0,434.4,806.8,1145.64,2162.2
2024-02-01,RN-BIO-R007,E,rigido,3540.4,495.7,920.5,1307.12,2467.0
2024-03-01,RN-BIO-R007,E,rigido,3983.7,557.7,1035.8,1470.77,2775.8
2024-04-01,RN-BIO-R007,E,rigido,3738.3,523.4,972.0,1380.18,2604.8
2024-05-01,RN-BIO-R007,E,rigido,4018.6,562.6,1044.8,1483.66,2800.1
2024-06-01,RN-BIO-R007,E,rigido,3314.0,464.0,861.6,1223.51,2309.2
2024-07-01,RN-BIO-R007,E,rigido,3432.2,480.5,892.4,1267.18,2391.6
2024-08-01,RN-BIO-R007,E,rigido,3990.6,558.7,1037.6,1473.34,2780.7
2024-09-01,RN-BIO-R007,E,rigido,3853.7,539.5,1002.0,1422.79,2685.3
2024-10-01,RN-BIO-R007,E,rigido,3783.5,529.7,983.7,1396.87,2636.4
2024-11-01,RN-BIO-R007,E,rigido,3905.7,546.8,1015.5,1441.98,2721.5
2024-12-01,RN-BIO-R007,E,rigido,4045.3,566.3,1051.8,1493.54,2818.8
2025-01-01,RN-BIO-R007,E,rigido,3402.0,476.3,884.5,1256.02,2370.5
2025-02-01,RN-BIO-R007,E,rigido,3188.7,446.4,829.1,1177.28,2221.9
2025-03-01,RN-BIO-R007,E,rigido,3905.0,546.7,1015.3,1441.74,2721.0
2025-04-01,RN-BIO-R007,E,rigido,3790.4,530.6,985.5,1399.4,2641.1
2025-05-01,RN-BIO-R007,E,rigido,4089.6,572.5,1063.3,1509.89,2849.7
2025-06-01,RN-BIO-R007,E,rigido,3931.9,550.5,1022.3,1451.67,2739.8
2025-07-01,RN-BIO-R007,E,rigido,4261.1,596.5,1107.9,1573.18,2969.1
2025-08-01,RN-BIO-R007,E,rigido,3493.8,489.1,908.4,1289.92,2434.5
2025-09-01,RN-BIO-R007,E,rigido,3737.9,523.3,971.9,1380.05,2604.6
2025-10-01,RN-BIO-R007,E,rigido,3118.8,436.6,810.9,1151.48,2173.2
2025-11-01,RN-BIO-R007,E,rigido,4200.9,588.1,1092.2,1550.97,2927.2
2025-12-01,RN-BIO-R007,E,rigido,4751.3,665.2,1235.3,1754.17,3310.7
2024-01-01,RN-BIO-R008,E,rigido,2785.9,390.0,732.3,1039.89,1962.6
2024-02-01,RN-BIO-R008,E,rigido,3577.2,500.8,940.3,1335.24,2520.0
2024-03-01,RN-BIO-R008,E,rigido,3953.3,553.5,1039.2,1475.62,2785.0
2024-04-01,RN-BIO-R008,E,rigido,3622.7,507.2,952.3,1352.23,2552.1
2024-05-01,RN-BIO-R008,E,rigido,3859.5,540.3,1014.5,1440.6,2718.9
2024-06-01,RN-BIO-R008,E,rigido,3555.8,497.8,934.7,1327.23,2504.9
2024-07-01,RN-BIO-R008,E,rigido,3953.1,553.4,1039.1,1475.53,2784.8
2024-08-01,RN-BIO-R008,E,rigido,3549.8,497.0,933.1,1325.02,2500.7
2024-09-01,RN-BIO-R008,E,rigido,3834.4,536.8,1007.9,1431.22,2701.2
2024-10-01,RN-BIO-R008,E,rigido,3396.7,475.5,892.9,1267.87,2392.9
2024-11-01,RN-BIO-R008,E,rigido,3462.6,484.8,910.2,1292.46,2439.3
2024-12-01,RN-BIO-R008,E,rigido,4798.0,671.7,1261.2,1790.92,3380.0
2025-01-01,RN-BIO-R008,E,rigido,3184.0,445.8,837.0,1188.47,2243.0
2025-02-01,RN-BIO-R008,E,rigido,3474.4,486.4,913.3,1296.86,2447.6
2025-03-01,RN-BIO-R008,E,rigido,3569.0,499.7,938.2,1332.19,2514.3
2025-04-01,RN-BIO-R008,E,rigido,4132.2,578.5,1086.2,1542.37,2911.0
2025-05-01,RN-BIO-R008,E,rigido,3573.2,500.2,939.2,1333.73,2517.2
2025-06-01,RN-BIO-R008,E,rigido,3723.1,521.2,978.7,1389.69,2622.8
2025-07-01,RN-BIO-R008,E,rigido,3785.6,530.0,995.1,1413.01,2666.8
2025-08-01,RN-BIO-R008,E,rigido,3617.5,506.4,950.9,1350.26,2548.4
2025-09-01,RN-BIO-R008,E,rigido,3689.7,516.6,969.9,1377.22,2599.3
2025-10-01,RN-BIO-R008,E,rigido,3964.3,555.0,1042.1,1479.74,2792.7
2025-11-01,RN-BIO-R008,E,rigido,4119.6,576.7,1082.9,1537.68,2902.1
2025-12-01,RN-BIO-R008,E,rigido,4419.9,618.8,1161.8,1649.78,3113.7
2024-01-01,RN-BIO-R009,E,rigido,2975.5,416.6,782.1,1110.63,2096.1
2024-02-01,RN-BIO-R009,E,rigido,3216.0,450.2,845.4,1200.4,2265.6
2024-03-01,RN-BIO-R009,E,rigido,3810.3,533.4,1001.6,1422.23,2684.2
2024-04-01,RN-BIO-R009,E,rigido,4198.1,587.7,1103.5,1566.98,2957.4
2024-05-01,RN-BIO-R009,E,rigido,3550.1,497.0,933.2,1325.1,2500.9
2024-06-01,RN-BIO-R009,E,rigido,3364.6,471.0,884.4,1255.88,2370.2
2024-07-01,RN-BIO-R009,E,rigido,3863.4,540.9,1015.5,1442.04,2721.6
2024-08-01,RN-BIO-R009,E,rigido,3587.5,502.2,943.0,1339.07,2527.3
2024-09-01,RN-BIO-R009,E,rigido,4050.3,567.0,1064.7,1511.84,2853.3
2024-10-01,RN-BIO-R009,E,rigido,3670.1,513.8,964.7,1369.91,2585.5
2024-11-01,RN-BIO-R009,E,rigido,3604.4,504.6,947.5,1345.38,2539.2
2024-12-01,RN-BIO-R009,E,rigido,4957.1,694.0,1303.0,1850.31,3492.1
2025-01-01,RN-BIO-R009,E,rigido,3379.9,473.2,888.4,1261.57,2381.0
2025-02-01,RN-BIO-R009,E,rigido,3498.9,489.8,919.7,1306.0,2464.9
2025-03-01,RN-BIO-R009,E,rigido,3611.8,505.7,949.4,1348.14,2544.4
2025-04-01,RN-BIO-R009,E,rigido,3944.7,552.3,1036.9,1472.4,2778.9
2025-05-01,RN-BIO-R009,E,rigido,3827.1,535.8,1006.0,1428.51,2696.1
2025-06-01,RN-BIO-R009,E,rigido,3391.2,474.8,891.4,1265.8,2389.0
2025-07-01,RN-BIO-R009,E,rigido,3916.1,548.2,1029.4,1461.71,2758.7
2025-08-01,RN-BIO-R009,E,rigido,3708.7,519.2,974.9,1384.31,2612.6
2025-09-01,RN-BIO-R009,E,rigido,3762.6,526.8,989.0,1404.43,2650.6
2025-10-01,RN-BIO-R009,E,rigido,3024.4,423.4,795.0,1128.88,2130.6
2025-11-01,RN-BIO-R009,E,rigido,3789.4,530.5,996.1,1414.44,2669.5
2025-12-01,RN-BIO-R009,E,rigido,4485.4,628.0,1179.0,1674.22,3159.8
2024-01-01,RN-BIO-R010,E,rigido,3609.3,505.3,948.7,1347.22,2542.6
2024-02-01,RN-BIO-R010,E,rigido,3443.9,482.2,905.3,1285.49,2426.1
2024-03-01,RN-BIO-R010,E,rigido,3859.5,540.3,1014.5,1440.61,2718.9
2024-04-01,RN-BIO-R010,E,rigido,3573.2,500.3,939.3,1333.76,2517.2
2024-05-01,RN-BIO-R010,E,rigido,3563.8,498.9,936.8,1330.24,2510.6
2024-06-01,RN-BIO-R010,E,rigido,3777.7,528.9,993.0,1410.08,2661.3
2024-07-01,RN-BIO-R010,E,rigido,3892.0,544.9,1023.1,1452.74,2741.8
2024-08-01,RN-BIO-R010,E,rigido,3788.9,530.4,995.9,1414.24,2669.1
2024-09-01,RN-BIO-R010,E,rigido,4225.6,591.6,1110.7,1577.26,2976.8
2024-10-01,RN-BIO-R010,E,rigido,3847.5,538.7,1011.4,1436.14,2710.5
2024-11-01,RN-BIO-R010,E,rigido,3428.7,480.0,901.3,1279.81,2415.4
2024-12-01,RN-BIO-R010,E,rigido,4530.1,634.2,1190.8,1690.91,3191.3
2025-01-01,RN-BIO-R010,E,rigido,3564.5,499.0,937.0,1330.48,2511.0
2025-02-01,RN-BIO-R010,E,rigido,3039.6,425.5,799.0,1134.57,2141.3
2025-03-01,RN-BIO-R010,E,rigido,3695.2,517.3,971.3,1379.26,2603.1
2025-04-01,RN-BIO-R010,E,rigido,3761.4,526.6,988.7,1403.98,2649.8
2025-05-01,RN-BIO-R010,E,rigido,3942.6,552.0,1036.3,1471.61,2777.4
2025-06-01,RN-BIO-R010,E,rigido,3809.5,533.3,1001.4,1421.93,2683.6
2025-07-01,RN-BIO-R010,E,rigido,4111.1,575.5,1080.6,1534.5,2896.1
2025-08-01,RN-BIO-R010,E,rigido,3167.1,443.4,832.5,1182.14,2231.1
2025-09-01,RN-BIO-R010,E,rigido,3524.4,493.4,926.4,1315.52,2482.8
2025-10-01,RN-BIO-R010,E,rigido,3895.7,545.4,1024.0,1454.13,2744.4
2025-11-01,RN-BIO-R010,E,rigido,4091.1,572.8,1075.4,1527.05,2882.0
2025-12-01,RN-BIO-R010,E,rigido,4633.3,648.7,1217.9,1729.45,3264.0
2024-01-01,RN-BIO-R011,E,rigido,3859.5,540.3,1003.5,1424.94,2689.3
2024-02-01,RN-BIO-R011,E,rigido,3709.1,519.3,964.4,1369.41,2584.5
2024-03-01,RN-BIO-R011,E,rigido,3731.5,522.4,970.2,1377.66,2600.1
2024-04-01,RN-BIO-R011,E,rigido,3565.1,499.1,926.9,1316.23,2484.2
2024-05-01,RN-BIO-R011,E,rigido,3802.1,532.3,988.6,1403.75,2649.3
2024-06-01,RN-BIO-R011,E,rigido,3666.9,513.4,953.4,1353.82,2555.1
2024-07-01,RN-BIO-R011,E,rigido,3689.5,516.5,959.3,1362.18,2570.9
2024-08-01,RN-BIO-R011,E,rigido,3137.5,439.2,815.7,1158.36,2186.2
2024-09-01,RN-BIO-R011,E,rigido,4239.0,593.5,1102.1,1565.05,2953.8
2024-10-01,RN-BIO-R011,E,rigido,4115.9,576.2,1070.1,1519.6,2868.0
2024-11-01,RN-BIO-R011,E,rigido,3875.5,542.6,1007.6,1430.83,2700.4
2024-12-01,RN-BIO-R011,E,rigido,4293.1,601.0,1116.2,1585.02,2991.4
2025-01-01,RN-BIO-R011,E,rigido,3391.3,474.8,881.7,1252.08,2363.1
2025-02-01,RN-BIO-R011,E,rigido,3776.3,528.7,981.8,1394.21,2631.3
2025-03-01,RN-BIO-R011,E,rigido,3751.6,525.2,975.4,1385.09,2614.1
2025-04-01,RN-BIO-R011,E,rigido,4029.2,564.1,1047.6,1487.58,2807.5
2025-05-01,RN-BIO-R011,E,rigido,3260.6,456.5,847.7,1203.8,2272.0
2025-06-01,RN-BIO-R011,E,rigido,3936.3,551.1,1023.4,1453.28,2742.8
2025-07-01,RN-BIO-R011,E,rigido,4216.5,590.3,1096.3,1556.72,2938.0
2025-08-01,RN-BIO-R011,E,rigido,3238.5,453.4,842.0,1195.65,2256.6
2025-09-01,RN-BIO-R011,E,rigido,3473.7,486.3,903.2,1282.49,2420.5
2025-10-01,RN-BIO-R011,E,rigido,3557.5,498.1,925.0,1313.44,2478.9
2025-11-01,RN-BIO-R011,E,rigido,3932.2,550.5,1022.4,1451.78,2740.0
2025-12-01,RN-BIO-R011,E,rigido,4553.5,637.5,1183.9,1681.13,3172.8
2024-01-01,RN-BIO-R012,E,rigido,3594.4,503.2,944.8,1341.66,2532.1
2024-02-01,RN-BIO-R012,E,rigido,3704.1,518.6,973.7,1382.6,2609.4
2024-03-01,RN-BIO-R012,E,rigido,3212.1,449.7,844.3,1198.94,2262.8
2024-04-01,RN-BIO-R012,E,rigido,3625.5,507.6,953.0,1353.28,2554.1
2024-05-01,RN-BIO-R012,E,rigido,3837.1,537.2,1008.6,1432.25,2703.1
2024-06-01,RN-BIO-R012,E,rigido,3778.8,529.0,993.3,1410.49,2662.0
2024-07-01,RN-BIO-R012,E,rigido,4301.1,602.2,1130.6,1605.44,3030.0
2024-08-01,RN-BIO-R012,E,rigido,3370.6,471.9,886.0,1258.12,2374.5
2024-09-01,RN-BIO-R012,E,rigido,3573.8,500.3,939.4,1333.95,2517.6
2024-10-01,RN-BIO-R012,E,rigido,4236.2,593.1,1113.5,1581.2,2984.2
2024-11-01,RN-BIO-R012,E,rigido,3421.5,479.0,899.4,1277.1,2410.3
2024-12-01,RN-BIO-R012,E,rigido,4594.7,643.3,1207.8,1715.02,3236.8
2025-01-01,RN-BIO-R012,E,rigido,3031.4,424.4,796.8,1131.51,2135.5
2025-02-01,RN-BIO-R012,E,rigido,3187.4,446.2,837.8,1189.74,2245.4
2025-03-01,RN-BIO-R012,E,rigido,4095.6,573.4,1076.6,1528.74,2885.2
2025-04-01,RN-BIO-R012,E,rigido,3689.2,516.5,969.7,1377.03,2598.9
2025-05-01,RN-BIO-R012,E,rigido,4220.1,590.8,1109.3,1575.2,2972.9
2025-06-01,RN-BIO-R012,E,rigido,4255.6,595.8,1118.6,1588.45,2997.9
2025-07-01,RN-BIO-R012,E,rigido,4063.9,569.0,1068.2,1516.91,2862.9
2025-08-01,RN-BIO-R012,E,rigido,3577.7,500.9,940.4,1335.42,2520.4
2025-09-01,RN-BIO-R012,E,rigido,4132.5,578.5,1086.3,1542.5,2911.2
2025-10-01,RN-BIO-R012,E,rigido,3745.1,524.3,984.4,1397.88,2638.3
2025-11-01,RN-BIO-R012,E,rigido,3650.1,511.0,959.5,1362.46,2571.4
2025-12-01,RN-BIO-R012,E,rigido,4942.5,692.0,1299.2,1844.86,3481.9
2024-01-01,RN-BIO-R013,E,rigido,3455.0,483.7,898.3,1275.57,2407.4
2024-02-01,RN-BIO-R013,E,rigido,3385.1,473.9,880.1,1249.77,2358.7
2024-03-01,RN-BIO-R013,E,rigido,2758.7,386.2,717.3,1018.52,1922.3
2024-04-01,RN-BIO-R013,E,rigido,3737.4,523.2,971.7,1379.84,2604.2
2024-05-01,RN-BIO-R013,E,rigido,3720.9,520.9,967.4,1373.74,2592.7
2024-06-01,RN-BIO-R013,E,rigido,3576.2,500.7,929.8,1320.32,2491.9
2024-07-01,RN-BIO-R013,E,rigido,4375.4,612.6,1137.6,1615.4,3048.8
2024-08-01,RN-BIO-R013,E,rigido,3332.2,466.5,866.4,1230.25,2321.9
2024-09-01,RN-BIO-R013,E,rigido,3861.9,540.7,1004.1,1425.8,2691.0
2024-10-01,RN-BIO-R013,E,rigido,3994.9,559.3,1038.7,1474.94,2783.7
2024-11-01,RN-BIO-R013,E,rigido,3864.7,541.1,1004.8,1426.83,2692.9
2024-12-01,RN-BIO-R013,E,rigido,4374.9,612.5,1137.5,1615.22,3048.5
2025-01-01,RN-BIO-R013,E,rigido,3765.3,527.1,979.0,1390.17,2623.7
2025-02-01,RN-BIO-R013,E,rigido,3421.4,479.0,889.6,1263.18,2384.0
2025-03-01,RN-BIO-R013,E,rigido,3801.7,532.2,988.5,1403.6,2649.0
2025-04-01,RN-BIO-R013,E,rigido,3737.2,523.2,971.7,1379.78,2604.1
2025-05-01,RN-BIO-R013,E,rigido,3642.7,510.0,947.1,1344.87,2538.2
2025-06-01,RN-BIO-R013,E,rigido,3657.1,512.0,950.8,1350.2,2548.3
2025-07-01,RN-BIO-R013,E,rigido,4165.2,583.1,1083.0,1537.79,2902.3
2025-08-01,RN-BIO-R013,E,rigido,3663.5,512.9,952.5,1352.55,2552.7
2025-09-01,RN-BIO-R013,E,rigido,3432.6,480.6,892.5,1267.33,2391.9
2025-10-01,RN-BIO-R013,E,rigido,3606.4,504.9,937.7,1331.5,2513.0
2025-11-01,RN-BIO-R013,E,rigido,4351.4,609.2,1131.4,1606.55,3032.1
2025-12-01,RN-BIO-R013,E,rigido,4712.8,659.8,1225.3,1739.96,3283.9
2024-01-01,RN-BIO-R014,E,rigido,3494.3,489.2,908.5,1290.1,2434.8
2024-02-01,RN-BIO-R014,E,rigido,3589.7,502.6,933.3,1325.31,2501.3
2024-03-01,RN-BIO-R014,E,rigido,3572.0,500.1,928.7,1318.8,2489.0
2024-04-01,RN-BIO-R014,E,rigido,3497.7,489.7,909.4,1291.34,2437.2
2024-05-01,RN-BIO-R014,E,rigido,3892.4,544.9,1012.0,1437.06,2712.2
2024-06-01,RN-BIO-R014,E,rigido,3429.8,480.2,891.8,1266.29,2389.9
2024-07-01,RN-BIO-R014,E,rigido,3778.3,529.0,982.4,1394.96,2632.7
2024-08-01,RN-BIO-R014,E,rigido,3475.8,486.6,903.7,1283.28,2422.0
2024-09-01,RN-BIO-R014,E,rigido,3762.6,526.8,978.3,1389.17,2621.8
2024-10-01,RN-BIO-R014,E,rigido,3428.2,479.9,891.3,1265.68,2388.7
2024-11-01,RN-BIO-R014,E,rigido,3768.6,527.6,979.8,1391.37,2626.0
2024-12-01,RN-BIO-R014,E,rigido,4491.3,628.8,1167.7,1658.18,3129.5
2025-01-01,RN-BIO-R014,E,rigido,3225.0,451.5,838.5,1190.67,2247.2
2025-02-01,RN-BIO-R014,E,rigido,3569.5,499.7,928.1,1317.86,2487.2
2025-03-01,RN-BIO-R014,E,rigido,4060.7,568.5,1055.8,1499.23,2829.5
2025-04-01,RN-BIO-R014,E,rigido,3824.1,535.4,994.3,1411.87,2664.7
2025-05-01,RN-BIO-R014,E,rigido,3698.0,517.7,961.5,1365.3,2576.8
2025-06-01,RN-BIO-R014,E,rigido,3907.6,547.1,1016.0,1442.7,2722.8
2025-07-01,RN-BIO-R014,E,rigido,3635.2,508.9,945.1,1342.11,2533.0
2025-08-01,RN-BIO-R014,E,rigido,3319.9,464.8,863.2,1225.7,2313.3
2025-09-01,RN-BIO-R014,E,rigido,3423.6,479.3,890.1,1263.99,2385.6
2025-10-01,RN-BIO-R014,E,rigido,3379.5,473.1,878.7,1247.72,2354.9
2025-11-01,RN-BIO-R014,E,rigido,4137.2,579.2,1075.7,1527.45,2882.8
2025-12-01,RN-BIO-R014,E,rigido,4929.3,690.1,1281.6,1819.89,3434.7
2024-01-01,RN-BIO-R015,E,rigido,3011.9,421.7,783.1,1112.01,2098.7
2024-02-01,RN-BIO-R015,E,rigido,3525.8,493.6,916.7,1301.73,2456.8
2024-03-01,RN-BIO-R015,E,rigido,4240.7,593.7,1102.6,1565.68,2954.9
2024-04-01,RN-BIO-R015,E,rigido,3988.8,558.4,1037.1,1472.66,2779.4
2024-05-01,RN-BIO-R015,E,rigido,3761.9,526.7,978.1,1388.91,2621.3
2024-06-01,RN-BIO-R015,E,rigido,3577.8,500.9,930.2,1320.93,2493.0
2024-07-01,RN-BIO-R015,E,rigido,4382.7,613.6,1139.5,1618.11,3053.9
2024-08-01,RN-BIO-R015,E,rigido,4198.9,587.9,1091.7,1550.25,2925.8
2024-09-01,RN-BIO-R015,E,rigido,3767.4,527.4,979.5,1390.92,2625.1
2024-10-01,RN-BIO-R015,E,rigido,3704.9,518.7,963.3,1367.84,2581.6
2024-11-01,RN-BIO-R015,E,rigido,3797.1,531.6,987.2,1401.89,2645.8
2024-12-01,RN-BIO-R015,E,rigido,4613.3,645.9,1199.5,1703.22,3214.5
2025-01-01,RN-BIO-R015,E,rigido,3677.2,514.8,956.1,1357.62,2562.3
2025-02-01,RN-BIO-R015,E,rigido,3586.3,502.1,932.4,1324.08,2499.0
2025-03-01,RN-BIO-R015,E,rigido,3328.7,466.0,865.5,1228.95,2319.4
2025-04-01,RN-BIO-R015,E,rigido,3584.5,501.8,932.0,1323.41,2497.7
2025-05-01,RN-BIO-R015,E,rigido,3738.1,523.3,971.9,1380.12,2604.7
2025-06-01,RN-BIO-R015,E,rigido,3623.3,507.3,942.1,1337.72,2524.7
2025-07-01,RN-BIO-R015,E,rigido,4673.4,654.3,1215.1,1725.41,3256.4
2025-08-01,RN-BIO-R015,E,rigido,3583.8,501.7,931.8,1323.13,2497.2
2025-09-01,RN-BIO-R015,E,rigido,4070.1,569.8,1058.2,1502.67,2836.0
2025-10-01,RN-BIO-R015,E,rigido,3593.5,503.1,934.3,1326.7,2503.9
2025-11-01,RN-BIO-R015,E,rigido,3593.8,503.1,934.4,1326.85,2504.2
2025-12-01,RN-BIO-R015,E,rigido,4253.8,595.5,1106.0,1570.51,2964.1
2024-01-01,RN-BIO-R016,E,rigido,3472.4,486.1,902.8,1282.03,2419.6
2024-02-01,RN-BIO-R016,E,rigido,3141.9,439.9,816.9,1160.0,2189.3
2024-03-01,RN-BIO-R016,E,rigido,3720.8,520.9,967.4,1373.73,2592.7
2024-04-01,RN-BIO-R016,E,rigido,3481.4,487.4,905.2,1285.35,2425.9
2024-05-01,RN-BIO-R016,E,rigido,3939.3,551.5,1024.2,1454.39,2744.9
2024-06-01,RN-BIO-R016,E,rigido,3813.5,533.9,991.5,1407.95,2657.3
2024-07-01,RN-BIO-R016,E,rigido,3730.7,522.3,970.0,1377.36,2599.5
2024-08-01,RN-BIO-R016,E,rigido,3559.4,498.3,925.4,1314.12,2480.2
2024-09-01,RN-BIO-R016,E,rigido,3589.6,502.5,933.3,1325.29,2501.2
2024-10-01,RN-BIO-R016,E,rigido,3569.5,499.7,928.1,1317.85,2487.2
2024-11-01,RN-BIO-R016,E,rigido,3570.1,499.8,928.2,1318.07,2487.6
2024-12-01,RN-BIO-R016,E,rigido,3772.6,528.2,980.9,1392.86,2628.8
2025-01-01,RN-BIO-R016,E,rigido,3541.3,495.8,920.7,1307.46,2467.6
2025-02-01,RN-BIO-R016,E,rigido,3721.4,521.0,967.6,1373.95,2593.1
2025-03-01,RN-BIO-R016,E,rigido,3487.2,488.2,906.7,1287.49,2429.9
2025-04-01,RN-BIO-R016,E,rigido,3576.1,500.7,929.8,1320.29,2491.8
2025-05-01,RN-BIO-R016,E,rigido,3535.6,495.0,919.2,1305.33,2463.6
2025-06-01,RN-BIO-R016,E,rigido,3691.4,516.8,959.8,1362.87,2572.2
2025-07-01,RN-BIO-R016,E,rigido,4185.4,586.0,1088.2,1545.24,2916.4
2025-08-01,RN-BIO-R016,E,rigido,3789.8,530.6,985.3,1399.2,2640.7
2025-09-01,RN-BIO-R016,E,rigido,3671.8,514.1,954.7,1355.65,2558.5
2025-10-01,RN-BIO-R016,E,rigido,3441.2,481.8,894.7,1270.48,2397.8
2025-11-01,RN-BIO-R016,E,rigido,3899.1,545.9,1013.8,1439.56,2716.9
2025-12-01,RN-BIO-R016,E,rigido,4688.4,656.4,1219.0,1730.96,3266.9
2024-01-01,RN-BIO-R017,E,rigido,3331.5,466.4,866.2,1229.98,2321.4
2024-02-01,RN-BIO-R017,E,rigido,3183.7,445.7,827.8,1175.44,2218.4
2024-03-01,RN-BIO-R017,E,rigido,3449.6,482.9,896.9,1273.58,2403.7
2024-04-01,RN-BIO-R017,E,rigido,3810.8,533.5,990.8,1406.95,2655.4
2024-05-01,RN-BIO-R017,E,rigido,3668.5,513.6,953.8,1354.41,2556.2
2024-06-01,RN-BIO-R017,E,rigido,3558.8,498.2,925.3,1313.92,2479.8
2024-07-01,RN-BIO-R017,E,rigido,4165.6,583.2,1083.1,1537.93,2902.6
2024-08-01,RN-BIO-R017,E,rigido,3907.9,547.1,1016.1,1442.8,2723.0
2024-09-01,RN-BIO-R017,E,rigido,3441.3,481.8,894.7,1270.53,2397.9
2024-10-01,RN-BIO-R017,E,rigido,3786.7,530.1,984.5,1398.06,2638.6
2024-11-01,RN-BIO-R017,E,rigido,3956.0,553.8,1028.6,1460.57,2756.6
2024-12-01,RN-BIO-R017,E,rigido,4400.9,616.1,1144.2,1624.83,3066.6
2025-01-01,RN-BIO-R017,E,rigido,3560.4,498.5,925.7,1314.49,2480.9
2025-02-01,RN-BIO-R017,E,rigido,3639.6,509.5,946.3,1343.74,2536.1
2025-03-01,RN-BIO-R017,E,rigido,3586.1,502.1,932.4,1324.0,2498.8
2025-04-01,RN-BIO-R017,E,rigido,3749.4,524.9,974.8,1384.28,2612.6
2025-05-01,RN-BIO-R017,E,rigido,3677.4,514.8,956.1,1357.68,2562.4
2025-06-01,RN-BIO-R017,E,rigido,3780.6,529.3,983.0,1395.8,2634.3
2025-07-01,RN-BIO-R017,E,rigido,4227.8,591.9,1099.2,1560.9,2945.9
2025-08-01,RN-BIO-R017,E,rigido,3693.1,517.0,960.2,1363.5,2573.4
2025-09-01,RN-BIO-R017,E,rigido,3932.8,550.6,1022.5,1451.98,2740.3
2025-10-01,RN-BIO-R017,E,rigido,3935.5,551.0,1023.2,1452.98,2742.3
2025-11-01,RN-BIO-R017,E,rigido,4523.7,633.3,1176.2,1670.14,3152.1
2025-12-01,RN-BIO-R017,E,rigido,3842.0,537.9,998.9,1418.47,2677.1
2024-01-01,RN-BIO-R018,E,rigido,3226.9,451.8,839.0,1191.38,2248.5
2024-02-01,RN-BIO-R018,E,rigido,3307.8,463.1,860.0,1221.24,2304.9
2024-03-01,RN-BIO-R018,E,rigido,3968.5,555.6,1031.8,1465.15,2765.2
2024-04-01,RN-BIO-R018,E,rigido,3411.3,477.6,886.9,1259.44,2377.0
2024-05-01,RN-BIO-R018,E,rigido,3470.7,485.9,902.4,1281.37,2418.4
2024-06-01,RN-BIO-R018,E,rigido,4113.7,575.9,1069.5,1518.76,2866.4
2024-07-01,RN-BIO-R018,E,rigido,4188.2,586.4,1088.9,1546.29,2918.4
2024-08-01,RN-BIO-R018,E,rigido,3546.8,496.6,922.2,1309.47,2471.4
2024-09-01,RN-BIO-R018,E,rigido,3743.5,524.1,973.3,1382.1,2608.5
2024-10-01,RN-BIO-R018,E,rigido,3704.4,518.6,963.1,1367.67,2581.2
2024-11-01,RN-BIO-R018,E,rigido,3830.6,536.3,995.9,1414.25,2669.1
2024-12-01,RN-BIO-R018,E,rigido,4286.5,600.1,1114.5,1582.58,2986.8
2025-01-01,RN-BIO-R018,E,rigido,3374.7,472.5,877.4,1245.95,2351.5
2025-02-01,RN-BIO-R018,E,rigido,3267.8,457.5,849.6,1206.49,2277.0
2025-03-01,RN-BIO-R018,E,rigido,3482.4,487.5,905.4,1285.71,2426.5
2025-04-01,RN-BIO-R018,E,rigido,3627.3,507.8,943.1,1339.2,2527.5
2025-05-01,RN-BIO-R018,E,rigido,4090.2,572.6,1063.4,1510.09,2850.0
2025-06-01,RN-BIO-R018,E,rigido,3027.9,423.9,787.3,1117.91,2109.9
2025-07-01,RN-BIO-R018,E,rigido,3941.6,551.8,1024.8,1455.23,2746.5
2025-08-01,RN-BIO-R018,E,rigido,3889.2,544.5,1011.2,1435.91,2710.0
2025-09-01,RN-BIO-R018,E,rigido,3432.4,480.5,892.4,1267.24,2391.7
2025-10-01,RN-BIO-R018,E,rigido,3836.7,537.1,997.5,1416.51,2673.4
2025-11-01,RN-BIO-R018,E,rigido,3785.4,530.0,984.2,1397.58,2637.7
2025-12-01,RN-BIO-R018,E,rigido,4177.7,584.9,1086.2,1542.4,2911.0
2024-01-01,RN-BIO-R019,E,rigido,3453.0,483.4,897.8,1274.84,2406.0
2024-02-01,RN-BIO-R019,E,rigido,3402.5,476.4,884.7,1256.22,2370.9
2024-03-01,RN-BIO-R019,E,rigido,3612.6,505.8,939.3,1333.75,2517.2
2024-04-01,RN-BIO-R019,E,rigido,4282.7,599.6,1113.5,1581.16,2984.2
2024-05-01,RN-BIO-R019,E,rigido,3484.5,487.8,906.0,1286.46,2428.0
2024-06-01,RN-BIO-R019,E,rigido,3678.3,515.0,956.4,1358.02,2563.0
2024-07-01,RN-BIO-R019,E,rigido,4072.9,570.2,1059.0,1503.72,2838.0
2024-08-01,RN-BIO-R019,E,rigido,3367.5,471.4,875.5,1243.27,2346.5
2024-09-01,RN-BIO-R019,E,rigido,3604.8,504.7,937.2,1330.88,2511.8
2024-10-01,RN-BIO-R019,E,rigido,3651.2,511.2,949.3,1348.02,2544.2
2024-11-01,RN-BIO-R019,E,rigido,3613.4,505.9,939.5,1334.08,2517.8
2024-12-01,RN-BIO-R019,E,rigido,5166.4,723.3,1343.3,1907.43,3599.9
2025-01-01,RN-BIO-R019,E,rigido,3332.8,466.6,866.5,1230.47,2322.3
2025-02-01,RN-BIO-R019,E,rigido,3378.6,473.0,878.4,1247.38,2354.2
2025-03-01,RN-BIO-R019,E,rigido,3567.5,499.5,927.6,1317.13,2485.8
2025-04-01,RN-BIO-R019,E,rigido,3611.0,505.5,938.9,1333.18,2516.1
2025-05-01,RN-BIO-R019,E,rigido,3606.9,505.0,937.8,1331.68,2513.3
2025-06-01,RN-BIO-R019,E,rigido,3936.6,551.1,1023.5,1453.41,2743.0
2025-07-01,RN-BIO-R019,E,rigido,3665.1,513.1,952.9,1353.15,2553.8
2025-08-01,RN-BIO-R019,E,rigido,3439.4,481.5,894.2,1269.82,2396.6
2025-09-01,RN-BIO-R019,E,rigido,4056.2,567.9,1054.6,1497.56,2826.4
2025-10-01,RN-BIO-R019,E,rigido,3730.4,522.2,969.9,1377.25,2599.3
2025-11-01,RN-BIO-R019,E,rigido,3627.7,507.9,943.2,1339.36,2527.8
2025-12-01,RN-BIO-R019,E,rigido,4884.3,683.8,1269.9,1803.29,3403.4
2024-01-01,RN-BIO-R020,E,rigido,3720.8,520.9,967.4,1373.73,2592.7
2024-02-01,RN-BIO-R020,E,rigido,3674.2,514.4,955.3,1356.5,2560.2
2024-03-01,RN-BIO-R020,E,rigido,3834.4,536.8,997.0,1415.67,2671.8
2024-04-01,RN-BIO-R020,E,rigido,3899.0,545.9,1013.7,1439.52,2716.8
2024-05-01,RN-BIO-R020,E,rigido,4192.3,586.9,1090.0,1547.79,2921.2
2024-06-01,RN-BIO-R020,E,rigido,3635.9,509.0,945.3,1342.38,2533.5
2024-07-01,RN-BIO-R020,E,rigido,4111.3,575.6,1068.9,1517.9,2864.8
2024-08-01,RN-BIO-R020,E,rigido,3601.2,504.2,936.3,1329.56,2509.3
2024-09-01,RN-BIO-R020,E,rigido,3941.5,551.8,1024.8,1455.2,2746.4
2024-10-01,RN-BIO-R020,E,rigido,3113.8,435.9,809.6,1149.63,2169.7
2024-11-01,RN-BIO-R020,E,rigido,3810.3,533.4,990.7,1406.78,2655.0
2024-12-01,RN-BIO-R020,E,rigido,3956.2,553.9,1028.6,1460.61,2756.6
2025-01-01,RN-BIO-R020,E,rigido,2990.6,418.7,777.5,1104.12,2083.8
2025-02-01,RN-BIO-R020,E,rigido,3534.2,494.8,918.9,1304.82,2462.6
2025-03-01,RN-BIO-R020,E,rigido,3561.1,498.6,925.9,1314.77,2481.4
2025-04-01,RN-BIO-R020,E,rigido,4134.0,578.8,1074.8,1526.26,2880.5
2025-05-01,RN-BIO-R020,E,rigido,3986.2,558.1,1036.4,1471.69,2777.6
2025-06-01,RN-BIO-R020,E,rigido,3193.5,447.1,830.3,1179.03,2225.2
2025-07-01,RN-BIO-R020,E,rigido,4464.1,625.0,1160.7,1648.16,3110.6
2025-08-01,RN-BIO-R020,E,rigido,3153.4,441.5,819.9,1164.24,2197.3
2025-09-01,RN-BIO-R020,E,rigido,3870.1,541.8,1006.2,1428.85,2696.7
2025-10-01,RN-BIO-R020,E,rigido,3403.1,476.4,884.8,1256.42,2371.3
2025-11-01,RN-BIO-R020,E,rigido,3340.9,467.7,868.6,1233.44,2327.9
2025-12-01,RN-BIO-R020,E,rigido,4081.1,571.4,1061.1,1506.74,2843.7
