mes,codigo_instalacion,grupo,tipo_instalacion,superficie_m2,electricidad_kwh,gas_kwh,coste_eur,co2e_kg
2024-01-01,RN-MAD-GA01,A,gran_almacen,23133,528156.9,171779.8,92514.68,121050.6
2024-02-01,RN-MAD-GA01,A,gran_almacen,23133,462864.7,148270.5,80936.81,105672.2
2024-03-01,RN-MAD-GA01,A,gran_almacen,23133,471921.6,121623.8,80688.52,102362.2
2024-04-01,RN-MAD-GA01,A,gran_almacen,23133,439873.4,68939.7,72454.64,87325.5
2024-05-01,RN-MAD-GA01,A,gran_almacen,23133,473264.4,52907.3,76636.23,90084.1
2024-06-01,RN-MAD-GA01,A,gran_almacen,23133,549202.3,24540.2,86647.85,97830.7
2024-07-01,RN-MAD-GA01,A,gran_almacen,23133,575484.3,18602.7,90353.43,101218.0
2024-08-01,RN-MAD-GA01,A,gran_almacen,23133,645320.4,18685.6,101183.16,113105.2
2024-09-01,RN-MAD-GA01,A,gran_almacen,23133,516686.0,30497.8,81977.19,93387.2
2024-10-01,RN-MAD-GA01,A,gran_almacen,23133,486517.3,68767.4,79673.76,95223.6
2024-11-01,RN-MAD-GA01,A,gran_almacen,23133,488738.2,110161.2,82584.42,103134.8
2024-12-01,RN-MAD-GA01,A,gran_almacen,23133,454552.1,115257.8,77601.56,98250.8
2025-01-01,RN-MAD-GA01,A,gran_almacen,23133,537121.3,162483.9,93327.81,120882.7
2025-02-01,RN-MAD-GA01,A,gran_almacen,23133,478976.6,142611.3,83083.27,107381.3
2025-03-01,RN-MAD-GA01,A,gran_almacen,23133,455289.2,122917.2,78190.69,99770.1
2025-04-01,RN-MAD-GA01,A,gran_almacen,23133,458295.4,78939.9,75930.06,92277.3
2025-05-01,RN-MAD-GA01,A,gran_almacen,23133,447717.4,42107.3,72006.85,83775.5
2025-06-01,RN-MAD-GA01,A,gran_almacen,23133,541636.8,23276.6,85396.85,96314.6
2025-07-01,RN-MAD-GA01,A,gran_almacen,23133,642600.9,18880.7,100773.74,112678.4
2025-08-01,RN-MAD-GA01,A,gran_almacen,23133,619176.0,18771.4,97136.11,108676.3
2025-09-01,RN-MAD-GA01,A,gran_almacen,23133,504111.7,32732.7,80166.73,91656.3
2025-10-01,RN-MAD-GA01,A,gran_almacen,23133,498684.8,74891.5,81939.42,98406.7
2025-11-01,RN-MAD-GA01,A,gran_almacen,23133,495935.2,112396.4,83838.54,104765.1
2025-12-01,RN-MAD-GA01,A,gran_almacen,23133,428542.4,118249.5,73755.55,94373.6
2024-01-01,RN-MAD-GA02,A,gran_almacen,15731,346356.2,109912.9,60499.81,78884.7
2024-02-01,RN-MAD-GA02,A,gran_almacen,15731,313382.4,106776.2,55194.39,72708.3
2024-03-01,RN-MAD-GA02,A,gran_almacen,15731,324905.9,76495.0,55103.1,69156.1
2024-04-01,RN-MAD-GA02,A,gran_almacen,15731,305016.0,57785.6,50860.19,62369.7
2024-05-01,RN-MAD-GA02,A,gran_almacen,15731,312160.1,31240.9,50321.76,58753.1
2024-06-01,RN-MAD-GA02,A,gran_almacen,15731,354874.4,19120.1,56190.97,63808.5
2024-07-01,RN-MAD-GA02,A,gran_almacen,15731,414248.5,13585.3,65050.81,72894.8
2024-08-01,RN-MAD-GA02,A,gran_almacen,15731,439116.4,12614.5,68845.13,76945.6
2024-09-01,RN-MAD-GA02,A,gran_almacen,15731,359280.5,22622.9,57091.1,65195.1
2024-10-01,RN-MAD-GA02,A,gran_almacen,15731,309570.5,50919.6,51140.44,61894.4
2024-11-01,RN-MAD-GA02,A,gran_almacen,15731,317215.7,62689.1,53055.16,65336.1
2024-12-01,RN-MAD-GA02,A,gran_almacen,15731,290992.8,69246.3,49397.16,62071.6
2025-01-01,RN-MAD-GA02,A,gran_almacen,15731,370770.9,109787.4,64276.3,83012.4
2025-02-01,RN-MAD-GA02,A,gran_almacen,15731,299087.4,97788.8,52421.45,68642.4
2025-03-01,RN-MAD-GA02,A,gran_almacen,15731,309204.9,76869.9,52692.7,66555.2
2025-04-01,RN-MAD-GA02,A,gran_almacen,15731,316648.3,50748.5,52226.9,63066.4
2025-05-01,RN-MAD-GA02,A,gran_almacen,15731,325885.1,32811.3,52546.5,61372.1
2025-06-01,RN-MAD-GA02,A,gran_almacen,15731,357417.4,19586.2,56614.05,64325.6
2025-07-01,RN-MAD-GA02,A,gran_almacen,15731,390033.5,13023.4,61262.64,68675.9
2025-08-01,RN-MAD-GA02,A,gran_almacen,15731,404844.6,14117.7,63626.2,71393.0
2025-09-01,RN-MAD-GA02,A,gran_almacen,15731,359224.9,22413.7,57069.51,65147.5
2025-10-01,RN-MAD-GA02,A,gran_almacen,15731,325097.3,47980.1,53364.85,63998.9
2025-11-01,RN-MAD-GA02,A,gran_almacen,15731,312658.0,80487.0,53452.18,67800.5
2025-12-01,RN-MAD-GA02,A,gran_almacen,15731,264523.8,72355.2,45487.22,58137.7
2024-01-01,RN-MAD-GA03,A,gran_almacen,18486,422825.9,121240.0,73054.89,93946.1
2024-02-01,RN-MAD-GA03,A,gran_almacen,18486,333053.5,108768.9,58366.96,76415.0
2024-03-01,RN-MAD-GA03,A,gran_almacen,18486,356059.6,90133.1,60777.49,76934.3
2024-04-01,RN-MAD-GA03,A,gran_almacen,18486,327433.3,80828.9,55763.56,70374.5
2024-05-01,RN-MAD-GA03,A,gran_almacen,18486,358456.7,41366.4,58125.51,68466.3
2024-06-01,RN-MAD-GA03,A,gran_almacen,18486,397476.5,21457.9,62939.25,71476.3
2024-07-01,RN-MAD-GA03,A,gran_almacen,18486,501470.8,14624.9,78634.72,87911.8
2024-08-01,RN-MAD-GA03,A,gran_almacen,18486,462227.8,18641.8,72801.1,81971.5
2024-09-01,RN-MAD-GA03,A,gran_almacen,18486,413562.2,27554.2,65810.5,75320.4
2024-10-01,RN-MAD-GA03,A,gran_almacen,18486,378167.6,62762.4,62507.25,75711.3
2024-11-01,RN-MAD-GA03,A,gran_almacen,18486,388607.2,97870.7,66302.09,83875.7
2024-12-01,RN-MAD-GA03,A,gran_almacen,18486,339492.4,92928.9,58382.92,74626.8
2025-01-01,RN-MAD-GA03,A,gran_almacen,18486,398835.2,121592.9,69358.21,89931.9
2025-02-01,RN-MAD-GA03,A,gran_almacen,18486,371027.3,108358.2,64227.44,82795.8
2025-03-01,RN-MAD-GA03,A,gran_almacen,18486,347963.6,105141.2,60453.11,78289.5
2025-04-01,RN-MAD-GA03,A,gran_almacen,18486,386975.2,71436.4,64410.22,78787.2
2025-05-01,RN-MAD-GA03,A,gran_almacen,18486,354582.6,37661.9,57295.34,67133.5
2025-06-01,RN-MAD-GA03,A,gran_almacen,18486,472033.4,16321.6,74177.11,83216.2
2025-07-01,RN-MAD-GA03,A,gran_almacen,18486,451745.9,15316.6,70970.25,79584.4
2025-08-01,RN-MAD-GA03,A,gran_almacen,18486,461879.6,15181.0,72532.56,81282.5
2025-09-01,RN-MAD-GA03,A,gran_almacen,18486,,28629.9,,
2025-10-01,RN-MAD-GA03,A,gran_almacen,18486,363365.4,63132.8,60235.87,73262.3
2025-11-01,RN-MAD-GA03,A,gran_almacen,18486,350449.9,84335.4,59548.52,74925.5
2025-12-01,RN-MAD-GA03,A,gran_almacen,18486,318288.3,95074.6,55229.32,71412.6
2024-01-01,RN-MAD-HI01,A,hipermercado,2724,129129.5,11653.6,20737.59,24073.0
2024-02-01,RN-MAD-HI01,A,hipermercado,2724,110781.5,9951.7,17788.13,20644.1
2024-03-01,RN-MAD-HI01,A,hipermercado,2724,116356.9,8553.0,18565.61,21337.3
2024-04-01,RN-MAD-HI01,A,hipermercado,2724,122835.4,6012.0,19412.24,21976.2
2024-05-01,RN-MAD-HI01,A,hipermercado,2724,121107.0,3656.9,18998.31,21253.7
2024-06-01,RN-MAD-HI01,A,hipermercado,2724,134829.5,1887.4,21015.59,23264.5
2024-07-01,RN-MAD-HI01,A,hipermercado,2724,150182.2,1402.8,23365.21,25786.3
2024-08-01,RN-MAD-HI01,A,hipermercado,2724,135971.4,1470.7,21166.75,23382.8
2024-09-01,RN-MAD-HI01,A,hipermercado,2724,137061.9,2564.2,21403.57,23767.2
2024-10-01,RN-MAD-HI01,A,hipermercado,2724,120616.2,4889.2,18998.64,21394.6
2024-11-01,RN-MAD-HI01,A,hipermercado,2724,116975.3,8481.1,18657.01,21429.4
2024-12-01,RN-MAD-HI01,A,hipermercado,2724,104383.9,8693.3,16718.49,19327.4
2025-01-01,RN-MAD-HI01,A,hipermercado,2724,123034.7,10686.8,19732.96,22860.9
2025-02-01,RN-MAD-HI01,A,hipermercado,2724,118989.9,10451.5,19091.43,22130.5
2025-03-01,RN-MAD-HI01,A,hipermercado,2724,115971.1,7330.6,18430.02,21049.3
2025-04-01,RN-MAD-HI01,A,hipermercado,2724,117400.8,6263.4,18585.45,21098.1
2025-05-01,RN-MAD-HI01,A,hipermercado,2724,110443.4,3614.4,17342.83,19433.2
2025-06-01,RN-MAD-HI01,A,hipermercado,2724,138213.9,1596.8,21522.16,23787.0
2025-07-01,RN-MAD-HI01,A,hipermercado,2724,143399.3,1438.4,22316.07,24639.7
2025-08-01,RN-MAD-HI01,A,hipermercado,2724,145754.2,1381.6,22677.56,25029.7
2025-09-01,RN-MAD-HI01,A,hipermercado,2724,130500.8,2683.6,20394.01,22673.6
2025-10-01,RN-MAD-HI01,A,hipermercado,2724,118877.8,5731.4,18781.41,21252.3
2025-11-01,RN-MAD-HI01,A,hipermercado,2724,115201.4,8088.6,18357.71,21056.4
2025-12-01,RN-MAD-HI01,A,hipermercado,2724,108542.6,7279.3,17275.42,19777.1
2024-01-01,RN-MAD-HI02,A,hipermercado,2377,107886.0,10929.5,17399.95,20329.8
2024-02-01,RN-MAD-HI02,A,hipermercado,2377,105436.7,9446.5,16928.38,19643.5
2024-03-01,RN-MAD-HI02,A,hipermercado,2377,,7694.8,,
2024-04-01,RN-MAD-HI02,A,hipermercado,2377,101422.2,5196.7,16042.64,18187.6
2024-05-01,RN-MAD-HI02,A,hipermercado,2377,101084.3,2923.9,15849.35,17716.5
2024-06-01,RN-MAD-HI02,A,hipermercado,2377,126025.6,1685.4,19638.47,21731.1
2024-07-01,RN-MAD-HI02,A,hipermercado,2377,125481.1,1204.2,19524.23,21551.0
2024-08-01,RN-MAD-HI02,A,hipermercado,2377,132141.4,1327.4,20564.22,22705.6
2024-09-01,RN-MAD-HI02,A,hipermercado,2377,112234.5,1953.9,17517.49,19435.5
2024-10-01,RN-MAD-HI02,A,hipermercado,2377,104130.7,4322.0,16408.22,18488.8
2024-11-01,RN-MAD-HI02,A,hipermercado,2377,95662.2,6780.6,15248.03,17496.6
2024-12-01,RN-MAD-HI02,A,hipermercado,2377,78805.4,6505.8,12618.19,14581.0
2025-01-01,RN-MAD-HI02,A,hipermercado,2377,111912.0,11774.6,18076.38,21168.0
2025-02-01,RN-MAD-HI02,A,hipermercado,2377,105059.6,9586.0,16878.56,19604.8
2025-03-01,RN-MAD-HI02,A,hipermercado,2377,102100.0,7936.9,16317.59,18801.5
2025-04-01,RN-MAD-HI02,A,hipermercado,2377,99910.8,4462.4,15762.85,17797.0
2025-05-01,RN-MAD-HI02,A,hipermercado,2377,101086.4,3034.8,15856.55,17737.0
2025-06-01,RN-MAD-HI02,A,hipermercado,2377,111015.0,1874.6,17323.56,19213.7
2025-07-01,RN-MAD-HI02,A,hipermercado,2377,139500.5,1211.6,21697.69,23935.6
2025-08-01,RN-MAD-HI02,A,hipermercado,2377,131163.0,1130.5,20400.36,22503.5
2025-09-01,RN-MAD-HI02,A,hipermercado,2377,113799.4,2154.2,17772.46,19738.0
2025-10-01,RN-MAD-HI02,A,hipermercado,2377,106158.4,5197.2,16776.77,18992.8
2025-11-01,RN-MAD-HI02,A,hipermercado,2377,106077.7,7934.1,16933.95,19477.2
2025-12-01,RN-MAD-HI02,A,hipermercado,2377,96797.2,6396.7,15400.15,17619.7
2024-01-01,RN-MAD-HI03,A,hipermercado,2710,127601.2,9847.8,20388.75,23484.5
2024-02-01,RN-MAD-HI03,A,hipermercado,2710,123023.8,11358.7,19772.92,22981.3
2024-03-01,RN-MAD-HI03,A,hipermercado,2710,128743.4,8913.8,20507.88,23508.7
2024-04-01,RN-MAD-HI03,A,hipermercado,2710,107559.2,5927.9,17039.2,19363.9
2024-05-01,RN-MAD-HI03,A,hipermercado,2710,110914.9,3398.1,17402.5,19474.0
2024-06-01,RN-MAD-HI03,A,hipermercado,2710,129302.5,1849.8,20156.57,22318.1
2024-07-01,RN-MAD-HI03,A,hipermercado,2710,148137.7,1426.9,23049.82,25443.1
2024-08-01,RN-MAD-HI03,A,hipermercado,2710,166031.9,1445.9,25824.59,28488.6
2024-09-01,RN-MAD-HI03,A,hipermercado,2710,130268.8,2592.1,20352.38,22617.5
2024-10-01,RN-MAD-HI03,A,hipermercado,2710,112046.8,5397.3,17701.89,20030.3
2024-11-01,RN-MAD-HI03,A,hipermercado,2710,113224.7,9457.4,18136.18,20969.4
2024-12-01,RN-MAD-HI03,A,hipermercado,2710,103668.5,8019.3,16565.81,19083.2
2025-01-01,RN-MAD-HI03,A,hipermercado,2710,129860.3,13894.9,20989.82,24605.1
2025-02-01,RN-MAD-HI03,A,hipermercado,2710,129141.9,12634.1,20800.31,24253.5
2025-03-01,RN-MAD-HI03,A,hipermercado,2710,108838.6,8452.3,17394.03,20040.9
2025-04-01,RN-MAD-HI03,A,hipermercado,2710,108455.8,6058.3,17186.26,19540.1
2025-05-01,RN-MAD-HI03,A,hipermercado,2710,113139.1,3420.8,17748.66,19856.2
2025-06-01,RN-MAD-HI03,A,hipermercado,2710,141683.4,1925.3,22080.29,24436.6
2025-07-01,RN-MAD-HI03,A,hipermercado,2710,151904.0,1346.5,23628.61,26068.8
2025-08-01,RN-MAD-HI03,A,hipermercado,2710,142921.7,1431.5,22241.62,24557.2
2025-09-01,RN-MAD-HI03,A,hipermercado,2710,138568.3,2421.9,21628.25,23997.4
2025-10-01,RN-MAD-HI03,A,hipermercado,2710,110511.2,4714.6,17421.54,19645.0
2025-11-01,RN-MAD-HI03,A,hipermercado,2710,114211.9,8886.4,18253.8,21033.3
2025-12-01,RN-MAD-HI03,A,hipermercado,2710,112585.0,7430.9,17911.39,20491.9
2024-01-01,RN-MAD-HI04,A,hipermercado,2906,143968.2,13515.0,23153.0,26934.3
2024-02-01,RN-MAD-HI04,A,hipermercado,2906,136705.4,10547.4,21843.27,25159.5
2024-03-01,RN-MAD-HI04,A,hipermercado,2906,134534.7,8308.6,21368.02,24383.1
2024-04-01,RN-MAD-HI04,A,hipermercado,2906,117938.8,6391.0,18676.75,21212.8
2024-05-01,RN-MAD-HI04,A,hipermercado,2906,116640.5,3595.4,18302.2,20483.3
2024-06-01,RN-MAD-HI04,A,hipermercado,2906,151325.6,2355.1,23601.49,26154.0
2024-07-01,RN-MAD-HI04,A,hipermercado,2906,168431.3,1480.3,26198.63,28902.7
2024-08-01,RN-MAD-HI04,A,hipermercado,2906,171937.2,1609.2,26750.03,29522.2
2024-09-01,RN-MAD-HI04,A,hipermercado,2906,144424.3,2536.2,22543.0,25013.7
2024-10-01,RN-MAD-HI04,A,hipermercado,2906,139129.1,5788.7,21923.91,24705.5
2024-11-01,RN-MAD-HI04,A,hipermercado,2906,132671.7,8994.7,21121.79,24191.2
2024-12-01,RN-MAD-HI04,A,hipermercado,2906,115648.1,7095.8,18365.4,20951.6
2025-01-01,RN-MAD-HI04,A,hipermercado,2906,127030.6,11843.3,20424.03,23750.7
2025-02-01,RN-MAD-HI04,A,hipermercado,2906,132085.6,12200.8,21229.71,24675.1
2025-03-01,RN-MAD-HI04,A,hipermercado,2906,124256.9,9617.3,19856.09,22874.0
2025-04-01,RN-MAD-HI04,A,hipermercado,2906,111277.4,6584.7,17656.24,20115.6
2025-05-01,RN-MAD-HI04,A,hipermercado,2906,128616.6,3481.5,20151.43,22498.5
2025-06-01,RN-MAD-HI04,A,hipermercado,2906,127337.2,2250.7,19876.82,22057.0
2025-07-01,RN-MAD-HI04,A,hipermercado,2906,155607.9,1649.0,24221.47,26753.5
2025-08-01,RN-MAD-HI04,A,hipermercado,2906,167707.3,1636.2,26096.07,28808.0
2025-09-01,RN-MAD-HI04,A,hipermercado,2906,135692.3,2920.4,21213.37,23599.2
2025-10-01,RN-MAD-HI04,A,hipermercado,2906,114183.2,5656.5,18049.1,20440.6
2025-11-01,RN-MAD-HI04,A,hipermercado,2906,119524.5,9502.8,19115.47,22048.7
2025-12-01,RN-MAD-HI04,A,hipermercado,2906,105417.7,9020.7,16899.03,19562.8
2024-01-01,RN-MAD-HI05,A,hipermercado,2862,144239.1,11384.2,23062.89,26592.6
2024-02-01,RN-MAD-HI05,A,hipermercado,2862,129237.8,11731.9,20759.23,24105.6
2024-03-01,RN-MAD-HI05,A,hipermercado,2862,133089.6,8494.0,21155.52,24171.1
2024-04-01,RN-MAD-HI05,A,hipermercado,2862,120623.4,6549.4,19102.69,21698.0
2024-05-01,RN-MAD-HI05,A,hipermercado,2862,136551.4,3899.2,21407.22,23923.4
2024-06-01,RN-MAD-HI05,A,hipermercado,2862,144591.2,1988.0,22534.89,24942.3
2024-07-01,RN-MAD-HI05,A,hipermercado,2862,146239.3,1341.8,22750.27,25104.9
2024-08-01,RN-MAD-HI05,A,hipermercado,2862,148645.7,1474.6,23131.52,25538.2
2024-09-01,RN-MAD-HI05,A,hipermercado,2862,135831.6,2427.6,21204.4,23533.2
2024-10-01,RN-MAD-HI05,A,hipermercado,2862,136264.4,5785.9,21479.71,24218.0
2024-11-01,RN-MAD-HI05,A,hipermercado,2862,121991.8,9315.6,19486.3,22434.0
2024-12-01,RN-MAD-HI05,A,hipermercado,2862,115022.6,8579.9,18360.45,21115.4
2025-01-01,RN-MAD-HI05,A,hipermercado,2862,127433.2,12103.0,20502.54,23866.4
2025-02-01,RN-MAD-HI05,A,hipermercado,2862,133871.2,11538.9,21465.45,24858.2
2025-03-01,RN-MAD-HI05,A,hipermercado,2862,130386.6,9160.6,20777.87,23832.9
2025-04-01,RN-MAD-HI05,A,hipermercado,2862,116799.4,6208.2,18488.81,20985.8
2025-05-01,RN-MAD-HI05,A,hipermercado,2862,124935.7,3673.8,19592.81,21907.7
2025-06-01,RN-MAD-HI05,A,hipermercado,2862,135512.3,1933.0,21124.26,23388.9
2025-07-01,RN-MAD-HI05,A,hipermercado,2862,158658.2,1477.5,24683.62,27240.8
2025-08-01,RN-MAD-HI05,A,hipermercado,2862,144675.8,1494.8,22517.43,24866.9
2025-09-01,RN-MAD-HI05,A,hipermercado,2862,129667.3,2586.5,20258.79,22514.2
2025-10-01,RN-MAD-HI05,A,hipermercado,2862,118119.3,6788.5,18729.37,21315.8
2025-11-01,RN-MAD-HI05,A,hipermercado,2862,123789.5,9655.2,19786.0,22801.5
2025-12-01,RN-MAD-HI05,A,hipermercado,2862,109097.3,8397.9,17430.76,20075.0
2024-01-01,RN-MAD-ES01,A,especializada,1025,17554.1,0.0,2720.89,2984.2
2024-02-01,RN-MAD-ES01,A,especializada,1025,16145.4,0.0,2502.54,2744.7
2024-03-01,RN-MAD-ES01,A,especializada,1025,16256.0,0.0,2519.67,2763.5
2024-04-01,RN-MAD-ES01,A,especializada,1025,15848.8,0.0,2456.57,2694.3
2024-05-01,RN-MAD-ES01,A,especializada,1025,15453.5,0.0,2395.29,2627.1
2024-06-01,RN-MAD-ES01,A,especializada,1025,18679.3,0.0,2895.29,3175.5
2024-07-01,RN-MAD-ES01,A,especializada,1025,21542.1,0.0,3339.03,3662.2
2024-08-01,RN-MAD-ES01,A,especializada,1025,22175.0,0.0,3437.12,3769.7
2024-09-01,RN-MAD-ES01,A,especializada,1025,17924.4,0.0,2778.28,3047.1
2024-10-01,RN-MAD-ES01,A,especializada,1025,16984.8,0.0,2632.64,2887.4
2024-11-01,RN-MAD-ES01,A,especializada,1025,17063.9,0.0,2644.91,2900.9
2024-12-01,RN-MAD-ES01,A,especializada,1025,15841.6,0.0,2455.45,2693.1
2025-01-01,RN-MAD-ES01,A,especializada,1025,19215.4,0.0,2978.38,3266.6
2025-02-01,RN-MAD-ES01,A,especializada,1025,16970.3,0.0,2630.4,2885.0
2025-03-01,RN-MAD-ES01,A,especializada,1025,16035.5,0.0,2485.5,2726.0
2025-04-01,RN-MAD-ES01,A,especializada,1025,14804.4,0.0,2294.67,2516.7
2025-05-01,RN-MAD-ES01,A,especializada,1025,,0.0,,
2025-06-01,RN-MAD-ES01,A,especializada,1025,18220.9,0.0,2824.24,3097.6
2025-07-01,RN-MAD-ES01,A,especializada,1025,21551.3,0.0,3340.45,3663.7
2025-08-01,RN-MAD-ES01,A,especializada,1025,20648.6,0.0,3200.53,3510.3
2025-09-01,RN-MAD-ES01,A,especializada,1025,16892.7,0.0,2618.37,2871.8
2025-10-01,RN-MAD-ES01,A,especializada,1025,15691.9,0.0,2432.25,2667.6
2025-11-01,RN-MAD-ES01,A,especializada,1025,16080.5,0.0,2492.48,2733.7
2025-12-01,RN-MAD-ES01,A,especializada,1025,15113.9,0.0,2342.65,2569.4
2024-01-01,RN-MAD-ES02,A,especializada,710,12739.5,0.0,1974.62,2165.7
2024-02-01,RN-MAD-ES02,A,especializada,710,12263.7,0.0,1900.87,2084.8
2024-03-01,RN-MAD-ES02,A,especializada,710,11177.5,0.0,1732.51,1900.2
2024-04-01,RN-MAD-ES02,A,especializada,710,11196.8,0.0,1735.5,1903.5
2024-05-01,RN-MAD-ES02,A,especializada,710,11674.0,0.0,1809.48,1984.6
2024-06-01,RN-MAD-ES02,A,especializada,710,12999.8,0.0,2014.97,2210.0
2024-07-01,RN-MAD-ES02,A,especializada,710,15486.1,0.0,2400.35,2632.6
2024-08-01,RN-MAD-ES02,A,especializada,710,13939.3,0.0,2160.59,2369.7
2024-09-01,RN-MAD-ES02,A,especializada,710,12701.8,0.0,1968.77,2159.3
2024-10-01,RN-MAD-ES02,A,especializada,710,11317.9,0.0,1754.28,1924.0
2024-11-01,RN-MAD-ES02,A,especializada,710,11053.0,0.0,1713.22,1879.0
2024-12-01,RN-MAD-ES02,A,especializada,710,10027.7,0.0,1554.3,1704.7
2025-01-01,RN-MAD-ES02,A,especializada,710,11327.0,0.0,1755.68,1925.6
2025-02-01,RN-MAD-ES02,A,especializada,710,11578.0,0.0,1794.59,1968.3
2025-03-01,RN-MAD-ES02,A,especializada,710,10415.5,0.0,1614.4,1770.6
2025-04-01,RN-MAD-ES02,A,especializada,710,10666.4,0.0,1653.29,1813.3
2025-05-01,RN-MAD-ES02,A,especializada,710,11176.7,0.0,1732.39,1900.0
2025-06-01,RN-MAD-ES02,A,especializada,710,13075.1,0.0,2026.64,2222.8
2025-07-01,RN-MAD-ES02,A,especializada,710,15372.7,0.0,2382.77,2613.4
2025-08-01,RN-MAD-ES02,A,especializada,710,13963.8,0.0,2164.38,2373.8
2025-09-01,RN-MAD-ES02,A,especializada,710,12937.2,0.0,2005.26,2199.3
2025-10-01,RN-MAD-ES02,A,especializada,710,11380.9,0.0,1764.04,1934.8
2025-11-01,RN-MAD-ES02,A,especializada,710,10442.2,0.0,1618.54,1775.2
2025-12-01,RN-MAD-ES02,A,especializada,710,10205.8,0.0,1581.89,1735.0
2024-01-01,RN-MAD-ES03,A,especializada,877,15158.4,0.0,2349.55,2576.9
2024-02-01,RN-MAD-ES03,A,especializada,877,14132.0,0.0,2190.46,2402.4
2024-03-01,RN-MAD-ES03,A,especializada,877,14843.8,0.0,2300.78,2523.4
2024-04-01,RN-MAD-ES03,A,especializada,877,14024.3,0.0,2173.76,2384.1
2024-05-01,RN-MAD-ES03,A,especializada,877,13306.6,0.0,2062.52,2262.1
2024-06-01,RN-MAD-ES03,A,especializada,877,15504.3,0.0,2403.16,2635.7
2024-07-01,RN-MAD-ES03,A,especializada,877,18330.0,0.0,2841.15,3116.1
2024-08-01,RN-MAD-ES03,A,especializada,877,16715.0,0.0,2590.83,2841.6
2024-09-01,RN-MAD-ES03,A,especializada,877,15468.8,0.0,2397.66,2629.7
2024-10-01,RN-MAD-ES03,A,especializada,877,14616.9,0.0,2265.62,2484.9
2024-11-01,RN-MAD-ES03,A,especializada,877,14612.3,0.0,2264.91,2484.1
2024-12-01,RN-MAD-ES03,A,especializada,877,12298.6,0.0,1906.29,2090.8
2025-01-01,RN-MAD-ES03,A,especializada,877,14389.2,0.0,2230.33,2446.2
2025-02-01,RN-MAD-ES03,A,especializada,877,14450.2,0.0,2239.79,2456.5
2025-03-01,RN-MAD-ES03,A,especializada,877,13721.4,0.0,2126.82,2332.6
2025-04-01,RN-MAD-ES03,A,especializada,877,13404.4,0.0,2077.68,2278.7
2025-05-01,RN-MAD-ES03,A,especializada,877,14059.2,0.0,2179.18,2390.1
2025-06-01,RN-MAD-ES03,A,especializada,877,15221.9,0.0,2359.39,2587.7
2025-07-01,RN-MAD-ES03,A,especializada,877,16680.2,0.0,2585.43,2835.6
2025-08-01,RN-MAD-ES03,A,especializada,877,15347.2,0.0,2378.81,2609.0
2025-09-01,RN-MAD-ES03,A,especializada,877,14729.1,0.0,2283.01,2504.0
2025-10-01,RN-MAD-ES03,A,especializada,877,13984.3,0.0,2167.57,2377.3
2025-11-01,RN-MAD-ES03,A,especializada,877,14308.4,0.0,2217.79,2432.4
2025-12-01,RN-MAD-ES03,A,especializada,877,12597.0,0.0,1952.54,2141.5
2024-01-01,RN-MAD-ES04,A,especializada,870,15634.5,0.0,2423.35,2657.9
2024-02-01,RN-MAD-ES04,A,especializada,870,15439.4,0.0,2393.11,2624.7
2024-03-01,RN-MAD-ES04,A,especializada,870,13886.4,0.0,2152.39,2360.7
2024-04-01,RN-MAD-ES04,A,especializada,870,12733.2,0.0,1973.64,2164.6
2024-05-01,RN-MAD-ES04,A,especializada,870,12960.5,0.0,2008.87,2203.3
2024-06-01,RN-MAD-ES04,A,especializada,870,16008.5,0.0,2481.32,2721.5
2024-07-01,RN-MAD-ES04,A,especializada,870,17915.1,0.0,2776.84,3045.6
2024-08-01,RN-MAD-ES04,A,especializada,870,18296.1,0.0,2835.89,3110.3
2024-09-01,RN-MAD-ES04,A,especializada,870,14626.2,0.0,2267.06,2486.5
2024-10-01,RN-MAD-ES04,A,especializada,870,14084.3,0.0,2183.06,2394.3
2024-11-01,RN-MAD-ES04,A,especializada,870,13456.4,0.0,2085.74,2287.6
2024-12-01,RN-MAD-ES04,A,especializada,870,12327.4,0.0,1910.75,2095.7
2025-01-01,RN-MAD-ES04,A,especializada,870,14434.5,0.0,2237.35,2453.9
2025-02-01,RN-MAD-ES04,A,especializada,870,14034.0,0.0,2175.28,2385.8
2025-03-01,RN-MAD-ES04,A,especializada,870,14601.7,0.0,2263.27,2482.3
2025-04-01,RN-MAD-ES04,A,especializada,870,12927.4,0.0,2003.75,2197.7
2025-05-01,RN-MAD-ES04,A,especializada,870,13649.5,0.0,2115.67,2320.4
2025-06-01,RN-MAD-ES04,A,especializada,870,16680.2,0.0,2585.43,2835.6
2025-07-01,RN-MAD-ES04,A,especializada,870,17269.3,0.0,2676.74,2935.8
2025-08-01,RN-MAD-ES04,A,especializada,870,16730.7,0.0,2593.26,2844.2
2025-09-01,RN-MAD-ES04,A,especializada,870,16211.9,0.0,2512.84,2756.0
2025-10-01,RN-MAD-ES04,A,especializada,870,12904.9,0.0,2000.26,2193.8
2025-11-01,RN-MAD-ES04,A,especializada,870,13675.8,0.0,2119.75,2324.9
2025-12-01,RN-MAD-ES04,A,especializada,870,12217.0,0.0,1893.64,2076.9
2024-01-01,RN-MAD-ES05,A,especializada,766,12614.8,0.0,1955.29,2144.5
2024-02-01,RN-MAD-ES05,A,especializada,766,12272.0,0.0,1902.17,2086.2
2024-03-01,RN-MAD-ES05,A,especializada,766,12126.9,0.0,1879.66,2061.6
2024-04-01,RN-MAD-ES05,A,especializada,766,11257.1,0.0,1744.86,1913.7
2024-05-01,RN-MAD-ES05,A,especializada,766,11288.7,0.0,1749.75,1919.1
2024-06-01,RN-MAD-ES05,A,especializada,766,13522.3,0.0,2095.96,2298.8
2024-07-01,RN-MAD-ES05,A,especializada,766,15325.7,0.0,2375.48,2605.4
2024-08-01,RN-MAD-ES05,A,especializada,766,15867.3,0.0,2459.42,2697.4
2024-09-01,RN-MAD-ES05,A,especializada,766,13217.0,0.0,2048.64,2246.9
2024-10-01,RN-MAD-ES05,A,especializada,766,12648.3,0.0,1960.49,2150.2
2024-11-01,RN-MAD-ES05,A,especializada,766,11761.6,0.0,1823.05,1999.5
2024-12-01,RN-MAD-ES05,A,especializada,766,10545.7,0.0,1634.59,1792.8
2025-01-01,RN-MAD-ES05,A,especializada,766,12710.5,0.0,1970.14,2160.8
2025-02-01,RN-MAD-ES05,A,especializada,766,12577.2,0.0,1949.47,2138.1
2025-03-01,RN-MAD-ES05,A,especializada,766,11617.2,0.0,1800.66,1974.9
2025-04-01,RN-MAD-ES05,A,especializada,766,11428.0,0.0,1771.35,1942.8
2025-05-01,RN-MAD-ES05,A,especializada,766,11969.4,0.0,1855.25,2034.8
2025-06-01,RN-MAD-ES05,A,especializada,766,,0.0,,
2025-07-01,RN-MAD-ES05,A,especializada,766,15263.0,0.0,2365.76,2594.7
2025-08-01,RN-MAD-ES05,A,especializada,766,14706.4,0.0,2279.49,2500.1
2025-09-01,RN-MAD-ES05,A,especializada,766,13752.9,0.0,2131.69,2338.0
2025-10-01,RN-MAD-ES05,A,especializada,766,11558.9,0.0,1791.63,1965.0
2025-11-01,RN-MAD-ES05,A,especializada,766,11946.6,0.0,1851.72,2030.9
2025-12-01,RN-MAD-ES05,A,especializada,766,10859.9,0.0,1683.29,1846.2
2024-01-01,RN-MAD-ES06,A,especializada,885,15192.3,0.0,2354.81,2582.7
2024-02-01,RN-MAD-ES06,A,especializada,885,13166.9,0.0,2040.87,2238.4
2024-03-01,RN-MAD-ES06,A,especializada,885,14001.9,0.0,2170.29,2380.3
2024-04-01,RN-MAD-ES06,A,especializada,885,13093.6,0.0,2029.51,2225.9
2024-05-01,RN-MAD-ES06,A,especializada,885,13918.4,0.0,2157.36,2366.1
2024-06-01,RN-MAD-ES06,A,especializada,885,16535.5,0.0,2563.0,2811.0
2024-07-01,RN-MAD-ES06,A,especializada,885,17586.5,0.0,2725.9,2989.7
2024-08-01,RN-MAD-ES06,A,especializada,885,19194.0,0.0,2975.06,3263.0
2024-09-01,RN-MAD-ES06,A,especializada,885,15287.0,0.0,2369.49,2598.8
2024-10-01,RN-MAD-ES06,A,especializada,885,13810.4,0.0,2140.61,2347.8
2024-11-01,RN-MAD-ES06,A,especializada,885,13152.1,0.0,2038.58,2235.9
2024-12-01,RN-MAD-ES06,A,especializada,885,13324.7,0.0,2065.32,2265.2
2025-01-01,RN-MAD-ES06,A,especializada,885,15496.1,0.0,2401.9,2634.3
2025-02-01,RN-MAD-ES06,A,especializada,885,13761.7,0.0,2133.07,2339.5
2025-03-01,RN-MAD-ES06,A,especializada,885,13293.6,0.0,2060.51,2259.9
2025-04-01,RN-MAD-ES06,A,especializada,885,13205.5,0.0,2046.85,2244.9
2025-05-01,RN-MAD-ES06,A,especializada,885,13602.7,0.0,2108.43,2312.5
2025-06-01,RN-MAD-ES06,A,especializada,885,15313.0,0.0,2373.52,2603.2
2025-07-01,RN-MAD-ES06,A,especializada,885,18196.8,0.0,2820.5,3093.4
2025-08-01,RN-MAD-ES06,A,especializada,885,17838.8,0.0,2765.01,3032.6
2025-09-01,RN-MAD-ES06,A,especializada,885,16159.9,0.0,2504.78,2747.2
2025-10-01,RN-MAD-ES06,A,especializada,885,14377.4,0.0,2228.5,2444.2
2025-11-01,RN-MAD-ES06,A,especializada,885,14700.7,0.0,2278.61,2499.1
2025-12-01,RN-MAD-ES06,A,especializada,885,11741.7,0.0,1819.96,1996.1
2024-01-01,RN-MAD-ES07,A,especializada,924,15778.1,0.0,2445.6,2682.3
2024-02-01,RN-MAD-ES07,A,especializada,924,15219.2,0.0,2358.97,2587.3
2024-03-01,RN-MAD-ES07,A,especializada,924,15250.0,0.0,2363.75,2592.5
2024-04-01,RN-MAD-ES07,A,especializada,924,15058.3,0.0,2334.04,2559.9
2024-05-01,RN-MAD-ES07,A,especializada,924,13991.4,0.0,2168.66,2378.5
2024-06-01,RN-MAD-ES07,A,especializada,924,15891.1,0.0,2463.13,2701.5
2024-07-01,RN-MAD-ES07,A,especializada,924,16659.1,0.0,2582.16,2832.0
2024-08-01,RN-MAD-ES07,A,especializada,924,16847.2,0.0,2611.32,2864.0
2024-09-01,RN-MAD-ES07,A,especializada,924,15534.4,0.0,2407.83,2640.8
2024-10-01,RN-MAD-ES07,A,especializada,924,14672.1,0.0,2274.18,2494.3
2024-11-01,RN-MAD-ES07,A,especializada,924,13277.2,0.0,2057.97,2257.1
2024-12-01,RN-MAD-ES07,A,especializada,924,12802.9,0.0,1984.45,2176.5
2025-01-01,RN-MAD-ES07,A,especializada,924,15934.9,0.0,2469.9,2708.9
2025-02-01,RN-MAD-ES07,A,especializada,924,14195.5,0.0,2200.31,2413.2
2025-03-01,RN-MAD-ES07,A,especializada,924,14902.1,0.0,2309.82,2533.3
2025-04-01,RN-MAD-ES07,A,especializada,924,13213.1,0.0,2048.03,2246.2
2025-05-01,RN-MAD-ES07,A,especializada,924,13591.7,0.0,2106.72,2310.6
2025-06-01,RN-MAD-ES07,A,especializada,924,15404.8,0.0,2387.75,2618.8
2025-07-01,RN-MAD-ES07,A,especializada,924,18440.2,0.0,2858.23,3134.8
2025-08-01,RN-MAD-ES07,A,especializada,924,17118.7,0.0,2653.39,2910.2
2025-09-01,RN-MAD-ES07,A,especializada,924,15733.8,0.0,2438.74,2674.8
2025-10-01,RN-MAD-ES07,A,especializada,924,14929.4,0.0,2314.05,2538.0
2025-11-01,RN-MAD-ES07,A,especializada,924,14490.7,0.0,2246.06,2463.4
2025-12-01,RN-MAD-ES07,A,especializada,924,13064.7,0.0,2025.03,2221.0
2024-01-01,RN-MAD-ES08,A,especializada,922,16302.6,0.0,2526.9,2771.4
2024-02-01,RN-MAD-ES08,A,especializada,922,15539.5,0.0,2408.62,2641.7
2024-03-01,RN-MAD-ES08,A,especializada,922,15006.6,0.0,2326.02,2551.1
2024-04-01,RN-MAD-ES08,A,especializada,922,13683.5,0.0,2120.94,2326.2
2024-05-01,RN-MAD-ES08,A,especializada,922,15777.4,0.0,2445.49,2682.1
2024-06-01,RN-MAD-ES08,A,especializada,922,17361.9,0.0,2691.09,2951.5
2024-07-01,RN-MAD-ES08,A,especializada,922,18464.0,0.0,2861.92,3138.9
2024-08-01,RN-MAD-ES08,A,especializada,922,17402.1,0.0,2697.32,2958.4
2024-09-01,RN-MAD-ES08,A,especializada,922,15053.9,0.0,2333.35,2559.2
2024-10-01,RN-MAD-ES08,A,especializada,922,13787.4,0.0,2137.04,2343.9
2024-11-01,RN-MAD-ES08,A,especializada,922,15104.5,0.0,2341.2,2567.8
2024-12-01,RN-MAD-ES08,A,especializada,922,13202.7,0.0,2046.42,2244.5
2025-01-01,RN-MAD-ES08,A,especializada,922,15150.0,0.0,2348.24,2575.5
2025-02-01,RN-MAD-ES08,A,especializada,922,14288.6,0.0,2214.74,2429.1
2025-03-01,RN-MAD-ES08,A,especializada,922,14921.9,0.0,2312.9,2536.7
2025-04-01,RN-MAD-ES08,A,especializada,922,,0.0,,
2025-05-01,RN-MAD-ES08,A,especializada,922,14448.6,0.0,2239.53,2456.3
2025-06-01,RN-MAD-ES08,A,especializada,922,16956.3,0.0,2628.23,2882.6
2025-07-01,RN-MAD-ES08,A,especializada,922,17719.6,0.0,2746.53,3012.3
2025-08-01,RN-MAD-ES08,A,especializada,922,19584.2,0.0,3035.55,3329.3
2025-09-01,RN-MAD-ES08,A,especializada,922,14750.8,0.0,2286.38,2507.6
2025-10-01,RN-MAD-ES08,A,especializada,922,13852.2,0.0,2147.1,2354.9
2025-11-01,RN-MAD-ES08,A,especializada,922,15661.2,0.0,2427.49,2662.4
2025-12-01,RN-MAD-ES08,A,especializada,922,12886.6,0.0,1997.42,2190.7
2024-01-01,RN-MAD-ES09,A,especializada,852,15192.1,0.0,2354.78,2582.7
2024-02-01,RN-MAD-ES09,A,especializada,852,12947.9,0.0,2006.93,2201.1
2024-03-01,RN-MAD-ES09,A,especializada,852,13495.4,0.0,2091.79,2294.2
2024-04-01,RN-MAD-ES09,A,especializada,852,12540.9,0.0,1943.84,2132.0
2024-05-01,RN-MAD-ES09,A,especializada,852,13077.7,0.0,2027.04,2223.2
2024-06-01,RN-MAD-ES09,A,especializada,852,14212.2,0.0,2202.89,2416.1
2024-07-01,RN-MAD-ES09,A,especializada,852,17476.5,0.0,2708.86,2971.0
2024-08-01,RN-MAD-ES09,A,especializada,852,16801.7,0.0,2604.26,2856.3
2024-09-01,RN-MAD-ES09,A,especializada,852,14704.4,0.0,2279.19,2499.8
2024-10-01,RN-MAD-ES09,A,especializada,852,12944.4,0.0,2006.38,2200.5
2024-11-01,RN-MAD-ES09,A,especializada,852,13546.9,0.0,2099.77,2303.0
2024-12-01,RN-MAD-ES09,A,especializada,852,12642.6,0.0,1959.6,2149.2
2025-01-01,RN-MAD-ES09,A,especializada,852,14532.7,0.0,2252.57,2470.6
2025-02-01,RN-MAD-ES09,A,especializada,852,14386.7,0.0,2229.93,2445.7
2025-03-01,RN-MAD-ES09,A,especializada,852,13935.8,0.0,2160.04,2369.1
2025-04-01,RN-MAD-ES09,A,especializada,852,13187.6,0.0,2044.08,2241.9
2025-05-01,RN-MAD-ES09,A,especializada,852,13529.1,0.0,2097.01,2299.9
2025-06-01,RN-MAD-ES09,A,especializada,852,14768.3,0.0,2289.08,2510.6
2025-07-01,RN-MAD-ES09,A,especializada,852,18528.9,0.0,2871.98,3149.9
2025-08-01,RN-MAD-ES09,A,especializada,852,17994.8,0.0,2789.2,3059.1
2025-09-01,RN-MAD-ES09,A,especializada,852,13743.7,0.0,2130.27,2336.4
2025-10-01,RN-MAD-ES09,A,especializada,852,14083.4,0.0,2182.92,2394.2
2025-11-01,RN-MAD-ES09,A,especializada,852,14074.9,0.0,2181.61,2392.7
2025-12-01,RN-MAD-ES09,A,especializada,852,12465.1,0.0,1932.09,2119.1
2024-01-01,RN-MAD-ES10,A,especializada,891,15648.6,0.0,2425.54,2660.3
2024-02-01,RN-MAD-ES10,A,especializada,891,14656.0,0.0,2271.68,2491.5
2024-03-01,RN-MAD-ES10,A,especializada,891,14695.4,0.0,2277.79,2498.2
2024-04-01,RN-MAD-ES10,A,especializada,891,13269.8,0.0,2056.81,2255.9
2024-05-01,RN-MAD-ES10,A,especializada,891,14615.4,0.0,2265.38,2484.6
2024-06-01,RN-MAD-ES10,A,especializada,891,14801.9,0.0,2294.3,2516.3
2024-07-01,RN-MAD-ES10,A,especializada,891,18077.6,0.0,2802.03,3073.2
2024-08-01,RN-MAD-ES10,A,especializada,891,18206.4,0.0,2822.0,3095.1
2024-09-01,RN-MAD-ES10,A,especializada,891,16039.5,0.0,2486.12,2726.7
2024-10-01,RN-MAD-ES10,A,especializada,891,14280.9,0.0,2213.53,2427.7
2024-11-01,RN-MAD-ES10,A,especializada,891,14130.4,0.0,2190.21,2402.2
2024-12-01,RN-MAD-ES10,A,especializada,891,12898.3,0.0,1999.23,2192.7
2025-01-01,RN-MAD-ES10,A,especializada,891,13473.1,0.0,2088.34,2290.4
2025-02-01,RN-MAD-ES10,A,especializada,891,15472.4,0.0,2398.22,2630.3
2025-03-01,RN-MAD-ES10,A,especializada,891,14312.7,0.0,2218.46,2433.2
2025-04-01,RN-MAD-ES10,A,especializada,891,13382.0,0.0,2074.21,2274.9
2025-05-01,RN-MAD-ES10,A,especializada,891,14000.2,0.0,2170.03,2380.0
2025-06-01,RN-MAD-ES10,A,especializada,891,15889.8,0.0,2462.92,2701.3
2025-07-01,RN-MAD-ES10,A,especializada,891,17944.7,0.0,2781.43,3050.6
2025-08-01,RN-MAD-ES10,A,especializada,891,18700.1,0.0,2898.51,3179.0
2025-09-01,RN-MAD-ES10,A,especializada,891,15090.6,0.0,2339.04,2565.4
2025-10-01,RN-MAD-ES10,A,especializada,891,13689.0,0.0,2121.8,2327.1
2025-11-01,RN-MAD-ES10,A,especializada,891,13261.4,0.0,2055.52,2254.4
2025-12-01,RN-MAD-ES10,A,especializada,891,12350.8,0.0,1914.38,2099.6
2024-01-01,RN-MAD-ES11,A,especializada,740,12872.8,0.0,1995.29,2188.4
2024-02-01,RN-MAD-ES11,A,especializada,740,12121.0,0.0,1878.75,2060.6
2024-03-01,RN-MAD-ES11,A,especializada,740,11508.2,0.0,1783.77,1956.4
2024-04-01,RN-MAD-ES11,A,especializada,740,11273.5,0.0,1747.39,1916.5
2024-05-01,RN-MAD-ES11,A,especializada,740,11087.7,0.0,1718.59,1884.9
2024-06-01,RN-MAD-ES11,A,especializada,740,11389.7,0.0,1765.41,1936.3
2024-07-01,RN-MAD-ES11,A,especializada,740,15207.3,0.0,2357.13,2585.2
2024-08-01,RN-MAD-ES11,A,especializada,740,15231.1,0.0,2360.83,2589.3
2024-09-01,RN-MAD-ES11,A,especializada,740,14144.6,0.0,2192.42,2404.6
2024-10-01,RN-MAD-ES11,A,especializada,740,11624.4,0.0,1801.78,1976.1
2024-11-01,RN-MAD-ES11,A,especializada,740,11495.4,0.0,1781.79,1954.2
2024-12-01,RN-MAD-ES11,A,especializada,740,10977.7,0.0,1701.55,1866.2
2025-01-01,RN-MAD-ES11,A,especializada,740,12229.8,0.0,1895.62,2079.1
2025-02-01,RN-MAD-ES11,A,especializada,740,13044.9,0.0,2021.95,2217.6
2025-03-01,RN-MAD-ES11,A,especializada,740,11308.4,0.0,1752.8,1922.4
2025-04-01,RN-MAD-ES11,A,especializada,740,11240.0,0.0,1742.2,1910.8
2025-05-01,RN-MAD-ES11,A,especializada,740,11431.8,0.0,1771.93,1943.4
2025-06-01,RN-MAD-ES11,A,especializada,740,13253.3,0.0,2054.26,2253.1
2025-07-01,RN-MAD-ES11,A,especializada,740,14834.6,0.0,2299.36,2521.9
2025-08-01,RN-MAD-ES11,A,especializada,740,14597.7,0.0,2262.65,2481.6
2025-09-01,RN-MAD-ES11,A,especializada,740,13551.1,0.0,2100.41,2303.7
2025-10-01,RN-MAD-ES11,A,especializada,740,11162.9,0.0,1730.24,1897.7
2025-11-01,RN-MAD-ES11,A,especializada,740,11040.1,0.0,1711.22,1876.8
2025-12-01,RN-MAD-ES11,A,especializada,740,,0.0,,
2024-01-01,RN-MAD-ES12,A,especializada,918,16215.2,0.0,2513.36,2756.6
2024-02-01,RN-MAD-ES12,A,especializada,918,16054.4,0.0,2488.42,2729.2
2024-03-01,RN-MAD-ES12,A,especializada,918,13751.8,0.0,2131.52,2337.8
2024-04-01,RN-MAD-ES12,A,especializada,918,13600.9,0.0,2108.13,2312.1
2024-05-01,RN-MAD-ES12,A,especializada,918,13507.8,0.0,2093.71,2296.3
2024-06-01,RN-MAD-ES12,A,especializada,918,16349.2,0.0,2534.12,2779.4
2024-07-01,RN-MAD-ES12,A,especializada,918,17958.9,0.0,2783.62,3053.0
2024-08-01,RN-MAD-ES12,A,especializada,918,17353.5,0.0,2689.79,2950.1
2024-09-01,RN-MAD-ES12,A,especializada,918,15507.1,0.0,2403.59,2636.2
2024-10-01,RN-MAD-ES12,A,especializada,918,14598.5,0.0,2262.76,2481.7
2024-11-01,RN-MAD-ES12,A,especializada,918,12804.6,0.0,1984.72,2176.8
2024-12-01,RN-MAD-ES12,A,especializada,918,12375.3,0.0,1918.17,2103.8
2025-01-01,RN-MAD-ES12,A,especializada,918,14658.6,0.0,2272.09,2492.0
2025-02-01,RN-MAD-ES12,A,especializada,918,14006.0,0.0,2170.92,2381.0
2025-03-01,RN-MAD-ES12,A,especializada,918,14031.5,0.0,2174.88,2385.3
2025-04-01,RN-MAD-ES12,A,especializada,918,13871.7,0.0,2150.11,2358.2
2025-05-01,RN-MAD-ES12,A,especializada,918,14960.7,0.0,2318.91,2543.3
2025-06-01,RN-MAD-ES12,A,especializada,918,16495.8,0.0,2556.84,2804.3
2025-07-01,RN-MAD-ES12,A,especializada,918,17715.1,0.0,2745.84,3011.6
2025-08-01,RN-MAD-ES12,A,especializada,918,18222.1,0.0,2824.43,3097.8
2025-09-01,RN-MAD-ES12,A,especializada,918,16012.6,0.0,2481.95,2722.1
2025-10-01,RN-MAD-ES12,A,especializada,918,14141.0,0.0,2191.86,2404.0
2025-11-01,RN-MAD-ES12,A,especializada,918,14645.7,0.0,2270.08,2489.8
2025-12-01,RN-MAD-ES12,A,especializada,918,12543.8,0.0,1944.29,2132.4
2024-01-01,RN-MAD-ES13,A,especializada,881,16092.9,0.0,2494.39,2735.8
2024-02-01,RN-MAD-ES13,A,especializada,881,14967.9,0.0,2320.02,2544.5
2024-03-01,RN-MAD-ES13,A,especializada,881,14380.2,0.0,2228.93,2444.6
2024-04-01,RN-MAD-ES13,A,especializada,881,12660.3,0.0,1962.34,2152.2
2024-05-01,RN-MAD-ES13,A,especializada,881,14302.9,0.0,2216.95,2431.5
2024-06-01,RN-MAD-ES13,A,especializada,881,14155.6,0.0,2194.11,2406.4
2024-07-01,RN-MAD-ES13,A,especializada,881,18154.4,0.0,2813.94,3086.3
2024-08-01,RN-MAD-ES13,A,especializada,881,18525.4,0.0,2871.44,3149.3
2024-09-01,RN-MAD-ES13,A,especializada,881,15478.1,0.0,2399.11,2631.3
2024-10-01,RN-MAD-ES13,A,especializada,881,14363.0,0.0,2226.26,2441.7
2024-11-01,RN-MAD-ES13,A,especializada,881,13352.7,0.0,2069.67,2270.0
2024-12-01,RN-MAD-ES13,A,especializada,881,11746.6,0.0,1820.73,1996.9
2025-01-01,RN-MAD-ES13,A,especializada,881,15855.1,0.0,2457.54,2695.4
2025-02-01,RN-MAD-ES13,A,especializada,881,14126.9,0.0,2189.67,2401.6
2025-03-01,RN-MAD-ES13,A,especializada,881,13471.5,0.0,2088.08,2290.2
2025-04-01,RN-MAD-ES13,A,especializada,881,12567.0,0.0,1947.88,2136.4
2025-05-01,RN-MAD-ES13,A,especializada,881,13429.6,0.0,2081.58,2283.0
2025-06-01,RN-MAD-ES13,A,especializada,881,15068.4,0.0,2335.6,2561.6
2025-07-01,RN-MAD-ES13,A,especializada,881,17700.5,0.0,2743.58,3009.1
2025-08-01,RN-MAD-ES13,A,especializada,881,16552.1,0.0,2565.58,2813.9
2025-09-01,RN-MAD-ES13,A,especializada,881,14889.9,0.0,2307.94,2531.3
2025-10-01,RN-MAD-ES13,A,especializada,881,,0.0,,
2025-11-01,RN-MAD-ES13,A,especializada,881,13043.5,0.0,2021.75,2217.4
2025-12-01,RN-MAD-ES13,A,especializada,881,12314.4,0.0,1908.73,2093.4
2024-01-01,RN-MAD-ES14,A,especializada,709,12436.3,0.0,1927.62,2114.2
2024-02-01,RN-MAD-ES14,A,especializada,709,11236.9,0.0,1741.72,1910.3
2024-03-01,RN-MAD-ES14,A,especializada,709,10863.2,0.0,1683.79,1846.7
2024-04-01,RN-MAD-ES14,A,especializada,709,11240.3,0.0,1742.25,1910.9
2024-05-01,RN-MAD-ES14,A,especializada,709,11262.0,0.0,1745.62,1914.5
2024-06-01,RN-MAD-ES14,A,especializada,709,12348.4,0.0,1914.01,2099.2
2024-07-01,RN-MAD-ES14,A,especializada,709,13480.4,0.0,2089.47,2291.7
2024-08-01,RN-MAD-ES14,A,especializada,709,13917.8,0.0,2157.26,2366.0
2024-09-01,RN-MAD-ES14,A,especializada,709,12318.8,0.0,1909.42,2094.2
2024-10-01,RN-MAD-ES14,A,especializada,709,11751.0,0.0,1821.4,1997.7
2024-11-01,RN-MAD-ES14,A,especializada,709,11261.6,0.0,1745.55,1914.5
2024-12-01,RN-MAD-ES14,A,especializada,709,9496.8,0.0,1472.01,1614.5
2025-01-01,RN-MAD-ES14,A,especializada,709,12671.8,0.0,1964.13,2154.2
2025-02-01,RN-MAD-ES14,A,especializada,709,11395.6,0.0,1766.32,1937.3
2025-03-01,RN-MAD-ES14,A,especializada,709,10837.3,0.0,1679.78,1842.3
2025-04-01,RN-MAD-ES14,A,especializada,709,10637.1,0.0,1648.76,1808.3
2025-05-01,RN-MAD-ES14,A,especializada,709,10754.2,0.0,1666.89,1828.2
2025-06-01,RN-MAD-ES14,A,especializada,709,12031.3,0.0,1864.85,2045.3
2025-07-01,RN-MAD-ES14,A,especializada,709,13570.6,0.0,2103.44,2307.0
2025-08-01,RN-MAD-ES14,A,especializada,709,14477.0,0.0,2243.94,2461.1
2025-09-01,RN-MAD-ES14,A,especializada,709,13522.1,0.0,2095.92,2298.8
2025-10-01,RN-MAD-ES14,A,especializada,709,11728.8,0.0,1817.96,1993.9
2025-11-01,RN-MAD-ES14,A,especializada,709,10574.7,0.0,1639.09,1797.7
2025-12-01,RN-MAD-ES14,A,especializada,709,9875.6,0.0,1530.72,1678.9
2024-01-01,RN-MAD-ES15,A,especializada,798,14184.9,0.0,2198.67,2411.4
2024-02-01,RN-MAD-ES15,A,especializada,798,12869.1,0.0,1994.71,2187.7
2024-03-01,RN-MAD-ES15,A,especializada,798,13023.9,0.0,2018.71,2214.1
2024-04-01,RN-MAD-ES15,A,especializada,798,11113.0,0.0,1722.51,1889.2
2024-05-01,RN-MAD-ES15,A,especializada,798,12303.7,0.0,1907.07,2091.6
2024-06-01,RN-MAD-ES15,A,especializada,798,15187.7,0.0,2354.09,2581.9
2024-07-01,RN-MAD-ES15,A,especializada,798,15907.7,0.0,2465.7,2704.3
2024-08-01,RN-MAD-ES15,A,especializada,798,15477.0,0.0,2398.94,2631.1
2024-09-01,RN-MAD-ES15,A,especializada,798,13377.3,0.0,2073.49,2274.1
2024-10-01,RN-MAD-ES15,A,especializada,798,11805.8,0.0,1829.9,2007.0
2024-11-01,RN-MAD-ES15,A,especializada,798,11803.9,0.0,1829.61,2006.7
2024-12-01,RN-MAD-ES15,A,especializada,798,10677.6,0.0,1655.03,1815.2
2025-01-01,RN-MAD-ES15,A,especializada,798,14046.8,0.0,2177.26,2388.0
2025-02-01,RN-MAD-ES15,A,especializada,798,12489.9,0.0,1935.93,2123.3
2025-03-01,RN-MAD-ES15,A,especializada,798,12677.9,0.0,1965.08,2155.3
2025-04-01,RN-MAD-ES15,A,especializada,798,12993.2,0.0,2013.94,2208.8
2025-05-01,RN-MAD-ES15,A,especializada,798,12375.8,0.0,1918.24,2103.9
2025-06-01,RN-MAD-ES15,A,especializada,798,15075.9,0.0,2336.76,2562.9
2025-07-01,RN-MAD-ES15,A,especializada,798,14859.1,0.0,2303.15,2526.0
2025-08-01,RN-MAD-ES15,A,especializada,798,14911.7,0.0,2311.32,2535.0
2025-09-01,RN-MAD-ES15,A,especializada,798,14585.3,0.0,2260.72,2479.5
2025-10-01,RN-MAD-ES15,A,especializada,798,12691.4,0.0,1967.16,2157.5
2025-11-01,RN-MAD-ES15,A,especializada,798,12242.6,0.0,1897.6,2081.2
2025-12-01,RN-MAD-ES15,A,especializada,798,11037.5,0.0,1710.81,1876.4
2024-01-01,RN-MAD-ES16,A,especializada,823,14803.1,0.0,2294.49,2516.5
2024-02-01,RN-MAD-ES16,A,especializada,823,13435.4,0.0,2082.49,2284.0
2024-03-01,RN-MAD-ES16,A,especializada,823,12457.4,0.0,1930.9,2117.8
2024-04-01,RN-MAD-ES16,A,especializada,823,13271.0,0.0,2057.01,2256.1
2024-05-01,RN-MAD-ES16,A,especializada,823,12629.6,0.0,1957.59,2147.0
2024-06-01,RN-MAD-ES16,A,especializada,823,13686.5,0.0,2121.41,2326.7
2024-07-01,RN-MAD-ES16,A,especializada,823,17356.0,0.0,2690.19,2950.5
2024-08-01,RN-MAD-ES16,A,especializada,823,17742.1,0.0,2750.03,3016.2
2024-09-01,RN-MAD-ES16,A,especializada,823,13945.0,0.0,2161.48,2370.7
2024-10-01,RN-MAD-ES16,A,especializada,823,12640.9,0.0,1959.34,2149.0
2024-11-01,RN-MAD-ES16,A,especializada,823,13016.0,0.0,2017.48,2212.7
2024-12-01,RN-MAD-ES16,A,especializada,823,11696.2,0.0,1812.92,1988.4
2025-01-01,RN-MAD-ES16,A,especializada,823,14415.2,0.0,2234.35,2450.6
2025-02-01,RN-MAD-ES16,A,especializada,823,12919.6,0.0,2002.54,2196.3
2025-03-01,RN-MAD-ES16,A,especializada,823,12728.8,0.0,1972.96,2163.9
2025-04-01,RN-MAD-ES16,A,especializada,823,13100.7,0.0,2030.61,2227.1
2025-05-01,RN-MAD-ES16,A,especializada,823,13214.3,0.0,2048.22,2246.4
2025-06-01,RN-MAD-ES16,A,especializada,823,14137.2,0.0,2191.26,2403.3
2025-07-01,RN-MAD-ES16,A,especializada,823,15776.0,0.0,2445.28,2681.9
2025-08-01,RN-MAD-ES16,A,especializada,823,17039.4,0.0,2641.1,2896.7
2025-09-01,RN-MAD-ES16,A,especializada,823,14069.7,0.0,2180.8,2391.8
2025-10-01,RN-MAD-ES16,A,especializada,823,13088.3,0.0,2028.69,2225.0
2025-11-01,RN-MAD-ES16,A,especializada,823,13321.7,0.0,2064.86,2264.7
2025-12-01,RN-MAD-ES16,A,especializada,823,11201.7,0.0,1736.26,1904.3
2024-01-01,RN-MAD-ES17,A,especializada,875,16312.0,0.0,2528.36,2773.0
2024-02-01,RN-MAD-ES17,A,especializada,875,15013.8,0.0,2327.14,2552.4
2024-03-01,RN-MAD-ES17,A,especializada,875,13142.5,0.0,2037.09,2234.2
2024-04-01,RN-MAD-ES17,A,especializada,875,13183.9,0.0,2043.51,2241.3
2024-05-01,RN-MAD-ES17,A,especializada,875,14106.2,0.0,2186.46,2398.1
2024-06-01,RN-MAD-ES17,A,especializada,875,16161.2,0.0,2504.99,2747.4
2024-07-01,RN-MAD-ES17,A,especializada,875,17790.0,0.0,2757.45,3024.3
2024-08-01,RN-MAD-ES17,A,especializada,875,18457.4,0.0,2860.89,3137.8
2024-09-01,RN-MAD-ES17,A,especializada,875,16069.5,0.0,2490.77,2731.8
2024-10-01,RN-MAD-ES17,A,especializada,875,13995.1,0.0,2169.24,2379.2
2024-11-01,RN-MAD-ES17,A,especializada,875,14171.8,0.0,2196.63,2409.2
2024-12-01,RN-MAD-ES17,A,especializada,875,10766.1,0.0,1668.74,1830.2
2025-01-01,RN-MAD-ES17,A,especializada,875,15056.2,0.0,2333.7,2559.5
2025-02-01,RN-MAD-ES17,A,especializada,875,12836.3,0.0,1989.62,2182.2
2025-03-01,RN-MAD-ES17,A,especializada,875,14220.9,0.0,2204.24,2417.6
2025-04-01,RN-MAD-ES17,A,especializada,875,12679.8,0.0,1965.36,2155.6
2025-05-01,RN-MAD-ES17,A,especializada,875,13213.0,0.0,2048.01,2246.2
2025-06-01,RN-MAD-ES17,A,especializada,875,15957.6,0.0,2473.42,2712.8
2025-07-01,RN-MAD-ES17,A,especializada,875,16623.9,0.0,2576.71,2826.1
2025-08-01,RN-MAD-ES17,A,especializada,875,18102.5,0.0,2805.89,3077.4
2025-09-01,RN-MAD-ES17,A,especializada,875,15634.6,0.0,2423.36,2657.9
2025-10-01,RN-MAD-ES17,A,especializada,875,12851.0,0.0,1991.91,2184.7
2025-11-01,RN-MAD-ES17,A,especializada,875,14150.0,0.0,2193.25,2405.5
2025-12-01,RN-MAD-ES17,A,especializada,875,11926.4,0.0,1848.6,2027.5
2024-01-01,RN-MAD-ES18,A,especializada,955,14538.1,0.0,2253.41,2471.5
2024-02-01,RN-MAD-ES18,A,especializada,955,14150.4,0.0,2193.31,2405.6
2024-03-01,RN-MAD-ES18,A,especializada,955,14639.0,0.0,2269.04,2488.6
2024-04-01,RN-MAD-ES18,A,especializada,955,15934.9,0.0,2469.91,2708.9
2024-05-01,RN-MAD-ES18,A,especializada,955,,0.0,,
2024-06-01,RN-MAD-ES18,A,especializada,955,17210.8,0.0,2667.67,2925.8
2024-07-01,RN-MAD-ES18,A,especializada,955,19418.0,0.0,3009.79,3301.1
2024-08-01,RN-MAD-ES18,A,especializada,955,17953.5,0.0,2782.79,3052.1
2024-09-01,RN-MAD-ES18,A,especializada,955,16020.0,0.0,2483.09,2723.4
2024-10-01,RN-MAD-ES18,A,especializada,955,14872.5,0.0,2305.24,2528.3
2024-11-01,RN-MAD-ES18,A,especializada,955,14977.8,0.0,2321.57,2546.2
2024-12-01,RN-MAD-ES18,A,especializada,955,14442.6,0.0,2238.6,2455.2
2025-01-01,RN-MAD-ES18,A,especializada,955,16767.1,0.0,2598.9,2850.4
2025-02-01,RN-MAD-ES18,A,especializada,955,15676.1,0.0,2429.8,2664.9
2025-03-01,RN-MAD-ES18,A,especializada,955,13905.3,0.0,2155.32,2363.9
2025-04-01,RN-MAD-ES18,A,especializada,955,14867.7,0.0,2304.5,2527.5
2025-05-01,RN-MAD-ES18,A,especializada,955,,0.0,,
2025-06-01,RN-MAD-ES18,A,especializada,955,17250.1,0.0,2673.77,2932.5
2025-07-01,RN-MAD-ES18,A,especializada,955,20132.5,0.0,3120.53,3422.5
2025-08-01,RN-MAD-ES18,A,especializada,955,19455.1,0.0,3015.54,3307.4
2025-09-01,RN-MAD-ES18,A,especializada,955,17129.6,0.0,2655.08,2912.0
2025-10-01,RN-MAD-ES18,A,especializada,955,14106.8,0.0,2186.55,2398.2
2025-11-01,RN-MAD-ES18,A,especializada,955,14707.4,0.0,2279.64,2500.3
2025-12-01,RN-MAD-ES18,A,especializada,955,12529.3,0.0,1942.04,2130.0
2024-01-01,RN-MAD-ES19,A,especializada,891,14943.3,0.0,2316.21,2540.4
2024-02-01,RN-MAD-ES19,A,especializada,891,14666.1,0.0,2273.25,2493.2
2024-03-01,RN-MAD-ES19,A,especializada,891,13115.0,0.0,2032.82,2229.5
2024-04-01,RN-MAD-ES19,A,especializada,891,13499.6,0.0,2092.44,2294.9
2024-05-01,RN-MAD-ES19,A,especializada,891,14021.6,0.0,2173.34,2383.7
2024-06-01,RN-MAD-ES19,A,especializada,891,14521.1,0.0,2250.77,2468.6
2024-07-01,RN-MAD-ES19,A,especializada,891,16564.9,0.0,2567.56,2816.0
2024-08-01,RN-MAD-ES19,A,especializada,891,17909.4,0.0,2775.96,3044.6
2024-09-01,RN-MAD-ES19,A,especializada,891,14459.0,0.0,2241.14,2458.0
2024-10-01,RN-MAD-ES19,A,especializada,891,13714.2,0.0,2125.7,2331.4
2024-11-01,RN-MAD-ES19,A,especializada,891,13360.3,0.0,2070.84,2271.2
2024-12-01,RN-MAD-ES19,A,especializada,891,12948.2,0.0,2006.97,2201.2
2025-01-01,RN-MAD-ES19,A,especializada,891,15689.9,0.0,2431.93,2667.3
2025-02-01,RN-MAD-ES19,A,especializada,891,14431.7,0.0,2236.91,2453.4
2025-03-01,RN-MAD-ES19,A,especializada,891,13693.1,0.0,2122.43,2327.8
2025-04-01,RN-MAD-ES19,A,especializada,891,13067.6,0.0,2025.48,2221.5
2025-05-01,RN-MAD-ES19,A,especializada,891,14479.7,0.0,2244.35,2461.5
2025-06-01,RN-MAD-ES19,A,especializada,891,16503.9,0.0,2558.1,2805.7
2025-07-01,RN-MAD-ES19,A,especializada,891,18648.4,0.0,2890.5,3170.2
2025-08-01,RN-MAD-ES19,A,especializada,891,16689.1,0.0,2586.82,2837.2
2025-09-01,RN-MAD-ES19,A,especializada,891,15159.1,0.0,2349.66,2577.0
2025-10-01,RN-MAD-ES19,A,especializada,891,13530.2,0.0,2097.18,2300.1
2025-11-01,RN-MAD-ES19,A,especializada,891,13059.7,0.0,2024.26,2220.2
2025-12-01,RN-MAD-ES19,A,especializada,891,12935.7,0.0,2005.03,2199.1
2024-01-01,RN-MAD-ES20,A,especializada,853,15095.6,0.0,2339.82,2566.3
2024-02-01,RN-MAD-ES20,A,especializada,853,14507.8,0.0,2248.7,2466.3
2024-03-01,RN-MAD-ES20,A,especializada,853,12443.4,0.0,1928.72,2115.4
2024-04-01,RN-MAD-ES20,A,especializada,853,12367.7,0.0,1917.0,2102.5
2024-05-01,RN-MAD-ES20,A,especializada,853,14094.8,0.0,2184.69,2396.1
2024-06-01,RN-MAD-ES20,A,especializada,853,14891.8,0.0,2308.23,2531.6
2024-07-01,RN-MAD-ES20,A,especializada,853,17434.9,0.0,2702.41,2963.9
2024-08-01,RN-MAD-ES20,A,especializada,853,17044.1,0.0,2641.84,2897.5
2024-09-01,RN-MAD-ES20,A,especializada,853,15080.6,0.0,2337.5,2563.7
2024-10-01,RN-MAD-ES20,A,especializada,853,13078.6,0.0,2027.19,2223.4
2024-11-01,RN-MAD-ES20,A,especializada,853,13592.2,0.0,2106.79,2310.7
2024-12-01,RN-MAD-ES20,A,especializada,853,11897.6,0.0,1844.12,2022.6
2025-01-01,RN-MAD-ES20,A,especializada,853,14565.3,0.0,2257.62,2476.1
2025-02-01,RN-MAD-ES20,A,especializada,853,12644.3,0.0,1959.87,2149.5
2025-03-01,RN-MAD-ES20,A,especializada,853,14125.9,0.0,2189.52,2401.4
2025-04-01,RN-MAD-ES20,A,especializada,853,13554.7,0.0,2100.98,2304.3
2025-05-01,RN-MAD-ES20,A,especializada,853,12264.4,0.0,1900.98,2084.9
2025-06-01,RN-MAD-ES20,A,especializada,853,15660.5,0.0,2427.37,2662.3
2025-07-01,RN-MAD-ES20,A,especializada,853,15382.7,0.0,2384.31,2615.1
2025-08-01,RN-MAD-ES20,A,especializada,853,17357.1,0.0,2690.35,2950.7
2025-09-01,RN-MAD-ES20,A,especializada,853,15860.9,0.0,2458.45,2696.4
2025-10-01,RN-MAD-ES20,A,especializada,853,13166.8,0.0,2040.86,2238.4
2025-11-01,RN-MAD-ES20,A,especializada,853,13449.1,0.0,2084.6,2286.3
2025-12-01,RN-MAD-ES20,A,especializada,853,12803.3,0.0,1984.52,2176.6
2024-01-01,RN-MAD-CV01,A,conveniencia,355,11468.9,0.0,1777.67,1949.7
2024-02-01,RN-MAD-CV01,A,conveniencia,355,9579.7,0.0,1484.85,1628.5
2024-03-01,RN-MAD-CV01,A,conveniencia,355,8740.5,0.0,1354.77,1485.9
2024-04-01,RN-MAD-CV01,A,conveniencia,355,8768.3,0.0,1359.09,1490.6
2024-05-01,RN-MAD-CV01,A,conveniencia,355,10738.3,0.0,1664.44,1825.5
2024-06-01,RN-MAD-CV01,A,conveniencia,355,11076.0,0.0,1716.79,1882.9
2024-07-01,RN-MAD-CV01,A,conveniencia,355,11334.2,0.0,1756.8,1926.8
2024-08-01,RN-MAD-CV01,A,conveniencia,355,13075.1,0.0,2026.65,2222.8
2024-09-01,RN-MAD-CV01,A,conveniencia,355,10923.2,0.0,1693.1,1856.9
2024-10-01,RN-MAD-CV01,A,conveniencia,355,10222.9,0.0,1584.55,1737.9
2024-11-01,RN-MAD-CV01,A,conveniencia,355,10906.1,0.0,1690.44,1854.0
2024-12-01,RN-MAD-CV01,A,conveniencia,355,8464.0,0.0,1311.91,1438.9
2025-01-01,RN-MAD-CV01,A,conveniencia,355,10355.2,0.0,1605.05,1760.4
2025-02-01,RN-MAD-CV01,A,conveniencia,355,10115.1,0.0,1567.84,1719.6
2025-03-01,RN-MAD-CV01,A,conveniencia,355,9087.8,0.0,1408.6,1544.9
2025-04-01,RN-MAD-CV01,A,conveniencia,355,9691.6,0.0,1502.2,1647.6
2025-05-01,RN-MAD-CV01,A,conveniencia,355,9671.5,0.0,1499.08,1644.2
2025-06-01,RN-MAD-CV01,A,conveniencia,355,10190.8,0.0,1579.58,1732.4
2025-07-01,RN-MAD-CV01,A,conveniencia,355,11592.3,0.0,1796.8,1970.7
2025-08-01,RN-MAD-CV01,A,conveniencia,355,12903.3,0.0,2000.02,2193.6
2025-09-01,RN-MAD-CV01,A,conveniencia,355,11403.7,0.0,1767.57,1938.6
2025-10-01,RN-MAD-CV01,A,conveniencia,355,9435.6,0.0,1462.52,1604.1
2025-11-01,RN-MAD-CV01,A,conveniencia,355,9506.4,0.0,1473.5,1616.1
2025-12-01,RN-MAD-CV01,A,conveniencia,355,8412.8,0.0,1303.99,1430.2
2024-01-01,RN-MAD-CV02,A,conveniencia,374,12430.9,0.0,1926.79,2113.3
2024-02-01,RN-MAD-CV02,A,conveniencia,374,9796.1,0.0,1518.39,1665.3
2024-03-01,RN-MAD-CV02,A,conveniencia,374,9966.6,0.0,1544.83,1694.3
2024-04-01,RN-MAD-CV02,A,conveniencia,374,9870.1,0.0,1529.87,1677.9
2024-05-01,RN-MAD-CV02,A,conveniencia,374,10054.5,0.0,1558.45,1709.3
2024-06-01,RN-MAD-CV02,A,conveniencia,374,11521.5,0.0,1785.83,1958.7
2024-07-01,RN-MAD-CV02,A,conveniencia,374,13083.9,0.0,2028.0,2224.3
2024-08-01,RN-MAD-CV02,A,conveniencia,374,12178.9,0.0,1887.73,2070.4
2024-09-01,RN-MAD-CV02,A,conveniencia,374,11246.3,0.0,1743.17,1911.9
2024-10-01,RN-MAD-CV02,A,conveniencia,374,10644.8,0.0,1649.94,1809.6
2024-11-01,RN-MAD-CV02,A,conveniencia,374,10475.4,0.0,1623.69,1780.8
2024-12-01,RN-MAD-CV02,A,conveniencia,374,9269.0,0.0,1436.69,1575.7
2025-01-01,RN-MAD-CV02,A,conveniencia,374,10640.6,0.0,1649.29,1808.9
2025-02-01,RN-MAD-CV02,A,conveniencia,374,10827.1,0.0,1678.19,1840.6
2025-03-01,RN-MAD-CV02,A,conveniencia,374,9717.4,0.0,1506.19,1652.0
2025-04-01,RN-MAD-CV02,A,conveniencia,374,10712.8,0.0,1660.48,1821.2
2025-05-01,RN-MAD-CV02,A,conveniencia,374,10087.2,0.0,1563.52,1714.8
2025-06-01,RN-MAD-CV02,A,conveniencia,374,11703.5,0.0,1814.04,1989.6
2025-07-01,RN-MAD-CV02,A,conveniencia,374,12408.6,0.0,1923.33,2109.5
2025-08-01,RN-MAD-CV02,A,conveniencia,374,13117.8,0.0,2033.26,2230.0
2025-09-01,RN-MAD-CV02,A,conveniencia,374,13046.2,0.0,2022.16,2217.8
2025-10-01,RN-MAD-CV02,A,conveniencia,374,10726.8,0.0,1662.65,1823.6
2025-11-01,RN-MAD-CV02,A,conveniencia,374,10163.6,0.0,1575.37,1727.8
2025-12-01,RN-MAD-CV02,A,conveniencia,374,8923.2,0.0,1383.09,1516.9
2024-01-01,RN-MAD-CV03,A,conveniencia,351,12020.2,0.0,1863.12,2043.4
2024-02-01,RN-MAD-CV03,A,conveniencia,351,10382.7,0.0,1609.32,1765.1
2024-03-01,RN-MAD-CV03,A,conveniencia,351,10612.8,0.0,1644.99,1804.2
2024-04-01,RN-MAD-CV03,A,conveniencia,351,9243.8,0.0,1432.79,1571.4
2024-05-01,RN-MAD-CV03,A,conveniencia,351,9097.2,0.0,1410.07,1546.5
2024-06-01,RN-MAD-CV03,A,conveniencia,351,11128.2,0.0,1724.87,1891.8
2024-07-01,RN-MAD-CV03,A,conveniencia,351,12265.7,0.0,1901.19,2085.2
2024-08-01,RN-MAD-CV03,A,conveniencia,351,12008.7,0.0,1861.35,2041.5
2024-09-01,RN-MAD-CV03,A,conveniencia,351,10858.2,0.0,1683.02,1845.9
2024-10-01,RN-MAD-CV03,A,conveniencia,351,9888.7,0.0,1532.75,1681.1
2024-11-01,RN-MAD-CV03,A,conveniencia,351,9685.2,0.0,1501.21,1646.5
2024-12-01,RN-MAD-CV03,A,conveniencia,351,9028.8,0.0,1399.47,1534.9
2025-01-01,RN-MAD-CV03,A,conveniencia,351,10851.1,0.0,1681.92,1844.7
2025-02-01,RN-MAD-CV03,A,conveniencia,351,9953.4,0.0,1542.78,1692.1
2025-03-01,RN-MAD-CV03,A,conveniencia,351,9279.7,0.0,1438.36,1577.6
2025-04-01,RN-MAD-CV03,A,conveniencia,351,9389.3,0.0,1455.34,1596.2
2025-05-01,RN-MAD-CV03,A,conveniencia,351,9512.5,0.0,1474.43,1617.1
2025-06-01,RN-MAD-CV03,A,conveniencia,351,9704.7,0.0,1504.23,1649.8
2025-07-01,RN-MAD-CV03,A,conveniencia,351,11419.7,0.0,1770.05,1941.3
2025-08-01,RN-MAD-CV03,A,conveniencia,351,12190.0,0.0,1889.45,2072.3
2025-09-01,RN-MAD-CV03,A,conveniencia,351,11356.5,0.0,1760.26,1930.6
2025-10-01,RN-MAD-CV03,A,conveniencia,351,9867.5,0.0,1529.47,1677.5
2025-11-01,RN-MAD-CV03,A,conveniencia,351,9339.6,0.0,1447.63,1587.7
2025-12-01,RN-MAD-CV03,A,conveniencia,351,9166.9,0.0,1420.86,1558.4
2024-01-01,RN-MAD-CV04,A,conveniencia,408,12460.4,0.0,1931.35,2118.3
2024-02-01,RN-MAD-CV04,A,conveniencia,408,12227.8,0.0,1895.31,2078.7
2024-03-01,RN-MAD-CV04,A,conveniencia,408,11313.3,0.0,1753.56,1923.3
2024-04-01,RN-MAD-CV04,A,conveniencia,408,10729.9,0.0,1663.14,1824.1
2024-05-01,RN-MAD-CV04,A,conveniencia,408,10835.7,0.0,1679.53,1842.1
2024-06-01,RN-MAD-CV04,A,conveniencia,408,11931.6,0.0,1849.39,2028.4
2024-07-01,RN-MAD-CV04,A,conveniencia,408,14599.2,0.0,2262.87,2481.9
2024-08-01,RN-MAD-CV04,A,conveniencia,408,14240.6,0.0,2207.29,2420.9
2024-09-01,RN-MAD-CV04,A,conveniencia,408,11669.1,0.0,1808.71,1983.7
2024-10-01,RN-MAD-CV04,A,conveniencia,408,10570.3,0.0,1638.39,1796.9
2024-11-01,RN-MAD-CV04,A,conveniencia,408,11082.7,0.0,1717.81,1884.1
2024-12-01,RN-MAD-CV04,A,conveniencia,408,10124.3,0.0,1569.27,1721.1
2025-01-01,RN-MAD-CV04,A,conveniencia,408,12103.5,0.0,1876.04,2057.6
2025-02-01,RN-MAD-CV04,A,conveniencia,408,11834.2,0.0,1834.3,2011.8
2025-03-01,RN-MAD-CV04,A,conveniencia,408,12026.0,0.0,1864.03,2044.4
2025-04-01,RN-MAD-CV04,A,conveniencia,408,10051.4,0.0,1557.97,1708.7
2025-05-01,RN-MAD-CV04,A,conveniencia,408,10512.8,0.0,1629.49,1787.2
2025-06-01,RN-MAD-CV04,A,conveniencia,408,11903.1,0.0,1844.98,2023.5
2025-07-01,RN-MAD-CV04,A,conveniencia,408,14165.9,0.0,2195.71,2408.2
2025-08-01,RN-MAD-CV04,A,conveniencia,408,14422.5,0.0,2235.49,2451.8
2025-09-01,RN-MAD-CV04,A,conveniencia,408,12440.1,0.0,1928.21,2114.8
2025-10-01,RN-MAD-CV04,A,conveniencia,408,11426.8,0.0,1771.16,1942.6
2025-11-01,RN-MAD-CV04,A,conveniencia,408,11349.0,0.0,1759.1,1929.3
2025-12-01,RN-MAD-CV04,A,conveniencia,408,10229.0,0.0,1585.5,1738.9
2024-01-01,RN-MAD-CV05,A,conveniencia,305,9347.4,0.0,1448.85,1589.1
2024-02-01,RN-MAD-CV05,A,conveniencia,305,8635.0,0.0,1338.43,1468.0
2024-03-01,RN-MAD-CV05,A,conveniencia,305,7825.3,0.0,1212.93,1330.3
2024-04-01,RN-MAD-CV05,A,conveniencia,305,8078.8,0.0,1252.22,1373.4
2024-05-01,RN-MAD-CV05,A,conveniencia,305,8485.8,0.0,1315.3,1442.6
2024-06-01,RN-MAD-CV05,A,conveniencia,305,9712.6,0.0,1505.45,1651.1
2024-07-01,RN-MAD-CV05,A,conveniencia,305,9866.5,0.0,1529.3,1677.3
2024-08-01,RN-MAD-CV05,A,conveniencia,305,10010.0,0.0,1551.55,1701.7
2024-09-01,RN-MAD-CV05,A,conveniencia,305,8730.3,0.0,1353.2,1484.2
2024-10-01,RN-MAD-CV05,A,conveniencia,305,8363.1,0.0,1296.28,1421.7
2024-11-01,RN-MAD-CV05,A,conveniencia,305,8678.6,0.0,1345.18,1475.4
2024-12-01,RN-MAD-CV05,A,conveniencia,305,6609.5,0.0,1024.47,1123.6
2025-01-01,RN-MAD-CV05,A,conveniencia,305,9181.6,0.0,1423.14,1560.9
2025-02-01,RN-MAD-CV05,A,conveniencia,305,9474.9,0.0,1468.61,1610.7
2025-03-01,RN-MAD-CV05,A,conveniencia,305,7679.8,0.0,1190.37,1305.6
2025-04-01,RN-MAD-CV05,A,conveniencia,305,8582.3,0.0,1330.25,1459.0
2025-05-01,RN-MAD-CV05,A,conveniencia,305,7586.6,0.0,1175.92,1289.7
2025-06-01,RN-MAD-CV05,A,conveniencia,305,9829.7,0.0,1523.61,1671.1
2025-07-01,RN-MAD-CV05,A,conveniencia,305,10148.3,0.0,1572.98,1725.2
2025-08-01,RN-MAD-CV05,A,conveniencia,305,10746.5,0.0,1665.7,1826.9
2025-09-01,RN-MAD-CV05,A,conveniencia,305,9284.3,0.0,1439.07,1578.3
2025-10-01,RN-MAD-CV05,A,conveniencia,305,9009.6,0.0,1396.49,1531.6
2025-11-01,RN-MAD-CV05,A,conveniencia,305,8669.7,0.0,1343.8,1473.8
2025-12-01,RN-MAD-CV05,A,conveniencia,305,7913.5,0.0,1226.6,1345.3
2024-01-01,RN-MAD-CV06,A,conveniencia,350,11446.1,0.0,1774.14,1945.8
2024-02-01,RN-MAD-CV06,A,conveniencia,350,9915.5,0.0,1536.91,1685.6
2024-03-01,RN-MAD-CV06,A,conveniencia,350,9810.2,0.0,1520.58,1667.7
2024-04-01,RN-MAD-CV06,A,conveniencia,350,9768.8,0.0,1514.17,1660.7
2024-05-01,RN-MAD-CV06,A,conveniencia,350,9644.0,0.0,1494.82,1639.5
2024-06-01,RN-MAD-CV06,A,conveniencia,350,12241.3,0.0,1897.41,2081.0
2024-07-01,RN-MAD-CV06,A,conveniencia,350,,0.0,,
2024-08-01,RN-MAD-CV06,A,conveniencia,350,11554.0,0.0,1790.87,1964.2
2024-09-01,RN-MAD-CV06,A,conveniencia,350,9938.3,0.0,1540.43,1689.5
2024-10-01,RN-MAD-CV06,A,conveniencia,350,9010.7,0.0,1396.66,1531.8
2024-11-01,RN-MAD-CV06,A,conveniencia,350,9126.3,0.0,1414.58,1551.5
2024-12-01,RN-MAD-CV06,A,conveniencia,350,8227.7,0.0,1275.29,1398.7
2025-01-01,RN-MAD-CV06,A,conveniencia,350,10357.0,0.0,1605.34,1760.7
2025-02-01,RN-MAD-CV06,A,conveniencia,350,11593.4,0.0,1796.98,1970.9
2025-03-01,RN-MAD-CV06,A,conveniencia,350,9738.0,0.0,1509.39,1655.5
2025-04-01,RN-MAD-CV06,A,conveniencia,350,9276.2,0.0,1437.82,1577.0
2025-05-01,RN-MAD-CV06,A,conveniencia,350,9395.9,0.0,1456.36,1597.3
2025-06-01,RN-MAD-CV06,A,conveniencia,350,10400.2,0.0,1612.03,1768.0
2025-07-01,RN-MAD-CV06,A,conveniencia,350,11066.9,0.0,1715.37,1881.4
2025-08-01,RN-MAD-CV06,A,conveniencia,350,12054.4,0.0,1868.43,2049.3
2025-09-01,RN-MAD-CV06,A,conveniencia,350,10613.7,0.0,1645.12,1804.3
2025-10-01,RN-MAD-CV06,A,conveniencia,350,9879.7,0.0,1531.35,1679.5
2025-11-01,RN-MAD-CV06,A,conveniencia,350,8673.2,0.0,1344.34,1474.4
2025-12-01,RN-MAD-CV06,A,conveniencia,350,8581.0,0.0,1330.06,1458.8
2024-01-01,RN-MAD-CV07,A,conveniencia,338,9788.9,0.0,1517.29,1664.1
2024-02-01,RN-MAD-CV07,A,conveniencia,338,9250.8,0.0,1433.88,1572.6
2024-03-01,RN-MAD-CV07,A,conveniencia,338,9567.1,0.0,1482.91,1626.4
2024-04-01,RN-MAD-CV07,A,conveniencia,338,8445.2,0.0,1309.0,1435.7
2024-05-01,RN-MAD-CV07,A,conveniencia,338,9310.5,0.0,1443.12,1582.8
2024-06-01,RN-MAD-CV07,A,conveniencia,338,10968.4,0.0,1700.11,1864.6
2024-07-01,RN-MAD-CV07,A,conveniencia,338,12792.8,0.0,1982.88,2174.8
2024-08-01,RN-MAD-CV07,A,conveniencia,338,12383.9,0.0,1919.5,2105.3
2024-09-01,RN-MAD-CV07,A,conveniencia,338,10113.3,0.0,1567.56,1719.3
2024-10-01,RN-MAD-CV07,A,conveniencia,338,8445.1,0.0,1308.98,1435.7
2024-11-01,RN-MAD-CV07,A,conveniencia,338,9058.5,0.0,1404.07,1539.9
2024-12-01,RN-MAD-CV07,A,conveniencia,338,8696.1,0.0,1347.89,1478.3
2025-01-01,RN-MAD-CV07,A,conveniencia,338,10453.1,0.0,1620.22,1777.0
2025-02-01,RN-MAD-CV07,A,conveniencia,338,9477.7,0.0,1469.04,1611.2
2025-03-01,RN-MAD-CV07,A,conveniencia,338,8965.6,0.0,1389.66,1524.1
2025-04-01,RN-MAD-CV07,A,conveniencia,338,8284.8,0.0,1284.15,1408.4
2025-05-01,RN-MAD-CV07,A,conveniencia,338,,0.0,,
2025-06-01,RN-MAD-CV07,A,conveniencia,338,10747.6,0.0,1665.88,1827.1
2025-07-01,RN-MAD-CV07,A,conveniencia,338,11406.2,0.0,1767.95,1939.0
2025-08-01,RN-MAD-CV07,A,conveniencia,338,11697.8,0.0,1813.15,1988.6
2025-09-01,RN-MAD-CV07,A,conveniencia,338,10188.0,0.0,1579.14,1732.0
2025-10-01,RN-MAD-CV07,A,conveniencia,338,9152.0,0.0,1418.56,1555.8
2025-11-01,RN-MAD-CV07,A,conveniencia,338,9620.4,0.0,1491.17,1635.5
2025-12-01,RN-MAD-CV07,A,conveniencia,338,8034.2,0.0,1245.31,1365.8
2024-01-01,RN-MAD-CV08,A,conveniencia,418,12472.3,0.0,1933.21,2120.3
2024-02-01,RN-MAD-CV08,A,conveniencia,418,10486.1,0.0,1625.35,1782.6
2024-03-01,RN-MAD-CV08,A,conveniencia,418,11016.1,0.0,1707.5,1872.7
2024-04-01,RN-MAD-CV08,A,conveniencia,418,10979.6,0.0,1701.84,1866.5
2024-05-01,RN-MAD-CV08,A,conveniencia,418,10689.1,0.0,1656.81,1817.2
2024-06-01,RN-MAD-CV08,A,conveniencia,418,14015.7,0.0,2172.43,2382.7
2024-07-01,RN-MAD-CV08,A,conveniencia,418,13566.8,0.0,2102.86,2306.4
2024-08-01,RN-MAD-CV08,A,conveniencia,418,15177.9,0.0,2352.58,2580.2
2024-09-01,RN-MAD-CV08,A,conveniencia,418,11990.9,0.0,1858.59,2038.5
2024-10-01,RN-MAD-CV08,A,conveniencia,418,11841.0,0.0,1835.35,2013.0
2024-11-01,RN-MAD-CV08,A,conveniencia,418,12247.0,0.0,1898.29,2082.0
2024-12-01,RN-MAD-CV08,A,conveniencia,418,11056.0,0.0,1713.68,1879.5
2025-01-01,RN-MAD-CV08,A,conveniencia,418,13807.9,0.0,2140.23,2347.3
2025-02-01,RN-MAD-CV08,A,conveniencia,418,12483.9,0.0,1935.01,2122.3
2025-03-01,RN-MAD-CV08,A,conveniencia,418,11996.2,0.0,1859.41,2039.3
2025-04-01,RN-MAD-CV08,A,conveniencia,418,10466.0,0.0,1622.23,1779.2
2025-05-01,RN-MAD-CV08,A,conveniencia,418,10903.5,0.0,1690.05,1853.6
2025-06-01,RN-MAD-CV08,A,conveniencia,418,13224.9,0.0,2049.86,2248.2
2025-07-01,RN-MAD-CV08,A,conveniencia,418,13828.7,0.0,2143.45,2350.9
2025-08-01,RN-MAD-CV08,A,conveniencia,418,14081.7,0.0,2182.66,2393.9
2025-09-01,RN-MAD-CV08,A,conveniencia,418,12350.7,0.0,1914.36,2099.6
2025-10-01,RN-MAD-CV08,A,conveniencia,418,12106.2,0.0,1876.46,2058.1
2025-11-01,RN-MAD-CV08,A,conveniencia,418,12296.1,0.0,1905.89,2090.3
2025-12-01,RN-MAD-CV08,A,conveniencia,418,9948.6,0.0,1542.03,1691.3
2024-01-01,RN-MAD-CV09,A,conveniencia,420,13019.2,0.0,2017.97,2213.3
2024-02-01,RN-MAD-CV09,A,conveniencia,420,11587.9,0.0,1796.12,1969.9
2024-03-01,RN-MAD-CV09,A,conveniencia,420,12018.3,0.0,1862.84,2043.1
2024-04-01,RN-MAD-CV09,A,conveniencia,420,11079.8,0.0,1717.37,1883.6
2024-05-01,RN-MAD-CV09,A,conveniencia,420,11307.8,0.0,1752.71,1922.3
2024-06-01,RN-MAD-CV09,A,conveniencia,420,12765.1,0.0,1978.59,2170.1
2024-07-01,RN-MAD-CV09,A,conveniencia,420,12840.9,0.0,1990.33,2182.9
2024-08-01,RN-MAD-CV09,A,conveniencia,420,15552.6,0.0,2410.65,2643.9
2024-09-01,RN-MAD-CV09,A,conveniencia,420,12507.3,0.0,1938.63,2126.2
2024-10-01,RN-MAD-CV09,A,conveniencia,420,11624.3,0.0,1801.77,1976.1
2024-11-01,RN-MAD-CV09,A,conveniencia,420,11200.9,0.0,1736.13,1904.1
2024-12-01,RN-MAD-CV09,A,conveniencia,420,10332.1,0.0,1601.47,1756.4
2025-01-01,RN-MAD-CV09,A,conveniencia,420,12272.2,0.0,1902.19,2086.3
2025-02-01,RN-MAD-CV09,A,conveniencia,420,12293.3,0.0,1905.45,2089.9
2025-03-01,RN-MAD-CV09,A,conveniencia,420,11944.9,0.0,1851.46,2030.6
2025-04-01,RN-MAD-CV09,A,conveniencia,420,10989.5,0.0,1703.37,1868.2
2025-05-01,RN-MAD-CV09,A,conveniencia,420,11826.2,0.0,1833.06,2010.5
2025-06-01,RN-MAD-CV09,A,conveniencia,420,12188.8,0.0,1889.26,2072.1
2025-07-01,RN-MAD-CV09,A,conveniencia,420,14439.5,0.0,2238.12,2454.7
2025-08-01,RN-MAD-CV09,A,conveniencia,420,14291.3,0.0,2215.15,2429.5
2025-09-01,RN-MAD-CV09,A,conveniencia,420,12089.9,0.0,1873.93,2055.3
2025-10-01,RN-MAD-CV09,A,conveniencia,420,12270.4,0.0,1901.91,2086.0
2025-11-01,RN-MAD-CV09,A,conveniencia,420,11093.7,0.0,1719.52,1885.9
2025-12-01,RN-MAD-CV09,A,conveniencia,420,10062.8,0.0,1559.74,1710.7
2024-01-01,RN-MAD-CV10,A,conveniencia,390,12165.8,0.0,1885.69,2068.2
2024-02-01,RN-MAD-CV10,A,conveniencia,390,11587.3,0.0,1796.04,1969.8
2024-03-01,RN-MAD-CV10,A,conveniencia,390,10930.9,0.0,1694.28,1858.2
2024-04-01,RN-MAD-CV10,A,conveniencia,390,10906.2,0.0,1690.47,1854.1
2024-05-01,RN-MAD-CV10,A,conveniencia,390,11454.7,0.0,1775.47,1947.3
2024-06-01,RN-MAD-CV10,A,conveniencia,390,12922.9,0.0,2003.04,2196.9
2024-07-01,RN-MAD-CV10,A,conveniencia,390,12099.4,0.0,1875.41,2056.9
2024-08-01,RN-MAD-CV10,A,conveniencia,390,13664.2,0.0,2117.96,2322.9
2024-09-01,RN-MAD-CV10,A,conveniencia,390,11933.1,0.0,1849.63,2028.6
2024-10-01,RN-MAD-CV10,A,conveniencia,390,9968.4,0.0,1545.11,1694.6
2024-11-01,RN-MAD-CV10,A,conveniencia,390,11057.7,0.0,1713.95,1879.8
2024-12-01,RN-MAD-CV10,A,conveniencia,390,9097.6,0.0,1410.13,1546.6
2025-01-01,RN-MAD-CV10,A,conveniencia,390,11662.4,0.0,1807.66,1982.6
2025-02-01,RN-MAD-CV10,A,conveniencia,390,11304.6,0.0,1752.22,1921.8
2025-03-01,RN-MAD-CV10,A,conveniencia,390,11110.5,0.0,1722.12,1888.8
2025-04-01,RN-MAD-CV10,A,conveniencia,390,10365.4,0.0,1606.64,1762.1
2025-05-01,RN-MAD-CV10,A,conveniencia,390,10618.5,0.0,1645.87,1805.1
2025-06-01,RN-MAD-CV10,A,conveniencia,390,13092.6,0.0,2029.35,2225.7
2025-07-01,RN-MAD-CV10,A,conveniencia,390,13432.1,0.0,2081.97,2283.5
2025-08-01,RN-MAD-CV10,A,conveniencia,390,13290.4,0.0,2060.01,2259.4
2025-09-01,RN-MAD-CV10,A,conveniencia,390,12324.3,0.0,1910.27,2095.1
2025-10-01,RN-MAD-CV10,A,conveniencia,390,11971.8,0.0,1855.64,2035.2
2025-11-01,RN-MAD-CV10,A,conveniencia,390,9973.4,0.0,1545.88,1695.5
2025-12-01,RN-MAD-CV10,A,conveniencia,390,9375.1,0.0,1453.14,1593.8
2024-01-01,RN-BCN-GA01,B,gran_almacen,16995,374867.1,123628.3,65769.35,86227.8
2024-02-01,RN-BCN-GA01,B,gran_almacen,16995,353056.6,124926.0,62469.18,82756.1
2024-03-01,RN-BCN-GA01,B,gran_almacen,16995,353351.4,88281.5,60242.92,76137.0
2024-04-01,RN-BCN-GA01,B,gran_almacen,16995,339497.4,63456.2,56556.39,69263.6
2024-05-01,RN-BCN-GA01,B,gran_almacen,16995,348168.5,38020.7,56323.4,66108.4
2024-06-01,RN-BCN-GA01,B,gran_almacen,16995,390988.7,19505.4,61812.58,70018.1
2024-07-01,RN-BCN-GA01,B,gran_almacen,16995,399479.7,13282.5,62742.87,70329.0
2024-08-01,RN-BCN-GA01,B,gran_almacen,16995,403066.1,13002.5,63281.4,70887.7
2024-09-01,RN-BCN-GA01,B,gran_almacen,16995,,23840.6,,
2024-10-01,RN-BCN-GA01,B,gran_almacen,16995,331452.5,54793.0,54772.31,66319.3
2024-11-01,RN-BCN-GA01,B,gran_almacen,16995,343865.5,69076.9,57581.92,71029.1
2024-12-01,RN-BCN-GA01,B,gran_almacen,16995,314155.3,79262.6,53608.34,67832.2
2025-01-01,RN-BCN-GA01,B,gran_almacen,16995,413407.9,121552.7,71614.49,92401.9
2025-02-01,RN-BCN-GA01,B,gran_almacen,16995,359803.6,121459.2,63300.03,83272.2
2025-03-01,RN-BCN-GA01,B,gran_almacen,16995,354218.6,76474.4,59645.3,74135.5
2025-04-01,RN-BCN-GA01,B,gran_almacen,16995,337770.8,58938.3,56008.65,68147.8
2025-05-01,RN-BCN-GA01,B,gran_almacen,16995,350643.5,36737.9,56627.5,66295.7
2025-06-01,RN-BCN-GA01,B,gran_almacen,16995,398378.2,15274.0,62695.61,70504.2
2025-07-01,RN-BCN-GA01,B,gran_almacen,16995,445753.3,13421.0,69923.86,78220.7
2025-08-01,RN-BCN-GA01,B,gran_almacen,16995,423915.2,14057.4,66578.42,74624.0
2025-09-01,RN-BCN-GA01,B,gran_almacen,16995,355555.3,25009.5,56661.65,64996.1
2025-10-01,RN-BCN-GA01,B,gran_almacen,16995,351927.4,48985.3,57585.84,68743.0
2025-11-01,RN-BCN-GA01,B,gran_almacen,16995,359823.0,84526.4,61013.21,76553.7
2025-12-01,RN-BCN-GA01,B,gran_almacen,16995,314303.3,82397.0,53825.62,68427.8
2024-01-01,RN-BCN-GA02,B,gran_almacen,19676,440349.2,127590.4,76164.74,98080.8
2024-02-01,RN-BCN-GA02,B,gran_almacen,19676,416054.0,122654.8,72092.96,93052.3
2024-03-01,RN-BCN-GA02,B,gran_almacen,19676,431399.0,95890.4,72812.05,90789.9
2024-04-01,RN-BCN-GA02,B,gran_almacen,19676,426491.9,62874.7,70004.48,83946.8
2024-05-01,RN-BCN-GA02,B,gran_almacen,19676,412439.0,36589.7,66196.62,76774.0
2024-06-01,RN-BCN-GA02,B,gran_almacen,19676,438025.0,23565.9,69354.96,78753.2
2024-07-01,RN-BCN-GA02,B,gran_almacen,19676,493976.5,15854.4,77549.33,86861.5
2024-08-01,RN-BCN-GA02,B,gran_almacen,19676,488144.9,17232.3,76730.86,86120.9
2024-09-01,RN-BCN-GA02,B,gran_almacen,19676,405177.1,27244.8,64491.63,73838.7
2024-10-01,RN-BCN-GA02,B,gran_almacen,19676,397895.6,57793.2,65257.0,78160.6
2024-11-01,RN-BCN-GA02,B,gran_almacen,19676,377197.3,100039.7,64668.04,82330.8
2024-12-01,RN-BCN-GA02,B,gran_almacen,19676,351920.3,93448.9,60341.48,76834.2
2025-01-01,RN-BCN-GA02,B,gran_almacen,19676,477839.3,138067.7,82625.29,106361.0
2025-02-01,RN-BCN-GA02,B,gran_almacen,19676,433399.0,123971.3,74863.07,96240.6
2025-03-01,RN-BCN-GA02,B,gran_almacen,19676,385635.9,113649.4,66819.83,86242.3
2025-04-01,RN-BCN-GA02,B,gran_almacen,19676,391672.0,67987.7,64924.39,78958.0
2025-05-01,RN-BCN-GA02,B,gran_almacen,19676,380610.1,38343.4,61371.86,71682.2
2025-06-01,RN-BCN-GA02,B,gran_almacen,19676,443521.2,19249.1,69939.23,78901.9
2025-07-01,RN-BCN-GA02,B,gran_almacen,19676,506019.3,16330.9,79445.51,88995.5
2025-08-01,RN-BCN-GA02,B,gran_almacen,19676,525930.2,16220.1,82524.84,92360.2
2025-09-01,RN-BCN-GA02,B,gran_almacen,19676,443306.3,30528.3,70605.24,80918.2
2025-10-01,RN-BCN-GA02,B,gran_almacen,19676,394731.7,65184.7,65224.87,78968.0
2025-11-01,RN-BCN-GA02,B,gran_almacen,19676,383549.9,97661.0,65505.21,82977.8
2025-12-01,RN-BCN-GA02,B,gran_almacen,19676,348042.7,89961.2,59524.21,75540.2
2024-01-01,RN-BCN-HI01,B,hipermercado,2209,111892.8,10611.5,18001.3,20953.1
2024-02-01,RN-BCN-HI01,B,hipermercado,2209,95077.8,8352.6,15254.92,17683.4
2024-03-01,RN-BCN-HI01,B,hipermercado,2209,95508.4,7475.5,15267.28,17597.0
2024-04-01,RN-BCN-HI01,B,hipermercado,2209,89976.6,5064.5,14260.37,16217.8
2024-05-01,RN-BCN-HI01,B,hipermercado,2209,86537.2,3006.8,13599.69,15258.6
2024-06-01,RN-BCN-HI01,B,hipermercado,2209,112807.9,1503.1,17578.42,19450.9
2024-07-01,RN-BCN-HI01,B,hipermercado,2209,114784.8,1152.0,17863.06,19723.1
2024-08-01,RN-BCN-HI01,B,hipermercado,2209,121550.2,1049.0,18905.32,20854.4
2024-09-01,RN-BCN-HI01,B,hipermercado,2209,108708.5,2118.2,16981.14,18865.9
2024-10-01,RN-BCN-HI01,B,hipermercado,2209,94628.8,4146.0,14924.51,16841.5
2024-11-01,RN-BCN-HI01,B,hipermercado,2209,95264.7,6689.3,15180.77,17412.5
2024-12-01,RN-BCN-HI01,B,hipermercado,2209,85461.1,6716.9,13662.92,15750.9
2025-01-01,RN-BCN-HI01,B,hipermercado,2209,106505.7,9448.8,17094.2,19825.6
2025-02-01,RN-BCN-HI01,B,hipermercado,2209,107513.1,8724.0,17205.42,19865.0
2025-03-01,RN-BCN-HI01,B,hipermercado,2209,92300.9,7336.2,14761.49,17026.3
2025-04-01,RN-BCN-HI01,B,hipermercado,2209,88260.1,5056.8,13993.84,15924.6
2025-05-01,RN-BCN-HI01,B,hipermercado,2209,94593.5,2585.7,14822.31,16551.5
2025-06-01,RN-BCN-HI01,B,hipermercado,2209,117335.4,1728.7,18294.16,20261.6
2025-07-01,RN-BCN-HI01,B,hipermercado,2209,124555.3,1167.1,19378.44,21386.8
2025-08-01,RN-BCN-HI01,B,hipermercado,2209,126435.9,1344.8,19680.95,21738.9
2025-09-01,RN-BCN-HI01,B,hipermercado,2209,113199.0,1960.5,17667.39,19600.6
2025-10-01,RN-BCN-HI01,B,hipermercado,2209,98643.1,4496.7,15568.48,17587.7
2025-11-01,RN-BCN-HI01,B,hipermercado,2209,94947.0,6674.5,15130.6,17355.7
2025-12-01,RN-BCN-HI01,B,hipermercado,2209,80702.0,5667.0,12860.16,14750.7
2024-01-01,RN-BCN-HI02,B,hipermercado,3288,163979.3,13385.6,26246.69,30312.7
2024-02-01,RN-BCN-HI02,B,hipermercado,3288,157212.2,12705.4,25155.62,29038.4
2024-03-01,RN-BCN-HI02,B,hipermercado,3288,144715.6,10246.8,23066.22,26466.6
2024-04-01,RN-BCN-HI02,B,hipermercado,3288,132113.1,7409.8,20936.94,23807.8
2024-05-01,RN-BCN-HI02,B,hipermercado,3288,134176.6,3905.2,21039.5,23520.8
2024-06-01,RN-BCN-HI02,B,hipermercado,3288,152481.5,2390.0,23782.82,26356.8
2024-07-01,RN-BCN-HI02,B,hipermercado,3288,186669.2,1761.3,29042.92,32054.3
2024-08-01,RN-BCN-HI02,B,hipermercado,3288,186535.2,1491.5,29005.43,31982.4
2024-09-01,RN-BCN-HI02,B,hipermercado,3288,144936.3,2737.9,22634.88,25137.5
2024-10-01,RN-BCN-HI02,B,hipermercado,3288,149935.0,6061.3,23615.72,26592.1
2024-11-01,RN-BCN-HI02,B,hipermercado,3288,143535.6,10116.9,22875.26,26242.3
2024-12-01,RN-BCN-HI02,B,hipermercado,3288,126505.7,8367.1,20127.15,23028.8
2025-01-01,RN-BCN-HI02,B,hipermercado,3288,149977.2,13718.2,24096.99,27992.8
2025-02-01,RN-BCN-HI02,B,hipermercado,3288,152544.6,12718.9,24432.99,28247.4
2025-03-01,RN-BCN-HI02,B,hipermercado,3288,147535.5,10395.9,23512.55,26973.1
2025-04-01,RN-BCN-HI02,B,hipermercado,3288,146785.5,7129.3,23193.76,26251.1
2025-05-01,RN-BCN-HI02,B,hipermercado,3288,137260.6,4342.8,21544.64,24124.7
2025-06-01,RN-BCN-HI02,B,hipermercado,3288,167686.0,2003.2,26115.53,28871.2
2025-07-01,RN-BCN-HI02,B,hipermercado,3288,182121.2,1763.3,28338.1,31281.5
2025-08-01,RN-BCN-HI02,B,hipermercado,3288,188568.4,1486.7,29320.27,32327.2
2025-09-01,RN-BCN-HI02,B,hipermercado,3288,150707.9,2924.6,23541.05,26152.6
2025-10-01,RN-BCN-HI02,B,hipermercado,3288,142443.5,6745.4,22496.96,25443.1
2025-11-01,RN-BCN-HI02,B,hipermercado,3288,135646.5,10515.8,21677.19,24973.8
2025-12-01,RN-BCN-HI02,B,hipermercado,3288,123419.9,8623.4,19664.73,22550.8
2024-01-01,RN-BCN-HI03,B,hipermercado,2219,105748.5,9052.8,16952.28,19624.8
2024-02-01,RN-BCN-HI03,B,hipermercado,2219,104290.4,10061.7,16788.84,19560.6
2024-03-01,RN-BCN-HI03,B,hipermercado,2219,95317.6,6542.1,15179.84,17394.7
2024-04-01,RN-BCN-HI03,B,hipermercado,2219,94669.8,4914.9,14978.53,16988.4
2024-05-01,RN-BCN-HI03,B,hipermercado,2219,94928.9,2846.4,14890.46,16656.0
2024-06-01,RN-BCN-HI03,B,hipermercado,2219,105073.8,1627.3,16387.33,18158.7
2024-07-01,RN-BCN-HI03,B,hipermercado,2219,124244.4,1107.5,19326.55,21323.1
2024-08-01,RN-BCN-HI03,B,hipermercado,2219,121228.3,1191.3,18864.25,20825.6
2024-09-01,RN-BCN-HI03,B,hipermercado,2219,113297.5,2164.2,17695.29,19654.4
2024-10-01,RN-BCN-HI03,B,hipermercado,2219,96308.5,4533.1,15208.87,17197.5
2024-11-01,RN-BCN-HI03,B,hipermercado,2219,101146.0,6104.5,16056.1,18305.8
2024-12-01,RN-BCN-HI03,B,hipermercado,2219,83674.2,6598.0,13378.58,15425.5
2025-01-01,RN-BCN-HI03,B,hipermercado,2219,110657.2,10203.4,17784.48,20668.8
2025-02-01,RN-BCN-HI03,B,hipermercado,2219,105911.9,8307.8,16931.42,19517.0
2025-03-01,RN-BCN-HI03,B,hipermercado,2219,95337.2,7466.7,15240.2,17566.3
2025-04-01,RN-BCN-HI03,B,hipermercado,2219,87545.8,4902.1,13873.53,15775.0
2025-05-01,RN-BCN-HI03,B,hipermercado,2219,88417.1,2938.7,13886.85,15565.8
2025-06-01,RN-BCN-HI03,B,hipermercado,2219,110758.2,1757.4,17276.48,19148.7
2025-07-01,RN-BCN-HI03,B,hipermercado,2219,113182.7,1112.9,17612.32,19443.6
2025-08-01,RN-BCN-HI03,B,hipermercado,2219,113615.8,1013.8,17673.29,19499.2
2025-09-01,RN-BCN-HI03,B,hipermercado,2219,110779.2,2109.9,17301.59,19216.5
2025-10-01,RN-BCN-HI03,B,hipermercado,2219,98135.1,3670.1,15438.48,17350.9
2025-11-01,RN-BCN-HI03,B,hipermercado,2219,92736.2,7654.1,14848.67,17158.2
2025-12-01,RN-BCN-HI03,B,hipermercado,2219,83953.6,6744.5,13430.97,15499.6
2024-01-01,RN-BCN-HI04,B,hipermercado,2776,123049.8,13988.9,19940.03,23464.4
2024-02-01,RN-BCN-HI04,B,hipermercado,2776,124830.8,10621.4,20007.3,23154.3
2024-03-01,RN-BCN-HI04,B,hipermercado,2776,113948.8,8958.3,18217.48,21001.7
2024-04-01,RN-BCN-HI04,B,hipermercado,2776,112467.2,5653.6,17782.93,20148.4
2024-05-01,RN-BCN-HI04,B,hipermercado,2776,120481.1,3739.6,18906.43,21162.4
2024-06-01,RN-BCN-HI04,B,hipermercado,2776,132182.7,1757.7,20597.29,22791.0
2024-07-01,RN-BCN-HI04,B,hipermercado,2776,148140.3,1487.3,23053.96,25454.5
2024-08-01,RN-BCN-HI04,B,hipermercado,2776,153718.7,1391.1,23912.64,26385.4
2024-09-01,RN-BCN-HI04,B,hipermercado,2776,122655.1,2794.9,19184.82,21360.0
2024-10-01,RN-BCN-HI04,B,hipermercado,2776,123637.3,5361.0,19496.17,21994.0
2024-11-01,RN-BCN-HI04,B,hipermercado,2776,122793.4,9033.1,19593.02,22518.9
2024-12-01,RN-BCN-HI04,B,hipermercado,2776,113916.9,8631.3,18192.26,20936.8
2025-01-01,RN-BCN-HI04,B,hipermercado,2776,,12463.6,,
2025-02-01,RN-BCN-HI04,B,hipermercado,2776,127302.6,10710.8,20395.97,23590.8
2025-03-01,RN-BCN-HI04,B,hipermercado,2776,114650.0,7876.9,18259.11,20924.1
2025-04-01,RN-BCN-HI04,B,hipermercado,2776,111438.3,6710.0,17688.96,20165.7
2025-05-01,RN-BCN-HI04,B,hipermercado,2776,123724.7,3651.1,19403.71,21697.7
2025-06-01,RN-BCN-HI04,B,hipermercado,2776,133250.0,1840.1,20767.83,22987.4
2025-07-01,RN-BCN-HI04,B,hipermercado,2776,165546.5,1347.0,25743.23,28388.1
2025-08-01,RN-BCN-HI04,B,hipermercado,2776,150863.8,1539.6,23479.35,25927.1
2025-09-01,RN-BCN-HI04,B,hipermercado,2776,123220.0,2472.2,19252.38,21397.3
2025-10-01,RN-BCN-HI04,B,hipermercado,2776,120857.7,5854.1,19095.9,21611.3
2025-11-01,RN-BCN-HI04,B,hipermercado,2776,110816.5,8168.0,17682.98,20325.4
2025-12-01,RN-BCN-HI04,B,hipermercado,2776,106280.4,7780.3,16955.84,19483.7
2024-01-01,RN-BCN-ES01,B,especializada,712,13027.8,0.0,2019.32,2214.7
2024-02-01,RN-BCN-ES01,B,especializada,712,11984.8,0.0,1857.64,2037.4
2024-03-01,RN-BCN-ES01,B,especializada,712,10740.4,0.0,1664.76,1825.9
2024-04-01,RN-BCN-ES01,B,especializada,712,11194.8,0.0,1735.2,1903.1
2024-05-01,RN-BCN-ES01,B,especializada,712,10972.4,0.0,1700.72,1865.3
2024-06-01,RN-BCN-ES01,B,especializada,712,13096.1,0.0,2029.89,2226.3
2024-07-01,RN-BCN-ES01,B,especializada,712,14755.7,0.0,2287.13,2508.5
2024-08-01,RN-BCN-ES01,B,especializada,712,15540.6,0.0,2408.8,2641.9
2024-09-01,RN-BCN-ES01,B,especializada,712,11916.6,0.0,1847.07,2025.8
2024-10-01,RN-BCN-ES01,B,especializada,712,11142.6,0.0,1727.1,1894.2
2024-11-01,RN-BCN-ES01,B,especializada,712,11171.9,0.0,1731.65,1899.2
2024-12-01,RN-BCN-ES01,B,especializada,712,10445.6,0.0,1619.07,1775.8
2025-01-01,RN-BCN-ES01,B,especializada,712,11869.1,0.0,1839.71,2017.7
2025-02-01,RN-BCN-ES01,B,especializada,712,11529.5,0.0,1787.08,1960.0
2025-03-01,RN-BCN-ES01,B,especializada,712,11445.7,0.0,1774.08,1945.8
2025-04-01,RN-BCN-ES01,B,especializada,712,9903.2,0.0,1535.0,1683.5
2025-05-01,RN-BCN-ES01,B,especializada,712,11949.2,0.0,1852.13,2031.4
2025-06-01,RN-BCN-ES01,B,especializada,712,11459.8,0.0,1776.26,1948.2
2025-07-01,RN-BCN-ES01,B,especializada,712,13209.3,0.0,2047.44,2245.6
2025-08-01,RN-BCN-ES01,B,especializada,712,14540.6,0.0,2253.79,2471.9
2025-09-01,RN-BCN-ES01,B,especializada,712,12478.7,0.0,1934.19,2121.4
2025-10-01,RN-BCN-ES01,B,especializada,712,10440.7,0.0,1618.3,1774.9
2025-11-01,RN-BCN-ES01,B,especializada,712,10900.7,0.0,1689.61,1853.1
2025-12-01,RN-BCN-ES01,B,especializada,712,10683.3,0.0,1655.92,1816.2
2024-01-01,RN-BCN-ES02,B,especializada,824,13216.6,0.0,2048.58,2246.8
2024-02-01,RN-BCN-ES02,B,especializada,824,13474.9,0.0,2088.62,2290.7
2024-03-01,RN-BCN-ES02,B,especializada,824,11961.6,0.0,1854.05,2033.5
2024-04-01,RN-BCN-ES02,B,especializada,824,12141.7,0.0,1881.96,2064.1
2024-05-01,RN-BCN-ES02,B,especializada,824,14098.8,0.0,2185.31,2396.8
2024-06-01,RN-BCN-ES02,B,especializada,824,14618.4,0.0,2265.85,2485.1
2024-07-01,RN-BCN-ES02,B,especializada,824,15267.7,0.0,2366.5,2595.5
2024-08-01,RN-BCN-ES02,B,especializada,824,17153.1,0.0,2658.73,2916.0
2024-09-01,RN-BCN-ES02,B,especializada,824,14570.9,0.0,2258.48,2477.0
2024-10-01,RN-BCN-ES02,B,especializada,824,13689.8,0.0,2121.92,2327.3
2024-11-01,RN-BCN-ES02,B,especializada,824,13537.8,0.0,2098.35,2301.4
2024-12-01,RN-BCN-ES02,B,especializada,824,10642.8,0.0,1649.64,1809.3
2025-01-01,RN-BCN-ES02,B,especializada,824,14041.9,0.0,2176.5,2387.1
2025-02-01,RN-BCN-ES02,B,especializada,824,13582.3,0.0,2105.26,2309.0
2025-03-01,RN-BCN-ES02,B,especializada,824,13489.7,0.0,2090.91,2293.3
2025-04-01,RN-BCN-ES02,B,especializada,824,13110.9,0.0,2032.19,2228.9
2025-05-01,RN-BCN-ES02,B,especializada,824,13055.3,0.0,2023.58,2219.4
2025-06-01,RN-BCN-ES02,B,especializada,824,14085.8,0.0,2183.3,2394.6
2025-07-01,RN-BCN-ES02,B,especializada,824,15790.7,0.0,2447.56,2684.4
2025-08-01,RN-BCN-ES02,B,especializada,824,15713.5,0.0,2435.6,2671.3
2025-09-01,RN-BCN-ES02,B,especializada,824,13735.0,0.0,2128.93,2335.0
2025-10-01,RN-BCN-ES02,B,especializada,824,12487.0,0.0,1935.49,2122.8
2025-11-01,RN-BCN-ES02,B,especializada,824,13513.5,0.0,2094.59,2297.3
2025-12-01,RN-BCN-ES02,B,especializada,824,11287.4,0.0,1749.54,1918.9
2024-01-01,RN-BCN-ES03,B,especializada,849,14195.2,0.0,2200.25,2413.2
2024-02-01,RN-BCN-ES03,B,especializada,849,15199.0,0.0,2355.85,2583.8
2024-03-01,RN-BCN-ES03,B,especializada,849,14507.6,0.0,2248.68,2466.3
2024-04-01,RN-BCN-ES03,B,especializada,849,12820.7,0.0,1987.21,2179.5
2024-05-01,RN-BCN-ES03,B,especializada,849,13104.8,0.0,2031.24,2227.8
2024-06-01,RN-BCN-ES03,B,especializada,849,15018.3,0.0,2327.84,2553.1
2024-07-01,RN-BCN-ES03,B,especializada,849,16061.0,0.0,2489.45,2730.4
2024-08-01,RN-BCN-ES03,B,especializada,849,17297.2,0.0,2681.07,2940.5
2024-09-01,RN-BCN-ES03,B,especializada,849,14504.8,0.0,2248.24,2465.8
2024-10-01,RN-BCN-ES03,B,especializada,849,12447.2,0.0,1929.32,2116.0
2024-11-01,RN-BCN-ES03,B,especializada,849,13761.7,0.0,2133.06,2339.5
2024-12-01,RN-BCN-ES03,B,especializada,849,11966.0,0.0,1854.73,2034.2
2025-01-01,RN-BCN-ES03,B,especializada,849,13551.1,0.0,2100.41,2303.7
2025-02-01,RN-BCN-ES03,B,especializada,849,13599.1,0.0,2107.86,2311.8
2025-03-01,RN-BCN-ES03,B,especializada,849,14362.0,0.0,2226.12,2441.5
2025-04-01,RN-BCN-ES03,B,especializada,849,13806.3,0.0,2139.98,2347.1
2025-05-01,RN-BCN-ES03,B,especializada,849,13181.6,0.0,2043.15,2240.9
2025-06-01,RN-BCN-ES03,B,especializada,849,14274.5,0.0,2212.55,2426.7
2025-07-01,RN-BCN-ES03,B,especializada,849,15238.4,0.0,2361.95,2590.5
2025-08-01,RN-BCN-ES03,B,especializada,849,16633.6,0.0,2578.21,2827.7
2025-09-01,RN-BCN-ES03,B,especializada,849,14306.3,0.0,2217.48,2432.1
2025-10-01,RN-BCN-ES03,B,especializada,849,12883.9,0.0,1997.0,2190.3
2025-11-01,RN-BCN-ES03,B,especializada,849,13757.9,0.0,2132.48,2338.8
2025-12-01,RN-BCN-ES03,B,especializada,849,11600.0,0.0,1798.0,1972.0
2024-01-01,RN-BCN-ES04,B,especializada,793,13484.5,0.0,2090.09,2292.4
2024-02-01,RN-BCN-ES04,B,especializada,793,13166.1,0.0,2040.74,2238.2
2024-03-01,RN-BCN-ES04,B,especializada,793,11600.0,0.0,1798.0,1972.0
2024-04-01,RN-BCN-ES04,B,especializada,793,11371.8,0.0,1762.63,1933.2
2024-05-01,RN-BCN-ES04,B,especializada,793,11971.5,0.0,1855.58,2035.2
2024-06-01,RN-BCN-ES04,B,especializada,793,14071.4,0.0,2181.07,2392.1
2024-07-01,RN-BCN-ES04,B,especializada,793,15374.8,0.0,2383.1,2613.7
2024-08-01,RN-BCN-ES04,B,especializada,793,16946.7,0.0,2626.74,2880.9
2024-09-01,RN-BCN-ES04,B,especializada,793,,0.0,,
2024-10-01,RN-BCN-ES04,B,especializada,793,11796.4,0.0,1828.44,2005.4
2024-11-01,RN-BCN-ES04,B,especializada,793,12044.8,0.0,1866.95,2047.6
2024-12-01,RN-BCN-ES04,B,especializada,793,10874.1,0.0,1685.48,1848.6
2025-01-01,RN-BCN-ES04,B,especializada,793,13722.5,0.0,2126.98,2332.8
2025-02-01,RN-BCN-ES04,B,especializada,793,13213.5,0.0,2048.1,2246.3
2025-03-01,RN-BCN-ES04,B,especializada,793,11318.8,0.0,1754.42,1924.2
2025-04-01,RN-BCN-ES04,B,especializada,793,12196.8,0.0,1890.51,2073.5
2025-05-01,RN-BCN-ES04,B,especializada,793,12830.8,0.0,1988.78,2181.2
2025-06-01,RN-BCN-ES04,B,especializada,793,15537.2,0.0,2408.26,2641.3
2025-07-01,RN-BCN-ES04,B,especializada,793,14920.0,0.0,2312.6,2536.4
2025-08-01,RN-BCN-ES04,B,especializada,793,15342.1,0.0,2378.03,2608.2
2025-09-01,RN-BCN-ES04,B,especializada,793,13044.4,0.0,2021.87,2217.5
2025-10-01,RN-BCN-ES04,B,especializada,793,12800.5,0.0,1984.07,2176.1
2025-11-01,RN-BCN-ES04,B,especializada,793,11756.2,0.0,1822.21,1998.6
2025-12-01,RN-BCN-ES04,B,especializada,793,10650.2,0.0,1650.79,1810.5
2024-01-01,RN-BCN-ES05,B,especializada,858,16254.1,0.0,2519.39,2763.2
2024-02-01,RN-BCN-ES05,B,especializada,858,13345.9,0.0,2068.61,2268.8
2024-03-01,RN-BCN-ES05,B,especializada,858,13501.3,0.0,2092.7,2295.2
2024-04-01,RN-BCN-ES05,B,especializada,858,13171.7,0.0,2041.61,2239.2
2024-05-01,RN-BCN-ES05,B,especializada,858,,0.0,,
2024-06-01,RN-BCN-ES05,B,especializada,858,14408.8,0.0,2233.37,2449.5
2024-07-01,RN-BCN-ES05,B,especializada,858,17091.1,0.0,2649.12,2905.5
2024-08-01,RN-BCN-ES05,B,especializada,858,15348.2,0.0,2378.98,2609.2
2024-09-01,RN-BCN-ES05,B,especializada,858,16232.6,0.0,2516.05,2759.5
2024-10-01,RN-BCN-ES05,B,especializada,858,13415.9,0.0,2079.46,2280.7
2024-11-01,RN-BCN-ES05,B,especializada,858,12334.5,0.0,1911.85,2096.9
2024-12-01,RN-BCN-ES05,B,especializada,858,12348.0,0.0,1913.93,2099.2
2025-01-01,RN-BCN-ES05,B,especializada,858,15109.4,0.0,2341.96,2568.6
2025-02-01,RN-BCN-ES05,B,especializada,858,14742.2,0.0,2285.04,2506.2
2025-03-01,RN-BCN-ES05,B,especializada,858,13273.2,0.0,2057.35,2256.4
2025-04-01,RN-BCN-ES05,B,especializada,858,12670.8,0.0,1963.98,2154.0
2025-05-01,RN-BCN-ES05,B,especializada,858,12703.8,0.0,1969.09,2159.6
2025-06-01,RN-BCN-ES05,B,especializada,858,15447.3,0.0,2394.34,2626.0
2025-07-01,RN-BCN-ES05,B,especializada,858,17126.3,0.0,2654.58,2911.5
2025-08-01,RN-BCN-ES05,B,especializada,858,17178.6,0.0,2662.68,2920.4
2025-09-01,RN-BCN-ES05,B,especializada,858,16006.1,0.0,2480.94,2721.0
2025-10-01,RN-BCN-ES05,B,especializada,858,13655.2,0.0,2116.55,2321.4
2025-11-01,RN-BCN-ES05,B,especializada,858,13612.4,0.0,2109.92,2314.1
2025-12-01,RN-BCN-ES05,B,especializada,858,12388.9,0.0,1920.28,2106.1
2024-01-01,RN-BCN-ES06,B,especializada,835,14302.5,0.0,2216.89,2431.4
2024-02-01,RN-BCN-ES06,B,especializada,835,13014.5,0.0,2017.25,2212.5
2024-03-01,RN-BCN-ES06,B,especializada,835,13045.7,0.0,2022.08,2217.8
2024-04-01,RN-BCN-ES06,B,especializada,835,12342.5,0.0,1913.09,2098.2
2024-05-01,RN-BCN-ES06,B,especializada,835,13023.8,0.0,2018.69,2214.0
2024-06-01,RN-BCN-ES06,B,especializada,835,13282.7,0.0,2058.82,2258.1
2024-07-01,RN-BCN-ES06,B,especializada,835,16211.6,0.0,2512.79,2756.0
2024-08-01,RN-BCN-ES06,B,especializada,835,16942.3,0.0,2626.06,2880.2
2024-09-01,RN-BCN-ES06,B,especializada,835,13658.7,0.0,2117.1,2322.0
2024-10-01,RN-BCN-ES06,B,especializada,835,12744.1,0.0,1975.33,2166.5
2024-11-01,RN-BCN-ES06,B,especializada,835,12826.0,0.0,1988.04,2180.4
2024-12-01,RN-BCN-ES06,B,especializada,835,12503.9,0.0,1938.1,2125.7
2025-01-01,RN-BCN-ES06,B,especializada,835,14953.7,0.0,2317.83,2542.1
2025-02-01,RN-BCN-ES06,B,especializada,835,14828.9,0.0,2298.48,2520.9
2025-03-01,RN-BCN-ES06,B,especializada,835,12956.4,0.0,2008.24,2202.6
2025-04-01,RN-BCN-ES06,B,especializada,835,10940.6,0.0,1695.8,1859.9
2025-05-01,RN-BCN-ES06,B,especializada,835,13374.1,0.0,2072.99,2273.6
2025-06-01,RN-BCN-ES06,B,especializada,835,15194.9,0.0,2355.2,2583.1
2025-07-01,RN-BCN-ES06,B,especializada,835,15983.7,0.0,2477.47,2717.2
2025-08-01,RN-BCN-ES06,B,especializada,835,16864.2,0.0,2613.95,2866.9
2025-09-01,RN-BCN-ES06,B,especializada,835,14838.8,0.0,2300.01,2522.6
2025-10-01,RN-BCN-ES06,B,especializada,835,12580.2,0.0,1949.93,2138.6
2025-11-01,RN-BCN-ES06,B,especializada,835,13177.6,0.0,2042.53,2240.2
2025-12-01,RN-BCN-ES06,B,especializada,835,11782.9,0.0,1826.36,2003.1
2024-01-01,RN-BCN-ES07,B,especializada,826,13706.5,0.0,2124.51,2330.1
2024-02-01,RN-BCN-ES07,B,especializada,826,14652.9,0.0,2271.19,2491.0
2024-03-01,RN-BCN-ES07,B,especializada,826,12832.4,0.0,1989.02,2181.5
2024-04-01,RN-BCN-ES07,B,especializada,826,11207.4,0.0,1737.14,1905.2
2024-05-01,RN-BCN-ES07,B,especializada,826,13549.0,0.0,2100.1,2303.3
2024-06-01,RN-BCN-ES07,B,especializada,826,14116.4,0.0,2188.05,2399.8
2024-07-01,RN-BCN-ES07,B,especializada,826,15282.7,0.0,2368.82,2598.1
2024-08-01,RN-BCN-ES07,B,especializada,826,16878.8,0.0,2616.22,2869.4
2024-09-01,RN-BCN-ES07,B,especializada,826,14669.8,0.0,2273.82,2493.9
2024-10-01,RN-BCN-ES07,B,especializada,826,12806.9,0.0,1985.07,2177.2
2024-11-01,RN-BCN-ES07,B,especializada,826,13535.3,0.0,2097.97,2301.0
2024-12-01,RN-BCN-ES07,B,especializada,826,13538.4,0.0,2098.46,2301.5
2025-01-01,RN-BCN-ES07,B,especializada,826,13675.7,0.0,2119.73,2324.9
2025-02-01,RN-BCN-ES07,B,especializada,826,13601.5,0.0,2108.23,2312.3
2025-03-01,RN-BCN-ES07,B,especializada,826,12344.2,0.0,1913.35,2098.5
2025-04-01,RN-BCN-ES07,B,especializada,826,12429.4,0.0,1926.56,2113.0
2025-05-01,RN-BCN-ES07,B,especializada,826,13719.6,0.0,2126.54,2332.3
2025-06-01,RN-BCN-ES07,B,especializada,826,15360.2,0.0,2380.83,2611.2
2025-07-01,RN-BCN-ES07,B,especializada,826,14946.8,0.0,2316.75,2540.9
2025-08-01,RN-BCN-ES07,B,especializada,826,16009.7,0.0,2481.51,2721.7
2025-09-01,RN-BCN-ES07,B,especializada,826,14514.4,0.0,2249.73,2467.4
2025-10-01,RN-BCN-ES07,B,especializada,826,12978.0,0.0,2011.59,2206.3
2025-11-01,RN-BCN-ES07,B,especializada,826,12988.6,0.0,2013.23,2208.1
2025-12-01,RN-BCN-ES07,B,especializada,826,11671.1,0.0,1809.02,1984.1
2024-01-01,RN-BCN-ES08,B,especializada,642,10556.9,0.0,1636.32,1794.7
2024-02-01,RN-BCN-ES08,B,especializada,642,10641.3,0.0,1649.4,1809.0
2024-03-01,RN-BCN-ES08,B,especializada,642,10953.7,0.0,1697.83,1862.1
2024-04-01,RN-BCN-ES08,B,especializada,642,9791.5,0.0,1517.68,1664.6
2024-05-01,RN-BCN-ES08,B,especializada,642,9097.7,0.0,1410.14,1546.6
2024-06-01,RN-BCN-ES08,B,especializada,642,10869.9,0.0,1684.84,1847.9
2024-07-01,RN-BCN-ES08,B,especializada,642,12839.3,0.0,1990.1,2182.7
2024-08-01,RN-BCN-ES08,B,especializada,642,13022.4,0.0,2018.48,2213.8
2024-09-01,RN-BCN-ES08,B,especializada,642,11811.3,0.0,1830.75,2007.9
2024-10-01,RN-BCN-ES08,B,especializada,642,10165.1,0.0,1575.6,1728.1
2024-11-01,RN-BCN-ES08,B,especializada,642,9866.9,0.0,1529.37,1677.4
2024-12-01,RN-BCN-ES08,B,especializada,642,9105.3,0.0,1411.32,1547.9
2025-01-01,RN-BCN-ES08,B,especializada,642,,0.0,,
2025-02-01,RN-BCN-ES08,B,especializada,642,10969.7,0.0,1700.3,1864.8
2025-03-01,RN-BCN-ES08,B,especializada,642,9543.6,0.0,1479.25,1622.4
2025-04-01,RN-BCN-ES08,B,especializada,642,9766.5,0.0,1513.8,1660.3
2025-05-01,RN-BCN-ES08,B,especializada,642,10885.3,0.0,1687.21,1850.5
2025-06-01,RN-BCN-ES08,B,especializada,642,11587.0,0.0,1795.99,1969.8
2025-07-01,RN-BCN-ES08,B,especializada,642,12402.2,0.0,1922.34,2108.4
2025-08-01,RN-BCN-ES08,B,especializada,642,12795.4,0.0,1983.29,2175.2
2025-09-01,RN-BCN-ES08,B,especializada,642,11484.9,0.0,1780.16,1952.4
2025-10-01,RN-BCN-ES08,B,especializada,642,10455.1,0.0,1620.55,1777.4
2025-11-01,RN-BCN-ES08,B,especializada,642,10254.1,0.0,1589.38,1743.2
2025-12-01,RN-BCN-ES08,B,especializada,642,8439.0,0.0,1308.04,1434.6
2024-01-01,RN-BCN-ES09,B,especializada,851,14205.6,0.0,2201.86,2414.9
2024-02-01,RN-BCN-ES09,B,especializada,851,13779.1,0.0,2135.75,2342.4
2024-03-01,RN-BCN-ES09,B,especializada,851,12587.3,0.0,1951.02,2139.8
2024-04-01,RN-BCN-ES09,B,especializada,851,11850.9,0.0,1836.89,2014.7
2024-05-01,RN-BCN-ES09,B,especializada,851,14243.6,0.0,2207.76,2421.4
2024-06-01,RN-BCN-ES09,B,especializada,851,15632.7,0.0,2423.06,2657.6
2024-07-01,RN-BCN-ES09,B,especializada,851,16649.6,0.0,2580.69,2830.4
2024-08-01,RN-BCN-ES09,B,especializada,851,16591.7,0.0,2571.71,2820.6
2024-09-01,RN-BCN-ES09,B,especializada,851,14215.7,0.0,2203.43,2416.7
2024-10-01,RN-BCN-ES09,B,especializada,851,13906.5,0.0,2155.51,2364.1
2024-11-01,RN-BCN-ES09,B,especializada,851,13254.5,0.0,2054.44,2253.3
2024-12-01,RN-BCN-ES09,B,especializada,851,10983.0,0.0,1702.36,1867.1
2025-01-01,RN-BCN-ES09,B,especializada,851,14271.2,0.0,2212.04,2426.1
2025-02-01,RN-BCN-ES09,B,especializada,851,13513.6,0.0,2094.61,2297.3
2025-03-01,RN-BCN-ES09,B,especializada,851,13325.8,0.0,2065.49,2265.4
2025-04-01,RN-BCN-ES09,B,especializada,851,12597.2,0.0,1952.56,2141.5
2025-05-01,RN-BCN-ES09,B,especializada,851,14073.0,0.0,2181.32,2392.4
2025-06-01,RN-BCN-ES09,B,especializada,851,14736.2,0.0,2284.1,2505.1
2025-07-01,RN-BCN-ES09,B,especializada,851,15297.8,0.0,2371.16,2600.6
2025-08-01,RN-BCN-ES09,B,especializada,851,16342.7,0.0,2533.11,2778.3
2025-09-01,RN-BCN-ES09,B,especializada,851,14148.8,0.0,2193.06,2405.3
2025-10-01,RN-BCN-ES09,B,especializada,851,12460.0,0.0,1931.31,2118.2
2025-11-01,RN-BCN-ES09,B,especializada,851,13190.0,0.0,2044.45,2242.3
2025-12-01,RN-BCN-ES09,B,especializada,851,11530.8,0.0,1787.27,1960.2
2024-01-01,RN-BCN-ES10,B,especializada,771,13978.4,0.0,2166.65,2376.3
2024-02-01,RN-BCN-ES10,B,especializada,771,13418.0,0.0,2079.79,2281.1
2024-03-01,RN-BCN-ES10,B,especializada,771,11465.2,0.0,1777.1,1949.1
2024-04-01,RN-BCN-ES10,B,especializada,771,11247.3,0.0,1743.33,1912.0
2024-05-01,RN-BCN-ES10,B,especializada,771,11831.7,0.0,1833.92,2011.4
2024-06-01,RN-BCN-ES10,B,especializada,771,14024.7,0.0,2173.83,2384.2
2024-07-01,RN-BCN-ES10,B,especializada,771,15489.4,0.0,2400.85,2633.2
2024-08-01,RN-BCN-ES10,B,especializada,771,15434.6,0.0,2392.37,2623.9
2024-09-01,RN-BCN-ES10,B,especializada,771,12596.6,0.0,1952.47,2141.4
2024-10-01,RN-BCN-ES10,B,especializada,771,11903.0,0.0,1844.96,2023.5
2024-11-01,RN-BCN-ES10,B,especializada,771,12265.1,0.0,1901.09,2085.1
2024-12-01,RN-BCN-ES10,B,especializada,771,11257.4,0.0,1744.9,1913.8
2025-01-01,RN-BCN-ES10,B,especializada,771,14439.5,0.0,2238.12,2454.7
2025-02-01,RN-BCN-ES10,B,especializada,771,12857.0,0.0,1992.84,2185.7
2025-03-01,RN-BCN-ES10,B,especializada,771,10998.8,0.0,1704.81,1869.8
2025-04-01,RN-BCN-ES10,B,especializada,771,11521.5,0.0,1785.83,1958.7
2025-05-01,RN-BCN-ES10,B,especializada,771,12112.5,0.0,1877.43,2059.1
2025-06-01,RN-BCN-ES10,B,especializada,771,14367.1,0.0,2226.9,2442.4
2025-07-01,RN-BCN-ES10,B,especializada,771,15217.0,0.0,2358.63,2586.9
2025-08-01,RN-BCN-ES10,B,especializada,771,13850.5,0.0,2146.82,2354.6
2025-09-01,RN-BCN-ES10,B,especializada,771,13538.6,0.0,2098.48,2301.6
2025-10-01,RN-BCN-ES10,B,especializada,771,12515.2,0.0,1939.85,2127.6
2025-11-01,RN-BCN-ES10,B,especializada,771,12267.6,0.0,1901.48,2085.5
2025-12-01,RN-BCN-ES10,B,especializada,771,10808.2,0.0,1675.27,1837.4
2024-01-01,RN-BCN-ES11,B,especializada,812,14003.4,0.0,2170.53,2380.6
2024-02-01,RN-BCN-ES11,B,especializada,812,13367.4,0.0,2071.95,2272.5
2024-03-01,RN-BCN-ES11,B,especializada,812,12543.6,0.0,1944.26,2132.4
2024-04-01,RN-BCN-ES11,B,especializada,812,11510.3,0.0,1784.09,1956.7
2024-05-01,RN-BCN-ES11,B,especializada,812,12451.9,0.0,1930.05,2116.8
2024-06-01,RN-BCN-ES11,B,especializada,812,14282.5,0.0,2213.79,2428.0
2024-07-01,RN-BCN-ES11,B,especializada,812,15180.1,0.0,2352.91,2580.6
2024-08-01,RN-BCN-ES11,B,especializada,812,16237.7,0.0,2516.84,2760.4
2024-09-01,RN-BCN-ES11,B,especializada,812,13295.0,0.0,2060.73,2260.2
2024-10-01,RN-BCN-ES11,B,especializada,812,12868.3,0.0,1994.59,2187.6
2024-11-01,RN-BCN-ES11,B,especializada,812,12056.4,0.0,1868.75,2049.6
2024-12-01,RN-BCN-ES11,B,especializada,812,11326.4,0.0,1755.59,1925.5
2025-01-01,RN-BCN-ES11,B,especializada,812,13423.4,0.0,2080.63,2282.0
2025-02-01,RN-BCN-ES11,B,especializada,812,13409.0,0.0,2078.4,2279.5
2025-03-01,RN-BCN-ES11,B,especializada,812,12800.1,0.0,1984.01,2176.0
2025-04-01,RN-BCN-ES11,B,especializada,812,12322.9,0.0,1910.05,2094.9
2025-05-01,RN-BCN-ES11,B,especializada,812,11521.0,0.0,1785.75,1958.6
2025-06-01,RN-BCN-ES11,B,especializada,812,14431.2,0.0,2236.84,2453.3
2025-07-01,RN-BCN-ES11,B,especializada,812,16711.8,0.0,2590.32,2841.0
2025-08-01,RN-BCN-ES11,B,especializada,812,16128.2,0.0,2499.87,2741.8
2025-09-01,RN-BCN-ES11,B,especializada,812,14469.5,0.0,2242.77,2459.8
2025-10-01,RN-BCN-ES11,B,especializada,812,12762.5,0.0,1978.19,2169.6
2025-11-01,RN-BCN-ES11,B,especializada,812,13149.9,0.0,2038.24,2235.5
2025-12-01,RN-BCN-ES11,B,especializada,812,10892.4,0.0,1688.32,1851.7
2024-01-01,RN-BCN-ES12,B,especializada,715,12431.6,0.0,1926.9,2113.4
2024-02-01,RN-BCN-ES12,B,especializada,715,11270.8,0.0,1746.97,1916.0
2024-03-01,RN-BCN-ES12,B,especializada,715,11358.8,0.0,1760.61,1931.0
2024-04-01,RN-BCN-ES12,B,especializada,715,10733.6,0.0,1663.71,1824.7
2024-05-01,RN-BCN-ES12,B,especializada,715,11744.9,0.0,1820.46,1996.6
2024-06-01,RN-BCN-ES12,B,especializada,715,11506.1,0.0,1783.45,1956.0
2024-07-01,RN-BCN-ES12,B,especializada,715,13663.0,0.0,2117.76,2322.7
2024-08-01,RN-BCN-ES12,B,especializada,715,14725.8,0.0,2282.5,2503.4
2024-09-01,RN-BCN-ES12,B,especializada,715,12571.5,0.0,1948.59,2137.2
2024-10-01,RN-BCN-ES12,B,especializada,715,11066.3,0.0,1715.28,1881.3
2024-11-01,RN-BCN-ES12,B,especializada,715,10540.9,0.0,1633.85,1792.0
2024-12-01,RN-BCN-ES12,B,especializada,715,10614.9,0.0,1645.31,1804.5
2025-01-01,RN-BCN-ES12,B,especializada,715,12429.0,0.0,1926.5,2112.9
2025-02-01,RN-BCN-ES12,B,especializada,715,11771.6,0.0,1824.59,2001.2
2025-03-01,RN-BCN-ES12,B,especializada,715,11284.2,0.0,1749.04,1918.3
2025-04-01,RN-BCN-ES12,B,especializada,715,9408.2,0.0,1458.27,1599.4
2025-05-01,RN-BCN-ES12,B,especializada,715,11190.7,0.0,1734.56,1902.4
2025-06-01,RN-BCN-ES12,B,especializada,715,12921.4,0.0,2002.82,2196.6
2025-07-01,RN-BCN-ES12,B,especializada,715,14182.3,0.0,2198.26,2411.0
2025-08-01,RN-BCN-ES12,B,especializada,715,,0.0,,
2025-09-01,RN-BCN-ES12,B,especializada,715,12989.7,0.0,2013.4,2208.2
2025-10-01,RN-BCN-ES12,B,especializada,715,10593.7,0.0,1642.03,1800.9
2025-11-01,RN-BCN-ES12,B,especializada,715,11523.7,0.0,1786.18,1959.0
2025-12-01,RN-BCN-ES12,B,especializada,715,10567.5,0.0,1637.96,1796.5
2024-01-01,RN-BCN-ES13,B,especializada,839,15014.8,0.0,2327.29,2552.5
2024-02-01,RN-BCN-ES13,B,especializada,839,13790.6,0.0,2137.54,2344.4
2024-03-01,RN-BCN-ES13,B,especializada,839,12391.5,0.0,1920.69,2106.6
2024-04-01,RN-BCN-ES13,B,especializada,839,11687.6,0.0,1811.57,1986.9
2024-05-01,RN-BCN-ES13,B,especializada,839,12836.6,0.0,1989.67,2182.2
2024-06-01,RN-BCN-ES13,B,especializada,839,14855.6,0.0,2302.62,2525.5
2024-07-01,RN-BCN-ES13,B,especializada,839,16588.9,0.0,2571.28,2820.1
2024-08-01,RN-BCN-ES13,B,especializada,839,18269.9,0.0,2831.84,3105.9
2024-09-01,RN-BCN-ES13,B,especializada,839,14344.7,0.0,2223.42,2438.6
2024-10-01,RN-BCN-ES13,B,especializada,839,12949.2,0.0,2007.13,2201.4
2024-11-01,RN-BCN-ES13,B,especializada,839,12766.3,0.0,1978.78,2170.3
2024-12-01,RN-BCN-ES13,B,especializada,839,11663.9,0.0,1807.9,1982.9
2025-01-01,RN-BCN-ES13,B,especializada,839,15079.1,0.0,2337.27,2563.5
2025-02-01,RN-BCN-ES13,B,especializada,839,14432.7,0.0,2237.06,2453.6
2025-03-01,RN-BCN-ES13,B,especializada,839,12463.3,0.0,1931.81,2118.8
2025-04-01,RN-BCN-ES13,B,especializada,839,12916.3,0.0,2002.03,2195.8
2025-05-01,RN-BCN-ES13,B,especializada,839,13461.0,0.0,2086.45,2288.4
2025-06-01,RN-BCN-ES13,B,especializada,839,14135.0,0.0,2190.93,2403.0
2025-07-01,RN-BCN-ES13,B,especializada,839,16506.3,0.0,2558.48,2806.1
2025-08-01,RN-BCN-ES13,B,especializada,839,17220.6,0.0,2669.2,2927.5
2025-09-01,RN-BCN-ES13,B,especializada,839,13965.5,0.0,2164.65,2374.1
2025-10-01,RN-BCN-ES13,B,especializada,839,13367.4,0.0,2071.95,2272.5
2025-11-01,RN-BCN-ES13,B,especializada,839,14175.1,0.0,2197.14,2409.8
2025-12-01,RN-BCN-ES13,B,especializada,839,11545.6,0.0,1789.58,1962.8
2024-01-01,RN-BCN-ES14,B,especializada,901,15474.5,0.0,2398.55,2630.7
2024-02-01,RN-BCN-ES14,B,especializada,901,14809.5,0.0,2295.47,2517.6
2024-03-01,RN-BCN-ES14,B,especializada,901,15964.8,0.0,2474.54,2714.0
2024-04-01,RN-BCN-ES14,B,especializada,901,12463.0,0.0,1931.76,2118.7
2024-05-01,RN-BCN-ES14,B,especializada,901,13950.8,0.0,2162.38,2371.6
2024-06-01,RN-BCN-ES14,B,especializada,901,16412.6,0.0,2543.95,2790.1
2024-07-01,RN-BCN-ES14,B,especializada,901,17234.6,0.0,2671.36,2929.9
2024-08-01,RN-BCN-ES14,B,especializada,901,17435.6,0.0,2702.51,2964.0
2024-09-01,RN-BCN-ES14,B,especializada,901,15741.4,0.0,2439.92,2676.0
2024-10-01,RN-BCN-ES14,B,especializada,901,14810.1,0.0,2295.57,2517.7
2024-11-01,RN-BCN-ES14,B,especializada,901,13245.8,0.0,2053.09,2251.8
2024-12-01,RN-BCN-ES14,B,especializada,901,12667.1,0.0,1963.4,2153.4
2025-01-01,RN-BCN-ES14,B,especializada,901,15319.8,0.0,2374.57,2604.4
2025-02-01,RN-BCN-ES14,B,especializada,901,15238.5,0.0,2361.97,2590.5
2025-03-01,RN-BCN-ES14,B,especializada,901,14947.4,0.0,2316.84,2541.1
2025-04-01,RN-BCN-ES14,B,especializada,901,13571.6,0.0,2103.6,2307.2
2025-05-01,RN-BCN-ES14,B,especializada,901,14419.1,0.0,2234.96,2451.2
2025-06-01,RN-BCN-ES14,B,especializada,901,15920.4,0.0,2467.67,2706.5
2025-07-01,RN-BCN-ES14,B,especializada,901,18183.4,0.0,2818.42,3091.2
2025-08-01,RN-BCN-ES14,B,especializada,901,16786.3,0.0,2601.87,2853.7
2025-09-01,RN-BCN-ES14,B,especializada,901,15854.3,0.0,2457.41,2695.2
2025-10-01,RN-BCN-ES14,B,especializada,901,14440.4,0.0,2238.25,2454.9
2025-11-01,RN-BCN-ES14,B,especializada,901,14000.1,0.0,2170.02,2380.0
2025-12-01,RN-BCN-ES14,B,especializada,901,12819.2,0.0,1986.97,2179.3
2024-01-01,RN-BCN-CV01,B,conveniencia,366,10866.6,0.0,1684.32,1847.3
2024-02-01,RN-BCN-CV01,B,conveniencia,366,10508.4,0.0,1628.8,1786.4
2024-03-01,RN-BCN-CV01,B,conveniencia,366,9488.5,0.0,1470.72,1613.1
2024-04-01,RN-BCN-CV01,B,conveniencia,366,8945.2,0.0,1386.51,1520.7
2024-05-01,RN-BCN-CV01,B,conveniencia,366,10170.9,0.0,1576.49,1729.1
2024-06-01,RN-BCN-CV01,B,conveniencia,366,10673.7,0.0,1654.42,1814.5
2024-07-01,RN-BCN-CV01,B,conveniencia,366,11170.6,0.0,1731.44,1899.0
2024-08-01,RN-BCN-CV01,B,conveniencia,366,13186.9,0.0,2043.97,2241.8
2024-09-01,RN-BCN-CV01,B,conveniencia,366,12121.5,0.0,1878.83,2060.7
2024-10-01,RN-BCN-CV01,B,conveniencia,366,9694.8,0.0,1502.7,1648.1
2024-11-01,RN-BCN-CV01,B,conveniencia,366,9875.9,0.0,1530.77,1678.9
2024-12-01,RN-BCN-CV01,B,conveniencia,366,8803.3,0.0,1364.52,1496.6
2025-01-01,RN-BCN-CV01,B,conveniencia,366,10898.0,0.0,1689.19,1852.7
2025-02-01,RN-BCN-CV01,B,conveniencia,366,10497.8,0.0,1627.15,1784.6
2025-03-01,RN-BCN-CV01,B,conveniencia,366,9728.9,0.0,1507.98,1653.9
2025-04-01,RN-BCN-CV01,B,conveniencia,366,9920.7,0.0,1537.7,1686.5
2025-05-01,RN-BCN-CV01,B,conveniencia,366,10007.0,0.0,1551.09,1701.2
2025-06-01,RN-BCN-CV01,B,conveniencia,366,12471.8,0.0,1933.13,2120.2
2025-07-01,RN-BCN-CV01,B,conveniencia,366,11964.7,0.0,1854.54,2034.0
2025-08-01,RN-BCN-CV01,B,conveniencia,366,12323.8,0.0,1910.18,2095.0
2025-09-01,RN-BCN-CV01,B,conveniencia,366,11207.7,0.0,1737.2,1905.3
2025-10-01,RN-BCN-CV01,B,conveniencia,366,,0.0,,
2025-11-01,RN-BCN-CV01,B,conveniencia,366,9273.0,0.0,1437.32,1576.4
2025-12-01,RN-BCN-CV01,B,conveniencia,366,8863.7,0.0,1373.87,1506.8
2024-01-01,RN-BCN-CV02,B,conveniencia,401,12527.6,0.0,1941.77,2129.7
2024-02-01,RN-BCN-CV02,B,conveniencia,401,11632.3,0.0,1803.0,1977.5
2024-03-01,RN-BCN-CV02,B,conveniencia,401,11470.3,0.0,1777.9,1950.0
2024-04-01,RN-BCN-CV02,B,conveniencia,401,10532.3,0.0,1632.51,1790.5
2024-05-01,RN-BCN-CV02,B,conveniencia,401,10872.7,0.0,1685.28,1848.4
2024-06-01,RN-BCN-CV02,B,conveniencia,401,12656.6,0.0,1961.78,2151.6
2024-07-01,RN-BCN-CV02,B,conveniencia,401,13425.1,0.0,2080.89,2282.3
2024-08-01,RN-BCN-CV02,B,conveniencia,401,13635.3,0.0,2113.47,2318.0
2024-09-01,RN-BCN-CV02,B,conveniencia,401,13356.9,0.0,2070.32,2270.7
2024-10-01,RN-BCN-CV02,B,conveniencia,401,11342.3,0.0,1758.06,1928.2
2024-11-01,RN-BCN-CV02,B,conveniencia,401,11477.9,0.0,1779.07,1951.2
2024-12-01,RN-BCN-CV02,B,conveniencia,401,8911.4,0.0,1381.27,1514.9
2025-01-01,RN-BCN-CV02,B,conveniencia,401,11879.7,0.0,1841.35,2019.5
2025-02-01,RN-BCN-CV02,B,conveniencia,401,10338.9,0.0,1602.53,1757.6
2025-03-01,RN-BCN-CV02,B,conveniencia,401,11005.5,0.0,1705.85,1870.9
2025-04-01,RN-BCN-CV02,B,conveniencia,401,11381.6,0.0,1764.15,1934.9
2025-05-01,RN-BCN-CV02,B,conveniencia,401,10290.6,0.0,1595.04,1749.4
2025-06-01,RN-BCN-CV02,B,conveniencia,401,13523.3,0.0,2096.11,2299.0
2025-07-01,RN-BCN-CV02,B,conveniencia,401,13223.9,0.0,2049.71,2248.1
2025-08-01,RN-BCN-CV02,B,conveniencia,401,14142.6,0.0,2192.1,2404.2
2025-09-01,RN-BCN-CV02,B,conveniencia,401,11710.2,0.0,1815.08,1990.7
2025-10-01,RN-BCN-CV02,B,conveniencia,401,10674.1,0.0,1654.48,1814.6
2025-11-01,RN-BCN-CV02,B,conveniencia,401,10230.9,0.0,1585.78,1739.2
2025-12-01,RN-BCN-CV02,B,conveniencia,401,9230.9,0.0,1430.79,1569.3
2024-01-01,RN-BCN-CV03,B,conveniencia,433,12749.8,0.0,1976.21,2167.5
2024-02-01,RN-BCN-CV03,B,conveniencia,433,11845.7,0.0,1836.09,2013.8
2024-03-01,RN-BCN-CV03,B,conveniencia,433,11508.0,0.0,1783.74,1956.4
2024-04-01,RN-BCN-CV03,B,conveniencia,433,11345.0,0.0,1758.47,1928.6
2024-05-01,RN-BCN-CV03,B,conveniencia,433,11508.4,0.0,1783.8,1956.4
2024-06-01,RN-BCN-CV03,B,conveniencia,433,13529.8,0.0,2097.11,2300.1
2024-07-01,RN-BCN-CV03,B,conveniencia,433,15314.3,0.0,2373.71,2603.4
2024-08-01,RN-BCN-CV03,B,conveniencia,433,15427.5,0.0,2391.26,2622.7
2024-09-01,RN-BCN-CV03,B,conveniencia,433,11910.0,0.0,1846.05,2024.7
2024-10-01,RN-BCN-CV03,B,conveniencia,433,10830.6,0.0,1678.74,1841.2
2024-11-01,RN-BCN-CV03,B,conveniencia,433,11387.2,0.0,1765.02,1935.8
2024-12-01,RN-BCN-CV03,B,conveniencia,433,10551.5,0.0,1635.48,1793.8
2025-01-01,RN-BCN-CV03,B,conveniencia,433,13808.9,0.0,2140.38,2347.5
2025-02-01,RN-BCN-CV03,B,conveniencia,433,12894.3,0.0,1998.61,2192.0
2025-03-01,RN-BCN-CV03,B,conveniencia,433,12015.1,0.0,1862.34,2042.6
2025-04-01,RN-BCN-CV03,B,conveniencia,433,11994.6,0.0,1859.16,2039.1
2025-05-01,RN-BCN-CV03,B,conveniencia,433,13116.4,0.0,2033.04,2229.8
2025-06-01,RN-BCN-CV03,B,conveniencia,433,13357.7,0.0,2070.45,2270.8
2025-07-01,RN-BCN-CV03,B,conveniencia,433,15759.2,0.0,2442.67,2679.1
2025-08-01,RN-BCN-CV03,B,conveniencia,433,15903.7,0.0,2465.07,2703.6
2025-09-01,RN-BCN-CV03,B,conveniencia,433,13108.4,0.0,2031.81,2228.4
2025-10-01,RN-BCN-CV03,B,conveniencia,433,11133.5,0.0,1725.7,1892.7
2025-11-01,RN-BCN-CV03,B,conveniencia,433,,0.0,,
2025-12-01,RN-BCN-CV03,B,conveniencia,433,10320.4,0.0,1599.66,1754.5
2024-01-01,RN-BCN-CV04,B,conveniencia,328,9802.4,0.0,1519.37,1666.4
2024-02-01,RN-BCN-CV04,B,conveniencia,328,8868.3,0.0,1374.58,1507.6
2024-03-01,RN-BCN-CV04,B,conveniencia,328,8776.7,0.0,1360.39,1492.0
2024-04-01,RN-BCN-CV04,B,conveniencia,328,8480.4,0.0,1314.46,1441.7
2024-05-01,RN-BCN-CV04,B,conveniencia,328,9141.1,0.0,1416.87,1554.0
2024-06-01,RN-BCN-CV04,B,conveniencia,328,10921.0,0.0,1692.75,1856.6
2024-07-01,RN-BCN-CV04,B,conveniencia,328,11478.1,0.0,1779.11,1951.3
2024-08-01,RN-BCN-CV04,B,conveniencia,328,11140.0,0.0,1726.7,1893.8
2024-09-01,RN-BCN-CV04,B,conveniencia,328,9797.3,0.0,1518.58,1665.5
2024-10-01,RN-BCN-CV04,B,conveniencia,328,9070.4,0.0,1405.91,1542.0
2024-11-01,RN-BCN-CV04,B,conveniencia,328,9598.4,0.0,1487.76,1631.7
2024-12-01,RN-BCN-CV04,B,conveniencia,328,8230.6,0.0,1275.74,1399.2
2025-01-01,RN-BCN-CV04,B,conveniencia,328,9782.6,0.0,1516.3,1663.0
2025-02-01,RN-BCN-CV04,B,conveniencia,328,9653.0,0.0,1496.21,1641.0
2025-03-01,RN-BCN-CV04,B,conveniencia,328,9167.9,0.0,1421.03,1558.5
2025-04-01,RN-BCN-CV04,B,conveniencia,328,8480.0,0.0,1314.4,1441.6
2025-05-01,RN-BCN-CV04,B,conveniencia,328,9399.4,0.0,1456.91,1597.9
2025-06-01,RN-BCN-CV04,B,conveniencia,328,9935.9,0.0,1540.07,1689.1
2025-07-01,RN-BCN-CV04,B,conveniencia,328,10597.5,0.0,1642.61,1801.6
2025-08-01,RN-BCN-CV04,B,conveniencia,328,12247.5,0.0,1898.37,2082.1
2025-09-01,RN-BCN-CV04,B,conveniencia,328,10920.3,0.0,1692.65,1856.5
2025-10-01,RN-BCN-CV04,B,conveniencia,328,8982.3,0.0,1392.26,1527.0
2025-11-01,RN-BCN-CV04,B,conveniencia,328,9831.3,0.0,1523.85,1671.3
2025-12-01,RN-BCN-CV04,B,conveniencia,328,7928.1,0.0,1228.86,1347.8
2024-01-01,RN-BCN-CV05,B,conveniencia,344,11655.9,0.0,1806.67,1981.5
2024-02-01,RN-BCN-CV05,B,conveniencia,344,11130.0,0.0,1725.15,1892.1
2024-03-01,RN-BCN-CV05,B,conveniencia,344,9005.5,0.0,1395.85,1530.9
2024-04-01,RN-BCN-CV05,B,conveniencia,344,9627.4,0.0,1492.25,1636.7
2024-05-01,RN-BCN-CV05,B,conveniencia,344,10046.2,0.0,1557.16,1707.8
2024-06-01,RN-BCN-CV05,B,conveniencia,344,11550.2,0.0,1790.29,1963.5
2024-07-01,RN-BCN-CV05,B,conveniencia,344,11842.3,0.0,1835.56,2013.2
2024-08-01,RN-BCN-CV05,B,conveniencia,344,12165.3,0.0,1885.61,2068.1
2024-09-01,RN-BCN-CV05,B,conveniencia,344,9599.1,0.0,1487.86,1631.9
2024-10-01,RN-BCN-CV05,B,conveniencia,344,9500.9,0.0,1472.63,1615.1
2024-11-01,RN-BCN-CV05,B,conveniencia,344,9908.8,0.0,1535.87,1684.5
2024-12-01,RN-BCN-CV05,B,conveniencia,344,8855.1,0.0,1372.54,1505.4
2025-01-01,RN-BCN-CV05,B,conveniencia,344,10096.6,0.0,1564.97,1716.4
2025-02-01,RN-BCN-CV05,B,conveniencia,344,9308.4,0.0,1442.8,1582.4
2025-03-01,RN-BCN-CV05,B,conveniencia,344,9794.9,0.0,1518.21,1665.1
2025-04-01,RN-BCN-CV05,B,conveniencia,344,9538.9,0.0,1478.52,1621.6
2025-05-01,RN-BCN-CV05,B,conveniencia,344,9554.0,0.0,1480.87,1624.2
2025-06-01,RN-BCN-CV05,B,conveniencia,344,10410.3,0.0,1613.59,1769.7
2025-07-01,RN-BCN-CV05,B,conveniencia,344,12293.6,0.0,1905.5,2089.9
2025-08-01,RN-BCN-CV05,B,conveniencia,344,11282.3,0.0,1748.76,1918.0
2025-09-01,RN-BCN-CV05,B,conveniencia,344,10751.6,0.0,1666.5,1827.8
2025-10-01,RN-BCN-CV05,B,conveniencia,344,9025.4,0.0,1398.93,1534.3
2025-11-01,RN-BCN-CV05,B,conveniencia,344,10170.7,0.0,1576.45,1729.0
2025-12-01,RN-BCN-CV05,B,conveniencia,344,7873.9,0.0,1220.45,1338.6
2024-01-01,RN-BCN-CV06,B,conveniencia,356,11015.6,0.0,1707.42,1872.6
2024-02-01,RN-BCN-CV06,B,conveniencia,356,10537.0,0.0,1633.23,1791.3
2024-03-01,RN-BCN-CV06,B,conveniencia,356,9842.6,0.0,1525.61,1673.2
2024-04-01,RN-BCN-CV06,B,conveniencia,356,9239.4,0.0,1432.11,1570.7
2024-05-01,RN-BCN-CV06,B,conveniencia,356,9568.0,0.0,1483.04,1626.6
2024-06-01,RN-BCN-CV06,B,conveniencia,356,11569.0,0.0,1793.2,1966.7
2024-07-01,RN-BCN-CV06,B,conveniencia,356,12713.7,0.0,1970.62,2161.3
2024-08-01,RN-BCN-CV06,B,conveniencia,356,12012.2,0.0,1861.89,2042.1
2024-09-01,RN-BCN-CV06,B,conveniencia,356,10675.5,0.0,1654.71,1814.8
2024-10-01,RN-BCN-CV06,B,conveniencia,356,9625.2,0.0,1491.91,1636.3
2024-11-01,RN-BCN-CV06,B,conveniencia,356,9821.5,0.0,1522.34,1669.7
2024-12-01,RN-BCN-CV06,B,conveniencia,356,8904.8,0.0,1380.24,1513.8
2025-01-01,RN-BCN-CV06,B,conveniencia,356,10505.5,0.0,1628.35,1785.9
2025-02-01,RN-BCN-CV06,B,conveniencia,356,9474.5,0.0,1468.55,1610.7
2025-03-01,RN-BCN-CV06,B,conveniencia,356,10086.7,0.0,1563.44,1714.7
2025-04-01,RN-BCN-CV06,B,conveniencia,356,10149.4,0.0,1573.16,1725.4
2025-05-01,RN-BCN-CV06,B,conveniencia,356,9653.2,0.0,1496.24,1641.0
2025-06-01,RN-BCN-CV06,B,conveniencia,356,10784.2,0.0,1671.56,1833.3
2025-07-01,RN-BCN-CV06,B,conveniencia,356,11308.1,0.0,1752.75,1922.4
2025-08-01,RN-BCN-CV06,B,conveniencia,356,13583.3,0.0,2105.41,2309.2
2025-09-01,RN-BCN-CV06,B,conveniencia,356,11771.6,0.0,1824.6,2001.2
2025-10-01,RN-BCN-CV06,B,conveniencia,356,9274.3,0.0,1437.51,1576.6
2025-11-01,RN-BCN-CV06,B,conveniencia,356,9934.7,0.0,1539.88,1688.9
2025-12-01,RN-BCN-CV06,B,conveniencia,356,8551.9,0.0,1325.55,1453.8
2024-01-01,RN-BCN-CV07,B,conveniencia,362,10305.1,0.0,1597.29,1751.9
2024-02-01,RN-BCN-CV07,B,conveniencia,362,10701.3,0.0,1658.71,1819.2
2024-03-01,RN-BCN-CV07,B,conveniencia,362,10110.4,0.0,1567.11,1718.8
2024-04-01,RN-BCN-CV07,B,conveniencia,362,9492.1,0.0,1471.27,1613.6
2024-05-01,RN-BCN-CV07,B,conveniencia,362,10265.7,0.0,1591.19,1745.2
2024-06-01,RN-BCN-CV07,B,conveniencia,362,11700.2,0.0,1813.54,1989.0
2024-07-01,RN-BCN-CV07,B,conveniencia,362,12854.8,0.0,1992.5,2185.3
2024-08-01,RN-BCN-CV07,B,conveniencia,362,13129.9,0.0,2035.13,2232.1
2024-09-01,RN-BCN-CV07,B,conveniencia,362,10847.3,0.0,1681.33,1844.0
2024-10-01,RN-BCN-CV07,B,conveniencia,362,10002.4,0.0,1550.38,1700.4
2024-11-01,RN-BCN-CV07,B,conveniencia,362,9943.9,0.0,1541.31,1690.5
2024-12-01,RN-BCN-CV07,B,conveniencia,362,8438.3,0.0,1307.94,1434.5
2025-01-01,RN-BCN-CV07,B,conveniencia,362,11285.8,0.0,1749.29,1918.6
2025-02-01,RN-BCN-CV07,B,conveniencia,362,9947.7,0.0,1541.9,1691.1
2025-03-01,RN-BCN-CV07,B,conveniencia,362,9316.1,0.0,1444.0,1583.7
2025-04-01,RN-BCN-CV07,B,conveniencia,362,10104.7,0.0,1566.22,1717.8
2025-05-01,RN-BCN-CV07,B,conveniencia,362,9609.3,0.0,1489.44,1633.6
2025-06-01,RN-BCN-CV07,B,conveniencia,362,10632.7,0.0,1648.07,1807.6
2025-07-01,RN-BCN-CV07,B,conveniencia,362,12830.4,0.0,1988.71,2181.2
2025-08-01,RN-BCN-CV07,B,conveniencia,362,11427.7,0.0,1771.29,1942.7
2025-09-01,RN-BCN-CV07,B,conveniencia,362,10681.3,0.0,1655.6,1815.8
2025-10-01,RN-BCN-CV07,B,conveniencia,362,9947.2,0.0,1541.81,1691.0
2025-11-01,RN-BCN-CV07,B,conveniencia,362,9571.1,0.0,1483.52,1627.1
2025-12-01,RN-BCN-CV07,B,conveniencia,362,8348.4,0.0,1294.01,1419.2
2024-01-01,RN-BCN-CV08,B,conveniencia,362,10969.5,0.0,1700.27,1864.8
2024-02-01,RN-BCN-CV08,B,conveniencia,362,10216.0,0.0,1583.48,1736.7
2024-03-01,RN-BCN-CV08,B,conveniencia,362,9383.5,0.0,1454.44,1595.2
2024-04-01,RN-BCN-CV08,B,conveniencia,362,8705.8,0.0,1349.4,1480.0
2024-05-01,RN-BCN-CV08,B,conveniencia,362,9792.9,0.0,1517.89,1664.8
2024-06-01,RN-BCN-CV08,B,conveniencia,362,11077.1,0.0,1716.94,1883.1
2024-07-01,RN-BCN-CV08,B,conveniencia,362,11486.4,0.0,1780.39,1952.7
2024-08-01,RN-BCN-CV08,B,conveniencia,362,12306.7,0.0,1907.53,2092.1
2024-09-01,RN-BCN-CV08,B,conveniencia,362,11090.8,0.0,1719.08,1885.4
2024-10-01,RN-BCN-CV08,B,conveniencia,362,10800.8,0.0,1674.12,1836.1
2024-11-01,RN-BCN-CV08,B,conveniencia,362,9724.6,0.0,1507.32,1653.2
2024-12-01,RN-BCN-CV08,B,conveniencia,362,8612.7,0.0,1334.97,1464.2
2025-01-01,RN-BCN-CV08,B,conveniencia,362,10740.9,0.0,1664.84,1826.0
2025-02-01,RN-BCN-CV08,B,conveniencia,362,10350.0,0.0,1604.26,1759.5
2025-03-01,RN-BCN-CV08,B,conveniencia,362,10863.7,0.0,1683.87,1846.8
2025-04-01,RN-BCN-CV08,B,conveniencia,362,9481.2,0.0,1469.59,1611.8
2025-05-01,RN-BCN-CV08,B,conveniencia,362,9104.7,0.0,1411.22,1547.8
2025-06-01,RN-BCN-CV08,B,conveniencia,362,10693.0,0.0,1657.41,1817.8
2025-07-01,RN-BCN-CV08,B,conveniencia,362,12076.7,0.0,1871.89,2053.0
2025-08-01,RN-BCN-CV08,B,conveniencia,362,12799.4,0.0,1983.91,2175.9
2025-09-01,RN-BCN-CV08,B,conveniencia,362,11167.6,0.0,1730.98,1898.5
2025-10-01,RN-BCN-CV08,B,conveniencia,362,10358.5,0.0,1605.57,1760.9
2025-11-01,RN-BCN-CV08,B,conveniencia,362,10253.8,0.0,1589.34,1743.1
2025-12-01,RN-BCN-CV08,B,conveniencia,362,9293.9,0.0,1440.55,1580.0
2024-01-01,RN-VLC-GA01,C,gran_almacen,16725,381040.0,104586.1,65545.54,83811.5
2024-02-01,RN-VLC-GA01,C,gran_almacen,16725,354952.8,92365.4,60744.34,77152.5
2024-03-01,RN-VLC-GA01,C,gran_almacen,16725,353550.1,73825.1,59377.42,73539.7
2024-04-01,RN-VLC-GA01,C,gran_almacen,16725,326292.7,58994.4,54233.02,66206.7
2024-05-01,RN-VLC-GA01,C,gran_almacen,16725,352681.2,33990.8,56773.02,66142.1
2024-06-01,RN-VLC-GA01,C,gran_almacen,16725,386266.4,19885.4,61104.19,69284.4
2024-07-01,RN-VLC-GA01,C,gran_almacen,16725,417133.6,13739.9,65507.59,73413.4
2024-08-01,RN-VLC-GA01,C,gran_almacen,16725,449739.1,13100.1,70521.77,78839.9
2024-09-01,RN-VLC-GA01,C,gran_almacen,16725,367292.4,25450.8,58508.27,67071.8
2024-10-01,RN-VLC-GA01,C,gran_almacen,16725,326500.2,61717.8,54434.04,66737.7
2024-11-01,RN-VLC-GA01,C,gran_almacen,16725,299258.3,75344.4,51056.39,64586.6
2024-12-01,RN-VLC-GA01,C,gran_almacen,16725,305550.6,72438.5,51851.53,65127.4
2025-01-01,RN-VLC-GA01,C,gran_almacen,16725,357651.6,122456.4,63028.3,83087.9
2025-02-01,RN-VLC-GA01,C,gran_almacen,16725,358730.2,101014.6,61866.09,79368.8
2025-03-01,RN-VLC-GA01,C,gran_almacen,16725,343112.4,90968.9,58822.49,74885.4
2025-04-01,RN-VLC-GA01,C,gran_almacen,16725,325930.0,65320.5,54569.03,67296.4
2025-05-01,RN-VLC-GA01,C,gran_almacen,16725,338652.3,36929.8,54780.75,64292.1
2025-06-01,RN-VLC-GA01,C,gran_almacen,16725,371637.4,18569.3,58755.08,66558.0
2025-07-01,RN-VLC-GA01,C,gran_almacen,16725,435857.9,13574.8,68399.61,76566.5
2025-08-01,RN-VLC-GA01,C,gran_almacen,16725,437976.4,12727.0,68675.42,76772.3
2025-09-01,RN-VLC-GA01,C,gran_almacen,16725,364418.6,26185.8,58108.4,66717.0
2025-10-01,RN-VLC-GA01,C,gran_almacen,16725,350564.4,50257.9,57453.48,68742.9
2025-11-01,RN-VLC-GA01,C,gran_almacen,16725,321449.1,76336.0,54557.44,68539.5
2025-12-01,RN-VLC-GA01,C,gran_almacen,16725,330123.5,82312.3,56272.51,71101.8
2024-01-01,RN-VLC-HI01,C,hipermercado,2971,157000.3,11028.7,25018.82,28697.3
2024-02-01,RN-VLC-HI01,C,hipermercado,2971,165345.6,11383.8,26334.36,30180.6
2024-03-01,RN-VLC-HI01,C,hipermercado,2971,144236.7,9190.4,22926.49,26192.9
2024-04-01,RN-VLC-HI01,C,hipermercado,2971,159651.0,5860.6,25109.26,28207.3
2024-05-01,RN-VLC-HI01,C,hipermercado,2971,153265.7,3642.7,23982.03,26718.1
2024-06-01,RN-VLC-HI01,C,hipermercado,2971,166019.6,1956.0,25854.31,28579.3
2024-07-01,RN-VLC-HI01,C,hipermercado,2971,192279.8,1445.4,29892.98,32950.6
2024-08-01,RN-VLC-HI01,C,hipermercado,2971,188333.9,1601.9,29291.08,32308.3
2024-09-01,RN-VLC-HI01,C,hipermercado,2971,172077.6,2963.4,26855.76,29792.5
2024-10-01,RN-VLC-HI01,C,hipermercado,2971,140927.2,5279.7,22171.06,24918.5
2024-11-01,RN-VLC-HI01,C,hipermercado,2971,156295.9,8975.9,24782.38,28203.9
2024-12-01,RN-VLC-HI01,C,hipermercado,2971,,8273.6,,
2025-01-01,RN-VLC-HI01,C,hipermercado,2971,162270.9,13488.0,25988.24,30040.9
2025-02-01,RN-VLC-HI01,C,hipermercado,2971,148353.6,11894.1,23732.24,27384.8
2025-03-01,RN-VLC-HI01,C,hipermercado,2971,155904.9,9518.7,24755.42,28236.2
2025-04-01,RN-VLC-HI01,C,hipermercado,2971,138525.0,6904.7,21899.46,24805.9
2025-05-01,RN-VLC-HI01,C,hipermercado,2971,161769.4,3873.5,25314.42,28205.8
2025-06-01,RN-VLC-HI01,C,hipermercado,2971,171343.3,2064.3,26686.19,29504.1
2025-07-01,RN-VLC-HI01,C,hipermercado,2971,209116.2,1559.9,32509.73,35833.7
2025-08-01,RN-VLC-HI01,C,hipermercado,2971,214000.8,1387.1,33256.13,36632.6
2025-09-01,RN-VLC-HI01,C,hipermercado,2971,184455.7,2878.1,28769.08,31881.3
2025-10-01,RN-VLC-HI01,C,hipermercado,2971,144672.5,5240.8,22749.17,25548.2
2025-11-01,RN-VLC-HI01,C,hipermercado,2971,150868.2,7943.1,23877.04,27093.2
2025-12-01,RN-VLC-HI01,C,hipermercado,2971,143094.6,8193.0,22687.63,25817.2
2024-01-01,RN-VLC-HI02,C,hipermercado,3140,171569.9,13949.2,27458.18,31705.6
2024-02-01,RN-VLC-HI02,C,hipermercado,3140,165222.4,13525.7,26448.06,30549.5
2024-03-01,RN-VLC-HI02,C,hipermercado,3140,168022.4,9404.0,26626.52,30275.3
2024-04-01,RN-VLC-HI02,C,hipermercado,3140,132302.3,6586.2,20915.2,23690.1
2024-05-01,RN-VLC-HI02,C,hipermercado,3140,180022.6,4612.1,28189.46,31443.3
2024-06-01,RN-VLC-HI02,C,hipermercado,3140,183696.7,2493.0,28627.56,31682.2
2024-07-01,RN-VLC-HI02,C,hipermercado,3140,207263.7,1665.1,32229.11,35537.9
2024-08-01,RN-VLC-HI02,C,hipermercado,3140,209563.3,1521.3,32576.63,35902.6
2024-09-01,RN-VLC-HI02,C,hipermercado,3140,175702.8,3112.2,27426.89,30435.9
2024-10-01,RN-VLC-HI02,C,hipermercado,3140,158078.4,6985.3,24935.24,28144.7
2024-11-01,RN-VLC-HI02,C,hipermercado,3140,169327.3,9575.7,26839.43,30528.4
2024-12-01,RN-VLC-HI02,C,hipermercado,3140,149248.3,8274.9,23646.52,26878.2
2025-01-01,RN-VLC-HI02,C,hipermercado,3140,189735.1,12607.1,30190.58,34549.5
2025-02-01,RN-VLC-HI02,C,hipermercado,3140,168194.9,13305.6,26895.16,31014.8
2025-03-01,RN-VLC-HI02,C,hipermercado,3140,152312.4,9304.7,24185.32,27586.6
2025-04-01,RN-VLC-HI02,C,hipermercado,3140,165288.3,6984.9,26052.75,29370.3
2025-05-01,RN-VLC-HI02,C,hipermercado,3140,149820.8,3455.5,23436.46,26098.4
2025-06-01,RN-VLC-HI02,C,hipermercado,3140,177421.6,2114.3,27631.43,30546.5
2025-07-01,RN-VLC-HI02,C,hipermercado,3140,188349.1,1648.4,29296.31,32319.4
2025-08-01,RN-VLC-HI02,C,hipermercado,3140,195346.1,1612.5,30378.61,33502.3
2025-09-01,RN-VLC-HI02,C,hipermercado,3140,174037.0,3019.2,27162.92,30135.8
2025-10-01,RN-VLC-HI02,C,hipermercado,3140,176934.0,6367.0,27819.52,31237.6
2025-11-01,RN-VLC-HI02,C,hipermercado,3140,154803.6,9299.1,24571.1,28009.0
2025-12-01,RN-VLC-HI02,C,hipermercado,3140,137518.0,9506.1,21904.67,25108.2
2024-01-01,RN-VLC-HI03,C,hipermercado,3331,192414.8,13401.9,30655.22,35149.7
2024-02-01,RN-VLC-HI03,C,hipermercado,3331,175718.9,12343.5,28001.73,32118.7
2024-03-01,RN-VLC-HI03,C,hipermercado,3331,177557.1,10161.0,28151.34,32034.0
2024-04-01,RN-VLC-HI03,C,hipermercado,3331,169152.3,7199.9,26665.0,30066.3
2024-05-01,RN-VLC-HI03,C,hipermercado,3331,173975.4,4282.5,27231.7,30355.2
2024-06-01,RN-VLC-HI03,C,hipermercado,3331,195766.7,2271.9,30484.69,33693.8
2024-07-01,RN-VLC-HI03,C,hipermercado,3331,211667.1,1922.7,32927.6,36333.3
2024-08-01,RN-VLC-HI03,C,hipermercado,3331,223398.3,1558.5,34723.37,38261.4
2024-09-01,RN-VLC-HI03,C,hipermercado,3331,189326.9,3210.7,29544.73,32769.9
2024-10-01,RN-VLC-HI03,C,hipermercado,3331,155257.5,6643.3,24476.8,27602.9
2024-11-01,RN-VLC-HI03,C,hipermercado,3331,175535.2,10704.8,27871.65,31789.3
2024-12-01,RN-VLC-HI03,C,hipermercado,3331,151044.2,10219.6,24045.47,27537.5
2025-01-01,RN-VLC-HI03,C,hipermercado,3331,196643.9,15637.7,31449.34,36275.5
2025-02-01,RN-VLC-HI03,C,hipermercado,3331,181614.3,13347.2,28977.74,33303.6
2025-03-01,RN-VLC-HI03,C,hipermercado,3331,167059.4,10004.6,26514.5,30221.0
2025-04-01,RN-VLC-HI03,C,hipermercado,3331,157282.0,7220.0,24826.35,28052.0
2025-05-01,RN-VLC-HI03,C,hipermercado,3331,,4254.3,,
2025-06-01,RN-VLC-HI03,C,hipermercado,3331,199217.2,2354.4,31024.64,34295.4
2025-07-01,RN-VLC-HI03,C,hipermercado,3331,205161.0,1837.4,31913.88,35211.8
2025-08-01,RN-VLC-HI03,C,hipermercado,3331,224836.8,1538.9,34945.12,38502.3
2025-09-01,RN-VLC-HI03,C,hipermercado,3331,,3021.2,,
2025-10-01,RN-VLC-HI03,C,hipermercado,3331,177490.0,6506.1,27914.33,31357.4
2025-11-01,RN-VLC-HI03,C,hipermercado,3331,171478.1,11480.6,27290.9,31240.7
2025-12-01,RN-VLC-HI03,C,hipermercado,3331,165401.3,9448.7,26223.02,29837.9
2024-01-01,RN-VLC-HI04,C,hipermercado,2809,162270.2,11377.1,25857.26,29656.6
2024-02-01,RN-VLC-HI04,C,hipermercado,2809,148533.8,11611.6,23742.66,27364.1
2024-03-01,RN-VLC-HI04,C,hipermercado,2809,145422.3,9665.5,23139.71,26480.9
2024-04-01,RN-VLC-HI04,C,hipermercado,2809,124493.3,6416.1,19694.27,22331.6
2024-05-01,RN-VLC-HI04,C,hipermercado,2809,147023.6,3546.6,23008.55,25639.5
2024-06-01,RN-VLC-HI04,C,hipermercado,2809,173599.4,1821.2,27020.82,29843.4
2024-07-01,RN-VLC-HI04,C,hipermercado,2809,181998.6,1469.5,28300.89,31207.2
2024-08-01,RN-VLC-HI04,C,hipermercado,2809,186611.8,1395.8,29011.37,31978.0
2024-09-01,RN-VLC-HI04,C,hipermercado,2809,162996.4,2638.3,25428.02,28189.6
2024-10-01,RN-VLC-HI04,C,hipermercado,2809,137705.2,5643.8,21694.21,24437.0
2024-11-01,RN-VLC-HI04,C,hipermercado,2809,142772.7,9413.9,22713.43,25984.7
2024-12-01,RN-VLC-HI04,C,hipermercado,2809,119554.4,7516.5,18996.95,21692.3
2025-01-01,RN-VLC-HI04,C,hipermercado,2809,155034.3,12781.2,24822.75,28682.0
2025-02-01,RN-VLC-HI04,C,hipermercado,2809,157807.7,11310.3,25161.43,28885.8
2025-03-01,RN-VLC-HI04,C,hipermercado,2809,137749.4,8582.4,21883.26,24979.4
2025-04-01,RN-VLC-HI04,C,hipermercado,2809,138494.5,6067.5,21842.83,24648.4
2025-05-01,RN-VLC-HI04,C,hipermercado,2809,147987.1,3628.9,23162.99,25818.3
2025-06-01,RN-VLC-HI04,C,hipermercado,2809,158883.6,1937.7,24747.09,27362.9
2025-07-01,RN-VLC-HI04,C,hipermercado,2809,179471.9,1198.0,27892.43,30728.3
2025-08-01,RN-VLC-HI04,C,hipermercado,2809,173685.8,1602.3,27020.64,29818.2
2025-09-01,RN-VLC-HI04,C,hipermercado,2809,141209.5,2451.8,22039.49,24451.8
2025-10-01,RN-VLC-HI04,C,hipermercado,2809,134049.4,5521.1,21119.96,23793.2
2025-11-01,RN-VLC-HI04,C,hipermercado,2809,142416.6,9703.7,22676.21,25976.9
2025-12-01,RN-VLC-HI04,C,hipermercado,2809,133774.9,8655.2,21271.74,24317.0
2024-01-01,RN-VLC-HI05,C,hipermercado,3175,189910.3,13756.1,30288.98,34788.4
2024-02-01,RN-VLC-HI05,C,hipermercado,3175,173549.1,13810.3,27756.34,32016.8
2024-03-01,RN-VLC-HI05,C,hipermercado,3175,157047.5,10670.3,25003.93,28640.1
2024-04-01,RN-VLC-HI05,C,hipermercado,3175,172899.3,6755.4,27218.22,30622.4
2024-05-01,RN-VLC-HI05,C,hipermercado,3175,152728.1,4226.0,23934.86,26732.9
2024-06-01,RN-VLC-HI05,C,hipermercado,3175,202029.5,2196.5,31450.76,34744.8
2024-07-01,RN-VLC-HI05,C,hipermercado,3175,202097.2,1711.4,31431.18,34668.0
2024-08-01,RN-VLC-HI05,C,hipermercado,3175,228318.0,1565.8,35486.37,39099.0
2024-09-01,RN-VLC-HI05,C,hipermercado,3175,158005.4,2746.8,24661.13,27360.8
2024-10-01,RN-VLC-HI05,C,hipermercado,3175,152379.0,5375.3,23952.01,26882.7
2024-11-01,RN-VLC-HI05,C,hipermercado,3175,165202.1,10352.6,26248.19,29968.5
2024-12-01,RN-VLC-HI05,C,hipermercado,3175,146274.5,10369.7,23315.47,26753.9
2025-01-01,RN-VLC-HI05,C,hipermercado,3175,182998.6,15469.9,29323.92,33925.3
2025-02-01,RN-VLC-HI05,C,hipermercado,3175,189044.1,13145.9,30116.89,34530.1
2025-03-01,RN-VLC-HI05,C,hipermercado,3175,158055.2,9790.9,25105.6,28651.3
2025-04-01,RN-VLC-HI05,C,hipermercado,3175,153135.1,7162.8,24180.03,27336.6
2025-05-01,RN-VLC-HI05,C,hipermercado,3175,165284.0,4582.6,25903.14,28932.3
2025-06-01,RN-VLC-HI05,C,hipermercado,3175,194823.0,2177.6,30332.57,33516.2
2025-07-01,RN-VLC-HI05,C,hipermercado,3175,,1502.1,,
2025-08-01,RN-VLC-HI05,C,hipermercado,3175,192911.3,1580.9,29999.26,33082.6
2025-09-01,RN-VLC-HI05,C,hipermercado,3175,170931.5,2746.7,26664.68,29558.3
2025-10-01,RN-VLC-HI05,C,hipermercado,3175,167803.4,5452.4,26347.58,29518.9
2025-11-01,RN-VLC-HI05,C,hipermercado,3175,159784.0,10707.6,25430.39,29112.1
2025-12-01,RN-VLC-HI05,C,hipermercado,3175,145522.2,10136.1,23184.37,26583.5
2024-01-01,RN-VLC-HI06,C,hipermercado,2963,156873.9,11936.3,25055.51,28841.0
2024-02-01,RN-VLC-HI06,C,hipermercado,2963,154268.1,10617.4,24569.84,28158.0
2024-03-01,RN-VLC-HI06,C,hipermercado,2963,157686.1,8229.7,24951.59,28304.5
2024-04-01,RN-VLC-HI06,C,hipermercado,2963,158428.3,6454.1,24956.55,28107.5
2024-05-01,RN-VLC-HI06,C,hipermercado,2963,149815.0,4139.5,23477.97,26221.9
2024-06-01,RN-VLC-HI06,C,hipermercado,2963,169013.8,2214.8,26334.45,29135.4
2024-07-01,RN-VLC-HI06,C,hipermercado,2963,191405.1,1724.2,29774.69,32852.7
2024-08-01,RN-VLC-HI06,C,hipermercado,2963,198316.2,1593.7,30837.82,34003.8
2024-09-01,RN-VLC-HI06,C,hipermercado,2963,177964.5,2654.0,27749.04,30737.0
2024-10-01,RN-VLC-HI06,C,hipermercado,2963,143811.8,6299.7,22681.42,25594.6
2024-11-01,RN-VLC-HI06,C,hipermercado,2963,160651.2,8673.6,25438.7,28889.3
2024-12-01,RN-VLC-HI06,C,hipermercado,2963,139577.7,8238.3,22145.31,25227.6
2025-01-01,RN-VLC-HI06,C,hipermercado,2963,175443.6,12947.9,27996.52,32181.9
2025-02-01,RN-VLC-HI06,C,hipermercado,2963,153768.6,11393.2,24540.51,28214.2
2025-03-01,RN-VLC-HI06,C,hipermercado,2963,160496.2,8617.2,25411.18,28852.7
2025-04-01,RN-VLC-HI06,C,hipermercado,2963,148868.7,6142.1,23455.45,26425.5
2025-05-01,RN-VLC-HI06,C,hipermercado,2963,148709.9,3610.7,23273.89,25937.8
2025-06-01,RN-VLC-HI06,C,hipermercado,2963,163311.7,1978.3,25435.97,28123.0
2025-07-01,RN-VLC-HI06,C,hipermercado,2963,175920.5,1643.5,27369.58,30205.6
2025-08-01,RN-VLC-HI06,C,hipermercado,2963,196155.9,1403.6,30491.19,33602.0
2025-09-01,RN-VLC-HI06,C,hipermercado,2963,175614.4,2561.5,27379.04,30320.6
2025-10-01,RN-VLC-HI06,C,hipermercado,2963,138572.6,5424.4,21815.07,24544.6
2025-11-01,RN-VLC-HI06,C,hipermercado,2963,164346.5,8981.6,26030.56,29573.6
2025-12-01,RN-VLC-HI06,C,hipermercado,2963,136538.8,9017.2,21722.58,24852.7
2024-01-01,RN-VLC-HI07,C,hipermercado,2381,132685.5,9420.3,21150.32,24271.0
2024-02-01,RN-VLC-HI07,C,hipermercado,2381,121493.8,8861.3,19380.95,22266.7
2024-03-01,RN-VLC-HI07,C,hipermercado,2381,,6715.2,,
2024-04-01,RN-VLC-HI07,C,hipermercado,2381,117801.4,5214.5,18582.52,20975.3
2024-05-01,RN-VLC-HI07,C,hipermercado,2381,125185.7,2720.3,19572.44,21776.7
2024-06-01,RN-VLC-HI07,C,hipermercado,2381,127791.4,1577.0,19905.44,22011.6
2024-07-01,RN-VLC-HI07,C,hipermercado,2381,154720.6,1223.6,24057.56,26525.2
2024-08-01,RN-VLC-HI07,C,hipermercado,2381,153523.0,1282.3,23875.57,26332.3
2024-09-01,RN-VLC-HI07,C,hipermercado,2381,123793.6,2049.5,19315.08,21417.9
2024-10-01,RN-VLC-HI07,C,hipermercado,2381,118424.1,4067.8,18607.93,20872.4
2024-11-01,RN-VLC-HI07,C,hipermercado,2381,123385.6,7831.7,19610.34,22400.9
2024-12-01,RN-VLC-HI07,C,hipermercado,2381,110774.3,6948.4,17600.82,20096.2
2025-01-01,RN-VLC-HI07,C,hipermercado,2381,137330.0,11189.9,21979.93,25382.7
2025-02-01,RN-VLC-HI07,C,hipermercado,2381,129735.3,10225.9,20742.98,23916.1
2025-03-01,RN-VLC-HI07,C,hipermercado,2381,107266.6,8515.8,17154.3,19785.2
2025-04-01,RN-VLC-HI07,C,hipermercado,2381,121956.8,5029.2,19215.11,21648.0
2025-05-01,RN-VLC-HI07,C,hipermercado,2381,121448.5,3135.3,19018.9,21216.9
2025-06-01,RN-VLC-HI07,C,hipermercado,2381,136215.9,1782.9,21224.0,23481.2
2025-07-01,RN-VLC-HI07,C,hipermercado,2381,154108.5,1140.7,23957.54,26406.0
2025-08-01,RN-VLC-HI07,C,hipermercado,2381,158684.4,1183.2,24669.44,27191.7
2025-09-01,RN-VLC-HI07,C,hipermercado,2381,133511.6,2210.6,20831.36,23099.3
2025-10-01,RN-VLC-HI07,C,hipermercado,2381,121661.7,4764.8,19152.99,21549.7
2025-11-01,RN-VLC-HI07,C,hipermercado,2381,112752.2,7538.1,17943.95,20539.8
2025-12-01,RN-VLC-HI07,C,hipermercado,2381,112676.6,7136.9,17907.37,20453.9
2024-01-01,RN-VLC-ES01,C,especializada,868,14610.3,0.0,2264.6,2483.8
2024-02-01,RN-VLC-ES01,C,especializada,868,14729.9,0.0,2283.14,2504.1
2024-03-01,RN-VLC-ES01,C,especializada,868,12727.3,0.0,1972.73,2163.6
2024-04-01,RN-VLC-ES01,C,especializada,868,12672.2,0.0,1964.19,2154.3
2024-05-01,RN-VLC-ES01,C,especializada,868,14055.8,0.0,2178.65,2389.5
2024-06-01,RN-VLC-ES01,C,especializada,868,14237.8,0.0,2206.86,2420.4
2024-07-01,RN-VLC-ES01,C,especializada,868,16588.9,0.0,2571.29,2820.1
2024-08-01,RN-VLC-ES01,C,especializada,868,17397.5,0.0,2696.61,2957.6
2024-09-01,RN-VLC-ES01,C,especializada,868,14765.5,0.0,2288.65,2510.1
2024-10-01,RN-VLC-ES01,C,especializada,868,13179.0,0.0,2042.75,2240.4
2024-11-01,RN-VLC-ES01,C,especializada,868,13025.0,0.0,2018.88,2214.3
2024-12-01,RN-VLC-ES01,C,especializada,868,11332.0,0.0,1756.46,1926.4
2025-01-01,RN-VLC-ES01,C,especializada,868,14817.5,0.0,2296.71,2519.0
2025-02-01,RN-VLC-ES01,C,especializada,868,,0.0,,
2025-03-01,RN-VLC-ES01,C,especializada,868,13077.0,0.0,2026.94,2223.1
2025-04-01,RN-VLC-ES01,C,especializada,868,13981.6,0.0,2167.14,2376.9
2025-05-01,RN-VLC-ES01,C,especializada,868,13459.1,0.0,2086.15,2288.0
2025-06-01,RN-VLC-ES01,C,especializada,868,15369.2,0.0,2382.22,2612.8
2025-07-01,RN-VLC-ES01,C,especializada,868,17383.7,0.0,2694.47,2955.2
2025-08-01,RN-VLC-ES01,C,especializada,868,17554.6,0.0,2720.96,2984.3
2025-09-01,RN-VLC-ES01,C,especializada,868,14194.3,0.0,2200.11,2413.0
2025-10-01,RN-VLC-ES01,C,especializada,868,13128.2,0.0,2034.87,2231.8
2025-11-01,RN-VLC-ES01,C,especializada,868,14897.4,0.0,2309.1,2532.6
2025-12-01,RN-VLC-ES01,C,especializada,868,12480.5,0.0,1934.48,2121.7
2024-01-01,RN-VLC-ES02,C,especializada,649,11375.5,0.0,1763.2,1933.8
2024-02-01,RN-VLC-ES02,C,especializada,649,10974.3,0.0,1701.01,1865.6
2024-03-01,RN-VLC-ES02,C,especializada,649,10198.6,0.0,1580.78,1733.8
2024-04-01,RN-VLC-ES02,C,especializada,649,10081.0,0.0,1562.56,1713.8
2024-05-01,RN-VLC-ES02,C,especializada,649,10681.3,0.0,1655.61,1815.8
2024-06-01,RN-VLC-ES02,C,especializada,649,11956.7,0.0,1853.28,2032.6
2024-07-01,RN-VLC-ES02,C,especializada,649,11956.3,0.0,1853.23,2032.6
2024-08-01,RN-VLC-ES02,C,especializada,649,13248.8,0.0,2053.56,2252.3
2024-09-01,RN-VLC-ES02,C,especializada,649,10682.9,0.0,1655.86,1816.1
2024-10-01,RN-VLC-ES02,C,especializada,649,10041.7,0.0,1556.46,1707.1
2024-11-01,RN-VLC-ES02,C,especializada,649,9659.4,0.0,1497.2,1642.1
2024-12-01,RN-VLC-ES02,C,especializada,649,9413.6,0.0,1459.11,1600.3
2025-01-01,RN-VLC-ES02,C,especializada,649,11628.0,0.0,1802.34,1976.8
2025-02-01,RN-VLC-ES02,C,especializada,649,10020.5,0.0,1553.18,1703.5
2025-03-01,RN-VLC-ES02,C,especializada,649,11353.8,0.0,1759.84,1930.1
2025-04-01,RN-VLC-ES02,C,especializada,649,9634.7,0.0,1493.37,1637.9
2025-05-01,RN-VLC-ES02,C,especializada,649,9944.0,0.0,1541.33,1690.5
2025-06-01,RN-VLC-ES02,C,especializada,649,10112.6,0.0,1567.45,1719.1
2025-07-01,RN-VLC-ES02,C,especializada,649,12993.0,0.0,2013.91,2208.8
2025-08-01,RN-VLC-ES02,C,especializada,649,12920.2,0.0,2002.64,2196.4
2025-09-01,RN-VLC-ES02,C,especializada,649,11963.2,0.0,1854.3,2033.7
2025-10-01,RN-VLC-ES02,C,especializada,649,9814.5,0.0,1521.24,1668.5
2025-11-01,RN-VLC-ES02,C,especializada,649,10971.4,0.0,1700.57,1865.1
2025-12-01,RN-VLC-ES02,C,especializada,649,9008.5,0.0,1396.32,1531.4
2024-01-01,RN-VLC-ES03,C,especializada,736,12886.2,0.0,1997.35,2190.6
2024-02-01,RN-VLC-ES03,C,especializada,736,12417.4,0.0,1924.7,2111.0
2024-03-01,RN-VLC-ES03,C,especializada,736,11728.9,0.0,1817.98,1993.9
2024-04-01,RN-VLC-ES03,C,especializada,736,10425.5,0.0,1615.95,1772.3
2024-05-01,RN-VLC-ES03,C,especializada,736,12187.9,0.0,1889.12,2071.9
2024-06-01,RN-VLC-ES03,C,especializada,736,12786.6,0.0,1981.92,2173.7
2024-07-01,RN-VLC-ES03,C,especializada,736,15496.5,0.0,2401.96,2634.4
2024-08-01,RN-VLC-ES03,C,especializada,736,14962.6,0.0,2319.2,2543.6
2024-09-01,RN-VLC-ES03,C,especializada,736,12813.0,0.0,1986.02,2178.2
2024-10-01,RN-VLC-ES03,C,especializada,736,10702.8,0.0,1658.93,1819.5
2024-11-01,RN-VLC-ES03,C,especializada,736,10690.2,0.0,1656.99,1817.3
2024-12-01,RN-VLC-ES03,C,especializada,736,10551.0,0.0,1635.4,1793.7
2025-01-01,RN-VLC-ES03,C,especializada,736,11850.7,0.0,1836.86,2014.6
2025-02-01,RN-VLC-ES03,C,especializada,736,11543.4,0.0,1789.23,1962.4
2025-03-01,RN-VLC-ES03,C,especializada,736,11944.2,0.0,1851.35,2030.5
2025-04-01,RN-VLC-ES03,C,especializada,736,10751.3,0.0,1666.46,1827.7
2025-05-01,RN-VLC-ES03,C,especializada,736,11865.7,0.0,1839.18,2017.2
2025-06-01,RN-VLC-ES03,C,especializada,736,12898.6,0.0,1999.29,2192.8
2025-07-01,RN-VLC-ES03,C,especializada,736,13185.2,0.0,2043.7,2241.5
2025-08-01,RN-VLC-ES03,C,especializada,736,15588.0,0.0,2416.14,2650.0
2025-09-01,RN-VLC-ES03,C,especializada,736,12193.6,0.0,1890.01,2072.9
2025-10-01,RN-VLC-ES03,C,especializada,736,11106.9,0.0,1721.58,1888.2
2025-11-01,RN-VLC-ES03,C,especializada,736,11478.7,0.0,1779.2,1951.4
2025-12-01,RN-VLC-ES03,C,especializada,736,9999.8,0.0,1549.97,1700.0
2024-01-01,RN-VLC-ES04,C,especializada,799,13863.1,0.0,2148.78,2356.7
2024-02-01,RN-VLC-ES04,C,especializada,799,13566.5,0.0,2102.81,2306.3
2024-03-01,RN-VLC-ES04,C,especializada,799,11363.6,0.0,1761.36,1931.8
2024-04-01,RN-VLC-ES04,C,especializada,799,11832.4,0.0,1834.02,2011.5
2024-05-01,RN-VLC-ES04,C,especializada,799,11434.7,0.0,1772.38,1943.9
2024-06-01,RN-VLC-ES04,C,especializada,799,14781.0,0.0,2291.05,2512.8
2024-07-01,RN-VLC-ES04,C,especializada,799,15874.5,0.0,2460.54,2698.7
2024-08-01,RN-VLC-ES04,C,especializada,799,14980.8,0.0,2322.03,2546.7
2024-09-01,RN-VLC-ES04,C,especializada,799,14097.6,0.0,2185.13,2396.6
2024-10-01,RN-VLC-ES04,C,especializada,799,12180.3,0.0,1887.95,2070.7
2024-11-01,RN-VLC-ES04,C,especializada,799,12260.4,0.0,1900.36,2084.3
2024-12-01,RN-VLC-ES04,C,especializada,799,11662.9,0.0,1807.75,1982.7
2025-01-01,RN-VLC-ES04,C,especializada,799,14827.4,0.0,2298.25,2520.7
2025-02-01,RN-VLC-ES04,C,especializada,799,13014.6,0.0,2017.26,2212.5
2025-03-01,RN-VLC-ES04,C,especializada,799,12787.9,0.0,1982.12,2173.9
2025-04-01,RN-VLC-ES04,C,especializada,799,12273.6,0.0,1902.41,2086.5
2025-05-01,RN-VLC-ES04,C,especializada,799,12649.1,0.0,1960.61,2150.3
2025-06-01,RN-VLC-ES04,C,especializada,799,15130.8,0.0,2345.27,2572.2
2025-07-01,RN-VLC-ES04,C,especializada,799,16121.8,0.0,2498.87,2740.7
2025-08-01,RN-VLC-ES04,C,especializada,799,17042.1,0.0,2641.52,2897.2
2025-09-01,RN-VLC-ES04,C,especializada,799,12860.0,0.0,1993.3,2186.2
2025-10-01,RN-VLC-ES04,C,especializada,799,13063.9,0.0,2024.9,2220.9
2025-11-01,RN-VLC-ES04,C,especializada,799,13436.1,0.0,2082.6,2284.1
2025-12-01,RN-VLC-ES04,C,especializada,799,9865.8,0.0,1529.2,1677.2
2024-01-01,RN-VLC-ES05,C,especializada,792,13662.9,0.0,2117.74,2322.7
2024-02-01,RN-VLC-ES05,C,especializada,792,12587.1,0.0,1951.0,2139.8
2024-03-01,RN-VLC-ES05,C,especializada,792,11936.3,0.0,1850.13,2029.2
2024-04-01,RN-VLC-ES05,C,especializada,792,11713.8,0.0,1815.64,1991.3
2024-05-01,RN-VLC-ES05,C,especializada,792,12778.2,0.0,1980.61,2172.3
2024-06-01,RN-VLC-ES05,C,especializada,792,13806.5,0.0,2140.01,2347.1
2024-07-01,RN-VLC-ES05,C,especializada,792,15953.8,0.0,2472.84,2712.1
2024-08-01,RN-VLC-ES05,C,especializada,792,15530.8,0.0,2407.28,2640.2
2024-09-01,RN-VLC-ES05,C,especializada,792,13609.1,0.0,2109.41,2313.5
2024-10-01,RN-VLC-ES05,C,especializada,792,11958.7,0.0,1853.6,2033.0
2024-11-01,RN-VLC-ES05,C,especializada,792,11833.3,0.0,1834.17,2011.7
2024-12-01,RN-VLC-ES05,C,especializada,792,10664.6,0.0,1653.02,1813.0
2025-01-01,RN-VLC-ES05,C,especializada,792,14675.0,0.0,2274.63,2494.8
2025-02-01,RN-VLC-ES05,C,especializada,792,13378.8,0.0,2073.72,2274.4
2025-03-01,RN-VLC-ES05,C,especializada,792,12294.1,0.0,1905.58,2090.0
2025-04-01,RN-VLC-ES05,C,especializada,792,12257.9,0.0,1899.97,2083.8
2025-05-01,RN-VLC-ES05,C,especializada,792,11743.4,0.0,1820.23,1996.4
2025-06-01,RN-VLC-ES05,C,especializada,792,13558.7,0.0,2101.61,2305.0
2025-07-01,RN-VLC-ES05,C,especializada,792,15122.1,0.0,2343.93,2570.8
2025-08-01,RN-VLC-ES05,C,especializada,792,15060.0,0.0,2334.3,2560.2
2025-09-01,RN-VLC-ES05,C,especializada,792,12616.3,0.0,1955.53,2144.8
2025-10-01,RN-VLC-ES05,C,especializada,792,13688.5,0.0,2121.72,2327.0
2025-11-01,RN-VLC-ES05,C,especializada,792,12588.5,0.0,1951.22,2140.0
2025-12-01,RN-VLC-ES05,C,especializada,792,10631.0,0.0,1647.81,1807.3
2024-01-01,RN-VLC-ES06,C,especializada,630,10819.2,0.0,1676.98,1839.3
2024-02-01,RN-VLC-ES06,C,especializada,630,10144.0,0.0,1572.31,1724.5
2024-03-01,RN-VLC-ES06,C,especializada,630,10625.0,0.0,1646.87,1806.2
2024-04-01,RN-VLC-ES06,C,especializada,630,9754.6,0.0,1511.96,1658.3
2024-05-01,RN-VLC-ES06,C,especializada,630,9911.1,0.0,1536.22,1684.9
2024-06-01,RN-VLC-ES06,C,especializada,630,11575.0,0.0,1794.12,1967.7
2024-07-01,RN-VLC-ES06,C,especializada,630,11964.5,0.0,1854.49,2034.0
2024-08-01,RN-VLC-ES06,C,especializada,630,12163.5,0.0,1885.34,2067.8
2024-09-01,RN-VLC-ES06,C,especializada,630,10946.5,0.0,1696.7,1860.9
2024-10-01,RN-VLC-ES06,C,especializada,630,9519.9,0.0,1475.58,1618.4
2024-11-01,RN-VLC-ES06,C,especializada,630,10200.3,0.0,1581.04,1734.0
2024-12-01,RN-VLC-ES06,C,especializada,630,8435.5,0.0,1307.5,1434.0
2025-01-01,RN-VLC-ES06,C,especializada,630,11421.6,0.0,1770.34,1941.7
2025-02-01,RN-VLC-ES06,C,especializada,630,10004.0,0.0,1550.62,1700.7
2025-03-01,RN-VLC-ES06,C,especializada,630,10291.1,0.0,1595.12,1749.5
2025-04-01,RN-VLC-ES06,C,especializada,630,8880.3,0.0,1376.45,1509.7
2025-05-01,RN-VLC-ES06,C,especializada,630,10200.8,0.0,1581.12,1734.1
2025-06-01,RN-VLC-ES06,C,especializada,630,11813.6,0.0,1831.1,2008.3
2025-07-01,RN-VLC-ES06,C,especializada,630,12236.2,0.0,1896.61,2080.2
2025-08-01,RN-VLC-ES06,C,especializada,630,13323.2,0.0,2065.1,2264.9
2025-09-01,RN-VLC-ES06,C,especializada,630,,0.0,,
2025-10-01,RN-VLC-ES06,C,especializada,630,10559.2,0.0,1636.67,1795.1
2025-11-01,RN-VLC-ES06,C,especializada,630,9993.6,0.0,1549.01,1698.9
2025-12-01,RN-VLC-ES06,C,especializada,630,9012.0,0.0,1396.86,1532.0
2024-01-01,RN-VLC-ES07,C,especializada,750,12478.3,0.0,1934.14,2121.3
2024-02-01,RN-VLC-ES07,C,especializada,750,12463.2,0.0,1931.79,2118.7
2024-03-01,RN-VLC-ES07,C,especializada,750,12145.7,0.0,1882.58,2064.8
2024-04-01,RN-VLC-ES07,C,especializada,750,,0.0,,
2024-05-01,RN-VLC-ES07,C,especializada,750,12037.5,0.0,1865.82,2046.4
2024-06-01,RN-VLC-ES07,C,especializada,750,13627.5,0.0,2112.26,2316.7
2024-07-01,RN-VLC-ES07,C,especializada,750,14882.4,0.0,2306.78,2530.0
2024-08-01,RN-VLC-ES07,C,especializada,750,15176.1,0.0,2352.3,2579.9
2024-09-01,RN-VLC-ES07,C,especializada,750,12985.7,0.0,2012.78,2207.6
2024-10-01,RN-VLC-ES07,C,especializada,750,11435.7,0.0,1772.53,1944.1
2024-11-01,RN-VLC-ES07,C,especializada,750,10557.5,0.0,1636.41,1794.8
2024-12-01,RN-VLC-ES07,C,especializada,750,10437.5,0.0,1617.82,1774.4
2025-01-01,RN-VLC-ES07,C,especializada,750,12248.2,0.0,1898.47,2082.2
2025-02-01,RN-VLC-ES07,C,especializada,750,12986.4,0.0,2012.89,2207.7
2025-03-01,RN-VLC-ES07,C,especializada,750,11472.4,0.0,1778.22,1950.3
2025-04-01,RN-VLC-ES07,C,especializada,750,11545.4,0.0,1789.54,1962.7
2025-05-01,RN-VLC-ES07,C,especializada,750,11587.8,0.0,1796.11,1969.9
2025-06-01,RN-VLC-ES07,C,especializada,750,12493.7,0.0,1936.52,2123.9
2025-07-01,RN-VLC-ES07,C,especializada,750,15597.7,0.0,2417.64,2651.6
2025-08-01,RN-VLC-ES07,C,especializada,750,14450.6,0.0,2239.84,2456.6
2025-09-01,RN-VLC-ES07,C,especializada,750,13102.4,0.0,2030.88,2227.4
2025-10-01,RN-VLC-ES07,C,especializada,750,,0.0,,
2025-11-01,RN-VLC-ES07,C,especializada,750,11240.9,0.0,1742.34,1911.0
2025-12-01,RN-VLC-ES07,C,especializada,750,10647.8,0.0,1650.42,1810.1
2024-01-01,RN-VLC-ES08,C,especializada,894,16071.3,0.0,2491.05,2732.1
2024-02-01,RN-VLC-ES08,C,especializada,894,13584.2,0.0,2105.55,2309.3
2024-03-01,RN-VLC-ES08,C,especializada,894,13739.7,0.0,2129.65,2335.7
2024-04-01,RN-VLC-ES08,C,especializada,894,13134.6,0.0,2035.87,2232.9
2024-05-01,RN-VLC-ES08,C,especializada,894,13483.6,0.0,2089.96,2292.2
2024-06-01,RN-VLC-ES08,C,especializada,894,16695.8,0.0,2587.84,2838.3
2024-07-01,RN-VLC-ES08,C,especializada,894,16658.7,0.0,2582.1,2832.0
2024-08-01,RN-VLC-ES08,C,especializada,894,18014.1,0.0,2792.18,3062.4
2024-09-01,RN-VLC-ES08,C,especializada,894,15912.2,0.0,2466.38,2705.1
2024-10-01,RN-VLC-ES08,C,especializada,894,15026.9,0.0,2329.17,2554.6
2024-11-01,RN-VLC-ES08,C,especializada,894,13564.2,0.0,2102.45,2305.9
2024-12-01,RN-VLC-ES08,C,especializada,894,11168.7,0.0,1731.15,1898.7
2025-01-01,RN-VLC-ES08,C,especializada,894,16366.9,0.0,2536.88,2782.4
2025-02-01,RN-VLC-ES08,C,especializada,894,15010.5,0.0,2326.62,2551.8
2025-03-01,RN-VLC-ES08,C,especializada,894,14499.0,0.0,2247.34,2464.8
2025-04-01,RN-VLC-ES08,C,especializada,894,14120.8,0.0,2188.73,2400.5
2025-05-01,RN-VLC-ES08,C,especializada,894,15091.4,0.0,2339.16,2565.5
2025-06-01,RN-VLC-ES08,C,especializada,894,16325.5,0.0,2530.45,2775.3
2025-07-01,RN-VLC-ES08,C,especializada,894,17070.8,0.0,2645.97,2902.0
2025-08-01,RN-VLC-ES08,C,especializada,894,17634.8,0.0,2733.39,2997.9
2025-09-01,RN-VLC-ES08,C,especializada,894,14991.6,0.0,2323.69,2548.6
2025-10-01,RN-VLC-ES08,C,especializada,894,13228.4,0.0,2050.4,2248.8
2025-11-01,RN-VLC-ES08,C,especializada,894,14707.9,0.0,2279.73,2500.3
2025-12-01,RN-VLC-ES08,C,especializada,894,11807.0,0.0,1830.09,2007.2
2024-01-01,RN-VLC-ES09,C,especializada,774,12261.7,0.0,1900.56,2084.5
2024-02-01,RN-VLC-ES09,C,especializada,774,13019.3,0.0,2017.99,2213.3
2024-03-01,RN-VLC-ES09,C,especializada,774,11567.0,0.0,1792.89,1966.4
2024-04-01,RN-VLC-ES09,C,especializada,774,12264.5,0.0,1901.0,2085.0
2024-05-01,RN-VLC-ES09,C,especializada,774,12268.0,0.0,1901.55,2085.6
2024-06-01,RN-VLC-ES09,C,especializada,774,13146.5,0.0,2037.71,2234.9
2024-07-01,RN-VLC-ES09,C,especializada,774,14909.6,0.0,2310.98,2534.6
2024-08-01,RN-VLC-ES09,C,especializada,774,14517.6,0.0,2250.23,2468.0
2024-09-01,RN-VLC-ES09,C,especializada,774,12821.0,0.0,1987.26,2179.6
2024-10-01,RN-VLC-ES09,C,especializada,774,11689.2,0.0,1811.83,1987.2
2024-11-01,RN-VLC-ES09,C,especializada,774,12091.6,0.0,1874.19,2055.6
2024-12-01,RN-VLC-ES09,C,especializada,774,11098.9,0.0,1720.33,1886.8
2025-01-01,RN-VLC-ES09,C,especializada,774,12778.3,0.0,1980.64,2172.3
2025-02-01,RN-VLC-ES09,C,especializada,774,12326.5,0.0,1910.6,2095.5
2025-03-01,RN-VLC-ES09,C,especializada,774,11844.5,0.0,1835.9,2013.6
2025-04-01,RN-VLC-ES09,C,especializada,774,11922.6,0.0,1848.0,2026.8
2025-05-01,RN-VLC-ES09,C,especializada,774,12495.0,0.0,1936.73,2124.2
2025-06-01,RN-VLC-ES09,C,especializada,774,12834.1,0.0,1989.28,2181.8
2025-07-01,RN-VLC-ES09,C,especializada,774,14588.6,0.0,2261.23,2480.1
2025-08-01,RN-VLC-ES09,C,especializada,774,15438.2,0.0,2392.92,2624.5
2025-09-01,RN-VLC-ES09,C,especializada,774,13596.1,0.0,2107.4,2311.3
2025-10-01,RN-VLC-ES09,C,especializada,774,12634.6,0.0,1958.36,2147.9
2025-11-01,RN-VLC-ES09,C,especializada,774,11824.6,0.0,1832.81,2010.2
2025-12-01,RN-VLC-ES09,C,especializada,774,10359.8,0.0,1605.77,1761.2
2024-01-01,RN-VLC-ES10,C,especializada,695,12116.8,0.0,1878.1,2059.9
2024-02-01,RN-VLC-ES10,C,especializada,695,11469.9,0.0,1777.83,1949.9
2024-03-01,RN-VLC-ES10,C,especializada,695,10828.5,0.0,1678.42,1840.8
2024-04-01,RN-VLC-ES10,C,especializada,695,11607.8,0.0,1799.2,1973.3
2024-05-01,RN-VLC-ES10,C,especializada,695,10131.2,0.0,1570.33,1722.3
2024-06-01,RN-VLC-ES10,C,especializada,695,12167.7,0.0,1885.99,2068.5
2024-07-01,RN-VLC-ES10,C,especializada,695,13750.8,0.0,2131.37,2337.6
2024-08-01,RN-VLC-ES10,C,especializada,695,13338.4,0.0,2067.45,2267.5
2024-09-01,RN-VLC-ES10,C,especializada,695,12064.8,0.0,1870.05,2051.0
2024-10-01,RN-VLC-ES10,C,especializada,695,11407.8,0.0,1768.21,1939.3
2024-11-01,RN-VLC-ES10,C,especializada,695,11774.9,0.0,1825.11,2001.7
2024-12-01,RN-VLC-ES10,C,especializada,695,10264.3,0.0,1590.96,1744.9
2025-01-01,RN-VLC-ES10,C,especializada,695,11741.9,0.0,1819.99,1996.1
2025-02-01,RN-VLC-ES10,C,especializada,695,11108.4,0.0,1721.81,1888.4
2025-03-01,RN-VLC-ES10,C,especializada,695,10838.0,0.0,1679.89,1842.5
2025-04-01,RN-VLC-ES10,C,especializada,695,11034.3,0.0,1710.32,1875.8
2025-05-01,RN-VLC-ES10,C,especializada,695,10415.0,0.0,1614.32,1770.5
2025-06-01,RN-VLC-ES10,C,especializada,695,12466.9,0.0,1932.38,2119.4
2025-07-01,RN-VLC-ES10,C,especializada,695,13295.4,0.0,2060.79,2260.2
2025-08-01,RN-VLC-ES10,C,especializada,695,13555.9,0.0,2101.16,2304.5
2025-09-01,RN-VLC-ES10,C,especializada,695,11519.8,0.0,1785.57,1958.4
2025-10-01,RN-VLC-ES10,C,especializada,695,11979.4,0.0,1856.81,2036.5
2025-11-01,RN-VLC-ES10,C,especializada,695,10679.3,0.0,1655.29,1815.5
2025-12-01,RN-VLC-ES10,C,especializada,695,10215.3,0.0,1583.37,1736.6
2024-01-01,RN-VLC-CV01,C,conveniencia,402,15216.5,0.0,2358.55,2586.8
2024-02-01,RN-VLC-CV01,C,conveniencia,402,13484.9,0.0,2090.16,2292.4
2024-03-01,RN-VLC-CV01,C,conveniencia,402,12496.9,0.0,1937.02,2124.5
2024-04-01,RN-VLC-CV01,C,conveniencia,402,12157.3,0.0,1884.38,2066.7
2024-05-01,RN-VLC-CV01,C,conveniencia,402,13837.6,0.0,2144.83,2352.4
2024-06-01,RN-VLC-CV01,C,conveniencia,402,14384.2,0.0,2229.55,2445.3
2024-07-01,RN-VLC-CV01,C,conveniencia,402,15725.2,0.0,2437.4,2673.3
2024-08-01,RN-VLC-CV01,C,conveniencia,402,16764.7,0.0,2598.53,2850.0
2024-09-01,RN-VLC-CV01,C,conveniencia,402,13339.4,0.0,2067.6,2267.7
2024-10-01,RN-VLC-CV01,C,conveniencia,402,13103.8,0.0,2031.09,2227.6
2024-11-01,RN-VLC-CV01,C,conveniencia,402,13462.4,0.0,2086.67,2288.6
2024-12-01,RN-VLC-CV01,C,conveniencia,402,11762.2,0.0,1823.14,1999.6
2025-01-01,RN-VLC-CV01,C,conveniencia,402,14243.4,0.0,2207.73,2421.4
2025-02-01,RN-VLC-CV01,C,conveniencia,402,13272.8,0.0,2057.29,2256.4
2025-03-01,RN-VLC-CV01,C,conveniencia,402,14194.8,0.0,2200.2,2413.1
2025-04-01,RN-VLC-CV01,C,conveniencia,402,11945.2,0.0,1851.5,2030.7
2025-05-01,RN-VLC-CV01,C,conveniencia,402,12952.3,0.0,2007.61,2201.9
2025-06-01,RN-VLC-CV01,C,conveniencia,402,15145.4,0.0,2347.54,2574.7
2025-07-01,RN-VLC-CV01,C,conveniencia,402,16820.4,0.0,2607.16,2859.5
2025-08-01,RN-VLC-CV01,C,conveniencia,402,17115.5,0.0,2652.9,2909.6
2025-09-01,RN-VLC-CV01,C,conveniencia,402,15742.2,0.0,2440.04,2676.2
2025-10-01,RN-VLC-CV01,C,conveniencia,402,13399.1,0.0,2076.86,2277.8
2025-11-01,RN-VLC-CV01,C,conveniencia,402,13292.5,0.0,2060.34,2259.7
2025-12-01,RN-VLC-CV01,C,conveniencia,402,11764.0,0.0,1823.42,1999.9
2024-01-01,RN-VLC-CV02,C,conveniencia,420,15721.5,0.0,2436.83,2672.7
2024-02-01,RN-VLC-CV02,C,conveniencia,420,15660.2,0.0,2427.33,2662.2
2024-03-01,RN-VLC-CV02,C,conveniencia,420,13956.6,0.0,2163.27,2372.6
2024-04-01,RN-VLC-CV02,C,conveniencia,420,14002.1,0.0,2170.32,2380.4
2024-05-01,RN-VLC-CV02,C,conveniencia,420,14084.1,0.0,2183.03,2394.3
2024-06-01,RN-VLC-CV02,C,conveniencia,420,15369.7,0.0,2382.31,2612.9
2024-07-01,RN-VLC-CV02,C,conveniencia,420,17561.4,0.0,2722.02,2985.4
2024-08-01,RN-VLC-CV02,C,conveniencia,420,16841.4,0.0,2610.41,2863.0
2024-09-01,RN-VLC-CV02,C,conveniencia,420,15652.6,0.0,2426.15,2660.9
2024-10-01,RN-VLC-CV02,C,conveniencia,420,13252.4,0.0,2054.12,2252.9
2024-11-01,RN-VLC-CV02,C,conveniencia,420,13991.0,0.0,2168.6,2378.5
2024-12-01,RN-VLC-CV02,C,conveniencia,420,13243.0,0.0,2052.66,2251.3
2025-01-01,RN-VLC-CV02,C,conveniencia,420,15961.3,0.0,2474.0,2713.4
2025-02-01,RN-VLC-CV02,C,conveniencia,420,14104.6,0.0,2186.22,2397.8
2025-03-01,RN-VLC-CV02,C,conveniencia,420,12722.7,0.0,1972.03,2162.9
2025-04-01,RN-VLC-CV02,C,conveniencia,420,12623.2,0.0,1956.59,2145.9
2025-05-01,RN-VLC-CV02,C,conveniencia,420,12791.8,0.0,1982.73,2174.6
2025-06-01,RN-VLC-CV02,C,conveniencia,420,15031.3,0.0,2329.86,2555.3
2025-07-01,RN-VLC-CV02,C,conveniencia,420,16063.3,0.0,2489.81,2730.8
2025-08-01,RN-VLC-CV02,C,conveniencia,420,18514.9,0.0,2869.81,3147.5
2025-09-01,RN-VLC-CV02,C,conveniencia,420,15434.8,0.0,2392.39,2623.9
2025-10-01,RN-VLC-CV02,C,conveniencia,420,,0.0,,
2025-11-01,RN-VLC-CV02,C,conveniencia,420,13681.0,0.0,2120.55,2325.8
2025-12-01,RN-VLC-CV02,C,conveniencia,420,11746.1,0.0,1820.64,1996.8
2024-01-01,RN-VLC-CV03,C,conveniencia,458,17568.4,0.0,2723.1,2986.6
2024-02-01,RN-VLC-CV03,C,conveniencia,458,15121.9,0.0,2343.89,2570.7
2024-03-01,RN-VLC-CV03,C,conveniencia,458,16392.7,0.0,2540.87,2786.8
2024-04-01,RN-VLC-CV03,C,conveniencia,458,15207.9,0.0,2357.22,2585.3
2024-05-01,RN-VLC-CV03,C,conveniencia,458,14718.6,0.0,2281.38,2502.2
2024-06-01,RN-VLC-CV03,C,conveniencia,458,18664.1,0.0,2892.93,3172.9
2024-07-01,RN-VLC-CV03,C,conveniencia,458,18750.2,0.0,2906.28,3187.5
2024-08-01,RN-VLC-CV03,C,conveniencia,458,19191.4,0.0,2974.67,3262.5
2024-09-01,RN-VLC-CV03,C,conveniencia,458,17144.1,0.0,2657.33,2914.5
2024-10-01,RN-VLC-CV03,C,conveniencia,458,14844.6,0.0,2300.92,2523.6
2024-11-01,RN-VLC-CV03,C,conveniencia,458,15781.2,0.0,2446.08,2682.8
2024-12-01,RN-VLC-CV03,C,conveniencia,458,12823.5,0.0,1987.63,2180.0
2025-01-01,RN-VLC-CV03,C,conveniencia,458,16358.7,0.0,2535.6,2781.0
2025-02-01,RN-VLC-CV03,C,conveniencia,458,14946.9,0.0,2316.76,2541.0
2025-03-01,RN-VLC-CV03,C,conveniencia,458,15097.1,0.0,2340.05,2566.5
2025-04-01,RN-VLC-CV03,C,conveniencia,458,13427.8,0.0,2081.3,2282.7
2025-05-01,RN-VLC-CV03,C,conveniencia,458,15678.2,0.0,2430.12,2665.3
2025-06-01,RN-VLC-CV03,C,conveniencia,458,16551.6,0.0,2565.49,2813.8
2025-07-01,RN-VLC-CV03,C,conveniencia,458,17096.3,0.0,2649.93,2906.4
2025-08-01,RN-VLC-CV03,C,conveniencia,458,19443.1,0.0,3013.68,3305.3
2025-09-01,RN-VLC-CV03,C,conveniencia,458,16907.5,0.0,2620.66,2874.3
2025-10-01,RN-VLC-CV03,C,conveniencia,458,16312.5,0.0,2528.43,2773.1
2025-11-01,RN-VLC-CV03,C,conveniencia,458,13947.3,0.0,2161.83,2371.0
2025-12-01,RN-VLC-CV03,C,conveniencia,458,12686.9,0.0,1966.47,2156.8
2024-01-01,RN-VLC-CV04,C,conveniencia,380,13821.2,0.0,2142.28,2349.6
2024-02-01,RN-VLC-CV04,C,conveniencia,380,12666.5,0.0,1963.31,2153.3
2024-03-01,RN-VLC-CV04,C,conveniencia,380,12343.8,0.0,1913.29,2098.4
2024-04-01,RN-VLC-CV04,C,conveniencia,380,13334.9,0.0,2066.91,2266.9
2024-05-01,RN-VLC-CV04,C,conveniencia,380,12943.5,0.0,2006.25,2200.4
2024-06-01,RN-VLC-CV04,C,conveniencia,380,13455.1,0.0,2085.54,2287.4
2024-07-01,RN-VLC-CV04,C,conveniencia,380,16024.8,0.0,2483.85,2724.2
2024-08-01,RN-VLC-CV04,C,conveniencia,380,15864.3,0.0,2458.97,2696.9
2024-09-01,RN-VLC-CV04,C,conveniencia,380,14039.5,0.0,2176.13,2386.7
2024-10-01,RN-VLC-CV04,C,conveniencia,380,12812.3,0.0,1985.9,2178.1
2024-11-01,RN-VLC-CV04,C,conveniencia,380,12107.3,0.0,1876.63,2058.2
2024-12-01,RN-VLC-CV04,C,conveniencia,380,11250.9,0.0,1743.89,1912.6
2025-01-01,RN-VLC-CV04,C,conveniencia,380,12656.9,0.0,1961.82,2151.7
2025-02-01,RN-VLC-CV04,C,conveniencia,380,13904.7,0.0,2155.23,2363.8
2025-03-01,RN-VLC-CV04,C,conveniencia,380,12260.0,0.0,1900.3,2084.2
2025-04-01,RN-VLC-CV04,C,conveniencia,380,12018.3,0.0,1862.84,2043.1
2025-05-01,RN-VLC-CV04,C,conveniencia,380,13412.8,0.0,2078.98,2280.2
2025-06-01,RN-VLC-CV04,C,conveniencia,380,13740.3,0.0,2129.74,2335.8
2025-07-01,RN-VLC-CV04,C,conveniencia,380,16593.9,0.0,2572.05,2821.0
2025-08-01,RN-VLC-CV04,C,conveniencia,380,17487.2,0.0,2710.51,2972.8
2025-09-01,RN-VLC-CV04,C,conveniencia,380,13874.1,0.0,2150.48,2358.6
2025-10-01,RN-VLC-CV04,C,conveniencia,380,11739.7,0.0,1819.65,1995.7
2025-11-01,RN-VLC-CV04,C,conveniencia,380,11997.2,0.0,1859.57,2039.5
2025-12-01,RN-VLC-CV04,C,conveniencia,380,11563.4,0.0,1792.33,1965.8
2024-01-01,RN-VLC-CV05,C,conveniencia,323,12095.1,0.0,1874.74,2056.2
2024-02-01,RN-VLC-CV05,C,conveniencia,323,12154.0,0.0,1883.87,2066.2
2024-03-01,RN-VLC-CV05,C,conveniencia,323,11401.5,0.0,1767.23,1938.3
2024-04-01,RN-VLC-CV05,C,conveniencia,323,10640.4,0.0,1649.26,1808.9
2024-05-01,RN-VLC-CV05,C,conveniencia,323,10574.4,0.0,1639.03,1797.6
2024-06-01,RN-VLC-CV05,C,conveniencia,323,13354.5,0.0,2069.94,2270.3
2024-07-01,RN-VLC-CV05,C,conveniencia,323,13567.8,0.0,2103.01,2306.5
2024-08-01,RN-VLC-CV05,C,conveniencia,323,13479.9,0.0,2089.38,2291.6
2024-09-01,RN-VLC-CV05,C,conveniencia,323,11813.9,0.0,1831.15,2008.4
2024-10-01,RN-VLC-CV05,C,conveniencia,323,10875.0,0.0,1685.62,1848.7
2024-11-01,RN-VLC-CV05,C,conveniencia,323,11296.5,0.0,1750.96,1920.4
2024-12-01,RN-VLC-CV05,C,conveniencia,323,10129.5,0.0,1570.07,1722.0
2025-01-01,RN-VLC-CV05,C,conveniencia,323,11437.2,0.0,1772.76,1944.3
2025-02-01,RN-VLC-CV05,C,conveniencia,323,10174.4,0.0,1577.03,1729.6
2025-03-01,RN-VLC-CV05,C,conveniencia,323,10264.6,0.0,1591.02,1745.0
2025-04-01,RN-VLC-CV05,C,conveniencia,323,9907.2,0.0,1535.61,1684.2
2025-05-01,RN-VLC-CV05,C,conveniencia,323,10813.8,0.0,1676.14,1838.3
2025-06-01,RN-VLC-CV05,C,conveniencia,323,11726.8,0.0,1817.65,1993.6
2025-07-01,RN-VLC-CV05,C,conveniencia,323,13240.8,0.0,2052.33,2250.9
2025-08-01,RN-VLC-CV05,C,conveniencia,323,14040.5,0.0,2176.28,2386.9
2025-09-01,RN-VLC-CV05,C,conveniencia,323,10558.0,0.0,1636.5,1794.9
2025-10-01,RN-VLC-CV05,C,conveniencia,323,10615.0,0.0,1645.32,1804.5
2025-11-01,RN-VLC-CV05,C,conveniencia,323,10388.7,0.0,1610.25,1766.1
2025-12-01,RN-VLC-CV05,C,conveniencia,323,9875.0,0.0,1530.63,1678.8
2024-01-01,RN-VLC-CV06,C,conveniencia,465,16191.1,0.0,2509.62,2752.5
2024-02-01,RN-VLC-CV06,C,conveniencia,465,16645.0,0.0,2579.98,2829.7
2024-03-01,RN-VLC-CV06,C,conveniencia,465,15280.1,0.0,2368.41,2597.6
2024-04-01,RN-VLC-CV06,C,conveniencia,465,14284.2,0.0,2214.05,2428.3
2024-05-01,RN-VLC-CV06,C,conveniencia,465,15852.4,0.0,2457.13,2694.9
2024-06-01,RN-VLC-CV06,C,conveniencia,465,17230.7,0.0,2670.76,2929.2
2024-07-01,RN-VLC-CV06,C,conveniencia,465,19395.1,0.0,3006.24,3297.2
2024-08-01,RN-VLC-CV06,C,conveniencia,465,17583.0,0.0,2725.36,2989.1
2024-09-01,RN-VLC-CV06,C,conveniencia,465,16443.9,0.0,2548.8,2795.5
2024-10-01,RN-VLC-CV06,C,conveniencia,465,16142.2,0.0,2502.05,2744.2
2024-11-01,RN-VLC-CV06,C,conveniencia,465,15010.1,0.0,2326.57,2551.7
2024-12-01,RN-VLC-CV06,C,conveniencia,465,13179.5,0.0,2042.83,2240.5
2025-01-01,RN-VLC-CV06,C,conveniencia,465,17626.6,0.0,2732.12,2996.5
2025-02-01,RN-VLC-CV06,C,conveniencia,465,16737.7,0.0,2594.34,2845.4
2025-03-01,RN-VLC-CV06,C,conveniencia,465,14993.8,0.0,2324.04,2548.9
2025-04-01,RN-VLC-CV06,C,conveniencia,465,13862.7,0.0,2148.71,2356.7
2025-05-01,RN-VLC-CV06,C,conveniencia,465,15278.5,0.0,2368.17,2597.3
2025-06-01,RN-VLC-CV06,C,conveniencia,465,16290.9,0.0,2525.09,2769.5
2025-07-01,RN-VLC-CV06,C,conveniencia,465,18568.7,0.0,2878.14,3156.7
2025-08-01,RN-VLC-CV06,C,conveniencia,465,20289.7,0.0,3144.9,3449.3
2025-09-01,RN-VLC-CV06,C,conveniencia,465,16751.8,0.0,2596.53,2847.8
2025-10-01,RN-VLC-CV06,C,conveniencia,465,16039.8,0.0,2486.17,2726.8
2025-11-01,RN-VLC-CV06,C,conveniencia,465,15089.2,0.0,2338.82,2565.2
2025-12-01,RN-VLC-CV06,C,conveniencia,465,14265.1,0.0,2211.09,2425.1
2024-01-01,RN-VLC-CV07,C,conveniencia,386,12993.7,0.0,2014.03,2208.9
2024-02-01,RN-VLC-CV07,C,conveniencia,386,14113.6,0.0,2187.61,2399.3
2024-03-01,RN-VLC-CV07,C,conveniencia,386,12828.6,0.0,1988.43,2180.9
2024-04-01,RN-VLC-CV07,C,conveniencia,386,13065.0,0.0,2025.08,2221.1
2024-05-01,RN-VLC-CV07,C,conveniencia,386,11703.8,0.0,1814.08,1989.6
2024-06-01,RN-VLC-CV07,C,conveniencia,386,13039.6,0.0,2021.13,2216.7
2024-07-01,RN-VLC-CV07,C,conveniencia,386,15076.2,0.0,2336.81,2563.0
2024-08-01,RN-VLC-CV07,C,conveniencia,386,16220.3,0.0,2514.14,2757.4
2024-09-01,RN-VLC-CV07,C,conveniencia,386,13961.6,0.0,2164.06,2373.5
2024-10-01,RN-VLC-CV07,C,conveniencia,386,13174.2,0.0,2042.0,2239.6
2024-11-01,RN-VLC-CV07,C,conveniencia,386,13075.3,0.0,2026.67,2222.8
2024-12-01,RN-VLC-CV07,C,conveniencia,386,11461.5,0.0,1776.54,1948.5
2025-01-01,RN-VLC-CV07,C,conveniencia,386,13820.2,0.0,2142.13,2349.4
2025-02-01,RN-VLC-CV07,C,conveniencia,386,13260.0,0.0,2055.3,2254.2
2025-03-01,RN-VLC-CV07,C,conveniencia,386,13365.8,0.0,2071.7,2272.2
2025-04-01,RN-VLC-CV07,C,conveniencia,386,12404.1,0.0,1922.64,2108.7
2025-05-01,RN-VLC-CV07,C,conveniencia,386,12549.4,0.0,1945.15,2133.4
2025-06-01,RN-VLC-CV07,C,conveniencia,386,14800.5,0.0,2294.07,2516.1
2025-07-01,RN-VLC-CV07,C,conveniencia,386,17043.8,0.0,2641.79,2897.4
2025-08-01,RN-VLC-CV07,C,conveniencia,386,17056.9,0.0,2643.83,2899.7
2025-09-01,RN-VLC-CV07,C,conveniencia,386,13996.1,0.0,2169.39,2379.3
2025-10-01,RN-VLC-CV07,C,conveniencia,386,13415.1,0.0,2079.34,2280.6
2025-11-01,RN-VLC-CV07,C,conveniencia,386,13341.2,0.0,2067.89,2268.0
2025-12-01,RN-VLC-CV07,C,conveniencia,386,11380.3,0.0,1763.95,1934.7
2024-01-01,RN-VLC-CV08,C,conveniencia,335,11274.4,0.0,1747.54,1916.7
2024-02-01,RN-VLC-CV08,C,conveniencia,335,10796.8,0.0,1673.5,1835.5
2024-03-01,RN-VLC-CV08,C,conveniencia,335,11927.4,0.0,1848.74,2027.7
2024-04-01,RN-VLC-CV08,C,conveniencia,335,10753.2,0.0,1666.75,1828.0
2024-05-01,RN-VLC-CV08,C,conveniencia,335,11268.8,0.0,1746.66,1915.7
2024-06-01,RN-VLC-CV08,C,conveniencia,335,12342.5,0.0,1913.09,2098.2
2024-07-01,RN-VLC-CV08,C,conveniencia,335,14704.3,0.0,2279.17,2499.7
2024-08-01,RN-VLC-CV08,C,conveniencia,335,14452.4,0.0,2240.13,2456.9
2024-09-01,RN-VLC-CV08,C,conveniencia,335,11835.2,0.0,1834.46,2012.0
2024-10-01,RN-VLC-CV08,C,conveniencia,335,10433.3,0.0,1617.17,1773.7
2024-11-01,RN-VLC-CV08,C,conveniencia,335,11061.7,0.0,1714.56,1880.5
2024-12-01,RN-VLC-CV08,C,conveniencia,335,10047.5,0.0,1557.36,1708.1
2025-01-01,RN-VLC-CV08,C,conveniencia,335,12613.6,0.0,1955.11,2144.3
2025-02-01,RN-VLC-CV08,C,conveniencia,335,11392.9,0.0,1765.9,1936.8
2025-03-01,RN-VLC-CV08,C,conveniencia,335,10448.8,0.0,1619.56,1776.3
2025-04-01,RN-VLC-CV08,C,conveniencia,335,10228.1,0.0,1585.36,1738.8
2025-05-01,RN-VLC-CV08,C,conveniencia,335,12072.2,0.0,1871.2,2052.3
2025-06-01,RN-VLC-CV08,C,conveniencia,335,12322.6,0.0,1910.0,2094.8
2025-07-01,RN-VLC-CV08,C,conveniencia,335,13164.9,0.0,2040.57,2238.0
2025-08-01,RN-VLC-CV08,C,conveniencia,335,13904.0,0.0,2155.12,2363.7
2025-09-01,RN-VLC-CV08,C,conveniencia,335,10563.7,0.0,1637.37,1795.8
2025-10-01,RN-VLC-CV08,C,conveniencia,335,,0.0,,
2025-11-01,RN-VLC-CV08,C,conveniencia,335,11726.9,0.0,1817.67,1993.6
2025-12-01,RN-VLC-CV08,C,conveniencia,335,9668.2,0.0,1498.57,1643.6
2024-01-01,RN-VLC-CV09,C,conveniencia,351,12672.5,0.0,1964.24,2154.3
2024-02-01,RN-VLC-CV09,C,conveniencia,351,11639.0,0.0,1804.05,1978.6
2024-03-01,RN-VLC-CV09,C,conveniencia,351,11162.5,0.0,1730.19,1897.6
2024-04-01,RN-VLC-CV09,C,conveniencia,351,11276.4,0.0,1747.85,1917.0
2024-05-01,RN-VLC-CV09,C,conveniencia,351,11685.9,0.0,1811.31,1986.6
2024-06-01,RN-VLC-CV09,C,conveniencia,351,13548.1,0.0,2099.96,2303.2
2024-07-01,RN-VLC-CV09,C,conveniencia,351,14098.3,0.0,2185.24,2396.7
2024-08-01,RN-VLC-CV09,C,conveniencia,351,15214.4,0.0,2358.23,2586.4
2024-09-01,RN-VLC-CV09,C,conveniencia,351,12530.9,0.0,1942.29,2130.2
2024-10-01,RN-VLC-CV09,C,conveniencia,351,11148.5,0.0,1728.01,1895.2
2024-11-01,RN-VLC-CV09,C,conveniencia,351,11913.9,0.0,1846.65,2025.4
2024-12-01,RN-VLC-CV09,C,conveniencia,351,10571.0,0.0,1638.51,1797.1
2025-01-01,RN-VLC-CV09,C,conveniencia,351,13824.6,0.0,2142.82,2350.2
2025-02-01,RN-VLC-CV09,C,conveniencia,351,12353.8,0.0,1914.83,2100.1
2025-03-01,RN-VLC-CV09,C,conveniencia,351,11914.8,0.0,1846.79,2025.5
2025-04-01,RN-VLC-CV09,C,conveniencia,351,11711.4,0.0,1815.27,1990.9
2025-05-01,RN-VLC-CV09,C,conveniencia,351,11383.2,0.0,1764.39,1935.1
2025-06-01,RN-VLC-CV09,C,conveniencia,351,13650.0,0.0,2115.74,2320.5
2025-07-01,RN-VLC-CV09,C,conveniencia,351,13481.8,0.0,2089.68,2291.9
2025-08-01,RN-VLC-CV09,C,conveniencia,351,14780.2,0.0,2290.93,2512.6
2025-09-01,RN-VLC-CV09,C,conveniencia,351,11599.5,0.0,1797.93,1971.9
2025-10-01,RN-VLC-CV09,C,conveniencia,351,11967.7,0.0,1854.99,2034.5
2025-11-01,RN-VLC-CV09,C,conveniencia,351,12009.5,0.0,1861.48,2041.6
2025-12-01,RN-VLC-CV09,C,conveniencia,351,11073.9,0.0,1716.46,1882.6
2024-01-01,RN-SEV-GA01,D,gran_almacen,12690,336775.5,88174.4,57667.02,73299.6
2024-02-01,RN-SEV-GA01,D,gran_almacen,12690,293491.3,90340.7,51092.28,66335.5
2024-03-01,RN-SEV-GA01,D,gran_almacen,12690,294481.8,65942.3,49733.11,62063.4
2024-04-01,RN-SEV-GA01,D,gran_almacen,12690,256501.0,44917.1,42542.52,51780.1
2024-05-01,RN-SEV-GA01,D,gran_almacen,12690,287465.7,27600.7,46268.43,53892.5
2024-06-01,RN-SEV-GA01,D,gran_almacen,12690,337552.0,15346.5,53272.04,60176.9
2024-07-01,RN-SEV-GA01,D,gran_almacen,12690,358806.4,10397.9,56259.67,62889.5
2024-08-01,RN-SEV-GA01,D,gran_almacen,12690,334674.0,10009.1,52495.03,58716.2
2024-09-01,RN-SEV-GA01,D,gran_almacen,12690,299606.6,19976.2,47677.55,54568.8
2024-10-01,RN-SEV-GA01,D,gran_almacen,12690,277526.2,48344.0,46013.88,55978.1
2024-11-01,RN-SEV-GA01,D,gran_almacen,12690,278537.2,64144.3,47150.22,59025.6
2024-12-01,RN-SEV-GA01,D,gran_almacen,12690,251870.6,63661.5,42986.95,54404.4
2025-01-01,RN-SEV-GA01,D,gran_almacen,12690,330486.8,86204.8,56570.15,71872.0
2025-02-01,RN-SEV-GA01,D,gran_almacen,12690,315962.6,82143.0,54067.07,68663.7
2025-03-01,RN-SEV-GA01,D,gran_almacen,12690,286915.0,69942.4,48808.26,61505.1
2025-04-01,RN-SEV-GA01,D,gran_almacen,12690,272703.7,47288.9,45200.98,54966.2
2025-05-01,RN-SEV-GA01,D,gran_almacen,12690,283676.9,26153.6,45591.43,52985.0
2025-06-01,RN-SEV-GA01,D,gran_almacen,12690,313682.2,12791.6,49413.82,55654.0
2025-07-01,RN-SEV-GA01,D,gran_almacen,12690,359709.7,10710.4,56419.05,63099.9
2025-08-01,RN-SEV-GA01,D,gran_almacen,12690,391289.6,9142.7,61216.73,68183.2
2025-09-01,RN-SEV-GA01,D,gran_almacen,12690,304950.6,20723.1,48552.18,55613.2
2025-10-01,RN-SEV-GA01,D,gran_almacen,12690,306197.2,36214.9,49705.89,58644.6
2025-11-01,RN-SEV-GA01,D,gran_almacen,12690,306088.9,69109.4,51728.56,64613.0
2025-12-01,RN-SEV-GA01,D,gran_almacen,12690,250854.4,53910.1,42224.86,52456.9
2024-01-01,RN-SEV-HI01,D,hipermercado,2562,123752.9,11000.2,19863.72,23040.0
2024-02-01,RN-SEV-HI01,D,hipermercado,2562,124232.1,10385.6,19899.89,23009.6
2024-03-01,RN-SEV-HI01,D,hipermercado,2562,111714.3,7246.6,17765.01,20310.3
2024-04-01,RN-SEV-HI01,D,hipermercado,2562,114630.7,6700.6,18183.2,20706.7
2024-05-01,RN-SEV-HI01,D,hipermercado,2562,110930.3,3180.1,17391.36,19436.9
2024-06-01,RN-SEV-HI01,D,hipermercado,2562,,1640.7,,
2024-07-01,RN-SEV-HI01,D,hipermercado,2562,137045.7,1264.1,21320.47,23527.8
2024-08-01,RN-SEV-HI01,D,hipermercado,2562,155893.2,1398.7,24250.17,26756.4
2024-09-01,RN-SEV-HI01,D,hipermercado,2562,126851.4,2552.5,19820.23,22029.3
2024-10-01,RN-SEV-HI01,D,hipermercado,2562,112363.0,5292.4,17744.39,20064.9
2024-11-01,RN-SEV-HI01,D,hipermercado,2562,109196.3,7675.4,17401.31,19960.3
2024-12-01,RN-SEV-HI01,D,hipermercado,2562,108893.0,7785.4,17361.11,19928.7
2025-01-01,RN-SEV-HI01,D,hipermercado,2562,124705.3,11896.1,20066.88,23365.0
2025-02-01,RN-SEV-HI01,D,hipermercado,2562,125772.1,11380.3,20200.25,23452.5
2025-03-01,RN-SEV-HI01,D,hipermercado,2562,113647.5,7453.6,18077.48,20676.6
2025-04-01,RN-SEV-HI01,D,hipermercado,2562,112309.4,5171.6,17728.59,20033.8
2025-05-01,RN-SEV-HI01,D,hipermercado,2562,109186.0,3120.1,17117.27,19129.5
2025-06-01,RN-SEV-HI01,D,hipermercado,2562,127883.3,1814.0,19934.38,22070.3
2025-07-01,RN-SEV-HI01,D,hipermercado,2562,141013.4,1444.9,21946.66,24235.3
2025-08-01,RN-SEV-HI01,D,hipermercado,2562,138383.1,1167.1,21521.75,23737.5
2025-09-01,RN-SEV-HI01,D,hipermercado,2562,131442.6,2340.8,20518.73,22771.3
2025-10-01,RN-SEV-HI01,D,hipermercado,2562,110881.2,4817.9,17485.3,19726.7
2025-11-01,RN-SEV-HI01,D,hipermercado,2562,114176.9,7761.2,18178.62,20822.6
2025-12-01,RN-SEV-HI01,D,hipermercado,2562,99776.7,7391.1,15923.65,18307.2
2024-01-01,RN-SEV-HI02,D,hipermercado,2843,152299.6,13704.7,24456.12,28385.2
2024-02-01,RN-SEV-HI02,D,hipermercado,2843,139909.7,9399.1,22268.75,25495.3
2024-03-01,RN-SEV-HI02,D,hipermercado,2843,136652.5,9661.2,21780.14,24989.3
2024-04-01,RN-SEV-HI02,D,hipermercado,2843,111680.8,6147.9,17691.7,20104.7
2024-05-01,RN-SEV-HI02,D,hipermercado,2843,132754.2,3362.6,20785.38,23180.2
2024-06-01,RN-SEV-HI02,D,hipermercado,2843,137825.4,1938.6,21483.13,23783.1
2024-07-01,RN-SEV-HI02,D,hipermercado,2843,161141.1,1506.0,25070.25,27668.1
2024-08-01,RN-SEV-HI02,D,hipermercado,2843,166403.4,1419.1,25880.51,28546.9
2024-09-01,RN-SEV-HI02,D,hipermercado,2843,152970.0,2818.0,23885.07,26517.8
2024-10-01,RN-SEV-HI02,D,hipermercado,2843,133930.5,6038.0,21133.59,23867.1
2024-11-01,RN-SEV-HI02,D,hipermercado,2843,127076.7,9697.3,20298.12,23367.9
2024-12-01,RN-SEV-HI02,D,hipermercado,2843,113696.8,8052.9,18122.29,20794.1
2025-01-01,RN-SEV-HI02,D,hipermercado,2843,148232.9,12232.3,23734.51,27425.9
2025-02-01,RN-SEV-HI02,D,hipermercado,2843,141122.3,12121.2,22625.48,26196.9
2025-03-01,RN-SEV-HI02,D,hipermercado,2843,125437.9,7918.1,19933.8,22765.5
2025-04-01,RN-SEV-HI02,D,hipermercado,2843,121320.3,6771.8,19224.49,21856.9
2025-05-01,RN-SEV-HI02,D,hipermercado,2843,123313.6,3755.2,19346.43,21646.8
2025-06-01,RN-SEV-HI02,D,hipermercado,2843,152442.6,2010.0,23753.22,26281.1
2025-07-01,RN-SEV-HI02,D,hipermercado,2843,172036.0,1249.5,26743.05,29473.5
2025-08-01,RN-SEV-HI02,D,hipermercado,2843,171769.5,1345.7,26707.71,29445.7
2025-09-01,RN-SEV-HI02,D,hipermercado,2843,146982.0,2392.2,22930.53,25422.3
2025-10-01,RN-SEV-HI02,D,hipermercado,2843,133670.6,5248.2,21044.33,23679.2
2025-11-01,RN-SEV-HI02,D,hipermercado,2843,128498.2,10198.0,20549.51,23700.7
2025-12-01,RN-SEV-HI02,D,hipermercado,2843,119282.0,8817.0,19035.36,21882.6
2024-01-01,RN-SEV-HI03,D,hipermercado,2493,125671.1,10567.1,20134.18,23287.3
2024-02-01,RN-SEV-HI03,D,hipermercado,2493,126476.2,9336.2,20182.66,23200.2
2024-03-01,RN-SEV-HI03,D,hipermercado,2493,111227.2,7390.4,17698.41,20253.7
2024-04-01,RN-SEV-HI03,D,hipermercado,2493,103622.5,4971.3,16369.71,18520.6
2024-05-01,RN-SEV-HI03,D,hipermercado,2493,123035.6,2648.7,19234.74,21398.1
2024-06-01,RN-SEV-HI03,D,hipermercado,2493,128003.4,1805.2,19952.44,22089.1
2024-07-01,RN-SEV-HI03,D,hipermercado,2493,147978.5,1270.5,23015.44,25387.6
2024-08-01,RN-SEV-HI03,D,hipermercado,2493,132515.8,1223.7,20615.82,22750.4
2024-09-01,RN-SEV-HI03,D,hipermercado,2493,127864.1,2273.0,19959.86,22150.6
2024-10-01,RN-SEV-HI03,D,hipermercado,2493,110444.5,4656.4,17407.59,19623.0
2024-11-01,RN-SEV-HI03,D,hipermercado,2493,112380.3,8049.1,17917.99,20569.6
2024-12-01,RN-SEV-HI03,D,hipermercado,2493,105117.3,6783.1,16713.73,19104.5
2025-01-01,RN-SEV-HI03,D,hipermercado,2493,122174.1,11432.8,19645.83,22850.4
2025-02-01,RN-SEV-HI03,D,hipermercado,2493,120683.6,9809.7,19314.16,22301.6
2025-03-01,RN-SEV-HI03,D,hipermercado,2493,108263.3,6395.6,17177.34,19568.8
2025-04-01,RN-SEV-HI03,D,hipermercado,2493,105786.3,6091.4,16774.55,19092.3
2025-05-01,RN-SEV-HI03,D,hipermercado,2493,117435.7,3188.7,18400.23,20544.4
2025-06-01,RN-SEV-HI03,D,hipermercado,2493,124079.3,1633.0,19333.53,21390.7
2025-07-01,RN-SEV-HI03,D,hipermercado,2493,152543.5,1119.6,23713.66,26136.2
2025-08-01,RN-SEV-HI03,D,hipermercado,2493,142054.2,1011.2,22081.1,24333.3
2025-09-01,RN-SEV-HI03,D,hipermercado,2493,131609.1,2359.0,20545.67,22802.9
2025-10-01,RN-SEV-HI03,D,hipermercado,2493,108896.4,4708.1,17170.84,19369.3
2025-11-01,RN-SEV-HI03,D,hipermercado,2493,112453.3,7841.5,17916.43,20544.2
2025-12-01,RN-SEV-HI03,D,hipermercado,2493,96781.1,5919.7,15368.09,17530.2
2024-01-01,RN-SEV-HI04,D,hipermercado,3300,168059.5,14887.4,26972.25,31279.6
2024-02-01,RN-SEV-HI04,D,hipermercado,3300,154707.9,12990.4,24785.14,28664.6
2024-03-01,RN-SEV-HI04,D,hipermercado,3300,148594.3,10693.3,23695.1,27207.2
2024-04-01,RN-SEV-HI04,D,hipermercado,3300,134461.3,7787.0,21324.3,24275.7
2024-05-01,RN-SEV-HI04,D,hipermercado,3300,138991.1,4309.1,21810.78,24412.7
2024-06-01,RN-SEV-HI04,D,hipermercado,3300,178447.1,2046.9,27786.2,30708.5
2024-07-01,RN-SEV-HI04,D,hipermercado,3300,181632.6,1732.3,28260.45,31192.8
2024-08-01,RN-SEV-HI04,D,hipermercado,3300,193103.0,1857.5,30046.13,33165.6
2024-09-01,RN-SEV-HI04,D,hipermercado,3300,154337.4,3268.9,24124.96,26832.3
2024-10-01,RN-SEV-HI04,D,hipermercado,3300,154427.9,5883.5,24301.11,27323.5
2024-11-01,RN-SEV-HI04,D,hipermercado,3300,160152.0,11719.1,25550.15,29358.7
2024-12-01,RN-SEV-HI04,D,hipermercado,3300,139222.8,8723.6,22120.4,25255.6
2025-01-01,RN-SEV-HI04,D,hipermercado,3300,155438.4,14907.4,25017.21,29137.7
2025-02-01,RN-SEV-HI04,D,hipermercado,3300,157184.1,12815.3,25158.08,29053.7
2025-03-01,RN-SEV-HI04,D,hipermercado,3300,147172.9,11659.7,23534.7,27141.4
2025-04-01,RN-SEV-HI04,D,hipermercado,3300,136360.9,7450.7,21597.89,24537.4
2025-05-01,RN-SEV-HI04,D,hipermercado,3300,146034.0,4426.2,22909.69,25631.3
2025-06-01,RN-SEV-HI04,D,hipermercado,3300,167169.1,2370.2,26058.16,28850.1
2025-07-01,RN-SEV-HI04,D,hipermercado,3300,198598.5,1616.2,30882.97,34055.9
2025-08-01,RN-SEV-HI04,D,hipermercado,3300,198770.2,1880.1,30925.95,34133.1
2025-09-01,RN-SEV-HI04,D,hipermercado,3300,169745.8,3411.8,26522.13,29477.7
2025-10-01,RN-SEV-HI04,D,hipermercado,3300,142230.8,6699.6,22461.14,25398.6
2025-11-01,RN-SEV-HI04,D,hipermercado,3300,139677.4,9014.8,22208.91,25385.9
2025-12-01,RN-SEV-HI04,D,hipermercado,3300,128417.0,10186.4,20536.19,23684.8
2024-01-01,RN-SEV-ES01,D,especializada,989,17510.2,0.0,2714.08,2976.7
2024-02-01,RN-SEV-ES01,D,especializada,989,17094.3,0.0,2649.61,2906.0
2024-03-01,RN-SEV-ES01,D,especializada,989,16043.9,0.0,2486.8,2727.5
2024-04-01,RN-SEV-ES01,D,especializada,989,16362.3,0.0,2536.16,2781.6
2024-05-01,RN-SEV-ES01,D,especializada,989,16581.8,0.0,2570.17,2818.9
2024-06-01,RN-SEV-ES01,D,especializada,989,19707.1,0.0,3054.6,3350.2
2024-07-01,RN-SEV-ES01,D,especializada,989,21372.2,0.0,3312.69,3633.3
2024-08-01,RN-SEV-ES01,D,especializada,989,20783.2,0.0,3221.4,3533.1
2024-09-01,RN-SEV-ES01,D,especializada,989,18062.9,0.0,2799.74,3070.7
2024-10-01,RN-SEV-ES01,D,especializada,989,17222.1,0.0,2669.43,2927.8
2024-11-01,RN-SEV-ES01,D,especializada,989,16907.6,0.0,2620.68,2874.3
2024-12-01,RN-SEV-ES01,D,especializada,989,15449.8,0.0,2394.72,2626.5
2025-01-01,RN-SEV-ES01,D,especializada,989,19624.2,0.0,3041.75,3336.1
2025-02-01,RN-SEV-ES01,D,especializada,989,17660.7,0.0,2737.41,3002.3
2025-03-01,RN-SEV-ES01,D,especializada,989,15798.5,0.0,2448.77,2685.8
2025-04-01,RN-SEV-ES01,D,especializada,989,15879.1,0.0,2461.26,2699.4
2025-05-01,RN-SEV-ES01,D,especializada,989,16544.9,0.0,2564.46,2812.6
2025-06-01,RN-SEV-ES01,D,especializada,989,19560.2,0.0,3031.84,3325.2
2025-07-01,RN-SEV-ES01,D,especializada,989,20331.9,0.0,3151.45,3456.4
2025-08-01,RN-SEV-ES01,D,especializada,989,20722.5,0.0,3211.99,3522.8
2025-09-01,RN-SEV-ES01,D,especializada,989,17917.4,0.0,2777.19,3046.0
2025-10-01,RN-SEV-ES01,D,especializada,989,16650.6,0.0,2580.85,2830.6
2025-11-01,RN-SEV-ES01,D,especializada,989,16071.3,0.0,2491.06,2732.1
2025-12-01,RN-SEV-ES01,D,especializada,989,14450.8,0.0,2239.87,2456.6
2024-01-01,RN-SEV-ES02,D,especializada,882,17084.2,0.0,2648.05,2904.3
2024-02-01,RN-SEV-ES02,D,especializada,882,15014.2,0.0,2327.2,2552.4
2024-03-01,RN-SEV-ES02,D,especializada,882,15953.6,0.0,2472.8,2712.1
2024-04-01,RN-SEV-ES02,D,especializada,882,15376.8,0.0,2383.41,2614.1
2024-05-01,RN-SEV-ES02,D,especializada,882,14924.0,0.0,2313.23,2537.1
2024-06-01,RN-SEV-ES02,D,especializada,882,17434.2,0.0,2702.3,2963.8
2024-07-01,RN-SEV-ES02,D,especializada,882,17361.5,0.0,2691.04,2951.5
2024-08-01,RN-SEV-ES02,D,especializada,882,18672.4,0.0,2894.23,3174.3
2024-09-01,RN-SEV-ES02,D,especializada,882,17656.1,0.0,2736.69,3001.5
2024-10-01,RN-SEV-ES02,D,especializada,882,14132.9,0.0,2190.59,2402.6
2024-11-01,RN-SEV-ES02,D,especializada,882,15383.1,0.0,2384.39,2615.1
2024-12-01,RN-SEV-ES02,D,especializada,882,12626.9,0.0,1957.17,2146.6
2025-01-01,RN-SEV-ES02,D,especializada,882,16440.2,0.0,2548.23,2794.8
2025-02-01,RN-SEV-ES02,D,especializada,882,,0.0,,
2025-03-01,RN-SEV-ES02,D,especializada,882,13742.1,0.0,2130.03,2336.2
2025-04-01,RN-SEV-ES02,D,especializada,882,13759.1,0.0,2132.67,2339.1
2025-05-01,RN-SEV-ES02,D,especializada,882,15750.0,0.0,2441.25,2677.5
2025-06-01,RN-SEV-ES02,D,especializada,882,16402.9,0.0,2542.44,2788.5
2025-07-01,RN-SEV-ES02,D,especializada,882,18825.9,0.0,2918.02,3200.4
2025-08-01,RN-SEV-ES02,D,especializada,882,18173.4,0.0,2816.87,3089.5
2025-09-01,RN-SEV-ES02,D,especializada,882,15458.5,0.0,2396.07,2627.9
2025-10-01,RN-SEV-ES02,D,especializada,882,13968.2,0.0,2165.08,2374.6
2025-11-01,RN-SEV-ES02,D,especializada,882,13741.7,0.0,2129.96,2336.1
2025-12-01,RN-SEV-ES02,D,especializada,882,13245.7,0.0,2053.08,2251.8
2024-01-01,RN-SEV-ES03,D,especializada,933,15897.2,0.0,2464.06,2702.5
2024-02-01,RN-SEV-ES03,D,especializada,933,15708.9,0.0,2434.88,2670.5
2024-03-01,RN-SEV-ES03,D,especializada,933,15960.9,0.0,2473.94,2713.4
2024-04-01,RN-SEV-ES03,D,especializada,933,14424.0,0.0,2235.71,2452.1
2024-05-01,RN-SEV-ES03,D,especializada,933,15749.0,0.0,2441.1,2677.3
2024-06-01,RN-SEV-ES03,D,especializada,933,17669.5,0.0,2738.77,3003.8
2024-07-01,RN-SEV-ES03,D,especializada,933,19860.5,0.0,3078.38,3376.3
2024-08-01,RN-SEV-ES03,D,especializada,933,19986.4,0.0,3097.9,3397.7
2024-09-01,RN-SEV-ES03,D,especializada,933,18134.9,0.0,2810.91,3082.9
2024-10-01,RN-SEV-ES03,D,especializada,933,15477.7,0.0,2399.05,2631.2
2024-11-01,RN-SEV-ES03,D,especializada,933,15370.5,0.0,2382.42,2613.0
2024-12-01,RN-SEV-ES03,D,especializada,933,,0.0,,
2025-01-01,RN-SEV-ES03,D,especializada,933,16766.9,0.0,2598.87,2850.4
2025-02-01,RN-SEV-ES03,D,especializada,933,15612.8,0.0,2419.98,2654.2
2025-03-01,RN-SEV-ES03,D,especializada,933,15948.0,0.0,2471.94,2711.2
2025-04-01,RN-SEV-ES03,D,especializada,933,14778.3,0.0,2290.63,2512.3
2025-05-01,RN-SEV-ES03,D,especializada,933,16120.6,0.0,2498.69,2740.5
2025-06-01,RN-SEV-ES03,D,especializada,933,17507.1,0.0,2713.6,2976.2
2025-07-01,RN-SEV-ES03,D,especializada,933,19850.8,0.0,3076.88,3374.6
2025-08-01,RN-SEV-ES03,D,especializada,933,21099.3,0.0,3270.39,3586.9
2025-09-01,RN-SEV-ES03,D,especializada,933,18207.3,0.0,2822.13,3095.2
2025-10-01,RN-SEV-ES03,D,especializada,933,16031.2,0.0,2484.84,2725.3
2025-11-01,RN-SEV-ES03,D,especializada,933,15078.7,0.0,2337.2,2563.4
2025-12-01,RN-SEV-ES03,D,especializada,933,15516.6,0.0,2405.07,2637.8
2024-01-01,RN-SEV-ES04,D,especializada,769,14406.8,0.0,2233.05,2449.1
2024-02-01,RN-SEV-ES04,D,especializada,769,,0.0,,
2024-03-01,RN-SEV-ES04,D,especializada,769,12131.8,0.0,1880.43,2062.4
2024-04-01,RN-SEV-ES04,D,especializada,769,11803.2,0.0,1829.5,2006.5
2024-05-01,RN-SEV-ES04,D,especializada,769,13487.4,0.0,2090.55,2292.9
2024-06-01,RN-SEV-ES04,D,especializada,769,14416.7,0.0,2234.59,2450.8
2024-07-01,RN-SEV-ES04,D,especializada,769,17241.4,0.0,2672.42,2931.0
2024-08-01,RN-SEV-ES04,D,especializada,769,16246.2,0.0,2518.16,2761.9
2024-09-01,RN-SEV-ES04,D,especializada,769,13120.3,0.0,2033.64,2230.4
2024-10-01,RN-SEV-ES04,D,especializada,769,13466.8,0.0,2087.35,2289.4
2024-11-01,RN-SEV-ES04,D,especializada,769,12320.8,0.0,1909.73,2094.5
2024-12-01,RN-SEV-ES04,D,especializada,769,11325.2,0.0,1755.4,1925.3
2025-01-01,RN-SEV-ES04,D,especializada,769,13238.2,0.0,2051.92,2250.5
2025-02-01,RN-SEV-ES04,D,especializada,769,14912.0,0.0,2311.36,2535.0
2025-03-01,RN-SEV-ES04,D,especializada,769,11382.2,0.0,1764.23,1935.0
2025-04-01,RN-SEV-ES04,D,especializada,769,12395.8,0.0,1921.36,2107.3
2025-05-01,RN-SEV-ES04,D,especializada,769,12387.9,0.0,1920.12,2105.9
2025-06-01,RN-SEV-ES04,D,especializada,769,14667.3,0.0,2273.43,2493.4
2025-07-01,RN-SEV-ES04,D,especializada,769,16331.0,0.0,2531.3,2776.3
2025-08-01,RN-SEV-ES04,D,especializada,769,17680.1,0.0,2740.42,3005.6
2025-09-01,RN-SEV-ES04,D,especializada,769,14684.2,0.0,2276.06,2496.3
2025-10-01,RN-SEV-ES04,D,especializada,769,12494.1,0.0,1936.59,2124.0
2025-11-01,RN-SEV-ES04,D,especializada,769,13422.4,0.0,2080.47,2281.8
2025-12-01,RN-SEV-ES04,D,especializada,769,10080.2,0.0,1562.43,1713.6
2024-01-01,RN-SEV-ES05,D,especializada,738,13653.3,0.0,2116.26,2321.1
2024-02-01,RN-SEV-ES05,D,especializada,738,13078.0,0.0,2027.09,2223.3
2024-03-01,RN-SEV-ES05,D,especializada,738,13548.2,0.0,2099.97,2303.2
2024-04-01,RN-SEV-ES05,D,especializada,738,12417.1,0.0,1924.65,2110.9
2024-05-01,RN-SEV-ES05,D,especializada,738,12941.0,0.0,2005.85,2200.0
2024-06-01,RN-SEV-ES05,D,especializada,738,,0.0,,
2024-07-01,RN-SEV-ES05,D,especializada,738,13903.7,0.0,2155.07,2363.6
2024-08-01,RN-SEV-ES05,D,especializada,738,15334.7,0.0,2376.88,2606.9
2024-09-01,RN-SEV-ES05,D,especializada,738,13925.9,0.0,2158.52,2367.4
2024-10-01,RN-SEV-ES05,D,especializada,738,11024.1,0.0,1708.73,1874.1
2024-11-01,RN-SEV-ES05,D,especializada,738,12587.7,0.0,1951.09,2139.9
2024-12-01,RN-SEV-ES05,D,especializada,738,10881.4,0.0,1686.62,1849.8
2025-01-01,RN-SEV-ES05,D,especializada,738,12704.2,0.0,1969.15,2159.7
2025-02-01,RN-SEV-ES05,D,especializada,738,13543.4,0.0,2099.23,2302.4
2025-03-01,RN-SEV-ES05,D,especializada,738,12106.4,0.0,1876.49,2058.1
2025-04-01,RN-SEV-ES05,D,especializada,738,10385.6,0.0,1609.76,1765.5
2025-05-01,RN-SEV-ES05,D,especializada,738,11684.2,0.0,1811.05,1986.3
2025-06-01,RN-SEV-ES05,D,especializada,738,14416.7,0.0,2234.59,2450.8
2025-07-01,RN-SEV-ES05,D,especializada,738,,0.0,,
2025-08-01,RN-SEV-ES05,D,especializada,738,15420.7,0.0,2390.2,2621.5
2025-09-01,RN-SEV-ES05,D,especializada,738,13729.0,0.0,2127.99,2333.9
2025-10-01,RN-SEV-ES05,D,especializada,738,12323.9,0.0,1910.2,2095.1
2025-11-01,RN-SEV-ES05,D,especializada,738,12012.5,0.0,1861.93,2042.1
2025-12-01,RN-SEV-ES05,D,especializada,738,11161.0,0.0,1729.96,1897.4
2024-01-01,RN-SEV-ES06,D,especializada,997,18823.0,0.0,2917.56,3199.9
2024-02-01,RN-SEV-ES06,D,especializada,997,17637.8,0.0,2733.86,2998.4
2024-03-01,RN-SEV-ES06,D,especializada,997,16951.1,0.0,2627.41,2881.7
2024-04-01,RN-SEV-ES06,D,especializada,997,15775.8,0.0,2445.25,2681.9
2024-05-01,RN-SEV-ES06,D,especializada,997,16724.2,0.0,2592.25,2843.1
2024-06-01,RN-SEV-ES06,D,especializada,997,17430.7,0.0,2701.76,2963.2
2024-07-01,RN-SEV-ES06,D,especializada,997,22227.3,0.0,3445.24,3778.6
2024-08-01,RN-SEV-ES06,D,especializada,997,22331.7,0.0,3461.42,3796.4
2024-09-01,RN-SEV-ES06,D,especializada,997,18787.6,0.0,2912.07,3193.9
2024-10-01,RN-SEV-ES06,D,especializada,997,17281.3,0.0,2678.59,2937.8
2024-11-01,RN-SEV-ES06,D,especializada,997,16092.3,0.0,2494.31,2735.7
2024-12-01,RN-SEV-ES06,D,especializada,997,15084.5,0.0,2338.09,2564.4
2025-01-01,RN-SEV-ES06,D,especializada,997,18546.7,0.0,2874.73,3152.9
2025-02-01,RN-SEV-ES06,D,especializada,997,18039.3,0.0,2796.09,3066.7
2025-03-01,RN-SEV-ES06,D,especializada,997,17503.2,0.0,2713.0,2975.6
2025-04-01,RN-SEV-ES06,D,especializada,997,16564.2,0.0,2567.45,2815.9
2025-05-01,RN-SEV-ES06,D,especializada,997,16331.3,0.0,2531.35,2776.3
2025-06-01,RN-SEV-ES06,D,especializada,997,19990.4,0.0,3098.51,3398.4
2025-07-01,RN-SEV-ES06,D,especializada,997,19964.9,0.0,3094.56,3394.0
2025-08-01,RN-SEV-ES06,D,especializada,997,22148.3,0.0,3432.99,3765.2
2025-09-01,RN-SEV-ES06,D,especializada,997,18359.1,0.0,2845.66,3121.1
2025-10-01,RN-SEV-ES06,D,especializada,997,17192.9,0.0,2664.9,2922.8
2025-11-01,RN-SEV-ES06,D,especializada,997,16350.3,0.0,2534.3,2779.6
2025-12-01,RN-SEV-ES06,D,especializada,997,14773.6,0.0,2289.9,2511.5
2024-01-01,RN-SEV-ES07,D,especializada,1024,21545.6,0.0,3339.57,3662.8
2024-02-01,RN-SEV-ES07,D,especializada,1024,17740.2,0.0,2749.73,3015.8
2024-03-01,RN-SEV-ES07,D,especializada,1024,17713.4,0.0,2745.58,3011.3
2024-04-01,RN-SEV-ES07,D,especializada,1024,16317.8,0.0,2529.26,2774.0
2024-05-01,RN-SEV-ES07,D,especializada,1024,17771.7,0.0,2754.61,3021.2
2024-06-01,RN-SEV-ES07,D,especializada,1024,20684.3,0.0,3206.06,3516.3
2024-07-01,RN-SEV-ES07,D,especializada,1024,23739.3,0.0,3679.59,4035.7
2024-08-01,RN-SEV-ES07,D,especializada,1024,21325.1,0.0,3305.39,3625.3
2024-09-01,RN-SEV-ES07,D,especializada,1024,17964.8,0.0,2784.54,3054.0
2024-10-01,RN-SEV-ES07,D,especializada,1024,,0.0,,
2024-11-01,RN-SEV-ES07,D,especializada,1024,17192.6,0.0,2664.85,2922.7
2024-12-01,RN-SEV-ES07,D,especializada,1024,17425.9,0.0,2701.02,2962.4
2025-01-01,RN-SEV-ES07,D,especializada,1024,18808.5,0.0,2915.32,3197.4
2025-02-01,RN-SEV-ES07,D,especializada,1024,18476.4,0.0,2863.84,3141.0
2025-03-01,RN-SEV-ES07,D,especializada,1024,16500.8,0.0,2557.62,2805.1
2025-04-01,RN-SEV-ES07,D,especializada,1024,17368.2,0.0,2692.06,2952.6
2025-05-01,RN-SEV-ES07,D,especializada,1024,17148.2,0.0,2657.97,2915.2
2025-06-01,RN-SEV-ES07,D,especializada,1024,,0.0,,
2025-07-01,RN-SEV-ES07,D,especializada,1024,,0.0,,
2025-08-01,RN-SEV-ES07,D,especializada,1024,22113.5,0.0,3427.59,3759.3
2025-09-01,RN-SEV-ES07,D,especializada,1024,18009.7,0.0,2791.5,3061.6
2025-10-01,RN-SEV-ES07,D,especializada,1024,17157.2,0.0,2659.36,2916.7
2025-11-01,RN-SEV-ES07,D,especializada,1024,15835.2,0.0,2454.45,2692.0
2025-12-01,RN-SEV-ES07,D,especializada,1024,16462.4,0.0,2551.67,2798.6
2024-01-01,RN-SEV-ES08,D,especializada,958,19060.9,0.0,2954.45,3240.4
2024-02-01,RN-SEV-ES08,D,especializada,958,16570.2,0.0,2568.38,2816.9
2024-03-01,RN-SEV-ES08,D,especializada,958,17381.5,0.0,2694.13,2954.8
2024-04-01,RN-SEV-ES08,D,especializada,958,14630.0,0.0,2267.65,2487.1
2024-05-01,RN-SEV-ES08,D,especializada,958,15881.0,0.0,2461.55,2699.8
2024-06-01,RN-SEV-ES08,D,especializada,958,19213.3,0.0,2978.06,3266.3
2024-07-01,RN-SEV-ES08,D,especializada,958,21396.9,0.0,3316.52,3637.5
2024-08-01,RN-SEV-ES08,D,especializada,958,20634.6,0.0,3198.36,3507.9
2024-09-01,RN-SEV-ES08,D,especializada,958,18051.0,0.0,2797.9,3068.7
2024-10-01,RN-SEV-ES08,D,especializada,958,15367.5,0.0,2381.96,2612.5
2024-11-01,RN-SEV-ES08,D,especializada,958,15289.4,0.0,2369.86,2599.2
2024-12-01,RN-SEV-ES08,D,especializada,958,14389.8,0.0,2230.42,2446.3
2025-01-01,RN-SEV-ES08,D,especializada,958,18542.7,0.0,2874.12,3152.3
2025-02-01,RN-SEV-ES08,D,especializada,958,17419.8,0.0,2700.06,2961.4
2025-03-01,RN-SEV-ES08,D,especializada,958,14670.6,0.0,2273.95,2494.0
2025-04-01,RN-SEV-ES08,D,especializada,958,15485.0,0.0,2400.18,2632.5
2025-05-01,RN-SEV-ES08,D,especializada,958,15666.1,0.0,2428.24,2663.2
2025-06-01,RN-SEV-ES08,D,especializada,958,18660.7,0.0,2892.41,3172.3
2025-07-01,RN-SEV-ES08,D,especializada,958,20090.2,0.0,3113.98,3415.3
2025-08-01,RN-SEV-ES08,D,especializada,958,21071.2,0.0,3266.04,3582.1
2025-09-01,RN-SEV-ES08,D,especializada,958,18158.1,0.0,2814.51,3086.9
2025-10-01,RN-SEV-ES08,D,especializada,958,15931.9,0.0,2469.45,2708.4
2025-11-01,RN-SEV-ES08,D,especializada,958,15947.1,0.0,2471.8,2711.0
2025-12-01,RN-SEV-ES08,D,especializada,958,15564.5,0.0,2412.49,2646.0
2024-01-01,RN-SEV-ES09,D,especializada,895,16831.9,0.0,2608.95,2861.4
2024-02-01,RN-SEV-ES09,D,especializada,895,16438.8,0.0,2548.02,2794.6
2024-03-01,RN-SEV-ES09,D,especializada,895,14569.9,0.0,2258.34,2476.9
2024-04-01,RN-SEV-ES09,D,especializada,895,14420.4,0.0,2235.16,2451.5
2024-05-01,RN-SEV-ES09,D,especializada,895,15248.7,0.0,2363.55,2592.3
2024-06-01,RN-SEV-ES09,D,especializada,895,15483.0,0.0,2399.87,2632.1
2024-07-01,RN-SEV-ES09,D,especializada,895,19979.5,0.0,3096.83,3396.5
2024-08-01,RN-SEV-ES09,D,especializada,895,19069.2,0.0,2955.73,3241.8
2024-09-01,RN-SEV-ES09,D,especializada,895,15508.7,0.0,2403.85,2636.5
2024-10-01,RN-SEV-ES09,D,especializada,895,15273.2,0.0,2367.34,2596.4
2024-11-01,RN-SEV-ES09,D,especializada,895,15233.8,0.0,2361.23,2589.7
2024-12-01,RN-SEV-ES09,D,especializada,895,12663.7,0.0,1962.87,2152.8
2025-01-01,RN-SEV-ES09,D,especializada,895,17591.0,0.0,2726.61,2990.5
2025-02-01,RN-SEV-ES09,D,especializada,895,15187.7,0.0,2354.09,2581.9
2025-03-01,RN-SEV-ES09,D,especializada,895,15257.0,0.0,2364.84,2593.7
2025-04-01,RN-SEV-ES09,D,especializada,895,15123.1,0.0,2344.08,2570.9
2025-05-01,RN-SEV-ES09,D,especializada,895,14438.4,0.0,2237.95,2454.5
2025-06-01,RN-SEV-ES09,D,especializada,895,16930.0,0.0,2624.15,2878.1
2025-07-01,RN-SEV-ES09,D,especializada,895,19955.8,0.0,3093.16,3392.5
2025-08-01,RN-SEV-ES09,D,especializada,895,20158.2,0.0,3124.51,3426.9
2025-09-01,RN-SEV-ES09,D,especializada,895,17842.5,0.0,2765.59,3033.2
2025-10-01,RN-SEV-ES09,D,especializada,895,15144.0,0.0,2347.32,2574.5
2025-11-01,RN-SEV-ES09,D,especializada,895,13745.3,0.0,2130.52,2336.7
2025-12-01,RN-SEV-ES09,D,especializada,895,13644.4,0.0,2114.88,2319.5
2024-01-01,RN-SEV-ES10,D,especializada,910,16650.4,0.0,2580.81,2830.6
2024-02-01,RN-SEV-ES10,D,especializada,910,16282.7,0.0,2523.82,2768.1
2024-03-01,RN-SEV-ES10,D,especializada,910,15477.9,0.0,2399.07,2631.2
2024-04-01,RN-SEV-ES10,D,especializada,910,14336.0,0.0,2222.08,2437.1
2024-05-01,RN-SEV-ES10,D,especializada,910,14735.1,0.0,2283.94,2505.0
2024-06-01,RN-SEV-ES10,D,especializada,910,,0.0,,
2024-07-01,RN-SEV-ES10,D,especializada,910,,0.0,,
2024-08-01,RN-SEV-ES10,D,especializada,910,20253.6,0.0,3139.31,3443.1
2024-09-01,RN-SEV-ES10,D,especializada,910,16524.4,0.0,2561.29,2809.2
2024-10-01,RN-SEV-ES10,D,especializada,910,15159.6,0.0,2349.74,2577.1
2024-11-01,RN-SEV-ES10,D,especializada,910,15451.0,0.0,2394.9,2626.7
2024-12-01,RN-SEV-ES10,D,especializada,910,14234.0,0.0,2206.26,2419.8
2025-01-01,RN-SEV-ES10,D,especializada,910,17132.4,0.0,2655.52,2912.5
2025-02-01,RN-SEV-ES10,D,especializada,910,16807.9,0.0,2605.23,2857.3
2025-03-01,RN-SEV-ES10,D,especializada,910,14568.0,0.0,2258.04,2476.6
2025-04-01,RN-SEV-ES10,D,especializada,910,13751.7,0.0,2131.51,2337.8
2025-05-01,RN-SEV-ES10,D,especializada,910,16071.7,0.0,2491.11,2732.2
2025-06-01,RN-SEV-ES10,D,especializada,910,16921.3,0.0,2622.81,2876.6
2025-07-01,RN-SEV-ES10,D,especializada,910,17323.6,0.0,2685.15,2945.0
2025-08-01,RN-SEV-ES10,D,especializada,910,18200.2,0.0,2821.04,3094.0
2025-09-01,RN-SEV-ES10,D,especializada,910,15822.9,0.0,2452.54,2689.9
2025-10-01,RN-SEV-ES10,D,especializada,910,16226.9,0.0,2515.17,2758.6
2025-11-01,RN-SEV-ES10,D,especializada,910,15300.9,0.0,2371.63,2601.1
2025-12-01,RN-SEV-ES10,D,especializada,910,14293.3,0.0,2215.47,2429.9
2024-01-01,RN-SEV-ES11,D,especializada,896,16515.6,0.0,2559.92,2807.7
2024-02-01,RN-SEV-ES11,D,especializada,896,15644.3,0.0,2424.86,2659.5
2024-03-01,RN-SEV-ES11,D,especializada,896,15227.1,0.0,2360.19,2588.6
2024-04-01,RN-SEV-ES11,D,especializada,896,14136.4,0.0,2191.14,2403.2
2024-05-01,RN-SEV-ES11,D,especializada,896,14869.4,0.0,2304.76,2527.8
2024-06-01,RN-SEV-ES11,D,especializada,896,17403.6,0.0,2697.56,2958.6
2024-07-01,RN-SEV-ES11,D,especializada,896,18215.9,0.0,2823.46,3096.7
2024-08-01,RN-SEV-ES11,D,especializada,896,17854.3,0.0,2767.41,3035.2
2024-09-01,RN-SEV-ES11,D,especializada,896,16365.4,0.0,2536.63,2782.1
2024-10-01,RN-SEV-ES11,D,especializada,896,15756.1,0.0,2442.2,2678.5
2024-11-01,RN-SEV-ES11,D,especializada,896,14854.8,0.0,2302.49,2525.3
2024-12-01,RN-SEV-ES11,D,especializada,896,13017.1,0.0,2017.66,2212.9
2025-01-01,RN-SEV-ES11,D,especializada,896,17177.8,0.0,2662.56,2920.2
2025-02-01,RN-SEV-ES11,D,especializada,896,15240.8,0.0,2362.32,2590.9
2025-03-01,RN-SEV-ES11,D,especializada,896,14624.8,0.0,2266.85,2486.2
2025-04-01,RN-SEV-ES11,D,especializada,896,13681.0,0.0,2120.55,2325.8
2025-05-01,RN-SEV-ES11,D,especializada,896,14728.2,0.0,2282.88,2503.8
2025-06-01,RN-SEV-ES11,D,especializada,896,17799.9,0.0,2758.99,3026.0
2025-07-01,RN-SEV-ES11,D,especializada,896,18740.3,0.0,2904.74,3185.8
2025-08-01,RN-SEV-ES11,D,especializada,896,21522.0,0.0,3335.91,3658.7
2025-09-01,RN-SEV-ES11,D,especializada,896,16432.4,0.0,2547.03,2793.5
2025-10-01,RN-SEV-ES11,D,especializada,896,14499.6,0.0,2247.44,2464.9
2025-11-01,RN-SEV-ES11,D,especializada,896,14710.0,0.0,2280.05,2500.7
2025-12-01,RN-SEV-ES11,D,especializada,896,13626.6,0.0,2112.12,2316.5
2024-01-01,RN-SEV-ES12,D,especializada,822,15685.6,0.0,2431.27,2666.6
2024-02-01,RN-SEV-ES12,D,especializada,822,14213.3,0.0,2203.06,2416.3
2024-03-01,RN-SEV-ES12,D,especializada,822,13592.8,0.0,2106.88,2310.8
2024-04-01,RN-SEV-ES12,D,especializada,822,13306.1,0.0,2062.44,2262.0
2024-05-01,RN-SEV-ES12,D,especializada,822,13866.3,0.0,2149.28,2357.3
2024-06-01,RN-SEV-ES12,D,especializada,822,15581.1,0.0,2415.07,2648.8
2024-07-01,RN-SEV-ES12,D,especializada,822,18116.3,0.0,2808.03,3079.8
2024-08-01,RN-SEV-ES12,D,especializada,822,16959.1,0.0,2628.66,2883.1
2024-09-01,RN-SEV-ES12,D,especializada,822,15494.5,0.0,2401.65,2634.1
2024-10-01,RN-SEV-ES12,D,especializada,822,13481.6,0.0,2089.65,2291.9
2024-11-01,RN-SEV-ES12,D,especializada,822,13667.3,0.0,2118.43,2323.4
2024-12-01,RN-SEV-ES12,D,especializada,822,12937.4,0.0,2005.3,2199.4
2025-01-01,RN-SEV-ES12,D,especializada,822,16446.1,0.0,2549.14,2795.8
2025-02-01,RN-SEV-ES12,D,especializada,822,14558.5,0.0,2256.57,2474.9
2025-03-01,RN-SEV-ES12,D,especializada,822,14460.4,0.0,2241.37,2458.3
2025-04-01,RN-SEV-ES12,D,especializada,822,14364.0,0.0,2226.43,2441.9
2025-05-01,RN-SEV-ES12,D,especializada,822,14231.8,0.0,2205.93,2419.4
2025-06-01,RN-SEV-ES12,D,especializada,822,15568.6,0.0,2413.14,2646.7
2025-07-01,RN-SEV-ES12,D,especializada,822,18314.1,0.0,2838.68,3113.4
2025-08-01,RN-SEV-ES12,D,especializada,822,17932.7,0.0,2779.57,3048.6
2025-09-01,RN-SEV-ES12,D,especializada,822,14351.1,0.0,2224.42,2439.7
2025-10-01,RN-SEV-ES12,D,especializada,822,13937.8,0.0,2160.35,2369.4
2025-11-01,RN-SEV-ES12,D,especializada,822,14560.4,0.0,2256.86,2475.3
2025-12-01,RN-SEV-ES12,D,especializada,822,11324.6,0.0,1755.31,1925.2
2024-01-01,RN-SEV-CV01,D,conveniencia,444,14992.4,0.0,2323.83,2548.7
2024-02-01,RN-SEV-CV01,D,conveniencia,444,13075.8,0.0,2026.75,2222.9
2024-03-01,RN-SEV-CV01,D,conveniencia,444,13716.1,0.0,2126.0,2331.7
2024-04-01,RN-SEV-CV01,D,conveniencia,444,12275.9,0.0,1902.76,2086.9
2024-05-01,RN-SEV-CV01,D,conveniencia,444,12502.8,0.0,1937.94,2125.5
2024-06-01,RN-SEV-CV01,D,conveniencia,444,15819.7,0.0,2452.06,2689.4
2024-07-01,RN-SEV-CV01,D,conveniencia,444,16622.6,0.0,2576.5,2825.8
2024-08-01,RN-SEV-CV01,D,conveniencia,444,16641.2,0.0,2579.39,2829.0
2024-09-01,RN-SEV-CV01,D,conveniencia,444,14099.2,0.0,2185.38,2396.9
2024-10-01,RN-SEV-CV01,D,conveniencia,444,13348.3,0.0,2068.99,2269.2
2024-11-01,RN-SEV-CV01,D,conveniencia,444,12624.8,0.0,1956.85,2146.2
2024-12-01,RN-SEV-CV01,D,conveniencia,444,10775.8,0.0,1670.24,1831.9
2025-01-01,RN-SEV-CV01,D,conveniencia,444,14241.4,0.0,2207.42,2421.0
2025-02-01,RN-SEV-CV01,D,conveniencia,444,12707.5,0.0,1969.67,2160.3
2025-03-01,RN-SEV-CV01,D,conveniencia,444,13145.2,0.0,2037.51,2234.7
2025-04-01,RN-SEV-CV01,D,conveniencia,444,12915.9,0.0,2001.96,2195.7
2025-05-01,RN-SEV-CV01,D,conveniencia,444,13056.6,0.0,2023.78,2219.6
2025-06-01,RN-SEV-CV01,D,conveniencia,444,14426.6,0.0,2236.13,2452.5
2025-07-01,RN-SEV-CV01,D,conveniencia,444,16889.5,0.0,2617.87,2871.2
2025-08-01,RN-SEV-CV01,D,conveniencia,444,16559.6,0.0,2566.75,2815.1
2025-09-01,RN-SEV-CV01,D,conveniencia,444,13868.4,0.0,2149.6,2357.6
2025-10-01,RN-SEV-CV01,D,conveniencia,444,12910.4,0.0,2001.12,2194.8
2025-11-01,RN-SEV-CV01,D,conveniencia,444,11891.6,0.0,1843.2,2021.6
2025-12-01,RN-SEV-CV01,D,conveniencia,444,12301.6,0.0,1906.75,2091.3
2024-01-01,RN-SEV-CV02,D,conveniencia,523,17121.5,0.0,2653.83,2910.7
2024-02-01,RN-SEV-CV02,D,conveniencia,523,14307.1,0.0,2217.61,2432.2
2024-03-01,RN-SEV-CV02,D,conveniencia,523,14476.8,0.0,2243.9,2461.1
2024-04-01,RN-SEV-CV02,D,conveniencia,523,15229.5,0.0,2360.58,2589.0
2024-05-01,RN-SEV-CV02,D,conveniencia,523,15298.0,0.0,2371.2,2600.7
2024-06-01,RN-SEV-CV02,D,conveniencia,523,14956.8,0.0,2318.3,2542.7
2024-07-01,RN-SEV-CV02,D,conveniencia,523,18726.0,0.0,2902.53,3183.4
2024-08-01,RN-SEV-CV02,D,conveniencia,523,19750.7,0.0,3061.36,3357.6
2024-09-01,RN-SEV-CV02,D,conveniencia,523,16284.1,0.0,2524.03,2768.3
2024-10-01,RN-SEV-CV02,D,conveniencia,523,14684.4,0.0,2276.08,2496.3
2024-11-01,RN-SEV-CV02,D,conveniencia,523,15781.5,0.0,2446.14,2682.9
2024-12-01,RN-SEV-CV02,D,conveniencia,523,14554.8,0.0,2255.99,2474.3
2025-01-01,RN-SEV-CV02,D,conveniencia,523,16506.3,0.0,2558.48,2806.1
2025-02-01,RN-SEV-CV02,D,conveniencia,523,14603.7,0.0,2263.57,2482.6
2025-03-01,RN-SEV-CV02,D,conveniencia,523,15747.7,0.0,2440.89,2677.1
2025-04-01,RN-SEV-CV02,D,conveniencia,523,15518.6,0.0,2405.38,2638.2
2025-05-01,RN-SEV-CV02,D,conveniencia,523,15393.8,0.0,2386.04,2616.9
2025-06-01,RN-SEV-CV02,D,conveniencia,523,16818.5,0.0,2606.87,2859.2
2025-07-01,RN-SEV-CV02,D,conveniencia,523,19433.0,0.0,3012.12,3303.6
2025-08-01,RN-SEV-CV02,D,conveniencia,523,19218.1,0.0,2978.81,3267.1
2025-09-01,RN-SEV-CV02,D,conveniencia,523,15643.2,0.0,2424.7,2659.4
2025-10-01,RN-SEV-CV02,D,conveniencia,523,14899.7,0.0,2309.45,2532.9
2025-11-01,RN-SEV-CV02,D,conveniencia,523,13962.9,0.0,2164.25,2373.7
2025-12-01,RN-SEV-CV02,D,conveniencia,523,13898.6,0.0,2154.29,2362.8
2024-01-01,RN-SEV-CV03,D,conveniencia,424,13559.2,0.0,2101.68,2305.1
2024-02-01,RN-SEV-CV03,D,conveniencia,424,12466.1,0.0,1932.24,2119.2
2024-03-01,RN-SEV-CV03,D,conveniencia,424,12344.2,0.0,1913.34,2098.5
2024-04-01,RN-SEV-CV03,D,conveniencia,424,12333.5,0.0,1911.69,2096.7
2024-05-01,RN-SEV-CV03,D,conveniencia,424,12432.0,0.0,1926.96,2113.4
2024-06-01,RN-SEV-CV03,D,conveniencia,424,12972.1,0.0,2010.68,2205.3
2024-07-01,RN-SEV-CV03,D,conveniencia,424,14988.5,0.0,2323.21,2548.0
2024-08-01,RN-SEV-CV03,D,conveniencia,424,15662.9,0.0,2427.75,2662.7
2024-09-01,RN-SEV-CV03,D,conveniencia,424,11977.1,0.0,1856.45,2036.1
2024-10-01,RN-SEV-CV03,D,conveniencia,424,12722.1,0.0,1971.93,2162.8
2024-11-01,RN-SEV-CV03,D,conveniencia,424,12568.2,0.0,1948.06,2136.6
2024-12-01,RN-SEV-CV03,D,conveniencia,424,11507.0,0.0,1783.59,1956.2
2025-01-01,RN-SEV-CV03,D,conveniencia,424,13197.6,0.0,2045.63,2243.6
2025-02-01,RN-SEV-CV03,D,conveniencia,424,13216.8,0.0,2048.6,2246.9
2025-03-01,RN-SEV-CV03,D,conveniencia,424,11629.8,0.0,1802.63,1977.1
2025-04-01,RN-SEV-CV03,D,conveniencia,424,12065.8,0.0,1870.2,2051.2
2025-05-01,RN-SEV-CV03,D,conveniencia,424,12906.2,0.0,2000.46,2194.1
2025-06-01,RN-SEV-CV03,D,conveniencia,424,14494.6,0.0,2246.66,2464.1
2025-07-01,RN-SEV-CV03,D,conveniencia,424,14683.2,0.0,2275.89,2496.1
2025-08-01,RN-SEV-CV03,D,conveniencia,424,15923.1,0.0,2468.09,2706.9
2025-09-01,RN-SEV-CV03,D,conveniencia,424,13867.3,0.0,2149.44,2357.4
2025-10-01,RN-SEV-CV03,D,conveniencia,424,12626.7,0.0,1957.13,2146.5
2025-11-01,RN-SEV-CV03,D,conveniencia,424,11789.9,0.0,1827.44,2004.3
2025-12-01,RN-SEV-CV03,D,conveniencia,424,10252.1,0.0,1589.07,1742.9
2024-01-01,RN-SEV-CV04,D,conveniencia,410,13667.1,0.0,2118.4,2323.4
2024-02-01,RN-SEV-CV04,D,conveniencia,410,12887.7,0.0,1997.59,2190.9
2024-03-01,RN-SEV-CV04,D,conveniencia,410,11827.7,0.0,1833.3,2010.7
2024-04-01,RN-SEV-CV04,D,conveniencia,410,11741.9,0.0,1820.0,1996.1
2024-05-01,RN-SEV-CV04,D,conveniencia,410,11508.5,0.0,1783.82,1956.4
2024-06-01,RN-SEV-CV04,D,conveniencia,410,12893.7,0.0,1998.52,2191.9
2024-07-01,RN-SEV-CV04,D,conveniencia,410,13798.8,0.0,2138.81,2345.8
2024-08-01,RN-SEV-CV04,D,conveniencia,410,16279.3,0.0,2523.3,2767.5
2024-09-01,RN-SEV-CV04,D,conveniencia,410,12719.1,0.0,1971.46,2162.3
2024-10-01,RN-SEV-CV04,D,conveniencia,410,11358.8,0.0,1760.62,1931.0
2024-11-01,RN-SEV-CV04,D,conveniencia,410,11492.6,0.0,1781.36,1953.7
2024-12-01,RN-SEV-CV04,D,conveniencia,410,10546.5,0.0,1634.71,1792.9
2025-01-01,RN-SEV-CV04,D,conveniencia,410,12044.9,0.0,1866.95,2047.6
2025-02-01,RN-SEV-CV04,D,conveniencia,410,12331.5,0.0,1911.38,2096.4
2025-03-01,RN-SEV-CV04,D,conveniencia,410,11505.0,0.0,1783.28,1955.9
2025-04-01,RN-SEV-CV04,D,conveniencia,410,11621.2,0.0,1801.29,1975.6
2025-05-01,RN-SEV-CV04,D,conveniencia,410,11715.8,0.0,1815.94,1991.7
2025-06-01,RN-SEV-CV04,D,conveniencia,410,14181.0,0.0,2198.06,2410.8
2025-07-01,RN-SEV-CV04,D,conveniencia,410,15374.0,0.0,2382.97,2613.6
2025-08-01,RN-SEV-CV04,D,conveniencia,410,15465.6,0.0,2397.16,2629.1
2025-09-01,RN-SEV-CV04,D,conveniencia,410,12483.6,0.0,1934.96,2122.2
2025-10-01,RN-SEV-CV04,D,conveniencia,410,12298.1,0.0,1906.21,2090.7
2025-11-01,RN-SEV-CV04,D,conveniencia,410,12436.6,0.0,1927.67,2114.2
2025-12-01,RN-SEV-CV04,D,conveniencia,410,10256.9,0.0,1589.82,1743.7
2024-01-01,RN-SEV-CV05,D,conveniencia,389,12211.6,0.0,1892.8,2076.0
2024-02-01,RN-SEV-CV05,D,conveniencia,389,12641.6,0.0,1959.45,2149.1
2024-03-01,RN-SEV-CV05,D,conveniencia,389,11649.3,0.0,1805.64,1980.4
2024-04-01,RN-SEV-CV05,D,conveniencia,389,10438.8,0.0,1618.02,1774.6
2024-05-01,RN-SEV-CV05,D,conveniencia,389,10331.7,0.0,1601.41,1756.4
2024-06-01,RN-SEV-CV05,D,conveniencia,389,13310.1,0.0,2063.07,2262.7
2024-07-01,RN-SEV-CV05,D,conveniencia,389,14334.5,0.0,2221.84,2436.9
2024-08-01,RN-SEV-CV05,D,conveniencia,389,13741.5,0.0,2129.93,2336.0
2024-09-01,RN-SEV-CV05,D,conveniencia,389,12137.2,0.0,1881.27,2063.3
2024-10-01,RN-SEV-CV05,D,conveniencia,389,11510.7,0.0,1784.16,1956.8
2024-11-01,RN-SEV-CV05,D,conveniencia,389,12065.0,0.0,1870.08,2051.1
2024-12-01,RN-SEV-CV05,D,conveniencia,389,9821.5,0.0,1522.33,1669.7
2025-01-01,RN-SEV-CV05,D,conveniencia,389,,0.0,,
2025-02-01,RN-SEV-CV05,D,conveniencia,389,11915.2,0.0,1846.85,2025.6
2025-03-01,RN-SEV-CV05,D,conveniencia,389,,0.0,,
2025-04-01,RN-SEV-CV05,D,conveniencia,389,10633.1,0.0,1648.13,1807.6
2025-05-01,RN-SEV-CV05,D,conveniencia,389,10893.5,0.0,1688.49,1851.9
2025-06-01,RN-SEV-CV05,D,conveniencia,389,13142.4,0.0,2037.07,2234.2
2025-07-01,RN-SEV-CV05,D,conveniencia,389,13843.0,0.0,2145.66,2353.3
2025-08-01,RN-SEV-CV05,D,conveniencia,389,14871.5,0.0,2305.09,2528.2
2025-09-01,RN-SEV-CV05,D,conveniencia,389,12535.1,0.0,1942.93,2131.0
2025-10-01,RN-SEV-CV05,D,conveniencia,389,10951.3,0.0,1697.45,1861.7
2025-11-01,RN-SEV-CV05,D,conveniencia,389,12100.1,0.0,1875.52,2057.0
2025-12-01,RN-SEV-CV05,D,conveniencia,389,10073.2,0.0,1561.35,1712.4
2024-01-01,RN-SEV-CV06,D,conveniencia,444,13935.5,0.0,2160.01,2369.0
2024-02-01,RN-SEV-CV06,D,conveniencia,444,13839.7,0.0,2145.15,2352.7
2024-03-01,RN-SEV-CV06,D,conveniencia,444,11563.6,0.0,1792.36,1965.8
2024-04-01,RN-SEV-CV06,D,conveniencia,444,10946.8,0.0,1696.76,1861.0
2024-05-01,RN-SEV-CV06,D,conveniencia,444,13092.3,0.0,2029.3,2225.7
2024-06-01,RN-SEV-CV06,D,conveniencia,444,14569.5,0.0,2258.28,2476.8
2024-07-01,RN-SEV-CV06,D,conveniencia,444,15430.2,0.0,2391.69,2623.1
2024-08-01,RN-SEV-CV06,D,conveniencia,444,16268.4,0.0,2521.6,2765.6
2024-09-01,RN-SEV-CV06,D,conveniencia,444,14149.7,0.0,2193.2,2405.4
2024-10-01,RN-SEV-CV06,D,conveniencia,444,13542.2,0.0,2099.04,2302.2
2024-11-01,RN-SEV-CV06,D,conveniencia,444,11926.4,0.0,1848.59,2027.5
2024-12-01,RN-SEV-CV06,D,conveniencia,444,12330.4,0.0,1911.2,2096.2
2025-01-01,RN-SEV-CV06,D,conveniencia,444,13018.2,0.0,2017.83,2213.1
2025-02-01,RN-SEV-CV06,D,conveniencia,444,13026.1,0.0,2019.05,2214.4
2025-03-01,RN-SEV-CV06,D,conveniencia,444,13083.7,0.0,2027.97,2224.2
2025-04-01,RN-SEV-CV06,D,conveniencia,444,11167.0,0.0,1730.89,1898.4
2025-05-01,RN-SEV-CV06,D,conveniencia,444,12901.2,0.0,1999.68,2193.2
2025-06-01,RN-SEV-CV06,D,conveniencia,444,13760.6,0.0,2132.9,2339.3
2025-07-01,RN-SEV-CV06,D,conveniencia,444,17332.5,0.0,2686.54,2946.5
2025-08-01,RN-SEV-CV06,D,conveniencia,444,17025.4,0.0,2638.93,2894.3
2025-09-01,RN-SEV-CV06,D,conveniencia,444,13243.4,0.0,2052.72,2251.4
2025-10-01,RN-SEV-CV06,D,conveniencia,444,12766.9,0.0,1978.87,2170.4
2025-11-01,RN-SEV-CV06,D,conveniencia,444,12644.1,0.0,1959.83,2149.5
2025-12-01,RN-SEV-CV06,D,conveniencia,444,11559.5,0.0,1791.73,1965.1
2024-01-01,RN-SEV-CV07,D,conveniencia,432,13923.1,0.0,2158.09,2366.9
2024-02-01,RN-SEV-CV07,D,conveniencia,432,12955.8,0.0,2008.14,2202.5
2024-03-01,RN-SEV-CV07,D,conveniencia,432,12924.0,0.0,2003.22,2197.1
2024-04-01,RN-SEV-CV07,D,conveniencia,432,11198.3,0.0,1735.74,1903.7
2024-05-01,RN-SEV-CV07,D,conveniencia,432,11813.4,0.0,1831.07,2008.3
2024-06-01,RN-SEV-CV07,D,conveniencia,432,13928.9,0.0,2158.98,2367.9
2024-07-01,RN-SEV-CV07,D,conveniencia,432,17152.7,0.0,2658.67,2916.0
2024-08-01,RN-SEV-CV07,D,conveniencia,432,16459.2,0.0,2551.18,2798.1
2024-09-01,RN-SEV-CV07,D,conveniencia,432,14559.3,0.0,2256.69,2475.1
2024-10-01,RN-SEV-CV07,D,conveniencia,432,12142.2,0.0,1882.05,2064.2
2024-11-01,RN-SEV-CV07,D,conveniencia,432,11711.2,0.0,1815.23,1990.9
2024-12-01,RN-SEV-CV07,D,conveniencia,432,11085.6,0.0,1718.27,1884.6
2025-01-01,RN-SEV-CV07,D,conveniencia,432,14327.6,0.0,2220.78,2435.7
2025-02-01,RN-SEV-CV07,D,conveniencia,432,13927.5,0.0,2158.76,2367.7
2025-03-01,RN-SEV-CV07,D,conveniencia,432,12152.6,0.0,1883.65,2065.9
2025-04-01,RN-SEV-CV07,D,conveniencia,432,12132.0,0.0,1880.46,2062.4
2025-05-01,RN-SEV-CV07,D,conveniencia,432,12684.1,0.0,1966.04,2156.3
2025-06-01,RN-SEV-CV07,D,conveniencia,432,13608.8,0.0,2109.36,2313.5
2025-07-01,RN-SEV-CV07,D,conveniencia,432,15935.3,0.0,2469.97,2709.0
2025-08-01,RN-SEV-CV07,D,conveniencia,432,16497.4,0.0,2557.09,2804.6
2025-09-01,RN-SEV-CV07,D,conveniencia,432,13268.4,0.0,2056.61,2255.6
2025-10-01,RN-SEV-CV07,D,conveniencia,432,13362.6,0.0,2071.2,2271.6
2025-11-01,RN-SEV-CV07,D,conveniencia,432,13069.4,0.0,2025.76,2221.8
2025-12-01,RN-SEV-CV07,D,conveniencia,432,11726.4,0.0,1817.59,1993.5
2024-01-01,RN-SEV-CV08,D,conveniencia,487,17291.8,0.0,2680.24,2939.6
2024-02-01,RN-SEV-CV08,D,conveniencia,487,14062.0,0.0,2179.61,2390.5
2024-03-01,RN-SEV-CV08,D,conveniencia,487,13848.2,0.0,2146.47,2354.2
2024-04-01,RN-SEV-CV08,D,conveniencia,487,13282.7,0.0,2058.82,2258.1
2024-05-01,RN-SEV-CV08,D,conveniencia,487,13546.5,0.0,2099.71,2302.9
2024-06-01,RN-SEV-CV08,D,conveniencia,487,16298.1,0.0,2526.2,2770.7
2024-07-01,RN-SEV-CV08,D,conveniencia,487,18662.3,0.0,2892.66,3172.6
2024-08-01,RN-SEV-CV08,D,conveniencia,487,,0.0,,
2024-09-01,RN-SEV-CV08,D,conveniencia,487,15374.8,0.0,2383.1,2613.7
2024-10-01,RN-SEV-CV08,D,conveniencia,487,13570.1,0.0,2103.36,2306.9
2024-11-01,RN-SEV-CV08,D,conveniencia,487,13917.7,0.0,2157.24,2366.0
2024-12-01,RN-SEV-CV08,D,conveniencia,487,13025.4,0.0,2018.94,2214.3
2025-01-01,RN-SEV-CV08,D,conveniencia,487,15637.3,0.0,2423.79,2658.3
2025-02-01,RN-SEV-CV08,D,conveniencia,487,15221.6,0.0,2359.35,2587.7
2025-03-01,RN-SEV-CV08,D,conveniencia,487,14131.5,0.0,2190.38,2402.4
2025-04-01,RN-SEV-CV08,D,conveniencia,487,14089.0,0.0,2183.8,2395.1
2025-05-01,RN-SEV-CV08,D,conveniencia,487,14486.9,0.0,2245.47,2462.8
2025-06-01,RN-SEV-CV08,D,conveniencia,487,15787.2,0.0,2447.02,2683.8
2025-07-01,RN-SEV-CV08,D,conveniencia,487,16678.1,0.0,2585.1,2835.3
2025-08-01,RN-SEV-CV08,D,conveniencia,487,18180.2,0.0,2817.92,3090.6
2025-09-01,RN-SEV-CV08,D,conveniencia,487,15268.9,0.0,2366.67,2595.7
2025-10-01,RN-SEV-CV08,D,conveniencia,487,14561.7,0.0,2257.06,2475.5
2025-11-01,RN-SEV-CV08,D,conveniencia,487,14243.8,0.0,2207.78,2421.4
2025-12-01,RN-SEV-CV08,D,conveniencia,487,12109.4,0.0,1876.96,2058.6
2024-01-01,RN-SEV-CV09,D,conveniencia,471,15367.6,0.0,2381.98,2612.5
2024-02-01,RN-SEV-CV09,D,conveniencia,471,14285.1,0.0,2214.19,2428.5
2024-03-01,RN-SEV-CV09,D,conveniencia,471,12840.2,0.0,1990.24,2182.8
2024-04-01,RN-SEV-CV09,D,conveniencia,471,13562.7,0.0,2102.22,2305.7
2024-05-01,RN-SEV-CV09,D,conveniencia,471,14017.5,0.0,2172.72,2383.0
2024-06-01,RN-SEV-CV09,D,conveniencia,471,15955.8,0.0,2473.14,2712.5
2024-07-01,RN-SEV-CV09,D,conveniencia,471,17031.0,0.0,2639.81,2895.3
2024-08-01,RN-SEV-CV09,D,conveniencia,471,18089.6,0.0,2803.89,3075.2
2024-09-01,RN-SEV-CV09,D,conveniencia,471,15154.6,0.0,2348.96,2576.3
2024-10-01,RN-SEV-CV09,D,conveniencia,471,13513.4,0.0,2094.58,2297.3
2024-11-01,RN-SEV-CV09,D,conveniencia,471,13212.1,0.0,2047.88,2246.1
2024-12-01,RN-SEV-CV09,D,conveniencia,471,11953.6,0.0,1852.8,2032.1
2025-01-01,RN-SEV-CV09,D,conveniencia,471,15514.4,0.0,2404.74,2637.5
2025-02-01,RN-SEV-CV09,D,conveniencia,471,13780.5,0.0,2135.97,2342.7
2025-03-01,RN-SEV-CV09,D,conveniencia,471,13959.6,0.0,2163.74,2373.1
2025-04-01,RN-SEV-CV09,D,conveniencia,471,12533.8,0.0,1942.74,2130.7
2025-05-01,RN-SEV-CV09,D,conveniencia,471,13868.6,0.0,2149.63,2357.7
2025-06-01,RN-SEV-CV09,D,conveniencia,471,15108.5,0.0,2341.82,2568.5
2025-07-01,RN-SEV-CV09,D,conveniencia,471,17624.9,0.0,2731.86,2996.2
2025-08-01,RN-SEV-CV09,D,conveniencia,471,17337.0,0.0,2687.23,2947.3
2025-09-01,RN-SEV-CV09,D,conveniencia,471,14976.4,0.0,2321.34,2546.0
2025-10-01,RN-SEV-CV09,D,conveniencia,471,13273.9,0.0,2057.45,2256.6
2025-11-01,RN-SEV-CV09,D,conveniencia,471,12872.5,0.0,1995.24,2188.3
2025-12-01,RN-SEV-CV09,D,conveniencia,471,13008.3,0.0,2016.29,2211.4
2024-01-01,RN-SEV-CV10,D,conveniencia,472,14595.8,0.0,2262.34,2481.3
2024-02-01,RN-SEV-CV10,D,conveniencia,472,13482.6,0.0,2089.8,2292.0
2024-03-01,RN-SEV-CV10,D,conveniencia,472,14865.4,0.0,2304.14,2527.1
2024-04-01,RN-SEV-CV10,D,conveniencia,472,12689.5,0.0,1966.87,2157.2
2024-05-01,RN-SEV-CV10,D,conveniencia,472,12471.0,0.0,1933.01,2120.1
2024-06-01,RN-SEV-CV10,D,conveniencia,472,15806.9,0.0,2450.07,2687.2
2024-07-01,RN-SEV-CV10,D,conveniencia,472,16731.1,0.0,2593.32,2844.3
2024-08-01,RN-SEV-CV10,D,conveniencia,472,17190.5,0.0,2664.52,2922.4
2024-09-01,RN-SEV-CV10,D,conveniencia,472,14973.4,0.0,2320.88,2545.5
2024-10-01,RN-SEV-CV10,D,conveniencia,472,13972.3,0.0,2165.7,2375.3
2024-11-01,RN-SEV-CV10,D,conveniencia,472,13371.8,0.0,2072.64,2273.2
2024-12-01,RN-SEV-CV10,D,conveniencia,472,12758.2,0.0,1977.51,2168.9
2025-01-01,RN-SEV-CV10,D,conveniencia,472,14224.5,0.0,2204.79,2418.2
2025-02-01,RN-SEV-CV10,D,conveniencia,472,14771.8,0.0,2289.63,2511.2
2025-03-01,RN-SEV-CV10,D,conveniencia,472,13300.1,0.0,2061.52,2261.0
2025-04-01,RN-SEV-CV10,D,conveniencia,472,13396.3,0.0,2076.42,2277.4
2025-05-01,RN-SEV-CV10,D,conveniencia,472,12693.1,0.0,1967.44,2157.8
2025-06-01,RN-SEV-CV10,D,conveniencia,472,14514.2,0.0,2249.7,2467.4
2025-07-01,RN-SEV-CV10,D,conveniencia,472,15897.2,0.0,2464.06,2702.5
2025-08-01,RN-SEV-CV10,D,conveniencia,472,16223.7,0.0,2514.67,2758.0
2025-09-01,RN-SEV-CV10,D,conveniencia,472,14781.5,0.0,2291.13,2512.9
2025-10-01,RN-SEV-CV10,D,conveniencia,472,13955.0,0.0,2163.02,2372.3
2025-11-01,RN-SEV-CV10,D,conveniencia,472,13299.4,0.0,2061.41,2260.9
2025-12-01,RN-SEV-CV10,D,conveniencia,472,11962.2,0.0,1854.14,2033.6
2024-01-01,RN-BIO-GA01,E,gran_almacen,13295,240492.8,90709.6,42900.37,57392.9
2024-02-01,RN-BIO-GA01,E,gran_almacen,13295,213609.5,86842.5,38493.71,52119.0
2024-03-01,RN-BIO-GA01,E,gran_almacen,13295,219691.5,62649.3,37936.43,48749.7
2024-04-01,RN-BIO-GA01,E,gran_almacen,13295,205702.8,52716.5,35152.35,44563.9
2024-05-01,RN-BIO-GA01,E,gran_almacen,13295,214630.2,28368.3,35026.52,41650.2
2024-06-01,RN-BIO-GA01,E,gran_almacen,13295,240248.3,13227.8,38058.61,43249.7
2024-07-01,RN-BIO-GA01,E,gran_almacen,13295,272383.1,10690.0,42882.17,48250.7
2024-08-01,RN-BIO-GA01,E,gran_almacen,13295,278782.7,11397.7,43917.98,49467.4
2024-09-01,RN-BIO-GA01,E,gran_almacen,13295,234023.9,18852.1,37442.53,43215.1
2024-10-01,RN-BIO-GA01,E,gran_almacen,13295,222344.4,40582.9,36979.52,45184.6
2024-11-01,RN-BIO-GA01,E,gran_almacen,13295,221298.8,71373.6,38726.48,50610.8
2024-12-01,RN-BIO-GA01,E,gran_almacen,13295,192440.9,61881.8,33665.02,43977.5
2025-01-01,RN-BIO-GA01,E,gran_almacen,13295,217848.1,78563.4,38637.39,51332.7
2025-02-01,RN-BIO-GA01,E,gran_almacen,13295,221016.0,90337.4,39858.39,54014.1
2025-03-01,RN-BIO-GA01,E,gran_almacen,13295,207450.2,65963.3,36244.51,47271.9
2025-04-01,RN-BIO-GA01,E,gran_almacen,13295,210696.7,47705.0,35615.7,44500.8
2025-05-01,RN-BIO-GA01,E,gran_almacen,13295,215159.1,25412.9,34925.26,41202.2
2025-06-01,RN-BIO-GA01,E,gran_almacen,13295,211775.2,14113.6,33700.2,38570.5
2025-07-01,RN-BIO-GA01,E,gran_almacen,13295,265837.8,9363.0,41785.36,46896.5
2025-08-01,RN-BIO-GA01,E,gran_almacen,13295,269506.1,10427.0,42419.92,47713.8
2025-09-01,RN-BIO-GA01,E,gran_almacen,13295,242804.9,19924.6,38870.09,44903.1
2025-10-01,RN-BIO-GA01,E,gran_almacen,13295,205360.7,48653.2,34847.4,43766.2
2025-11-01,RN-BIO-GA01,E,gran_almacen,13295,206265.8,61677.2,35795.18,46290.4
2025-12-01,RN-BIO-GA01,E,gran_almacen,13295,182494.8,60067.8,32010.89,41956.5
2024-01-01,RN-BIO-HI01,E,hipermercado,3059,119606.6,14129.5,19415.04,22904.7
2024-02-01,RN-BIO-HI01,E,hipermercado,3059,105882.3,12266.6,17172.28,20232.5
2024-03-01,RN-BIO-HI01,E,hipermercado,3059,108157.1,10029.0,17386.14,20212.0
2024-04-01,RN-BIO-HI01,E,hipermercado,3059,101073.5,7218.0,16113.91,18496.2
2024-05-01,RN-BIO-HI01,E,hipermercado,3059,105977.6,4047.6,16677.48,18752.9
2024-06-01,RN-BIO-HI01,E,hipermercado,3059,126599.1,2196.9,19759.07,21921.7
2024-07-01,RN-BIO-HI01,E,hipermercado,3059,136427.3,1575.7,21243.92,23479.4
2024-08-01,RN-BIO-HI01,E,hipermercado,3059,134379.8,1440.9,20918.21,23106.8
2024-09-01,RN-BIO-HI01,E,hipermercado,3059,109094.3,3200.0,17108.02,19128.4
2024-10-01,RN-BIO-HI01,E,hipermercado,3059,113536.6,5449.9,17936.07,20293.1
2024-11-01,RN-BIO-HI01,E,hipermercado,3059,104232.6,9489.7,16744.41,19446.7
2024-12-01,RN-BIO-HI01,E,hipermercado,3059,98700.0,8721.7,15839.24,18366.4
2025-01-01,RN-BIO-HI01,E,hipermercado,3059,106736.8,12849.5,17340.87,20483.9
2025-02-01,RN-BIO-HI01,E,hipermercado,3059,119715.3,12198.9,19312.21,22571.8
2025-03-01,RN-BIO-HI01,E,hipermercado,3059,103819.0,9890.9,16705.17,19449.4
2025-04-01,RN-BIO-HI01,E,hipermercado,3059,99504.5,6977.2,15855.78,18185.6
2025-05-01,RN-BIO-HI01,E,hipermercado,3059,99174.0,3730.1,15603.23,17538.5
2025-06-01,RN-BIO-HI01,E,hipermercado,3059,118619.0,2204.0,18522.59,20566.4
2025-07-01,RN-BIO-HI01,E,hipermercado,3059,136836.7,1584.3,21307.92,23550.6
2025-08-01,RN-BIO-HI01,E,hipermercado,3059,131591.2,1601.1,20495.91,22661.9
2025-09-01,RN-BIO-HI01,E,hipermercado,3059,114147.9,3265.8,17895.4,19999.5
2025-10-01,RN-BIO-HI01,E,hipermercado,3059,111133.4,6534.1,17630.79,20081.9
2025-11-01,RN-BIO-HI01,E,hipermercado,3059,98913.6,9473.6,15918.97,18539.5
2025-12-01,RN-BIO-HI01,E,hipermercado,3059,93051.7,10120.5,15050.48,17660.7
2024-01-01,RN-BIO-HI02,E,hipermercado,2315,87154.5,10466.9,14157.9,16721.2
2024-02-01,RN-BIO-HI02,E,hipermercado,2315,84802.1,8995.9,13702.08,16053.6
2024-03-01,RN-BIO-HI02,E,hipermercado,2315,81337.4,7455.5,13069.53,15184.2
2024-04-01,RN-BIO-HI02,E,hipermercado,2315,74307.2,5780.2,11875.99,13684.2
2024-05-01,RN-BIO-HI02,E,hipermercado,2315,81528.5,3199.0,12835.26,14442.1
2024-06-01,RN-BIO-HI02,E,hipermercado,2315,92295.8,1613.6,14405.89,15984.0
2024-07-01,RN-BIO-HI02,E,hipermercado,2315,102407.5,1176.0,15946.07,17623.3
2024-08-01,RN-BIO-HI02,E,hipermercado,2315,95308.8,1075.1,14839.52,16398.2
2024-09-01,RN-BIO-HI02,E,hipermercado,2315,85129.3,1962.9,13316.74,14829.2
2024-10-01,RN-BIO-HI02,E,hipermercado,2315,79296.5,5318.1,12620.68,14448.3
2024-11-01,RN-BIO-HI02,E,hipermercado,2315,81727.4,7563.3,13136.67,15270.2
2024-12-01,RN-BIO-HI02,E,hipermercado,2315,70449.8,7258.8,11369.77,13297.6
2025-01-01,RN-BIO-HI02,E,hipermercado,2315,87814.7,10947.0,14289.99,16920.8
2025-02-01,RN-BIO-HI02,E,hipermercado,2315,81422.2,7734.3,13099.96,15249.4
2025-03-01,RN-BIO-HI02,E,hipermercado,2315,81893.2,7358.6,13149.69,15261.1
2025-04-01,RN-BIO-HI02,E,hipermercado,2315,78221.2,5573.7,12469.85,14312.0
2025-05-01,RN-BIO-HI02,E,hipermercado,2315,80032.3,2735.5,12574.6,14103.3
2025-06-01,RN-BIO-HI02,E,hipermercado,2315,90064.8,1514.6,14053.95,15586.7
2025-07-01,RN-BIO-HI02,E,hipermercado,2315,95776.5,1101.6,14913.65,16482.5
2025-08-01,RN-BIO-HI02,E,hipermercado,2315,93283.3,1221.3,14534.63,16080.4
2025-09-01,RN-BIO-HI02,E,hipermercado,2315,84054.3,2381.5,13176.06,14722.7
2025-10-01,RN-BIO-HI02,E,hipermercado,2315,79258.6,5222.5,12608.87,14424.5
2025-11-01,RN-BIO-HI02,E,hipermercado,2315,79073.0,6491.4,12658.78,14623.8
2025-12-01,RN-BIO-HI02,E,hipermercado,2315,68661.6,6992.3,11076.07,12945.1
2024-01-01,RN-BIO-ES01,E,especializada,770,10769.2,0.0,1669.23,1830.8
2024-02-01,RN-BIO-ES01,E,especializada,770,10656.6,0.0,1651.77,1811.6
2024-03-01,RN-BIO-ES01,E,especializada,770,10497.2,0.0,1627.07,1784.5
2024-04-01,RN-BIO-ES01,E,especializada,770,9451.8,0.0,1465.03,1606.8
2024-05-01,RN-BIO-ES01,E,especializada,770,9634.8,0.0,1493.39,1637.9
2024-06-01,RN-BIO-ES01,E,especializada,770,11831.7,0.0,1833.92,2011.4
2024-07-01,RN-BIO-ES01,E,especializada,770,11935.1,0.0,1849.94,2029.0
2024-08-01,RN-BIO-ES01,E,especializada,770,11893.2,0.0,1843.45,2021.8
2024-09-01,RN-BIO-ES01,E,especializada,770,10786.8,0.0,1671.95,1833.8
2024-10-01,RN-BIO-ES01,E,especializada,770,9604.1,0.0,1488.63,1632.7
2024-11-01,RN-BIO-ES01,E,especializada,770,10427.1,0.0,1616.19,1772.6
2024-12-01,RN-BIO-ES01,E,especializada,770,8566.1,0.0,1327.75,1456.2
2025-01-01,RN-BIO-ES01,E,especializada,770,10911.2,0.0,1691.23,1854.9
2025-02-01,RN-BIO-ES01,E,especializada,770,9845.1,0.0,1525.99,1673.7
2025-03-01,RN-BIO-ES01,E,especializada,770,10035.2,0.0,1555.45,1706.0
2025-04-01,RN-BIO-ES01,E,especializada,770,,0.0,,
2025-05-01,RN-BIO-ES01,E,especializada,770,9552.7,0.0,1480.67,1624.0
2025-06-01,RN-BIO-ES01,E,especializada,770,10036.8,0.0,1555.7,1706.3
2025-07-01,RN-BIO-ES01,E,especializada,770,12558.6,0.0,1946.58,2135.0
2025-08-01,RN-BIO-ES01,E,especializada,770,12477.3,0.0,1933.98,2121.1
2025-09-01,RN-BIO-ES01,E,especializada,770,10141.5,0.0,1571.94,1724.1
2025-10-01,RN-BIO-ES01,E,especializada,770,9652.3,0.0,1496.11,1640.9
2025-11-01,RN-BIO-ES01,E,especializada,770,9079.0,0.0,1407.24,1543.4
2025-12-01,RN-BIO-ES01,E,especializada,770,8695.8,0.0,1347.85,1478.3
2024-01-01,RN-BIO-ES02,E,especializada,698,9817.8,0.0,1521.75,1669.0
2024-02-01,RN-BIO-ES02,E,especializada,698,8862.3,0.0,1373.66,1506.6
2024-03-01,RN-BIO-ES02,E,especializada,698,8613.5,0.0,1335.09,1464.3
2024-04-01,RN-BIO-ES02,E,especializada,698,8038.1,0.0,1245.91,1366.5
2024-05-01,RN-BIO-ES02,E,especializada,698,8334.1,0.0,1291.79,1416.8
2024-06-01,RN-BIO-ES02,E,especializada,698,9626.0,0.0,1492.03,1636.4
2024-07-01,RN-BIO-ES02,E,especializada,698,10574.4,0.0,1639.03,1797.6
2024-08-01,RN-BIO-ES02,E,especializada,698,11717.6,0.0,1816.23,1992.0
2024-09-01,RN-BIO-ES02,E,especializada,698,8470.0,0.0,1312.85,1439.9
2024-10-01,RN-BIO-ES02,E,especializada,698,9003.0,0.0,1395.46,1530.5
2024-11-01,RN-BIO-ES02,E,especializada,698,8677.1,0.0,1344.96,1475.1
2024-12-01,RN-BIO-ES02,E,especializada,698,8213.7,0.0,1273.13,1396.3
2025-01-01,RN-BIO-ES02,E,especializada,698,9766.3,0.0,1513.77,1660.3
2025-02-01,RN-BIO-ES02,E,especializada,698,10347.3,0.0,1603.83,1759.0
2025-03-01,RN-BIO-ES02,E,especializada,698,8964.6,0.0,1389.52,1524.0
2025-04-01,RN-BIO-ES02,E,especializada,698,8297.8,0.0,1286.16,1410.6
2025-05-01,RN-BIO-ES02,E,especializada,698,9111.9,0.0,1412.35,1549.0
2025-06-01,RN-BIO-ES02,E,especializada,698,10251.0,0.0,1588.91,1742.7
2025-07-01,RN-BIO-ES02,E,especializada,698,10975.4,0.0,1701.18,1865.8
2025-08-01,RN-BIO-ES02,E,especializada,698,,0.0,,
2025-09-01,RN-BIO-ES02,E,especializada,698,9576.1,0.0,1484.3,1627.9
2025-10-01,RN-BIO-ES02,E,especializada,698,8263.6,0.0,1280.86,1404.8
2025-11-01,RN-BIO-ES02,E,especializada,698,8598.0,0.0,1332.69,1461.7
2025-12-01,RN-BIO-ES02,E,especializada,698,7898.6,0.0,1224.28,1342.8
2024-01-01,RN-BIO-ES03,E,especializada,1058,14921.2,0.0,2312.78,2536.6
2024-02-01,RN-BIO-ES03,E,especializada,1058,13856.3,0.0,2147.73,2355.6
2024-03-01,RN-BIO-ES03,E,especializada,1058,13523.8,0.0,2096.18,2299.0
2024-04-01,RN-BIO-ES03,E,especializada,1058,12727.2,0.0,1972.71,2163.6
2024-05-01,RN-BIO-ES03,E,especializada,1058,13340.6,0.0,2067.79,2267.9
2024-06-01,RN-BIO-ES03,E,especializada,1058,14123.2,0.0,2189.09,2400.9
2024-07-01,RN-BIO-ES03,E,especializada,1058,16911.2,0.0,2621.24,2874.9
2024-08-01,RN-BIO-ES03,E,especializada,1058,17488.5,0.0,2710.73,2973.1
2024-09-01,RN-BIO-ES03,E,especializada,1058,14273.1,0.0,2212.33,2426.4
2024-10-01,RN-BIO-ES03,E,especializada,1058,14542.7,0.0,2254.12,2472.3
2024-11-01,RN-BIO-ES03,E,especializada,1058,13867.5,0.0,2149.47,2357.5
2024-12-01,RN-BIO-ES03,E,especializada,1058,11995.0,0.0,1859.22,2039.1
2025-01-01,RN-BIO-ES03,E,especializada,1058,14541.8,0.0,2253.98,2472.1
2025-02-01,RN-BIO-ES03,E,especializada,1058,13886.8,0.0,2152.45,2360.8
2025-03-01,RN-BIO-ES03,E,especializada,1058,13038.7,0.0,2021.0,2216.6
2025-04-01,RN-BIO-ES03,E,especializada,1058,,0.0,,
2025-05-01,RN-BIO-ES03,E,especializada,1058,13341.1,0.0,2067.87,2268.0
2025-06-01,RN-BIO-ES03,E,especializada,1058,14167.3,0.0,2195.93,2408.4
2025-07-01,RN-BIO-ES03,E,especializada,1058,16000.2,0.0,2480.03,2720.0
2025-08-01,RN-BIO-ES03,E,especializada,1058,16174.9,0.0,2507.11,2749.7
2025-09-01,RN-BIO-ES03,E,especializada,1058,14816.1,0.0,2296.49,2518.7
2025-10-01,RN-BIO-ES03,E,especializada,1058,13273.4,0.0,2057.38,2256.5
2025-11-01,RN-BIO-ES03,E,especializada,1058,13357.5,0.0,2070.41,2270.8
2025-12-01,RN-BIO-ES03,E,especializada,1058,10886.1,0.0,1687.35,1850.6
2024-01-01,RN-BIO-ES04,E,especializada,901,12970.1,0.0,2010.36,2204.9
2024-02-01,RN-BIO-ES04,E,especializada,901,11773.1,0.0,1824.82,2001.4
2024-03-01,RN-BIO-ES04,E,especializada,901,10845.3,0.0,1681.03,1843.7
2024-04-01,RN-BIO-ES04,E,especializada,901,9932.9,0.0,1539.59,1688.6
2024-05-01,RN-BIO-ES04,E,especializada,901,11465.4,0.0,1777.14,1949.1
2024-06-01,RN-BIO-ES04,E,especializada,901,11780.7,0.0,1826.0,2002.7
2024-07-01,RN-BIO-ES04,E,especializada,901,14454.3,0.0,2240.42,2457.2
2024-08-01,RN-BIO-ES04,E,especializada,901,14498.1,0.0,2247.2,2464.7
2024-09-01,RN-BIO-ES04,E,especializada,901,12255.3,0.0,1899.56,2083.4
2024-10-01,RN-BIO-ES04,E,especializada,901,11015.6,0.0,1707.41,1872.6
2024-11-01,RN-BIO-ES04,E,especializada,901,12120.9,0.0,1878.75,2060.6
2024-12-01,RN-BIO-ES04,E,especializada,901,10608.6,0.0,1644.33,1803.5
2025-01-01,RN-BIO-ES04,E,especializada,901,12192.9,0.0,1889.9,2072.8
2025-02-01,RN-BIO-ES04,E,especializada,901,11435.7,0.0,1772.53,1944.1
2025-03-01,RN-BIO-ES04,E,especializada,901,10947.5,0.0,1696.86,1861.1
2025-04-01,RN-BIO-ES04,E,especializada,901,11274.2,0.0,1747.5,1916.6
2025-05-01,RN-BIO-ES04,E,especializada,901,10762.5,0.0,1668.19,1829.6
2025-06-01,RN-BIO-ES04,E,especializada,901,12179.9,0.0,1887.89,2070.6
2025-07-01,RN-BIO-ES04,E,especializada,901,14015.0,0.0,2172.33,2382.6
2025-08-01,RN-BIO-ES04,E,especializada,901,13743.5,0.0,2130.25,2336.4
2025-09-01,RN-BIO-ES04,E,especializada,901,11965.8,0.0,1854.7,2034.2
2025-10-01,RN-BIO-ES04,E,especializada,901,11279.9,0.0,1748.39,1917.6
2025-11-01,RN-BIO-ES04,E,especializada,901,11405.3,0.0,1767.82,1938.9
2025-12-01,RN-BIO-ES04,E,especializada,901,10291.8,0.0,1595.23,1749.6
2024-01-01,RN-BIO-ES05,E,especializada,861,11891.6,0.0,1843.19,2021.6
2024-02-01,RN-BIO-ES05,E,especializada,861,11332.7,0.0,1756.57,1926.6
2024-03-01,RN-BIO-ES05,E,especializada,861,10741.8,0.0,1664.98,1826.1
2024-04-01,RN-BIO-ES05,E,especializada,861,9980.4,0.0,1546.96,1696.7
2024-05-01,RN-BIO-ES05,E,especializada,861,10428.5,0.0,1616.41,1772.8
2024-06-01,RN-BIO-ES05,E,especializada,861,12447.9,0.0,1929.43,2116.1
2024-07-01,RN-BIO-ES05,E,especializada,861,13886.1,0.0,2152.34,2360.6
2024-08-01,RN-BIO-ES05,E,especializada,861,14102.3,0.0,2185.86,2397.4
2024-09-01,RN-BIO-ES05,E,especializada,861,11118.4,0.0,1723.35,1890.1
2024-10-01,RN-BIO-ES05,E,especializada,861,10680.7,0.0,1655.51,1815.7
2024-11-01,RN-BIO-ES05,E,especializada,861,9951.5,0.0,1542.48,1691.8
2024-12-01,RN-BIO-ES05,E,especializada,861,10077.6,0.0,1562.03,1713.2
2025-01-01,RN-BIO-ES05,E,especializada,861,11719.0,0.0,1816.44,1992.2
2025-02-01,RN-BIO-ES05,E,especializada,861,10340.8,0.0,1602.82,1757.9
2025-03-01,RN-BIO-ES05,E,especializada,861,11087.0,0.0,1718.48,1884.8
2025-04-01,RN-BIO-ES05,E,especializada,861,11044.4,0.0,1711.88,1877.5
2025-05-01,RN-BIO-ES05,E,especializada,861,11075.1,0.0,1716.64,1882.8
2025-06-01,RN-BIO-ES05,E,especializada,861,12012.2,0.0,1861.88,2042.1
2025-07-01,RN-BIO-ES05,E,especializada,861,13475.4,0.0,2088.69,2290.8
2025-08-01,RN-BIO-ES05,E,especializada,861,14728.8,0.0,2282.97,2503.9
2025-09-01,RN-BIO-ES05,E,especializada,861,11003.1,0.0,1705.49,1870.5
2025-10-01,RN-BIO-ES05,E,especializada,861,10216.8,0.0,1583.6,1736.9
2025-11-01,RN-BIO-ES05,E,especializada,861,10879.3,0.0,1686.29,1849.5
2025-12-01,RN-BIO-ES05,E,especializada,861,9446.2,0.0,1464.17,1605.9
2024-01-01,RN-BIO-ES06,E,especializada,1027,13587.9,0.0,2106.12,2309.9
2024-02-01,RN-BIO-ES06,E,especializada,1027,13505.5,0.0,2093.35,2295.9
2024-03-01,RN-BIO-ES06,E,especializada,1027,12942.8,0.0,2006.13,2200.3
2024-04-01,RN-BIO-ES06,E,especializada,1027,12975.8,0.0,2011.24,2205.9
2024-05-01,RN-BIO-ES06,E,especializada,1027,13161.0,0.0,2039.95,2237.4
2024-06-01,RN-BIO-ES06,E,especializada,1027,14629.7,0.0,2267.6,2487.0
2024-07-01,RN-BIO-ES06,E,especializada,1027,16318.8,0.0,2529.41,2774.2
2024-08-01,RN-BIO-ES06,E,especializada,1027,15755.2,0.0,2442.05,2678.4
2024-09-01,RN-BIO-ES06,E,especializada,1027,13630.2,0.0,2112.68,2317.1
2024-10-01,RN-BIO-ES06,E,especializada,1027,13309.6,0.0,2062.99,2262.6
2024-11-01,RN-BIO-ES06,E,especializada,1027,12902.7,0.0,1999.92,2193.5
2024-12-01,RN-BIO-ES06,E,especializada,1027,11695.1,0.0,1812.74,1988.2
2025-01-01,RN-BIO-ES06,E,especializada,1027,14535.7,0.0,2253.04,2471.1
2025-02-01,RN-BIO-ES06,E,especializada,1027,13844.0,0.0,2145.82,2353.5
2025-03-01,RN-BIO-ES06,E,especializada,1027,,0.0,,
2025-04-01,RN-BIO-ES06,E,especializada,1027,11963.9,0.0,1854.41,2033.9
2025-05-01,RN-BIO-ES06,E,especializada,1027,12850.4,0.0,1991.82,2184.6
2025-06-01,RN-BIO-ES06,E,especializada,1027,14445.4,0.0,2239.04,2455.7
2025-07-01,RN-BIO-ES06,E,especializada,1027,14606.1,0.0,2263.95,2483.0
2025-08-01,RN-BIO-ES06,E,especializada,1027,15039.2,0.0,2331.08,2556.7
2025-09-01,RN-BIO-ES06,E,especializada,1027,13074.5,0.0,2026.55,2222.7
2025-10-01,RN-BIO-ES06,E,especializada,1027,13313.2,0.0,2063.55,2263.2
2025-11-01,RN-BIO-ES06,E,especializada,1027,13368.2,0.0,2072.07,2272.6
2025-12-01,RN-BIO-ES06,E,especializada,1027,11033.3,0.0,1710.16,1875.7
2024-01-01,RN-BIO-ES07,E,especializada,863,11975.1,0.0,1856.14,2035.8
2024-02-01,RN-BIO-ES07,E,especializada,863,10926.7,0.0,1693.63,1857.5
2024-03-01,RN-BIO-ES07,E,especializada,863,11592.1,0.0,1796.78,1970.7
2024-04-01,RN-BIO-ES07,E,especializada,863,10766.9,0.0,1668.88,1830.4
2024-05-01,RN-BIO-ES07,E,especializada,863,10862.0,0.0,1683.6,1846.5
2024-06-01,RN-BIO-ES07,E,especializada,863,11191.8,0.0,1734.74,1902.6
2024-07-01,RN-BIO-ES07,E,especializada,863,14248.4,0.0,2208.51,2422.2
2024-08-01,RN-BIO-ES07,E,especializada,863,13249.6,0.0,2053.69,2252.4
2024-09-01,RN-BIO-ES07,E,especializada,863,10980.2,0.0,1701.93,1866.6
2024-10-01,RN-BIO-ES07,E,especializada,863,,0.0,,
2024-11-01,RN-BIO-ES07,E,especializada,863,10098.3,0.0,1565.24,1716.7
2024-12-01,RN-BIO-ES07,E,especializada,863,10140.3,0.0,1571.74,1723.8
2025-01-01,RN-BIO-ES07,E,especializada,863,11883.2,0.0,1841.89,2020.1
2025-02-01,RN-BIO-ES07,E,especializada,863,11899.7,0.0,1844.45,2022.9
2025-03-01,RN-BIO-ES07,E,especializada,863,10833.4,0.0,1679.17,1841.7
2025-04-01,RN-BIO-ES07,E,especializada,863,10762.3,0.0,1668.16,1829.6
2025-05-01,RN-BIO-ES07,E,especializada,863,11042.0,0.0,1711.51,1877.1
2025-06-01,RN-BIO-ES07,E,especializada,863,12296.4,0.0,1905.94,2090.4
2025-07-01,RN-BIO-ES07,E,especializada,863,14157.4,0.0,2194.4,2406.8
2025-08-01,RN-BIO-ES07,E,especializada,863,12841.3,0.0,1990.4,2183.0
2025-09-01,RN-BIO-ES07,E,especializada,863,11985.0,0.0,1857.68,2037.5
2025-10-01,RN-BIO-ES07,E,especializada,863,11048.2,0.0,1712.48,1878.2
2025-11-01,RN-BIO-ES07,E,especializada,863,11397.6,0.0,1766.63,1937.6
2025-12-01,RN-BIO-ES07,E,especializada,863,10372.2,0.0,1607.69,1763.3
2024-01-01,RN-BIO-CV01,E,conveniencia,435,10473.9,0.0,1623.46,1780.6
2024-02-01,RN-BIO-CV01,E,conveniencia,435,9925.6,0.0,1538.48,1687.4
2024-03-01,RN-BIO-CV01,E,conveniencia,435,9671.0,0.0,1499.0,1644.1
2024-04-01,RN-BIO-CV01,E,conveniencia,435,9746.2,0.0,1510.66,1656.9
2024-05-01,RN-BIO-CV01,E,conveniencia,435,9002.3,0.0,1395.36,1530.4
2024-06-01,RN-BIO-CV01,E,conveniencia,435,10664.5,0.0,1653.0,1813.0
2024-07-01,RN-BIO-CV01,E,conveniencia,435,12262.2,0.0,1900.63,2084.6
2024-08-01,RN-BIO-CV01,E,conveniencia,435,13816.8,0.0,2141.61,2348.9
2024-09-01,RN-BIO-CV01,E,conveniencia,435,10673.2,0.0,1654.35,1814.4
2024-10-01,RN-BIO-CV01,E,conveniencia,435,9390.5,0.0,1455.53,1596.4
2024-11-01,RN-BIO-CV01,E,conveniencia,435,9510.7,0.0,1474.16,1616.8
2024-12-01,RN-BIO-CV01,E,conveniencia,435,8557.0,0.0,1326.34,1454.7
2025-01-01,RN-BIO-CV01,E,conveniencia,435,11004.0,0.0,1705.63,1870.7
2025-02-01,RN-BIO-CV01,E,conveniencia,435,9839.3,0.0,1525.09,1672.7
2025-03-01,RN-BIO-CV01,E,conveniencia,435,9615.3,0.0,1490.37,1634.6
2025-04-01,RN-BIO-CV01,E,conveniencia,435,9714.5,0.0,1505.75,1651.5
2025-05-01,RN-BIO-CV01,E,conveniencia,435,9799.1,0.0,1518.86,1665.8
2025-06-01,RN-BIO-CV01,E,conveniencia,435,10873.4,0.0,1685.38,1848.5
2025-07-01,RN-BIO-CV01,E,conveniencia,435,11941.4,0.0,1850.92,2030.0
2025-08-01,RN-BIO-CV01,E,conveniencia,435,12246.5,0.0,1898.2,2081.9
2025-09-01,RN-BIO-CV01,E,conveniencia,435,10519.2,0.0,1630.48,1788.3
2025-10-01,RN-BIO-CV01,E,conveniencia,435,9346.0,0.0,1448.64,1588.8
2025-11-01,RN-BIO-CV01,E,conveniencia,435,10017.3,0.0,1552.68,1702.9
2025-12-01,RN-BIO-CV01,E,conveniencia,435,8850.8,0.0,1371.88,1504.6
2024-01-01,RN-BIO-CV02,E,conveniencia,419,10952.0,0.0,1697.57,1861.8
2024-02-01,RN-BIO-CV02,E,conveniencia,419,9223.2,0.0,1429.59,1567.9
2024-03-01,RN-BIO-CV02,E,conveniencia,419,9027.7,0.0,1399.29,1534.7
2024-04-01,RN-BIO-CV02,E,conveniencia,419,8912.0,0.0,1381.36,1515.0
2024-05-01,RN-BIO-CV02,E,conveniencia,419,8922.7,0.0,1383.01,1516.9
2024-06-01,RN-BIO-CV02,E,conveniencia,419,10804.7,0.0,1674.73,1836.8
2024-07-01,RN-BIO-CV02,E,conveniencia,419,11792.9,0.0,1827.89,2004.8
2024-08-01,RN-BIO-CV02,E,conveniencia,419,11979.8,0.0,1856.87,2036.6
2024-09-01,RN-BIO-CV02,E,conveniencia,419,10705.3,0.0,1659.32,1819.9
2024-10-01,RN-BIO-CV02,E,conveniencia,419,8886.4,0.0,1377.39,1510.7
2024-11-01,RN-BIO-CV02,E,conveniencia,419,9371.0,0.0,1452.5,1593.1
2024-12-01,RN-BIO-CV02,E,conveniencia,419,7175.7,0.0,1112.23,1219.9
2025-01-01,RN-BIO-CV02,E,conveniencia,419,10022.2,0.0,1553.44,1703.8
2025-02-01,RN-BIO-CV02,E,conveniencia,419,10181.3,0.0,1578.1,1730.8
2025-03-01,RN-BIO-CV02,E,conveniencia,419,8383.8,0.0,1299.49,1425.2
2025-04-01,RN-BIO-CV02,E,conveniencia,419,8939.9,0.0,1385.69,1519.8
2025-05-01,RN-BIO-CV02,E,conveniencia,419,9303.5,0.0,1442.04,1581.6
2025-06-01,RN-BIO-CV02,E,conveniencia,419,10598.4,0.0,1642.75,1801.7
2025-07-01,RN-BIO-CV02,E,conveniencia,419,10965.6,0.0,1699.67,1864.2
2025-08-01,RN-BIO-CV02,E,conveniencia,419,11690.4,0.0,1812.01,1987.4
2025-09-01,RN-BIO-CV02,E,conveniencia,419,10243.0,0.0,1587.67,1741.3
2025-10-01,RN-BIO-CV02,E,conveniencia,419,8873.5,0.0,1375.39,1508.5
2025-11-01,RN-BIO-CV02,E,conveniencia,419,9002.9,0.0,1395.44,1530.5
2025-12-01,RN-BIO-CV02,E,conveniencia,419,7886.4,0.0,1222.39,1340.7
2024-01-01,RN-BIO-CV03,E,conveniencia,397,9895.2,0.0,1533.76,1682.2
2024-02-01,RN-BIO-CV03,E,conveniencia,397,,0.0,,
2024-03-01,RN-BIO-CV03,E,conveniencia,397,8959.9,0.0,1388.79,1523.2
2024-04-01,RN-BIO-CV03,E,conveniencia,397,7812.8,0.0,1210.98,1328.2
2024-05-01,RN-BIO-CV03,E,conveniencia,397,9412.8,0.0,1458.99,1600.2
2024-06-01,RN-BIO-CV03,E,conveniencia,397,10483.2,0.0,1624.9,1782.2
2024-07-01,RN-BIO-CV03,E,conveniencia,397,11609.5,0.0,1799.47,1973.6
2024-08-01,RN-BIO-CV03,E,conveniencia,397,10593.8,0.0,1642.04,1800.9
2024-09-01,RN-BIO-CV03,E,conveniencia,397,9301.8,0.0,1441.78,1581.3
2024-10-01,RN-BIO-CV03,E,conveniencia,397,9429.1,0.0,1461.51,1602.9
2024-11-01,RN-BIO-CV03,E,conveniencia,397,8429.2,0.0,1306.53,1433.0
2024-12-01,RN-BIO-CV03,E,conveniencia,397,8100.9,0.0,1255.64,1377.2
2025-01-01,RN-BIO-CV03,E,conveniencia,397,10582.5,0.0,1640.29,1799.0
2025-02-01,RN-BIO-CV03,E,conveniencia,397,9126.3,0.0,1414.58,1551.5
2025-03-01,RN-BIO-CV03,E,conveniencia,397,8799.2,0.0,1363.88,1495.9
2025-04-01,RN-BIO-CV03,E,conveniencia,397,7494.6,0.0,1161.66,1274.1
2025-05-01,RN-BIO-CV03,E,conveniencia,397,9082.8,0.0,1407.83,1544.1
2025-06-01,RN-BIO-CV03,E,conveniencia,397,9543.7,0.0,1479.28,1622.4
2025-07-01,RN-BIO-CV03,E,conveniencia,397,11908.4,0.0,1845.81,2024.4
2025-08-01,RN-BIO-CV03,E,conveniencia,397,10488.2,0.0,1625.68,1783.0
2025-09-01,RN-BIO-CV03,E,conveniencia,397,9762.1,0.0,1513.12,1659.6
2025-10-01,RN-BIO-CV03,E,conveniencia,397,8359.6,0.0,1295.73,1421.1
2025-11-01,RN-BIO-CV03,E,conveniencia,397,8252.7,0.0,1279.16,1403.0
2025-12-01,RN-BIO-CV03,E,conveniencia,397,6761.9,0.0,1048.1,1149.5
2024-01-01,RN-BIO-CV04,E,conveniencia,454,9966.3,0.0,1544.78,1694.3
2024-02-01,RN-BIO-CV04,E,conveniencia,454,11029.3,0.0,1709.54,1875.0
2024-03-01,RN-BIO-CV04,E,conveniencia,454,9831.6,0.0,1523.9,1671.4
2024-04-01,RN-BIO-CV04,E,conveniencia,454,8971.9,0.0,1390.64,1525.2
2024-05-01,RN-BIO-CV04,E,conveniencia,454,9850.6,0.0,1526.84,1674.6
2024-06-01,RN-BIO-CV04,E,conveniencia,454,11149.0,0.0,1728.1,1895.3
2024-07-01,RN-BIO-CV04,E,conveniencia,454,12014.1,0.0,1862.19,2042.4
2024-08-01,RN-BIO-CV04,E,conveniencia,454,12912.4,0.0,2001.42,2195.1
2024-09-01,RN-BIO-CV04,E,conveniencia,454,11382.6,0.0,1764.3,1935.0
2024-10-01,RN-BIO-CV04,E,conveniencia,454,9529.5,0.0,1477.08,1620.0
2024-11-01,RN-BIO-CV04,E,conveniencia,454,9854.2,0.0,1527.39,1675.2
2024-12-01,RN-BIO-CV04,E,conveniencia,454,8794.5,0.0,1363.16,1495.1
2025-01-01,RN-BIO-CV04,E,conveniencia,454,10984.7,0.0,1702.63,1867.4
2025-02-01,RN-BIO-CV04,E,conveniencia,454,10786.0,0.0,1671.83,1833.6
2025-03-01,RN-BIO-CV04,E,conveniencia,454,9666.9,0.0,1498.37,1643.4
2025-04-01,RN-BIO-CV04,E,conveniencia,454,9079.1,0.0,1407.26,1543.5
2025-05-01,RN-BIO-CV04,E,conveniencia,454,9773.3,0.0,1514.86,1661.5
2025-06-01,RN-BIO-CV04,E,conveniencia,454,10780.6,0.0,1671.0,1832.7
2025-07-01,RN-BIO-CV04,E,conveniencia,454,12331.7,0.0,1911.42,2096.4
2025-08-01,RN-BIO-CV04,E,conveniencia,454,13229.3,0.0,2050.55,2249.0
2025-09-01,RN-BIO-CV04,E,conveniencia,454,10925.9,0.0,1693.51,1857.4
2025-10-01,RN-BIO-CV04,E,conveniencia,454,9760.0,0.0,1512.8,1659.2
2025-11-01,RN-BIO-CV04,E,conveniencia,454,9507.3,0.0,1473.64,1616.2
2025-12-01,RN-BIO-CV04,E,conveniencia,454,9018.2,0.0,1397.82,1533.1
2024-01-01,CL-MAD-01,A,centro_logistico,8000,165871.5,14330.0,26598.54,30806.2
2024-02-01,CL-MAD-01,A,centro_logistico,8000,160835.4,13878.8,25789.97,29868.0
2024-03-01,CL-MAD-01,A,centro_logistico,8000,143460.5,9551.7,22828.58,26126.7
2024-04-01,CL-MAD-01,A,centro_logistico,8000,143216.2,7840.6,22684.62,25773.7
2024-05-01,CL-MAD-01,A,centro_logistico,8000,140204.8,4625.4,22018.51,24676.6
2024-06-01,CL-MAD-01,A,centro_logistico,8000,164392.1,2067.6,25608.97,28323.0
2024-07-01,CL-MAD-01,A,centro_logistico,8000,165083.9,1709.1,25693.97,28375.3
2024-08-01,CL-MAD-01,A,centro_logistico,8000,195557.9,1769.2,30421.17,33566.8
2024-09-01,CL-MAD-01,A,centro_logistico,8000,148455.8,2828.6,23186.03,25752.3
2024-10-01,CL-MAD-01,A,centro_logistico,8000,141604.1,6135.9,22329.06,25189.4
2024-11-01,CL-MAD-01,A,centro_logistico,8000,143453.4,10203.2,22867.88,26244.1
2024-12-01,CL-MAD-01,A,centro_logistico,8000,134503.2,9921.4,21463.12,24671.2
2025-01-01,CL-MAD-01,A,centro_logistico,8000,160384.6,16647.3,25891.75,30295.2
2025-02-01,CL-MAD-01,A,centro_logistico,8000,157118.8,12259.5,25113.5,28941.4
2025-03-01,CL-MAD-01,A,centro_logistico,8000,138779.5,11917.7,22249.72,25761.5
2025-04-01,CL-MAD-01,A,centro_logistico,8000,134788.9,8221.9,21402.04,24410.5
2025-05-01,CL-MAD-01,A,centro_logistico,8000,144374.5,4535.5,22659.25,25369.1
2025-06-01,CL-MAD-01,A,centro_logistico,8000,159076.3,2517.1,24812.89,27501.1
2025-07-01,CL-MAD-01,A,centro_logistico,8000,183967.4,1733.0,28622.39,31589.9
2025-08-01,CL-MAD-01,A,centro_logistico,8000,184979.1,1818.8,28784.53,31777.5
2025-09-01,CL-MAD-01,A,centro_logistico,8000,151653.2,3123.2,23699.88,26349.5
2025-10-01,CL-MAD-01,A,centro_logistico,8000,142134.7,8188.6,22538.57,25653.2
2025-11-01,CL-MAD-01,A,centro_logistico,8000,137288.8,9099.3,21843.93,24995.2
2025-12-01,CL-MAD-01,A,centro_logistico,8000,129200.7,8912.4,20578.68,23586.2
2024-01-01,CL-MAD-02,A,centro_logistico,8000,162726.8,14691.8,26133.55,30337.5
2024-02-01,CL-MAD-02,A,centro_logistico,8000,153083.3,14473.2,24625.25,28658.3
2024-03-01,CL-MAD-02,A,centro_logistico,8000,140505.7,10423.9,22424.67,25783.1
2024-04-01,CL-MAD-02,A,centro_logistico,8000,148714.4,7380.8,23508.34,26624.8
2024-05-01,CL-MAD-02,A,centro_logistico,8000,135326.4,4391.5,21247.86,23804.7
2024-06-01,CL-MAD-02,A,centro_logistico,8000,175089.0,2323.2,27282.83,30187.9
2024-07-01,CL-MAD-02,A,centro_logistico,8000,173421.1,1718.7,26986.82,29794.4
2024-08-01,CL-MAD-02,A,centro_logistico,8000,189744.4,1699.7,29515.77,32565.9
2024-09-01,CL-MAD-02,A,centro_logistico,8000,161736.6,3264.1,25271.55,28089.3
2024-10-01,CL-MAD-02,A,centro_logistico,8000,144717.3,6801.7,22852.89,25839.9
2024-11-01,CL-MAD-02,A,centro_logistico,8000,148007.9,12471.1,23714.44,27431.1
2024-12-01,CL-MAD-02,A,centro_logistico,8000,127266.1,9116.1,20291.45,23294.4
2025-01-01,CL-MAD-02,A,centro_logistico,8000,162538.1,13339.8,26020.48,30059.3
2025-02-01,CL-MAD-02,A,centro_logistico,8000,150248.5,14531.1,24189.45,28186.9
2025-03-01,CL-MAD-02,A,centro_logistico,8000,135542.1,10947.0,21687.74,25034.5
2025-04-01,CL-MAD-02,A,centro_logistico,8000,125457.6,7451.6,19907.92,22684.0
2025-05-01,CL-MAD-02,A,centro_logistico,8000,141507.8,4705.7,22225.47,24912.8
2025-06-01,CL-MAD-02,A,centro_logistico,8000,153699.1,2554.7,23981.75,26593.8
2025-07-01,CL-MAD-02,A,centro_logistico,8000,186650.6,1677.3,29034.84,32035.9
2025-08-01,CL-MAD-02,A,centro_logistico,8000,191596.4,1801.5,29809.14,32899.3
2025-09-01,CL-MAD-02,A,centro_logistico,8000,154598.8,3278.3,24166.08,26878.5
2025-10-01,CL-MAD-02,A,centro_logistico,8000,143278.3,6506.6,22611.54,25541.5
2025-11-01,CL-MAD-02,A,centro_logistico,8000,138342.8,11232.2,22139.53,25562.5
2025-12-01,CL-MAD-02,A,centro_logistico,8000,131063.1,10887.9,20989.83,24262.3
2024-01-01,CL-MAD-03,A,centro_logistico,8000,162161.4,14769.3,26050.72,30255.5
2024-02-01,CL-MAD-03,A,centro_logistico,8000,134515.9,13530.5,21688.85,25330.2
2024-03-01,CL-MAD-03,A,centro_logistico,8000,152402.8,11228.8,24318.62,27952.1
2024-04-01,CL-MAD-03,A,centro_logistico,8000,138712.2,7420.2,21960.44,24931.5
2024-05-01,CL-MAD-03,A,centro_logistico,8000,146839.8,4036.8,23010.45,25697.5
2024-06-01,CL-MAD-03,A,centro_logistico,8000,145708.4,2397.3,22733.44,25206.7
2024-07-01,CL-MAD-03,A,centro_logistico,8000,186965.4,1838.5,29093.63,32118.7
2024-08-01,CL-MAD-03,A,centro_logistico,8000,184992.7,1828.1,28787.22,31781.5
2024-09-01,CL-MAD-03,A,centro_logistico,8000,160998.5,3253.1,25156.47,27961.8
2024-10-01,CL-MAD-03,A,centro_logistico,8000,136209.7,6971.5,21544.73,24424.5
2024-11-01,CL-MAD-03,A,centro_logistico,8000,124107.4,12809.6,20030.84,23429.6
2024-12-01,CL-MAD-03,A,centro_logistico,8000,133466.4,10973.5,21367.64,24686.5
2025-01-01,CL-MAD-03,A,centro_logistico,8000,155599.8,15280.5,25065.37,29233.0
2025-02-01,CL-MAD-03,A,centro_logistico,8000,150077.8,13694.5,24111.11,28005.6
2025-03-01,CL-MAD-03,A,centro_logistico,8000,129336.9,10397.9,20691.88,23879.7
2025-04-01,CL-MAD-03,A,centro_logistico,8000,137211.5,7150.4,21711.11,24627.3
2025-05-01,CL-MAD-03,A,centro_logistico,8000,140143.9,4039.0,21972.72,24559.6
2025-06-01,CL-MAD-03,A,centro_logistico,8000,162172.6,2042.6,25263.39,27941.1
2025-07-01,CL-MAD-03,A,centro_logistico,8000,186716.3,1622.4,29041.62,32037.0
2025-08-01,CL-MAD-03,A,centro_logistico,8000,183619.7,1705.5,28566.79,31525.7
2025-09-01,CL-MAD-03,A,centro_logistico,8000,163964.4,2974.8,25598.92,28415.4
2025-10-01,CL-MAD-03,A,centro_logistico,8000,143002.0,6042.8,22539.97,25410.1
2025-11-01,CL-MAD-03,A,centro_logistico,8000,153513.1,9823.2,24403.57,27885.0
2025-12-01,CL-MAD-03,A,centro_logistico,8000,125047.8,10903.3,20058.41,23242.5
2024-01-01,CL-BCN-01,B,centro_logistico,9000,185096.6,16076.3,29686.7,34392.3
2024-02-01,CL-BCN-01,B,centro_logistico,9000,174417.6,15680.9,28006.95,32504.9
2024-03-01,CL-BCN-01,B,centro_logistico,9000,164222.2,13067.8,26264.65,30296.1
2024-04-01,CL-BCN-01,B,centro_logistico,9000,154106.4,8331.7,24403.06,27714.5
2024-05-01,CL-BCN-01,B,centro_logistico,9000,152649.8,4968.0,23968.73,26854.6
2024-06-01,CL-BCN-01,B,centro_logistico,9000,174834.7,2728.0,27268.51,30218.4
2024-07-01,CL-BCN-01,B,centro_logistico,9000,199737.3,1714.4,31065.58,34267.4
2024-08-01,CL-BCN-01,B,centro_logistico,9000,196770.4,1997.8,30623.27,33814.6
2024-09-01,CL-BCN-01,B,centro_logistico,9000,178560.6,3630.6,27901.99,31016.1
2024-10-01,CL-BCN-01,B,centro_logistico,9000,162519.8,6198.4,25574.87,28756.5
2024-11-01,CL-BCN-01,B,centro_logistico,9000,149483.1,12789.3,23962.82,27739.8
2024-12-01,CL-BCN-01,B,centro_logistico,9000,152059.3,13694.2,24418.24,28342.4
2025-01-01,CL-BCN-01,B,centro_logistico,9000,168571.5,16541.4,27154.15,31667.7
2025-02-01,CL-BCN-01,B,centro_logistico,9000,168949.4,14281.7,27072.62,31320.7
2025-03-01,CL-BCN-01,B,centro_logistico,9000,148433.6,12031.8,23753.17,27423.5
2025-04-01,CL-BCN-01,B,centro_logistico,9000,163700.0,8797.6,25918.95,29430.2
2025-05-01,CL-BCN-01,B,centro_logistico,9000,170538.9,5189.7,26755.29,29936.1
2025-06-01,CL-BCN-01,B,centro_logistico,9000,191375.5,2731.9,29832.58,33031.0
2025-07-01,CL-BCN-01,B,centro_logistico,9000,197683.0,1777.4,30751.06,33929.6
2025-08-01,CL-BCN-01,B,centro_logistico,9000,211186.0,2104.0,32864.28,36284.5
2025-09-01,CL-BCN-01,B,centro_logistico,9000,177432.1,3894.7,27743.44,30872.3
2025-10-01,CL-BCN-01,B,centro_logistico,9000,162149.9,7414.6,25592.94,28914.9
2025-11-01,CL-BCN-01,B,centro_logistico,9000,160467.4,11899.0,25610.19,29445.1
2025-12-01,CL-BCN-01,B,centro_logistico,9000,134948.4,9834.8,21526.76,24731.2
2024-01-01,CL-BCN-02,B,centro_logistico,9000,172208.9,16465.4,27713.24,32272.2
2024-02-01,CL-BCN-02,B,centro_logistico,9000,169553.2,13492.3,27117.27,31279.6
2024-03-01,CL-BCN-02,B,centro_logistico,9000,158164.1,12126.9,25267.3,29095.0
2024-04-01,CL-BCN-02,B,centro_logistico,9000,162578.3,8877.5,25750.04,29254.0
2024-05-01,CL-BCN-02,B,centro_logistico,9000,160610.8,4932.4,25200.48,28201.5
2024-06-01,CL-BCN-02,B,centro_logistico,9000,180917.7,2937.6,28224.38,31290.7
2024-07-01,CL-BCN-02,B,centro_logistico,9000,198327.3,1882.3,30857.43,34058.2
2024-08-01,CL-BCN-02,B,centro_logistico,9000,218827.4,1789.4,34029.18,37526.3
2024-09-01,CL-BCN-02,B,centro_logistico,9000,186250.0,3100.5,29060.98,32226.8
2024-10-01,CL-BCN-02,B,centro_logistico,9000,160577.0,7958.8,25382.88,28746.6
2024-11-01,CL-BCN-02,B,centro_logistico,9000,163696.0,11226.6,26068.92,29871.6
2024-12-01,CL-BCN-02,B,centro_logistico,9000,155675.3,11770.5,24859.44,28607.0
2025-01-01,CL-BCN-02,B,centro_logistico,9000,163449.9,15453.6,26292.85,30599.0
2025-02-01,CL-BCN-02,B,centro_logistico,9000,170547.6,15281.3,27382.31,31774.3
2025-03-01,CL-BCN-02,B,centro_logistico,9000,161130.0,13349.0,25802.78,29821.6
2025-04-01,CL-BCN-02,B,centro_logistico,9000,158395.8,8638.8,25086.96,28499.6
2025-05-01,CL-BCN-02,B,centro_logistico,9000,166645.6,4917.8,26134.97,29224.8
2025-06-01,CL-BCN-02,B,centro_logistico,9000,176759.8,2872.7,27575.88,30572.0
2025-07-01,CL-BCN-02,B,centro_logistico,9000,191881.6,2080.4,29870.63,32998.5
2025-08-01,CL-BCN-02,B,centro_logistico,9000,202422.4,1693.8,31480.49,34720.1
2025-09-01,CL-BCN-02,B,centro_logistico,9000,190566.4,3587.3,29760.2,33049.2
2025-10-01,CL-BCN-02,B,centro_logistico,9000,160452.4,7534.4,25337.26,28648.2
2025-11-01,CL-BCN-02,B,centro_logistico,9000,167420.8,10874.1,26624.42,30440.6
2025-12-01,CL-BCN-02,B,centro_logistico,9000,153795.2,12542.9,24615.91,28428.0
2024-01-01,CL-VLC-01,C,centro_logistico,7000,206638.0,14141.3,32905.65,37702.2
2024-02-01,CL-VLC-01,C,centro_logistico,7000,236705.7,10829.7,37360.82,42211.0
2024-03-01,CL-VLC-01,C,centro_logistico,7000,199339.8,8488.3,31423.94,35432.6
2024-04-01,CL-VLC-01,C,centro_logistico,7000,224100.1,7602.0,35206.84,39480.6
2024-05-01,CL-VLC-01,C,centro_logistico,7000,238251.2,4481.6,37206.8,41318.4
2024-06-01,CL-VLC-01,C,centro_logistico,7000,238851.5,2084.7,37151.24,40984.2
2024-07-01,CL-VLC-01,C,centro_logistico,7000,262466.2,1582.3,40780.36,44907.2
2024-08-01,CL-VLC-01,C,centro_logistico,7000,271860.2,1530.1,42233.2,46494.7
2024-09-01,CL-VLC-01,C,centro_logistico,7000,251521.3,2823.7,39160.87,43272.5
2024-10-01,CL-VLC-01,C,centro_logistico,7000,231492.9,6223.1,36267.24,40486.4
2024-11-01,CL-VLC-01,C,centro_logistico,7000,207923.4,9752.2,32832.76,37121.9
2024-12-01,CL-VLC-01,C,centro_logistico,7000,199686.5,8552.1,31481.64,35503.2
2025-01-01,CL-VLC-01,C,centro_logistico,7000,230040.0,11967.0,36398.15,41284.8
2025-02-01,CL-VLC-01,C,centro_logistico,7000,232397.0,12695.8,36808.67,41818.1
2025-03-01,CL-VLC-01,C,centro_logistico,7000,222694.0,8847.3,35066.1,39468.2
2025-04-01,CL-VLC-01,C,centro_logistico,7000,183609.4,7356.3,28915.54,32552.4
2025-05-01,CL-VLC-01,C,centro_logistico,7000,210084.6,4151.2,32820.48,36469.9
2025-06-01,CL-VLC-01,C,centro_logistico,7000,263346.2,1897.0,40936.27,45114.1
2025-07-01,CL-VLC-01,C,centro_logistico,7000,268275.1,1435.1,41671.62,45868.0
2025-08-01,CL-VLC-01,C,centro_logistico,7000,275859.8,1552.6,42854.52,47178.7
2025-09-01,CL-VLC-01,C,centro_logistico,7000,236981.0,2979.8,36916.8,40829.1
2025-10-01,CL-VLC-01,C,centro_logistico,7000,215728.8,5856.8,33801.08,37739.8
2025-11-01,CL-VLC-01,C,centro_logistico,7000,190365.1,8804.4,30052.47,33964.5
2025-12-01,CL-VLC-01,C,centro_logistico,7000,189561.2,8782.4,29926.49,33823.8
2024-01-01,CL-VLC-02,C,centro_logistico,7000,233615.7,14753.1,37125.13,42399.7
2024-02-01,CL-VLC-02,C,centro_logistico,7000,229038.3,12800.8,36294.58,41266.2
2024-03-01,CL-VLC-02,C,centro_logistico,7000,219958.4,9433.2,34678.41,39109.8
2024-04-01,CL-VLC-02,C,centro_logistico,7000,200927.0,7337.1,31598.59,35492.9
2024-05-01,CL-VLC-02,C,centro_logistico,7000,219710.6,3660.9,34282.12,38017.1
2024-06-01,CL-VLC-02,C,centro_logistico,7000,239990.1,2291.0,37340.51,41215.3
2024-07-01,CL-VLC-02,C,centro_logistico,7000,274188.8,1554.9,42595.66,46895.1
2024-08-01,CL-VLC-02,C,centro_logistico,7000,,1708.9,,
2024-09-01,CL-VLC-02,C,centro_logistico,7000,236690.3,2869.4,36864.89,40759.6
2024-10-01,CL-VLC-02,C,centro_logistico,7000,,6444.1,,
2024-11-01,CL-VLC-02,C,centro_logistico,7000,223573.9,9336.8,35232.84,39706.9
2024-12-01,CL-VLC-02,C,centro_logistico,7000,199047.1,10263.5,31488.63,35706.0
2025-01-01,CL-VLC-02,C,centro_logistico,7000,234279.0,13293.2,37137.43,42246.8
2025-02-01,CL-VLC-02,C,centro_logistico,7000,227926.0,10246.8,35963.83,40612.3
2025-03-01,CL-VLC-02,C,centro_logistico,7000,186403.4,9042.0,29453.14,33334.2
2025-04-01,CL-VLC-02,C,centro_logistico,7000,207554.3,6430.0,32569.58,36454.5
2025-05-01,CL-VLC-02,C,centro_logistico,7000,,4213.8,,
2025-06-01,CL-VLC-02,C,centro_logistico,7000,260536.1,2067.0,40511.25,44667.3
2025-07-01,CL-VLC-02,C,centro_logistico,7000,281650.6,1854.5,43770.83,48218.1
2025-08-01,CL-VLC-02,C,centro_logistico,7000,269099.5,1474.6,41801.85,46015.3
2025-09-01,CL-VLC-02,C,centro_logistico,7000,225428.8,2675.2,35107.32,38809.8
2025-10-01,CL-VLC-02,C,centro_logistico,7000,222789.2,5616.3,34880.54,38896.3
2025-11-01,CL-VLC-02,C,centro_logistico,7000,227942.0,9739.7,35934.87,40522.8
2025-12-01,CL-VLC-02,C,centro_logistico,7000,220078.5,7928.2,34603.72,38856.3
2024-01-01,CL-SEV-01,D,centro_logistico,6500,132378.6,13124.8,21332.42,24893.1
2024-02-01,CL-SEV-01,D,centro_logistico,6500,119763.0,12132.0,19315.45,22567.7
2024-03-01,CL-SEV-01,D,centro_logistico,6500,117406.0,8561.0,18728.71,21517.1
2024-04-01,CL-SEV-01,D,centro_logistico,6500,109100.3,6184.0,17293.95,19672.5
2024-05-01,CL-SEV-01,D,centro_logistico,6500,120927.0,3358.2,18951.9,21168.8
2024-06-01,CL-SEV-01,D,centro_logistico,6500,127159.1,1720.7,19816.34,21930.2
2024-07-01,CL-SEV-01,D,centro_logistico,6500,154933.0,1427.6,24103.13,26598.4
2024-08-01,CL-SEV-01,D,centro_logistico,6500,152532.6,1232.5,23718.97,26154.9
2024-09-01,CL-SEV-01,D,centro_logistico,6500,123456.5,2713.6,19304.0,21481.5
2024-10-01,CL-SEV-01,D,centro_logistico,6500,122678.2,5217.5,19338.6,21804.9
2024-11-01,CL-SEV-01,D,centro_logistico,6500,113191.8,9063.7,18106.67,20892.2
2024-12-01,CL-SEV-01,D,centro_logistico,6500,102643.0,7750.5,16390.19,18859.9
2025-01-01,CL-SEV-01,D,centro_logistico,6500,130495.9,12204.4,20983.55,24405.5
2025-02-01,CL-SEV-01,D,centro_logistico,6500,127695.3,10984.2,20473.78,23707.3
2025-03-01,CL-SEV-01,D,centro_logistico,6500,126586.6,8960.7,20176.48,23150.6
2025-04-01,CL-SEV-01,D,centro_logistico,6500,110503.2,6074.3,17504.6,19891.1
2025-05-01,CL-SEV-01,D,centro_logistico,6500,109531.6,3456.6,17191.71,19249.5
2025-06-01,CL-SEV-01,D,centro_logistico,6500,124698.8,2092.7,19458.07,21579.7
2025-07-01,CL-SEV-01,D,centro_logistico,6500,151141.6,1355.5,23511.0,25940.8
2025-08-01,CL-SEV-01,D,centro_logistico,6500,149180.3,1457.7,23213.32,25626.0
2025-09-01,CL-SEV-01,D,centro_logistico,6500,128940.7,2680.3,20151.99,22407.7
2025-10-01,CL-SEV-01,D,centro_logistico,6500,120907.3,5267.0,19067.19,21512.8
2025-11-01,CL-SEV-01,D,centro_logistico,6500,116577.7,7511.4,18535.25,21185.3
2025-12-01,CL-SEV-01,D,centro_logistico,6500,100903.2,8380.1,16159.56,18678.7
2024-01-01,CL-BIO-01,E,centro_logistico,5500,89931.0,10599.1,14596.45,17217.3
2024-02-01,CL-BIO-01,E,centro_logistico,5500,86764.3,9377.8,14029.89,16456.7
2024-03-01,CL-BIO-01,E,centro_logistico,5500,85160.3,6815.3,13622.4,15717.6
2024-04-01,CL-BIO-01,E,centro_logistico,5500,80709.9,5383.6,12843.82,14700.5
2024-05-01,CL-BIO-01,E,centro_logistico,5500,84015.1,2569.2,13181.63,14750.2
2024-06-01,CL-BIO-01,E,centro_logistico,5500,99493.3,1723.6,15528.32,17227.5
2024-07-01,CL-BIO-01,E,centro_logistico,5500,110676.3,1216.4,17230.24,19036.4
2024-08-01,CL-BIO-01,E,centro_logistico,5500,107241.5,1279.6,16701.77,18463.9
2024-09-01,CL-BIO-01,E,centro_logistico,5500,96690.9,2255.4,15126.92,16847.9
2024-10-01,CL-BIO-01,E,centro_logistico,5500,93139.3,4770.1,14732.34,16701.8
2024-11-01,CL-BIO-01,E,centro_logistico,5500,81656.7,7745.3,13137.0,15291.3
2024-12-01,CL-BIO-01,E,centro_logistico,5500,71247.5,7196.1,11489.52,13421.8
2025-01-01,CL-BIO-01,E,centro_logistico,5500,91733.1,10429.9,14865.29,17492.9
2025-02-01,CL-BIO-01,E,centro_logistico,5500,95014.7,9351.1,15307.05,17854.4
2025-03-01,CL-BIO-01,E,centro_logistico,5500,87356.7,8206.7,14049.1,16344.3
2025-04-01,CL-BIO-01,E,centro_logistico,5500,81986.1,5307.1,13036.88,14903.5
2025-05-01,CL-BIO-01,E,centro_logistico,5500,79561.1,2779.5,12504.3,14031.3
2025-06-01,CL-BIO-01,E,centro_logistico,5500,94503.6,1507.6,14741.53,16340.0
2025-07-01,CL-BIO-01,E,centro_logistico,5500,110307.5,1332.4,17180.28,18994.8
2025-08-01,CL-BIO-01,E,centro_logistico,5500,112119.1,1246.3,17455.73,19287.1
2025-09-01,CL-BIO-01,E,centro_logistico,5500,101824.2,1974.0,15905.14,17669.4
2025-10-01,CL-BIO-01,E,centro_logistico,5500,86851.8,4151.3,13719.41,15520.3
2025-11-01,CL-BIO-01,E,centro_logistico,5500,89782.2,7216.8,14363.68,16576.4
2025-12-01,CL-BIO-01,E,centro_logistico,5500,77655.5,6758.5,12455.62,14431.5
