fecha,grupo,pedidos,ventas_eur,ventas_moda_belleza_eur,ventas_hogar_electronica_eur,ventas_alimentacion_hosteleria_eur,ticket_medio_eur,pct_recogida_en_tienda
2024-01-01,A,2591,172996.77,86670.35,79447.82,6878.6,66.77,0.26
2024-01-01,B,2139,125521.71,60356.54,59693.29,5471.88,58.68,0.255
2024-01-01,C,979,57349.31,25403.05,25018.16,6928.1,58.58,0.291
2024-01-01,D,607,39293.9,17855.52,18971.49,2466.88,64.73,0.298
2024-01-01,E,679,42686.75,19513.94,21221.41,1951.39,62.87,0.416
2024-01-02,A,3301,203272.23,101838.18,93351.66,8082.39,61.58,0.313
2024-01-02,B,2621,159159.43,76531.09,75690.09,6938.26,60.72,0.29
2024-01-02,C,975,62758.9,27799.25,27378.04,7581.61,64.37,0.303
2024-01-02,D,581,36628.84,16644.5,17684.78,2299.57,63.04,0.251
2024-01-02,E,652,42648.66,19496.53,21202.47,1949.65,65.41,0.414
2024-01-03,A,3720,209756.55,105086.78,96329.55,8340.22,56.39,0.293
2024-01-03,B,2376,136514.48,65642.37,64921.02,5951.09,57.46,0.264
2024-01-03,C,1113,66935.87,29649.45,29200.21,8086.21,60.14,0.331
2024-01-03,D,605,36427.12,16552.83,17587.38,2286.9,60.21,0.26
2024-01-03,E,1013,63012.61,28805.77,31326.27,2880.58,62.2,0.379
2024-01-04,A,4007,248430.06,124461.98,114090.15,9877.93,62.0,0.311
2024-01-04,B,2165,116881.69,56202.03,55584.42,5095.24,53.99,0.231
2024-01-04,C,907,52477.21,23244.94,22892.74,6339.53,57.86,0.27
2024-01-04,D,604,33498.96,15222.25,16173.64,2103.07,55.46,0.257
2024-01-04,E,763,49635.15,22690.35,24675.76,2269.04,65.05,0.471
2024-01-05,A,3230,180895.49,90627.56,83075.26,7192.66,56.0,0.27
2024-01-05,B,1891,107690.48,51782.48,51213.44,4694.57,56.95,0.305
2024-01-05,C,868,53050.09,23498.7,23142.66,6408.74,61.12,0.284
2024-01-05,D,562,35312.84,16046.49,17049.4,2216.95,62.83,0.301
2024-01-05,E,610,40441.52,18487.55,20105.21,1848.76,66.3,0.433
2024-01-06,A,3381,180042.88,90200.41,82683.71,7158.76,53.25,0.276
2024-01-06,B,1765,104168.23,50088.82,49538.39,4541.02,59.02,0.232
2024-01-06,C,861,49687.58,22009.27,21675.79,6002.53,57.71,0.27
2024-01-06,D,616,40588.14,18443.64,19596.36,2548.13,65.89,0.257
2024-01-06,E,671,44411.04,20302.19,22078.63,2030.22,66.19,0.414
2024-01-07,A,3355,212043.56,106232.56,97379.84,8431.16,63.2,0.297
2024-01-07,B,2344,146176.7,70288.4,69516.0,6372.3,62.36,0.247
2024-01-07,C,879,56023.56,24815.8,24439.81,6767.95,63.74,0.308
2024-01-07,D,653,33886.93,15398.55,16360.96,2127.43,51.89,0.248
2024-01-07,E,760,43963.83,20097.75,21856.3,2009.78,57.85,0.391
2024-01-08,A,4406,259034.34,129774.66,118960.1,10299.58,58.79,0.265
2024-01-08,B,2711,168403.26,80975.94,80086.09,7341.23,62.12,0.283
2024-01-08,C,1081,65372.41,28956.91,28518.17,7897.34,60.47,0.28
2024-01-08,D,681,41984.63,19078.22,20270.61,2635.81,61.65,0.203
2024-01-08,E,1005,58670.12,26820.63,29167.43,2682.06,58.38,0.4
2024-01-09,A,3595,226667.92,113559.27,104096.0,9012.64,63.05,0.298
2024-01-09,B,2576,153383.69,73753.85,72943.36,6686.48,59.54,0.243
2024-01-09,C,1116,68102.73,30166.31,29709.24,8227.17,61.02,0.314
2024-01-09,D,713,47470.39,21571.0,22919.19,2980.2,66.58,0.319
2024-01-09,E,1130,65277.71,29841.24,32452.35,2984.12,57.77,0.433
2024-01-10,A,4536,240589.91,120534.11,110489.6,9566.2,53.04,0.241
2024-01-10,B,2450,135093.64,64959.16,64245.32,5889.15,55.14,0.232
2024-01-10,C,1214,71796.92,31802.66,31320.8,8673.45,59.14,0.262
2024-01-10,D,686,43327.33,19688.35,20918.87,2720.1,63.16,0.306
2024-01-10,E,617,44062.56,20142.88,21905.39,2014.29,71.41,0.408
2024-01-11,A,3469,223369.13,111906.6,102581.05,8881.48,64.39,0.271
2024-01-11,B,2447,166647.0,80131.45,79250.88,7264.66,68.1,0.326
2024-01-11,C,1175,68282.96,30246.14,29787.87,8248.95,58.11,0.247
2024-01-11,D,749,41595.63,18901.45,20082.79,2611.38,55.53,0.251
2024-01-11,E,829,56693.71,25917.12,28184.87,2591.71,68.39,0.452
2024-01-12,A,3787,227605.1,114028.8,104526.4,9049.9,60.1,0.328
2024-01-12,B,2261,131673.53,63314.62,62618.85,5740.06,58.24,0.281
2024-01-12,C,1033,67487.22,29893.67,29440.73,8152.82,65.33,0.282
2024-01-12,D,560,37415.6,17002.01,18064.63,2348.96,66.81,0.29
2024-01-12,E,932,54095.6,24729.42,26893.24,2472.94,58.04,0.363
2024-01-13,A,3585,212904.82,106664.05,97775.38,8465.4,59.39,0.256
2024-01-13,B,1977,136600.44,65683.7,64961.9,5954.84,69.09,0.289
2024-01-13,C,1040,65168.97,28866.79,28429.42,7872.76,62.66,0.331
2024-01-13,D,706,43263.87,19659.52,20888.24,2716.12,61.28,0.322
2024-01-13,E,778,44060.06,20141.74,21904.15,2014.17,56.63,0.449
2024-01-14,A,3199,200436.12,100417.3,92049.19,7969.63,62.66,0.307
2024-01-14,B,2053,133929.2,64399.24,63691.56,5838.39,65.24,0.266
2024-01-14,C,1071,58229.09,25792.75,25401.95,7034.39,54.37,0.304
2024-01-14,D,678,38034.4,17283.19,18363.39,2387.81,56.1,0.244
2024-01-14,E,756,47459.21,21695.64,23594.01,2169.56,62.78,0.407
2024-01-15,A,4173,265630.06,133079.08,121989.15,10561.83,63.65,0.27
2024-01-15,B,2375,158466.13,76197.72,75360.38,6908.03,66.72,0.322
2024-01-15,C,1164,68136.32,30181.19,29723.9,8231.23,58.54,0.285
2024-01-15,D,697,41360.17,18794.46,19969.11,2596.6,59.34,0.286
2024-01-15,E,915,60503.83,27658.89,30079.05,2765.89,66.12,0.429
2024-01-16,A,4121,240894.83,120686.88,110629.64,9578.32,58.46,0.32
2024-01-16,B,2350,148775.05,71537.81,70751.68,6485.57,63.31,0.25
2024-01-16,C,823,55462.6,24567.32,24195.09,6700.18,67.39,0.298
2024-01-16,D,510,29379.37,13350.27,14184.66,1844.44,57.61,0.225
2024-01-16,E,810,51375.69,23486.03,25541.06,2348.6,63.43,0.421
2024-01-17,A,3879,232821.57,116642.22,106922.03,9257.32,60.02,0.328
2024-01-17,B,1941,137243.02,65992.68,65267.49,5982.85,70.71,0.274
2024-01-17,C,1162,71880.4,31839.64,31357.22,8683.54,61.86,0.301
2024-01-17,D,712,44746.59,20333.28,21604.11,2809.2,62.85,0.294
2024-01-17,E,710,49812.24,22771.31,24763.8,2277.13,70.16,0.428
2024-01-18,A,4164,236530.55,118500.4,108625.36,9404.79,56.8,0.261
2024-01-18,B,2164,129969.97,62495.47,61808.7,5665.8,60.06,0.289
2024-01-18,C,1033,60438.11,26771.24,26365.62,7301.25,58.51,0.281
2024-01-18,D,808,42658.81,19384.57,20596.11,2678.13,52.8,0.277
2024-01-18,E,818,53075.07,24262.89,26385.89,2426.29,64.88,0.476
2024-01-19,A,3414,216502.04,108466.23,99427.38,8608.43,63.42,0.277
2024-01-19,B,2494,140822.25,67713.74,66969.63,6138.88,56.46,0.291
2024-01-19,C,889,55014.38,24368.79,23999.56,6646.03,61.88,0.285
2024-01-19,D,531,33562.3,15251.03,16204.22,2107.05,63.21,0.266
2024-01-19,E,844,53521.84,24467.12,26608.0,2446.71,63.41,0.353
2024-01-20,A,4299,251439.64,125969.76,115472.28,9997.6,58.49,0.228
2024-01-20,B,2078,121048.74,58205.73,57566.11,5276.89,58.25,0.262
2024-01-20,C,956,57769.86,25589.34,25201.62,6978.91,60.43,0.265
2024-01-20,D,607,34174.71,15529.32,16499.9,2145.5,56.3,0.317
2024-01-20,E,781,45051.82,20595.12,22397.19,2059.51,57.68,0.393
2024-01-21,A,3400,206011.75,103210.66,94609.77,8191.32,60.59,0.298
2024-01-21,B,2002,132247.31,63590.51,62891.72,5765.07,66.06,0.267
2024-01-21,C,806,54508.53,24144.72,23778.89,6584.92,67.63,0.308
2024-01-21,D,595,35834.04,16283.33,17301.04,2249.67,60.23,0.276
2024-01-21,E,958,59046.16,26992.53,29354.37,2699.25,61.63,0.446
2024-01-22,A,4313,267276.1,133903.73,122745.09,10627.28,61.97,0.262
2024-01-22,B,2429,137042.4,65896.21,65172.08,5974.11,56.42,0.294
2024-01-22,C,1056,67430.15,29868.39,29415.84,8145.92,63.85,0.274
2024-01-22,D,465,28975.57,13166.78,13989.7,1819.09,62.31,0.305
2024-01-22,E,862,56524.59,25839.81,28100.8,2583.98,65.57,0.367
2024-01-23,A,4127,252420.44,126461.14,115922.71,10036.6,61.16,0.273
2024-01-23,B,2353,141906.46,68235.07,67485.24,6186.15,60.31,0.319
2024-01-23,C,1075,68599.5,30386.36,29925.96,8287.19,63.81,0.236
2024-01-23,D,747,47093.91,21399.92,22737.42,2956.57,63.04,0.328
2024-01-23,E,819,46095.56,21072.26,22916.08,2107.23,56.28,0.431
2024-01-24,A,4483,278045.81,139299.29,127691.02,11055.5,62.02,0.323
2024-01-24,B,2817,175661.43,84466.0,83537.8,7657.63,62.36,0.3
2024-01-24,C,1111,66286.36,29361.74,28916.87,8007.75,59.66,0.25
2024-01-24,D,697,40500.66,18403.89,19554.13,2542.64,58.11,0.289
2024-01-24,E,961,58871.02,26912.46,29267.31,2691.25,61.26,0.398
2024-01-25,A,3886,256300.66,128405.1,117704.67,10190.88,65.95,0.278
2024-01-25,B,2292,134755.19,64796.42,64084.37,5874.4,58.79,0.311
2024-01-25,C,1004,70697.12,31315.5,30841.02,8540.59,70.42,0.321
2024-01-25,D,744,41313.26,18773.14,19946.46,2593.66,55.53,0.297
2024-01-25,E,861,51409.7,23501.58,25557.96,2350.16,59.71,0.487
2024-01-26,A,3820,231408.98,115934.52,106273.31,9201.15,60.58,0.288
2024-01-26,B,1705,119282.52,57356.46,56726.17,5199.9,69.96,0.284
2024-01-26,C,1128,61756.22,27355.1,26940.63,7460.48,54.75,0.296
2024-01-26,D,605,41957.8,19066.03,20257.65,2634.12,69.35,0.268
2024-01-26,E,904,47163.61,21560.51,23447.05,2156.05,52.17,0.426
2024-01-27,A,3901,223048.25,111745.84,102433.69,8868.72,57.18,0.263
2024-01-27,B,2127,126023.77,60597.95,59932.04,5493.77,59.25,0.316
2024-01-27,C,984,61036.63,27036.36,26626.72,7373.55,62.03,0.273
2024-01-27,D,540,30152.57,13701.61,14557.97,1892.99,55.84,0.276
2024-01-27,E,808,51965.48,23755.65,25834.26,2375.56,64.31,0.424
2024-01-28,A,3721,230672.22,115565.41,105934.96,9171.86,61.99,0.267
2024-01-28,B,2736,161112.49,77470.21,76618.89,7023.4,58.89,0.306
2024-01-28,C,1024,61215.79,27115.72,26704.88,7395.2,59.78,0.245
2024-01-28,D,602,40532.6,18418.4,19569.55,2544.65,67.33,0.294
2024-01-28,E,808,48688.69,22257.69,24205.23,2225.77,60.26,0.386
2024-01-29,A,5108,268139.11,134336.09,123141.42,10661.59,52.49,0.29
2024-01-29,B,2958,159388.53,76641.25,75799.04,6948.25,53.88,0.308
2024-01-29,C,1062,61599.04,27285.48,26872.06,7441.49,58.0,0.241
2024-01-29,D,667,40655.62,18474.3,19628.95,2552.37,60.95,0.298
2024-01-29,E,822,56464.18,25812.2,28070.76,2581.22,68.69,0.354
2024-01-30,A,3981,257735.66,129124.03,118363.69,10247.94,64.74,0.216
2024-01-30,B,2497,154412.4,74248.5,73432.58,6731.32,61.84,0.286
2024-01-30,C,1041,60300.23,26710.17,26305.47,7284.59,57.93,0.226
2024-01-30,D,563,33147.5,15062.54,16003.95,2081.01,58.88,0.275
2024-01-30,E,835,52453.21,23978.61,26076.74,2397.86,62.82,0.462
2024-01-31,A,4069,271787.16,136163.75,124816.77,10806.65,66.79,0.281
2024-01-31,B,2229,141700.14,68135.87,67387.12,6177.15,63.57,0.326
2024-01-31,C,1199,75223.8,33320.61,32815.75,9087.44,62.74,0.269
2024-01-31,D,663,39427.31,17916.15,19035.9,2475.26,59.47,0.258
2024-01-31,E,817,50398.1,23039.13,25055.05,2303.91,61.69,0.394
2024-02-01,A,3419,213194.4,106809.12,97908.36,8476.91,62.36,0.273
2024-02-01,B,2317,136885.96,65820.99,65097.68,5967.29,59.08,0.291
2024-02-01,C,1159,74601.9,33045.14,32544.45,9012.31,64.37,0.286
2024-02-01,D,605,37419.32,17003.7,18066.43,2349.2,61.85,0.244
2024-02-01,E,909,54861.88,25079.72,27274.19,2507.97,60.35,0.401
2024-02-02,A,3536,220920.06,110679.63,101456.33,8784.1,62.48,0.239
2024-02-02,B,1705,105836.89,50891.18,50331.94,4613.76,62.07,0.242
2024-02-02,C,923,58414.38,25874.83,25482.78,7056.77,63.29,0.272
2024-02-02,D,543,36352.67,16519.0,17551.44,2282.23,66.95,0.282
2024-02-02,E,938,56751.54,25943.56,28213.62,2594.36,60.5,0.387
2024-02-03,A,3951,237928.25,119200.63,109267.25,9460.37,60.22,0.287
2024-02-03,B,1651,93660.89,45036.41,44541.51,4082.97,56.73,0.328
2024-02-03,C,1074,63461.62,28110.51,27684.6,7666.5,59.09,0.264
2024-02-03,D,522,32335.69,14693.65,15612.0,2030.04,61.95,0.271
2024-02-03,E,810,47954.08,21921.87,23840.03,2192.19,59.2,0.446
2024-02-04,A,3216,209062.81,104739.22,96010.95,8312.64,65.01,0.293
2024-02-04,B,2426,136160.02,65471.93,64752.46,5935.64,56.13,0.285
2024-02-04,C,852,55017.13,24370.01,24000.76,6646.37,64.57,0.341
2024-02-04,D,557,34556.96,15703.01,16684.45,2169.5,62.04,0.326
2024-02-04,E,932,55419.19,25334.49,27551.26,2533.45,59.46,0.357
2024-02-05,A,4170,252144.91,126323.1,115796.17,10025.64,60.47,0.271
2024-02-05,B,2235,138021.07,66366.8,65637.5,6016.77,61.75,0.249
2024-02-05,C,1051,61673.88,27318.63,26904.71,7450.54,58.68,0.316
2024-02-05,D,686,43403.02,19722.75,20955.42,2724.85,63.27,0.306
2024-02-05,E,940,59663.37,27274.68,29661.22,2727.47,63.47,0.463
2024-02-06,A,3575,217573.62,109003.08,99919.49,8651.04,60.86,0.265
2024-02-06,B,1976,111152.02,53446.94,52859.61,4845.46,56.25,0.275
2024-02-06,C,1217,79710.02,35307.8,34772.83,9629.4,65.5,0.284
2024-02-06,D,478,31460.32,14295.87,15189.36,1975.09,65.82,0.326
2024-02-06,E,886,54145.52,24752.24,26918.06,2475.22,61.11,0.431
2024-02-07,A,3915,250223.83,125360.65,114913.92,9949.26,63.91,0.304
2024-02-07,B,2376,153303.64,73715.36,72905.3,6682.99,64.52,0.293
2024-02-07,C,797,54249.34,24029.91,23665.82,6553.61,68.07,0.28
2024-02-07,D,672,43182.09,19622.35,20848.75,2710.98,64.26,0.307
2024-02-07,E,1002,58338.12,26668.86,29002.38,2666.89,58.22,0.378
2024-02-08,A,3842,248937.54,124716.22,114323.21,9898.11,64.79,0.211
2024-02-08,B,2529,156061.96,75041.68,74217.05,6803.23,61.71,0.294
2024-02-08,C,1053,60867.81,26961.58,26553.07,7353.16,57.8,0.324
2024-02-08,D,579,38881.77,17668.25,18772.51,2441.01,67.15,0.285
2024-02-08,E,913,56739.34,25937.98,28207.56,2593.8,62.15,0.441
2024-02-09,A,3987,247178.7,123835.05,113515.47,9828.18,62.0,0.258
2024-02-09,B,2221,134971.79,64900.57,64187.38,5883.84,60.77,0.317
2024-02-09,C,807,49557.57,21951.67,21619.07,5986.82,61.41,0.273
2024-02-09,D,553,37585.74,17079.32,18146.78,2359.64,67.97,0.298
2024-02-09,E,887,52230.96,23877.01,25966.25,2387.7,58.88,0.405
2024-02-10,A,3460,242771.53,121627.09,111491.5,9652.94,70.17,0.243
2024-02-10,B,2409,134889.21,64860.86,64148.1,5880.24,55.99,0.272
2024-02-10,C,987,57331.36,25395.1,25010.33,6925.94,58.09,0.259
2024-02-10,D,526,33189.75,15081.74,16024.35,2083.66,63.1,0.294
2024-02-10,E,734,43458.01,19866.52,21604.84,1986.65,59.21,0.436
2024-02-11,A,3164,192561.23,96472.03,88432.69,7656.51,60.86,0.201
2024-02-11,B,2082,127042.09,61087.61,60416.32,5538.16,61.02,0.282
2024-02-11,C,808,53315.28,23616.16,23258.34,6440.77,65.98,0.301
2024-02-11,D,632,40023.18,18186.91,19323.6,2512.67,63.33,0.242
2024-02-11,E,831,49401.5,22583.54,24559.6,2258.35,59.45,0.453
2024-02-12,A,5000,299878.54,150237.36,137717.58,11923.6,59.98,0.268
2024-02-12,B,2559,151692.08,72940.44,72138.9,6612.73,59.28,0.235
2024-02-12,C,1185,67975.61,30110.0,29653.79,8211.82,57.36,0.256
2024-02-12,D,581,36026.93,16370.98,17394.17,2261.78,62.01,0.318
2024-02-12,E,1117,61786.47,28245.24,30716.7,2824.52,55.31,0.416
2024-02-13,A,4085,261420.57,130970.15,120055.97,10394.46,64.0,0.292
2024-02-13,B,1814,121508.2,58426.66,57784.61,5296.92,66.98,0.25
2024-02-13,C,1021,62712.3,27778.6,27357.71,7575.98,61.42,0.249
2024-02-13,D,622,39413.71,17909.97,19029.34,2474.4,63.37,0.292
2024-02-13,E,753,44238.9,20223.5,21993.05,2022.35,58.75,0.396
2024-02-14,A,3552,230032.76,115245.04,105641.29,9146.43,64.76,0.283
2024-02-14,B,2268,149115.14,71701.33,70913.41,6500.4,65.75,0.214
2024-02-14,C,1029,64743.47,28678.32,28243.8,7821.36,62.92,0.279
2024-02-14,D,528,34536.57,15693.75,16674.61,2168.21,65.41,0.297
2024-02-14,E,907,60898.69,27839.4,30275.35,2783.94,67.14,0.412
2024-02-15,A,3944,233183.8,116823.69,107088.38,9271.72,59.12,0.292
2024-02-15,B,2096,139924.39,67282.0,66542.64,6099.74,66.76,0.298
2024-02-15,C,1291,68505.3,30344.63,29884.86,8275.81,53.06,0.294
2024-02-15,D,557,35133.16,15964.84,16962.65,2205.67,63.08,0.283
2024-02-15,E,800,49913.79,22817.73,24814.29,2281.77,62.39,0.432
2024-02-16,A,3591,213255.77,106839.87,97936.55,8479.35,59.39,0.192
2024-02-16,B,1851,121687.21,58512.74,57869.74,5304.73,65.74,0.294
2024-02-16,C,734,48163.76,21334.28,21011.03,5818.44,65.62,0.233
2024-02-16,D,548,37859.03,17203.5,18278.72,2376.8,69.09,0.259
2024-02-16,E,728,44126.77,20172.24,21937.31,2017.22,60.61,0.415
2024-02-17,A,3715,215864.9,108147.03,99134.77,8583.1,58.11,0.306
2024-02-17,B,1682,103832.68,49927.47,49378.82,4526.39,61.73,0.24
2024-02-17,C,947,59619.61,26408.68,26008.55,7202.37,62.96,0.273
2024-02-17,D,681,39378.19,17893.83,19012.19,2472.17,57.82,0.213
2024-02-17,E,741,44742.07,20453.52,22243.2,2045.35,60.38,0.38
2024-02-18,A,3947,216391.32,108410.76,99376.53,8604.03,54.82,0.238
2024-02-18,B,1942,121527.83,58436.1,57793.95,5297.78,62.58,0.293
2024-02-18,C,928,56445.53,25002.72,24623.89,6818.92,60.82,0.227
2024-02-18,D,550,34926.11,15870.76,16862.68,2192.67,63.5,0.299
2024-02-18,E,699,45679.38,20882.0,22709.18,2088.2,65.35,0.442
2024-02-19,A,2990,195106.24,97747.06,89601.47,7757.7,65.25,0.24
2024-02-19,B,2491,156040.81,75031.51,74206.99,6802.31,62.64,0.277
2024-02-19,C,714,50572.63,22401.3,22061.89,6109.45,70.83,0.265
2024-02-19,D,626,35297.97,16039.74,17042.22,2216.02,56.39,0.285
2024-02-19,E,631,44322.87,20261.88,22034.8,2026.19,70.24,0.436
2024-02-20,A,4296,253183.04,126843.19,116272.93,10066.92,58.93,0.304
2024-02-20,B,1755,115462.37,55519.56,54909.45,5033.37,65.79,0.26
2024-02-20,C,910,65684.53,29095.16,28654.32,7935.04,72.18,0.234
2024-02-20,D,553,36726.8,16689.01,17732.07,2305.72,66.41,0.271
2024-02-20,E,898,54051.4,24709.21,26871.27,2470.92,60.19,0.416
2024-02-21,A,3312,202977.77,101690.65,93216.43,8070.69,61.29,0.262
2024-02-21,B,2053,116342.43,55942.73,55327.97,5071.73,56.67,0.257
2024-02-21,C,917,53927.72,23887.45,23525.52,6514.76,58.81,0.226
2024-02-21,D,546,38374.83,17437.89,18527.76,2409.18,70.28,0.276
2024-02-21,E,771,49726.09,22731.93,24720.97,2273.19,64.5,0.386
2024-02-22,A,3194,206289.0,103349.56,94737.09,8202.35,64.59,0.31
2024-02-22,B,2144,130596.07,62796.53,62106.46,5693.09,60.91,0.274
2024-02-22,C,860,54742.29,24248.26,23880.87,6613.16,63.65,0.256
2024-02-22,D,595,37969.79,17253.84,18332.2,2383.75,63.81,0.246
2024-02-22,E,563,37661.72,17216.78,18723.25,1721.68,66.89,0.427
2024-02-23,A,3355,195218.76,97803.43,89653.15,7762.18,58.19,0.294
2024-02-23,B,1545,106676.43,51294.87,50731.19,4650.36,69.05,0.311
2024-02-23,C,770,44362.65,19650.57,19352.84,5359.25,57.61,0.316
2024-02-23,D,574,31982.5,14533.15,15441.48,2007.87,55.72,0.266
2024-02-23,E,790,47292.94,21619.63,23511.35,2161.96,59.86,0.398
2024-02-24,A,3361,196311.05,98350.66,90154.78,7805.61,58.41,0.262
2024-02-24,B,2242,116716.09,56122.4,55505.67,5088.02,52.06,0.274
2024-02-24,C,741,43673.18,19345.17,19052.06,5275.96,58.94,0.292
2024-02-24,D,545,31158.5,14158.72,15043.64,1956.14,57.17,0.223
2024-02-24,E,603,41216.71,18841.92,20490.59,1884.19,68.35,0.336
2024-02-25,A,3538,205378.79,102893.55,94319.09,8166.15,58.05,0.267
2024-02-25,B,1761,123195.2,59237.85,58586.89,5370.46,69.96,0.271
2024-02-25,C,843,54296.17,24050.65,23686.25,6559.27,64.41,0.273
2024-02-25,D,421,26140.2,11878.36,12620.76,1641.09,62.09,0.247
2024-02-25,E,515,34374.52,15714.07,17089.05,1571.41,66.75,0.38
2024-02-26,A,4310,256180.53,128344.92,117649.51,10186.1,59.44,0.262
2024-02-26,B,2184,124126.59,59685.7,59029.82,5411.07,56.83,0.292
2024-02-26,C,759,49096.93,21747.63,21418.12,5931.17,64.69,0.313
2024-02-26,D,554,36156.35,16429.79,17456.65,2269.91,65.26,0.264
2024-02-26,E,733,49486.15,22622.24,24601.68,2262.22,67.51,0.394
2024-02-27,A,3742,228464.15,114459.17,104920.91,9084.06,61.05,0.277
2024-02-27,B,1910,124846.11,60031.68,59371.99,5442.43,65.36,0.244
2024-02-27,C,1022,63724.13,28226.79,27799.12,7698.22,62.35,0.268
2024-02-27,D,623,40420.51,18367.47,19515.43,2537.61,64.88,0.25
2024-02-27,E,787,49598.54,22673.62,24657.56,2267.36,63.02,0.424
2024-02-28,A,2364,162425.66,81374.29,74593.09,6458.28,68.71,0.272
2024-02-28,B,2351,153031.77,73584.63,72776.01,6671.13,65.09,0.261
2024-02-28,C,995,65365.32,28953.76,28515.07,7896.48,65.69,0.297
2024-02-28,D,506,30087.92,13672.24,14526.75,1888.93,59.46,0.263
2024-02-28,E,880,53837.42,24611.39,26764.89,2461.14,61.18,0.419
2024-02-29,A,3172,190528.32,95453.55,87499.09,7575.68,60.07,0.294
2024-02-29,B,2053,132021.11,63481.75,62784.15,5755.21,64.31,0.325
2024-02-29,C,1157,67059.18,29704.07,29254.01,8101.11,57.96,0.347
2024-02-29,D,605,35290.41,16036.3,17038.57,2215.54,58.33,0.34
2024-02-29,E,840,55435.62,25342.0,27559.42,2534.2,65.99,0.39
2024-03-01,A,4348,255272.9,127890.2,117232.68,10150.02,58.71,0.3
2024-03-01,B,2144,144428.28,69447.68,68684.52,6296.08,67.36,0.288
2024-03-01,C,877,57134.18,25307.76,24924.31,6902.12,65.15,0.29
2024-03-01,D,523,35723.84,16233.25,17247.83,2242.75,68.31,0.245
2024-03-01,E,592,41876.44,19143.52,20818.57,1914.35,70.74,0.405
2024-03-02,A,2619,171296.3,85818.43,78666.89,6810.99,65.41,0.267
2024-03-02,B,2197,132137.21,63537.58,62839.36,5760.27,60.14,0.273
2024-03-02,C,918,53436.11,23669.69,23311.05,6455.37,58.21,0.288
2024-03-02,D,676,42635.11,19373.8,20584.67,2676.64,63.07,0.235
2024-03-02,E,701,45969.04,21014.42,22853.18,2101.44,65.58,0.393
2024-03-03,A,3667,225548.3,112998.35,103581.82,8968.12,61.51,0.264
2024-03-03,B,1860,119983.37,57693.46,57059.46,5230.45,64.51,0.29
2024-03-03,C,1053,61650.59,27308.31,26894.55,7447.72,58.55,0.234
2024-03-03,D,497,32298.81,14676.89,15594.19,2027.73,64.99,0.27
2024-03-03,E,638,43080.44,19693.92,21417.13,1969.39,67.52,0.413
2024-03-04,A,3773,265189.12,132858.17,121786.65,10544.3,70.29,0.277
2024-03-04,B,1934,122980.79,59134.75,58484.92,5361.12,63.59,0.319
2024-03-04,C,1107,71233.75,31553.21,31075.13,8605.42,64.35,0.305
2024-03-04,D,627,32112.82,14592.37,15504.4,2016.05,51.22,0.301
2024-03-04,E,983,60435.34,27627.58,30045.0,2762.76,61.48,0.382
2024-03-05,A,3446,214726.03,107576.46,98611.76,8537.81,62.31,0.277
2024-03-05,B,2899,182947.73,87969.58,87002.88,7975.26,63.11,0.331
2024-03-05,C,1044,64223.95,28448.19,28017.16,7758.6,61.52,0.239
2024-03-05,D,780,49269.04,22388.32,23787.59,3093.12,63.17,0.272
2024-03-05,E,937,54719.61,25014.68,27203.46,2501.47,58.4,0.439
2024-03-06,A,4035,223846.39,112145.71,102800.23,8900.45,55.48,0.31
2024-03-06,B,2536,159856.78,76866.41,76021.72,6968.66,63.04,0.265
2024-03-06,C,810,52066.66,23063.08,22713.64,6289.93,64.28,0.284
2024-03-06,D,737,44990.16,20443.96,21721.7,2824.49,61.04,0.218
2024-03-06,E,878,58839.51,26898.06,29251.64,2689.81,67.02,0.422
2024-03-07,A,4365,260616.85,130567.49,119686.86,10362.5,59.71,0.339
2024-03-07,B,3057,172153.58,82779.27,81869.6,7504.71,56.31,0.331
2024-03-07,C,1023,64819.95,28712.19,28277.16,7830.6,63.36,0.306
2024-03-07,D,527,34589.47,15717.79,16700.15,2171.54,65.63,0.305
2024-03-07,E,941,59019.27,26980.24,29341.01,2698.02,62.72,0.361
2024-03-08,A,2915,170735.06,85537.25,78409.14,6788.67,58.57,0.29
2024-03-08,B,2162,134132.89,64497.19,63788.43,5847.27,62.04,0.292
2024-03-08,C,905,56921.16,25213.4,24831.38,6876.38,62.9,0.302
2024-03-08,D,618,39816.14,18092.84,19223.64,2499.67,64.43,0.303
2024-03-08,E,691,41708.39,19066.69,20735.03,1906.67,60.36,0.383
2024-03-09,A,3369,206389.28,103399.8,94783.15,8206.33,61.26,0.274
2024-03-09,B,2583,161552.72,77681.89,76828.24,7042.59,62.54,0.274
2024-03-09,C,860,53957.41,23900.6,23538.47,6518.35,62.74,0.274
2024-03-09,D,640,39144.75,17787.75,18899.49,2457.52,61.16,0.317
2024-03-09,E,782,47194.09,21574.44,23462.2,2157.44,60.35,0.408
2024-03-10,A,3657,236830.69,118650.76,108763.2,9416.73,64.76,0.268
2024-03-10,B,2139,139473.1,67065.0,66328.03,6080.07,65.2,0.279
2024-03-10,C,1024,64620.98,28624.06,28190.36,7806.56,63.11,0.276
2024-03-10,D,552,34353.48,15610.55,16586.21,2156.72,62.23,0.296
2024-03-10,E,711,46398.36,21210.68,23066.61,2121.07,65.26,0.399
2024-03-11,A,3368,219480.42,109958.38,100795.18,8726.86,65.17,0.287
2024-03-11,B,2849,171482.88,82456.76,81550.64,7475.48,60.19,0.228
2024-03-11,C,1087,68574.01,30375.07,29914.84,8284.11,63.09,0.239
2024-03-11,D,627,40990.82,18626.62,19790.78,2573.41,65.38,0.326
2024-03-11,E,819,47264.55,21606.65,23497.23,2160.67,57.71,0.441
2024-03-12,A,3342,229006.06,114730.67,105169.78,9105.61,68.52,0.287
2024-03-12,B,2042,141896.31,68230.19,67480.41,6185.7,69.49,0.255
2024-03-12,C,1103,66563.48,29484.5,29037.76,8041.23,60.35,0.284
2024-03-12,D,768,46410.77,21089.5,22407.59,2913.68,60.43,0.28
2024-03-12,E,914,58882.27,26917.61,29272.9,2691.76,64.42,0.412
2024-03-13,A,4045,279829.24,140192.78,128510.05,11126.41,69.18,0.277
2024-03-13,B,2326,157875.41,75913.67,75079.46,6882.28,67.87,0.273
2024-03-13,C,962,62752.09,27796.23,27375.07,7580.79,65.23,0.277
2024-03-13,D,514,31006.28,14089.55,14970.15,1946.58,60.32,0.301
2024-03-13,E,1076,60862.67,27822.94,30257.44,2782.29,56.56,0.442
2024-03-14,A,3302,199991.68,100194.64,91845.09,7951.96,60.57,0.286
2024-03-14,B,1477,89268.94,42924.56,42452.86,3891.51,60.44,0.275
2024-03-14,C,992,59747.14,26465.17,26064.19,7217.77,60.23,0.261
2024-03-14,D,650,39482.2,17941.09,19062.41,2478.7,60.74,0.217
2024-03-14,E,944,56724.68,25931.28,28200.27,2593.13,60.09,0.418
2024-03-15,A,3642,220494.57,110466.46,101260.93,8767.18,60.54,0.301
2024-03-15,B,1841,120771.29,58072.32,57434.16,5264.8,65.6,0.239
2024-03-15,C,828,52949.35,23454.07,23098.71,6396.57,63.95,0.274
2024-03-15,D,416,28808.08,13090.67,13908.83,1808.58,69.25,0.332
2024-03-15,E,696,43123.12,19713.42,21438.35,1971.34,61.96,0.419
2024-03-16,A,3446,222214.98,111328.38,102051.01,8835.59,64.48,0.291
2024-03-16,B,2340,135543.19,65175.32,64459.11,5908.75,57.92,0.258
2024-03-16,C,805,50292.34,22277.14,21939.61,6075.58,62.47,0.308
2024-03-16,D,596,37557.24,17066.37,18133.02,2357.85,63.02,0.288
2024-03-16,E,725,48269.99,22066.28,23997.08,2206.63,66.58,0.394
2024-03-17,A,3615,226144.11,113296.85,103855.44,8991.81,62.56,0.256
2024-03-17,B,2283,145434.27,69931.41,69162.93,6339.94,63.7,0.256
2024-03-17,C,804,55273.54,24483.58,24112.62,6677.34,68.75,0.281
2024-03-17,D,675,38582.36,17532.19,18627.96,2422.21,57.16,0.265
2024-03-17,E,1027,62305.84,28482.67,30974.9,2848.27,60.67,0.372
2024-03-18,A,3825,242794.52,121638.61,111502.06,9653.86,63.48,0.286
2024-03-18,B,2302,133562.0,64222.68,63516.93,5822.39,58.02,0.29
2024-03-18,C,946,55668.75,24658.64,24285.03,6725.08,58.85,0.259
2024-03-18,D,668,41388.22,18807.2,19982.66,2598.36,61.96,0.285
2024-03-18,E,1058,62693.46,28659.87,31167.61,2865.99,59.26,0.411
2024-03-19,A,4487,281926.34,141243.42,129473.13,11209.79,62.83,0.318
2024-03-19,B,2641,167993.37,80778.85,79891.17,7323.36,63.61,0.252
2024-03-19,C,1000,61472.47,27229.42,26816.85,7426.2,61.47,0.265
2024-03-19,D,833,44975.38,20437.24,21714.57,2823.57,53.99,0.252
2024-03-19,E,1085,64495.41,29483.62,32063.43,2948.36,59.44,0.431
2024-03-20,A,3830,222735.77,111589.29,102290.19,8856.29,58.16,0.249
2024-03-20,B,2150,144863.64,69657.02,68891.56,6315.06,67.38,0.305
2024-03-20,C,986,59358.41,26292.99,25894.61,7170.82,60.2,0.268
2024-03-20,D,745,42339.28,19239.37,20441.83,2658.07,56.83,0.291
2024-03-20,E,1076,65711.07,30039.35,32667.79,3003.93,61.07,0.425
2024-03-21,A,3786,235332.79,117900.33,108075.3,9357.17,62.16,0.279
2024-03-21,B,2071,128437.2,61758.44,61079.78,5598.98,62.02,0.277
2024-03-21,C,1415,69131.31,30621.92,30157.95,8351.43,48.86,0.316
2024-03-21,D,567,37210.13,16908.64,17965.43,2336.06,65.63,0.306
2024-03-21,E,767,45837.78,20954.41,22787.92,2095.44,59.76,0.424
2024-03-22,A,4089,273968.71,137256.69,125818.63,10893.39,67.0,0.289
2024-03-22,B,1939,132575.08,63748.12,63047.6,5779.36,68.37,0.253
2024-03-22,C,941,61192.8,27105.54,26694.85,7392.42,65.03,0.209
2024-03-22,D,606,37138.71,16876.19,17930.95,2331.58,61.28,0.288
2024-03-22,E,822,48415.93,22133.0,24069.64,2213.3,58.9,0.392
2024-03-23,A,3905,225104.46,112775.99,103377.99,8950.48,57.65,0.25
2024-03-23,B,2122,115580.75,55576.48,54965.75,5038.53,54.47,0.302
2024-03-23,C,1060,62657.48,27754.32,27333.8,7569.36,59.11,0.259
2024-03-23,D,658,42066.13,19115.25,20309.95,2640.92,63.93,0.277
2024-03-23,E,833,53607.67,24506.36,26650.67,2450.64,64.35,0.38
2024-03-24,A,4247,252201.98,126351.69,115822.38,10027.91,59.38,0.298
2024-03-24,B,1983,117904.63,56693.9,56070.89,5139.83,59.46,0.311
2024-03-24,C,862,54160.93,23990.75,23627.25,6542.93,62.83,0.29
2024-03-24,D,579,36979.59,16803.88,17854.12,2321.59,63.87,0.247
2024-03-24,E,785,49444.62,22603.26,24581.04,2260.33,62.99,0.434
2024-03-25,A,4517,286290.4,143429.78,131477.3,11383.32,63.38,0.3
2024-03-25,B,1995,128930.26,61995.53,61314.26,5620.47,64.63,0.287
2024-03-25,C,1016,69922.86,30972.54,30503.26,8447.06,68.82,0.338
2024-03-25,D,736,48146.17,21878.08,23245.46,3022.63,65.42,0.268
2024-03-25,E,962,57967.45,26499.41,28818.1,2649.94,60.26,0.407
2024-03-26,A,3902,247262.8,123877.19,113554.09,9831.52,63.37,0.26
2024-03-26,B,2785,168775.51,81154.93,80263.12,7357.45,60.6,0.286
2024-03-26,C,1150,69020.19,30572.7,30109.48,8338.01,60.02,0.251
2024-03-26,D,613,39236.23,17829.32,18943.65,2463.26,64.01,0.325
2024-03-26,E,879,52013.24,23777.48,25858.01,2377.75,59.17,0.437
2024-03-27,A,3868,245957.4,123223.19,112954.59,9779.62,63.59,0.292
2024-03-27,B,2092,134607.03,64725.18,64013.91,5867.94,64.34,0.23
2024-03-27,C,964,57047.19,25269.23,24886.36,6891.61,59.18,0.309
2024-03-27,D,756,46954.9,21336.76,22670.31,2947.84,62.11,0.273
2024-03-27,E,947,61736.92,28222.59,30692.07,2822.26,65.19,0.463
2024-03-28,A,4298,275660.26,138104.15,126595.47,10960.65,64.14,0.298
2024-03-28,B,2194,133838.97,64355.86,63648.65,5834.46,61.0,0.283
2024-03-28,C,1283,78211.97,34644.23,34119.31,9448.43,60.96,0.297
2024-03-28,D,632,41923.4,19050.4,20241.04,2631.96,66.33,0.278
2024-03-28,E,1024,64936.16,29685.1,32282.55,2968.51,63.41,0.423
2024-03-29,A,3233,217500.71,108966.56,99886.01,8648.14,67.28,0.25
2024-03-29,B,2165,130192.19,62602.32,61914.38,5675.48,60.13,0.245
2024-03-29,C,965,64509.22,28574.55,28141.6,7793.06,66.85,0.239
2024-03-29,D,615,37480.0,17031.27,18095.72,2353.0,60.94,0.284
2024-03-29,E,800,48381.27,22117.15,24052.4,2211.72,60.48,0.403
2024-03-30,A,4154,228081.17,114267.3,104745.03,9068.83,54.91,0.234
2024-03-30,B,1835,116000.88,55778.5,55165.54,5056.84,63.22,0.297
2024-03-30,C,1091,69124.09,30618.72,30154.8,8350.56,63.36,0.3
2024-03-30,D,708,42501.17,19312.94,20520.0,2668.23,60.03,0.29
2024-03-30,E,928,59018.98,26980.11,29340.86,2698.01,63.6,0.456
2024-03-31,A,3663,232709.56,116586.1,106870.59,9252.87,63.53,0.299
2024-03-31,B,2196,143627.99,69062.86,68303.93,6261.19,65.4,0.268
2024-03-31,C,949,54816.29,24281.04,23913.15,6622.1,57.76,0.274
2024-03-31,D,613,42461.1,19294.73,20500.65,2665.72,69.27,0.291
2024-03-31,E,801,54160.67,24759.16,26925.59,2475.92,67.62,0.355
2024-04-01,A,4999,310977.36,155797.8,142814.65,12364.9,62.21,0.269
2024-04-01,B,3126,193176.01,92887.8,91867.06,8421.15,61.8,0.253
2024-04-01,C,982,61462.74,27225.11,26812.6,7425.03,62.59,0.273
2024-04-01,D,549,32981.33,14987.03,15923.72,2070.58,60.08,0.291
2024-04-01,E,778,44734.72,20450.16,22239.55,2045.02,57.5,0.409
2024-04-02,A,4784,300417.45,150507.35,137965.07,11945.03,62.8,0.207
2024-04-02,B,2726,170887.33,82170.39,81267.42,7449.51,62.69,0.304
2024-04-02,C,962,61164.27,27092.9,26682.4,7388.97,63.58,0.287
2024-04-02,D,855,48144.73,21877.43,23244.77,3022.54,56.31,0.25
2024-04-02,E,1038,59092.86,27013.88,29377.59,2701.39,56.93,0.404
2024-04-03,A,3766,236454.71,118462.4,108590.53,9401.78,62.79,0.296
2024-04-03,B,2085,134708.82,64774.12,64062.32,5872.38,64.61,0.278
2024-04-03,C,1348,83742.14,37093.83,36531.8,10116.5,62.12,0.301
2024-04-03,D,962,57567.69,26159.31,27794.27,3614.12,59.84,0.316
2024-04-03,E,806,51393.99,23494.39,25550.15,2349.44,63.76,0.376
2024-04-04,A,4472,252622.24,126562.24,116015.38,10044.62,56.49,0.259
2024-04-04,B,2630,177202.39,85206.96,84270.62,7724.81,67.38,0.289
2024-04-04,C,1143,69078.07,30598.34,30134.73,8345.0,60.44,0.356
2024-04-04,D,817,46523.83,21140.87,22462.18,2920.78,56.94,0.247
2024-04-04,E,1113,65943.68,30145.68,32783.43,3014.57,59.25,0.382
2024-04-05,A,3969,256553.57,128531.81,117820.83,10200.94,64.64,0.282
2024-04-05,B,2469,139465.4,67061.3,66324.36,6079.73,56.49,0.296
2024-04-05,C,1110,63895.51,28302.71,27873.88,7718.92,57.56,0.276
2024-04-05,D,705,43143.69,19604.91,20830.21,2708.57,61.2,0.271
2024-04-05,E,883,51258.4,23432.41,25482.75,2343.24,58.05,0.428
2024-04-06,A,4097,247722.09,124107.29,113765.02,9849.79,60.46,0.277
2024-04-06,B,2545,143252.68,68882.4,68125.45,6244.83,56.29,0.322
2024-04-06,C,997,59090.62,26174.37,25777.79,7138.46,59.27,0.273
2024-04-06,D,666,39380.12,17894.7,19013.12,2472.29,59.13,0.289
2024-04-06,E,705,47319.94,21631.97,23524.77,2163.2,67.12,0.316
2024-04-07,A,3751,238587.35,119530.84,109569.94,9486.57,63.61,0.295
2024-04-07,B,2068,136184.44,65483.67,64764.07,5936.71,65.85,0.265
2024-04-07,C,1030,64063.44,28377.09,27947.14,7739.21,62.2,0.302
2024-04-07,D,514,34645.47,15743.23,16727.19,2175.05,67.4,0.286
2024-04-07,E,836,54328.96,24836.1,27009.25,2483.61,64.99,0.397
2024-04-08,A,4336,252696.91,126599.65,116049.68,10047.59,58.28,0.333
2024-04-08,B,3239,178635.85,85896.23,84952.32,7787.3,55.15,0.269
2024-04-08,C,1034,63183.29,27987.23,27563.18,7632.88,61.11,0.256
2024-04-08,D,666,40350.35,18335.58,19481.56,2533.21,60.59,0.31
2024-04-08,E,876,52875.93,24171.86,26286.89,2417.19,60.36,0.476
2024-04-09,A,3832,245370.86,122929.33,112685.22,9756.3,64.03,0.32
2024-04-09,B,2323,138797.13,66739.97,66006.56,6050.6,59.75,0.299
2024-04-09,C,1561,95654.78,42370.57,41728.6,11555.61,61.28,0.296
2024-04-09,D,780,44814.28,20364.04,21636.79,2813.45,57.45,0.336
2024-04-09,E,1289,69995.4,31997.89,34797.71,3199.79,54.3,0.404
2024-04-10,A,4626,252682.8,126592.58,116043.19,10047.03,54.62,0.278
2024-04-10,B,2578,149590.34,71929.83,71139.39,6521.11,58.03,0.291
2024-04-10,C,1479,81952.29,36301.02,35751.0,9900.28,55.41,0.279
2024-04-10,D,675,43828.35,19916.02,21160.77,2751.56,64.93,0.31
2024-04-10,E,1098,64983.67,29706.82,32306.17,2970.68,59.18,0.424
2024-04-11,A,3363,241911.15,121196.04,111096.37,9618.73,71.93,0.306
2024-04-11,B,2206,133339.34,64115.62,63411.05,5812.68,60.44,0.282
2024-04-11,C,1045,59379.44,26302.3,25903.78,7173.36,56.82,0.326
2024-04-11,D,627,40739.42,18512.38,19669.41,2557.63,64.98,0.265
2024-04-11,E,1135,69911.17,31959.39,34755.84,3195.94,61.6,0.424
2024-04-12,A,4432,257835.39,129173.99,118409.49,10251.9,58.18,0.323
2024-04-12,B,2332,139071.95,66872.11,66137.25,6062.58,59.64,0.262
2024-04-12,C,1124,67335.26,29826.36,29374.44,8134.46,59.91,0.295
2024-04-12,D,743,38272.55,17391.41,18478.38,2402.76,51.51,0.332
2024-04-12,E,701,46077.87,21064.17,22907.29,2106.42,65.73,0.366
2024-04-13,A,3149,215935.7,108182.5,99167.29,8585.91,68.57,0.25
2024-04-13,B,2265,138997.95,66836.53,66102.06,6059.36,61.37,0.241
2024-04-13,C,913,58725.15,26012.48,25618.35,7094.31,64.32,0.23
2024-04-13,D,810,49686.52,22578.03,23989.16,3119.33,61.34,0.342
2024-04-13,E,891,54359.8,24850.19,27024.59,2485.02,61.01,0.402
2024-04-14,A,3750,224444.66,112445.44,103074.99,8924.24,59.85,0.268
2024-04-14,B,2084,135407.52,65110.09,64394.59,5902.84,64.97,0.266
2024-04-14,C,743,48584.46,21520.63,21194.56,5869.26,65.39,0.266
2024-04-14,D,549,34749.88,15790.68,16777.6,2181.61,63.3,0.313
2024-04-14,E,866,55469.19,25357.34,27576.11,2535.73,64.05,0.421
2024-04-15,A,4488,297715.4,149153.64,136724.17,11837.59,66.34,0.294
2024-04-15,B,2036,131572.28,63265.93,62570.7,5735.65,64.62,0.245
2024-04-15,C,1158,66176.32,29313.0,28868.87,7994.46,57.15,0.28
2024-04-15,D,764,43965.96,19978.55,21227.21,2760.2,57.55,0.317
2024-04-15,E,916,62596.09,28615.36,31119.2,2861.54,68.34,0.38
2024-04-16,A,4300,263259.92,131891.65,120900.68,10467.59,61.22,0.29
2024-04-16,B,2306,152192.29,73180.97,72376.78,6634.54,66.0,0.275
2024-04-16,C,1194,77385.34,34278.07,33758.71,9348.56,64.81,0.218
2024-04-16,D,758,39991.14,18172.36,19308.13,2510.65,52.76,0.279
2024-04-16,E,974,63428.05,28995.68,31532.8,2899.57,65.12,0.441
2024-04-17,A,4583,294341.27,147463.22,135174.62,11703.43,64.22,0.245
2024-04-17,B,2418,145316.43,69874.74,69106.89,6334.8,60.1,0.267
2024-04-17,C,1343,80251.34,35547.58,35008.98,9694.79,59.76,0.28
2024-04-17,D,606,39662.92,18023.21,19149.66,2490.05,65.45,0.281
2024-04-17,E,890,61119.16,27940.19,30384.96,2794.02,68.67,0.439
2024-04-18,A,3638,216691.62,108561.21,99514.44,8615.97,59.56,0.278
2024-04-18,B,2442,157027.4,75505.91,74676.17,6845.32,64.3,0.301
2024-04-18,C,1096,66949.42,29655.45,29206.12,8087.85,61.09,0.288
2024-04-18,D,599,38677.88,17575.6,18674.08,2428.21,64.57,0.284
2024-04-18,E,995,69268.24,31665.48,34436.21,3166.55,69.62,0.383
2024-04-19,A,3865,235171.04,117819.29,108001.02,9350.74,60.85,0.238
2024-04-19,B,2215,138591.86,66641.27,65908.94,6041.65,62.57,0.298
2024-04-19,C,1028,65577.98,29047.96,28607.84,7922.17,63.79,0.288
2024-04-19,D,559,33857.31,15385.08,16346.65,2125.57,60.57,0.26
2024-04-19,E,953,59179.51,27053.49,29420.67,2705.35,62.1,0.379
2024-04-20,A,3809,222200.75,111321.25,102044.48,8835.02,58.34,0.302
2024-04-20,B,2483,156016.65,75019.9,74195.5,6801.25,62.83,0.33
2024-04-20,C,1081,69221.39,30661.83,30197.25,8362.32,64.03,0.257
2024-04-20,D,609,39972.94,18164.09,19299.34,2509.51,65.64,0.29
2024-04-20,E,971,58903.81,26927.46,29283.61,2692.75,60.66,0.383
2024-04-21,A,3492,223409.28,111926.72,102599.49,8883.07,63.98,0.292
2024-04-21,B,2265,151861.91,73022.11,72219.67,6620.14,67.05,0.261
2024-04-21,C,966,59819.39,26497.18,26095.71,7226.5,61.92,0.259
2024-04-21,D,789,41326.1,18778.98,19952.66,2594.46,52.38,0.269
2024-04-21,E,752,45554.63,20824.97,22647.16,2082.5,60.58,0.456
2024-04-22,A,3798,242250.9,121366.25,111252.4,9632.24,63.78,0.276
2024-04-22,B,2391,158970.05,76440.02,75600.02,6930.0,66.49,0.296
2024-04-22,C,1132,69364.39,30725.17,30259.64,8379.59,61.28,0.286
2024-04-22,D,610,39082.3,17759.37,18869.33,2453.6,64.07,0.302
2024-04-22,E,1050,60925.01,27851.43,30288.43,2785.14,58.02,0.393
2024-04-23,A,3897,250838.22,125668.45,115196.08,9973.69,64.37,0.299
2024-04-23,B,2630,163407.82,78573.9,77710.45,7123.46,62.13,0.316
2024-04-23,C,1135,71612.53,31720.99,31240.37,8651.18,63.09,0.312
2024-04-23,D,677,44069.25,20025.49,21277.08,2766.68,65.09,0.241
2024-04-23,E,1048,58836.3,26896.6,29250.05,2689.66,56.14,0.381
2024-04-24,A,4337,263583.55,132053.79,121049.3,10480.46,60.78,0.28
2024-04-24,B,2827,168628.07,81084.04,80193.01,7351.03,59.65,0.206
2024-04-24,C,1460,87531.08,38772.16,38184.7,10574.22,59.95,0.364
2024-04-24,D,838,44277.69,20120.2,21377.72,2779.77,52.84,0.275
2024-04-24,E,1036,63832.06,29180.37,31733.65,2918.04,61.61,0.432
2024-04-25,A,4503,294332.91,147459.03,135170.78,11703.1,65.36,0.259
2024-04-25,B,2252,150589.44,72410.25,71614.53,6564.67,66.87,0.287
2024-04-25,C,1067,66882.52,29625.81,29176.94,8079.77,62.68,0.308
2024-04-25,D,782,46277.67,21029.02,22343.33,2905.32,59.18,0.302
2024-04-25,E,1068,66602.93,30447.05,33111.17,3044.71,62.36,0.408
2024-04-26,A,4005,230847.56,115653.25,106015.48,9178.83,57.64,0.302
2024-04-26,B,2218,159031.54,76469.59,75629.26,6932.68,71.7,0.27
2024-04-26,C,621,42732.39,18928.44,18641.65,5162.3,68.81,0.218
2024-04-26,D,604,39299.96,17858.28,18974.42,2467.26,65.07,0.322
2024-04-26,E,858,54691.29,25001.73,27189.38,2500.17,63.74,0.411
2024-04-27,A,3919,223781.16,112113.02,102770.27,8897.86,57.1,0.277
2024-04-27,B,2301,139406.04,67032.76,66296.14,6077.15,60.58,0.28
2024-04-27,C,968,62680.39,27764.47,27343.8,7572.13,64.75,0.279
2024-04-27,D,692,40878.04,18575.37,19736.33,2566.33,59.07,0.286
2024-04-27,E,832,55968.19,25585.46,27824.19,2558.55,67.27,0.406
2024-04-28,A,4022,235651.93,118060.21,108221.86,9369.86,58.59,0.276
2024-04-28,B,2714,141250.82,67919.81,67173.44,6157.57,52.05,0.282
2024-04-28,C,1029,62987.67,27900.58,27477.84,7609.25,61.21,0.264
2024-04-28,D,641,40161.24,18249.65,19390.26,2521.33,62.65,0.272
2024-04-28,E,805,48582.0,22208.91,24152.19,2220.89,60.35,0.416
2024-04-29,A,4452,278844.4,139699.38,128057.76,11087.25,62.63,0.278
2024-04-29,B,2535,159881.8,76878.43,76033.62,6969.75,63.07,0.297
2024-04-29,C,1100,59290.97,26263.11,25865.19,7162.67,53.9,0.333
2024-04-29,D,704,43965.03,19978.13,21226.76,2760.14,62.45,0.276
2024-04-29,E,992,61273.1,28010.56,30461.49,2801.06,61.77,0.422
2024-04-30,A,4159,252326.42,126414.03,115879.53,10032.86,60.67,0.222
2024-04-30,B,2466,153883.07,73993.97,73180.85,6708.24,62.4,0.27
2024-04-30,C,1226,70761.03,31343.81,30868.91,8548.31,57.72,0.243
2024-04-30,D,661,42164.18,19159.81,20357.29,2647.08,63.79,0.253
2024-04-30,E,772,50039.1,22875.02,24876.58,2287.5,64.82,0.457
2024-05-01,A,5021,254945.61,127726.23,117082.38,10137.0,50.78,0.285
2024-05-01,B,2939,176531.58,84884.41,83951.61,7695.56,60.07,0.367
2024-05-01,C,1081,63769.16,28246.74,27818.76,7703.66,58.99,0.309
2024-05-01,D,732,43342.85,19695.4,20926.37,2721.08,59.21,0.277
2024-05-01,E,1062,67364.59,30795.24,33489.82,3079.52,63.43,0.356
2024-05-02,A,4518,295941.83,148265.09,135909.67,11767.07,65.5,0.278
2024-05-02,B,2039,131839.0,63394.18,62697.54,5747.27,64.66,0.225
2024-05-02,C,1205,83555.0,37010.94,36450.17,10093.89,69.34,0.332
2024-05-02,D,730,42102.3,19131.69,20327.42,2643.19,57.67,0.271
2024-05-02,E,819,51270.07,23437.75,25488.55,2343.77,62.6,0.403
2024-05-03,A,3364,221294.71,110867.33,101628.38,8798.99,65.78,0.293
2024-05-03,B,2112,125906.32,60541.48,59876.19,5488.65,59.61,0.298
2024-05-03,C,874,58250.87,25802.4,25411.46,7037.02,66.65,0.286
2024-05-03,D,673,40305.95,18315.41,19460.12,2530.42,59.89,0.212
2024-05-03,E,981,60608.01,27706.52,30130.84,2770.65,61.78,0.401
2024-05-04,A,4051,259588.18,130052.13,119214.45,10321.6,64.08,0.312
2024-05-04,B,1686,97639.93,46949.71,46433.78,4256.43,57.91,0.27
2024-05-04,C,1159,72610.26,32162.93,31675.61,8771.71,62.65,0.319
2024-05-04,D,641,40984.32,18623.67,19787.65,2573.01,63.94,0.276
2024-05-04,E,782,47465.77,21698.64,23597.27,2169.86,60.7,0.469
2024-05-05,A,4168,230257.16,115357.46,105744.34,9155.35,55.24,0.253
2024-05-05,B,2651,156616.47,75308.32,74480.75,6827.4,59.08,0.226
2024-05-05,C,930,61925.59,27430.13,27014.52,7480.94,66.59,0.249
2024-05-05,D,624,38146.61,17334.18,18417.57,2394.85,61.13,0.276
2024-05-05,E,1031,63546.81,29049.97,31591.84,2905.0,61.64,0.451
2024-05-06,A,4473,285417.12,142992.27,131076.25,11348.59,63.81,0.264
2024-05-06,B,2547,151659.3,72924.68,72123.31,6611.3,59.54,0.252
2024-05-06,C,1201,78027.98,34562.73,34039.05,9426.2,64.97,0.295
2024-05-06,D,620,41309.85,18771.59,19944.81,2593.44,66.63,0.304
2024-05-06,E,982,60263.95,27549.23,29959.79,2754.92,61.37,0.425
2024-05-07,A,4201,259075.54,129795.3,118979.03,10301.21,61.67,0.265
2024-05-07,B,2569,156372.02,75190.77,74364.5,6816.75,60.87,0.307
2024-05-07,C,1187,68746.94,30451.67,29990.28,8305.0,57.92,0.283
2024-05-07,D,674,45291.1,20580.71,21867.01,2843.39,67.2,0.272
2024-05-07,E,889,58815.97,26887.3,29239.94,2688.73,66.16,0.418
2024-05-08,A,4013,232146.39,116303.96,106611.96,9230.47,57.85,0.229
2024-05-08,B,2202,145482.13,69954.42,69185.69,6342.02,66.07,0.247
2024-05-08,C,1168,68337.78,30270.43,29811.79,8255.57,58.51,0.287
2024-05-08,D,700,43724.05,19868.62,21110.41,2745.01,62.46,0.252
2024-05-08,E,971,59718.55,27299.91,29688.65,2729.99,61.5,0.382
2024-05-09,A,3669,232231.07,116346.38,106650.85,9233.84,63.3,0.277
2024-05-09,B,2486,150987.37,72601.59,71803.77,6582.01,60.74,0.221
2024-05-09,C,1114,74519.19,33008.5,32508.37,9002.32,66.89,0.255
2024-05-09,D,655,37854.51,17201.45,18276.54,2376.52,57.79,0.251
2024-05-09,E,843,49620.99,22683.88,24668.72,2268.39,58.86,0.456
2024-05-10,A,3482,228131.22,114292.38,104768.02,9070.82,65.52,0.309
2024-05-10,B,2012,125001.06,60106.19,59445.68,5449.19,62.13,0.311
2024-05-10,C,788,49281.51,21829.39,21498.64,5953.47,62.54,0.309
2024-05-10,D,637,37919.28,17230.88,18307.81,2380.58,59.53,0.278
2024-05-10,E,963,54066.98,24716.34,26879.01,2471.63,56.14,0.407
2024-05-11,A,3503,232517.6,116489.93,106782.44,9245.23,66.38,0.274
2024-05-11,B,2267,137472.72,66103.13,65376.72,5992.87,60.64,0.266
2024-05-11,C,1129,66078.78,29269.79,28826.31,7982.67,58.53,0.291
2024-05-11,D,646,37653.89,17110.29,18179.68,2363.92,58.29,0.256
2024-05-11,E,799,48880.52,22345.38,24300.6,2234.54,61.18,0.48
2024-05-12,A,3785,257886.69,129199.69,118433.05,10253.94,68.13,0.26
2024-05-12,B,2115,134520.48,64683.56,63972.75,5864.17,63.6,0.259
2024-05-12,C,876,57030.76,25261.95,24879.19,6889.62,65.1,0.265
2024-05-12,D,658,41338.65,18784.68,19958.72,2595.25,62.82,0.318
2024-05-12,E,864,52579.34,24036.27,26139.44,2403.63,60.86,0.408
2024-05-13,A,3939,248971.71,124733.34,114338.9,9899.47,63.21,0.227
2024-05-13,B,2908,168038.15,80800.38,79912.46,7325.31,57.78,0.354
2024-05-13,C,1246,76640.52,33948.15,33433.78,9258.59,61.51,0.276
2024-05-13,D,780,52997.53,24082.58,25587.75,3327.2,67.95,0.292
2024-05-13,E,775,50909.26,23272.8,25309.18,2327.28,65.69,0.455
2024-05-14,A,3780,248447.56,124470.74,114098.18,9878.63,65.73,0.306
2024-05-14,B,2319,159395.54,76644.62,75802.37,6948.55,68.73,0.272
2024-05-14,C,1071,68429.06,30310.86,29851.6,8266.6,63.89,0.293
2024-05-14,D,784,47982.8,21803.84,23166.59,3012.37,61.2,0.315
2024-05-14,E,835,52421.24,23963.99,26060.84,2396.4,62.78,0.409
2024-05-15,A,4463,277052.66,138801.73,127234.92,11016.01,62.08,0.257
2024-05-15,B,2402,156587.16,75294.22,74466.81,6826.12,65.19,0.272
2024-05-15,C,1222,77172.64,34183.86,33665.92,9322.87,63.15,0.224
2024-05-15,D,545,36721.29,16686.5,17729.41,2305.37,67.38,0.311
2024-05-15,E,887,58413.96,26703.52,29040.08,2670.35,65.86,0.443
2024-05-16,A,4851,289337.52,144956.37,132876.67,11504.47,59.64,0.283
2024-05-16,B,2219,146540.44,70463.3,69688.98,6388.16,66.04,0.3
2024-05-16,C,1052,72758.44,32228.57,31740.26,8789.61,69.16,0.237
2024-05-16,D,596,39395.01,17901.47,19020.31,2473.23,66.1,0.251
2024-05-16,E,830,50346.76,23015.66,25029.53,2301.57,60.66,0.367
2024-05-17,A,3650,230785.13,115621.98,105986.81,9176.35,63.23,0.234
2024-05-17,B,1795,111017.05,53382.04,52795.43,4839.58,61.85,0.243
2024-05-17,C,823,55115.77,24413.7,24043.79,6658.28,66.97,0.345
2024-05-17,D,587,38866.34,17661.24,18765.06,2440.04,66.21,0.357
2024-05-17,E,756,45377.06,20743.8,22558.88,2074.38,60.02,0.366
2024-05-18,A,3403,205671.17,103040.03,94453.36,8177.78,60.44,0.335
2024-05-18,B,2263,141683.42,68127.82,67379.17,6176.42,62.61,0.272
2024-05-18,C,826,48930.26,21673.81,21345.42,5911.04,59.24,0.301
2024-05-18,D,590,35609.05,16181.09,17192.41,2235.55,60.35,0.329
2024-05-18,E,721,48261.12,22062.23,23992.67,2206.22,66.94,0.364
2024-05-19,A,3569,218098.45,109266.03,100160.52,8671.91,61.11,0.322
2024-05-19,B,2157,133112.86,64006.71,63303.34,5802.81,61.71,0.25
2024-05-19,C,681,45181.66,20013.35,19710.12,5458.19,66.35,0.315
2024-05-19,D,599,35921.62,16323.13,17343.32,2255.17,59.97,0.298
2024-05-19,E,872,52364.98,23938.28,26032.87,2393.83,60.05,0.425
2024-05-20,A,3914,243346.87,121915.33,111755.72,9675.82,62.17,0.245
2024-05-20,B,2407,150939.86,72578.74,71781.17,6579.94,62.71,0.278
2024-05-20,C,1123,71385.69,31620.51,31141.41,8623.78,63.57,0.337
2024-05-20,D,775,52157.94,23701.07,25182.38,3274.49,67.3,0.239
2024-05-20,E,1031,64206.17,29351.39,31919.64,2935.14,62.28,0.449
2024-05-21,A,4363,271247.1,135893.18,124568.75,10785.17,62.17,0.281
2024-05-21,B,2540,159867.18,76871.4,76026.66,6969.11,62.94,0.304
2024-05-21,C,873,55785.97,24710.56,24336.16,6739.24,63.9,0.22
2024-05-21,D,692,40322.95,18323.13,19468.33,2531.49,58.27,0.252
2024-05-21,E,1139,67571.25,30889.71,33592.56,3088.97,59.33,0.382
2024-05-22,A,3759,214564.83,107495.7,98537.73,8531.4,57.08,0.276
2024-05-22,B,2272,140638.71,67625.48,66882.35,6130.88,61.9,0.282
2024-05-22,C,1004,62279.81,27587.03,27169.05,7523.74,62.03,0.318
2024-05-22,D,679,41374.3,18800.88,19975.93,2597.49,60.93,0.268
2024-05-22,E,916,59755.76,27316.92,29707.15,2731.69,65.24,0.442
2024-05-23,A,3856,236005.56,118237.38,108384.26,9383.92,61.2,0.28
2024-05-23,B,3063,182611.82,87808.06,86843.14,7960.62,59.62,0.258
2024-05-23,C,953,56323.36,24948.6,24570.59,6804.16,59.1,0.226
2024-05-23,D,688,45101.54,20494.57,21775.48,2831.49,65.55,0.276
2024-05-23,E,809,48561.81,22199.69,24142.16,2219.97,60.03,0.386
2024-05-24,A,4484,271082.61,135810.77,124493.21,10778.63,60.46,0.273
2024-05-24,B,2029,127601.23,61356.47,60682.22,5562.54,62.89,0.261
2024-05-24,C,998,66176.88,29313.25,28869.11,7994.52,66.31,0.253
2024-05-24,D,562,36743.73,16696.7,17740.25,2306.78,65.38,0.274
2024-05-24,E,901,54119.86,24740.51,26905.3,2474.05,60.07,0.445
2024-05-25,A,4030,257201.96,128856.65,118118.59,10226.72,63.82,0.308
2024-05-25,B,1943,125179.7,60192.09,59530.64,5456.98,64.43,0.235
2024-05-25,C,1175,70053.73,31030.51,30560.35,8462.87,59.62,0.311
2024-05-25,D,514,33661.13,15295.94,16251.93,2113.25,65.49,0.25
2024-05-25,E,746,52818.86,24145.77,26258.52,2414.58,70.8,0.431
2024-05-26,A,3713,228898.11,114676.59,105120.21,9101.32,61.65,0.288
2024-05-26,B,2421,151928.36,73054.06,72251.27,6623.03,62.75,0.316
2024-05-26,C,983,59589.23,26395.23,25995.3,7198.7,60.62,0.298
2024-05-26,D,647,39245.12,17833.36,18947.94,2463.82,60.66,0.28
2024-05-26,E,826,51584.03,23581.27,25644.63,2358.13,62.45,0.365
2024-05-27,A,4384,279440.76,139998.15,128331.64,11110.96,63.74,0.265
2024-05-27,B,2690,176929.14,85075.57,84140.67,7712.9,65.77,0.305
2024-05-27,C,1268,75418.69,33406.94,32900.77,9110.98,59.48,0.215
2024-05-27,D,681,43541.68,19785.76,21022.37,2733.56,63.94,0.206
2024-05-27,E,950,62797.01,28707.2,31219.08,2870.72,66.1,0.416
2024-05-28,A,4496,271356.35,135947.91,124618.92,10789.52,60.36,0.35
2024-05-28,B,2431,151081.17,72646.69,71848.38,6586.1,62.15,0.289
2024-05-28,C,976,62798.54,27816.8,27395.34,7586.4,64.34,0.235
2024-05-28,D,661,37611.52,17091.04,18159.23,2361.26,56.9,0.31
2024-05-28,E,997,60249.38,27542.57,29952.55,2754.26,60.43,0.398
2024-05-29,A,4975,277266.44,138908.83,127333.09,11024.51,55.73,0.333
2024-05-29,B,2729,168156.9,80857.48,79968.94,7330.49,61.62,0.257
2024-05-29,C,1221,68131.92,30179.24,29721.98,8230.7,55.8,0.274
2024-05-29,D,835,50927.02,23141.72,24588.08,3197.21,60.99,0.271
2024-05-29,E,887,57011.38,26062.34,28342.8,2606.23,64.27,0.491
2024-05-30,A,4096,256466.14,128488.0,117780.67,10197.46,62.61,0.305
2024-05-30,B,2036,120444.41,57915.15,57278.72,5250.55,59.16,0.282
2024-05-30,C,1079,65430.4,28982.59,28543.46,7904.34,60.64,0.265
2024-05-30,D,624,41725.38,18960.41,20145.44,2619.53,66.87,0.32
2024-05-30,E,927,54755.74,25031.19,27221.42,2503.12,59.07,0.402
2024-05-31,A,4827,277189.96,138870.52,127297.98,11021.47,57.42,0.301
2024-05-31,B,2222,151909.16,73044.83,72242.14,6622.2,68.37,0.298
2024-05-31,C,871,50176.52,22225.84,21889.08,6061.59,57.61,0.305
2024-05-31,D,655,41279.19,18757.66,19930.01,2591.52,63.02,0.271
2024-05-31,E,739,40817.48,18659.42,20292.12,1865.94,55.23,0.395
2024-06-01,A,3368,229554.78,115005.58,105421.78,9127.43,68.16,0.327
2024-06-01,B,2432,153336.58,73731.2,72920.96,6684.42,63.05,0.275
2024-06-01,C,1100,68590.29,30382.27,29921.94,8286.07,62.35,0.225
2024-06-01,D,634,39825.58,18097.12,19228.19,2500.26,62.82,0.276
2024-06-01,E,958,57234.78,26164.47,28453.86,2616.45,59.74,0.407
2024-06-02,A,4172,265088.84,132807.93,121740.6,10540.31,63.54,0.298
2024-06-02,B,2268,147613.73,70979.39,70199.4,6434.94,65.09,0.313
2024-06-02,C,888,59190.97,26218.82,25821.56,7150.59,66.66,0.314
2024-06-02,D,590,40286.26,18306.46,19450.62,2529.18,68.28,0.261
2024-06-02,E,941,61139.19,27949.34,30394.91,2794.93,64.97,0.401
2024-06-03,A,3439,242398.59,121440.25,111320.23,9638.11,70.49,0.26
2024-06-03,B,2054,137204.91,65974.36,65249.36,5981.19,66.8,0.252
2024-06-03,C,1250,77930.95,34519.75,33996.73,9414.48,62.34,0.271
2024-06-03,D,751,43226.46,19642.52,20870.17,2713.77,57.56,0.258
2024-06-03,E,1054,62662.4,28645.67,31152.16,2864.57,59.45,0.385
2024-06-04,A,3767,248643.19,124568.75,114188.03,9886.41,66.01,0.256
2024-06-04,B,2557,169039.18,81281.72,80388.52,7368.95,66.11,0.301
2024-06-04,C,1014,67267.87,29796.51,29345.05,8126.32,66.34,0.265
2024-06-04,D,839,49272.24,22389.78,23789.14,3093.32,58.73,0.288
2024-06-04,E,1084,62855.73,28734.05,31248.28,2873.4,57.98,0.401
2024-06-05,A,4379,275448.94,137998.27,126498.42,10952.24,62.9,0.32
2024-06-05,B,2453,166066.02,79852.09,78974.59,7239.34,67.7,0.338
2024-06-05,C,954,63009.07,27910.06,27487.18,7611.83,66.05,0.273
2024-06-05,D,593,36257.87,16475.92,17505.67,2276.28,61.14,0.28
2024-06-05,E,897,60319.84,27574.78,29987.58,2757.48,67.25,0.376
2024-06-06,A,4542,263538.46,132031.2,121028.6,10478.67,58.02,0.285
2024-06-06,B,2818,181859.04,87446.09,86485.14,7927.8,64.53,0.247
2024-06-06,C,1173,79351.69,35149.07,34616.51,9586.11,67.65,0.267
2024-06-06,D,733,43584.67,19805.29,21043.12,2736.26,59.46,0.257
2024-06-06,E,980,55289.2,25275.06,27486.63,2527.51,56.42,0.434
2024-06-07,A,4418,250142.59,125319.94,114876.62,9946.03,56.62,0.298
2024-06-07,B,2365,144919.9,69684.07,68918.31,6317.51,61.28,0.289
2024-06-07,C,1239,72782.4,32239.18,31750.71,8792.5,58.74,0.274
2024-06-07,D,564,38548.15,17516.65,18611.44,2420.06,68.35,0.267
2024-06-07,E,726,48454.34,22150.56,24088.73,2215.06,66.74,0.425
2024-06-08,A,4232,235226.58,117847.11,108026.52,9352.95,55.58,0.255
2024-06-08,B,2101,130511.94,62756.07,62066.45,5689.42,62.12,0.264
2024-06-08,C,998,60284.27,26703.1,26298.51,7282.66,60.41,0.275
2024-06-08,D,603,37489.3,17035.5,18100.22,2353.59,62.17,0.272
2024-06-08,E,787,53701.79,24549.39,26697.46,2454.94,68.24,0.445
2024-06-09,A,2850,180095.11,90226.58,82707.7,7160.84,63.19,0.289
2024-06-09,B,1953,123363.4,59318.73,58666.87,5377.8,63.17,0.312
2024-06-09,C,1074,65364.47,28953.39,28514.7,7896.38,60.86,0.252
2024-06-09,D,633,40507.56,18407.02,19557.46,2543.08,63.99,0.23
2024-06-09,E,859,55352.52,25304.01,27518.11,2530.4,64.44,0.432
2024-06-10,A,4200,254314.86,127410.23,116792.71,10111.92,60.55,0.274
2024-06-10,B,3133,170374.41,81923.76,81023.5,7427.15,54.38,0.251
2024-06-10,C,1140,70987.65,31444.19,30967.77,8575.69,62.27,0.352
2024-06-10,D,775,47524.25,21595.48,22945.19,2983.59,61.32,0.294
2024-06-10,E,955,60593.83,27700.04,30123.79,2770.0,63.45,0.381
2024-06-11,A,4358,290247.72,145412.37,133294.68,11540.66,66.6,0.252
2024-06-11,B,2741,170857.91,82156.25,81253.43,7448.23,62.33,0.299
2024-06-11,C,1226,71842.23,31822.73,31340.57,8678.93,58.6,0.406
2024-06-11,D,742,49445.35,22468.44,23872.72,3104.19,66.64,0.326
2024-06-11,E,1036,63072.32,28833.06,31355.95,2883.31,60.88,0.421
2024-06-12,A,4387,279281.56,139918.4,128258.53,11104.63,63.66,0.294
2024-06-12,B,2170,131216.87,63095.04,62401.68,5720.15,60.47,0.22
2024-06-12,C,1131,67761.39,30015.11,29560.34,8185.94,59.91,0.295
2024-06-12,D,824,50801.82,23084.83,24527.64,3189.35,61.65,0.268
2024-06-12,E,1093,66764.63,30520.97,33191.56,3052.1,61.08,0.418
2024-06-13,A,3876,231605.97,116033.21,106363.78,9208.98,59.75,0.27
2024-06-13,B,2794,172729.08,83055.99,82143.29,7529.8,61.82,0.277
2024-06-13,C,1223,76868.56,34049.16,33533.27,9286.14,62.85,0.268
2024-06-13,D,661,42307.47,19224.92,20426.48,2656.07,64.01,0.331
2024-06-13,E,895,58255.03,26630.87,28961.07,2663.09,65.09,0.397
2024-06-14,A,4403,262901.2,131711.93,120735.94,10453.33,59.71,0.335
2024-06-14,B,2549,144028.08,69255.24,68494.2,6278.63,56.5,0.257
2024-06-14,C,838,52044.2,23053.13,22703.84,6287.22,62.11,0.301
2024-06-14,D,595,37779.89,17167.54,18240.51,2371.83,63.5,0.248
2024-06-14,E,826,51770.33,23666.44,25737.25,2366.64,62.68,0.418
2024-06-15,A,3434,231840.39,116150.65,106471.43,9218.31,67.51,0.211
2024-06-15,B,2594,165195.88,79433.68,78560.79,7201.41,63.68,0.292
2024-06-15,C,1190,74983.86,33214.33,32711.08,9058.45,63.01,0.343
2024-06-15,D,490,31663.57,14388.23,15287.49,1987.85,64.62,0.276
2024-06-15,E,865,52201.64,23863.61,25951.67,2386.36,60.35,0.436
2024-06-16,A,3836,232541.63,116501.97,106793.47,9246.19,60.62,0.297
2024-06-16,B,2296,133703.19,64290.57,63584.08,5828.54,58.23,0.259
2024-06-16,C,1132,68217.39,30217.1,29759.26,8241.03,60.26,0.28
2024-06-16,D,634,39914.79,18137.66,19271.27,2505.86,62.96,0.303
2024-06-16,E,876,55884.97,25547.42,27782.82,2554.74,63.8,0.401
2024-06-17,A,4628,249741.14,125118.82,114692.25,9930.07,53.96,0.318
2024-06-17,B,2575,159883.64,76879.32,76034.49,6969.83,62.09,0.287
2024-06-17,C,935,63604.38,28173.75,27746.88,7683.75,68.03,0.264
2024-06-17,D,719,48727.57,22142.27,23526.17,3059.13,67.77,0.27
2024-06-17,E,931,58479.59,26733.53,29072.71,2673.35,62.81,0.453
2024-06-18,A,3480,238909.8,119692.39,109718.02,9499.4,68.65,0.22
2024-06-18,B,2530,152513.11,73335.23,72529.35,6648.52,60.28,0.283
2024-06-18,C,1040,61788.16,27369.25,26954.57,7464.34,59.41,0.256
2024-06-18,D,691,43799.17,19902.76,21146.69,2749.72,63.39,0.278
2024-06-18,E,1214,71326.25,32606.28,35459.33,3260.63,58.75,0.433
2024-06-19,A,4289,233925.82,117195.44,107429.15,9301.23,54.54,0.265
2024-06-19,B,2510,154133.87,74114.57,73300.13,6719.18,61.41,0.28
2024-06-19,C,1325,78941.05,34967.18,34437.37,9536.5,59.58,0.234
2024-06-19,D,769,47643.24,21649.54,23002.64,2991.06,61.95,0.28
2024-06-19,E,996,59265.13,27092.63,29463.24,2709.26,59.5,0.426
2024-06-20,A,4219,273928.91,137236.75,125800.35,10891.81,64.93,0.279
2024-06-20,B,2536,158642.31,76282.43,75444.16,6915.72,62.56,0.336
2024-06-20,C,1181,77454.01,34308.49,33788.66,9356.86,65.58,0.295
2024-06-20,D,673,42534.67,19328.16,20536.17,2670.34,63.2,0.28
2024-06-20,E,939,65148.58,29782.21,32388.15,2978.22,69.38,0.376
2024-06-21,A,3420,222247.66,111344.75,102066.02,8836.89,64.98,0.27
2024-06-21,B,2484,149781.93,72021.96,71230.51,6529.46,60.3,0.3
2024-06-21,C,963,60449.49,26776.29,26370.58,7302.62,62.77,0.271
2024-06-21,D,705,42880.71,19485.4,20703.24,2692.06,60.82,0.272
2024-06-21,E,695,44795.15,20477.79,22269.59,2047.78,64.45,0.378
2024-06-22,A,4403,285346.26,142956.77,131043.71,11345.78,64.81,0.265
2024-06-22,B,2263,145696.39,70057.44,69287.58,6351.36,64.38,0.293
2024-06-22,C,1233,74426.26,32967.34,32467.83,8991.09,60.36,0.282
2024-06-22,D,609,39950.19,18153.75,19288.36,2508.08,65.6,0.296
2024-06-22,E,833,50634.32,23147.12,25172.49,2314.71,60.79,0.407
2024-06-23,A,3719,222909.04,111676.1,102369.76,8863.18,59.94,0.309
2024-06-23,B,2507,152232.79,73200.45,72396.04,6636.3,60.72,0.308
2024-06-23,C,1245,71577.03,31705.26,31224.88,8646.89,57.49,0.292
2024-06-23,D,601,37296.47,16947.87,18007.11,2341.48,62.06,0.277
2024-06-23,E,756,47272.51,21610.29,23501.19,2161.03,62.53,0.468
2024-06-24,A,4421,247671.17,124081.78,113741.63,9847.76,56.02,0.269
2024-06-24,B,2148,133575.22,64229.04,63523.22,5822.96,62.19,0.291
2024-06-24,C,1161,75328.33,33366.91,32861.35,9100.07,64.88,0.304
2024-06-24,D,853,55550.32,25242.6,26820.26,3487.46,65.12,0.296
2024-06-24,E,1203,71919.99,32877.71,35754.51,3287.77,59.78,0.367
2024-06-25,A,4359,278564.48,139559.14,127929.21,11076.12,63.91,0.292
2024-06-25,B,2227,133394.97,64142.36,63437.5,5815.1,59.9,0.284
2024-06-25,C,1305,84050.08,37230.24,36666.14,10153.7,64.41,0.285
2024-06-25,D,792,50192.26,22807.84,24233.33,3151.08,63.37,0.31
2024-06-25,E,1136,63933.99,29226.97,31784.32,2922.7,56.28,0.415
2024-06-26,A,3372,201019.89,100709.77,92317.29,7992.84,59.61,0.257
2024-06-26,B,2778,163711.09,78719.73,77854.68,7136.68,58.93,0.296
2024-06-26,C,1179,82184.16,36403.72,35852.15,9928.29,69.71,0.169
2024-06-26,D,791,42358.14,19247.95,20450.94,2659.26,53.55,0.277
2024-06-26,E,1044,63681.41,29111.5,31658.76,2911.15,61.0,0.43
2024-06-27,A,3783,254298.13,127401.85,116785.02,10111.26,67.22,0.301
2024-06-27,B,1996,128442.43,61760.96,61082.27,5599.21,64.35,0.283
2024-06-27,C,1243,75420.47,33407.73,32901.55,9111.2,60.68,0.235
2024-06-27,D,719,46525.01,21141.41,22462.75,2920.85,64.71,0.293
2024-06-27,E,928,60544.99,27677.71,30099.51,2767.77,65.24,0.429
2024-06-28,A,4041,243552.09,122018.14,111849.96,9683.98,60.27,0.37
2024-06-28,B,2727,170234.28,81856.38,80956.85,7421.05,62.43,0.222
2024-06-28,C,1098,66286.76,29361.92,28917.04,8007.8,60.37,0.268
2024-06-28,D,593,38258.45,17385.01,18471.57,2401.88,64.52,0.269
2024-06-28,E,1033,66409.18,30358.48,33014.85,3035.85,64.29,0.454
2024-06-29,A,3511,220331.64,110384.84,101186.1,8760.7,62.75,0.317
2024-06-29,B,1649,109260.71,52537.52,51960.18,4763.02,66.26,0.295
2024-06-29,C,1075,66468.92,29442.61,28996.51,8029.8,61.83,0.297
2024-06-29,D,779,43465.48,19751.13,20985.58,2728.77,55.8,0.293
2024-06-29,E,869,51978.99,23761.82,25840.98,2376.18,59.81,0.411
2024-06-30,A,3674,252016.44,126258.73,115737.17,10020.53,68.59,0.285
2024-06-30,B,2044,129880.44,62452.42,61766.13,5661.9,63.54,0.292
2024-06-30,C,1191,71886.87,31842.51,31360.04,8684.32,60.36,0.27
2024-06-30,D,617,41841.9,19013.36,20201.7,2626.85,67.82,0.293
2024-06-30,E,839,49204.97,22493.7,24461.9,2249.37,58.65,0.452
2024-07-01,A,5655,309523.28,155069.32,142146.87,12307.09,54.73,0.261
2024-07-01,B,3508,220042.61,105806.49,104643.78,9592.35,62.73,0.241
2024-07-01,C,1225,74253.35,32890.75,32392.4,8970.2,60.61,0.32
2024-07-01,D,774,49789.36,22624.76,24038.81,3125.79,64.33,0.268
2024-07-01,E,1062,71114.41,32509.45,35354.02,3250.94,66.96,0.432
2024-07-02,A,5484,339585.08,170130.1,155952.59,13502.39,61.92,0.307
2024-07-02,B,2411,165473.09,79566.98,78692.62,7213.49,68.63,0.325
2024-07-02,C,1529,94429.76,41827.95,41194.19,11407.62,61.76,0.321
2024-07-02,D,1257,71930.5,32685.91,34728.77,4515.82,57.22,0.313
2024-07-02,E,1624,95935.41,43856.19,47693.6,4385.62,59.07,0.444
2024-07-03,A,6036,379813.24,190284.17,174427.15,15101.92,62.92,0.263
2024-07-03,B,3454,210849.81,101386.17,100272.04,9191.6,61.05,0.27
2024-07-03,C,1301,82632.5,36602.31,36047.73,9982.45,63.51,0.255
2024-07-03,D,737,48968.21,22251.62,23642.35,3074.24,66.44,0.232
2024-07-03,E,1206,74783.96,34186.95,37178.31,3418.7,62.01,0.417
2024-07-04,A,6205,375941.52,188344.46,172649.09,14947.97,60.59,0.291
2024-07-04,B,3114,198428.43,95413.41,94364.91,8650.12,63.72,0.293
2024-07-04,C,1121,74456.63,32980.79,32481.08,8994.76,66.42,0.32
2024-07-04,D,765,46164.16,20977.44,22288.53,2898.2,60.35,0.284
2024-07-04,E,1080,67206.49,30722.97,33411.23,3072.3,62.23,0.412
2024-07-05,A,5538,328308.47,164480.58,150773.87,13054.01,59.28,0.227
2024-07-05,B,2856,183816.75,88387.45,87416.16,8013.15,64.36,0.309
2024-07-05,C,1443,88647.94,39266.87,38671.92,10709.15,61.43,0.25
2024-07-05,D,626,37834.74,17192.47,18267.0,2375.28,60.44,0.229
2024-07-05,E,1033,65568.62,29974.23,32596.97,2997.42,63.47,0.403
2024-07-06,A,4685,294359.58,147472.4,135183.03,11704.16,62.83,0.252
2024-07-06,B,2913,176723.21,84976.55,84042.74,7703.92,60.67,0.316
2024-07-06,C,1279,74316.59,32918.76,32419.99,8977.84,58.11,0.251
2024-07-06,D,809,46827.4,21278.82,22608.74,2939.84,57.88,0.298
2024-07-06,E,987,60623.43,27713.57,30138.51,2771.36,61.42,0.443
2024-07-07,A,5198,317911.25,159271.64,145999.0,12640.61,61.16,0.275
2024-07-07,B,2999,180990.9,87028.65,86072.29,7889.96,60.35,0.3
2024-07-07,C,1413,83020.26,36774.08,36216.89,10029.29,58.75,0.257
2024-07-07,D,888,52306.43,23768.54,25254.08,3283.81,58.9,0.302
2024-07-07,E,1079,67048.96,30650.95,33332.91,3065.1,62.14,0.433
2024-07-08,A,5489,337894.09,169282.92,155176.01,13435.15,61.56,0.271
2024-07-08,B,3244,193023.62,92814.53,91794.59,8414.5,59.5,0.265
2024-07-08,C,1477,90896.79,40263.01,39652.96,10980.82,61.54,0.29
2024-07-08,D,807,50556.35,22973.29,24409.12,3173.94,62.65,0.266
2024-07-08,E,1107,64931.48,29682.96,32280.22,2968.3,58.66,0.382
2024-07-09,A,4998,341883.03,171281.36,157007.91,13593.76,68.4,0.274
2024-07-09,B,3188,194512.37,93530.38,92502.58,8479.4,61.01,0.324
2024-07-09,C,1446,81505.67,36103.18,35556.17,9846.32,56.37,0.248
2024-07-09,D,948,57824.53,26276.02,27918.27,3630.24,61.0,0.297
2024-07-09,E,1159,70025.41,32011.62,34812.63,3201.16,60.42,0.404
2024-07-10,A,4227,276819.95,138685.15,127128.05,11006.76,65.49,0.304
2024-07-10,B,2819,174687.32,83997.6,83074.55,7615.17,61.97,0.291
2024-07-10,C,1526,92376.36,40918.39,40298.41,11159.56,60.53,0.322
2024-07-10,D,937,55951.73,25425.0,27014.07,3512.66,59.71,0.246
2024-07-10,E,935,63214.09,28897.87,31426.44,2889.79,67.61,0.405
2024-07-11,A,6233,392713.91,196747.33,180351.72,15614.87,63.01,0.295
2024-07-11,B,3131,184001.82,88476.44,87504.17,8021.22,58.77,0.297
2024-07-11,C,1239,73508.06,32560.62,32067.28,8880.17,59.33,0.331
2024-07-11,D,882,58215.09,26453.49,28106.84,3654.76,66.0,0.278
2024-07-11,E,989,59355.69,27134.03,29508.26,2713.4,60.02,0.4
2024-07-12,A,4401,296214.06,148401.48,136034.69,11777.9,67.31,0.294
2024-07-12,B,2870,170189.26,81834.73,80935.45,7419.08,59.3,0.237
2024-07-12,C,1120,68186.34,30203.34,29745.72,8237.28,60.88,0.293
2024-07-12,D,642,39081.05,17758.8,18868.73,2453.52,60.87,0.298
2024-07-12,E,1082,66855.4,30562.47,33236.69,3056.25,61.79,0.436
2024-07-13,A,4783,305317.43,152962.21,140215.36,12139.86,63.83,0.319
2024-07-13,B,2893,177440.28,85321.35,84383.75,7735.18,61.33,0.282
2024-07-13,C,870,53648.06,23763.57,23403.52,6480.97,61.66,0.253
2024-07-13,D,786,52218.85,23728.75,25211.79,3278.31,66.44,0.28
2024-07-13,E,905,58210.23,26610.39,28938.8,2661.04,64.32,0.42
2024-07-14,A,4272,267427.09,133979.38,122814.43,10633.28,62.6,0.318
2024-07-14,B,3977,220417.78,105986.89,104822.2,9608.7,55.42,0.22
2024-07-14,C,1185,68226.93,30221.32,29763.42,8242.18,57.58,0.265
2024-07-14,D,844,52037.5,23646.34,25124.23,3266.93,61.66,0.326
2024-07-14,E,1027,65068.87,29745.77,32348.52,2974.58,63.36,0.433
2024-07-15,A,5566,333120.4,166891.33,152983.72,13245.34,59.85,0.268
2024-07-15,B,3013,171654.73,82539.39,81632.37,7482.97,56.97,0.254
2024-07-15,C,1414,94061.32,41664.75,41033.46,11363.11,66.52,0.242
2024-07-15,D,727,47336.53,21510.17,22854.56,2971.8,65.11,0.263
2024-07-15,E,1046,65832.64,30094.92,32728.23,3009.49,62.94,0.389
2024-07-16,A,6014,358067.42,179389.64,164440.5,14237.27,59.54,0.314
2024-07-16,B,3167,195915.35,94205.0,93169.78,8540.56,61.86,0.319
2024-07-16,C,1664,93738.37,41521.7,40892.58,11324.1,56.33,0.225
2024-07-16,D,852,60135.78,27326.27,29034.16,3775.34,70.58,0.28
2024-07-16,E,1127,66190.32,30258.43,32906.05,3025.84,58.73,0.461
2024-07-17,A,5310,312281.69,156451.27,143413.66,12416.77,58.81,0.289
2024-07-17,B,3004,192934.88,92771.86,91752.39,8410.64,64.23,0.33
2024-07-17,C,1510,85152.23,37718.44,37146.95,10286.85,56.39,0.288
2024-07-17,D,808,45634.17,20736.6,22032.64,2864.93,56.48,0.252
2024-07-17,E,1597,88968.88,40671.49,44230.24,4067.15,55.71,0.393
2024-07-18,A,6094,375541.91,188144.26,172465.57,14932.08,61.62,0.285
2024-07-18,B,2727,161641.95,77724.79,76870.68,7046.48,59.27,0.309
2024-07-18,C,1723,98823.1,43773.99,43110.75,11938.36,57.36,0.262
2024-07-18,D,882,53247.92,24196.36,25708.64,3342.92,60.37,0.307
2024-07-18,E,926,61833.98,28266.96,30740.32,2826.7,66.78,0.379
2024-07-19,A,4932,314454.1,157539.63,144411.33,12503.15,63.76,0.265
2024-07-19,B,2966,202326.88,97287.96,96218.86,8820.06,68.22,0.271
2024-07-19,C,1438,88170.74,39055.49,38463.74,10651.5,61.31,0.316
2024-07-19,D,862,53409.23,24269.67,25786.52,3353.05,61.96,0.246
2024-07-19,E,1101,70781.58,32357.29,35188.56,3235.73,64.29,0.43
2024-07-20,A,4740,279329.43,139942.38,128280.51,11106.54,58.93,0.265
2024-07-20,B,3106,180758.8,86917.05,85961.91,7879.84,58.2,0.268
2024-07-20,C,1332,86154.05,38162.2,37583.98,10407.87,64.68,0.274
2024-07-20,D,662,39887.14,18125.1,19257.92,2504.13,60.25,0.311
2024-07-20,E,1077,70309.63,32141.54,34953.93,3214.15,65.28,0.407
2024-07-21,A,4313,275675.99,138112.03,126602.69,10961.27,63.92,0.27
2024-07-21,B,2697,177315.01,85261.11,84324.18,7729.72,65.75,0.282
2024-07-21,C,1322,82396.91,36497.96,35944.96,9953.99,62.33,0.292
2024-07-21,D,686,48047.03,21833.03,23197.6,3016.41,70.04,0.25
2024-07-21,E,1070,66400.06,30354.31,33010.32,3035.43,62.06,0.346
2024-07-22,A,5059,339470.39,170072.64,155899.92,13497.83,67.1,0.338
2024-07-22,B,2910,189545.34,91142.01,90140.45,8262.87,65.14,0.269
2024-07-22,C,1433,94046.96,41658.39,41027.2,11361.38,65.63,0.277
2024-07-22,D,929,55869.37,25387.58,26974.3,3507.49,60.14,0.254
2024-07-22,E,1050,67493.11,30853.99,33553.72,3085.4,64.28,0.406
2024-07-23,A,5460,341436.38,171057.59,156802.79,13576.0,62.53,0.333
2024-07-23,B,3092,200528.61,96423.27,95363.67,8741.67,64.85,0.312
2024-07-23,C,1483,89070.82,39454.19,38856.4,10760.23,60.06,0.32
2024-07-23,D,942,60041.4,27283.39,28988.6,3769.42,63.74,0.283
2024-07-23,E,1389,74707.1,34151.82,37140.1,3415.18,53.78,0.405
2024-07-24,A,4815,301377.99,150988.57,138406.19,11983.22,62.59,0.28
2024-07-24,B,3584,218075.56,104860.64,103708.32,9506.6,60.85,0.283
2024-07-24,C,1398,83209.76,36858.02,36299.56,10052.19,59.52,0.225
2024-07-24,D,772,52966.7,24068.58,25572.86,3325.26,68.61,0.307
2024-07-24,E,1127,68217.84,31185.3,33914.01,3118.53,60.53,0.376
2024-07-25,A,4180,296145.98,148367.37,136003.42,11775.19,70.85,0.276
2024-07-25,B,3367,214308.74,103049.38,101916.97,9342.39,63.65,0.233
2024-07-25,C,1402,83088.71,36804.4,36246.75,10037.56,59.26,0.254
2024-07-25,D,905,53416.91,24273.15,25790.23,3353.53,59.02,0.303
2024-07-25,E,1028,64630.38,29545.32,32130.53,2954.53,62.87,0.432
2024-07-26,A,3696,225336.33,112892.16,103484.48,8959.69,60.97,0.236
2024-07-26,B,2998,190201.99,91457.76,90452.73,8291.5,63.44,0.25
2024-07-26,C,1087,70331.3,31153.46,30681.44,8496.4,64.7,0.28
2024-07-26,D,805,47733.5,21690.56,23046.22,2996.72,59.3,0.265
2024-07-26,E,893,57704.71,26379.3,28687.48,2637.93,64.62,0.471
2024-07-27,A,6154,328034.77,164343.46,150648.18,13043.13,53.3,0.261
2024-07-27,B,2524,146966.4,70668.12,69891.55,6406.73,58.23,0.29
2024-07-27,C,1387,86291.52,38223.09,37643.95,10424.48,62.21,0.266
2024-07-27,D,812,49143.46,22331.26,23726.96,3085.24,60.52,0.255
2024-07-27,E,1252,74783.48,34186.73,37178.07,3418.67,59.73,0.401
2024-07-28,A,5321,308767.58,154690.72,141799.82,12277.04,58.03,0.273
2024-07-28,B,2762,177954.79,85568.75,84628.43,7757.61,64.43,0.231
2024-07-28,C,1511,90823.46,40230.53,39620.97,10971.96,60.11,0.257
2024-07-28,D,670,42650.68,19380.88,20592.18,2677.62,63.66,0.255
2024-07-28,E,1014,62043.63,28362.8,30844.55,2836.28,61.19,0.476
2024-07-29,A,5187,323098.84,161870.59,148381.37,12846.87,62.29,0.295
2024-07-29,B,2629,181253.29,87154.82,86197.07,7901.4,68.94,0.295
2024-07-29,C,1412,79855.74,35372.34,34836.4,9647.0,56.56,0.301
2024-07-29,D,908,56915.54,25862.96,27479.4,3573.17,62.68,0.236
2024-07-29,E,1359,85572.87,39119.02,42541.94,3911.9,62.97,0.447
2024-07-30,A,4462,267176.4,133853.78,122699.3,10623.32,59.88,0.314
2024-07-30,B,2195,139039.36,66856.44,66121.76,6061.16,63.34,0.333
2024-07-30,C,1482,93093.93,41236.24,40611.45,11246.25,62.82,0.319
2024-07-30,D,775,46178.58,20983.99,22295.49,2899.1,59.59,0.244
2024-07-30,E,1212,73070.13,33403.49,36326.29,3340.35,60.29,0.416
2024-07-31,A,5587,334708.3,167686.86,153712.96,13308.48,59.91,0.275
2024-07-31,B,2731,169228.61,81372.81,80478.6,7377.2,61.97,0.26
2024-07-31,C,1434,81204.56,35969.8,35424.81,9809.95,56.63,0.295
2024-07-31,D,662,45181.85,20531.06,21814.25,2836.53,68.25,0.263
2024-07-31,E,1372,79435.03,36313.16,39490.56,3631.32,57.9,0.379
2024-08-01,A,3628,227738.72,114095.74,104587.76,9055.22,62.77,0.283
2024-08-01,B,2723,148217.18,71269.55,70486.37,6461.25,54.43,0.297
2024-08-01,C,984,59838.07,26505.45,26103.86,7228.76,60.81,0.278
2024-08-01,D,800,43042.52,19558.93,20781.37,2702.22,53.8,0.283
2024-08-01,E,864,50787.51,23217.15,25248.65,2321.71,58.78,0.383
2024-08-02,A,3389,212695.79,106559.32,97679.38,8457.09,62.76,0.268
2024-08-02,B,1907,127533.34,61323.82,60649.94,5559.58,66.88,0.332
2024-08-02,C,966,61489.72,27237.06,26824.37,7428.29,63.65,0.276
2024-08-02,D,586,38447.05,17470.71,18562.63,2413.72,65.61,0.276
2024-08-02,E,707,42339.0,19354.97,21048.53,1935.5,59.89,0.421
2024-08-03,A,2842,173576.35,86960.71,79713.99,6901.64,61.08,0.279
2024-08-03,B,1923,123104.8,59194.38,58543.9,5366.52,64.02,0.271
2024-08-03,C,1019,60336.02,26726.02,26321.08,7288.91,59.21,0.327
2024-08-03,D,500,29875.73,13575.82,14424.3,1875.61,59.75,0.308
2024-08-03,E,741,45941.01,21001.61,22839.25,2100.16,62.0,0.402
2024-08-04,A,3693,236446.08,118458.08,108586.57,9401.43,64.03,0.292
2024-08-04,B,2208,133685.51,64282.07,63575.67,5827.77,60.55,0.243
2024-08-04,C,832,51972.11,23021.2,22672.4,6278.51,62.47,0.273
2024-08-04,D,509,29219.8,13277.76,14107.62,1834.43,57.41,0.29
2024-08-04,E,753,47339.63,21640.97,23534.56,2164.1,62.87,0.448
2024-08-05,A,4278,264322.64,132424.06,121388.73,10509.85,61.79,0.264
2024-08-05,B,2708,153214.03,73672.27,72862.68,6679.08,56.58,0.244
2024-08-05,C,1048,62680.74,27764.62,27343.95,7572.17,59.81,0.311
2024-08-05,D,619,39100.84,17767.8,18878.28,2454.76,63.17,0.252
2024-08-05,E,785,49669.82,22706.2,24693.0,2270.62,63.27,0.382
2024-08-06,A,4619,285663.28,143115.6,131189.3,11358.38,61.85,0.27
2024-08-06,B,2728,144016.28,69249.57,68488.59,6278.12,52.79,0.279
2024-08-06,C,992,67322.11,29820.53,29368.71,8132.87,67.87,0.259
2024-08-06,D,663,38828.41,17644.0,18746.75,2437.66,58.56,0.307
2024-08-06,E,994,54858.12,25078.0,27272.32,2507.8,55.19,0.395
2024-08-07,A,4085,270643.77,135590.91,124291.67,10761.18,66.25,0.294
2024-08-07,B,2016,129585.02,62310.36,61625.64,5649.02,64.28,0.233
2024-08-07,C,1017,64438.36,28543.17,28110.69,7784.5,63.36,0.234
2024-08-07,D,707,43501.63,19767.55,21003.03,2731.04,61.53,0.237
2024-08-07,E,888,52958.84,24209.76,26328.11,2420.98,59.64,0.397
2024-08-08,A,4265,247349.82,123920.78,113594.05,9834.98,58.0,0.297
2024-08-08,B,2337,136225.02,65503.18,64783.36,5938.47,58.29,0.283
2024-08-08,C,1125,67796.89,30030.84,29575.83,8190.23,60.26,0.238
2024-08-08,D,613,39094.58,17764.95,18875.26,2454.37,63.78,0.309
2024-08-08,E,752,52191.59,23859.01,25946.68,2385.9,69.4,0.389
2024-08-09,A,3391,204924.8,102666.1,94110.59,8148.1,60.43,0.266
2024-08-09,B,2171,134652.94,64747.25,64035.75,5869.94,62.02,0.307
2024-08-09,C,1011,56382.78,24974.92,24596.52,6811.34,55.77,0.289
2024-08-09,D,516,33186.47,15080.25,16022.77,2083.46,64.31,0.308
2024-08-09,E,762,47519.15,21723.04,23623.8,2172.3,62.36,0.417
2024-08-10,A,3270,203737.43,102071.24,93565.3,8100.89,62.31,0.263
2024-08-10,B,1758,109415.75,52612.06,52033.91,4769.77,62.24,0.275
2024-08-10,C,1141,64510.53,28575.14,28142.18,7793.22,56.54,0.31
2024-08-10,D,660,37348.59,16971.56,18032.28,2344.75,56.59,0.304
2024-08-10,E,892,55143.47,25208.44,27414.18,2520.84,61.82,0.416
2024-08-11,A,3049,195039.0,97713.38,89570.6,7755.03,63.97,0.266
2024-08-11,B,2491,144063.23,69272.15,68510.92,6280.17,57.83,0.297
2024-08-11,C,1084,68042.46,30139.61,29682.95,8219.89,62.77,0.301
2024-08-11,D,553,32823.13,14915.15,15847.34,2060.65,59.35,0.313
2024-08-11,E,878,45284.33,20701.41,22512.78,2070.14,51.58,0.374
2024-08-12,A,3479,242876.8,121679.83,111539.84,9657.13,69.81,0.301
2024-08-12,B,2131,140523.79,67570.22,66827.69,6125.87,65.94,0.301
2024-08-12,C,1075,64852.58,28726.65,28291.39,7834.54,60.33,0.268
2024-08-12,D,663,40056.9,18202.24,19339.88,2514.78,60.42,0.256
2024-08-12,E,761,48041.9,21962.01,23883.69,2196.2,63.13,0.475
2024-08-13,A,3920,212825.64,106624.38,97739.01,8462.25,54.29,0.274
2024-08-13,B,2365,143101.27,68809.59,68053.45,6238.23,60.51,0.268
2024-08-13,C,1119,63936.31,28320.78,27891.68,7723.85,57.14,0.305
2024-08-13,D,609,38290.11,17399.39,18486.86,2403.86,62.87,0.271
2024-08-13,E,938,62077.76,28378.4,30861.51,2837.84,66.18,0.459
2024-08-14,A,3902,241300.19,120889.95,110815.79,9594.44,61.84,0.245
2024-08-14,B,2855,176295.8,84771.03,83839.48,7685.29,61.75,0.228
2024-08-14,C,1079,69422.25,30750.8,30284.87,8386.58,64.34,0.282
2024-08-14,D,739,47157.7,21428.91,22768.21,2960.57,63.81,0.267
2024-08-14,E,719,42100.86,19246.11,20930.14,1924.61,58.55,0.422
2024-08-15,A,4383,271857.96,136199.22,124849.28,10809.46,62.03,0.321
2024-08-15,B,2626,155698.51,74866.92,74044.21,6787.39,59.29,0.254
2024-08-15,C,1176,73344.02,32487.96,31995.71,8860.35,62.37,0.23
2024-08-15,D,771,47764.96,21704.85,23061.41,2998.7,61.95,0.333
2024-08-15,E,881,52915.16,24189.79,26306.39,2418.98,60.06,0.384
2024-08-16,A,4318,253195.38,126849.38,116278.59,10067.41,58.64,0.327
2024-08-16,B,1995,121150.61,58254.72,57614.55,5281.33,60.73,0.311
2024-08-16,C,959,62583.89,27721.73,27301.7,7560.47,65.26,0.295
2024-08-16,D,643,38504.05,17496.61,18590.15,2417.29,59.88,0.246
2024-08-16,E,733,49514.25,22635.08,24615.65,2263.51,67.55,0.434
2024-08-17,A,3604,228160.08,114306.84,104781.27,9071.97,63.31,0.312
2024-08-17,B,2399,142451.1,68496.96,67744.25,6209.89,59.38,0.27
2024-08-17,C,927,54072.82,23951.72,23588.81,6532.29,58.33,0.303
2024-08-17,D,453,29003.74,13179.58,14003.3,1820.86,64.03,0.273
2024-08-17,E,800,50126.3,22914.88,24919.93,2291.49,62.66,0.38
2024-08-18,A,3895,219708.39,110072.59,100899.88,8735.92,56.41,0.254
2024-08-18,B,1680,123831.73,59543.92,58889.59,5398.21,73.71,0.233
2024-08-18,C,1125,61809.44,27378.68,26963.85,7466.91,54.94,0.295
2024-08-18,D,555,33092.21,15037.42,15977.25,2077.54,59.63,0.318
2024-08-18,E,772,50271.26,22981.15,24992.0,2298.11,65.12,0.397
2024-08-19,A,4300,259849.7,130183.15,119334.55,10332.0,60.43,0.272
2024-08-19,B,2461,153487.27,73803.66,72992.63,6690.99,62.37,0.309
2024-08-19,C,919,59389.78,26306.88,25908.29,7174.6,64.62,0.264
2024-08-19,D,753,45360.31,20612.16,21900.42,2847.73,60.24,0.258
2024-08-19,E,861,56827.66,25978.36,28251.46,2597.84,66.0,0.414
2024-08-20,A,3924,232690.43,116576.52,106861.81,9252.1,59.3,0.28
2024-08-20,B,2284,143534.05,69017.69,68259.26,6257.1,62.84,0.276
2024-08-20,C,1168,78288.76,34678.24,34152.82,9457.7,67.03,0.266
2024-08-20,D,586,38391.13,17445.3,18535.63,2410.21,65.51,0.257
2024-08-20,E,934,55839.85,25526.79,27760.38,2552.68,59.79,0.443
2024-08-21,A,3586,227266.9,113859.36,104371.08,9036.46,63.38,0.345
2024-08-21,B,2293,138431.22,66564.02,65832.55,6034.65,60.37,0.286
2024-08-21,C,1129,71706.81,31762.75,31281.5,8662.57,63.51,0.311
2024-08-21,D,690,42654.4,19382.57,20593.98,2677.85,61.82,0.298
2024-08-21,E,855,47847.07,21872.95,23786.83,2187.29,55.96,0.415
2024-08-22,A,3828,225902.59,113175.85,103744.53,8982.21,59.01,0.236
2024-08-22,B,1684,113556.37,54603.06,54003.03,4950.28,67.43,0.288
2024-08-22,C,1076,64074.49,28381.99,27951.96,7740.54,59.55,0.3
2024-08-22,D,725,46386.94,21078.67,22396.09,2912.18,63.98,0.355
2024-08-22,E,924,52872.49,24170.28,26285.18,2417.03,57.22,0.368
2024-08-23,A,4033,237565.62,119018.96,109100.71,9445.95,58.91,0.216
2024-08-23,B,2269,141407.66,67995.23,67248.03,6164.4,62.32,0.308
2024-08-23,C,845,58182.01,25771.9,25381.41,7028.7,68.85,0.29
2024-08-23,D,644,40809.85,18544.39,19703.41,2562.05,63.37,0.247
2024-08-23,E,781,46363.13,21194.57,23049.1,2119.46,59.36,0.477
2024-08-24,A,2927,220136.02,110286.83,101096.26,8752.92,75.21,0.254
2024-08-24,B,2455,132181.02,63558.64,62860.19,5762.18,53.84,0.315
2024-08-24,C,1063,64659.71,28641.21,28207.25,7811.24,60.83,0.321
2024-08-24,D,573,35356.2,16066.2,17070.33,2219.67,61.7,0.325
2024-08-24,E,897,60739.05,27766.42,30195.99,2776.64,67.71,0.372
2024-08-25,A,3745,230712.95,115585.81,105953.66,9173.48,61.61,0.255
2024-08-25,B,1901,116706.82,56117.94,55501.26,5087.62,61.39,0.333
2024-08-25,C,818,52644.35,23318.97,22965.66,6359.72,64.36,0.273
2024-08-25,D,628,37224.57,16915.2,17972.4,2336.97,59.27,0.328
2024-08-25,E,918,57628.42,26344.42,28649.56,2634.44,62.78,0.456
2024-08-26,A,3638,240863.39,120671.12,110615.19,9577.07,66.21,0.247
2024-08-26,B,1891,113838.01,54738.49,54136.97,4962.56,60.2,0.246
2024-08-26,C,1026,60698.22,26886.46,26479.09,7332.67,59.16,0.276
2024-08-26,D,655,41224.27,18732.7,19903.49,2588.07,62.94,0.277
2024-08-26,E,872,54452.47,24892.56,27070.66,2489.26,62.45,0.475
2024-08-27,A,4141,257524.93,129018.45,118266.92,10239.56,62.19,0.223
2024-08-27,B,2133,136145.88,65465.12,64745.73,5935.03,63.83,0.3
2024-08-27,C,1114,71663.51,31743.57,31262.61,8657.34,64.33,0.244
2024-08-27,D,750,43425.26,19732.85,20966.16,2726.25,57.9,0.289
2024-08-27,E,829,52186.7,23856.78,25944.25,2385.68,62.95,0.358
2024-08-28,A,3952,245828.63,123158.68,112895.46,9774.5,62.2,0.234
2024-08-28,B,2181,140619.38,67616.19,66873.16,6130.04,64.47,0.267
2024-08-28,C,1170,68783.52,30467.87,30006.23,8309.42,58.79,0.276
2024-08-28,D,583,36252.95,16473.69,17503.29,2275.97,62.18,0.25
2024-08-28,E,865,49427.87,22595.6,24572.71,2259.56,57.14,0.406
2024-08-29,A,3750,229091.1,114773.27,105208.83,9108.99,61.09,0.301
2024-08-29,B,2187,133536.15,64210.25,63504.64,5821.26,61.06,0.302
2024-08-29,C,1114,71512.2,31676.55,31196.6,8639.06,64.19,0.272
2024-08-29,D,702,42058.66,19111.86,20306.35,2640.45,59.91,0.244
2024-08-29,E,835,50777.93,23212.77,25243.88,2321.28,60.81,0.454
2024-08-30,A,4246,269627.5,135081.77,123824.95,10720.78,63.5,0.306
2024-08-30,B,2311,140454.18,67536.75,66794.59,6122.84,60.78,0.291
2024-08-30,C,895,57345.29,25401.27,25016.4,6927.62,64.07,0.275
2024-08-30,D,543,35313.97,16047.01,17049.94,2217.02,65.03,0.324
2024-08-30,E,820,54589.69,24955.29,27138.87,2495.53,66.57,0.413
2024-08-31,A,3691,219773.89,110105.41,100929.96,8738.52,59.54,0.267
2024-08-31,B,2097,118251.55,56860.72,56235.88,5154.96,56.39,0.352
2024-08-31,C,992,62844.93,27837.35,27415.57,7592.0,63.35,0.294
2024-08-31,D,566,33616.54,15275.68,16230.41,2110.46,59.39,0.301
2024-08-31,E,660,45778.02,20927.09,22758.21,2092.71,69.36,0.385
2024-09-01,A,5005,332464.74,166562.85,152682.61,13219.27,66.43,0.261
2024-09-01,B,2751,172827.62,83103.37,82190.15,7534.1,62.82,0.277
2024-09-01,C,1232,76959.42,34089.41,33572.9,9297.11,62.47,0.26
2024-09-01,D,879,45371.42,20617.21,21905.78,2848.43,51.62,0.224
2024-09-01,E,899,55216.77,25241.95,27450.62,2524.2,61.42,0.399
2024-09-02,A,4005,272534.71,136538.26,125160.08,10836.37,68.05,0.288
2024-09-02,B,2981,194107.5,93335.71,92310.04,8461.75,65.11,0.282
2024-09-02,C,1250,77489.53,34324.22,33804.16,9361.15,61.99,0.301
2024-09-02,D,762,50462.04,22930.43,24363.59,3168.02,66.22,0.218
2024-09-02,E,1045,61219.71,27986.15,30434.94,2798.62,58.58,0.41
2024-09-03,A,4075,270409.17,135473.38,124183.93,10751.86,66.36,0.259
2024-09-03,B,3107,190993.06,91838.14,90828.93,8325.99,61.47,0.279
2024-09-03,C,1162,76093.76,33705.96,33195.26,9192.53,65.49,0.284
2024-09-03,D,748,50755.91,23063.97,24505.47,3186.47,67.86,0.3
2024-09-03,E,1264,77018.01,35208.23,38288.95,3520.82,60.93,0.382
2024-09-04,A,5401,326140.81,163394.6,149778.38,12967.83,60.39,0.255
2024-09-04,B,2506,165414.0,79538.57,78664.52,7210.91,66.01,0.289
2024-09-04,C,1309,79653.32,35282.68,34748.09,9622.55,60.85,0.308
2024-09-04,D,700,45936.32,20873.9,22178.52,2883.89,65.62,0.242
2024-09-04,E,1041,69980.48,31991.08,34790.3,3199.11,67.22,0.461
2024-09-05,A,5634,338669.02,169671.16,155531.9,13465.97,60.11,0.263
2024-09-05,B,3240,201966.33,97114.59,96047.4,8804.34,62.34,0.269
2024-09-05,C,1246,81039.93,35896.88,35352.99,9790.06,65.04,0.224
2024-09-05,D,912,57377.8,26073.02,27702.59,3602.19,62.91,0.287
2024-09-05,E,1343,78976.41,36103.5,39262.56,3610.35,58.81,0.39
2024-09-06,A,3909,231048.4,115753.87,106107.71,9186.81,59.11,0.298
2024-09-06,B,3112,185045.46,88978.27,88000.48,8066.71,59.46,0.302
2024-09-06,C,849,51853.28,22968.57,22620.56,6264.15,61.08,0.236
2024-09-06,D,874,50456.44,22927.89,24360.88,3167.67,57.73,0.272
2024-09-06,E,852,63566.04,29058.76,31601.4,2905.88,74.61,0.353
2024-09-07,A,5325,316256.18,158442.46,145238.92,12574.8,59.39,0.281
2024-09-07,B,2738,169063.56,81293.44,80400.11,7370.01,61.75,0.277
2024-09-07,C,925,60474.95,26787.56,26381.69,7305.7,65.38,0.326
2024-09-07,D,812,44600.96,20267.1,21533.8,2800.06,54.93,0.272
2024-09-07,E,923,55468.37,25356.97,27575.7,2535.7,60.1,0.378
2024-09-08,A,4383,265959.91,133244.33,122140.63,10574.95,60.68,0.265
2024-09-08,B,2905,191932.93,92290.08,91275.9,8366.96,66.07,0.253
2024-09-08,C,1008,65665.52,29086.74,28646.03,7932.75,65.14,0.251
2024-09-08,D,726,47183.16,21440.48,22780.51,2962.17,64.99,0.358
2024-09-08,E,868,55666.76,25447.66,27674.33,2544.77,64.13,0.449
2024-09-09,A,5818,345704.38,173195.83,158762.85,13745.7,59.42,0.332
2024-09-09,B,3056,180936.2,87002.35,86046.28,7887.58,59.21,0.283
2024-09-09,C,1326,84462.44,37412.89,36846.03,10203.52,63.7,0.299
2024-09-09,D,678,42671.37,19390.28,20602.17,2678.92,62.94,0.311
2024-09-09,E,1209,72296.65,33049.9,35941.76,3304.99,59.8,0.443
2024-09-10,A,5804,367157.4,183943.67,168615.03,14598.7,63.26,0.258
2024-09-10,B,2855,186043.66,89458.25,88475.19,8110.23,65.16,0.285
2024-09-10,C,1596,100297.55,44427.1,43753.96,12116.48,62.84,0.325
2024-09-10,D,668,41259.81,18748.85,19920.66,2590.3,61.77,0.298
2024-09-10,E,1077,66530.26,30413.83,33075.05,3041.38,61.77,0.401
2024-09-11,A,5009,339306.86,169990.71,155824.82,13491.33,67.74,0.257
2024-09-11,B,3651,207278.15,99668.75,98573.49,9035.9,56.77,0.283
2024-09-11,C,1571,98456.31,43611.52,42950.74,11894.05,62.67,0.292
2024-09-11,D,814,54293.83,24671.63,26213.61,3408.58,66.7,0.3
2024-09-11,E,1274,84348.31,38559.23,41933.16,3855.92,66.21,0.392
2024-09-12,A,4734,294337.25,147461.21,135172.77,11703.27,62.18,0.273
2024-09-12,B,2875,186422.27,89640.3,88655.24,8126.73,64.84,0.337
2024-09-12,C,1187,76069.35,33695.15,33184.62,9189.59,64.09,0.335
2024-09-12,D,738,45664.13,20750.22,22047.11,2866.81,61.88,0.366
2024-09-12,E,1158,68994.37,31540.28,34300.06,3154.03,59.58,0.472
2024-09-13,A,4273,253660.95,127082.62,116492.4,10085.92,59.36,0.28
2024-09-13,B,2704,177467.37,85334.38,84396.64,7736.36,65.63,0.262
2024-09-13,C,1269,87312.9,38675.51,38089.52,10547.87,68.8,0.282
2024-09-13,D,737,42989.43,19534.81,20755.73,2698.89,58.33,0.325
2024-09-13,E,1114,67492.01,30853.49,33553.17,3085.35,60.59,0.394
2024-09-14,A,4165,266779.44,133654.91,122517.0,10607.53,64.05,0.279
2024-09-14,B,2811,177491.95,85346.2,84408.32,7737.43,63.14,0.297
2024-09-14,C,1062,64611.65,28619.93,28186.29,7805.43,60.84,0.314
2024-09-14,D,710,47710.38,21680.05,23035.05,2995.27,67.2,0.245
2024-09-14,E,953,56929.85,26025.07,28302.27,2602.51,59.74,0.375
2024-09-15,A,3968,250153.78,125325.55,114881.76,9946.47,63.04,0.243
2024-09-15,B,2929,173877.74,83608.32,82689.55,7579.88,59.36,0.353
2024-09-15,C,865,49409.2,21885.95,21554.35,5968.9,57.12,0.285
2024-09-15,D,939,53460.43,24292.93,25811.24,3356.26,56.93,0.248
2024-09-15,E,894,63525.02,29040.01,31581.01,2904.0,71.06,0.411
2024-09-16,A,4702,296827.11,148708.61,136316.23,11802.27,63.13,0.321
2024-09-16,B,3066,170120.08,81801.46,80902.55,7416.07,55.49,0.321
2024-09-16,C,934,64734.82,28674.49,28240.02,7820.31,69.31,0.268
2024-09-16,D,754,42372.23,19254.35,20457.75,2660.14,56.2,0.331
2024-09-16,E,958,62513.03,28577.39,31077.91,2857.74,65.25,0.467
2024-09-17,A,4269,279365.74,139960.57,128297.19,11107.98,65.44,0.349
2024-09-17,B,2427,167769.06,80670.99,79784.49,7313.58,69.13,0.272
2024-09-17,C,1294,75218.84,33318.41,32813.59,9086.84,58.13,0.266
2024-09-17,D,592,34482.19,15669.04,16648.35,2164.8,58.25,0.26
2024-09-17,E,1003,61926.73,28309.36,30786.43,2830.94,61.74,0.431
2024-09-18,A,4313,286179.27,143374.11,131426.26,11378.9,66.35,0.271
2024-09-18,B,2830,175934.05,84597.09,83667.45,7669.52,62.17,0.336
2024-09-18,C,1111,71670.32,31746.59,31265.58,8658.16,64.51,0.211
2024-09-18,D,534,33452.0,15200.91,16150.97,2100.13,62.64,0.298
2024-09-18,E,831,49821.17,22775.39,24768.24,2277.54,59.95,0.418
2024-09-19,A,4106,267421.92,133976.79,122812.06,10633.08,65.13,0.289
2024-09-19,B,2004,129585.89,62310.78,61626.05,5649.05,64.66,0.251
2024-09-19,C,1311,81828.24,36246.07,35696.89,9885.29,62.42,0.252
2024-09-19,D,770,45682.42,20758.53,22055.94,2867.95,59.33,0.277
2024-09-19,E,910,59666.76,27276.23,29662.9,2727.62,65.57,0.47
2024-09-20,A,3454,222419.76,111430.97,102145.06,8843.73,64.39,0.246
2024-09-20,B,2350,147162.81,70762.56,69984.95,6415.29,62.62,0.304
2024-09-20,C,895,57583.74,25506.89,25120.42,6956.42,64.34,0.291
2024-09-20,D,462,30364.57,13797.95,14660.32,1906.3,65.72,0.297
2024-09-20,E,866,53457.33,24437.64,26575.93,2443.76,61.73,0.431
2024-09-21,A,3547,215337.98,107883.04,98892.79,8562.15,60.71,0.245
2024-09-21,B,2127,130363.37,62684.63,61995.79,5682.95,61.29,0.273
2024-09-21,C,1008,63568.12,28157.69,27731.06,7679.37,63.06,0.266
2024-09-21,D,737,47743.33,21695.03,23050.97,2997.34,64.78,0.256
2024-09-21,E,783,48626.88,22229.43,24174.51,2222.94,62.1,0.44
2024-09-22,A,3853,267661.02,134096.58,122921.86,10642.59,69.47,0.292
2024-09-22,B,2608,153037.88,73587.57,72778.91,6671.4,58.68,0.292
2024-09-22,C,1127,67983.92,30113.68,29657.42,8212.82,60.32,0.275
2024-09-22,D,717,40824.6,18551.09,19710.53,2562.98,56.94,0.248
2024-09-22,E,813,53980.49,24676.79,26836.01,2467.68,66.4,0.409
2024-09-23,A,3480,227505.65,113978.97,104480.73,9045.95,65.38,0.207
2024-09-23,B,2772,168541.75,81042.53,80151.96,7347.26,60.8,0.298
2024-09-23,C,1119,72815.12,32253.68,31764.98,8796.46,65.07,0.255
2024-09-23,D,727,46689.76,21216.27,22542.29,2931.2,64.22,0.211
2024-09-23,E,906,50932.44,23283.4,25320.7,2328.34,56.22,0.353
2024-09-24,A,4091,243624.68,122054.51,111883.3,9686.87,59.55,0.241
2024-09-24,B,2475,144809.16,69630.82,68865.65,6312.68,58.51,0.26
2024-09-24,C,904,58836.64,26061.87,25666.99,7107.78,65.08,0.322
2024-09-24,D,720,44231.16,20099.06,21355.25,2776.84,61.43,0.264
2024-09-24,E,887,54684.62,24998.68,27186.07,2499.87,61.65,0.393
2024-09-25,A,4558,261744.33,131132.35,120204.65,10407.33,57.43,0.298
2024-09-25,B,2867,157505.02,75735.57,74903.31,6866.14,54.94,0.25
2024-09-25,C,1142,68821.09,30484.51,30022.62,8313.96,60.26,0.271
2024-09-25,D,588,38559.32,17521.72,18616.83,2420.76,65.58,0.327
2024-09-25,E,913,60977.15,27875.27,30314.35,2787.53,66.79,0.454
2024-09-26,A,4879,250130.05,125313.66,114870.86,9945.53,51.27,0.268
2024-09-26,B,2619,166035.27,79837.3,78959.97,7238.0,63.4,0.26
2024-09-26,C,901,55460.59,24566.43,24194.22,6699.94,61.55,0.306
2024-09-26,D,584,38050.22,17290.38,18371.03,2388.8,65.15,0.296
2024-09-26,E,1041,60570.63,27689.43,30112.26,2768.94,58.19,0.395
2024-09-27,A,3838,251299.9,125899.75,115408.11,9992.04,65.48,0.255
2024-09-27,B,2362,148816.57,71557.77,70771.42,6487.38,63.0,0.275
2024-09-27,C,1048,66875.33,29622.63,29173.8,8078.9,63.81,0.27
2024-09-27,D,529,37460.81,17022.55,18086.46,2351.8,70.81,0.272
2024-09-27,E,705,44987.07,20565.52,22365.0,2056.55,63.81,0.446
2024-09-28,A,4064,247085.02,123788.12,113472.45,9824.45,60.8,0.275
2024-09-28,B,2271,129294.9,62170.87,61487.67,5636.37,56.93,0.269
2024-09-28,C,1168,66103.18,29280.6,28836.96,7985.62,56.6,0.268
2024-09-28,D,532,32764.36,14888.44,15818.97,2056.96,61.59,0.261
2024-09-28,E,1053,59170.03,27049.16,29415.96,2704.92,56.19,0.433
2024-09-29,A,4038,255151.31,127829.29,117176.85,10145.18,63.19,0.261
2024-09-29,B,1798,107919.57,51892.63,51322.39,4704.55,60.02,0.303
2024-09-29,C,1098,61964.46,27447.35,27031.48,7485.64,56.43,0.244
2024-09-29,D,640,38467.1,17479.82,18572.31,2414.97,60.1,0.3
2024-09-29,E,795,50899.64,23268.41,25304.39,2326.84,64.02,0.446
2024-09-30,A,4026,248929.66,124712.27,114319.58,9897.8,61.83,0.293
2024-09-30,B,2201,140812.08,67708.84,66964.79,6138.44,63.98,0.312
2024-09-30,C,1116,67789.98,30027.78,29572.81,8189.39,60.74,0.223
2024-09-30,D,579,37206.45,16906.97,17963.65,2335.83,64.26,0.274
2024-09-30,E,931,54824.61,25062.68,27255.66,2506.27,58.89,0.355
2024-10-01,A,3887,239189.63,119832.58,109846.53,9510.52,61.54,0.319
2024-10-01,B,2674,162751.96,78258.54,77398.56,7094.87,60.86,0.308
2024-10-01,C,1074,67159.69,29748.59,29297.85,8113.25,62.53,0.3
2024-10-01,D,718,46505.05,21132.34,22453.11,2919.6,64.77,0.25
2024-10-01,E,981,61456.8,28094.54,30552.81,2809.45,62.65,0.44
2024-10-02,A,3862,237936.88,119204.96,109271.21,9460.71,61.61,0.278
2024-10-02,B,2424,146091.94,70247.64,69475.69,6368.61,60.27,0.36
2024-10-02,C,1161,73879.08,32724.96,32229.13,8924.99,63.63,0.263
2024-10-02,D,612,38299.7,17403.75,18491.48,2404.47,62.58,0.253
2024-10-02,E,955,53577.4,24492.53,26635.62,2449.25,56.1,0.388
2024-10-03,A,4585,290829.94,145704.07,133562.06,11563.81,63.43,0.253
2024-10-03,B,2491,158925.35,76418.53,75578.77,6928.05,63.8,0.244
2024-10-03,C,1126,65938.77,29207.78,28765.23,7965.76,58.56,0.287
2024-10-03,D,998,57706.67,26222.46,27861.37,3622.84,57.82,0.28
2024-10-03,E,1177,69468.52,31757.04,34535.78,3175.7,59.02,0.425
2024-10-04,A,3893,252596.26,126549.22,116003.45,10043.59,64.88,0.302
2024-10-04,B,2097,135419.69,65115.94,64400.38,5903.37,64.58,0.284
2024-10-04,C,980,57612.65,25519.7,25133.04,6959.92,58.79,0.274
2024-10-04,D,574,36935.46,16783.83,17832.81,2318.82,64.35,0.253
2024-10-04,E,836,47221.06,21586.77,23475.61,2158.68,56.48,0.424
2024-10-05,A,4658,260111.89,130314.5,119454.96,10342.42,55.84,0.237
2024-10-05,B,2200,138625.63,66657.5,65925.0,6043.13,63.01,0.227
2024-10-05,C,889,55937.22,24777.56,24402.14,6757.52,62.92,0.251
2024-10-05,D,531,35117.77,15957.85,16955.21,2204.7,66.14,0.295
2024-10-05,E,841,52171.64,23849.89,25936.76,2384.99,62.04,0.386
2024-10-06,A,4150,247004.7,123747.88,113435.56,9821.26,59.52,0.238
2024-10-06,B,2744,171414.65,82423.95,81518.19,7472.5,62.47,0.316
2024-10-06,C,1205,64713.51,28665.04,28230.72,7817.74,53.7,0.297
2024-10-06,D,593,35028.1,15917.1,16911.92,2199.07,59.07,0.26
2024-10-06,E,811,53847.49,24615.99,26769.89,2461.6,66.4,0.378
2024-10-07,A,3858,243927.48,122206.21,112022.36,9698.91,63.23,0.322
2024-10-07,B,2653,170221.98,81850.46,80951.01,7420.51,64.16,0.295
2024-10-07,C,1063,60835.87,26947.43,26539.14,7349.3,57.23,0.289
2024-10-07,D,689,43474.66,19755.3,20990.01,2729.35,63.1,0.253
2024-10-07,E,1068,70377.83,32172.72,34987.84,3217.27,65.9,0.414
2024-10-08,A,4269,266112.39,133320.72,122210.66,10581.01,62.34,0.277
2024-10-08,B,2278,145387.9,69909.11,69140.88,6337.91,63.82,0.331
2024-10-08,C,957,63204.99,27996.84,27572.64,7635.5,66.04,0.254
2024-10-08,D,700,42271.85,19208.73,20409.28,2653.84,60.39,0.266
2024-10-08,E,1057,63910.27,29216.12,31772.53,2921.61,60.46,0.378
2024-10-09,A,4886,265331.55,132929.52,121852.06,10549.96,54.3,0.278
2024-10-09,B,2500,131155.27,63065.41,62372.38,5717.47,52.46,0.209
2024-10-09,C,1073,64436.83,28542.49,28110.03,7784.32,60.05,0.22
2024-10-09,D,710,44318.19,20138.61,21397.27,2782.31,62.42,0.263
2024-10-09,E,1305,75249.29,34399.68,37409.65,3439.97,57.66,0.38
2024-10-10,A,3314,199819.49,100108.37,91766.01,7945.11,60.3,0.292
2024-10-10,B,2793,179607.89,86363.63,85414.58,7829.67,64.31,0.321
2024-10-10,C,1442,77708.95,34421.42,33899.88,9387.66,53.89,0.272
2024-10-10,D,738,44202.48,20086.03,21341.41,2775.04,59.89,0.259
2024-10-10,E,1089,62076.07,28377.63,30860.68,2837.76,57.0,0.413
2024-10-11,A,3119,203206.01,101805.0,93321.25,8079.76,65.15,0.289
2024-10-11,B,2078,131217.36,63095.27,62401.91,5720.18,63.15,0.255
2024-10-11,C,926,51087.39,22629.32,22286.45,6171.63,55.17,0.238
2024-10-11,D,760,48867.92,22206.05,23593.93,3067.94,64.3,0.238
2024-10-11,E,803,50162.21,22931.3,24937.78,2293.13,62.47,0.384
2024-10-12,A,3510,228120.66,114287.09,104763.16,9070.4,64.99,0.233
2024-10-12,B,2144,133738.63,64307.61,63600.94,5830.09,62.38,0.314
2024-10-12,C,1255,73399.07,32512.34,32019.73,8867.0,58.49,0.252
2024-10-12,D,571,34605.53,15725.08,16707.9,2172.54,60.61,0.293
2024-10-12,E,763,47862.29,21879.9,23794.39,2187.99,62.73,0.432
2024-10-13,A,3687,238320.33,119397.06,109447.31,9475.96,64.64,0.292
2024-10-13,B,2213,138273.48,66488.17,65757.54,6027.77,62.48,0.268
2024-10-13,C,1007,60024.07,26587.84,26185.0,7251.23,59.61,0.291
2024-10-13,D,626,37169.55,16890.2,17945.84,2333.51,59.38,0.296
2024-10-13,E,1059,65403.27,29898.64,32514.77,2989.86,61.76,0.414
2024-10-14,A,4259,248456.58,124475.27,114102.33,9878.99,58.34,0.233
2024-10-14,B,2752,171697.89,82560.15,81652.89,7484.85,62.39,0.265
2024-10-14,C,1086,70202.45,31096.39,30625.23,8480.83,64.64,0.212
2024-10-14,D,713,45499.58,20675.45,21967.66,2856.48,63.81,0.302
2024-10-14,E,953,59975.4,27417.33,29816.34,2741.73,62.93,0.457
2024-10-15,A,4000,239782.04,120129.37,110118.59,9534.08,59.95,0.314
2024-10-15,B,2516,149967.04,72110.97,71318.54,6537.53,59.61,0.287
2024-10-15,C,1197,67626.44,29955.34,29501.47,8169.64,56.5,0.257
2024-10-15,D,660,38610.61,17545.03,18641.6,2423.98,58.5,0.256
2024-10-15,E,894,63267.85,28922.45,31453.16,2892.24,70.77,0.395
2024-10-16,A,3555,260061.91,130289.47,119432.01,10340.43,73.15,0.28
2024-10-16,B,2495,150771.14,72497.62,71700.94,6572.59,60.43,0.274
2024-10-16,C,1118,71732.94,31774.32,31292.89,8665.72,64.16,0.346
2024-10-16,D,641,38698.98,17585.19,18684.26,2429.53,60.37,0.267
2024-10-16,E,1036,66011.32,30176.6,32817.06,3017.66,63.72,0.414
2024-10-17,A,4334,261543.48,131031.72,120112.41,10399.34,60.35,0.278
2024-10-17,B,2545,147900.72,71117.39,70335.88,6447.46,58.11,0.29
2024-10-17,C,962,64082.06,28385.34,27955.26,7741.46,66.61,0.29
2024-10-17,D,642,39658.84,18021.36,19147.69,2489.79,61.77,0.265
2024-10-17,E,994,49370.03,22569.16,24543.96,2256.92,49.67,0.443
2024-10-18,A,4055,252765.74,126634.13,116081.28,10050.33,62.33,0.299
2024-10-18,B,2550,139128.08,66899.11,66163.95,6065.03,54.56,0.285
2024-10-18,C,952,57372.22,25413.2,25028.15,6930.87,60.26,0.271
2024-10-18,D,669,40812.3,18545.5,19704.59,2562.21,61.0,0.247
2024-10-18,E,866,55222.29,25244.48,27453.37,2524.45,63.77,0.425
2024-10-19,A,4334,288544.58,144559.11,132512.52,11472.95,66.58,0.307
2024-10-19,B,2023,129680.15,62356.11,61670.88,5653.16,64.1,0.287
2024-10-19,C,939,59088.91,26173.61,25777.04,7138.26,62.93,0.273
2024-10-19,D,600,37037.22,16830.07,17881.95,2325.21,61.73,0.292
2024-10-19,E,955,54505.11,24916.62,27096.83,2491.66,57.07,0.41
2024-10-20,A,3330,215496.26,107962.34,98965.48,8568.44,64.71,0.271
2024-10-20,B,1961,121067.57,58214.79,57575.07,5277.71,61.74,0.31
2024-10-20,C,1137,63790.6,28256.24,27828.11,7706.25,56.1,0.246
2024-10-20,D,566,35930.92,16327.36,17347.82,2255.75,63.48,0.249
2024-10-20,E,774,52150.33,23840.15,25926.16,2384.02,67.38,0.366
2024-10-21,A,3810,219745.98,110091.42,100917.14,8737.41,57.68,0.254
2024-10-21,B,2147,123627.21,59445.58,58792.33,5389.3,57.58,0.302
2024-10-21,C,1281,83802.46,37120.55,36558.12,10123.79,65.42,0.265
2024-10-21,D,652,39876.79,18120.39,19252.92,2503.48,61.16,0.237
2024-10-21,E,969,61651.2,28183.4,30649.45,2818.34,63.62,0.422
2024-10-22,A,4841,283518.1,142040.88,130204.14,11273.09,58.57,0.254
2024-10-22,B,2805,184083.75,88515.83,87543.13,8024.79,65.63,0.303
2024-10-22,C,1113,65830.04,29159.61,28717.8,7952.62,59.15,0.342
2024-10-22,D,868,49158.16,22337.94,23734.06,3086.16,56.63,0.271
2024-10-22,E,852,51031.05,23328.48,25369.72,2332.85,59.9,0.403
2024-10-23,A,3544,218160.91,109297.31,100189.2,8674.39,61.56,0.307
2024-10-23,B,2405,135803.82,65300.65,64583.06,5920.11,56.47,0.26
2024-10-23,C,1001,64085.74,28386.97,27956.86,7741.9,64.02,0.261
2024-10-23,D,788,47074.69,21391.19,22728.14,2955.36,59.74,0.261
2024-10-23,E,964,56029.78,25613.61,27854.8,2561.36,58.12,0.386
2024-10-24,A,4514,272912.35,136727.46,125333.51,10851.39,60.46,0.273
2024-10-24,B,2581,146681.31,70531.04,69755.97,6394.3,56.83,0.276
2024-10-24,C,1038,70503.99,31229.96,30756.78,8517.26,67.92,0.301
2024-10-24,D,787,49237.33,22373.91,23772.28,3091.13,62.56,0.277
2024-10-24,E,1156,68605.35,31362.44,34106.66,3136.24,59.35,0.37
2024-10-25,A,3835,272065.42,136303.15,124944.56,10817.71,70.94,0.29
2024-10-25,B,2080,134725.59,64782.19,64070.29,5873.11,64.77,0.309
2024-10-25,C,927,57938.98,25664.25,25275.39,6999.34,62.5,0.29
2024-10-25,D,705,44516.28,20228.62,21492.91,2794.74,63.14,0.293
2024-10-25,E,852,58237.55,26622.88,28952.38,2662.29,68.35,0.482
2024-10-26,A,3793,205562.03,102985.35,94403.24,8173.44,54.2,0.252
2024-10-26,B,2383,148906.68,71601.1,70814.27,6491.31,62.49,0.294
2024-10-26,C,1236,73889.57,32729.61,32233.7,8926.26,59.78,0.242
2024-10-26,D,724,43159.56,19612.12,20837.87,2709.57,59.61,0.352
2024-10-26,E,874,57091.75,26099.08,28382.75,2609.91,65.32,0.393
2024-10-27,A,3885,239767.5,120122.09,110111.91,9533.5,61.72,0.271
2024-10-27,B,2253,139820.42,67232.01,66493.2,6095.21,62.06,0.304
2024-10-27,C,858,54707.94,24233.05,23865.88,6609.01,63.76,0.243
2024-10-27,D,725,44146.45,20060.57,21314.35,2771.53,60.89,0.317
2024-10-27,E,843,56732.85,25935.02,28204.33,2593.5,67.3,0.377
2024-10-28,A,3188,216572.68,108501.62,99459.82,8611.24,67.93,0.268
2024-10-28,B,2416,162822.25,78292.34,77431.98,7097.93,67.39,0.296
2024-10-28,C,1019,70716.58,31324.12,30849.51,8542.94,69.4,0.248
2024-10-28,D,721,44934.86,20418.83,21695.01,2821.02,62.32,0.225
2024-10-28,E,1018,61729.46,28219.18,30688.36,2821.92,60.64,0.402
2024-10-29,A,4770,272305.55,136423.46,125054.84,10827.26,57.09,0.292
2024-10-29,B,2282,144639.18,69549.09,68784.82,6305.27,63.38,0.261
2024-10-29,C,1030,65264.39,28909.06,28471.04,7884.29,63.36,0.23
2024-10-29,D,600,37946.08,17243.06,18320.75,2382.26,63.24,0.214
2024-10-29,E,939,60319.39,27574.58,29987.36,2757.46,64.24,0.476
2024-10-30,A,4202,239784.78,120130.75,110119.85,9534.19,57.06,0.248
2024-10-30,B,2291,155052.9,74556.48,73737.18,6759.24,67.68,0.243
2024-10-30,C,1020,66824.87,29600.28,29151.79,8072.8,65.51,0.332
2024-10-30,D,512,33410.25,15181.94,16130.81,2097.5,65.25,0.292
2024-10-30,E,767,47896.28,21895.44,23811.29,2189.54,62.45,0.444
2024-10-31,A,5288,339917.98,170296.88,156105.47,13515.63,64.28,0.248
2024-10-31,B,2151,135823.27,65310.0,64592.31,5920.96,63.14,0.28
2024-10-31,C,1301,86619.97,38368.58,37787.23,10464.16,66.58,0.276
2024-10-31,D,521,32765.12,14888.78,15819.33,2057.0,62.89,0.293
2024-10-31,E,770,53525.28,24468.7,26609.71,2446.87,69.51,0.366
2024-11-01,A,4605,265462.77,132995.27,121912.33,10555.18,57.65,0.307
2024-11-01,B,2546,149865.48,72062.13,71270.24,6533.11,58.86,0.272
2024-11-01,C,1164,68390.14,30293.62,29834.63,8261.9,58.75,0.269
2024-11-01,D,730,42890.14,19489.69,20707.8,2692.65,58.75,0.285
2024-11-01,E,806,50205.88,22951.26,24959.49,2295.13,62.29,0.467
2024-11-02,A,4234,257174.63,128842.96,118106.04,10225.63,60.74,0.314
2024-11-02,B,2682,159452.54,76672.03,75829.48,6951.04,59.45,0.29
2024-11-02,C,902,54524.11,24151.62,23785.69,6586.81,60.45,0.315
2024-11-02,D,674,41553.88,18882.48,20062.64,2608.76,61.65,0.268
2024-11-02,E,944,61754.07,28230.43,30700.59,2823.04,65.42,0.412
2024-11-03,A,4762,242341.78,121411.79,111294.14,9635.86,50.89,0.303
2024-11-03,B,2517,159968.21,76919.99,76074.71,6973.52,63.56,0.317
2024-11-03,C,1012,61662.75,27313.7,26899.86,7449.19,60.93,0.327
2024-11-03,D,600,40657.65,18475.22,19629.92,2552.5,67.76,0.304
2024-11-03,E,780,48836.89,22325.43,24278.91,2232.54,62.61,0.396
2024-11-04,A,4778,256591.68,128550.9,117838.33,10202.45,53.7,0.264
2024-11-04,B,2482,164958.01,79319.31,78447.67,7191.04,66.46,0.269
2024-11-04,C,1320,74667.75,33074.31,32573.18,9020.27,56.57,0.269
2024-11-04,D,786,47408.97,21543.09,22889.53,2976.35,60.32,0.291
2024-11-04,E,977,61040.99,27904.45,30346.09,2790.45,62.48,0.348
2024-11-05,A,3774,235276.32,117872.03,108049.36,9354.92,62.34,0.292
2024-11-05,B,2260,148519.97,71415.15,70630.37,6474.45,65.72,0.303
2024-11-05,C,1072,69960.75,30989.33,30519.79,8451.63,65.26,0.338
2024-11-05,D,660,40067.78,18207.18,19345.13,2515.47,60.71,0.285
2024-11-05,E,1056,59725.41,27303.04,29692.06,2730.3,56.56,0.39
2024-11-06,A,4259,253482.67,126993.31,116410.53,10078.83,59.52,0.33
2024-11-06,B,2752,155986.94,75005.61,74181.37,6799.96,56.68,0.263
2024-11-06,C,1138,69037.97,30580.58,30117.23,8340.16,60.67,0.286
2024-11-06,D,645,42770.01,19435.1,20649.79,2685.11,66.31,0.311
2024-11-06,E,887,57401.4,26240.64,28536.7,2624.06,64.71,0.456
2024-11-07,A,4083,271951.3,136245.98,124892.15,10813.17,66.61,0.3
2024-11-07,B,2479,148668.68,71486.66,70701.09,6480.93,59.97,0.334
2024-11-07,C,1002,62575.26,27717.9,27297.93,7559.43,62.45,0.286
2024-11-07,D,752,46903.63,21313.46,22645.55,2944.62,62.37,0.3
2024-11-07,E,1193,75425.75,34480.34,37497.37,3448.03,63.22,0.455
2024-11-08,A,3834,208396.09,104405.2,95704.76,8286.13,54.35,0.309
2024-11-08,B,2004,129967.32,62494.19,61807.45,5665.68,64.85,0.283
2024-11-08,C,910,54535.27,24156.56,23790.55,6588.15,59.93,0.288
2024-11-08,D,647,37684.42,17124.16,18194.42,2365.84,58.24,0.309
2024-11-08,E,880,57084.54,26095.79,28379.17,2609.58,64.87,0.428
2024-11-09,A,5083,277564.81,139058.31,127470.12,11036.37,54.61,0.272
2024-11-09,B,2260,148792.24,71546.07,70759.85,6486.32,65.84,0.327
2024-11-09,C,1017,65111.68,28841.42,28404.42,7865.84,64.02,0.31
2024-11-09,D,699,44027.32,20006.44,21256.84,2764.05,62.99,0.276
2024-11-09,E,1039,59957.87,27409.31,29807.63,2740.93,57.71,0.504
2024-11-10,A,4077,257206.74,128859.04,118120.79,10226.91,63.09,0.266
2024-11-10,B,2361,139073.96,66873.08,66138.21,6062.67,58.9,0.29
2024-11-10,C,876,55417.56,24547.38,24175.45,6694.74,63.26,0.31
2024-11-10,D,595,35068.32,15935.38,16931.34,2201.6,58.94,0.252
2024-11-10,E,1002,54827.63,25064.06,27257.16,2506.41,54.72,0.42
2024-11-11,A,4736,272708.45,136625.31,125239.87,10843.28,57.58,0.286
2024-11-11,B,2172,151528.57,72861.82,72061.14,6605.6,69.76,0.243
2024-11-11,C,1058,62374.51,27628.98,27210.36,7535.18,58.96,0.3
2024-11-11,D,726,42656.94,19383.72,20595.21,2678.01,58.76,0.248
2024-11-11,E,1000,64528.44,29498.72,32079.85,2949.87,64.53,0.427
2024-11-12,A,4922,313378.15,157000.59,143917.2,12460.36,63.67,0.211
2024-11-12,B,2448,158778.35,76347.84,75508.86,6921.65,64.86,0.343
2024-11-12,C,1381,81310.11,36016.56,35470.85,9822.7,58.88,0.295
2024-11-12,D,753,44786.4,20351.37,21623.33,2811.7,59.48,0.226
2024-11-12,E,926,56196.67,25689.91,27937.77,2568.99,60.69,0.447
2024-11-13,A,4360,258966.14,129740.49,118928.78,10296.86,59.4,0.254
2024-11-13,B,2631,154647.05,74361.33,73544.17,6741.55,58.78,0.293
2024-11-13,C,1197,74857.98,33158.57,32656.16,9043.25,62.54,0.234
2024-11-13,D,857,48889.67,22215.93,23604.43,3069.31,57.05,0.27
2024-11-13,E,1184,73527.11,33612.39,36553.48,3361.24,62.1,0.383
2024-11-14,A,4445,297978.07,149285.24,136844.8,11848.03,67.04,0.29
2024-11-14,B,3189,191176.87,91926.53,90916.34,8334.0,59.95,0.281
2024-11-14,C,1479,90586.06,40125.37,39517.41,10943.28,61.25,0.289
2024-11-14,D,662,40371.23,18345.07,19491.64,2534.52,60.98,0.315
2024-11-14,E,850,59063.24,27000.34,29362.87,2700.03,69.49,0.44
2024-11-15,A,4186,252487.56,126494.76,115953.53,10039.27,60.32,0.292
2024-11-15,B,2285,147355.2,70855.07,70076.45,6423.67,64.49,0.326
2024-11-15,C,980,62773.09,27805.53,27384.23,7583.33,64.05,0.277
2024-11-15,D,526,34205.21,15543.17,16514.62,2147.41,65.03,0.31
2024-11-15,E,758,47040.84,21504.39,23386.02,2150.44,62.06,0.427
2024-11-16,A,4084,252772.14,126637.33,116084.22,10050.58,61.89,0.281
2024-11-16,B,2269,139196.78,66932.14,66196.62,6068.02,61.35,0.3
2024-11-16,C,828,55740.93,24690.61,24316.51,6733.8,67.32,0.287
2024-11-16,D,608,39076.38,17756.68,18866.47,2453.23,64.27,0.284
2024-11-16,E,1024,63098.62,28845.08,31369.03,2884.51,61.62,0.404
2024-11-17,A,4414,271462.88,136001.28,124667.84,10793.75,61.5,0.284
2024-11-17,B,2244,136977.66,65865.08,65141.29,5971.28,61.04,0.235
2024-11-17,C,903,56544.11,25046.39,24666.9,6830.83,62.62,0.295
2024-11-17,D,688,41604.0,18905.26,20086.84,2611.91,60.47,0.273
2024-11-17,E,703,43358.54,19821.05,21555.39,1982.1,61.68,0.381
2024-11-18,A,4096,244912.07,122699.49,112474.53,9738.05,59.79,0.296
2024-11-18,B,2673,162062.36,77926.95,77070.61,7064.81,60.63,0.274
2024-11-18,C,1572,91834.29,40678.27,40061.94,11094.07,58.42,0.296
2024-11-18,D,653,38255.25,17383.55,18470.03,2401.68,58.58,0.254
2024-11-18,E,1213,73842.09,33756.38,36710.07,3375.64,60.88,0.452
2024-11-19,A,4325,279724.76,140140.44,128462.07,11122.26,64.68,0.26
2024-11-19,B,2528,162202.65,77994.4,77137.32,7070.92,64.16,0.244
2024-11-19,C,1275,77592.47,34369.82,33849.06,9373.59,60.86,0.281
2024-11-19,D,1011,56560.23,25701.51,27307.85,3550.87,55.94,0.294
2024-11-19,E,1020,55950.13,25577.2,27815.21,2557.72,54.85,0.415
2024-11-20,A,4202,260593.27,130555.67,119676.03,10361.56,62.02,0.267
2024-11-20,B,3240,203790.17,97991.57,96914.74,8883.85,62.9,0.222
2024-11-20,C,1047,70566.66,31257.72,30784.11,8524.83,67.4,0.308
2024-11-20,D,738,48737.51,22146.79,23530.97,3059.75,66.04,0.255
2024-11-20,E,1075,68563.38,31343.26,34085.79,3134.33,63.78,0.399
2024-11-21,A,4233,256036.29,128272.66,117583.27,10180.37,60.49,0.277
2024-11-21,B,2909,176975.25,85097.74,84162.6,7714.91,60.84,0.262
2024-11-21,C,1228,72490.07,32109.7,31623.19,8757.19,59.03,0.317
2024-11-21,D,881,48397.09,21992.1,23366.61,3038.38,54.93,0.291
2024-11-21,E,1075,62132.4,28403.38,30888.68,2840.34,57.8,0.404
2024-11-22,A,4020,249545.61,125020.86,114602.46,9922.29,62.08,0.299
2024-11-22,B,2211,139769.83,67207.68,66469.14,6093.0,63.22,0.312
2024-11-22,C,1056,65693.28,29099.04,28658.14,7936.1,62.21,0.281
2024-11-22,D,718,43445.7,19742.14,20976.03,2727.53,60.51,0.267
2024-11-22,E,780,46942.8,21459.57,23337.28,2145.96,60.18,0.428
2024-11-23,A,3680,244388.1,122436.98,112233.9,9717.22,66.41,0.33
2024-11-23,B,1823,105522.57,50740.05,50182.47,4600.06,57.88,0.29
2024-11-23,C,1108,64781.27,28695.06,28260.28,7825.92,58.47,0.258
2024-11-23,D,813,46634.71,21191.26,22515.71,2927.74,57.36,0.215
2024-11-23,E,812,49206.39,22494.35,24462.61,2249.43,60.6,0.378
2024-11-24,A,6100,388986.98,194880.15,178640.14,15466.68,63.77,0.232
2024-11-24,B,5265,311742.52,149899.97,148252.72,13589.83,59.21,0.247
2024-11-24,C,2230,145733.66,64553.17,63575.09,17605.41,65.35,0.27
2024-11-24,D,1237,72718.69,33044.07,35109.32,4565.3,58.79,0.286
2024-11-24,E,1453,93384.56,42690.09,46425.47,4269.01,64.27,0.375
2024-11-25,A,8480,528146.35,264598.17,242548.32,20999.85,62.28,0.257
2024-11-25,B,4661,303812.54,146086.88,144481.53,13244.14,65.18,0.291
2024-11-25,C,1664,94587.06,41897.62,41262.81,11426.62,56.84,0.343
2024-11-25,D,1427,88950.27,40419.85,42946.09,5584.32,62.33,0.233
2024-11-25,E,1845,110745.23,50626.39,55056.2,5062.64,60.02,0.453
2024-11-26,A,9566,505905.92,253455.85,232334.53,20115.54,52.89,0.263
2024-11-26,B,5437,359717.93,172968.73,171067.97,15681.23,66.16,0.318
2024-11-26,C,1881,121423.18,53784.76,52969.84,14668.57,64.55,0.256
2024-11-26,D,1346,77716.2,35314.98,37522.17,4879.04,57.74,0.273
2024-11-26,E,1943,112305.43,51339.63,55831.84,5133.96,57.8,0.398
2024-11-27,A,8220,534133.16,267597.53,245297.73,21237.9,64.98,0.264
2024-11-27,B,4675,288856.46,138895.31,137368.99,12592.16,61.79,0.267
2024-11-27,C,2042,126546.73,56054.26,55204.95,15287.52,61.97,0.249
2024-11-27,D,1558,89526.28,40681.6,43224.2,5620.48,57.46,0.233
2024-11-27,E,1350,87952.74,40206.97,43725.08,4020.7,65.15,0.426
2024-11-28,A,6779,402350.53,201575.22,184777.28,15998.03,59.35,0.274
2024-11-28,B,4338,270653.39,130142.45,128712.31,11798.63,62.39,0.28
2024-11-28,C,1991,121380.52,53765.87,52951.23,14663.42,60.96,0.266
2024-11-28,D,1300,78593.85,35713.8,37945.91,4934.14,60.46,0.273
2024-11-28,E,1850,119664.21,54703.64,59490.21,5470.36,64.68,0.433
2024-11-29,A,6325,418706.64,209769.53,192288.73,16648.38,66.2,0.288
2024-11-29,B,4061,258198.36,124153.51,122789.18,11255.68,63.58,0.299
2024-11-29,C,2143,131185.26,58108.91,57228.47,15847.88,61.22,0.254
2024-11-29,D,1071,64697.18,29399.02,31236.45,4061.71,60.41,0.302
2024-11-29,E,1837,94374.51,43142.63,46917.61,4314.26,51.37,0.384
2024-11-30,A,8376,499270.84,250131.71,229287.4,19851.72,59.61,0.216
2024-11-30,B,4800,250897.15,120642.75,119317.01,10937.39,52.27,0.314
2024-11-30,C,1550,107686.67,47700.14,46977.41,13009.13,69.48,0.231
2024-11-30,D,1269,73427.21,33366.03,35451.4,4609.78,57.86,0.249
2024-11-30,E,1314,87164.92,39846.82,43333.42,3984.68,66.34,0.39
2024-12-01,A,4634,301908.96,151254.59,138650.04,12004.33,65.15,0.264
2024-12-01,B,3159,201487.99,96884.58,95819.92,8783.49,63.78,0.246
2024-12-01,C,1307,75575.58,33476.43,32969.21,9129.94,57.82,0.269
2024-12-01,D,734,46389.45,21079.81,22397.3,2912.34,63.2,0.289
2024-12-01,E,1446,81707.08,37351.81,40620.09,3735.18,56.51,0.434
2024-12-02,A,6648,397779.11,199284.96,182677.88,15816.27,59.83,0.253
2024-12-02,B,3889,244392.43,117514.99,116223.61,10653.83,62.84,0.295
2024-12-02,C,1600,91854.52,40687.24,40070.76,11096.52,57.41,0.246
2024-12-02,D,968,59855.28,27198.81,28898.74,3757.73,61.83,0.22
2024-12-02,E,1177,76565.57,35001.41,38064.03,3500.14,65.05,0.414
2024-12-03,A,4301,258471.36,129492.61,118701.56,10277.19,60.1,0.291
2024-12-03,B,3067,203886.82,98038.05,96960.71,8888.07,66.48,0.248
2024-12-03,C,1668,109689.3,48587.21,47851.04,13251.06,65.76,0.282
2024-12-03,D,802,51662.35,23475.87,24943.11,3243.38,64.42,0.265
2024-12-03,E,1273,82914.58,37903.81,41220.39,3790.38,65.13,0.41
2024-12-04,A,4616,305497.98,153052.66,140298.28,12147.04,66.18,0.317
2024-12-04,B,3539,206507.31,99298.1,98206.91,9002.3,58.35,0.293
2024-12-04,C,1763,102966.4,45609.28,44918.23,12438.89,58.4,0.239
2024-12-04,D,931,58822.6,26729.55,28400.15,3692.9,63.18,0.283
2024-12-04,E,1139,72606.67,33191.62,36095.89,3319.16,63.75,0.431
2024-12-05,A,5316,351362.69,176030.61,161361.39,13970.68,66.1,0.274
2024-12-05,B,3371,198808.46,95596.14,94545.63,8666.68,58.98,0.323
2024-12-05,C,1581,97084.1,43003.69,42352.12,11728.28,61.41,0.257
2024-12-05,D,865,55013.67,24998.74,26561.16,3453.77,63.6,0.258
2024-12-05,E,1193,70538.86,32246.33,35067.89,3224.63,59.13,0.442
2024-12-06,A,5005,296252.05,148420.51,136052.14,11779.41,59.19,0.241
2024-12-06,B,3312,207775.96,99908.12,98810.23,9057.6,62.73,0.26
2024-12-06,C,1569,88471.0,39188.5,38594.73,10687.77,56.39,0.348
2024-12-06,D,1014,58880.12,26755.69,28427.92,3696.51,58.07,0.304
2024-12-06,E,1050,73566.24,33630.28,36572.93,3363.03,70.06,0.44
2024-12-07,A,4479,280468.46,140513.03,128803.61,11151.83,62.62,0.28
2024-12-07,B,2270,148918.45,71606.76,70819.87,6491.82,65.6,0.27
2024-12-07,C,1539,92546.65,40993.82,40372.7,11180.13,60.13,0.282
2024-12-07,D,746,42121.72,19140.51,20336.79,2644.41,56.46,0.258
2024-12-07,E,1435,80825.49,36948.8,40181.82,3694.88,56.32,0.395
2024-12-08,A,4911,276834.31,138692.34,127134.64,11007.33,56.37,0.249
2024-12-08,B,3238,208063.88,100046.57,98947.16,9070.16,64.26,0.228
2024-12-08,C,1127,76112.82,33714.4,33203.58,9194.84,67.54,0.259
2024-12-08,D,960,58415.47,26544.55,28203.58,3667.34,60.85,0.283
2024-12-08,E,1122,72183.45,32998.15,35885.48,3299.81,64.33,0.409
2024-12-09,A,5686,349505.33,175100.09,160508.41,13896.83,61.47,0.317
2024-12-09,B,3755,230817.39,110987.49,109767.85,10062.05,61.47,0.257
2024-12-09,C,1491,89724.43,39743.71,39141.53,10839.19,60.18,0.243
2024-12-09,D,1012,59548.47,27059.39,28750.61,3738.47,58.84,0.222
2024-12-09,E,1451,85372.87,39027.6,42442.51,3902.76,58.84,0.445
2024-12-10,A,4920,300196.67,150396.74,137863.68,11936.25,61.02,0.255
2024-12-10,B,3472,220025.26,105798.15,104635.53,9591.59,63.37,0.269
2024-12-10,C,1483,103841.33,45996.83,45299.91,12544.59,70.02,0.27
2024-12-10,D,918,53895.17,24490.48,26021.13,3383.55,58.71,0.258
2024-12-10,E,1462,88754.5,40573.49,44123.67,4057.35,60.71,0.422
2024-12-11,A,5744,340912.23,170794.99,156562.08,13555.16,59.35,0.255
2024-12-11,B,3592,195504.48,94007.44,92974.39,8522.65,54.43,0.296
2024-12-11,C,1481,82465.23,36528.22,35974.76,9962.24,55.68,0.26
2024-12-11,D,1249,67111.81,30496.25,32402.26,4213.3,53.73,0.271
2024-12-11,E,1078,77943.6,35631.36,38749.1,3563.14,72.3,0.395
2024-12-12,A,6756,405803.53,203305.15,186363.05,16135.33,60.07,0.294
2024-12-12,B,3417,210906.89,101413.62,100299.18,9194.09,61.72,0.266
2024-12-12,C,1528,106400.83,47130.57,46416.47,12853.79,69.63,0.268
2024-12-12,D,904,61079.44,27755.08,29489.77,3834.58,67.57,0.293
2024-12-12,E,1173,74181.73,33911.65,36878.92,3391.16,63.24,0.439
2024-12-13,A,5514,303143.94,151873.3,139217.2,12053.44,54.98,0.317
2024-12-13,B,2752,156742.04,75368.7,74540.47,6832.88,56.96,0.332
2024-12-13,C,1513,98958.57,43834.0,43169.85,11954.73,65.41,0.264
2024-12-13,D,781,46118.44,20956.66,22266.45,2895.33,59.05,0.302
2024-12-13,E,1164,66441.31,30373.17,33030.82,3037.32,57.08,0.424
2024-12-14,A,5272,338059.67,169365.88,155252.06,13441.74,64.12,0.277
2024-12-14,B,2786,176439.53,84840.15,83907.84,7691.55,63.33,0.278
2024-12-14,C,1384,86609.84,38364.09,37782.81,10462.93,62.58,0.346
2024-12-14,D,916,59622.87,27093.2,28786.53,3743.14,65.09,0.287
2024-12-14,E,1040,64281.05,29385.62,31956.86,2938.56,61.81,0.411
2024-12-15,A,6884,399744.4,200269.56,183580.43,15894.41,58.07,0.262
2024-12-15,B,3861,242480.14,116595.47,115314.2,10570.47,62.8,0.312
2024-12-15,C,1311,90754.84,40200.13,39591.04,10963.67,69.23,0.228
2024-12-15,D,1483,86224.64,39181.3,41630.13,5413.21,58.14,0.243
2024-12-15,E,1522,101274.17,46296.77,50347.73,4629.68,66.54,0.432
2024-12-16,A,7311,468622.8,234777.23,215212.46,18633.11,64.1,0.304
2024-12-16,B,4559,275152.17,132305.67,130851.76,11994.74,60.35,0.259
2024-12-16,C,1703,112290.98,49739.63,48986.0,13565.35,65.94,0.285
2024-12-16,D,1264,73941.93,33599.92,35699.92,4642.09,58.5,0.274
2024-12-16,E,1707,100934.49,46141.48,50178.86,4614.15,59.13,0.475
2024-12-17,A,5826,372517.21,186628.9,171076.49,14811.82,63.94,0.248
2024-12-17,B,3720,215342.56,103546.49,102408.62,9387.46,57.89,0.289
2024-12-17,C,2066,124159.88,54996.99,54163.71,14999.18,60.1,0.29
2024-12-17,D,1162,74742.98,33963.93,36086.67,4692.38,64.32,0.345
2024-12-17,E,1647,105097.89,48044.75,52248.67,4804.48,63.81,0.389
2024-12-18,A,6333,411365.1,206091.46,188917.17,16356.47,64.96,0.292
2024-12-18,B,4051,250835.85,120613.28,119287.85,10934.72,61.92,0.294
2024-12-18,C,2204,133699.23,59222.48,58325.17,16151.59,60.66,0.306
2024-12-18,D,1206,73027.44,33184.37,35258.39,4584.68,60.55,0.257
2024-12-18,E,1568,97478.32,44561.52,48460.65,4456.15,62.17,0.404
2024-12-19,A,7134,459377.47,230145.37,210966.59,18265.51,64.39,0.256
2024-12-19,B,4878,312115.0,150079.07,148429.85,13606.07,63.98,0.264
2024-12-19,C,2216,131101.89,58071.98,57192.1,15837.81,59.16,0.269
2024-12-19,D,1041,62111.91,28224.25,29988.26,3899.4,59.67,0.277
2024-12-19,E,1680,104634.38,47832.86,52018.24,4783.29,62.28,0.36
2024-12-20,A,6829,418600.82,209716.51,192240.14,16644.17,61.3,0.284
2024-12-20,B,3039,215125.91,103442.31,102305.58,9378.01,70.79,0.265
2024-12-20,C,1991,123930.58,54895.43,54063.68,14971.48,62.25,0.265
2024-12-20,D,1017,61662.06,28019.83,29771.07,3871.16,60.63,0.258
2024-12-20,E,1665,93499.53,42742.64,46482.62,4274.26,56.16,0.383
2024-12-21,A,7142,430476.75,215666.29,197694.1,17116.37,60.27,0.279
2024-12-21,B,3463,222877.83,107169.79,105992.1,9715.94,64.36,0.27
2024-12-21,C,1427,96161.08,42594.84,41949.46,11616.77,67.39,0.269
2024-12-21,D,1368,82725.24,37591.14,39940.59,5193.51,60.47,0.289
2024-12-21,E,1436,89814.38,41058.0,44650.58,4105.8,62.54,0.396
2024-12-22,A,6951,447804.9,224347.58,205651.95,17805.36,64.42,0.264
2024-12-22,B,4459,271804.58,130696.0,129259.78,11848.81,60.96,0.256
2024-12-22,C,1914,114184.56,50578.4,49812.06,13794.11,59.66,0.291
2024-12-22,D,1001,61933.67,28143.25,29902.2,3888.21,61.87,0.32
2024-12-22,E,1543,89459.42,40895.73,44474.11,4089.57,57.98,0.42
2024-12-23,A,7990,544020.92,272551.23,249838.63,21631.05,68.09,0.303
2024-12-23,B,5429,327988.15,157711.61,155978.51,14298.03,60.41,0.323
2024-12-23,C,2239,129429.43,57331.16,56462.5,15635.77,57.81,0.298
2024-12-23,D,1724,99788.92,45345.04,48179.1,6264.78,57.88,0.297
2024-12-23,E,1896,102804.93,46996.54,51108.74,4699.65,54.22,0.397
2024-12-24,A,7514,463860.9,232391.54,213025.58,18443.77,61.73,0.312
2024-12-24,B,4643,289077.32,139001.51,137474.02,12601.79,62.26,0.317
2024-12-24,C,1680,117532.86,52061.54,51272.72,14198.6,69.96,0.221
2024-12-24,D,1213,72312.34,32859.42,34913.13,4539.79,59.61,0.267
2024-12-24,E,1853,118757.54,54289.16,59039.46,5428.92,64.09,0.405
2024-12-25,A,7831,488307.92,244639.36,224252.74,19415.82,62.36,0.309
2024-12-25,B,5450,295114.11,141904.28,140344.89,12864.95,54.15,0.255
2024-12-25,C,1650,108314.45,47978.21,47251.27,13084.97,65.65,0.255
2024-12-25,D,1222,68737.64,31235.04,33187.23,4315.37,56.25,0.257
2024-12-25,E,1855,107234.15,49021.32,53310.69,4902.13,57.81,0.438
2024-12-26,A,7283,484613.79,242788.62,222556.23,19268.94,66.54,0.22
2024-12-26,B,3826,244574.03,117602.31,116309.98,10661.75,63.92,0.327
2024-12-26,C,2187,139540.17,61809.74,60873.23,16857.2,63.8,0.309
2024-12-26,D,1166,77362.56,35154.29,37351.43,4856.84,66.35,0.273
2024-12-26,E,1633,101774.89,46525.67,50596.66,4652.57,62.32,0.421
2024-12-27,A,6994,434400.78,217632.2,199496.18,17272.4,62.11,0.274
2024-12-27,B,4567,286512.46,137768.21,136254.27,12489.98,62.74,0.288
2024-12-27,C,2031,125153.59,55437.16,54597.2,15119.23,61.62,0.315
2024-12-27,D,999,59833.86,27189.08,28888.4,3756.39,59.89,0.285
2024-12-27,E,1228,78476.89,35875.15,39014.22,3587.51,63.91,0.399
2024-12-28,A,6323,393201.43,196991.57,180575.61,15634.25,62.19,0.317
2024-12-28,B,3503,218118.53,104881.3,103728.76,9508.47,62.27,0.282
2024-12-28,C,1719,100010.53,44299.97,43628.75,12081.81,58.18,0.271
2024-12-28,D,1251,74736.03,33960.77,36083.31,4691.95,59.74,0.265
2024-12-28,E,1665,102669.4,46934.58,51041.36,4693.46,61.66,0.432
2024-12-29,A,5814,364468.25,182596.42,167380.05,14491.78,62.69,0.256
2024-12-29,B,4615,295231.22,141960.59,140400.58,12870.05,63.97,0.267
2024-12-29,C,1949,115738.23,51266.6,50489.83,13981.8,59.38,0.263
2024-12-29,D,1111,68651.48,31195.89,33145.63,4309.96,61.79,0.319
2024-12-29,E,1118,71755.57,32802.55,35672.77,3280.25,64.18,0.352
2024-12-30,A,8690,507163.83,254086.06,232912.22,20165.56,58.36,0.26
2024-12-30,B,4581,279089.91,134199.11,132724.4,12166.4,60.92,0.268
2024-12-30,C,2129,137961.58,61110.5,60184.58,16666.5,64.8,0.257
2024-12-30,D,1193,76917.73,34952.15,37136.66,4828.92,64.47,0.293
2024-12-30,E,1891,119244.05,54511.57,59281.33,5451.16,63.06,0.425
2024-12-31,A,7267,447969.74,224430.17,205727.65,17811.92,61.64,0.28
2024-12-31,B,4143,256272.91,123227.66,121873.51,11171.74,61.86,0.296
2024-12-31,C,2189,138283.2,61252.96,60324.88,16705.35,63.17,0.222
2024-12-31,D,1214,84659.23,38469.97,40874.34,5314.93,69.74,0.319
2024-12-31,E,1803,113135.95,51719.29,56244.73,5171.93,62.75,0.438
2025-01-01,A,3525,223664.15,112054.4,102716.54,8893.21,63.45,0.267
2025-01-01,B,2315,151588.13,72890.46,72089.47,6608.2,65.48,0.337
2025-01-01,C,1063,60181.68,26657.66,26253.75,7270.27,56.61,0.287
2025-01-01,D,823,42926.0,19505.98,20725.11,2694.91,52.16,0.256
2025-01-01,E,936,54115.68,24738.6,26903.22,2473.86,57.82,0.433
2025-01-02,A,3652,250257.04,125377.28,114929.18,9950.58,68.53,0.336
2025-01-02,B,3285,176222.91,84735.98,83804.82,7682.11,53.64,0.211
2025-01-02,C,1126,71230.26,31551.66,31073.6,8605.0,63.26,0.275
2025-01-02,D,621,35849.43,16290.32,17308.47,2250.64,57.73,0.366
2025-01-02,E,786,50169.81,22934.77,24941.56,2293.48,63.83,0.403
2025-01-03,A,3681,218107.35,109270.48,100164.61,8672.26,59.25,0.308
2025-01-03,B,1626,102571.91,49321.24,48779.25,4471.43,63.08,0.288
2025-01-03,C,684,45496.5,20152.81,19847.46,5496.22,66.52,0.311
2025-01-03,D,539,34936.28,15875.38,16867.59,2193.31,64.82,0.287
2025-01-03,E,693,47154.96,21556.55,23442.75,2155.66,68.04,0.445
2025-01-04,A,4096,245799.35,123144.01,112882.01,9773.33,60.01,0.32
2025-01-04,B,2411,144728.07,69591.83,68827.09,6309.15,60.03,0.328
2025-01-04,C,856,49770.72,22046.09,21712.06,6012.57,58.14,0.321
2025-01-04,D,644,37299.25,16949.14,18008.46,2341.66,57.92,0.248
2025-01-04,E,833,53853.77,24618.87,26773.02,2461.89,64.65,0.371
2025-01-05,A,4147,250384.97,125441.38,114987.93,9955.66,60.38,0.261
2025-01-05,B,2462,142715.53,68624.11,67870.0,6221.42,57.97,0.289
2025-01-05,C,794,52408.49,23214.5,22862.77,6331.23,66.01,0.269
2025-01-05,D,567,33459.87,15204.48,16154.77,2100.62,59.01,0.244
2025-01-05,E,851,50986.0,23307.89,25347.33,2330.79,59.91,0.398
2025-01-06,A,4660,295943.74,148266.05,135910.54,11767.15,63.51,0.322
2025-01-06,B,1992,124553.43,59890.95,59232.81,5429.67,62.53,0.259
2025-01-06,C,818,53803.26,23832.31,23471.22,6499.72,65.77,0.29
2025-01-06,D,770,48211.09,21907.58,23276.8,3026.7,62.61,0.325
2025-01-06,E,914,57457.8,26266.42,28564.73,2626.64,62.86,0.458
2025-01-07,A,5129,310082.49,155349.48,142403.69,12329.32,60.46,0.269
2025-01-07,B,3151,192443.33,92535.5,91518.62,8389.21,61.07,0.294
2025-01-07,C,1094,68865.0,30503.96,30041.78,8319.26,62.95,0.284
2025-01-07,D,641,43432.13,19735.97,20969.47,2726.68,67.76,0.29
2025-01-07,E,1070,61876.42,28286.37,30761.42,2828.64,57.83,0.366
2025-01-08,A,4517,256593.95,128552.04,117839.37,10202.54,56.81,0.276
2025-01-08,B,2646,151255.42,72730.48,71931.24,6593.7,57.16,0.253
2025-01-08,C,1131,72002.8,31893.86,31410.62,8698.32,63.66,0.286
2025-01-08,D,647,41708.85,18952.9,20137.46,2618.49,64.46,0.304
2025-01-08,E,1048,64376.11,29429.08,32004.12,2942.91,61.43,0.435
2025-01-09,A,5079,312439.41,156530.28,143486.09,12423.04,61.52,0.361
2025-01-09,B,2653,161204.75,77514.57,76662.76,7027.42,60.76,0.31
2025-01-09,C,989,59257.9,26248.47,25850.76,7158.67,59.92,0.241
2025-01-09,D,658,39565.8,17979.08,19102.77,2483.95,60.13,0.317
2025-01-09,E,1248,76560.29,34998.99,38061.4,3499.9,61.35,0.418
2025-01-10,A,4442,264547.22,132536.58,121491.87,10518.78,59.56,0.294
2025-01-10,B,2229,138328.59,66514.67,65783.74,6030.18,62.06,0.28
2025-01-10,C,1058,56195.79,24892.09,24514.94,6788.75,53.12,0.27
2025-01-10,D,570,37374.81,16983.47,18044.94,2346.4,65.57,0.281
2025-01-10,E,916,52737.31,24108.49,26217.98,2410.85,57.57,0.403
2025-01-11,A,3618,199771.86,100084.51,91744.13,7943.22,55.22,0.314
2025-01-11,B,2069,140078.32,67356.02,66615.85,6106.45,67.7,0.287
2025-01-11,C,1040,70652.96,31295.94,30821.76,8535.26,67.94,0.275
2025-01-11,D,693,42501.71,19313.18,20520.26,2668.27,61.33,0.273
2025-01-11,E,922,54784.21,25044.21,27235.58,2504.42,59.42,0.477
2025-01-12,A,4168,262069.03,131295.02,120353.77,10420.24,62.88,0.302
2025-01-12,B,2510,164924.4,79303.15,78431.69,7189.57,65.71,0.315
2025-01-12,C,1126,69566.51,30814.7,30347.81,8404.01,61.78,0.324
2025-01-12,D,646,40575.78,18438.02,19590.4,2547.36,62.81,0.254
2025-01-12,E,883,53836.51,24610.97,26764.43,2461.1,60.97,0.391
2025-01-13,A,4850,304083.06,152343.8,139648.48,12090.78,62.7,0.285
2025-01-13,B,2880,175258.65,84272.33,83346.26,7640.07,60.85,0.312
2025-01-13,C,919,61366.56,27182.5,26770.65,7413.41,66.78,0.305
2025-01-13,D,764,45938.39,20874.84,22179.52,2884.02,60.13,0.241
2025-01-13,E,789,50032.9,22872.18,24873.5,2287.22,63.41,0.374
2025-01-14,A,4435,266315.65,133422.55,122304.01,10589.09,60.05,0.252
2025-01-14,B,2685,184326.6,88632.6,87658.62,8035.37,68.65,0.275
2025-01-14,C,1303,74144.1,32842.35,32344.74,8957.01,56.9,0.3
2025-01-14,D,632,43052.88,19563.64,20786.37,2702.87,68.12,0.21
2025-01-14,E,921,62109.89,28393.09,30877.49,2839.31,67.44,0.406
2025-01-15,A,3775,228303.6,114378.74,104847.18,9077.68,60.48,0.3
2025-01-15,B,2374,146282.71,70339.37,69566.41,6376.92,61.62,0.282
2025-01-15,C,944,59695.46,26442.28,26041.64,7211.53,63.24,0.298
2025-01-15,D,685,42219.02,19184.73,20383.77,2650.52,61.63,0.309
2025-01-15,E,926,59463.81,27183.46,29562.01,2718.35,64.22,0.4
2025-01-16,A,4720,278243.68,139398.43,127781.89,11063.37,58.95,0.286
2025-01-16,B,3041,187352.05,90087.38,89097.41,8167.26,61.61,0.241
2025-01-16,C,1055,62196.6,27550.17,27132.75,7513.68,58.95,0.294
2025-01-16,D,750,47386.34,21532.81,22878.61,2974.93,63.18,0.303
2025-01-16,E,888,55072.0,25175.77,27378.65,2517.58,62.02,0.412
2025-01-17,A,3661,239891.9,120184.41,110169.05,9538.45,65.53,0.294
2025-01-17,B,2658,170165.03,81823.08,80923.92,7418.03,64.02,0.321
2025-01-17,C,792,51030.45,22604.09,22261.61,6164.75,64.43,0.307
2025-01-17,D,668,40104.7,18223.96,19362.96,2517.78,60.04,0.307
2025-01-17,E,1012,61725.87,28217.54,30686.58,2821.75,60.99,0.384
2025-01-18,A,3422,203190.97,101797.46,93314.34,8079.16,59.38,0.248
2025-01-18,B,2227,143040.25,68780.25,68024.42,6235.57,64.23,0.264
2025-01-18,C,1156,69234.11,30667.46,30202.8,8363.85,59.89,0.197
2025-01-18,D,648,37000.39,16813.33,17864.16,2322.89,57.1,0.264
2025-01-18,E,879,54111.95,24736.89,26901.37,2473.69,61.56,0.404
2025-01-19,A,3512,238248.51,119361.08,109414.33,9473.1,67.84,0.288
2025-01-19,B,2408,159011.89,76460.14,75619.92,6931.83,66.03,0.278
2025-01-19,C,1170,80270.34,35555.99,35017.26,9697.09,68.61,0.337
2025-01-19,D,584,37781.88,17168.45,18241.47,2371.96,64.69,0.252
2025-01-19,E,1054,72152.45,32983.98,35870.08,3298.4,68.46,0.473
2025-01-20,A,4608,283046.15,141804.43,129987.4,11254.32,61.42,0.279
2025-01-20,B,2590,167207.35,80400.89,79517.37,7289.09,64.56,0.216
2025-01-20,C,1053,69026.34,30575.43,30112.16,8338.75,65.55,0.301
2025-01-20,D,685,46467.25,21115.16,22434.86,2917.23,67.84,0.24
2025-01-20,E,952,61140.89,27950.12,30395.76,2795.01,64.22,0.449
2025-01-21,A,5740,324890.01,162767.96,149203.96,12918.09,56.6,0.261
2025-01-21,B,3539,191612.46,92135.98,91123.49,8352.99,54.14,0.257
2025-01-21,C,1153,70750.92,31339.33,30864.49,8547.09,61.36,0.316
2025-01-21,D,622,39474.35,17937.52,19058.62,2478.21,63.46,0.273
2025-01-21,E,1126,69798.86,31908.05,34700.01,3190.81,61.99,0.393
2025-01-22,A,4101,254062.32,127283.71,116676.73,10101.88,61.95,0.28
2025-01-22,B,3313,199570.26,95962.45,94907.92,8699.89,60.24,0.257
2025-01-22,C,1434,89991.41,39861.96,39258.0,10871.44,62.76,0.221
2025-01-22,D,654,40199.52,18267.05,19408.74,2523.74,61.47,0.307
2025-01-22,E,1081,71276.52,32583.55,35434.61,3258.36,65.94,0.434
2025-01-23,A,3919,243258.21,121870.91,111715.0,9672.29,62.07,0.348
2025-01-23,B,2576,152559.04,73357.32,72551.2,6650.53,59.22,0.289
2025-01-23,C,1075,61650.27,27308.17,26894.41,7447.68,57.35,0.282
2025-01-23,D,691,40168.12,18252.78,19393.58,2521.77,58.13,0.267
2025-01-23,E,1242,70632.6,32289.19,35114.49,3228.92,56.87,0.39
2025-01-24,A,3541,226837.39,113644.18,104173.83,9019.38,64.06,0.292
2025-01-24,B,2373,149644.24,71955.75,71165.03,6523.46,63.06,0.318
2025-01-24,C,995,56854.41,25183.83,24802.26,6868.32,57.14,0.32
2025-01-24,D,598,35326.16,16052.55,17055.83,2217.79,59.07,0.27
2025-01-24,E,872,50925.45,23280.2,25317.22,2328.02,58.4,0.44
2025-01-25,A,3687,243518.77,122001.45,111834.66,9682.65,66.05,0.309
2025-01-25,B,2067,146266.94,70331.79,69558.91,6376.23,70.76,0.278
2025-01-25,C,1024,58900.47,26090.14,25694.84,7115.49,57.52,0.314
2025-01-25,D,693,42906.91,19497.31,20715.89,2693.71,61.91,0.245
2025-01-25,E,830,52072.13,23804.4,25887.29,2380.44,62.74,0.389
2025-01-26,A,3754,245883.15,123185.99,112920.49,9776.67,65.5,0.281
2025-01-26,B,2763,178577.09,85867.98,84924.38,7784.73,64.63,0.353
2025-01-26,C,1206,70652.26,31295.63,30821.46,8535.17,58.58,0.296
2025-01-26,D,549,33019.25,15004.26,15942.03,2072.96,60.14,0.267
2025-01-26,E,1131,67950.78,31063.21,33781.25,3106.32,60.08,0.448
2025-01-27,A,4724,271643.39,136091.72,124750.74,10800.93,57.5,0.29
2025-01-27,B,3008,180767.45,86921.2,85966.02,7880.22,60.1,0.35
2025-01-27,C,1202,77994.84,34548.05,34024.59,9422.2,64.89,0.333
2025-01-27,D,919,49841.94,22648.65,24064.19,3129.09,54.23,0.308
2025-01-27,E,906,59529.18,27213.34,29594.51,2721.33,65.71,0.48
2025-01-28,A,4195,263786.16,132155.29,121142.35,10488.52,62.88,0.289
2025-01-28,B,2792,176740.24,84984.74,84050.84,7704.66,63.3,0.349
2025-01-28,C,1150,74829.95,33146.15,32643.94,9039.86,65.07,0.283
2025-01-28,D,703,43438.2,19738.74,20972.41,2727.06,61.79,0.244
2025-01-28,E,1355,74850.43,34217.34,37211.36,3421.73,55.24,0.414
2025-01-29,A,4232,258927.58,129721.17,118911.07,10295.33,61.18,0.232
2025-01-29,B,2418,161504.75,77658.82,76805.43,7040.5,66.79,0.284
2025-01-29,C,965,64914.91,28754.26,28318.59,7842.07,67.27,0.265
2025-01-29,D,712,46894.32,21309.23,22641.05,2944.04,65.86,0.261
2025-01-29,E,1108,65385.65,29890.59,32506.01,2989.06,59.01,0.395
2025-01-30,A,3575,219990.74,110214.05,101029.55,8747.15,61.54,0.294
2025-01-30,B,2378,146476.14,70432.39,69658.4,6385.35,61.6,0.268
2025-01-30,C,1488,82756.12,36657.07,36101.66,9997.38,55.62,0.265
2025-01-30,D,670,39255.99,17838.3,18953.19,2464.5,58.59,0.308
2025-01-30,E,961,55579.81,25407.91,27631.11,2540.79,57.84,0.399
2025-01-31,A,4573,256961.16,128736.01,118008.01,10217.14,56.19,0.284
2025-01-31,B,2463,141684.34,68128.27,67379.61,6176.46,57.53,0.259
2025-01-31,C,1016,58655.84,25981.78,25588.12,7085.94,57.73,0.255
2025-01-31,D,519,32595.41,14811.67,15737.39,2046.35,62.8,0.292
2025-01-31,E,881,54796.5,25049.83,27241.69,2504.98,62.2,0.459
2025-02-01,A,4241,264822.75,132674.62,121618.4,10529.73,62.44,0.258
2025-02-01,B,1969,124018.34,59633.65,58978.34,5406.35,62.99,0.254
2025-02-01,C,1005,65502.01,29014.31,28574.7,7912.99,65.18,0.267
2025-02-01,D,474,29241.82,13287.76,14118.25,1835.81,61.69,0.292
2025-02-01,E,976,62461.76,28553.95,31052.42,2855.39,64.0,0.404
2025-02-02,A,2987,189201.84,94789.0,86889.91,7522.94,63.34,0.292
2025-02-02,B,2496,144448.4,69457.36,68694.09,6296.96,57.87,0.29
2025-02-02,C,793,51933.06,23003.91,22655.36,6273.79,65.49,0.261
2025-02-02,D,694,40743.58,18514.27,19671.41,2557.89,58.71,0.334
2025-02-02,E,992,58254.88,26630.8,28961.0,2663.08,58.72,0.384
2025-02-03,A,3354,215365.91,107897.04,98905.62,8563.26,64.21,0.306
2025-02-03,B,3100,188300.55,90543.46,89548.48,8208.61,60.74,0.25
2025-02-03,C,1120,73927.86,32746.57,32250.41,8930.88,66.01,0.263
2025-02-03,D,640,39700.05,18040.08,19167.59,2492.38,62.03,0.304
2025-02-03,E,981,65347.92,29873.34,32487.25,2987.33,66.61,0.414
2025-02-04,A,3203,206430.67,103420.54,94802.16,8207.98,64.45,0.314
2025-02-04,B,2498,159595.38,76740.71,75897.4,6957.26,63.89,0.243
2025-02-04,C,1090,71935.0,31863.83,31381.04,8690.13,66.0,0.311
2025-02-04,D,632,43099.5,19584.82,20808.88,2705.8,68.2,0.31
2025-02-04,E,1043,63395.54,28980.82,31516.64,2898.08,60.78,0.429
2025-02-05,A,4568,303200.17,151901.48,139243.02,12055.67,66.37,0.265
2025-02-05,B,2482,154547.85,74313.63,73496.99,6737.22,62.27,0.298
2025-02-05,C,1393,80912.02,35840.22,35297.19,9774.61,58.08,0.345
2025-02-05,D,730,47708.71,21679.29,23034.25,2995.17,65.35,0.251
2025-02-05,E,1080,65248.11,29827.71,32437.63,2982.77,60.41,0.447
2025-02-06,A,5685,314021.86,157323.08,144212.82,12485.96,55.24,0.27
2025-02-06,B,2400,130061.54,62539.5,61852.25,5669.79,54.19,0.287
2025-02-06,C,878,52947.53,23453.27,23097.92,6396.35,60.3,0.253
2025-02-06,D,571,36338.83,16512.71,17544.75,2281.36,63.64,0.303
2025-02-06,E,1000,57381.59,26231.59,28526.85,2623.16,57.38,0.457
2025-02-07,A,3214,205760.94,103085.0,94494.59,8181.35,64.02,0.269
2025-02-07,B,2220,145226.97,69831.73,69064.34,6330.9,65.42,0.268
2025-02-07,C,894,56301.96,24939.12,24561.26,6801.58,62.98,0.342
2025-02-07,D,556,36025.06,16370.13,17393.26,2261.66,64.79,0.309
2025-02-07,E,890,54045.25,24706.4,26868.21,2470.64,60.72,0.376
2025-02-08,A,4265,275236.82,137892.0,126401.0,10943.81,64.53,0.253
2025-02-08,B,2609,150274.07,72258.6,71464.55,6550.92,57.6,0.303
2025-02-08,C,1115,67191.58,29762.72,29311.77,8117.1,60.26,0.323
2025-02-08,D,561,34913.36,15864.96,16856.53,2191.87,62.23,0.292
2025-02-08,E,885,51379.57,23487.8,25542.99,2348.78,58.06,0.394
2025-02-09,A,3365,230016.61,115236.95,105633.87,9145.79,68.36,0.302
2025-02-09,B,2328,132731.55,63823.36,63122.0,5786.18,57.02,0.275
2025-02-09,C,993,63190.48,27990.42,27566.32,7633.75,63.64,0.25
2025-02-09,D,612,40318.11,18320.94,19466.0,2531.18,65.88,0.347
2025-02-09,E,701,44064.15,20143.61,21906.18,2014.36,62.86,0.428
2025-02-10,A,3483,201626.94,101013.9,92596.07,8016.98,57.89,0.264
2025-02-10,B,2224,143722.37,69108.25,68348.82,6265.31,64.62,0.269
2025-02-10,C,1135,68517.15,30349.88,29890.03,8277.24,60.37,0.243
2025-02-10,D,831,46801.66,21267.12,22596.32,2938.22,56.32,0.285
2025-02-10,E,953,64116.03,29310.19,31874.83,2931.02,67.28,0.418
2025-02-11,A,3965,255847.17,128177.91,117496.42,10172.85,64.53,0.272
2025-02-11,B,2358,142895.76,68710.77,67955.71,6229.27,60.6,0.253
2025-02-11,C,988,66253.34,29347.12,28902.46,8003.76,67.06,0.293
2025-02-11,D,824,49015.95,22273.32,23665.4,3077.23,59.49,0.285
2025-02-11,E,896,57618.64,26339.95,28644.7,2634.0,64.31,0.396
2025-02-12,A,5226,284233.52,142399.3,130532.69,11301.53,54.39,0.32
2025-02-12,B,2516,173024.94,83198.25,82283.99,7542.7,68.77,0.242
2025-02-12,C,1253,83329.58,36911.09,36351.83,10066.66,66.5,0.291
2025-02-12,D,641,37907.18,17225.39,18301.97,2379.82,59.14,0.279
2025-02-12,E,817,51550.75,23566.06,25628.09,2356.61,63.1,0.413
2025-02-13,A,5619,343120.49,171901.32,157576.21,13642.96,61.06,0.276
2025-02-13,B,2503,162329.9,78055.59,77197.84,7076.47,64.85,0.255
2025-02-13,C,794,47889.73,21212.9,20891.49,5785.34,60.31,0.242
2025-02-13,D,797,53817.84,24455.34,25983.8,3378.7,67.53,0.25
2025-02-13,E,855,58275.33,26640.15,28971.16,2664.01,68.16,0.422
2025-02-14,A,4068,245436.43,122962.19,112715.34,9758.9,60.33,0.287
2025-02-14,B,2066,126140.51,60654.09,59987.56,5498.86,61.06,0.26
2025-02-14,C,1047,66584.29,29493.71,29046.84,8043.74,63.6,0.25
2025-02-14,D,604,34628.61,15735.57,16719.04,2173.99,57.33,0.296
2025-02-14,E,651,42203.83,19293.18,20981.33,1929.32,64.83,0.401
2025-02-15,A,2709,179215.56,89785.93,82303.77,7125.87,66.16,0.226
2025-02-15,B,2030,115040.12,55316.52,54708.65,5014.96,56.67,0.227
2025-02-15,C,1022,58889.74,26085.39,25690.16,7114.2,57.62,0.284
2025-02-15,D,583,35326.91,16052.88,17056.19,2217.83,60.6,0.294
2025-02-15,E,787,49185.26,22484.69,24452.1,2248.47,62.5,0.368
2025-02-16,A,2695,170737.22,85538.33,78410.13,6788.76,63.35,0.329
2025-02-16,B,2097,123691.89,59476.68,58823.09,5392.12,58.99,0.287
2025-02-16,C,874,57384.87,25418.8,25033.67,6932.4,65.66,0.314
2025-02-16,D,558,36625.54,16643.0,17683.18,2299.36,65.64,0.244
2025-02-16,E,816,50604.08,23133.3,25157.46,2313.33,62.01,0.434
2025-02-17,A,3991,232896.91,116679.96,106956.63,9260.31,58.36,0.256
2025-02-17,B,2231,136671.7,65717.96,64995.79,5957.95,61.26,0.259
2025-02-17,C,1115,65160.54,28863.06,28425.74,7871.74,58.44,0.268
2025-02-17,D,730,43913.33,19954.64,21201.8,2756.89,60.16,0.251
2025-02-17,E,1009,56848.94,25988.09,28262.05,2598.81,56.34,0.426
2025-02-18,A,2461,159182.04,79749.25,73103.48,6329.31,64.68,0.283
2025-02-18,B,1399,86478.86,41582.97,41126.01,3769.88,61.81,0.257
2025-02-18,C,1032,63621.34,28181.26,27754.28,7685.8,61.65,0.315
2025-02-18,D,631,35010.24,15908.99,16903.3,2197.95,55.48,0.306
2025-02-18,E,933,52481.1,23991.36,26090.61,2399.14,56.25,0.43
2025-02-19,A,3825,250486.23,125492.11,115034.43,9959.69,65.49,0.241
2025-02-19,B,2567,160274.79,77067.4,76220.51,6986.88,62.44,0.278
2025-02-19,C,927,57842.39,25621.46,25233.26,6987.67,62.4,0.322
2025-02-19,D,600,37025.68,16824.83,17876.38,2324.48,61.71,0.352
2025-02-19,E,903,54508.45,24918.15,27098.49,2491.81,60.36,0.435
2025-02-20,A,3601,216677.65,108554.21,99508.03,8615.41,60.17,0.241
2025-02-20,B,2157,143492.17,68997.56,68239.34,6255.27,66.52,0.311
2025-02-20,C,1066,67898.7,30075.94,29620.24,8202.53,63.69,0.302
2025-02-20,D,534,33517.84,15230.83,16182.75,2104.26,62.77,0.241
2025-02-20,E,973,62262.35,28462.79,30953.28,2846.28,63.99,0.378
2025-02-21,A,4223,225245.36,112846.58,103442.7,8956.08,53.34,0.305
2025-02-21,B,1930,119469.77,57446.49,56815.21,5208.06,61.9,0.303
2025-02-21,C,914,52847.04,23408.76,23054.08,6384.21,57.82,0.255
2025-02-21,D,596,35619.88,16186.02,17197.64,2236.23,59.76,0.302
2025-02-21,E,813,50153.02,22927.09,24933.21,2292.71,61.69,0.419
2025-02-22,A,3874,247997.01,124245.02,113891.27,9860.72,64.02,0.25
2025-02-22,B,1695,99397.15,47794.67,47269.45,4333.03,58.64,0.26
2025-02-22,C,824,50308.34,22284.23,21946.59,6077.52,61.05,0.252
2025-02-22,D,443,28369.07,12891.18,13696.87,1781.02,64.04,0.339
2025-02-22,E,800,55377.02,25315.21,27530.29,2531.52,69.22,0.39
2025-02-23,A,3177,213693.25,107059.04,98137.46,8496.75,67.26,0.296
2025-02-23,B,2094,129137.12,62095.0,61412.63,5629.49,61.67,0.311
2025-02-23,C,982,52494.1,23252.42,22900.11,6341.57,53.46,0.243
2025-02-23,D,620,36556.91,16611.81,17650.05,2295.05,58.96,0.298
2025-02-23,E,790,47643.81,21780.03,23685.78,2178.0,60.31,0.411
2025-02-24,A,4041,256029.9,128269.45,117580.33,10180.12,63.36,0.28
2025-02-24,B,2414,150821.01,72521.6,71724.66,6574.76,62.48,0.283
2025-02-24,C,799,51811.15,22949.91,22602.18,6259.07,64.84,0.282
2025-02-24,D,531,36044.87,16379.13,17402.83,2262.91,67.88,0.235
2025-02-24,E,907,58854.82,26905.06,29259.25,2690.51,64.89,0.422
2025-02-25,A,4057,260928.68,130723.71,119830.07,10374.9,64.32,0.24
2025-02-25,B,1976,130612.45,62804.4,62114.24,5693.81,66.1,0.303
2025-02-25,C,919,55409.44,24543.78,24171.9,6693.76,60.29,0.324
2025-02-25,D,739,43005.62,19542.17,20763.55,2699.9,58.19,0.291
2025-02-25,E,891,60804.65,27796.41,30228.6,2779.64,68.24,0.398
2025-02-26,A,4783,281378.58,140968.99,129221.57,11188.02,58.83,0.29
2025-02-26,B,2037,144844.78,69647.95,68882.59,6314.24,71.11,0.255
2025-02-26,C,1131,68982.15,30555.85,30092.89,8333.41,60.99,0.317
2025-02-26,D,595,36538.61,16603.49,17641.21,2293.9,61.41,0.318
2025-02-26,E,1038,58384.71,26690.15,29025.54,2669.02,56.25,0.395
2025-02-27,A,3918,261651.26,131085.72,120161.91,10403.63,66.78,0.295
2025-02-27,B,2442,147656.09,70999.76,70219.54,6436.79,60.47,0.253
2025-02-27,C,1058,63382.39,28075.42,27650.04,7656.93,59.91,0.304
2025-02-27,D,569,38834.63,17646.83,18749.75,2438.05,68.25,0.277
2025-02-27,E,809,55144.48,25208.9,27414.68,2520.89,68.16,0.413
2025-02-28,A,3500,222773.33,111608.11,102307.43,8857.79,63.65,0.25
2025-02-28,B,1863,117714.23,56602.35,55980.35,5131.53,63.19,0.279
2025-02-28,C,675,40164.39,17790.94,17521.38,4852.07,59.5,0.296
2025-02-28,D,524,35649.47,16199.46,17211.92,2238.08,68.03,0.256
2025-02-28,E,637,41466.5,18956.11,20614.77,1895.61,65.1,0.4
2025-03-01,A,3363,233944.17,117204.63,107437.58,9301.96,69.56,0.251
2025-03-01,B,2213,139994.19,67315.57,66575.84,6102.78,63.26,0.306
2025-03-01,C,1142,62475.22,27673.59,27254.29,7547.34,54.71,0.278
2025-03-01,D,748,49638.52,22556.22,23965.98,3116.32,66.36,0.275
2025-03-01,E,875,54865.51,25081.37,27276.0,2508.14,62.7,0.365
2025-03-02,A,3582,237463.06,118967.58,109053.61,9441.87,66.29,0.297
2025-03-02,B,2237,134597.05,64720.38,64009.17,5867.51,60.17,0.325
2025-03-02,C,989,60588.08,26837.67,26431.04,7319.36,61.26,0.239
2025-03-02,D,626,36829.05,16735.47,17781.44,2312.14,58.83,0.318
2025-03-02,E,908,60450.16,27634.36,30052.36,2763.44,66.58,0.402
2025-03-03,A,5030,326680.54,163665.0,150026.25,12989.29,64.95,0.25
2025-03-03,B,2715,171585.48,82506.1,81599.44,7479.95,63.2,0.303
2025-03-03,C,1225,72011.54,31897.73,31414.43,8699.38,58.78,0.288
2025-03-03,D,706,44833.89,20372.95,21646.26,2814.68,63.5,0.269
2025-03-03,E,1157,65537.83,29960.15,32581.66,2996.01,56.64,0.399
2025-03-04,A,3619,218003.95,109218.68,100117.12,8668.15,60.24,0.299
2025-03-04,B,2421,148809.36,71554.3,70767.99,6487.07,61.47,0.331
2025-03-04,C,1303,74200.45,32867.31,32369.32,8963.81,56.95,0.297
2025-03-04,D,730,47772.69,21708.37,23065.14,2999.18,65.44,0.276
2025-03-04,E,1037,64513.17,29491.74,32072.26,2949.17,62.21,0.396
2025-03-05,A,5959,353914.13,177308.87,162533.13,14072.13,59.39,0.251
2025-03-05,B,2086,145674.07,70046.71,69276.97,6350.39,69.83,0.242
2025-03-05,C,1123,69648.08,30850.83,30383.39,8413.86,62.02,0.235
2025-03-05,D,524,35909.3,16317.53,17337.38,2254.4,68.53,0.221
2025-03-05,E,942,61252.59,28001.19,30451.29,2800.12,65.02,0.347
2025-03-06,A,3663,236871.08,118671.0,108781.75,9418.33,64.67,0.261
2025-03-06,B,2514,163086.08,78419.2,77557.45,7109.43,64.87,0.261
2025-03-06,C,1436,84750.82,37540.63,36971.84,10238.35,59.02,0.263
2025-03-06,D,870,53627.41,24368.81,25891.86,3366.74,61.64,0.302
2025-03-06,E,1058,64073.63,29290.8,31853.75,2929.08,60.56,0.311
2025-03-07,A,3624,214191.09,107308.46,98366.09,8516.54,59.1,0.312
2025-03-07,B,2402,145800.35,70107.43,69337.02,6355.89,60.7,0.241
2025-03-07,C,1085,67465.8,29884.18,29431.39,8150.23,62.18,0.223
2025-03-07,D,743,47334.97,21509.47,22853.81,2971.7,63.71,0.283
2025-03-07,E,621,42492.15,19424.98,21124.67,1942.5,68.43,0.468
2025-03-08,A,4713,266252.95,133391.14,122275.21,10586.6,56.49,0.299
2025-03-08,B,2432,162178.84,77982.95,77126.0,7069.88,66.69,0.264
2025-03-08,C,975,66914.91,29640.16,29191.07,8083.68,68.63,0.275
2025-03-08,D,612,39685.96,18033.68,19160.78,2491.5,64.85,0.287
2025-03-08,E,877,58116.34,26567.47,28892.12,2656.75,66.27,0.485
2025-03-09,A,3685,240737.46,120608.03,110557.36,9572.07,65.33,0.308
2025-03-09,B,1985,113375.84,54516.26,53917.18,4942.41,57.12,0.252
2025-03-09,C,1182,68382.54,30290.25,29831.31,8260.98,57.85,0.274
2025-03-09,D,610,40784.87,18533.03,19691.35,2560.49,66.86,0.292
2025-03-09,E,683,47155.2,21556.66,23442.87,2155.67,69.04,0.4
2025-03-10,A,3797,251549.35,126024.72,115522.66,10001.96,66.25,0.271
2025-03-10,B,1896,134912.33,64871.98,64159.1,5881.25,71.16,0.285
2025-03-10,C,985,67503.25,29900.77,29447.73,8154.76,68.53,0.282
2025-03-10,D,872,53375.37,24254.28,25770.17,3350.92,61.21,0.324
2025-03-10,E,926,57942.12,26487.83,28805.51,2648.78,62.57,0.431
2025-03-11,A,4429,289397.09,144986.22,132904.03,11506.84,65.34,0.253
2025-03-11,B,2315,150995.99,72605.73,71807.87,6582.39,65.23,0.227
2025-03-11,C,1214,76937.91,34079.88,33563.52,9294.51,63.38,0.318
2025-03-11,D,650,42616.5,19365.35,20575.68,2675.48,65.56,0.299
2025-03-11,E,977,68057.66,31112.07,33834.38,3111.21,69.66,0.379
2025-03-12,A,4107,248461.22,124477.59,114104.46,9879.17,60.5,0.274
2025-03-12,B,2588,143400.26,68953.36,68195.63,6251.27,55.41,0.338
2025-03-12,C,1280,72464.56,32098.39,31612.05,8754.11,56.61,0.243
2025-03-12,D,777,41792.11,18990.74,20177.66,2623.72,53.79,0.289
2025-03-12,E,1220,77716.59,35527.58,38636.25,3552.76,63.7,0.397
2025-03-13,A,3783,253606.36,127055.27,116467.33,10083.75,67.04,0.329
2025-03-13,B,2946,174500.3,83907.67,82985.61,7607.01,59.23,0.234
2025-03-13,C,1185,76045.84,33684.73,33174.36,9186.75,64.17,0.272
2025-03-13,D,587,38413.09,17455.28,18546.23,2411.58,65.44,0.275
2025-03-13,E,1051,65669.34,30020.27,32647.04,3002.03,62.48,0.34
2025-03-14,A,4216,243566.67,122025.45,111856.66,9684.56,57.77,0.262
2025-03-14,B,2993,182572.61,87789.21,86824.49,7958.91,61.0,0.283
2025-03-14,C,1276,79231.5,35095.83,34564.08,9571.59,62.09,0.285
2025-03-14,D,634,37434.51,17010.6,18073.76,2350.15,59.04,0.283
2025-03-14,E,867,54511.17,24919.39,27099.84,2491.94,62.87,0.489
2025-03-15,A,3589,214544.64,107485.59,98528.45,8530.6,59.78,0.304
2025-03-15,B,2648,147601.39,70973.46,70193.53,6434.41,55.74,0.298
2025-03-15,C,934,58676.84,25991.08,25597.28,7088.48,62.82,0.26
2025-03-15,D,687,39004.31,17723.93,18831.68,2448.7,56.77,0.313
2025-03-15,E,1112,62466.18,28555.97,31054.62,2855.6,56.17,0.402
2025-03-16,A,4484,262140.92,131331.04,120386.78,10423.1,58.46,0.261
2025-03-16,B,2534,157165.65,75572.38,74741.92,6851.34,62.02,0.29
2025-03-16,C,1180,75284.43,33347.47,32842.2,9094.76,63.8,0.284
2025-03-16,D,574,36634.28,16646.97,17687.4,2299.91,63.82,0.3
2025-03-16,E,773,52156.7,23843.06,25929.33,2384.31,67.47,0.34
2025-03-17,A,4456,273371.1,136957.29,125544.18,10869.63,61.35,0.287
2025-03-17,B,2671,171828.95,82623.17,81715.22,7490.56,64.33,0.293
2025-03-17,C,1282,81502.04,36101.58,35554.58,9845.88,63.57,0.27
2025-03-17,D,620,40489.08,18398.63,19548.54,2541.92,65.3,0.222
2025-03-17,E,1146,65530.07,29956.6,32577.81,2995.66,57.18,0.409
2025-03-18,A,4115,277487.6,139019.63,127434.66,11033.3,67.43,0.321
2025-03-18,B,2238,153306.34,73716.65,72906.58,6683.1,68.5,0.243
2025-03-18,C,1051,66065.04,29263.71,28820.32,7981.01,62.86,0.266
2025-03-18,D,698,44996.0,20446.61,21724.52,2824.86,64.46,0.258
2025-03-18,E,1034,63241.07,28910.2,31439.85,2891.02,61.16,0.455
2025-03-19,A,4972,301901.51,151250.85,138646.62,12004.04,60.72,0.267
2025-03-19,B,2853,173258.59,83310.6,82395.1,7552.88,60.73,0.311
2025-03-19,C,1122,64361.13,28508.95,28077.0,7775.17,57.36,0.277
2025-03-19,D,741,49940.57,22693.47,24111.81,3135.28,67.4,0.269
2025-03-19,E,1004,55536.22,25387.99,27609.44,2538.8,55.31,0.395
2025-03-20,A,4643,319417.56,160026.29,146690.77,12700.5,68.8,0.332
2025-03-20,B,2549,167504.32,80543.69,79658.59,7302.04,65.71,0.304
2025-03-20,C,1273,72820.42,32256.02,31767.3,8797.1,57.2,0.269
2025-03-20,D,719,43119.91,19594.1,20818.73,2707.08,59.97,0.276
2025-03-20,E,1081,64001.28,29257.73,31817.78,2925.77,59.21,0.425
2025-03-21,A,4553,272330.0,136435.7,125066.06,10828.23,59.81,0.266
2025-03-21,B,2107,132278.01,63605.28,62906.32,5766.41,62.78,0.218
2025-03-21,C,1053,68806.05,30477.85,30016.06,8312.14,65.34,0.27
2025-03-21,D,518,34645.98,15743.46,16727.43,2175.08,66.88,0.29
2025-03-21,E,843,48510.27,22176.12,24116.53,2217.61,57.54,0.362
2025-03-22,A,3930,262819.67,131671.09,120698.5,10450.09,66.88,0.299
2025-03-22,B,2850,172667.25,83026.26,82113.89,7527.11,60.58,0.289
2025-03-22,C,1152,71746.75,31780.44,31298.92,8667.39,62.28,0.271
2025-03-22,D,734,47519.68,21593.4,22942.98,2983.3,64.74,0.294
2025-03-22,E,958,56183.9,25684.07,27931.42,2568.41,58.65,0.425
2025-03-23,A,3574,207879.7,104146.49,95467.61,8265.59,58.16,0.247
2025-03-23,B,2574,152002.6,73089.76,72286.57,6626.27,59.05,0.302
2025-03-23,C,994,61631.37,27299.8,26886.17,7445.4,62.0,0.289
2025-03-23,D,738,42353.38,19245.78,20448.64,2658.96,57.39,0.28
2025-03-23,E,816,49224.64,22502.69,24471.68,2250.27,60.32,0.423
2025-03-24,A,4869,302024.6,151312.52,138703.15,12008.93,62.03,0.285
2025-03-24,B,2562,158837.23,76376.16,75536.86,6924.21,62.0,0.317
2025-03-24,C,1247,71952.91,31871.76,31388.85,8692.3,57.7,0.293
2025-03-24,D,845,49217.02,22364.68,23762.48,3089.86,58.24,0.278
2025-03-24,E,926,59554.31,27224.83,29607.0,2722.48,64.31,0.456
2025-03-25,A,4419,261197.34,130858.31,119953.45,10385.58,59.11,0.264
2025-03-25,B,2682,147088.86,70727.01,69949.79,6412.06,54.84,0.283
2025-03-25,C,1312,80381.3,35605.14,35065.67,9710.49,61.27,0.326
2025-03-25,D,712,47344.01,21513.57,22858.17,2972.27,66.49,0.29
2025-03-25,E,1071,64411.07,29445.06,32021.5,2944.51,60.14,0.459
2025-03-26,A,3924,245974.22,123231.62,112962.32,9780.29,62.68,0.246
2025-03-26,B,2619,162703.34,78235.16,77375.43,7092.75,62.12,0.262
2025-03-26,C,972,63951.54,28327.53,27898.32,7725.69,65.79,0.294
2025-03-26,D,691,44832.67,20372.4,21645.67,2814.61,64.88,0.274
2025-03-26,E,1184,63572.58,29061.75,31604.66,2906.18,53.69,0.367
2025-03-27,A,4680,313413.71,157018.4,143933.53,12461.78,66.97,0.282
2025-03-27,B,2913,179153.09,86144.95,85198.3,7809.84,61.5,0.282
2025-03-27,C,985,67499.54,29899.12,29446.11,8154.31,68.53,0.289
2025-03-27,D,579,39893.26,18127.88,19260.87,2504.51,68.9,0.285
2025-03-27,E,997,62694.02,28660.12,31167.88,2866.01,62.88,0.37
2025-03-28,A,4828,267052.67,133791.8,122642.48,10618.4,55.31,0.291
2025-03-28,B,2685,148332.33,71324.92,70541.13,6466.27,55.24,0.263
2025-03-28,C,1040,65538.09,29030.29,28590.44,7917.35,63.02,0.245
2025-03-28,D,716,43679.5,19848.38,21088.91,2742.21,61.0,0.298
2025-03-28,E,773,50126.25,22914.86,24919.91,2291.49,64.85,0.391
2025-03-29,A,3948,267984.52,134258.64,123070.42,10655.45,67.88,0.243
2025-03-29,B,2469,158408.75,76170.13,75333.09,6905.53,64.16,0.228
2025-03-29,C,912,57433.41,25440.3,25054.84,6938.26,62.98,0.312
2025-03-29,D,690,40441.9,18377.19,19525.76,2538.95,58.61,0.289
2025-03-29,E,870,55673.07,25450.55,27677.47,2545.05,63.99,0.378
2025-03-30,A,3756,236480.26,118475.2,108602.27,9402.79,62.96,0.274
2025-03-30,B,1745,119480.91,57451.85,56820.51,5208.55,68.47,0.306
2025-03-30,C,1034,67325.45,29822.01,29370.16,8133.28,65.11,0.256
2025-03-30,D,670,42748.16,19425.17,20639.24,2683.74,63.8,0.276
2025-03-30,E,1012,64445.42,29460.76,32038.58,2946.08,63.68,0.42
2025-03-31,A,3832,251847.61,126174.15,115659.64,10013.82,65.72,0.271
2025-03-31,B,2904,168874.19,81202.39,80310.05,7361.75,58.15,0.305
2025-03-31,C,1105,78475.89,34761.13,34234.45,9480.31,71.02,0.263
2025-03-31,D,616,38185.2,17351.72,18436.2,2397.28,61.99,0.275
2025-03-31,E,1105,62207.92,28437.91,30926.23,2843.79,56.3,0.417
2025-04-01,A,4345,273377.23,136960.36,125547.0,10869.87,62.92,0.235
2025-04-01,B,2705,173835.25,83587.89,82669.34,7578.02,64.26,0.24
2025-04-01,C,1161,77839.22,34479.12,33956.71,9403.4,67.04,0.271
2025-04-01,D,808,42359.53,19248.57,20451.61,2659.34,52.43,0.235
2025-04-01,E,987,65845.56,30100.83,32734.65,3010.08,66.71,0.374
2025-04-02,A,5387,325102.13,162874.23,149301.38,12926.53,60.35,0.273
2025-04-02,B,2119,139661.06,67155.39,66417.41,6088.26,65.91,0.26
2025-04-02,C,1417,90292.22,39995.21,39389.22,10907.78,63.72,0.23
2025-04-02,D,772,46133.02,20963.29,22273.49,2896.24,59.76,0.277
2025-04-02,E,1142,70433.84,32198.33,35015.68,3219.83,61.68,0.424
2025-04-03,A,4853,277671.77,139111.9,127519.24,11040.63,57.22,0.304
2025-04-03,B,2100,122190.73,58754.86,58109.2,5326.68,58.19,0.288
2025-04-03,C,1577,83004.81,36767.23,36210.15,10027.43,52.63,0.309
2025-04-03,D,849,53540.69,24329.4,25849.99,3361.3,63.06,0.299
2025-04-03,E,925,59446.07,27175.35,29553.19,2717.53,64.27,0.361
2025-04-04,A,4387,264666.86,132596.52,121546.81,10523.53,60.33,0.296
2025-04-04,B,2061,136236.8,65508.85,64788.97,5938.99,66.1,0.268
2025-04-04,C,1228,68879.18,30510.24,30047.96,8320.97,56.09,0.284
2025-04-04,D,750,44047.45,20015.58,21266.56,2765.31,58.73,0.337
2025-04-04,E,1177,61119.25,27940.23,30385.0,2794.02,51.93,0.447
2025-04-05,A,4685,304446.13,152525.7,139815.22,12105.21,64.98,0.295
2025-04-05,B,1898,118534.02,56996.54,56370.21,5167.27,62.45,0.295
2025-04-05,C,1243,80143.36,35499.74,34961.87,9681.75,64.48,0.273
2025-04-05,D,650,43071.65,19572.17,20795.43,2704.05,66.26,0.28
2025-04-05,E,672,45913.77,20989.15,22825.7,2098.92,68.32,0.445
2025-04-06,A,3914,232578.29,116520.34,106810.31,9247.65,59.42,0.312
2025-04-06,B,2522,163782.61,78754.12,77888.69,7139.8,64.94,0.242
2025-04-06,C,1071,71221.12,31547.61,31069.62,8603.89,66.5,0.35
2025-04-06,D,679,43567.39,19797.44,21034.78,2735.17,64.16,0.257
2025-04-06,E,842,46775.34,21383.01,23254.03,2138.3,55.55,0.439
2025-04-07,A,5118,266861.53,133696.04,122554.7,10610.8,52.14,0.299
2025-04-07,B,2374,146905.66,70638.92,69862.66,6404.08,61.88,0.361
2025-04-07,C,1523,91168.73,40383.47,39771.59,11013.67,59.86,0.275
2025-04-07,D,1003,54238.3,24646.4,26186.8,3405.1,54.08,0.317
2025-04-07,E,935,59649.37,27268.29,29654.26,2726.83,63.8,0.359
2025-04-08,A,3479,229798.73,115127.79,105533.81,9137.13,66.05,0.311
2025-04-08,B,3146,208267.12,100144.29,99043.81,9079.02,66.2,0.318
2025-04-08,C,1041,64486.16,28564.34,28131.54,7790.27,61.95,0.255
2025-04-08,D,711,45274.34,20573.09,21858.91,2842.34,63.68,0.287
2025-04-08,E,1067,62631.49,28631.54,31136.8,2863.15,58.7,0.437
2025-04-09,A,5255,324073.2,162358.74,148828.85,12885.61,61.67,0.274
2025-04-09,B,2881,189584.26,91160.73,90158.96,8264.57,65.81,0.314
2025-04-09,C,1144,67679.71,29978.93,29524.71,8176.07,59.16,0.323
2025-04-09,D,694,44211.47,20090.12,21345.75,2775.61,63.71,0.313
2025-04-09,E,1136,69319.85,31689.07,34461.87,3168.91,61.02,0.411
2025-04-10,A,5160,326070.64,163359.45,149746.16,12965.04,63.19,0.287
2025-04-10,B,2584,180613.13,86847.0,85892.64,7873.49,69.9,0.275
2025-04-10,C,1220,68161.14,30192.19,29734.73,8234.23,55.87,0.314
2025-04-10,D,827,47863.08,21749.44,23108.78,3004.86,57.88,0.36
2025-04-10,E,1239,73565.1,33629.76,36572.36,3362.98,59.37,0.366
2025-04-11,A,4523,269155.39,134845.25,123608.14,10702.0,59.51,0.271
2025-04-11,B,2593,159155.69,76529.29,75688.31,6938.09,61.38,0.279
2025-04-11,C,1091,66724.03,29555.61,29107.8,8060.62,61.16,0.26
2025-04-11,D,644,39765.2,18069.69,19199.05,2496.47,61.75,0.243
2025-04-11,E,1045,66139.67,30235.28,32880.86,3023.53,63.29,0.421
2025-04-12,A,5151,314357.5,157491.23,144366.96,12499.3,61.03,0.313
2025-04-12,B,2755,163889.59,78805.56,77939.57,7144.46,59.49,0.313
2025-04-12,C,1061,64645.76,28635.03,28201.17,7809.55,60.93,0.357
2025-04-12,D,573,39437.16,17920.62,19040.66,2475.88,68.83,0.326
2025-04-12,E,969,60464.96,27641.13,30059.72,2764.11,62.4,0.385
2025-04-13,A,3865,249678.08,125087.23,114663.29,9927.56,64.6,0.299
2025-04-13,B,2966,175780.33,84523.17,83594.34,7662.81,59.27,0.287
2025-04-13,C,943,57954.99,25671.34,25282.38,7001.27,61.46,0.291
2025-04-13,D,712,46528.46,21142.98,22464.41,2921.07,65.35,0.262
2025-04-13,E,904,58639.71,26806.73,29152.31,2680.67,64.87,0.376
2025-04-14,A,4139,241796.21,121138.46,111043.59,9614.16,58.42,0.265
2025-04-14,B,2937,179842.04,86476.22,85525.93,7839.88,61.23,0.271
2025-04-14,C,1439,91398.16,40485.09,39871.68,11041.39,63.52,0.289
2025-04-14,D,972,58391.83,26533.81,28192.17,3665.86,60.07,0.297
2025-04-14,E,1383,77347.9,35359.04,38452.96,3535.9,55.93,0.362
2025-04-15,A,4500,290878.8,145728.54,133584.5,11565.76,64.64,0.236
2025-04-15,B,2507,163461.79,78599.86,77736.12,7125.81,65.2,0.268
2025-04-15,C,1007,68409.51,30302.2,29843.08,8264.24,67.93,0.25
2025-04-15,D,921,56274.92,25571.86,27170.1,3532.95,61.1,0.298
2025-04-15,E,929,64580.83,29522.67,32105.9,2952.27,69.52,0.38
2025-04-16,A,4511,306412.93,153511.05,140718.46,12183.42,67.93,0.287
2025-04-16,B,1995,131034.96,63007.56,62315.17,5712.22,65.68,0.264
2025-04-16,C,1153,77291.57,34236.53,33717.8,9337.24,67.04,0.325
2025-04-16,D,857,54015.85,24545.32,26079.4,3391.13,63.03,0.304
2025-04-16,E,1168,65586.98,29982.62,32606.1,2998.26,56.15,0.443
2025-04-17,A,3475,231370.32,115915.15,106255.55,9199.62,66.58,0.235
2025-04-17,B,2800,162541.74,78157.45,77298.58,7085.7,58.05,0.339
2025-04-17,C,1080,72276.69,32015.18,31530.1,8731.41,66.92,0.305
2025-04-17,D,730,43638.2,19829.62,21068.97,2739.62,59.78,0.3
2025-04-17,E,1192,73709.39,33695.72,36644.1,3369.57,61.84,0.413
2025-04-18,A,4724,269517.77,135026.79,123774.56,10716.41,57.05,0.321
2025-04-18,B,2361,153787.28,73947.91,73135.3,6704.07,65.14,0.279
2025-04-18,C,1009,70321.55,31149.14,30677.18,8495.22,69.69,0.229
2025-04-18,D,692,39427.95,17916.44,19036.22,2475.3,56.98,0.295
2025-04-18,E,1144,70371.11,32169.65,34984.49,3216.96,61.51,0.476
2025-04-19,A,3583,224537.42,112491.91,103117.58,8927.93,62.67,0.284
2025-04-19,B,2662,162952.65,78355.04,77493.99,7103.62,61.21,0.26
2025-04-19,C,1087,65641.14,29075.94,28635.4,7929.8,60.39,0.257
2025-04-19,D,616,38227.22,17370.81,18456.49,2399.92,62.06,0.294
2025-04-19,E,995,55828.4,25521.55,27754.69,2552.16,56.11,0.402
2025-04-20,A,3946,265267.92,132897.65,121822.84,10547.43,67.22,0.295
2025-04-20,B,3031,170999.49,82224.33,81320.76,7454.4,56.42,0.283
2025-04-20,C,1147,72106.56,31939.82,31455.88,8710.86,62.87,0.318
2025-04-20,D,684,41296.19,18765.38,19938.22,2592.59,60.37,0.284
2025-04-20,E,1202,74761.74,34176.8,37167.27,3417.68,62.2,0.426
2025-04-21,A,5285,308881.65,154747.86,141852.21,12281.58,58.44,0.283
2025-04-21,B,3005,184304.13,88621.8,87647.94,8034.39,61.33,0.322
2025-04-21,C,1330,82583.41,36580.57,36026.32,9976.52,62.09,0.289
2025-04-21,D,748,49476.45,22482.57,23887.73,3106.15,66.14,0.288
2025-04-21,E,906,56536.24,25845.14,28106.59,2584.51,62.4,0.412
2025-04-22,A,5324,289853.35,145214.8,133113.57,11524.98,54.44,0.265
2025-04-22,B,2562,157806.03,75880.31,75046.46,6879.26,61.59,0.257
2025-04-22,C,1093,64529.41,28583.5,28150.41,7795.5,59.04,0.248
2025-04-22,D,553,36292.95,16491.86,17522.6,2278.48,65.63,0.276
2025-04-22,E,1184,76356.97,34906.04,37960.32,3490.6,64.49,0.44
2025-04-23,A,3649,242364.06,121422.95,111304.37,9636.74,66.42,0.293
2025-04-23,B,3263,203705.51,97950.87,96874.48,8880.16,62.43,0.271
2025-04-23,C,1113,72638.43,32175.41,31687.91,8775.11,65.26,0.25
2025-04-23,D,643,44352.5,20154.2,21413.84,2784.46,68.98,0.32
2025-04-23,E,933,56416.65,25790.47,28047.14,2579.05,60.47,0.404
2025-04-24,A,3511,219102.79,109769.19,100621.76,8711.84,62.4,0.291
2025-04-24,B,3091,177791.75,85490.35,84550.9,7750.5,57.52,0.238
2025-04-24,C,1654,90494.34,40084.74,39477.4,10932.2,54.71,0.321
2025-04-24,D,774,46581.35,21167.01,22489.95,2924.39,60.18,0.267
2025-04-24,E,926,64419.55,29448.94,32025.72,2944.89,69.57,0.406
2025-04-25,A,4467,304578.29,152591.9,139875.91,12110.47,68.18,0.317
2025-04-25,B,2680,159661.65,76772.58,75928.92,6960.15,59.58,0.187
2025-04-25,C,920,63830.62,28273.97,27845.57,7711.08,69.38,0.249
2025-04-25,D,439,29236.21,13285.21,14115.54,1835.46,66.6,0.208
2025-04-25,E,845,48303.8,22081.74,24013.89,2208.17,57.16,0.439
2025-04-26,A,4201,245894.76,123191.81,112925.82,9777.13,58.53,0.289
2025-04-26,B,2823,160745.31,77293.65,76444.27,7007.39,56.94,0.296
2025-04-26,C,1412,84666.07,37503.09,36934.86,10228.12,59.96,0.278
2025-04-26,D,712,39343.94,17878.26,18995.65,2470.02,55.26,0.253
2025-04-26,E,817,46022.74,21038.97,22879.88,2103.9,56.33,0.39
2025-04-27,A,3573,232676.36,116569.47,106855.34,9251.54,65.12,0.244
2025-04-27,B,2294,131841.41,63395.34,62698.69,5747.38,57.47,0.282
2025-04-27,C,1250,76855.87,34043.54,33527.73,9284.6,61.48,0.304
2025-04-27,D,755,45827.5,20824.46,22125.98,2877.06,60.7,0.314
2025-04-27,E,1090,64997.4,29713.1,32312.99,2971.31,59.63,0.431
2025-04-28,A,4637,299372.49,149983.83,137485.18,11903.48,64.56,0.278
2025-04-28,B,2452,161158.44,77492.3,76640.74,7025.4,65.73,0.258
2025-04-28,C,1607,83546.37,37007.11,36446.4,10092.85,51.99,0.278
2025-04-28,D,751,43226.17,19642.38,20870.03,2713.75,57.56,0.256
2025-04-28,E,863,56220.03,25700.58,27949.39,2570.06,65.14,0.355
2025-04-29,A,4831,284811.19,142688.71,130797.98,11324.5,58.95,0.239
2025-04-29,B,2448,157258.13,75616.85,74785.9,6855.37,64.24,0.301
2025-04-29,C,1296,78424.76,34738.49,34212.14,9474.13,60.51,0.278
2025-04-29,D,556,34594.81,15720.21,16702.72,2171.87,62.22,0.266
2025-04-29,E,1194,72215.2,33012.66,35901.27,3301.27,60.48,0.427
2025-04-30,A,5516,317603.91,159117.66,145857.86,12628.39,57.58,0.266
2025-04-30,B,3295,205327.26,98730.68,97645.73,8950.86,62.31,0.305
2025-04-30,C,1141,68306.46,30256.55,29798.12,8251.79,59.87,0.27
2025-04-30,D,796,52157.15,23700.71,25182.0,3274.44,65.52,0.243
2025-04-30,E,1061,72940.92,33344.42,36262.06,3334.44,68.75,0.387
2025-05-01,A,4171,284169.75,142367.35,130503.41,11299.0,68.13,0.271
2025-05-01,B,2967,172742.48,83062.44,82149.66,7530.39,58.22,0.316
2025-05-01,C,1248,77152.23,34174.81,33657.01,9320.4,61.82,0.265
2025-05-01,D,784,45305.53,20587.26,21873.97,2844.29,57.79,0.293
2025-05-01,E,1001,61568.97,28145.82,30608.58,2814.58,61.51,0.408
2025-05-02,A,4691,292006.81,146293.67,134102.53,11610.61,62.25,0.303
2025-05-02,B,2203,130853.39,62920.26,62228.83,5704.31,59.4,0.239
2025-05-02,C,1111,66512.67,29461.99,29015.59,8035.09,59.87,0.27
2025-05-02,D,726,47548.11,21606.32,22956.71,2985.08,65.49,0.339
2025-05-02,E,929,58011.03,26519.33,28839.77,2651.93,62.44,0.388
2025-05-03,A,3564,219144.81,109790.24,100641.06,8713.51,61.49,0.283
2025-05-03,B,2171,145793.16,70103.98,69333.6,6355.58,67.15,0.255
2025-05-03,C,1070,62188.08,27546.4,27129.03,7512.65,58.12,0.255
2025-05-03,D,638,38188.32,17353.14,18437.71,2397.47,59.86,0.259
2025-05-03,E,1054,65328.05,29864.25,32477.38,2986.43,61.98,0.386
2025-05-04,A,3556,236153.87,118311.68,108452.37,9389.82,66.41,0.301
2025-05-04,B,2365,144477.92,69471.55,68708.12,6298.24,61.09,0.306
2025-05-04,C,864,53123.96,23531.42,23174.88,6417.66,61.49,0.316
2025-05-04,D,570,38274.63,17392.36,18479.38,2402.89,67.15,0.307
2025-05-04,E,894,53162.12,24302.68,26429.17,2430.27,59.47,0.406
2025-05-05,A,3612,215672.8,108050.79,99046.55,8575.46,59.71,0.285
2025-05-05,B,2539,155357.55,74702.97,73882.06,6772.52,61.19,0.274
2025-05-05,C,974,66143.34,29298.39,28854.48,7990.47,67.91,0.283
2025-05-05,D,706,44623.83,20277.5,21544.84,2801.5,63.21,0.248
2025-05-05,E,784,49367.67,22568.08,24542.78,2256.81,62.97,0.422
2025-05-06,A,4242,266378.27,133453.92,122332.76,10591.58,62.8,0.257
2025-05-06,B,3143,197467.39,94951.29,93907.87,8608.22,62.83,0.262
2025-05-06,C,1495,84511.14,37434.46,36867.28,10209.4,56.53,0.311
2025-05-06,D,817,54233.15,24644.06,26184.32,3404.77,66.38,0.227
2025-05-06,E,1000,62313.27,28486.07,30978.6,2848.61,62.31,0.444
2025-05-07,A,5039,327874.1,164262.97,150574.39,13036.74,65.07,0.278
2025-05-07,B,3018,191520.28,92091.65,91079.66,8348.97,63.46,0.321
2025-05-07,C,1174,69818.18,30926.18,30457.6,8434.41,59.47,0.231
2025-05-07,D,625,41711.32,18954.02,20138.65,2618.65,66.74,0.306
2025-05-07,E,1093,64399.07,29439.57,32015.54,2943.96,58.92,0.448
2025-05-08,A,4624,285812.0,143190.11,131257.6,11364.29,61.81,0.313
2025-05-08,B,2960,192763.32,92689.37,91670.8,8403.16,65.12,0.326
2025-05-08,C,872,59078.72,26169.1,25772.59,7137.03,67.75,0.286
2025-05-08,D,764,46845.11,21286.87,22617.3,2940.95,61.32,0.259
2025-05-08,E,1177,65913.54,30131.9,32768.44,3013.19,56.0,0.424
2025-05-09,A,4047,250667.09,125582.72,115117.49,9966.88,61.94,0.238
2025-05-09,B,3065,174265.83,83794.93,82874.11,7596.79,56.86,0.251
2025-05-09,C,849,52141.96,23096.44,22746.49,6299.03,61.42,0.257
2025-05-09,D,608,38185.14,17351.69,18436.17,2397.27,62.8,0.321
2025-05-09,E,951,59014.99,26978.28,29338.88,2697.83,62.06,0.366
2025-05-10,A,4285,255468.05,127987.97,117322.31,10157.78,59.62,0.253
2025-05-10,B,2301,139919.92,67279.85,66540.51,6099.55,60.81,0.285
2025-05-10,C,1092,67980.57,30112.2,29655.95,8212.42,62.25,0.278
2025-05-10,D,727,46129.74,20961.8,22271.91,2896.04,63.45,0.307
2025-05-10,E,946,58004.69,26516.43,28836.62,2651.64,61.32,0.402
2025-05-11,A,3932,259387.24,129951.46,119122.17,10313.61,65.97,0.293
2025-05-11,B,1891,121352.46,58351.78,57710.55,5290.13,64.17,0.292
2025-05-11,C,1222,69006.86,30566.8,30103.66,8336.4,56.47,0.257
2025-05-11,D,611,37400.56,16995.17,18057.37,2348.02,61.21,0.298
2025-05-11,E,911,54405.42,24871.05,27047.26,2487.1,59.72,0.447
2025-05-12,A,5209,336439.53,168554.2,154508.01,13377.32,64.59,0.312
2025-05-12,B,2838,169850.25,81671.72,80774.23,7404.3,59.85,0.235
2025-05-12,C,1246,76572.03,33917.81,33403.91,9250.31,61.45,0.268
2025-05-12,D,627,40578.77,18439.38,19591.84,2547.55,64.72,0.343
2025-05-12,E,1122,71183.31,32540.94,35388.27,3254.09,63.44,0.398
2025-05-13,A,4906,295892.33,148240.29,135886.94,11765.1,60.31,0.284
2025-05-13,B,3023,182966.38,87978.55,87011.75,7976.08,60.52,0.293
2025-05-13,C,1094,71866.81,31833.62,31351.29,8681.9,65.69,0.313
2025-05-13,D,774,43945.06,19969.06,21217.12,2758.88,56.78,0.276
2025-05-13,E,1209,73629.54,33659.22,36604.4,3365.92,60.9,0.427
2025-05-14,A,4773,275811.31,138179.82,126664.84,10966.65,57.79,0.333
2025-05-14,B,2763,165919.71,79781.74,78905.02,7232.96,60.05,0.236
2025-05-14,C,1142,70590.95,31268.47,30794.71,8527.77,61.81,0.256
2025-05-14,D,679,41324.57,18778.28,19951.92,2594.37,60.86,0.306
2025-05-14,E,1168,68154.12,31156.17,33882.33,3115.62,58.35,0.438
2025-05-15,A,3749,239057.19,119766.22,109785.71,9505.26,63.77,0.254
2025-05-15,B,2488,158261.71,76099.42,75263.16,6899.12,63.61,0.276
2025-05-15,C,1141,65937.31,29207.13,28764.6,7965.58,57.79,0.285
2025-05-15,D,754,48677.83,22119.67,23502.15,3056.01,64.56,0.33
2025-05-15,E,1098,67626.56,30915.0,33620.06,3091.5,61.59,0.436
2025-05-16,A,3483,229377.97,114917.0,105340.58,9120.4,65.86,0.271
2025-05-16,B,2139,131193.65,63083.87,62390.64,5719.14,61.33,0.32
2025-05-16,C,1033,70444.32,31203.52,30730.74,8510.05,68.19,0.271
2025-05-16,D,772,46611.42,21180.68,22504.47,2926.28,60.38,0.231
2025-05-16,E,1009,67233.43,30735.28,33424.62,3073.53,66.63,0.368
2025-05-17,A,2882,177749.7,89051.54,81630.58,7067.58,61.68,0.285
2025-05-17,B,2991,178842.0,85995.36,85050.36,7796.28,59.79,0.27
2025-05-17,C,961,61140.98,27082.58,26672.24,7386.16,63.62,0.263
2025-05-17,D,758,40469.21,18389.6,19538.95,2540.67,53.39,0.281
2025-05-17,E,1028,66687.29,30485.62,33153.11,3048.56,64.87,0.427
2025-05-18,A,4001,244902.87,122694.88,112470.3,9737.69,61.21,0.304
2025-05-18,B,2272,141228.88,67909.26,67163.01,6156.61,62.16,0.296
2025-05-18,C,1019,61747.3,27351.15,26936.74,7459.41,60.6,0.255
2025-05-18,D,633,40791.84,18536.2,19694.71,2560.92,64.44,0.249
2025-05-18,E,948,56790.2,25961.23,28232.84,2596.12,59.91,0.435
2025-05-19,A,4692,286565.58,143567.64,131603.67,11394.26,61.08,0.327
2025-05-19,B,2673,155887.63,74957.86,74134.14,6795.63,58.32,0.297
2025-05-19,C,1257,75287.42,33348.79,32843.5,9095.12,59.89,0.267
2025-05-19,D,755,46516.7,21137.63,22458.74,2920.33,61.61,0.285
2025-05-19,E,1048,69629.54,31830.65,34615.83,3183.06,66.44,0.42
2025-05-20,A,4941,279775.43,140165.82,128485.34,11124.27,56.62,0.296
2025-05-20,B,2895,168541.69,81042.51,80151.93,7347.26,58.22,0.301
2025-05-20,C,1569,87304.99,38672.01,38086.07,10546.91,55.64,0.295
2025-05-20,D,701,42903.21,19495.63,20714.11,2693.48,61.2,0.244
2025-05-20,E,1238,75568.96,34545.81,37568.57,3454.58,61.04,0.388
2025-05-21,A,3561,232464.62,116463.39,106758.11,9243.13,65.28,0.277
2025-05-21,B,2632,166273.54,79951.87,79073.28,7248.38,63.17,0.281
2025-05-21,C,1131,77563.45,34356.96,33836.4,9370.08,68.58,0.296
2025-05-21,D,683,40899.9,18585.31,19746.89,2567.71,59.88,0.327
2025-05-21,E,1092,64088.61,29297.65,31861.19,2929.76,58.69,0.382
2025-05-22,A,3848,255455.9,127981.88,117316.73,10157.29,66.39,0.243
2025-05-22,B,3454,219970.31,105771.72,104609.39,9589.19,63.69,0.31
2025-05-22,C,1513,87616.26,38809.89,38221.86,10584.51,57.91,0.301
2025-05-22,D,620,40498.43,18402.88,19553.05,2542.5,65.32,0.286
2025-05-22,E,1046,68724.9,31417.1,34166.1,3141.71,65.7,0.397
2025-05-23,A,4207,248831.71,124663.2,114274.6,9893.9,59.15,0.266
2025-05-23,B,2377,149795.55,72028.51,71236.98,6530.06,63.02,0.299
2025-05-23,C,990,59403.72,26313.06,25914.38,7176.29,60.0,0.305
2025-05-23,D,594,38543.83,17514.68,18609.35,2419.79,64.89,0.255
2025-05-23,E,1146,69376.06,31714.77,34489.81,3171.48,60.54,0.454
2025-05-24,A,5248,307106.41,153858.48,141036.94,12210.99,58.52,0.297
2025-05-24,B,2335,134991.01,64909.81,64196.52,5884.68,57.81,0.268
2025-05-24,C,961,65967.61,29220.55,28777.82,7969.24,68.64,0.229
2025-05-24,D,739,45699.87,20766.46,22064.36,2869.05,61.84,0.305
2025-05-24,E,756,48038.81,21960.6,23882.15,2196.06,63.54,0.357
2025-05-25,A,4157,257775.77,129144.13,118382.11,10249.53,62.01,0.263
2025-05-25,B,2296,138105.69,66407.49,65677.74,6020.46,60.15,0.288
2025-05-25,C,995,59756.51,26469.33,26068.28,7218.91,60.06,0.272
2025-05-25,D,699,42202.56,19177.25,20375.83,2649.49,60.38,0.271
2025-05-25,E,717,46129.2,21087.63,22932.8,2108.76,64.34,0.414
2025-05-26,A,4827,287077.35,143824.04,131838.7,11414.61,59.47,0.248
2025-05-26,B,2776,172630.94,83008.8,82096.61,7525.52,62.19,0.282
2025-05-26,C,1335,84197.73,37295.64,36730.55,10171.54,63.07,0.292
2025-05-26,D,642,38139.87,17331.12,18414.32,2394.43,59.41,0.327
2025-05-26,E,1113,63572.29,29061.62,31604.51,2906.16,57.12,0.381
2025-05-27,A,4283,285025.36,142796.0,130896.34,11333.02,66.55,0.281
2025-05-27,B,2959,182433.35,87722.25,86758.26,7952.84,61.65,0.256
2025-05-27,C,1246,64285.43,28475.43,28043.98,7766.03,51.59,0.26
2025-05-27,D,668,39765.04,18069.61,19198.96,2496.46,59.53,0.257
2025-05-27,E,832,53230.56,24333.97,26463.19,2433.4,63.98,0.398
2025-05-28,A,3759,246912.77,123701.83,113393.34,9817.61,65.69,0.312
2025-05-28,B,3177,188341.0,90562.91,89567.71,8210.37,59.28,0.274
2025-05-28,C,1247,71453.06,31650.35,31170.8,8631.91,57.3,0.271
2025-05-28,D,861,53856.58,24472.94,26002.5,3381.13,62.55,0.206
2025-05-28,E,1079,62439.62,28543.83,31041.41,2854.38,57.87,0.41
2025-05-29,A,5848,350204.22,175450.22,160829.37,13924.62,59.88,0.265
2025-05-29,B,2906,176331.43,84788.16,83856.43,7686.84,60.68,0.325
2025-05-29,C,1166,72585.49,32151.96,31664.81,8768.72,62.25,0.312
2025-05-29,D,907,52384.53,23804.03,25291.78,3288.71,57.76,0.26
2025-05-29,E,824,57687.12,26371.25,28678.74,2637.13,70.01,0.446
2025-05-30,A,4026,235734.59,118101.62,108259.82,9373.14,58.55,0.28
2025-05-30,B,2375,140988.48,67793.67,67048.68,6146.13,59.36,0.258
2025-05-30,C,1137,70519.24,31236.71,30763.43,8519.1,62.02,0.257
2025-05-30,D,603,38451.99,17472.95,18565.01,2414.03,63.77,0.335
2025-05-30,E,967,57599.99,26331.43,28635.43,2633.14,59.57,0.378
2025-05-31,A,3979,251982.48,126241.72,115721.58,10019.18,63.33,0.254
2025-05-31,B,2437,150107.76,72178.63,71385.46,6543.67,61.6,0.315
2025-05-31,C,1295,79041.54,35011.69,34481.21,9548.64,61.04,0.232
2025-05-31,D,637,40852.56,18563.79,19724.03,2564.73,64.13,0.273
2025-05-31,E,869,52778.88,24127.49,26238.64,2412.75,60.74,0.412
2025-06-01,A,5237,321245.83,160942.25,147530.39,12773.19,61.34,0.333
2025-06-01,B,2625,160221.02,77041.55,76194.94,6984.54,61.04,0.31
2025-06-01,C,1150,69019.06,30572.2,30108.99,8337.87,60.02,0.216
2025-06-01,D,570,37400.24,16995.03,18057.21,2348.0,65.61,0.286
2025-06-01,E,899,58454.73,26722.16,29060.35,2672.22,65.02,0.421
2025-06-02,A,4430,274601.26,137573.59,126109.13,10918.54,61.99,0.253
2025-06-02,B,3029,173734.63,83539.5,82621.49,7573.64,57.36,0.312
2025-06-02,C,1421,90183.74,39947.16,39341.9,10894.68,63.46,0.21
2025-06-02,D,708,43969.66,19980.23,21229.0,2760.43,62.1,0.264
2025-06-02,E,1077,64224.43,29359.74,31928.72,2935.97,59.63,0.488
2025-06-03,A,4125,259945.59,130231.19,119378.59,10335.81,63.02,0.206
2025-06-03,B,2838,169079.79,81301.24,80407.82,7370.72,59.58,0.284
2025-06-03,C,1424,93615.79,41467.4,40839.1,11309.29,65.74,0.305
2025-06-03,D,817,50521.58,22957.49,24392.33,3171.76,61.84,0.327
2025-06-03,E,947,57620.98,26341.02,28645.86,2634.1,60.85,0.411
2025-06-04,A,4190,260657.95,130588.08,119705.74,10364.13,62.21,0.241
2025-06-04,B,3509,209736.93,100851.05,99742.79,9143.09,59.77,0.237
2025-06-04,C,1287,71417.41,31634.56,31155.25,8627.61,55.49,0.247
2025-06-04,D,844,52530.94,23870.56,25362.47,3297.91,62.24,0.286
2025-06-04,E,1021,65396.1,29895.36,32511.2,2989.54,64.05,0.398
2025-06-05,A,5884,342707.97,171694.65,157386.76,13626.56,58.24,0.237
2025-06-05,B,3136,201955.2,97109.24,96042.1,8803.86,64.4,0.266
2025-06-05,C,1344,88287.55,39107.24,38514.7,10665.61,65.69,0.252
2025-06-05,D,849,54570.59,24797.4,26347.23,3425.96,64.28,0.298
2025-06-05,E,1011,63708.28,29123.79,31672.12,2912.38,63.02,0.444
2025-06-06,A,4033,242286.6,121384.14,111268.8,9633.66,60.08,0.31
2025-06-06,B,2861,171849.29,82632.95,81724.89,7491.45,60.07,0.264
2025-06-06,C,1283,78343.73,34702.59,34176.8,9464.34,61.06,0.306
2025-06-06,D,736,47451.79,21562.55,22910.21,2979.04,64.47,0.25
2025-06-06,E,882,57782.47,26414.84,28726.14,2641.48,65.51,0.411
2025-06-07,A,3510,193015.97,96699.85,88641.53,7674.59,54.99,0.307
2025-06-07,B,2359,149047.32,71668.72,70881.16,6497.44,63.18,0.304
2025-06-07,C,1386,76059.19,33690.65,33180.18,9188.36,54.88,0.306
2025-06-07,D,844,48982.72,22258.21,23649.35,3075.15,58.04,0.28
2025-06-07,E,1018,62999.51,28799.78,31319.76,2879.98,61.89,0.425
2025-06-08,A,4256,255282.47,127894.99,117237.08,10150.4,59.98,0.266
2025-06-08,B,2538,152249.47,73208.46,72403.97,6637.03,59.99,0.324
2025-06-08,C,1076,72303.4,32027.01,31541.75,8734.64,67.2,0.301
2025-06-08,D,744,50055.27,22745.59,24167.19,3142.48,67.28,0.258
2025-06-08,E,880,57045.44,26077.92,28359.73,2607.79,64.82,0.378
2025-06-09,A,4672,291868.31,146224.28,134038.93,11605.1,62.47,0.251
2025-06-09,B,2913,156794.92,75394.12,74565.62,6835.18,53.83,0.359
2025-06-09,C,1193,76882.6,34055.38,33539.39,9287.83,64.44,0.282
2025-06-09,D,840,49879.81,22665.86,24082.48,3131.47,59.38,0.328
2025-06-09,E,1282,78200.17,35748.65,38876.66,3574.87,61.0,0.415
2025-06-10,A,4711,302632.5,151617.08,138982.32,12033.1,64.24,0.3
2025-06-10,B,2680,178368.0,85767.44,84824.94,7775.62,66.56,0.315
2025-06-10,C,1278,78605.42,34818.51,34290.95,9495.96,61.51,0.309
2025-06-10,D,993,55095.35,25035.85,26600.59,3458.9,55.48,0.26
2025-06-10,E,1363,78408.75,35844.0,38980.35,3584.4,57.53,0.351
2025-06-11,A,5019,290702.32,145640.13,133503.45,11558.74,57.92,0.25
2025-06-11,B,3639,205651.37,98886.52,97799.86,8964.99,56.51,0.323
2025-06-11,C,1021,69132.47,30622.44,30158.46,8351.57,67.71,0.257
2025-06-11,D,998,60939.25,27691.38,29422.09,3825.78,61.06,0.294
2025-06-11,E,1315,84580.93,38665.57,42048.8,3866.56,64.32,0.398
2025-06-12,A,4909,309908.84,155262.48,142323.94,12322.42,63.13,0.296
2025-06-12,B,2778,184534.18,88732.42,87757.34,8044.42,66.43,0.278
2025-06-12,C,1369,81163.32,35951.54,35406.82,9804.96,59.29,0.286
2025-06-12,D,841,49762.63,22612.61,24025.9,3124.11,59.17,0.274
2025-06-12,E,990,63593.41,29071.27,31615.01,2907.13,64.24,0.425
2025-06-13,A,3864,267695.15,134113.67,122937.53,10643.94,69.28,0.275
2025-06-13,B,2171,137836.35,66277.98,65549.65,6008.72,63.49,0.326
2025-06-13,C,1158,62164.52,27535.96,27118.75,7509.81,53.68,0.25
2025-06-13,D,725,45008.12,20452.12,21730.38,2825.62,62.08,0.283
2025-06-13,E,1097,68527.39,31326.81,34067.9,3132.68,62.47,0.411
2025-06-14,A,4311,248801.56,124648.1,114260.76,9892.71,57.71,0.304
2025-06-14,B,2569,161650.28,77728.8,76874.64,7046.84,62.92,0.269
2025-06-14,C,1221,71404.12,31628.67,31149.45,8626.0,58.48,0.276
2025-06-14,D,689,45462.52,20658.6,21949.77,2854.15,65.98,0.292
2025-06-14,E,861,50337.92,23011.62,25025.14,2301.16,58.46,0.397
2025-06-15,A,4264,248427.95,124460.92,114089.18,9877.85,58.26,0.296
2025-06-15,B,2172,135427.3,65119.6,64404.0,5903.7,62.35,0.307
2025-06-15,C,943,65041.5,28810.33,28373.81,7857.36,68.97,0.28
2025-06-15,D,706,45218.0,20547.49,21831.71,2838.8,64.05,0.311
2025-06-15,E,1003,63554.06,29053.29,31595.45,2905.33,63.36,0.412
2025-06-16,A,4888,260021.47,130269.21,119413.44,10338.83,53.2,0.28
2025-06-16,B,2347,161677.04,77741.67,76887.37,7048.01,68.89,0.291
2025-06-16,C,1374,76205.47,33755.44,33244.0,9206.03,55.46,0.274
2025-06-16,D,539,35296.91,16039.25,17041.71,2215.95,65.49,0.29
2025-06-16,E,1199,73006.08,33374.21,36294.45,3337.42,60.89,0.463
2025-06-17,A,6334,380155.21,190455.49,174584.2,15115.52,60.02,0.242
2025-06-17,B,2883,177126.02,85170.24,84234.3,7721.48,61.44,0.281
2025-06-17,C,1298,78908.63,34952.81,34423.23,9532.59,60.79,0.292
2025-06-17,D,663,44804.69,20359.68,21632.16,2812.85,67.58,0.28
2025-06-17,E,1202,73682.62,33683.48,36630.79,3368.35,61.3,0.351
2025-06-18,A,5527,327775.88,164213.76,150529.28,13032.84,59.3,0.291
2025-06-18,B,2311,153463.5,73792.22,72981.32,6689.95,66.41,0.278
2025-06-18,C,1291,77660.59,34399.99,33878.78,9381.82,60.16,0.245
2025-06-18,D,819,53182.11,24166.46,25676.86,3338.79,64.94,0.271
2025-06-18,E,1129,70352.2,32161.0,34975.09,3216.1,62.31,0.413
2025-06-19,A,4629,295694.83,148141.34,135796.23,11757.25,63.88,0.29
2025-06-19,B,2876,175356.59,84319.42,83392.83,7644.34,60.97,0.281
2025-06-19,C,1187,68218.47,30217.58,29759.74,8241.16,57.47,0.259
2025-06-19,D,801,47715.0,21682.15,23037.29,2995.56,59.57,0.38
2025-06-19,E,969,64649.78,29554.19,32140.18,2955.42,66.72,0.349
2025-06-20,A,4078,248290.98,124392.3,114026.27,9872.4,60.89,0.285
2025-06-20,B,2346,142613.38,68575.0,67821.42,6216.96,60.79,0.32
2025-06-20,C,1151,70871.95,31392.94,30917.29,8561.71,61.57,0.301
2025-06-20,D,717,44791.85,20353.85,21625.96,2812.04,62.47,0.242
2025-06-20,E,958,60069.08,27460.15,29862.92,2746.02,62.7,0.395
2025-06-21,A,3762,240554.47,120516.35,110473.32,9564.79,63.94,0.233
2025-06-21,B,2257,129516.2,62277.27,61592.91,5646.02,57.38,0.337
2025-06-21,C,1173,76029.26,33677.39,33167.13,9184.74,64.82,0.287
2025-06-21,D,713,46145.88,20969.13,22279.7,2897.05,64.72,0.273
2025-06-21,E,991,55170.38,25220.74,27427.56,2522.07,55.67,0.404
2025-06-22,A,3528,225329.21,112888.59,103481.21,8959.41,63.87,0.266
2025-06-22,B,2320,158668.2,76294.88,75456.48,6916.84,68.39,0.286
2025-06-22,C,959,60910.67,26980.56,26571.77,7358.34,63.51,0.182
2025-06-22,D,608,36121.15,16413.8,17439.66,2267.7,59.41,0.263
2025-06-22,E,897,55481.47,25362.96,27582.22,2536.3,61.85,0.41
2025-06-23,A,4335,257379.45,128945.57,118200.1,10233.78,59.37,0.248
2025-06-23,B,3126,198336.92,95369.4,94321.39,8646.13,63.45,0.295
2025-06-23,C,1472,87246.73,38646.2,38060.65,10539.87,59.27,0.351
2025-06-23,D,710,45441.6,20649.1,21939.67,2852.84,64.0,0.241
2025-06-23,E,1291,76821.45,35118.38,38191.23,3511.84,59.51,0.363
2025-06-24,A,3977,267188.43,133859.81,122704.82,10623.79,67.18,0.284
2025-06-24,B,2467,154992.49,74527.43,73708.45,6756.61,62.83,0.27
2025-06-24,C,1226,76698.6,33973.88,33459.12,9265.6,62.56,0.279
2025-06-24,D,764,49809.13,22633.74,24048.35,3127.03,65.2,0.341
2025-06-24,E,965,58431.84,26711.7,29048.97,2671.17,60.55,0.385
2025-06-25,A,4864,294611.53,147598.62,135298.74,11714.18,60.57,0.277
2025-06-25,B,3352,190392.64,91549.43,90543.4,8299.81,56.8,0.274
2025-06-25,C,1016,65562.28,29041.01,28600.99,7920.28,64.53,0.309
2025-06-25,D,537,34169.34,15526.88,16497.31,2145.16,63.63,0.283
2025-06-25,E,1169,74739.0,34166.4,37155.96,3416.64,63.93,0.382
2025-06-26,A,5044,293422.35,147002.85,134752.61,11666.89,58.17,0.275
2025-06-26,B,3011,188317.75,90551.73,89556.66,8209.36,62.54,0.284
2025-06-26,C,1211,75543.07,33462.03,32955.03,9126.01,62.38,0.21
2025-06-26,D,730,46345.32,21059.76,22375.99,2909.57,63.49,0.314
2025-06-26,E,1245,73994.17,33825.91,36785.67,3382.59,59.43,0.441
2025-06-27,A,3962,267642.32,134087.2,122913.27,10641.84,67.55,0.219
2025-06-27,B,2168,140833.23,67719.02,66974.85,6139.36,64.96,0.288
2025-06-27,C,1143,70650.64,31294.91,30820.75,8534.98,61.81,0.322
2025-06-27,D,797,50099.08,22765.5,24188.35,3145.23,62.86,0.277
2025-06-27,E,1034,65599.15,29988.19,32612.15,2998.82,63.44,0.44
2025-06-28,A,4438,301966.99,151283.66,138676.69,12006.64,68.04,0.354
2025-06-28,B,2855,162901.68,78330.53,77469.76,7101.39,57.06,0.344
2025-06-28,C,836,60071.73,26608.96,26205.79,7256.99,71.86,0.258
2025-06-28,D,733,45337.64,20601.86,21889.48,2846.31,61.85,0.258
2025-06-28,E,917,53112.36,24279.93,26404.43,2427.99,57.92,0.418
2025-06-29,A,3545,240935.75,120707.37,110648.42,9579.95,67.96,0.279
2025-06-29,B,2688,175792.95,84529.24,83600.35,7663.37,65.4,0.266
2025-06-29,C,1000,57960.27,25673.68,25284.68,7001.91,57.96,0.311
2025-06-29,D,873,51158.56,23246.94,24699.87,3211.75,58.6,0.251
2025-06-29,E,970,56857.32,25991.92,28266.21,2599.19,58.62,0.376
2025-06-30,A,4517,290922.06,145750.22,133604.36,11567.48,64.41,0.252
2025-06-30,B,3306,203654.12,97926.15,96850.04,8877.92,61.6,0.264
2025-06-30,C,843,53906.44,23878.02,23516.23,6512.19,63.95,0.295
2025-06-30,D,852,52042.25,23648.5,25126.53,3267.23,61.08,0.302
2025-06-30,E,1105,72674.51,33222.63,36129.61,3322.26,65.77,0.386
2025-07-01,A,5653,373753.43,187248.24,171644.22,14860.97,66.12,0.257
2025-07-01,B,4180,243080.91,116884.35,115599.91,10596.66,58.15,0.288
2025-07-01,C,1288,81826.59,36245.33,35696.16,9885.09,63.53,0.347
2025-07-01,D,913,56561.61,25702.14,27308.52,3550.95,61.95,0.253
2025-07-01,E,1339,82298.17,37622.02,40913.95,3762.2,61.46,0.389
2025-07-02,A,6035,375197.53,187971.73,172307.42,14918.39,62.17,0.316
2025-07-02,B,3876,220502.7,106027.72,104862.58,9612.4,56.89,0.296
2025-07-02,C,2226,120413.79,53337.65,52529.51,14546.63,54.09,0.261
2025-07-02,D,996,59959.85,27246.33,28949.22,3764.3,60.2,0.214
2025-07-02,E,1236,76790.03,35104.01,38175.61,3510.4,62.13,0.406
2025-07-03,A,4697,305768.42,153188.16,140422.48,12157.79,65.1,0.298
2025-07-03,B,3083,180017.68,86560.68,85609.46,7847.53,58.39,0.296
2025-07-03,C,1562,100181.37,44375.64,43703.28,12102.45,64.14,0.348
2025-07-03,D,871,57349.28,26060.06,27688.82,3600.4,65.84,0.279
2025-07-03,E,1439,92791.0,42418.74,46130.38,4241.87,64.48,0.358
2025-07-04,A,5175,305842.9,153225.47,140456.68,12160.75,59.1,0.291
2025-07-04,B,3031,198095.6,95253.37,94206.62,8635.61,65.36,0.235
2025-07-04,C,1596,100879.36,44684.82,44007.77,12186.77,63.21,0.275
2025-07-04,D,824,50244.21,22831.45,24258.41,3154.34,60.98,0.328
2025-07-04,E,1062,60678.84,27738.9,30166.05,2773.89,57.14,0.435
2025-07-05,A,6039,354864.21,177784.85,162969.45,14109.91,58.76,0.284
2025-07-05,B,2995,205023.29,98584.51,97501.17,8937.61,68.46,0.286
2025-07-05,C,1211,78612.41,34821.61,34294.01,9496.8,64.92,0.258
2025-07-05,D,855,52948.05,24060.1,25563.86,3324.09,61.93,0.27
2025-07-05,E,1444,84302.51,38538.29,41910.39,3853.83,58.38,0.453
2025-07-06,A,6168,370539.95,185638.31,170168.45,14733.2,60.07,0.286
2025-07-06,B,2991,183117.35,88051.14,87083.55,7982.66,61.22,0.302
2025-07-06,C,1673,97415.52,43150.5,42496.7,11768.32,58.23,0.257
2025-07-06,D,832,52142.76,23694.17,25175.05,3273.54,62.67,0.34
2025-07-06,E,1293,73998.54,33827.9,36787.85,3382.79,57.23,0.402
2025-07-07,A,5523,338813.59,169743.59,155598.29,13471.71,61.35,0.223
2025-07-07,B,3618,185419.32,89158.04,88178.28,8083.01,51.25,0.269
2025-07-07,C,1575,101359.68,44897.58,44217.31,12244.79,64.36,0.306
2025-07-07,D,867,55472.06,25207.04,26782.48,3482.55,63.98,0.235
2025-07-07,E,1513,92043.96,42077.24,45759.0,4207.72,60.84,0.481
2025-07-08,A,6257,383172.94,191967.36,175970.08,15235.5,61.24,0.286
2025-07-08,B,2927,187082.11,89957.58,88969.03,8155.49,63.92,0.275
2025-07-08,C,1845,113540.44,50293.08,49531.07,13716.3,61.54,0.286
2025-07-08,D,845,52551.79,23880.04,25372.54,3299.22,62.19,0.243
2025-07-08,E,1184,76822.92,35119.05,38191.97,3511.91,64.88,0.475
2025-07-09,A,4650,333236.61,166949.56,153037.09,13249.96,71.66,0.3
2025-07-09,B,3535,239447.31,115137.15,113871.9,10438.26,67.74,0.279
2025-07-09,C,1151,78694.9,34858.15,34329.99,9506.77,68.37,0.274
2025-07-09,D,849,53010.13,24088.31,25593.83,3327.99,62.44,0.298
2025-07-09,E,1190,71082.09,32494.67,35337.96,3249.47,59.73,0.375
2025-07-10,A,4959,315092.01,157859.22,144704.28,12528.51,63.54,0.262
2025-07-10,B,3152,201181.38,96737.15,95674.1,8770.13,63.83,0.307
2025-07-10,C,1556,90243.26,39973.53,39367.87,10901.87,58.0,0.291
2025-07-10,D,969,61923.26,28138.52,29897.18,3887.56,63.9,0.249
2025-07-10,E,1400,83681.75,38254.51,41601.78,3825.45,59.77,0.375
2025-07-11,A,5072,332429.36,166545.13,152666.36,13217.87,65.54,0.288
2025-07-11,B,2927,185240.84,89072.21,88093.4,8075.23,63.29,0.273
2025-07-11,C,1368,92469.35,40959.58,40338.98,11170.79,67.59,0.268
2025-07-11,D,606,35942.03,16332.4,17353.18,2256.45,59.31,0.273
2025-07-11,E,1187,72465.23,33126.96,36025.57,3312.7,61.05,0.444
2025-07-12,A,3513,253787.4,127145.97,116550.48,10090.95,72.24,0.267
2025-07-12,B,3350,202315.63,97282.55,96213.51,8819.57,60.39,0.311
2025-07-12,C,1358,88202.19,39069.43,38477.47,10655.3,64.95,0.272
2025-07-12,D,692,44604.28,20268.61,21535.4,2800.27,64.46,0.308
2025-07-12,E,1274,83266.64,38064.75,41395.41,3806.47,65.36,0.472
2025-07-13,A,5413,381753.05,191256.0,175318.0,15179.05,70.53,0.247
2025-07-13,B,3187,204514.71,98339.97,97259.31,8915.44,64.17,0.275
2025-07-13,C,1512,91520.27,40539.18,39924.95,11056.14,60.53,0.299
2025-07-13,D,793,52135.64,23690.93,25171.61,3273.09,65.74,0.211
2025-07-13,E,1202,70494.07,32225.86,35045.62,3222.59,58.65,0.409
2025-07-14,A,7257,445994.43,223440.55,204820.5,17733.38,61.46,0.28
2025-07-14,B,4110,254199.89,122230.86,120887.66,11081.37,61.85,0.307
2025-07-14,C,1728,106670.61,47250.07,46534.16,12886.38,61.73,0.26
2025-07-14,D,985,64195.47,29171.04,30994.22,4030.21,65.17,0.267
2025-07-14,E,1681,97176.01,44423.32,48310.36,4442.33,57.81,0.448
2025-07-15,A,5871,388785.85,194779.39,178547.78,15458.68,66.22,0.325
2025-07-15,B,3130,198059.12,95235.82,94189.28,8634.02,63.28,0.251
2025-07-15,C,1885,110480.59,48937.71,48196.23,13346.65,58.61,0.302
2025-07-15,D,889,52949.94,24060.96,25564.77,3324.21,59.56,0.277
2025-07-15,E,1283,83830.29,38322.42,41675.63,3832.24,65.34,0.372
2025-07-16,A,5312,331105.25,165881.76,152058.28,13165.22,62.33,0.258
2025-07-16,B,3288,202347.62,97297.93,96228.73,8820.97,61.54,0.3
2025-07-16,C,1457,90653.02,40155.03,39546.62,10951.37,62.22,0.325
2025-07-16,D,721,47768.92,21706.65,23063.32,2998.95,66.25,0.279
2025-07-16,E,1608,93548.99,42765.25,46507.21,4276.53,58.18,0.47
2025-07-17,A,6551,402954.69,201877.9,185054.74,16022.06,61.51,0.309
2025-07-17,B,2923,196413.38,94444.48,93406.63,8562.27,67.2,0.26
2025-07-17,C,1848,112120.07,49663.92,48911.44,13544.71,60.67,0.295
2025-07-17,D,901,63704.82,28948.08,30757.33,3999.41,70.7,0.238
2025-07-17,E,1271,68132.85,31146.44,33871.76,3114.64,53.61,0.382
2025-07-18,A,5419,325638.81,163143.1,149547.85,12947.87,60.09,0.266
2025-07-18,B,2922,170670.14,82065.96,81164.13,7440.05,58.41,0.266
2025-07-18,C,1325,81182.77,35960.15,35415.3,9807.31,61.27,0.275
2025-07-18,D,832,53421.69,24275.33,25792.53,3353.83,64.21,0.296
2025-07-18,E,1074,68460.19,31296.09,34034.49,3129.61,63.74,0.423
2025-07-19,A,5521,353517.76,177110.29,162351.1,14056.37,64.03,0.244
2025-07-19,B,3068,184706.19,88815.13,87839.14,8051.92,60.2,0.267
2025-07-19,C,1245,83900.44,37163.95,36600.86,10135.62,67.39,0.258
2025-07-19,D,800,49092.1,22307.92,23702.17,3082.02,61.37,0.243
2025-07-19,E,1004,68295.89,31220.98,33952.81,3122.1,68.02,0.417
2025-07-20,A,5377,339002.18,169838.07,155684.9,13479.21,63.05,0.328
2025-07-20,B,2990,190140.07,91427.99,90423.28,8288.8,63.59,0.295
2025-07-20,C,1283,80234.58,35540.15,35001.66,9692.77,62.54,0.305
2025-07-20,D,794,50665.88,23023.06,24462.0,3180.82,63.81,0.29
2025-07-20,E,1104,75089.14,34326.46,37330.03,3432.65,68.02,0.437
2025-07-21,A,5959,423579.14,212210.62,194526.4,16842.11,71.08,0.272
2025-07-21,B,3091,189164.09,90958.69,89959.14,8246.25,61.2,0.309
2025-07-21,C,1530,88506.95,39204.42,38610.42,10692.12,57.85,0.21
2025-07-21,D,943,62755.85,28516.86,30299.16,3939.83,66.55,0.266
2025-07-21,E,1327,81036.52,37045.27,40286.73,3704.53,61.07,0.385
2025-07-22,A,5978,364360.67,182542.52,167330.65,14487.5,60.95,0.292
2025-07-22,B,3376,210503.34,101219.57,100107.27,9176.5,62.35,0.303
2025-07-22,C,1755,106854.03,47331.31,46614.17,12908.54,60.89,0.306
2025-07-22,D,838,54297.9,24673.49,26215.58,3408.84,64.79,0.269
2025-07-22,E,1074,72750.13,33257.2,36167.21,3325.72,67.74,0.451
2025-07-23,A,6313,400795.6,200796.2,184063.19,15936.21,63.49,0.302
2025-07-23,B,3606,225843.95,108596.03,107402.67,9845.24,62.63,0.289
2025-07-23,C,1362,85752.01,37984.11,37408.59,10359.3,62.96,0.28
2025-07-23,D,781,48715.61,22136.84,23520.39,3058.38,62.38,0.283
2025-07-23,E,1415,85818.9,39231.5,42664.25,3923.15,60.65,0.376
2025-07-24,A,5924,389857.75,195316.41,179040.04,15501.3,65.81,0.262
2025-07-24,B,3840,230291.22,110734.48,109517.62,10039.12,59.97,0.322
2025-07-24,C,1258,80646.36,35722.55,35181.3,9742.51,64.11,0.28
2025-07-24,D,960,62399.37,28354.87,30127.05,3917.45,65.0,0.349
2025-07-24,E,1451,83277.96,38069.92,41401.04,3806.99,57.39,0.42
2025-07-25,A,5312,329999.46,165327.76,151550.45,13121.25,62.12,0.344
2025-07-25,B,3095,192506.12,92565.69,91548.48,8391.94,62.2,0.306
2025-07-25,C,1436,85397.06,37826.89,37253.75,10316.42,59.47,0.282
2025-07-25,D,821,49697.39,22582.97,23994.41,3120.02,60.53,0.257
2025-07-25,E,1407,76570.7,35003.75,38066.58,3500.37,54.42,0.384
2025-07-26,A,6313,365507.69,183117.17,167857.41,14533.11,57.9,0.26
2025-07-26,B,2960,185495.12,89194.48,88214.32,8086.31,62.67,0.278
2025-07-26,C,1244,72813.75,32253.07,31764.39,8796.29,58.53,0.239
2025-07-26,D,903,55896.23,25399.78,26987.27,3509.18,61.9,0.298
2025-07-26,E,1261,74154.39,33899.15,36865.32,3389.91,58.81,0.389
2025-07-27,A,5429,347240.14,173965.24,159468.14,13806.76,63.96,0.307
2025-07-27,B,3061,192926.67,92767.91,91748.48,8410.28,63.03,0.263
2025-07-27,C,1249,82719.31,36640.77,36085.61,9992.94,66.23,0.268
2025-07-27,D,765,52171.99,23707.45,25189.17,3275.37,68.2,0.247
2025-07-27,E,1074,65105.88,29762.69,32366.92,2976.27,60.62,0.438
2025-07-28,A,6108,395937.6,198362.38,181832.18,15743.05,64.82,0.299
2025-07-28,B,3828,213310.59,102569.42,101442.29,9298.88,55.72,0.308
2025-07-28,C,1587,96911.26,42927.13,42276.72,11707.4,61.07,0.292
2025-07-28,D,1011,62150.32,28241.7,30006.81,3901.81,61.47,0.258
2025-07-28,E,1216,87048.44,39793.57,43275.51,3979.36,71.59,0.376
2025-07-29,A,5326,350847.89,175772.7,161124.97,13950.21,65.87,0.323
2025-07-29,B,2826,183431.26,88202.09,87232.83,7996.34,64.91,0.377
2025-07-29,C,1398,93878.38,41583.71,40953.66,11341.01,67.15,0.305
2025-07-29,D,985,60725.55,27594.27,29318.91,3812.37,61.65,0.268
2025-07-29,E,1170,76489.54,34966.65,38026.23,3496.66,65.38,0.388
2025-07-30,A,6112,387480.55,194125.45,177948.33,15406.78,63.4,0.311
2025-07-30,B,3153,181852.0,87442.7,86481.8,7927.5,57.68,0.277
2025-07-30,C,1669,101414.31,44921.77,44241.14,12251.39,60.76,0.27
2025-07-30,D,770,52905.57,24040.8,25543.35,3321.43,68.71,0.3
2025-07-30,E,1120,68132.99,31146.51,33871.83,3114.65,60.83,0.397
2025-07-31,A,5697,336838.89,168754.27,154691.42,13393.2,59.13,0.315
2025-07-31,B,2937,196995.17,94724.23,93683.31,8587.64,67.07,0.243
2025-07-31,C,1193,80579.57,35692.96,35152.16,9734.44,67.54,0.27
2025-07-31,D,885,58934.83,26780.55,28454.34,3699.94,66.59,0.336
2025-07-31,E,1317,85144.04,38922.99,42328.75,3892.3,64.65,0.399
2025-08-01,A,3931,241005.71,120742.42,110680.56,9582.73,61.31,0.221
2025-08-01,B,2234,132968.63,63937.36,63234.75,5796.52,59.52,0.289
2025-08-01,C,1204,72270.71,32012.53,31527.49,8730.69,60.03,0.27
2025-08-01,D,586,35042.56,15923.67,16918.9,2199.98,59.8,0.292
2025-08-01,E,945,57049.26,26079.66,28361.63,2607.97,60.37,0.44
2025-08-02,A,4073,247474.05,123983.02,113651.11,9839.92,60.76,0.265
2025-08-02,B,2332,137524.37,66127.97,65401.29,5995.12,58.97,0.262
2025-08-02,C,870,58125.64,25746.93,25356.82,7021.89,66.81,0.226
2025-08-02,D,744,45053.97,20472.96,21752.52,2828.5,60.56,0.319
2025-08-02,E,887,54312.89,24828.75,27001.26,2482.87,61.23,0.391
2025-08-03,A,5089,301030.94,150814.71,138246.81,11969.42,59.15,0.273
2025-08-03,B,2098,134560.37,64702.74,63991.72,5865.91,64.14,0.252
2025-08-03,C,1065,63210.47,27999.27,27575.04,7636.16,59.35,0.301
2025-08-03,D,635,44162.31,20067.77,21322.01,2772.52,69.55,0.28
2025-08-03,E,974,61190.58,27972.84,30420.46,2797.28,62.82,0.416
2025-08-04,A,3899,231166.43,115813.0,106161.92,9191.51,59.29,0.31
2025-08-04,B,2754,165194.59,79433.07,78560.17,7201.35,59.98,0.3
2025-08-04,C,990,59816.76,26496.01,26094.56,7226.19,60.42,0.312
2025-08-04,D,610,37285.89,16943.07,18002.01,2340.82,61.12,0.268
2025-08-04,E,891,51824.78,23691.33,25764.32,2369.13,58.16,0.399
2025-08-05,A,4100,279231.73,139893.43,128235.65,11102.65,68.11,0.226
2025-08-05,B,2547,166353.11,79990.14,79111.12,7251.85,65.31,0.276
2025-08-05,C,1395,87487.04,38752.65,38165.49,10568.9,62.71,0.262
2025-08-05,D,585,35251.53,16018.63,17019.8,2213.1,60.26,0.293
2025-08-05,E,836,48279.66,22070.7,24001.89,2207.07,57.75,0.416
2025-08-06,A,5065,288627.95,144600.88,132550.81,11476.26,56.98,0.256
2025-08-06,B,2437,162513.99,78144.11,77285.39,7084.49,66.69,0.312
2025-08-06,C,1220,76871.34,34050.39,33534.48,9286.47,63.01,0.285
2025-08-06,D,648,43168.14,19616.02,20842.02,2710.11,66.62,0.296
2025-08-06,E,994,58892.0,26922.06,29277.74,2692.21,59.25,0.424
2025-08-07,A,3915,261775.67,131148.05,120219.05,10408.58,66.86,0.254
2025-08-07,B,2286,135413.63,65113.03,64397.5,5903.1,59.24,0.287
2025-08-07,C,932,56995.28,25246.23,24863.71,6885.34,61.15,0.265
2025-08-07,D,697,41990.3,19080.79,20273.34,2636.16,60.24,0.297
2025-08-07,E,796,51929.16,23739.05,25816.21,2373.9,65.24,0.401
2025-08-08,A,4795,270180.53,135358.84,124078.93,10742.76,56.35,0.259
2025-08-08,B,2560,157802.5,75878.61,75044.78,6879.1,61.64,0.29
2025-08-08,C,1189,70450.96,31206.47,30733.64,8510.85,59.25,0.244
2025-08-08,D,474,32698.1,14858.33,15786.98,2052.8,68.98,0.261
2025-08-08,E,779,47374.82,21657.06,23552.05,2165.71,60.81,0.441
2025-08-09,A,4423,278938.1,139746.32,128100.8,11090.98,63.07,0.278
2025-08-09,B,2118,124176.65,59709.78,59053.63,5413.25,58.63,0.279
2025-08-09,C,1180,68992.61,30560.48,30097.45,8334.68,58.47,0.244
2025-08-09,D,614,40552.66,18427.52,19579.24,2545.91,66.05,0.268
2025-08-09,E,860,54588.09,24954.56,27138.08,2495.46,63.47,0.366
2025-08-10,A,3588,234437.32,117451.7,107664.06,9321.56,65.34,0.293
2025-08-10,B,1793,113188.53,54426.19,53828.1,4934.24,63.13,0.323
2025-08-10,C,1246,73974.82,32767.37,32270.89,8936.56,59.37,0.291
2025-08-10,D,792,43990.77,19989.82,21239.19,2761.75,55.54,0.309
2025-08-10,E,982,57260.58,26176.26,28466.69,2617.63,58.31,0.463
2025-08-11,A,4394,271584.27,136062.1,124723.59,10798.58,61.81,0.246
2025-08-11,B,2386,155381.99,74714.72,73893.68,6773.59,65.12,0.258
2025-08-11,C,1075,64808.43,28707.09,28272.14,7829.21,60.29,0.256
2025-08-11,D,646,40400.72,18358.48,19505.88,2536.37,62.54,0.313
2025-08-11,E,986,56268.88,25722.91,27973.67,2572.29,57.07,0.439
2025-08-12,A,3980,250871.29,125685.02,115211.27,9975.0,63.03,0.263
2025-08-12,B,2134,135767.1,65282.99,64565.59,5918.51,63.62,0.318
2025-08-12,C,995,59231.96,26236.98,25839.45,7155.54,59.53,0.274
2025-08-12,D,658,43899.89,19948.53,21195.31,2756.05,66.72,0.297
2025-08-12,E,1095,61801.79,28252.25,30724.32,2825.22,56.44,0.461
2025-08-13,A,4546,284961.85,142764.19,130867.17,11330.49,62.68,0.261
2025-08-13,B,2577,151109.07,72660.11,71861.65,6587.32,58.64,0.285
2025-08-13,C,1305,73880.0,32725.37,32229.53,8925.1,56.61,0.236
2025-08-13,D,721,36402.62,16541.7,17575.55,2285.37,50.49,0.271
2025-08-13,E,953,58201.49,26606.39,28934.45,2660.64,61.07,0.42
2025-08-14,A,4566,296981.51,148785.97,136387.14,11808.41,65.04,0.199
2025-08-14,B,2746,152430.17,73295.35,72489.91,6644.91,55.51,0.319
2025-08-14,C,1227,78119.96,34603.47,34079.18,9437.31,63.67,0.286
2025-08-14,D,501,31238.68,14195.15,15082.35,1961.17,62.35,0.301
2025-08-14,E,992,63664.83,29103.92,31650.51,2910.39,64.18,0.436
2025-08-15,A,3861,247290.43,123891.03,113566.78,9832.62,64.05,0.274
2025-08-15,B,2176,156174.05,75095.58,74270.35,6808.12,71.77,0.269
2025-08-15,C,985,56137.64,24866.34,24489.57,6781.73,56.99,0.263
2025-08-15,D,619,39296.85,17856.87,18972.92,2467.07,63.48,0.249
2025-08-15,E,1002,59979.94,27419.4,29818.6,2741.94,59.86,0.398
2025-08-16,A,3844,203514.49,101959.55,93462.92,8092.03,52.94,0.309
2025-08-16,B,1920,112618.2,54151.95,53556.87,4909.38,58.66,0.295
2025-08-16,C,1175,69753.67,30897.6,30429.45,8426.62,59.36,0.294
2025-08-16,D,712,40715.28,18501.41,19657.75,2556.12,57.18,0.255
2025-08-16,E,862,56553.3,25852.94,28115.07,2585.29,65.61,0.449
2025-08-17,A,3621,224150.15,112297.89,102939.73,8912.53,61.9,0.292
2025-08-17,B,2378,149113.38,71700.49,70912.57,6500.32,62.71,0.314
2025-08-17,C,1010,67856.96,30057.45,29602.03,8197.49,67.19,0.248
2025-08-17,D,538,36141.35,16422.98,17449.41,2268.96,67.18,0.321
2025-08-17,E,833,49839.95,22783.98,24777.57,2278.4,59.83,0.434
2025-08-18,A,3348,209429.46,104922.91,96179.34,8327.22,62.55,0.298
2025-08-18,B,2780,178034.52,85607.09,84666.35,7761.08,64.04,0.273
2025-08-18,C,1037,65758.12,29127.76,28686.43,7943.93,63.41,0.285
2025-08-18,D,645,36667.65,16662.13,17703.51,2302.01,56.85,0.267
2025-08-18,E,879,59560.5,27227.66,29610.08,2722.77,67.76,0.356
2025-08-19,A,4848,300019.01,150307.74,137782.09,11929.19,61.89,0.276
2025-08-19,B,2326,146629.58,70506.16,69731.37,6392.04,63.04,0.283
2025-08-19,C,1260,73482.21,32549.17,32056.0,8877.05,58.32,0.304
2025-08-19,D,731,41343.12,18786.71,19960.88,2595.53,56.56,0.236
2025-08-19,E,991,57697.09,26375.81,28683.7,2637.58,58.22,0.339
2025-08-20,A,4523,301580.73,151090.15,138499.3,11991.28,66.68,0.327
2025-08-20,B,3252,196184.15,94334.26,93297.62,8552.28,60.33,0.349
2025-08-20,C,1120,72078.93,31927.58,31443.83,8707.52,64.36,0.273
2025-08-20,D,670,35096.74,15948.29,16945.06,2203.38,52.38,0.306
2025-08-20,E,881,51852.19,23703.86,25777.95,2370.39,58.86,0.455
2025-08-21,A,4956,278164.8,139358.91,127745.66,11060.23,56.13,0.282
2025-08-21,B,2374,161995.58,77894.84,77038.85,7061.89,68.24,0.282
2025-08-21,C,1094,71706.06,31762.42,31281.17,8662.48,65.54,0.259
2025-08-21,D,621,42238.66,19193.65,20393.25,2651.75,68.02,0.272
2025-08-21,E,960,57324.62,26205.54,28498.53,2620.55,59.71,0.394
2025-08-22,A,4519,286748.65,143659.37,131687.75,11401.54,63.45,0.274
2025-08-22,B,2966,156426.54,75216.99,74390.43,6819.12,52.74,0.272
2025-08-22,C,1083,66481.3,29448.09,29001.91,8031.3,61.39,0.255
2025-08-22,D,546,34802.96,15814.8,16803.22,2184.94,63.74,0.255
2025-08-22,E,964,56657.47,25900.56,28166.86,2590.06,58.77,0.423
2025-08-23,A,3709,225433.98,112941.08,103529.32,8963.58,60.78,0.306
2025-08-23,B,2523,171656.2,82540.1,81633.07,7483.03,68.04,0.327
2025-08-23,C,1252,73787.01,32684.18,32188.96,8913.87,58.94,0.294
2025-08-23,D,612,38823.15,17641.61,18744.21,2437.33,63.44,0.311
2025-08-23,E,780,49054.32,22424.83,24387.0,2242.48,62.89,0.365
2025-08-24,A,4219,259570.53,130043.29,119206.35,10320.9,61.52,0.252
2025-08-24,B,2353,142772.86,68651.68,67897.27,6223.92,60.68,0.287
2025-08-24,C,1041,60223.55,26676.2,26272.02,7275.33,57.85,0.224
2025-08-24,D,766,46945.93,21332.68,22665.97,2947.28,61.29,0.245
2025-08-24,E,1028,53258.52,24346.75,26477.09,2434.68,51.81,0.389
2025-08-25,A,4603,298811.73,149702.89,137227.65,11881.18,64.92,0.244
2025-08-25,B,2810,178141.36,85658.46,84717.16,7765.74,63.4,0.291
2025-08-25,C,1242,73779.56,32680.88,32185.71,8912.97,59.4,0.274
2025-08-25,D,681,42290.94,19217.41,20418.5,2655.04,62.1,0.287
2025-08-25,E,1014,64371.96,29427.18,32002.06,2942.72,63.48,0.397
2025-08-26,A,3943,246157.57,123323.47,113046.52,9787.58,62.43,0.28
2025-08-26,B,2228,137793.14,66257.2,65529.1,6006.83,61.85,0.291
2025-08-26,C,1026,68929.82,30532.67,30070.06,8327.09,67.18,0.263
2025-08-26,D,717,44096.01,20037.65,21290.0,2768.36,61.5,0.294
2025-08-26,E,971,62788.33,28703.24,31214.77,2870.32,64.66,0.457
2025-08-27,A,5669,331793.52,166226.58,152374.36,13192.59,58.53,0.295
2025-08-27,B,2007,122892.29,59092.2,58442.83,5357.26,61.23,0.265
2025-08-27,C,1113,70975.8,31438.95,30962.6,8574.26,63.77,0.269
2025-08-27,D,520,31627.42,14371.8,15270.04,1985.58,60.82,0.262
2025-08-27,E,904,55794.76,25506.17,27737.96,2550.62,61.72,0.397
2025-08-28,A,4408,315341.24,157984.08,144818.74,12538.42,71.54,0.319
2025-08-28,B,2278,143235.35,68874.07,68117.21,6244.08,62.88,0.281
2025-08-28,C,1000,61599.01,27285.47,26872.05,7441.49,61.6,0.328
2025-08-28,D,675,37126.82,16870.78,17925.21,2330.83,55.0,0.32
2025-08-28,E,949,60151.04,27497.62,29903.66,2749.76,63.38,0.401
2025-08-29,A,3492,248591.62,124542.92,114164.34,9884.36,71.19,0.269
2025-08-29,B,2069,120779.91,58076.47,57438.27,5265.17,58.38,0.293
2025-08-29,C,1043,61376.41,27186.87,26774.94,7414.6,58.85,0.283
2025-08-29,D,699,44159.37,20066.44,21320.59,2772.34,63.18,0.278
2025-08-29,E,891,58609.98,26793.13,29137.53,2679.31,65.78,0.443
2025-08-30,A,3389,227360.16,113906.08,104413.91,9040.17,67.09,0.255
2025-08-30,B,2172,144832.98,69642.28,68876.98,6313.72,66.68,0.368
2025-08-30,C,1035,67980.05,30111.97,29655.72,8212.35,65.68,0.277
2025-08-30,D,571,39032.33,17736.66,18845.2,2450.46,68.36,0.275
2025-08-30,E,831,50707.06,23180.37,25208.65,2318.04,61.02,0.39
2025-08-31,A,3247,191935.85,96158.72,88145.49,7631.64,59.11,0.288
2025-08-31,B,2262,131022.15,63001.4,62309.08,5711.67,57.92,0.253
2025-08-31,C,1056,65530.96,29027.14,28587.33,7916.49,62.06,0.295
2025-08-31,D,675,38307.32,17407.21,18495.16,2404.94,56.75,0.289
2025-08-31,E,912,58625.41,26800.19,29145.21,2680.02,64.28,0.383
2025-09-01,A,7152,371792.41,186265.78,170743.63,14783.0,51.98,0.306
2025-09-01,B,3475,223412.27,107426.77,106246.26,9739.24,64.29,0.296
2025-09-01,C,1240,86868.86,38478.83,37895.81,10494.23,70.06,0.288
2025-09-01,D,910,62035.72,28189.63,29951.48,3894.62,68.17,0.206
2025-09-01,E,1336,76880.19,35145.23,38220.44,3514.52,57.55,0.416
2025-09-02,A,6241,396934.47,198861.8,182289.98,15782.68,63.6,0.289
2025-09-02,B,3030,188813.25,90789.99,89792.3,8230.96,62.31,0.319
2025-09-02,C,1418,95394.04,42255.08,41614.85,11524.11,67.27,0.285
2025-09-02,D,890,56453.43,25652.98,27256.29,3544.16,63.43,0.32
2025-09-02,E,998,66353.35,30332.96,32987.1,3033.3,66.49,0.426
2025-09-03,A,6251,365287.56,183006.89,167756.32,14524.36,58.44,0.253
2025-09-03,B,3100,206190.9,99145.95,98056.44,8988.51,66.51,0.315
2025-09-03,C,1277,79995.22,35434.12,34897.24,9663.85,62.64,0.263
2025-09-03,D,1121,65511.24,29768.94,31629.49,4112.81,58.44,0.194
2025-09-03,E,1039,59641.81,27264.83,29650.5,2726.48,57.4,0.345
2025-09-04,A,6300,387956.78,194364.03,178167.03,15425.72,61.58,0.254
2025-09-04,B,3763,211346.09,101624.8,100508.05,9213.24,56.16,0.278
2025-09-04,C,1396,96056.97,42548.73,41904.05,11604.2,68.81,0.236
2025-09-04,D,831,50877.99,23119.45,24564.41,3194.13,61.23,0.311
2025-09-04,E,1162,68016.98,31093.48,33814.16,3109.35,58.53,0.443
2025-09-05,A,5811,367716.92,184223.98,168871.99,14620.95,63.28,0.265
2025-09-05,B,3065,191333.71,92001.94,90990.93,8340.84,62.43,0.316
2025-09-05,C,1156,65506.28,29016.2,28576.57,7913.51,56.67,0.277
2025-09-05,D,832,47899.66,21766.06,23126.44,3007.15,57.57,0.28
2025-09-05,E,1104,72420.94,33106.71,36003.55,3310.67,65.6,0.386
2025-09-06,A,4353,274195.91,137370.51,125922.97,10902.42,62.99,0.268
2025-09-06,B,2681,157272.96,75623.99,74792.95,6856.02,58.66,0.273
2025-09-06,C,1207,77398.73,34284.0,33764.55,9350.18,64.12,0.246
2025-09-06,D,700,45148.97,20516.13,21798.38,2834.46,64.5,0.25
2025-09-06,E,1196,75800.0,34651.43,37683.43,3465.14,63.38,0.438
2025-09-07,A,4397,273377.93,136960.71,125547.32,10869.9,62.17,0.308
2025-09-07,B,2881,181119.75,87090.6,86133.57,7895.58,62.87,0.251
2025-09-07,C,1298,86720.74,38413.21,37831.19,10476.33,66.81,0.258
2025-09-07,D,815,52222.95,23730.61,25213.77,3278.57,64.08,0.306
2025-09-07,E,1458,81580.12,37293.77,40556.97,3729.38,55.95,0.491
2025-09-08,A,5997,339867.17,170271.43,156082.14,13513.61,56.67,0.273
2025-09-08,B,2677,183284.77,88131.65,87163.17,7989.96,68.47,0.278
2025-09-08,C,1625,84690.19,37513.77,36945.38,10231.03,52.12,0.33
2025-09-08,D,966,60366.14,27430.95,29145.39,3789.8,62.49,0.243
2025-09-08,E,1190,81143.3,37094.08,40339.81,3709.41,68.19,0.383
2025-09-09,A,5293,319468.81,160051.97,146714.3,12702.54,60.36,0.285
2025-09-09,B,3257,207683.34,99863.59,98766.19,9053.57,63.77,0.299
2025-09-09,C,1514,92965.11,41179.18,40555.25,11230.68,61.4,0.309
2025-09-09,D,822,52139.99,23692.91,25173.72,3273.36,63.43,0.274
2025-09-09,E,1137,65753.89,30058.92,32689.08,3005.89,57.83,0.403
2025-09-10,A,5426,363439.67,182081.1,166907.68,14450.88,66.98,0.322
2025-09-10,B,3613,218350.41,104992.8,103839.03,9518.58,60.43,0.278
2025-09-10,C,1398,84252.83,37320.05,36754.59,10178.19,60.27,0.248
2025-09-10,D,866,59603.97,27084.61,28777.4,3741.95,68.83,0.289
2025-09-10,E,1420,84911.58,38816.72,42213.19,3881.67,59.8,0.394
2025-09-11,A,6103,375718.3,188232.63,172546.58,14939.1,61.56,0.313
2025-09-11,B,3701,217089.02,104386.27,103239.17,9463.59,58.66,0.271
2025-09-11,C,1214,74271.66,32898.86,32400.39,8972.42,61.18,0.268
2025-09-11,D,911,55849.29,25378.45,26964.6,3506.23,61.31,0.299
2025-09-11,E,1167,74089.63,33869.54,36833.13,3386.95,63.49,0.388
2025-09-12,A,4529,297506.11,149048.79,136628.05,11829.27,65.69,0.245
2025-09-12,B,3307,205504.19,98815.75,97729.86,8958.57,62.14,0.364
2025-09-12,C,1163,75406.14,33401.38,32895.3,9109.47,64.84,0.319
2025-09-12,D,555,34214.25,15547.28,16518.99,2147.98,61.65,0.273
2025-09-12,E,1136,68038.0,31103.09,33824.61,3110.31,59.89,0.426
2025-09-13,A,5200,309374.68,154994.87,142078.63,12301.18,59.5,0.296
2025-09-13,B,3825,225942.01,108643.18,107449.3,9849.52,59.07,0.251
2025-09-13,C,1360,86497.82,38314.47,37733.95,10449.4,63.6,0.271
2025-09-13,D,806,54482.73,24757.47,26304.82,3420.44,67.6,0.304
2025-09-13,E,1245,72709.61,33238.68,36147.06,3323.87,58.4,0.385
2025-09-14,A,4850,323982.69,162313.39,148787.28,12882.02,66.8,0.278
2025-09-14,B,3002,184809.74,88864.92,87888.38,8056.44,61.56,0.278
2025-09-14,C,1413,74161.74,32850.17,32352.44,8959.14,52.49,0.299
2025-09-14,D,757,46189.66,20989.02,22300.84,2899.8,61.02,0.277
2025-09-14,E,1097,63096.99,28844.34,31368.22,2884.43,57.52,0.38
2025-09-15,A,6259,396195.71,198491.69,181950.71,15753.31,63.3,0.254
2025-09-15,B,3384,215476.64,103610.96,102472.38,9393.3,63.68,0.256
2025-09-15,C,1466,95048.57,42102.05,41464.14,11482.38,64.84,0.284
2025-09-15,D,881,57682.78,26211.61,27849.83,3621.34,65.47,0.325
2025-09-15,E,1297,76756.67,35088.76,38159.03,3508.88,59.18,0.387
2025-09-16,A,5327,351627.82,176163.44,161483.15,13981.23,66.01,0.346
2025-09-16,B,2433,158010.22,75978.49,75143.57,6888.16,64.94,0.252
2025-09-16,C,988,58155.93,25760.34,25370.04,7025.55,58.86,0.287
2025-09-16,D,817,53992.51,24534.71,26068.13,3389.66,66.09,0.236
2025-09-16,E,917,64300.9,29394.7,31966.73,2939.47,70.12,0.375
2025-09-17,A,4396,297134.6,148862.66,136457.44,11814.5,67.59,0.265
2025-09-17,B,3401,193616.48,93099.6,92076.53,8440.35,56.93,0.279
2025-09-17,C,1356,84228.15,37309.12,36743.83,10175.21,62.12,0.281
2025-09-17,D,699,42267.12,19206.59,20407.0,2653.54,60.47,0.297
2025-09-17,E,1386,82975.5,37931.66,41250.68,3793.17,59.87,0.372
2025-09-18,A,3123,212231.02,106326.48,97465.94,8438.61,67.96,0.273
2025-09-18,B,4264,225654.85,108505.11,107312.74,9837.0,52.92,0.32
2025-09-18,C,999,62047.92,27484.31,27067.88,7495.72,62.11,0.262
2025-09-18,D,744,47786.13,21714.47,23071.63,3000.03,64.23,0.292
2025-09-18,E,847,57726.39,26389.21,28698.26,2638.92,68.15,0.387
2025-09-19,A,3834,219906.69,110171.94,100990.95,8743.8,57.36,0.316
2025-09-19,B,2463,158225.08,76081.81,75245.75,6897.53,64.24,0.283
2025-09-19,C,1272,81030.49,35892.7,35348.87,9788.92,63.7,0.254
2025-09-19,D,507,31977.3,14530.79,15438.97,2007.54,63.07,0.266
2025-09-19,E,867,56470.44,25815.06,28073.88,2581.51,65.13,0.416
2025-09-20,A,3987,245001.09,122744.08,112515.41,9741.59,61.45,0.34
2025-09-20,B,2608,158803.95,76360.16,75521.03,6922.76,60.89,0.27
2025-09-20,C,1054,64512.62,28576.06,28143.09,7793.47,61.21,0.286
2025-09-20,D,515,33536.0,15239.08,16191.52,2105.4,65.12,0.292
2025-09-20,E,929,56987.59,26051.47,28330.97,2605.15,61.34,0.414
2025-09-21,A,4003,248963.15,124729.06,114334.97,9899.13,62.19,0.304
2025-09-21,B,2949,158237.73,76087.89,75251.76,6898.08,53.66,0.306
2025-09-21,C,1189,69186.73,30646.47,30182.13,8358.13,58.19,0.288
2025-09-21,D,642,38723.67,17596.4,18696.18,2431.08,60.32,0.281
2025-09-21,E,962,58452.89,26721.32,29059.44,2672.13,60.76,0.402
2025-09-22,A,4732,288335.13,144454.18,132416.33,11464.62,60.93,0.254
2025-09-22,B,2086,128023.53,61559.53,60883.05,5580.95,61.37,0.251
2025-09-22,C,1092,69084.84,30601.34,30137.68,8345.82,63.26,0.293
2025-09-22,D,615,37740.61,17149.69,18221.55,2369.37,61.37,0.278
2025-09-22,E,851,51372.0,23484.34,25539.22,2348.43,60.37,0.397
2025-09-23,A,5214,300315.67,150456.36,137918.33,11940.98,57.6,0.262
2025-09-23,B,2980,178489.84,85826.02,84882.88,7780.93,59.9,0.294
2025-09-23,C,1085,69590.12,30825.15,30358.1,8406.86,64.14,0.29
2025-09-23,D,952,57454.29,26107.78,27739.51,3607.0,60.35,0.243
2025-09-23,E,1095,64222.21,29358.72,31927.61,2935.87,58.65,0.365
2025-09-24,A,4633,304004.67,152304.53,139612.48,12087.66,65.62,0.29
2025-09-24,B,2776,161132.77,77479.96,76628.53,7024.28,58.04,0.319
2025-09-24,C,1364,86113.02,38144.02,37566.08,10402.92,63.13,0.25
2025-09-24,D,628,39689.11,18035.11,19162.31,2491.69,63.2,0.281
2025-09-24,E,1071,65119.16,29768.76,32373.53,2976.88,60.8,0.407
2025-09-25,A,3595,248935.34,124715.12,114322.19,9898.03,69.24,0.317
2025-09-25,B,2868,169066.3,81294.76,80401.41,7370.13,58.95,0.281
2025-09-25,C,1171,67251.27,29789.15,29337.8,8124.31,57.43,0.281
2025-09-25,D,786,47860.34,21748.19,23107.46,3004.68,60.89,0.255
2025-09-25,E,991,61569.21,28145.93,30608.69,2814.59,62.13,0.409
2025-09-26,A,3928,260506.9,130512.4,119636.37,10358.13,66.32,0.266
2025-09-26,B,3278,168489.25,81017.29,80126.99,7344.97,51.4,0.292
2025-09-26,C,1042,64967.86,28777.71,28341.69,7848.47,62.35,0.289
2025-09-26,D,695,41220.43,18730.96,19901.64,2587.83,59.31,0.282
2025-09-26,E,1023,60771.54,27781.28,30212.14,2778.13,59.41,0.427
2025-09-27,A,3848,232062.25,116261.8,106573.32,9227.13,60.31,0.26
2025-09-27,B,2273,134673.92,64757.34,64045.72,5870.86,59.25,0.267
2025-09-27,C,952,53477.75,23688.13,23329.22,6460.4,56.17,0.287
2025-09-27,D,647,42080.41,19121.74,20316.85,2641.82,65.04,0.232
2025-09-27,E,983,54363.29,24851.79,27026.32,2485.18,55.3,0.419
2025-09-28,A,3914,260848.93,130683.76,119793.44,10371.73,66.65,0.288
2025-09-28,B,2486,162180.04,77983.53,77126.57,7069.94,65.24,0.27
2025-09-28,C,1045,68490.31,30337.99,29878.32,8274.0,65.54,0.29
2025-09-28,D,518,35475.56,16120.43,17127.96,2227.17,68.49,0.237
2025-09-28,E,835,48770.74,22295.19,24246.02,2229.52,58.41,0.413
2025-09-29,A,3683,251291.08,125895.33,115404.05,9991.69,68.23,0.24
2025-09-29,B,3029,179965.98,86535.82,85584.88,7845.28,59.41,0.271
2025-09-29,C,1312,74533.96,33015.04,32514.81,9004.1,56.81,0.25
2025-09-29,D,808,52031.71,23643.71,25121.44,3266.56,64.4,0.27
2025-09-29,E,1304,75938.15,34714.58,37752.11,3471.46,58.23,0.374
2025-09-30,A,4145,239450.72,119963.38,109966.43,9520.9,57.77,0.268
2025-09-30,B,3428,198948.08,95663.28,94612.03,8672.77,58.04,0.246
2025-09-30,C,1242,78381.58,34719.36,34193.31,9468.92,63.11,0.331
2025-09-30,D,737,47905.47,21768.71,23129.25,3007.52,65.0,0.316
2025-09-30,E,1015,57998.48,26513.59,28833.53,2651.36,57.14,0.46
2025-10-01,A,4674,281698.21,141129.12,129368.36,11200.72,60.27,0.323
2025-10-01,B,2506,158203.89,76071.62,75235.67,6896.6,63.13,0.255
2025-10-01,C,1195,73519.23,32565.57,32072.15,8881.52,61.52,0.285
2025-10-01,D,596,39543.98,17969.16,19092.24,2482.58,66.35,0.347
2025-10-01,E,919,64175.22,29337.24,31904.25,2933.72,69.83,0.419
2025-10-02,A,4335,248753.93,124624.23,114238.88,9890.81,57.38,0.313
2025-10-02,B,2295,145185.71,69811.89,69044.72,6329.1,63.26,0.241
2025-10-02,C,1059,64388.08,28520.89,28088.76,7778.43,60.8,0.284
2025-10-02,D,694,41730.49,18962.73,20147.9,2619.85,60.13,0.325
2025-10-02,E,1091,66100.81,30217.51,32861.54,3021.75,60.59,0.441
2025-10-03,A,4009,267506.51,134019.16,122850.9,10636.44,66.73,0.231
2025-10-03,B,2217,144780.81,69617.19,68852.17,6311.45,65.3,0.291
2025-10-03,C,1255,68300.03,30253.7,29795.31,8251.01,54.42,0.27
2025-10-03,D,648,39336.78,17875.01,18992.2,2469.57,60.7,0.261
2025-10-03,E,806,50909.12,23272.74,25309.11,2327.27,63.16,0.406
2025-10-04,A,4634,297917.64,149254.96,136817.05,11845.63,64.29,0.307
2025-10-04,B,2497,164145.54,78928.63,78061.29,7155.62,65.74,0.272
2025-10-04,C,1016,55048.29,24383.81,24014.35,6650.13,54.18,0.257
2025-10-04,D,670,46843.1,21285.95,22616.33,2940.82,69.92,0.343
2025-10-04,E,758,48733.29,22278.08,24227.41,2227.81,64.29,0.393
2025-10-05,A,5761,303187.31,151895.03,139237.12,12055.16,52.63,0.283
2025-10-05,B,1918,116962.67,56240.97,55622.94,5098.77,60.98,0.245
2025-10-05,C,984,63836.11,28276.4,27847.97,7711.74,64.87,0.299
2025-10-05,D,639,39082.28,17759.36,18869.32,2453.6,61.16,0.268
2025-10-05,E,786,49616.99,22682.05,24666.73,2268.21,63.13,0.383
2025-10-06,A,4354,231754.24,116107.49,106431.87,9214.88,53.23,0.27
2025-10-06,B,2397,146940.49,70655.66,69879.23,6405.6,61.3,0.264
2025-10-06,C,1097,69408.28,30744.61,30278.78,8384.89,63.27,0.308
2025-10-06,D,750,47668.42,21660.98,23014.8,2992.64,63.56,0.318
2025-10-06,E,1376,75786.21,34645.12,37676.57,3464.51,55.08,0.417
2025-10-07,A,3334,238331.14,119402.48,109452.27,9476.39,71.49,0.284
2025-10-07,B,2748,168943.8,81235.86,80343.16,7364.79,61.48,0.21
2025-10-07,C,1497,84201.26,37297.2,36732.09,10171.96,56.25,0.282
2025-10-07,D,644,38501.14,17495.29,18588.74,2417.11,59.78,0.317
2025-10-07,E,1047,68024.41,31096.88,33817.85,3109.69,64.97,0.373
2025-10-08,A,4888,290807.51,145692.83,133551.76,11562.92,59.49,0.279
2025-10-08,B,2904,180469.97,86778.16,85824.56,7867.25,62.15,0.25
2025-10-08,C,1259,84515.68,37436.47,36869.25,10209.95,67.13,0.3
2025-10-08,D,760,52840.3,24011.14,25511.83,3317.33,69.53,0.279
2025-10-08,E,1007,59736.26,27308.0,29697.46,2730.8,59.32,0.399
2025-10-09,A,4620,301013.93,150806.18,138239.0,11968.74,65.15,0.306
2025-10-09,B,2629,171477.71,82454.28,81548.19,7475.25,65.23,0.317
2025-10-09,C,1196,72630.68,32171.98,31684.52,8774.18,60.73,0.265
2025-10-09,D,818,51411.23,23361.75,24821.86,3227.61,62.85,0.307
2025-10-09,E,1193,72006.72,32917.36,35797.62,3291.74,60.36,0.493
2025-10-10,A,4393,261708.04,131114.17,120187.99,10405.89,59.57,0.261
2025-10-10,B,2764,155766.83,74899.77,74076.69,6790.36,56.36,0.289
2025-10-10,C,1164,75187.8,33304.66,32800.05,9083.09,64.59,0.273
2025-10-10,D,701,42278.22,19211.63,20412.35,2654.24,60.31,0.305
2025-10-10,E,757,50455.46,23065.35,25083.57,2306.54,66.65,0.446
2025-10-11,A,4057,230687.15,115572.89,105941.81,9172.45,56.86,0.297
2025-10-11,B,2730,168750.57,81142.94,80251.26,7356.37,61.81,0.299
2025-10-11,C,1253,67874.43,30065.18,29609.65,8199.6,54.17,0.318
2025-10-11,D,516,33085.0,15034.14,15973.78,2077.09,64.12,0.266
2025-10-11,E,806,56166.83,25676.27,27922.94,2567.63,69.69,0.406
2025-10-12,A,4417,271963.82,136252.25,124897.9,10813.67,61.57,0.288
2025-10-12,B,2947,164467.21,79083.31,78214.26,7169.64,55.81,0.286
2025-10-12,C,1147,72379.9,32060.89,31575.12,8743.88,63.1,0.29
2025-10-12,D,630,39377.56,17893.54,19011.88,2472.13,62.5,0.267
2025-10-12,E,1081,66298.11,30307.71,32959.63,3030.77,61.33,0.387
2025-10-13,A,4130,257467.69,128989.78,118240.63,10237.28,62.34,0.262
2025-10-13,B,2469,156499.91,75252.27,74425.32,6822.32,63.39,0.322
2025-10-13,C,1010,66588.98,29495.79,29048.89,8044.31,65.93,0.249
2025-10-13,D,736,45114.83,20500.61,21781.9,2832.32,61.3,0.324
2025-10-13,E,1077,62140.81,28407.23,30892.86,2840.72,57.7,0.444
2025-10-14,A,4846,304466.51,152535.91,139824.58,12106.02,62.83,0.279
2025-10-14,B,2425,153486.07,73803.08,72992.05,6690.94,63.29,0.28
2025-10-14,C,1001,65359.41,28951.15,28512.49,7895.77,65.29,0.251
2025-10-14,D,647,40480.09,18394.54,19544.2,2541.35,62.57,0.286
2025-10-14,E,940,58806.14,26882.8,29235.05,2688.28,62.56,0.427
2025-10-15,A,3987,272104.58,136322.77,124962.54,10819.27,68.25,0.322
2025-10-15,B,2895,173788.92,83565.61,82647.3,7576.0,60.03,0.319
2025-10-15,C,1047,67790.91,30028.19,29573.22,8189.51,64.75,0.252
2025-10-15,D,684,43932.19,19963.21,21210.91,2758.07,64.23,0.29
2025-10-15,E,1012,65489.52,29938.07,32557.65,2993.81,64.71,0.359
2025-10-16,A,4841,320869.6,160753.76,147357.61,12758.23,66.28,0.285
2025-10-16,B,2736,160530.13,77190.18,76341.94,6998.01,58.67,0.236
2025-10-16,C,1201,77597.28,34371.95,33851.16,9374.17,64.61,0.269
2025-10-16,D,837,49009.3,22270.29,23662.19,3076.82,58.55,0.288
2025-10-16,E,977,65900.97,30126.16,32762.2,3012.62,67.45,0.394
2025-10-17,A,4744,271187.55,135863.34,124541.4,10782.81,57.16,0.288
2025-10-17,B,2350,137332.76,66035.83,65310.16,5986.76,58.44,0.28
2025-10-17,C,1288,70253.42,31118.97,30647.47,8486.99,54.54,0.264
2025-10-17,D,638,42045.19,19105.73,20299.84,2639.61,65.9,0.305
2025-10-17,E,1042,58582.12,26780.4,29123.68,2678.04,56.22,0.416
2025-10-18,A,3648,208886.63,104650.95,95930.04,8305.63,57.26,0.229
2025-10-18,B,2410,145030.04,69737.03,68970.69,6322.31,60.18,0.285
2025-10-18,C,984,71272.99,31570.59,31092.24,8610.16,72.43,0.295
2025-10-18,D,718,45257.61,20565.49,21850.84,2841.29,63.03,0.276
2025-10-18,E,1013,59331.72,27123.07,29496.34,2712.31,58.57,0.384
2025-10-19,A,4938,305843.01,153225.53,140456.73,12160.76,61.94,0.284
2025-10-19,B,2792,167398.18,80492.65,79608.12,7297.41,59.96,0.271
2025-10-19,C,1270,72974.59,32324.31,31834.55,8815.72,57.46,0.301
2025-10-19,D,619,34183.62,15533.37,16504.2,2146.06,55.22,0.267
2025-10-19,E,709,48875.69,22343.17,24298.2,2234.32,68.94,0.393
2025-10-20,A,5681,321242.85,160940.75,147529.02,12773.08,56.55,0.242
2025-10-20,B,2729,160689.45,77266.79,76417.71,7004.96,58.88,0.234
2025-10-20,C,1190,77313.12,34246.08,33727.2,9339.84,64.97,0.298
2025-10-20,D,639,41444.78,18832.9,20009.96,2601.91,64.86,0.293
2025-10-20,E,1193,75879.03,34687.56,37722.72,3468.76,63.6,0.387
2025-10-21,A,3619,229142.15,114798.85,105232.28,9111.02,63.32,0.24
2025-10-21,B,2719,186330.2,89596.03,88611.46,8122.72,68.53,0.298
2025-10-21,C,1390,76290.17,33792.96,33280.95,9216.26,54.89,0.327
2025-10-21,D,826,53603.49,24357.94,25880.31,3365.24,64.9,0.296
2025-10-21,E,1017,61486.78,28108.24,30567.71,2810.82,60.46,0.368
2025-10-22,A,4645,280429.56,140493.54,128785.74,11150.28,60.37,0.272
2025-10-22,B,2544,159126.6,76515.3,75674.47,6936.83,62.55,0.281
2025-10-22,C,1197,74806.68,33135.84,32633.78,9037.05,62.5,0.283
2025-10-22,D,739,45744.16,20786.58,22085.75,2871.83,61.9,0.297
2025-10-22,E,867,54610.8,24964.94,27149.37,2496.49,62.99,0.433
2025-10-23,A,4782,292127.01,146353.89,134157.73,11615.39,61.09,0.278
2025-10-23,B,2493,150529.2,72381.28,71585.88,6562.04,60.38,0.244
2025-10-23,C,1431,82368.71,36485.47,35932.66,9950.58,57.56,0.299
2025-10-23,D,837,52743.37,23967.09,25465.03,3311.24,63.01,0.32
2025-10-23,E,981,56902.61,26012.62,28288.73,2601.26,58.0,0.36
2025-10-24,A,4174,258386.56,129450.13,118662.62,10273.82,61.9,0.285
2025-10-24,B,2490,168494.45,81019.79,80129.46,7345.2,67.67,0.218
2025-10-24,C,910,60644.24,26862.55,26455.54,7326.15,66.64,0.262
2025-10-24,D,433,29747.29,13517.45,14362.29,1867.54,68.7,0.275
2025-10-24,E,643,36406.34,16642.9,18099.15,1664.29,56.62,0.393
2025-10-25,A,3964,249100.48,124797.86,114398.03,9904.59,62.84,0.289
2025-10-25,B,2330,141328.44,67957.14,67210.35,6160.95,60.66,0.247
2025-10-25,C,1036,60715.53,26894.13,26486.64,7334.76,58.61,0.275
2025-10-25,D,702,40833.06,18554.93,19714.62,2563.51,58.17,0.303
2025-10-25,E,1040,67026.55,30640.71,33321.77,3064.07,64.45,0.395
2025-10-26,A,4570,283957.78,142261.15,130406.06,11290.57,62.14,0.268
2025-10-26,B,2214,131268.21,63119.72,62426.1,5722.39,59.29,0.275
2025-10-26,C,1012,60611.24,26847.93,26441.14,7322.16,59.89,0.305
2025-10-26,D,732,42629.94,19371.45,20582.17,2676.32,58.24,0.274
2025-10-26,E,909,60374.89,27599.95,30014.94,2759.99,66.42,0.367
2025-10-27,A,4543,296368.78,148478.99,136105.74,11784.05,65.24,0.226
2025-10-27,B,3174,168976.44,81251.55,80358.67,7366.21,53.24,0.232
2025-10-27,C,1226,68582.82,30378.97,29918.68,8285.17,55.94,0.305
2025-10-27,D,797,47948.92,21788.45,23150.23,3010.25,60.16,0.251
2025-10-27,E,1002,63132.14,28860.4,31385.69,2886.04,63.01,0.394
2025-10-28,A,5683,319376.67,160005.81,146671.99,12698.87,56.2,0.272
2025-10-28,B,2507,153762.89,73936.19,73123.7,6703.01,61.33,0.263
2025-10-28,C,1499,85646.53,37937.39,37362.58,10346.56,57.14,0.287
2025-10-28,D,839,51109.89,23224.82,24676.37,3208.69,60.92,0.237
2025-10-28,E,937,64945.49,29689.37,32287.19,2968.94,69.31,0.379
2025-10-29,A,4296,264405.99,132465.83,121427.01,10513.16,61.55,0.279
2025-10-29,B,3151,192874.01,92742.59,91723.44,8407.98,61.21,0.261
2025-10-29,C,1191,75405.9,33401.27,32895.19,9109.44,63.31,0.243
2025-10-29,D,801,52595.35,23899.83,25393.57,3301.95,65.66,0.219
2025-10-29,E,888,61293.09,28019.7,30471.42,2801.97,69.02,0.419
2025-10-30,A,4970,337174.94,168922.64,154845.75,13406.56,67.84,0.276
2025-10-30,B,2565,156305.41,75158.74,74332.82,6813.84,60.94,0.32
2025-10-30,C,1320,76490.17,33881.55,33368.19,9240.42,57.95,0.271
2025-10-30,D,779,47530.65,21598.38,22948.28,2983.99,61.01,0.284
2025-10-30,E,819,50867.3,23253.62,25288.31,2325.36,62.11,0.459
2025-10-31,A,3599,226585.81,113518.14,104058.29,9009.38,62.96,0.278
2025-10-31,B,2445,173558.32,83454.73,82537.64,7565.95,70.98,0.307
2025-10-31,C,1219,72936.44,32307.41,31817.91,8811.11,59.83,0.294
2025-10-31,D,794,45952.99,20881.48,22186.57,2884.94,57.88,0.306
2025-10-31,E,965,61154.82,27956.49,30402.68,2795.65,63.37,0.384
2025-11-01,A,3518,217307.27,108869.65,99797.18,8640.45,61.77,0.355
2025-11-01,B,2300,146650.03,70516.0,69741.1,6392.93,63.76,0.273
2025-11-01,C,1238,79327.64,35138.42,34606.02,9583.2,64.08,0.28
2025-11-01,D,692,39725.31,18051.56,19179.78,2493.97,57.41,0.339
2025-11-01,E,844,59144.39,27037.44,29403.21,2703.74,70.08,0.396
2025-11-02,A,3908,252197.11,126349.25,115820.15,10027.72,64.53,0.321
2025-11-02,B,2326,153081.63,73608.61,72799.72,6673.31,65.81,0.253
2025-11-02,C,1309,76826.88,34030.7,33515.08,9281.1,58.69,0.293
2025-11-02,D,784,47122.56,21412.94,22751.25,2958.37,60.11,0.334
2025-11-02,E,925,62289.49,28475.2,30966.78,2847.52,67.34,0.413
2025-11-03,A,4794,324953.74,162799.89,149233.23,12920.63,67.78,0.297
2025-11-03,B,2627,163934.74,78827.27,77961.04,7146.43,62.4,0.302
2025-11-03,C,1219,76965.83,34092.25,33575.7,9297.89,63.14,0.29
2025-11-03,D,749,43771.73,19890.29,21133.44,2748.0,58.44,0.278
2025-11-03,E,1552,87682.93,40083.63,43590.94,4008.36,56.5,0.41
2025-11-04,A,4062,248589.95,124542.08,114163.58,9884.29,61.2,0.269
2025-11-04,B,2504,153233.12,73681.45,72871.76,6679.91,61.2,0.291
2025-11-04,C,1337,76771.98,34006.38,33491.13,9274.47,57.42,0.245
2025-11-04,D,785,45191.61,20535.5,21818.97,2837.14,57.57,0.3
2025-11-04,E,1221,74778.54,34184.48,37175.62,3418.45,61.24,0.398
2025-11-05,A,4928,302814.89,151708.45,139066.08,12040.35,61.45,0.284
2025-11-05,B,2250,138347.02,66523.53,65792.51,6030.98,61.49,0.292
2025-11-05,C,1238,82586.68,36582.02,36027.75,9976.91,66.71,0.3
2025-11-05,D,820,47178.48,21438.35,22778.25,2961.88,57.53,0.289
2025-11-05,E,1050,60594.69,27700.43,30124.22,2770.04,57.71,0.432
2025-11-06,A,4174,248819.83,124657.25,114269.15,9893.43,59.61,0.246
2025-11-06,B,3300,180405.69,86747.25,85793.99,7864.45,54.67,0.286
2025-11-06,C,1290,81163.97,35951.83,35407.1,9805.04,62.92,0.212
2025-11-06,D,747,47159.24,21429.61,22768.96,2960.67,63.13,0.286
2025-11-06,E,1535,87311.57,39913.86,43406.32,3991.39,56.88,0.432
2025-11-07,A,4397,286048.68,143308.68,131366.29,11373.7,65.06,0.258
2025-11-07,B,2570,171604.05,82515.03,81608.27,7480.76,66.77,0.302
2025-11-07,C,1256,79925.19,35403.11,34866.7,9655.39,63.63,0.316
2025-11-07,D,879,52362.54,23794.04,25281.17,3287.33,59.57,0.301
2025-11-07,E,1102,68812.22,31457.02,34209.51,3145.7,62.44,0.409
2025-11-08,A,3961,273732.76,137138.48,125710.27,10884.01,69.11,0.228
2025-11-08,B,2316,142496.72,68518.9,67765.94,6211.88,61.53,0.238
2025-11-08,C,1019,67074.9,29711.03,29260.86,8103.01,65.82,0.28
2025-11-08,D,645,39812.78,18091.31,19222.02,2499.46,61.73,0.282
2025-11-08,E,965,64069.5,29288.91,31851.69,2928.89,66.39,0.432
2025-11-09,A,4182,252045.61,126273.35,115750.57,10021.69,60.27,0.295
2025-11-09,B,2837,167401.98,80494.48,79609.92,7297.58,59.01,0.326
2025-11-09,C,1034,62237.75,27568.4,27150.7,7518.65,60.19,0.282
2025-11-09,D,688,39915.91,18138.17,19271.81,2505.93,58.02,0.29
2025-11-09,E,899,52779.22,24127.64,26238.81,2412.76,58.71,0.382
2025-11-10,A,3599,238991.22,119733.17,109755.41,9502.63,66.4,0.275
2025-11-10,B,2838,173952.06,83644.06,82724.89,7583.12,61.29,0.232
2025-11-10,C,1407,85597.4,37915.63,37341.15,10340.63,60.84,0.288
2025-11-10,D,860,52552.7,23880.45,25372.98,3299.27,61.11,0.263
2025-11-10,E,1059,67770.87,30980.97,33691.8,3098.1,64.0,0.426
2025-11-11,A,4863,304097.95,152351.26,139655.32,12091.37,62.53,0.224
2025-11-11,B,3970,223122.37,107287.37,106108.39,9726.6,56.2,0.226
2025-11-11,C,992,62572.58,27716.71,27296.76,7559.1,63.08,0.319
2025-11-11,D,598,37006.91,16816.29,17867.31,2323.3,61.88,0.245
2025-11-11,E,1097,66295.76,30306.63,32958.46,3030.66,60.43,0.377
2025-11-12,A,4899,287611.24,144091.52,132083.89,11435.83,58.71,0.306
2025-11-12,B,2438,154264.17,74177.22,73362.09,6724.86,63.27,0.298
2025-11-12,C,1424,89602.76,39689.81,39088.45,10824.49,62.92,0.254
2025-11-12,D,844,51150.33,23243.2,24695.9,3211.23,60.6,0.343
2025-11-12,E,1132,66132.59,30232.04,32877.34,3023.2,58.42,0.418
2025-11-13,A,4942,289968.55,145272.51,133166.47,11529.56,58.67,0.269
2025-11-13,B,2116,138819.39,66750.67,66017.15,6051.57,65.6,0.281
2025-11-13,C,1471,81055.88,35903.95,35359.95,9791.99,55.1,0.292
2025-11-13,D,665,38780.84,17622.39,18723.78,2434.67,58.32,0.297
2025-11-13,E,980,63929.94,29225.11,31782.31,2922.51,65.23,0.368
2025-11-14,A,3960,252510.32,126506.16,115963.98,10040.17,63.77,0.283
2025-11-14,B,3039,170048.78,81767.18,80868.64,7412.96,55.96,0.208
2025-11-14,C,1139,73316.55,32475.79,31983.73,8857.03,64.37,0.252
2025-11-14,D,639,37810.3,17181.36,18255.2,2373.74,59.17,0.289
2025-11-14,E,1014,64613.2,29537.46,32121.99,2953.75,63.72,0.408
2025-11-15,A,4705,271543.74,136041.8,124704.98,10796.97,57.71,0.304
2025-11-15,B,2354,147008.34,70688.29,69911.5,6408.55,62.45,0.276
2025-11-15,C,1179,74402.59,32956.85,32457.51,8988.23,63.11,0.302
2025-11-15,D,635,40932.43,18600.09,19762.59,2569.75,64.46,0.292
2025-11-15,E,799,49846.57,22787.0,24780.87,2278.7,62.39,0.398
2025-11-16,A,4449,276356.66,138453.04,126915.29,10988.34,62.12,0.245
2025-11-16,B,2782,159022.7,76465.34,75625.06,6932.3,57.16,0.25
2025-11-16,C,1433,84721.75,37527.75,36959.15,10234.84,59.12,0.3
2025-11-16,D,821,50690.51,23034.25,24473.89,3182.36,61.74,0.312
2025-11-16,E,1019,57823.09,26433.41,28746.34,2643.34,56.74,0.352
2025-11-17,A,5134,358511.44,179612.09,164644.42,14254.93,69.83,0.303
2025-11-17,B,3126,190296.46,91503.18,90497.65,8295.62,60.88,0.269
2025-11-17,C,1156,73140.99,32398.02,31907.15,8835.82,63.27,0.274
2025-11-17,D,827,49397.24,22446.58,23849.49,3101.17,59.73,0.311
2025-11-17,E,1222,78645.16,35952.07,39097.88,3595.21,64.36,0.376
2025-11-18,A,4725,273827.4,137185.89,125753.74,10887.77,57.95,0.317
2025-11-18,B,3304,209573.35,100772.39,99665.0,9135.96,63.43,0.311
2025-11-18,C,1239,72604.05,32160.18,31672.91,8770.96,58.6,0.296
2025-11-18,D,806,51960.47,23611.34,25087.05,3262.09,64.47,0.219
2025-11-18,E,1101,68155.22,31156.67,33882.88,3115.67,61.9,0.403
2025-11-19,A,5953,335864.46,168266.09,154243.92,13354.45,56.42,0.291
2025-11-19,B,3142,189204.05,90977.91,89978.15,8248.0,60.22,0.237
2025-11-19,C,1442,95771.72,42422.37,41779.61,11569.74,66.42,0.279
2025-11-19,D,811,51783.68,23531.0,25001.69,3250.99,63.85,0.307
2025-11-19,E,998,62879.58,28744.95,31260.14,2874.5,63.01,0.466
2025-11-20,A,4326,282517.83,141539.75,129744.77,11233.31,65.31,0.26
2025-11-20,B,2213,128533.86,61804.92,61125.74,5603.19,58.08,0.226
2025-11-20,C,1267,71917.31,31855.99,31373.32,8688.0,56.76,0.28
2025-11-20,D,705,45657.41,20747.16,22043.86,2866.38,64.76,0.281
2025-11-20,E,1033,60601.44,27703.52,30127.57,2770.35,58.67,0.392
2025-11-21,A,4592,292640.83,146611.31,134393.7,11635.82,63.73,0.255
2025-11-21,B,2942,169042.34,81283.24,80390.02,7369.08,57.46,0.301
2025-11-21,C,1533,81957.41,36303.28,35753.23,9900.89,53.46,0.296
2025-11-21,D,867,56926.33,25867.87,27484.61,3573.85,65.66,0.259
2025-11-21,E,1112,66098.29,30216.36,32860.29,3021.64,59.44,0.475
2025-11-22,A,4489,284750.61,142658.36,130770.16,11322.09,63.43,0.296
2025-11-22,B,2615,164141.19,78926.54,78059.22,7155.43,62.77,0.272
2025-11-22,C,1359,82407.14,36502.49,35949.42,9955.22,60.64,0.221
2025-11-22,D,590,37124.36,16869.66,17924.02,2330.68,62.92,0.268
2025-11-22,E,992,61973.91,28330.93,30809.88,2833.09,62.47,0.387
2025-11-23,A,4408,250771.6,125635.08,115165.49,9971.04,56.89,0.297
2025-11-23,B,2787,178501.48,85831.62,84888.42,7781.44,64.05,0.298
2025-11-23,C,1067,70444.23,31203.49,30730.71,8510.04,66.02,0.312
2025-11-23,D,754,41823.58,19005.04,20192.85,2625.7,55.47,0.265
2025-11-23,E,922,57701.01,26377.6,28685.64,2637.76,62.58,0.397
2025-11-24,A,11458,636248.2,318756.55,292193.51,25298.14,55.53,0.286
2025-11-24,B,6094,354513.01,170465.96,168592.71,15454.33,58.17,0.321
2025-11-24,C,2371,140169.11,62088.33,61147.6,16933.18,59.12,0.283
2025-11-24,D,1584,97243.24,44188.26,46950.02,6104.96,61.39,0.265
2025-11-24,E,2059,127256.44,58174.37,63264.63,5817.44,61.8,0.372
2025-11-25,A,8973,556126.94,278616.28,255398.26,22112.4,61.98,0.26
2025-11-25,B,4809,297439.75,143022.55,141450.87,12966.33,61.85,0.288
2025-11-25,C,1949,130425.98,57772.58,56897.24,15756.16,66.92,0.264
2025-11-25,D,873,55065.91,25022.48,26586.38,3457.05,63.08,0.299
2025-11-25,E,2188,132427.83,60538.44,65835.55,6053.84,60.52,0.42
2025-11-26,A,8475,527871.75,264460.6,242422.22,20988.94,62.29,0.299
2025-11-26,B,5338,318429.56,153115.4,151432.81,13881.34,59.65,0.34
2025-11-26,C,2448,145764.61,64566.87,63588.59,17609.15,59.54,0.267
2025-11-26,D,1457,99171.43,45064.45,47880.98,6226.01,68.07,0.349
2025-11-26,E,2297,138821.17,63461.11,69013.95,6346.11,60.44,0.393
2025-11-27,A,8125,456965.96,228937.22,209859.12,18169.62,56.24,0.293
2025-11-27,B,6508,367394.04,176659.75,174718.43,16015.86,56.45,0.237
2025-11-27,C,1905,119767.09,53051.19,52247.39,14468.51,62.87,0.232
2025-11-27,D,1533,92937.39,42231.64,44871.12,5834.63,60.62,0.246
2025-11-27,E,2302,129842.79,59356.71,64550.42,5935.67,56.4,0.422
2025-11-28,A,7029,465507.86,233216.66,213781.94,18509.26,66.23,0.297
2025-11-28,B,5152,331198.99,159255.52,157505.46,14438.0,64.29,0.275
2025-11-28,C,2510,145876.68,64616.52,63637.48,17622.69,58.12,0.281
2025-11-28,D,1246,81010.3,36811.85,39112.59,5085.85,65.02,0.303
2025-11-28,E,1742,102420.98,46821.02,50917.86,4682.1,58.8,0.465
2025-11-29,A,10517,610286.78,305750.03,280270.87,24265.88,58.03,0.302
2025-11-29,B,5336,318682.39,153236.98,151553.05,13892.36,59.72,0.286
2025-11-29,C,2269,131059.87,58053.36,57173.77,15832.74,57.76,0.283
2025-11-29,D,1381,84696.05,38486.7,40892.12,5317.24,61.33,0.27
2025-11-29,E,2178,127670.97,58363.87,63470.71,5836.39,58.62,0.434
2025-11-30,A,7984,491280.7,246128.7,225617.97,19534.02,61.53,0.278
2025-11-30,B,4706,273074.68,131306.72,129863.79,11904.18,58.03,0.316
2025-11-30,C,1965,117322.18,51968.21,51180.82,14173.15,59.71,0.293
2025-11-30,D,1232,76414.34,34723.41,36893.62,4797.31,62.02,0.269
2025-11-30,E,1891,110559.42,50541.45,54963.83,5054.14,58.47,0.439
2025-12-01,A,6748,437041.48,218955.18,200708.91,17377.4,64.77,0.303
2025-12-01,B,4421,247752.37,119130.6,117821.47,10800.3,56.04,0.254
2025-12-01,C,1363,81530.24,36114.07,35566.88,9849.29,59.82,0.256
2025-12-01,D,985,63051.59,28651.25,30441.95,3958.4,64.01,0.235
2025-12-01,E,1366,86825.57,39691.69,43164.71,3969.17,63.56,0.402
2025-12-02,A,6732,403257.83,202029.77,185193.95,16034.11,59.9,0.242
2025-12-02,B,3547,232871.14,111975.03,110744.53,10151.58,65.65,0.291
2025-12-02,C,1364,90764.13,40204.24,39595.09,10964.79,66.54,0.304
2025-12-02,D,893,61338.25,27872.69,29614.73,3850.83,68.69,0.305
2025-12-02,E,1475,93377.29,42686.76,46421.85,4268.68,63.31,0.451
2025-12-03,A,5982,399564.01,200179.18,183497.59,15887.24,66.79,0.289
2025-12-03,B,4433,254609.71,122427.92,121082.56,11099.23,57.44,0.29
2025-12-03,C,1629,103512.67,45851.25,45156.53,12504.89,63.54,0.261
2025-12-03,D,906,55848.71,25378.19,26964.32,3506.2,61.64,0.275
2025-12-03,E,1753,104173.12,47622.0,51788.92,4762.2,59.43,0.436
2025-12-04,A,6992,458300.36,229605.75,210471.94,18222.68,65.55,0.286
2025-12-04,B,3407,236661.59,113797.65,112547.12,10316.82,69.46,0.356
2025-12-04,C,1819,110883.95,49116.38,48372.19,13395.38,60.96,0.329
2025-12-04,D,948,60196.51,27353.87,29063.49,3779.15,63.5,0.304
2025-12-04,E,1398,87566.81,40030.54,43533.22,4003.05,62.64,0.419
2025-12-05,A,5210,360543.1,180629.94,165577.45,14335.71,69.2,0.249
2025-12-05,B,3137,211732.84,101810.77,100691.97,9230.1,67.5,0.289
2025-12-05,C,1284,89974.25,39854.37,39250.51,10869.37,70.07,0.285
2025-12-05,D,1186,70210.57,31904.36,33898.38,4407.84,59.2,0.303
2025-12-05,E,1043,62817.02,28716.35,31229.03,2871.63,60.23,0.396
2025-12-06,A,6124,389108.12,194940.85,178695.78,15471.5,63.54,0.234
2025-12-06,B,2699,174996.63,84146.33,83221.65,7628.65,64.84,0.261
2025-12-06,C,1577,84867.05,37592.12,37022.54,10252.4,53.82,0.265
2025-12-06,D,1141,71080.1,32299.48,34318.2,4462.43,62.3,0.263
2025-12-06,E,1466,91848.12,41987.71,45661.64,4198.77,62.65,0.376
2025-12-07,A,6668,406714.85,203761.71,186781.57,16171.56,61.0,0.301
2025-12-07,B,3952,220414.33,105985.23,104820.55,9608.55,55.77,0.324
2025-12-07,C,1751,104818.7,46429.76,45726.28,12662.66,59.86,0.282
2025-12-07,D,783,54840.54,24920.06,26477.57,3442.9,70.04,0.217
2025-12-07,E,1518,93057.95,42540.78,46263.09,4254.08,61.3,0.403
2025-12-08,A,6726,411524.57,206171.35,188990.41,16362.81,61.18,0.269
2025-12-08,B,4749,282961.5,136060.75,134565.58,12335.18,59.58,0.24
2025-12-08,C,1538,92099.69,40795.83,40177.72,11126.14,59.88,0.328
2025-12-08,D,1104,65468.4,29749.47,31608.81,4110.12,59.3,0.284
2025-12-08,E,1484,93978.32,42961.52,46720.65,4296.15,63.33,0.379
2025-12-09,A,7525,443128.86,222004.92,203504.51,17619.44,58.89,0.29
2025-12-09,B,3200,204521.94,98343.44,97262.75,8915.75,63.91,0.298
2025-12-09,C,1901,121289.91,53725.73,52911.71,14652.47,63.8,0.231
2025-12-09,D,1158,70788.88,32167.14,34177.59,4444.14,61.13,0.305
2025-12-09,E,1620,91643.68,41894.26,45560.0,4189.43,56.57,0.381
2025-12-10,A,5775,392103.66,196441.6,180071.46,15590.6,67.9,0.258
2025-12-10,B,3624,230752.65,110956.36,109737.06,10059.23,63.67,0.23
2025-12-10,C,1861,107008.85,47399.89,46681.71,12927.24,57.5,0.29
2025-12-10,D,931,56609.63,25723.96,27331.71,3553.97,60.81,0.241
2025-12-10,E,1570,92610.72,42336.33,46040.76,4233.63,58.99,0.477
2025-12-11,A,4936,375164.0,187954.93,172292.02,14917.06,76.01,0.278
2025-12-11,B,4255,245094.41,117852.53,116557.45,10684.43,57.6,0.282
2025-12-11,C,1643,106699.56,47262.89,46546.79,12889.88,64.94,0.263
2025-12-11,D,811,50096.11,22764.15,24186.91,3145.05,61.77,0.288
2025-12-11,E,1400,88629.68,40516.43,44061.61,4051.64,63.31,0.387
2025-12-12,A,5964,361770.53,181244.88,166141.14,14384.51,60.66,0.305
2025-12-12,B,3294,212553.32,102205.29,101082.16,9265.86,64.53,0.301
2025-12-12,C,1783,101923.65,45147.39,44463.34,12312.92,57.16,0.282
2025-12-12,D,869,49608.76,22542.7,23951.61,3114.45,57.09,0.26
2025-12-12,E,1306,82229.94,37590.83,40880.03,3759.08,62.96,0.423
2025-12-13,A,5696,365598.13,183162.48,167898.94,14536.7,64.19,0.279
2025-12-13,B,3051,204530.0,98347.32,97266.58,8916.1,67.04,0.316
2025-12-13,C,1511,91647.32,40595.45,39980.37,11071.49,60.65,0.26
2025-12-13,D,903,52713.06,23953.32,25450.4,3309.34,58.38,0.275
2025-12-13,E,1137,74036.81,33845.4,36806.87,3384.54,65.12,0.434
2025-12-14,A,5554,358498.06,179605.39,164638.27,14254.4,64.55,0.314
2025-12-14,B,3502,222290.69,106887.47,105712.88,9690.35,63.48,0.303
2025-12-14,C,1587,95470.09,42288.76,41648.02,11533.3,60.16,0.225
2025-12-14,D,893,59721.47,27138.01,28834.13,3749.33,66.88,0.303
2025-12-14,E,1224,74714.29,34155.11,37143.68,3415.51,61.04,0.358
2025-12-15,A,7462,486602.01,243784.7,223469.31,19347.99,65.21,0.318
2025-12-15,B,4006,255861.99,123030.07,121678.09,11153.83,63.87,0.268
2025-12-15,C,2351,130935.7,57998.36,57119.6,15817.74,55.69,0.287
2025-12-15,D,1120,69435.54,31552.18,33524.19,4359.18,62.0,0.313
2025-12-15,E,2086,125677.19,57452.43,62479.52,5745.24,60.25,0.448
2025-12-16,A,8447,474355.96,237649.51,217845.38,18861.07,56.16,0.259
2025-12-16,B,6071,336207.3,161663.75,159887.23,14656.33,55.38,0.303
2025-12-16,C,2381,155305.32,68792.96,67750.64,18761.72,65.23,0.317
2025-12-16,D,1393,80223.89,36454.5,38732.91,5036.48,57.59,0.312
2025-12-16,E,1608,105571.4,48261.21,52484.07,4826.12,65.65,0.397
2025-12-17,A,8278,510129.82,255572.0,234274.33,20283.49,61.62,0.327
2025-12-17,B,3958,274867.99,132169.02,130716.61,11982.36,69.45,0.291
2025-12-17,C,1961,114544.63,50737.89,49969.13,13837.61,58.41,0.288
2025-12-17,D,1513,93000.96,42260.53,44901.81,5838.63,61.47,0.274
2025-12-17,E,1707,98513.51,45034.75,48975.29,4503.47,57.71,0.428
2025-12-18,A,6388,436701.47,218784.83,200552.76,17363.88,68.36,0.299
2025-12-18,B,5172,315185.48,151555.5,149890.06,13739.92,60.94,0.278
2025-12-18,C,2197,146567.26,64922.41,63938.74,17706.11,66.71,0.288
2025-12-18,D,1318,89566.52,40699.88,43243.63,5623.01,67.96,0.275
2025-12-18,E,1681,108888.51,49777.61,54133.15,4977.76,64.78,0.419
2025-12-19,A,7507,460347.9,230631.55,211412.25,18304.09,61.32,0.281
2025-12-19,B,4515,290616.14,139741.45,138205.83,12668.87,64.37,0.315
2025-12-19,C,1772,114386.01,50667.63,49899.94,13818.44,64.55,0.304
2025-12-19,D,1010,66316.97,30135.07,32018.51,4163.4,65.66,0.312
2025-12-19,E,1607,107102.66,48961.22,53245.32,4896.12,66.65,0.433
2025-12-20,A,6735,427451.02,214150.41,196304.55,16996.06,63.47,0.283
2025-12-20,B,3892,250731.55,120563.12,119238.25,10930.17,64.42,0.269
2025-12-20,C,2137,124312.18,55064.45,54230.14,15017.58,58.17,0.308
2025-12-20,D,1144,70348.8,31967.17,33965.12,4416.52,61.49,0.307
2025-12-20,E,1903,115848.76,52959.43,57593.39,5295.94,60.88,0.486
2025-12-21,A,6976,480459.81,240707.5,220648.54,19103.77,68.87,0.28
2025-12-21,B,4354,282706.7,135938.23,134444.4,12324.07,64.93,0.303
2025-12-21,C,1807,108427.32,48028.21,47300.51,13098.6,60.0,0.301
2025-12-21,D,1187,71489.7,32485.6,34515.95,4488.14,60.23,0.342
2025-12-21,E,1423,86880.22,39716.67,43191.88,3971.67,61.05,0.448
2025-12-22,A,7619,572456.77,286797.43,262897.64,22761.7,75.14,0.294
2025-12-22,B,5609,346975.61,166841.64,165008.22,15125.75,61.86,0.33
2025-12-22,C,2318,140136.65,62073.95,61133.44,16929.26,60.46,0.351
2025-12-22,D,1408,86456.61,39286.71,41742.13,5427.77,61.4,0.329
2025-12-22,E,1797,111940.2,51172.66,55650.27,5117.27,62.29,0.38
2025-12-23,A,9732,593855.82,297518.22,272725.04,23612.56,61.02,0.269
2025-12-23,B,5028,307579.83,147898.36,146273.1,13408.37,61.17,0.233
2025-12-23,C,2312,141024.92,62467.41,61520.94,17036.57,61.0,0.265
2025-12-23,D,1591,90060.53,40924.37,43482.14,5654.02,56.61,0.257
2025-12-23,E,1699,104094.31,47585.97,51749.74,4758.6,61.27,0.411
2025-12-24,A,7489,510011.66,255512.8,234220.07,20278.79,68.1,0.29
2025-12-24,B,4274,249021.41,119740.81,118424.97,10855.62,58.26,0.258
2025-12-24,C,1912,120058.43,53180.25,52374.48,14503.7,62.79,0.281
2025-12-24,D,1489,92865.57,42199.0,44836.44,5830.13,62.37,0.285
2025-12-24,E,2153,131316.25,60030.29,65282.94,6003.03,60.99,0.446
2025-12-25,A,9030,538795.71,269933.44,247438.98,21423.29,59.67,0.292
2025-12-25,B,4657,278988.75,134150.47,132676.29,12161.99,59.91,0.313
2025-12-25,C,2266,145384.17,64398.36,63422.63,17563.19,64.16,0.246
2025-12-25,D,1245,75411.32,34267.62,36409.35,4734.34,60.57,0.265
2025-12-25,E,1956,125176.39,57223.49,62230.55,5722.35,64.0,0.385
2025-12-26,A,6634,401045.67,200921.49,184178.03,15946.15,60.45,0.318
2025-12-26,B,4824,293160.54,140964.91,139415.85,12779.79,60.77,0.239
2025-12-26,C,1585,92556.92,40998.37,40377.18,11181.37,58.4,0.273
2025-12-26,D,1078,73452.04,33377.31,35463.39,4611.34,68.14,0.295
2025-12-26,E,1620,99400.8,45440.36,49416.4,4544.04,61.36,0.407
2025-12-27,A,8143,494201.09,247591.8,226959.15,19650.14,60.69,0.303
2025-12-27,B,4648,276009.19,132717.76,131259.32,12032.1,59.38,0.287
2025-12-27,C,2086,131124.83,58082.14,57202.11,15840.58,62.86,0.256
2025-12-27,D,1131,67961.1,30882.18,32812.31,4266.62,60.09,0.268
2025-12-27,E,1788,104168.08,47619.69,51786.41,4761.97,58.26,0.428
2025-12-28,A,6683,458712.99,229812.47,210661.43,18239.09,68.64,0.233
2025-12-28,B,4352,266236.3,128018.51,126611.72,11606.07,61.18,0.29
2025-12-28,C,1636,99565.61,44102.89,43434.66,12028.06,60.86,0.225
2025-12-28,D,1389,81932.41,37230.87,39557.8,5143.74,58.99,0.312
2025-12-28,E,2145,125820.62,57518.0,62550.82,5751.8,58.66,0.429
2025-12-29,A,8960,513581.18,257301.11,235859.35,20420.72,57.32,0.3
2025-12-29,B,5779,347752.25,167215.09,165377.56,15159.61,60.18,0.318
2025-12-29,C,2389,134840.88,59728.18,58823.2,16289.5,56.44,0.273
2025-12-29,D,1122,69935.55,31779.38,33765.6,4390.57,62.33,0.273
2025-12-29,E,1648,102698.08,46947.69,51055.62,4694.77,62.32,0.374
2025-12-30,A,7345,490697.39,245836.47,225350.09,19510.83,66.81,0.277
2025-12-30,B,4341,264446.11,127157.71,125760.37,11528.03,60.92,0.273
2025-12-30,C,1607,97361.57,43126.6,42473.17,11761.8,60.59,0.308
2025-12-30,D,1280,80969.71,36793.41,39093.0,5083.3,63.26,0.238
2025-12-30,E,1570,98851.82,45189.4,49143.48,4518.94,62.96,0.463
2025-12-31,A,7522,506191.85,253599.1,232465.84,20126.91,67.29,0.26
2025-12-31,B,4677,287936.26,138452.84,136931.38,12552.04,61.56,0.303
2025-12-31,C,2041,125123.33,55423.76,54584.0,15115.57,61.3,0.314
2025-12-31,D,1064,72252.05,32832.02,34884.02,4536.0,67.91,0.301
2025-12-31,E,2215,137360.28,62793.27,68287.68,6279.33,62.01,0.372
