mes,codigo_instalacion,grupo,tipo_instalacion,carton_kg,plastico_kg,organico_kg,raee_kg,textil_kg,resto_kg,total_kg,pct_reciclado
2024-01-01,CL-BCN-01,B,centro_logistico,3441.7,1527.9,60.8,180.1,109.0,470.6,5790.1,0.815
2024-01-01,CL-BCN-02,B,centro_logistico,3781.4,1546.1,52.6,188.8,121.4,534.1,6224.4,0.884
2024-01-01,CL-BIO-01,E,centro_logistico,2013.9,822.1,37.1,107.4,75.1,321.1,3376.7,0.86
2024-01-01,CL-MAD-01,A,centro_logistico,2977.8,1498.9,47.7,157.5,106.4,502.7,5291.0,0.771
2024-01-01,CL-MAD-02,A,centro_logistico,3016.1,1278.1,45.8,146.0,101.7,495.7,5083.4,0.758
2024-01-01,CL-MAD-03,A,centro_logistico,3313.3,1318.3,54.4,153.9,101.5,412.2,5353.6,0.79
2024-01-01,CL-SEV-01,D,centro_logistico,2783.8,1251.4,42.4,117.8,71.8,358.6,4625.8,0.651
2024-01-01,CL-VLC-01,C,centro_logistico,2506.4,1422.2,45.9,132.8,87.0,379.6,4573.9,0.721
2024-01-01,CL-VLC-02,C,centro_logistico,2812.2,1043.1,42.2,128.8,91.6,406.7,4524.6,0.654
2024-01-01,RN-BCN-CV01,B,tienda,969.1,624.3,1557.3,146.9,39.0,415.4,3752.0,0.691
2024-01-01,RN-BCN-CV02,B,tienda,1064.7,600.4,1631.6,140.3,37.8,366.3,3841.1,0.747
2024-01-01,RN-BCN-CV03,B,tienda,1020.9,698.7,1623.6,158.2,42.0,424.4,3967.8,0.736
2024-01-01,RN-BCN-CV04,B,tienda,780.5,535.6,1389.7,110.1,30.8,306.7,3153.4,0.752
2024-01-01,RN-BCN-CV05,B,tienda,878.1,515.9,1460.8,132.8,29.7,337.0,3354.3,0.809
2024-01-01,RN-BCN-CV06,B,tienda,953.0,589.6,1481.9,142.7,38.9,325.4,3531.5,0.69
2024-01-01,RN-BCN-CV07,B,tienda,828.8,580.3,1460.9,123.3,33.8,355.4,3382.5,0.687
2024-01-01,RN-BCN-CV08,B,tienda,884.3,594.5,1347.9,135.0,37.1,334.4,3333.2,0.721
2024-01-01,RN-BCN-ES01,B,tienda,1044.6,647.0,71.1,149.1,640.3,304.4,2856.5,0.722
2024-01-01,RN-BCN-ES02,B,tienda,1197.2,758.3,76.5,193.0,783.8,355.7,3364.5,0.769
2024-01-01,RN-BCN-ES03,B,tienda,1176.2,813.8,74.2,177.0,773.2,334.2,3348.6,0.723
2024-01-01,RN-BCN-ES04,B,tienda,1196.4,743.9,76.8,190.7,768.0,329.7,3305.5,0.761
2024-01-01,RN-BCN-ES05,B,tienda,1189.3,834.3,82.7,190.1,850.6,388.2,3535.2,0.728
2024-01-01,RN-BCN-ES06,B,tienda,1151.9,830.3,72.1,177.4,811.9,327.0,3370.6,0.7
2024-01-01,RN-BCN-ES07,B,tienda,1157.6,702.2,73.2,184.4,711.6,318.5,3147.5,0.692
2024-01-01,RN-BCN-ES08,B,tienda,917.7,617.6,56.5,136.8,641.1,300.0,2669.7,0.772
2024-01-01,RN-BCN-ES09,B,tienda,1306.3,756.9,79.8,199.7,759.7,345.2,3447.6,0.778
2024-01-01,RN-BCN-ES10,B,tienda,1158.9,655.0,76.1,174.7,724.6,368.4,3157.7,0.699
2024-01-01,RN-BCN-ES11,B,tienda,1139.6,778.6,70.3,206.8,803.8,363.6,3362.7,0.775
2024-01-01,RN-BCN-ES12,B,tienda,959.1,580.7,70.2,176.9,636.0,331.7,2754.6,0.73
2024-01-01,RN-BCN-ES13,B,tienda,1122.2,726.5,78.8,199.9,762.7,399.6,3289.7,0.721
2024-01-01,RN-BCN-ES14,B,tienda,1330.4,901.3,77.2,191.9,848.6,446.9,3796.3,0.747
2024-01-01,RN-BCN-GA01,B,tienda,21003.6,12091.1,5603.7,9188.3,4898.1,6424.3,59209.1,0.725
2024-01-01,RN-BCN-GA02,B,tienda,25495.7,13638.6,5982.5,10529.7,5400.6,6905.4,67952.5,0.674
2024-01-01,RN-BCN-HI01,B,tienda,3975.1,2330.2,5459.1,784.5,175.1,1450.8,14174.8,0.729
2024-01-01,RN-BCN-HI02,B,tienda,6038.8,3434.2,8453.9,1154.2,281.9,2049.4,21412.4,0.704
2024-01-01,RN-BCN-HI03,B,tienda,3709.2,2598.5,5776.0,877.8,202.1,1426.5,14590.1,0.725
2024-01-01,RN-BCN-HI04,B,tienda,4616.9,2939.5,7111.9,945.4,237.1,1857.5,17708.3,0.621
2024-01-01,RN-BIO-CV01,E,tienda,1015.2,546.7,1615.5,147.4,36.5,390.2,3751.5,0.87
2024-01-01,RN-BIO-CV02,E,tienda,1049.9,574.9,1441.7,154.6,35.7,408.0,3664.8,0.84
2024-01-01,RN-BIO-CV03,E,tienda,974.8,514.1,1442.0,168.3,30.7,378.4,3508.3,0.753
2024-01-01,RN-BIO-CV04,E,tienda,1052.1,762.5,1562.0,170.7,40.1,400.8,3988.2,0.811
2024-01-01,RN-BIO-ES01,E,tienda,965.2,671.8,72.6,197.0,708.6,334.3,2949.5,0.907
2024-01-01,RN-BIO-ES02,E,tienda,927.0,640.6,66.4,176.6,584.2,308.4,2703.2,0.878
2024-01-01,RN-BIO-ES03,E,tienda,1455.0,950.1,89.2,277.7,803.8,476.7,4052.5,0.848
2024-01-01,RN-BIO-ES04,E,tienda,1399.0,768.4,83.1,216.6,757.7,421.0,3645.8,0.85
2024-01-01,RN-BIO-ES05,E,tienda,1074.8,821.6,72.4,203.9,772.3,380.4,3325.4,0.826
2024-01-01,RN-BIO-ES06,E,tienda,1276.0,896.8,88.5,273.8,894.4,421.3,3850.8,0.854
2024-01-01,RN-BIO-ES07,E,tienda,1221.9,703.2,80.4,202.6,758.8,356.9,3323.8,0.913
2024-01-01,RN-BIO-GA01,E,tienda,14859.8,9142.3,3310.2,6863.3,3062.9,4426.1,41664.6,0.861
2024-01-01,RN-BIO-HI01,E,tienda,5106.1,3114.7,7177.2,953.8,227.5,1873.5,18452.8,0.831
2024-01-01,RN-BIO-HI02,E,tienda,4132.5,2431.2,5121.6,747.1,178.6,1323.6,13934.6,0.895
2024-01-01,RN-MAD-CV01,A,tienda,903.0,532.9,1481.9,123.6,40.3,322.5,3404.2,0.699
2024-01-01,RN-MAD-CV02,A,tienda,1019.2,622.6,1618.5,133.6,40.8,429.6,3864.3,0.656
2024-01-01,RN-MAD-CV03,A,tienda,879.5,524.3,1548.9,126.0,35.2,321.4,3435.3,0.694
2024-01-01,RN-MAD-CV04,A,tienda,1155.2,693.8,1618.8,155.8,44.4,419.4,4087.4,0.726
2024-01-01,RN-MAD-CV05,A,tienda,762.2,502.4,1387.1,106.1,35.6,301.0,3094.4,0.68
2024-01-01,RN-MAD-CV06,A,tienda,936.7,530.7,1532.3,130.8,37.9,339.6,3508.0,0.695
2024-01-01,RN-MAD-CV07,A,tienda,832.7,593.4,1444.8,120.4,35.3,338.1,3364.7,0.658
2024-01-01,RN-MAD-CV08,A,tienda,1128.1,646.3,1894.2,145.6,42.3,435.9,4292.4,0.66
2024-01-01,RN-MAD-CV09,A,tienda,1023.4,600.8,1602.0,155.0,44.8,447.0,3873.0,0.68
2024-01-01,RN-MAD-CV10,A,tienda,950.6,515.5,1727.1,129.1,40.5,358.5,3721.3,0.693
2024-01-01,RN-MAD-ES01,A,tienda,1477.7,932.6,95.9,203.5,943.4,522.4,4175.5,0.643
2024-01-01,RN-MAD-ES02,A,tienda,1037.8,692.9,67.7,155.2,686.7,300.1,2940.4,0.724
2024-01-01,RN-MAD-ES03,A,tienda,1255.3,850.2,88.5,201.2,847.8,392.2,3635.2,0.696
2024-01-01,RN-MAD-ES04,A,tienda,1293.0,792.5,79.3,204.2,851.7,359.3,3580.0,0.701
2024-01-01,RN-MAD-ES05,A,tienda,1051.3,744.2,77.2,170.8,700.8,333.8,3078.1,0.662
2024-01-01,RN-MAD-ES06,A,tienda,1427.5,824.2,82.2,208.1,863.1,403.1,3808.2,0.696
2024-01-01,RN-MAD-ES07,A,tienda,1410.1,794.5,90.5,180.7,873.4,426.6,3775.8,0.665
2024-01-01,RN-MAD-ES08,A,tienda,1349.6,771.9,80.8,185.6,897.3,427.7,3712.9,0.647
2024-01-01,RN-MAD-ES09,A,tienda,1092.0,809.6,79.9,184.5,840.8,358.1,3364.9,0.636
2024-01-01,RN-MAD-ES10,A,tienda,1222.3,818.3,84.6,180.0,748.3,402.3,3455.8,0.711
2024-01-01,RN-MAD-ES11,A,tienda,1114.0,654.0,62.3,147.8,630.8,345.8,2954.7,0.699
2024-01-01,RN-MAD-ES12,A,tienda,1303.9,738.1,92.3,205.7,873.5,431.3,3644.8,0.651
2024-01-01,RN-MAD-ES13,A,tienda,1191.6,844.5,79.3,199.4,914.1,408.6,3637.5,0.676
2024-01-01,RN-MAD-ES14,A,tienda,1057.8,660.0,71.4,150.5,671.0,341.5,2952.2,0.727
2024-01-01,RN-MAD-ES15,A,tienda,1235.5,698.2,77.9,153.1,715.9,371.0,3251.6,0.665
2024-01-01,RN-MAD-ES16,A,tienda,1123.2,870.0,81.9,170.4,788.1,424.9,3458.5,0.716
2024-01-01,RN-MAD-ES17,A,tienda,1278.9,763.0,78.9,179.3,832.8,397.7,3530.6,0.659
2024-01-01,RN-MAD-ES18,A,tienda,1457.5,851.9,90.1,201.6,874.1,445.3,3920.5,0.636
2024-01-01,RN-MAD-ES19,A,tienda,1284.1,857.6,78.4,174.7,746.1,393.5,3534.4,0.663
2024-01-01,RN-MAD-ES20,A,tienda,1105.4,771.8,87.4,165.7,827.2,419.8,3377.3,0.711
2024-01-01,RN-MAD-GA01,A,tienda,28748.4,18630.2,7465.2,11432.1,7469.0,8433.7,82178.6,0.65
2024-01-01,RN-MAD-GA02,A,tienda,17827.4,12644.9,5162.0,8185.5,5946.8,5846.5,55613.1,0.682
2024-01-01,RN-MAD-GA03,A,tienda,20397.9,12846.0,5915.3,8706.7,6144.8,6594.1,60604.8,0.692
2024-01-01,RN-MAD-HI01,A,tienda,5245.1,2994.7,6763.5,815.0,254.3,1707.0,17779.6,0.706
2024-01-01,RN-MAD-HI02,A,tienda,4500.7,2737.5,6988.6,845.1,244.6,1673.2,16989.7,0.655
2024-01-01,RN-MAD-HI03,A,tienda,5096.7,3056.9,6995.8,936.8,270.4,1794.9,18151.5,0.636
2024-01-01,RN-MAD-HI04,A,tienda,5671.0,3214.3,7971.0,1042.3,289.1,2098.8,20286.5,0.694
2024-01-01,RN-MAD-HI05,A,tienda,5316.8,3066.1,6975.5,937.1,282.6,1850.9,18429.0,0.676
2024-01-01,RN-SEV-CV01,D,tienda,854.1,493.5,992.8,150.0,35.0,308.6,2834.0,0.638
2024-01-01,RN-SEV-CV02,D,tienda,906.4,565.6,1321.1,192.6,41.3,388.0,3415.0,0.569
2024-01-01,RN-SEV-CV03,D,tienda,774.8,467.0,924.5,155.5,32.6,318.8,2673.2,0.555
2024-01-01,RN-SEV-CV04,D,tienda,716.1,444.2,1111.2,146.0,33.5,282.9,2733.9,0.587
2024-01-01,RN-SEV-CV05,D,tienda,697.6,415.2,845.5,127.5,33.8,239.6,2359.2,0.535
2024-01-01,RN-SEV-CV06,D,tienda,751.0,491.4,1200.4,166.8,39.6,287.4,2936.6,0.454
2024-01-01,RN-SEV-CV07,D,tienda,721.6,455.7,1090.1,160.0,32.0,300.3,2759.7,0.588
2024-01-01,RN-SEV-CV08,D,tienda,807.0,460.1,1225.7,173.2,34.5,310.0,3010.5,0.534
2024-01-01,RN-SEV-CV09,D,tienda,842.7,535.6,1249.1,163.3,37.6,288.7,3117.0,0.546
2024-01-01,RN-SEV-CV10,D,tienda,887.4,483.1,1279.9,179.4,35.1,291.4,3156.3,0.521
2024-01-01,RN-SEV-ES01,D,tienda,1026.5,704.4,59.2,222.0,641.9,321.1,2975.1,0.561
2024-01-01,RN-SEV-ES02,D,tienda,859.3,601.1,52.8,182.1,599.1,293.1,2587.5,0.618
2024-01-01,RN-SEV-ES03,D,tienda,948.4,653.3,51.6,195.3,617.6,339.3,2805.5,0.555
2024-01-01,RN-SEV-ES04,D,tienda,729.7,518.0,42.8,181.6,494.3,270.3,2236.7,0.505
2024-01-01,RN-SEV-ES05,D,tienda,766.7,516.6,43.8,165.0,479.0,250.4,2221.5,0.547
2024-01-01,RN-SEV-ES06,D,tienda,1060.4,642.6,54.8,206.8,696.1,295.4,2956.1,0.487
2024-01-01,RN-SEV-ES07,D,tienda,1139.8,711.3,57.4,228.0,747.5,334.5,3218.5,0.603
2024-01-01,RN-SEV-ES08,D,tienda,1009.7,658.3,57.3,199.1,661.3,361.2,2946.9,0.585
2024-01-01,RN-SEV-ES09,D,tienda,911.7,502.9,54.1,183.6,615.1,308.5,2575.9,0.58
2024-01-01,RN-SEV-ES10,D,tienda,975.3,643.3,52.2,195.2,602.0,344.6,2812.6,0.5
2024-01-01,RN-SEV-ES11,D,tienda,985.9,608.8,54.5,186.2,668.4,290.1,2793.9,0.57
2024-01-01,RN-SEV-ES12,D,tienda,1017.7,630.8,44.8,183.0,523.7,292.4,2692.4,0.531
2024-01-01,RN-SEV-GA01,D,tienda,10188.3,7092.8,2107.3,6359.7,2500.4,2846.4,31094.9,0.494
2024-01-01,RN-SEV-HI01,D,tienda,3417.0,1916.8,3553.3,841.8,173.9,1174.5,11077.3,0.537
2024-01-01,RN-SEV-HI02,D,tienda,3707.9,2306.5,4182.0,1068.8,202.7,1097.4,12565.3,0.556
2024-01-01,RN-SEV-HI03,D,tienda,3261.6,1983.9,3781.6,759.8,191.5,1075.4,11053.8,0.516
2024-01-01,RN-SEV-HI04,D,tienda,3471.4,2757.1,4695.9,1055.3,221.4,1297.8,13498.9,0.491
2024-01-01,RN-VLC-CV01,C,tienda,762.6,558.0,1348.0,92.6,22.6,322.7,3106.5,0.619
2024-01-01,RN-VLC-CV02,C,tienda,906.5,533.6,1425.4,95.0,27.5,381.9,3369.9,0.617
2024-01-01,RN-VLC-CV03,C,tienda,896.4,567.4,1685.1,111.2,28.7,356.1,3644.9,0.591
2024-01-01,RN-VLC-CV04,C,tienda,686.4,514.9,1367.7,81.4,22.8,285.4,2958.6,0.607
2024-01-01,RN-VLC-CV05,C,tienda,689.0,481.7,1135.7,69.6,19.0,285.5,2680.5,0.594
2024-01-01,RN-VLC-CV06,C,tienda,948.8,582.7,1701.9,108.2,26.6,333.9,3702.1,0.546
2024-01-01,RN-VLC-CV07,C,tienda,767.1,477.3,1404.0,88.6,21.2,313.8,3072.0,0.603
2024-01-01,RN-VLC-CV08,C,tienda,590.9,472.4,1300.5,72.1,21.9,279.9,2737.7,0.594
2024-01-01,RN-VLC-CV09,C,tienda,817.0,505.6,1234.1,76.1,22.3,280.5,2935.6,0.667
2024-01-01,RN-VLC-ES01,C,tienda,1096.5,643.3,90.0,153.8,653.3,294.2,2931.1,0.671
2024-01-01,RN-VLC-ES02,C,tienda,763.8,565.4,68.3,118.5,497.8,253.1,2266.9,0.681
2024-01-01,RN-VLC-ES03,C,tienda,913.9,562.8,82.3,144.7,644.6,283.0,2631.3,0.623
2024-01-01,RN-VLC-ES04,C,tienda,946.9,662.8,86.5,137.3,687.8,325.6,2846.9,0.524
2024-01-01,RN-VLC-ES05,C,tienda,1013.2,608.1,81.5,153.9,656.8,295.8,2809.3,0.578
2024-01-01,RN-VLC-ES06,C,tienda,837.5,509.3,66.5,121.0,574.7,242.5,2351.5,0.614
2024-01-01,RN-VLC-ES07,C,tienda,893.5,623.3,85.4,127.5,668.6,310.4,2708.7,0.557
2024-01-01,RN-VLC-ES08,C,tienda,1178.6,665.4,101.7,159.8,698.4,350.8,3154.7,0.629
2024-01-01,RN-VLC-ES09,C,tienda,1014.7,624.7,82.7,133.0,655.7,321.3,2832.1,0.616
2024-01-01,RN-VLC-ES10,C,tienda,856.8,555.9,74.5,125.2,556.9,257.9,2427.2,0.548
2024-01-01,RN-VLC-GA01,C,tienda,17880.6,10031.9,6752.8,7021.6,4075.9,5117.8,50880.6,0.548
2024-01-01,RN-VLC-HI01,C,tienda,3987.8,2696.3,6454.7,682.5,152.0,1488.1,15461.4,0.569
2024-01-01,RN-VLC-HI02,C,tienda,4348.2,3117.0,7031.8,754.2,181.2,1662.7,17095.1,0.622
2024-01-01,RN-VLC-HI03,C,tienda,4901.3,2970.4,7283.0,680.9,181.9,1738.8,17756.3,0.606
2024-01-01,RN-VLC-HI04,C,tienda,4172.3,2232.7,6551.9,667.5,156.0,1631.1,15411.5,0.655
2024-01-01,RN-VLC-HI05,C,tienda,4589.3,2673.5,6669.7,692.9,157.3,1746.8,16529.5,0.604
2024-01-01,RN-VLC-HI06,C,tienda,4383.6,2799.7,6629.1,636.5,158.8,1700.0,16307.7,0.583
2024-01-01,RN-VLC-HI07,C,tienda,3597.8,2043.9,5486.1,515.1,123.2,1383.9,13150.0,0.646
2024-02-01,CL-BCN-01,B,centro_logistico,3171.6,1643.6,55.1,146.8,101.5,450.7,5569.3,0.777
2024-02-01,CL-BCN-02,B,centro_logistico,3018.1,1553.0,57.2,167.1,94.0,517.8,5407.2,0.845
2024-02-01,CL-BIO-01,E,centro_logistico,2066.7,996.0,36.1,112.3,67.1,322.4,3600.6,0.867
2024-02-01,CL-MAD-01,A,centro_logistico,3263.2,1380.0,51.9,146.4,89.6,443.4,5374.5,0.785
2024-02-01,CL-MAD-02,A,centro_logistico,2899.7,1430.2,42.5,140.2,93.6,477.9,5084.1,0.761
2024-02-01,CL-MAD-03,A,centro_logistico,2864.2,1463.9,52.2,141.9,98.3,472.5,5093.0,0.738
2024-02-01,CL-SEV-01,D,centro_logistico,2467.9,1079.3,37.1,135.4,85.1,403.8,4208.6,0.602
2024-02-01,CL-VLC-01,C,centro_logistico,2824.3,1147.1,43.7,126.6,81.4,401.4,4624.5,0.73
2024-02-01,CL-VLC-02,C,centro_logistico,2375.1,1206.5,37.5,143.7,77.4,428.6,4268.8,0.688
2024-02-01,RN-BCN-CV01,B,tienda,880.1,518.7,1313.6,119.0,30.9,319.6,3181.9,0.743
2024-02-01,RN-BCN-CV02,B,tienda,890.3,593.8,1383.4,127.1,40.0,380.3,3414.9,0.712
2024-02-01,RN-BCN-CV03,B,tienda,985.8,607.3,1602.9,162.3,39.0,381.5,3778.8,0.693
2024-02-01,RN-BCN-CV04,B,tienda,615.1,478.4,1264.2,105.6,31.0,282.7,2777.0,0.701
2024-02-01,RN-BCN-CV05,B,tienda,733.7,473.8,1192.5,103.0,27.8,305.5,2836.3,0.656
2024-02-01,RN-BCN-CV06,B,tienda,824.9,505.1,1392.1,108.8,31.1,350.7,3212.7,0.664
2024-02-01,RN-BCN-CV07,B,tienda,826.4,515.2,1401.8,112.7,32.4,338.7,3227.2,0.687
2024-02-01,RN-BCN-CV08,B,tienda,780.5,512.5,1307.2,118.7,37.4,292.6,3048.9,0.766
2024-02-01,RN-BCN-ES01,B,tienda,849.1,516.5,56.3,139.9,597.5,264.3,2423.6,0.722
2024-02-01,RN-BCN-ES02,B,tienda,1007.1,590.1,64.0,159.3,696.5,303.2,2820.2,0.707
2024-02-01,RN-BCN-ES03,B,tienda,1087.7,640.9,63.0,164.1,646.7,323.3,2925.7,0.727
2024-02-01,RN-BCN-ES04,B,tienda,937.3,662.2,57.5,172.3,727.8,308.6,2865.7,0.765
2024-02-01,RN-BCN-ES05,B,tienda,955.4,675.5,68.1,160.0,683.9,337.7,2880.6,0.732
2024-02-01,RN-BCN-ES06,B,tienda,918.3,697.5,54.9,156.2,678.0,355.9,2860.8,0.75
2024-02-01,RN-BCN-ES07,B,tienda,942.5,673.8,71.2,162.5,714.9,308.3,2873.2,0.781
2024-02-01,RN-BCN-ES08,B,tienda,785.1,535.5,56.3,133.8,491.8,250.0,2252.5,0.706
2024-02-01,RN-BCN-ES09,B,tienda,1098.8,702.3,65.9,167.4,705.2,309.5,3049.1,0.776
2024-02-01,RN-BCN-ES10,B,tienda,957.2,574.1,61.5,154.0,595.3,252.5,2594.6,0.698
2024-02-01,RN-BCN-ES11,B,tienda,1044.1,707.7,64.8,175.4,673.7,370.0,3035.7,0.678
2024-02-01,RN-BCN-ES12,B,tienda,940.2,585.4,57.0,148.7,593.8,269.6,2594.7,0.714
2024-02-01,RN-BCN-ES13,B,tienda,999.4,768.1,70.6,172.8,677.1,316.7,3004.7,0.783
2024-02-01,RN-BCN-ES14,B,tienda,1257.2,727.7,75.6,192.2,755.7,395.4,3403.8,0.69
2024-02-01,RN-BCN-GA01,B,tienda,16992.0,11669.0,5583.5,8515.0,4277.2,5204.2,52240.9,0.728
2024-02-01,RN-BCN-GA02,B,tienda,22597.2,10832.5,5718.8,9159.8,5442.0,6312.0,60062.3,0.745
2024-02-01,RN-BCN-HI01,B,tienda,3419.0,2244.2,5307.9,772.8,195.1,1293.0,13232.0,0.756
2024-02-01,RN-BCN-HI02,B,tienda,5284.2,3090.4,7787.9,1042.8,264.6,2029.2,19499.1,0.714
2024-02-01,RN-BCN-HI03,B,tienda,3584.5,2213.7,5241.9,717.9,180.1,1376.8,13314.9,0.695
2024-02-01,RN-BCN-HI04,B,tienda,4849.7,2710.5,6683.4,819.0,251.8,1608.8,16923.2,0.75
2024-02-01,RN-BIO-CV01,E,tienda,923.6,498.4,1535.4,145.3,33.6,385.1,3521.4,0.855
2024-02-01,RN-BIO-CV02,E,tienda,931.6,554.3,1552.7,159.6,35.2,327.4,3560.8,0.826
2024-02-01,RN-BIO-CV03,E,tienda,899.8,490.8,1344.5,152.0,35.4,302.4,3224.9,0.859
2024-02-01,RN-BIO-CV04,E,tienda,929.6,591.1,1444.3,165.3,35.2,402.9,3568.4,0.898
2024-02-01,RN-BIO-ES01,E,tienda,867.7,643.1,53.4,173.3,537.8,299.2,2574.5,0.864
2024-02-01,RN-BIO-ES02,E,tienda,778.2,507.6,51.5,153.9,543.0,261.3,2295.5,0.824
2024-02-01,RN-BIO-ES03,E,tienda,1217.9,734.4,83.7,224.9,812.1,374.2,3447.2,0.869
2024-02-01,RN-BIO-ES04,E,tienda,1325.3,689.5,72.6,200.3,628.8,340.9,3257.4,0.817
2024-02-01,RN-BIO-ES05,E,tienda,993.1,643.5,64.7,189.3,662.9,333.8,2887.3,0.812
2024-02-01,RN-BIO-ES06,E,tienda,1097.6,762.5,78.8,211.3,640.8,351.3,3142.3,0.78
2024-02-01,RN-BIO-ES07,E,tienda,1013.7,689.9,65.2,209.8,640.6,358.8,2978.0,0.822
2024-02-01,RN-BIO-GA01,E,tienda,14701.3,8175.7,3752.9,6056.6,3065.3,4299.7,40051.5,0.811
2024-02-01,RN-BIO-HI01,E,tienda,4964.1,2390.2,6306.1,994.6,194.3,1642.7,16492.0,0.858
2024-02-01,RN-BIO-HI02,E,tienda,3808.6,2292.4,5166.0,753.3,178.8,1225.7,13424.8,0.822
2024-02-01,RN-MAD-CV01,A,tienda,744.5,457.0,1238.1,112.6,34.1,345.5,2931.8,0.618
2024-02-01,RN-MAD-CV02,A,tienda,898.1,546.9,1526.8,114.1,34.3,317.7,3437.9,0.606
2024-02-01,RN-MAD-CV03,A,tienda,866.9,481.1,1367.6,105.1,36.2,300.2,3157.1,0.634
2024-02-01,RN-MAD-CV04,A,tienda,1052.8,646.6,1725.5,143.5,38.5,383.2,3990.1,0.634
2024-02-01,RN-MAD-CV05,A,tienda,817.8,394.2,1187.3,92.2,30.5,245.3,2767.3,0.614
2024-02-01,RN-MAD-CV06,A,tienda,790.4,511.8,1365.0,117.4,34.2,280.7,3099.5,0.664
2024-02-01,RN-MAD-CV07,A,tienda,656.9,526.9,1311.9,100.8,33.0,323.4,2952.9,0.663
2024-02-01,RN-MAD-CV08,A,tienda,974.0,587.7,1684.4,126.6,41.9,407.6,3822.2,0.685
2024-02-01,RN-MAD-CV09,A,tienda,960.6,622.1,1572.9,128.2,38.6,413.4,3735.8,0.657
2024-02-01,RN-MAD-CV10,A,tienda,931.1,558.5,1365.1,129.4,37.0,334.2,3355.3,0.606
2024-02-01,RN-MAD-ES01,A,tienda,1175.1,759.7,78.8,177.4,798.8,417.7,3407.5,0.672
2024-02-01,RN-MAD-ES02,A,tienda,862.6,628.7,55.7,130.6,575.7,328.3,2581.6,0.641
2024-02-01,RN-MAD-ES03,A,tienda,1118.5,642.2,70.1,149.9,756.6,378.6,3115.9,0.676
2024-02-01,RN-MAD-ES04,A,tienda,1170.8,732.7,71.3,153.1,706.2,342.7,3176.8,0.612
2024-02-01,RN-MAD-ES05,A,tienda,1056.5,682.0,70.4,138.2,646.4,309.6,2903.1,0.717
2024-02-01,RN-MAD-ES06,A,tienda,1176.6,731.1,79.6,174.2,715.2,364.7,3241.4,0.666
2024-02-01,RN-MAD-ES07,A,tienda,1200.7,731.2,72.8,152.4,780.2,375.5,3312.8,0.646
2024-02-01,RN-MAD-ES08,A,tienda,1162.5,738.6,70.3,158.3,865.2,391.9,3386.8,0.695
2024-02-01,RN-MAD-ES09,A,tienda,1180.5,732.6,72.4,160.3,674.5,378.7,3199.0,0.739
2024-02-01,RN-MAD-ES10,A,tienda,1065.7,749.1,69.4,157.9,702.9,328.7,3073.7,0.661
2024-02-01,RN-MAD-ES11,A,tienda,941.9,590.9,61.9,128.9,670.0,298.9,2692.5,0.677
2024-02-01,RN-MAD-ES12,A,tienda,1243.6,664.4,73.2,168.1,705.6,354.4,3209.3,0.695
2024-02-01,RN-MAD-ES13,A,tienda,1134.6,715.4,79.0,177.7,741.8,376.9,3225.4,0.706
2024-02-01,RN-MAD-ES14,A,tienda,939.8,543.9,60.4,136.8,585.3,276.3,2542.5,0.724
2024-02-01,RN-MAD-ES15,A,tienda,1134.4,605.1,60.7,147.1,671.4,320.8,2939.5,0.666
2024-02-01,RN-MAD-ES16,A,tienda,997.1,684.4,70.3,128.0,648.3,346.7,2874.8,0.722
2024-02-01,RN-MAD-ES17,A,tienda,1060.5,657.2,65.0,178.6,709.5,319.3,2990.1,0.672
2024-02-01,RN-MAD-ES18,A,tienda,1108.4,775.7,85.5,171.5,688.7,409.6,3239.4,0.745
2024-02-01,RN-MAD-ES19,A,tienda,1175.1,705.5,76.8,164.8,707.3,320.5,3150.0,0.619
2024-02-01,RN-MAD-ES20,A,tienda,876.4,661.8,70.6,148.2,755.6,344.6,2857.2,0.662
2024-02-01,RN-MAD-GA01,A,tienda,28349.7,16641.2,7110.0,11567.5,7608.7,8335.3,79612.4,0.681
2024-02-01,RN-MAD-GA02,A,tienda,19273.5,10285.5,4629.9,6748.5,4339.4,5286.4,50563.2,0.702
2024-02-01,RN-MAD-GA03,A,tienda,21786.6,12509.1,6116.8,8478.3,4897.9,6057.7,59846.4,0.724
2024-02-01,RN-MAD-HI01,A,tienda,4192.2,3008.1,6836.8,882.0,267.6,1847.6,17034.3,0.71
2024-02-01,RN-MAD-HI02,A,tienda,4089.8,2394.7,5068.9,703.3,211.7,1451.8,13920.2,0.699
2024-02-01,RN-MAD-HI03,A,tienda,4579.3,2604.8,6078.4,872.7,229.8,1643.0,16008.0,0.686
2024-02-01,RN-MAD-HI04,A,tienda,4281.7,3003.1,6459.4,934.8,255.0,1849.1,16783.1,0.767
2024-02-01,RN-MAD-HI05,A,tienda,4419.5,2688.6,6402.3,865.2,252.0,1938.4,16566.0,0.677
2024-02-01,RN-SEV-CV01,D,tienda,732.7,486.0,985.0,149.0,30.5,257.0,2640.2,0.526
2024-02-01,RN-SEV-CV02,D,tienda,832.5,567.4,1168.1,165.8,40.8,315.8,3090.4,0.481
2024-02-01,RN-SEV-CV03,D,tienda,667.9,407.9,933.3,141.9,29.4,258.6,2439.0,0.505
2024-02-01,RN-SEV-CV04,D,tienda,566.8,392.5,849.9,112.1,26.4,235.2,2182.9,0.695
2024-02-01,RN-SEV-CV05,D,tienda,663.4,393.6,890.6,128.5,27.3,213.8,2317.2,0.5
2024-02-01,RN-SEV-CV06,D,tienda,658.7,445.9,1011.9,135.1,30.1,268.0,2549.7,0.524
2024-02-01,RN-SEV-CV07,D,tienda,680.6,400.3,1025.1,142.1,32.3,239.8,2520.2,0.597
2024-02-01,RN-SEV-CV08,D,tienda,773.2,478.8,1215.0,151.7,37.0,278.4,2934.1,0.492
2024-02-01,RN-SEV-CV09,D,tienda,713.1,495.3,1134.1,139.2,34.6,290.6,2806.9,0.446
2024-02-01,RN-SEV-CV10,D,tienda,732.6,443.9,1109.8,162.7,30.9,297.5,2777.4,0.568
2024-02-01,RN-SEV-ES01,D,tienda,937.5,638.4,51.2,185.6,511.8,281.0,2605.5,0.48
2024-02-01,RN-SEV-ES02,D,tienda,773.2,537.0,42.6,164.2,571.2,249.2,2337.4,0.478
2024-02-01,RN-SEV-ES03,D,tienda,824.6,570.6,44.9,190.6,502.7,275.7,2409.1,0.514
2024-02-01,RN-SEV-ES04,D,tienda,715.8,465.5,36.4,149.2,469.9,236.4,2073.2,0.543
2024-02-01,RN-SEV-ES05,D,tienda,675.1,483.2,35.0,142.6,442.9,226.2,2005.0,0.556
2024-02-01,RN-SEV-ES06,D,tienda,942.3,529.5,48.6,205.9,585.1,316.8,2628.2,0.528
2024-02-01,RN-SEV-ES07,D,tienda,1030.2,603.5,55.8,177.3,619.3,315.2,2801.3,0.563
2024-02-01,RN-SEV-ES08,D,tienda,851.6,557.5,47.3,177.3,558.8,277.2,2469.7,0.515
2024-02-01,RN-SEV-ES09,D,tienda,874.3,555.9,46.2,148.8,562.9,269.3,2457.4,0.512
2024-02-01,RN-SEV-ES10,D,tienda,911.4,583.4,51.1,188.5,485.1,276.7,2496.2,0.507
2024-02-01,RN-SEV-ES11,D,tienda,789.1,588.4,42.3,178.4,506.9,256.6,2361.7,0.581
2024-02-01,RN-SEV-ES12,D,tienda,799.9,479.4,39.3,140.5,475.6,234.8,2169.5,0.512
2024-02-01,RN-SEV-GA01,D,tienda,10705.1,5859.5,1850.9,4924.1,2262.9,3203.2,28805.7,0.574
2024-02-01,RN-SEV-HI01,D,tienda,3065.2,1765.8,3486.8,805.1,160.2,944.9,10228.0,0.527
2024-02-01,RN-SEV-HI02,D,tienda,3147.8,1838.2,3937.6,920.5,179.5,1111.9,11135.5,0.577
2024-02-01,RN-SEV-HI03,D,tienda,2994.0,1598.0,3587.3,797.2,159.1,996.3,10131.9,0.532
2024-02-01,RN-SEV-HI04,D,tienda,3501.0,2307.8,4627.4,910.7,222.0,1076.0,12644.9,0.52
2024-02-01,RN-VLC-CV01,C,tienda,745.9,487.3,1349.4,90.3,22.4,300.0,2995.3,0.651
2024-02-01,RN-VLC-CV02,C,tienda,756.2,486.2,1320.6,83.0,21.4,317.4,2984.8,0.653
2024-02-01,RN-VLC-CV03,C,tienda,864.0,600.1,1473.6,99.0,21.4,327.6,3385.7,0.563
2024-02-01,RN-VLC-CV04,C,tienda,648.0,465.0,1342.1,84.5,21.7,291.4,2852.7,0.609
2024-02-01,RN-VLC-CV05,C,tienda,616.5,395.2,981.4,70.3,16.9,254.1,2334.4,0.558
2024-02-01,RN-VLC-CV06,C,tienda,888.9,580.5,1607.8,92.9,22.5,379.0,3571.6,0.623
2024-02-01,RN-VLC-CV07,C,tienda,754.6,438.6,1238.0,76.4,21.3,289.5,2818.4,0.672
2024-02-01,RN-VLC-CV08,C,tienda,654.8,375.5,1111.2,68.4,17.4,258.1,2485.4,0.573
2024-02-01,RN-VLC-CV09,C,tienda,646.9,424.6,1113.9,73.9,16.5,272.0,2547.8,0.684
2024-02-01,RN-VLC-ES01,C,tienda,904.1,574.7,88.4,132.2,574.2,288.4,2562.0,0.647
2024-02-01,RN-VLC-ES02,C,tienda,634.3,394.5,61.3,97.9,428.7,228.3,1845.0,0.583
2024-02-01,RN-VLC-ES03,C,tienda,764.7,510.8,76.2,125.0,497.0,258.0,2231.7,0.568
2024-02-01,RN-VLC-ES04,C,tienda,883.7,554.5,72.7,128.4,548.2,261.6,2449.1,0.644
2024-02-01,RN-VLC-ES05,C,tienda,821.4,549.3,74.2,125.7,532.7,260.1,2363.4,0.578
2024-02-01,RN-VLC-ES06,C,tienda,668.2,407.3,65.4,103.4,437.5,219.8,1901.6,0.493
2024-02-01,RN-VLC-ES07,C,tienda,698.0,519.8,71.2,122.1,537.7,236.3,2185.1,0.685
2024-02-01,RN-VLC-ES08,C,tienda,993.1,599.0,82.4,137.1,679.4,281.2,2772.2,0.615
2024-02-01,RN-VLC-ES09,C,tienda,765.3,468.1,70.3,130.7,502.1,264.0,2200.5,0.625
2024-02-01,RN-VLC-ES10,C,tienda,703.6,465.1,68.8,106.2,517.6,227.5,2088.8,0.607
2024-02-01,RN-VLC-GA01,C,tienda,16329.3,8954.2,6623.0,6128.0,3707.9,4760.8,46503.2,0.565
2024-02-01,RN-VLC-HI01,C,tienda,3669.5,2507.7,5888.3,624.2,141.1,1544.7,14375.5,0.622
2024-02-01,RN-VLC-HI02,C,tienda,3748.9,2385.9,6204.8,647.4,157.5,1537.4,14681.9,0.675
2024-02-01,RN-VLC-HI03,C,tienda,4871.2,2659.3,6792.1,688.8,177.4,1711.1,16899.9,0.598
2024-02-01,RN-VLC-HI04,C,tienda,3673.1,2510.7,6253.3,622.2,130.4,1428.4,14618.1,0.613
2024-02-01,RN-VLC-HI05,C,tienda,3737.0,2344.7,6414.2,644.8,159.5,1678.9,14979.1,0.594
2024-02-01,RN-VLC-HI06,C,tienda,3918.0,2331.6,7023.9,612.5,157.4,1577.7,15621.1,0.652
2024-02-01,RN-VLC-HI07,C,tienda,3415.9,2013.2,4917.1,444.8,129.0,1158.9,12078.9,0.537
2024-03-01,CL-BCN-01,B,centro_logistico,3834.1,1726.9,58.5,193.8,132.7,636.6,6582.6,0.792
2024-03-01,CL-BCN-02,B,centro_logistico,3652.0,1670.4,65.4,176.1,142.1,631.3,6337.3,0.808
2024-03-01,CL-BIO-01,E,centro_logistico,2386.5,1180.3,39.6,113.4,78.1,395.3,4193.2,0.84
2024-03-01,CL-MAD-01,A,centro_logistico,3599.5,1421.1,57.7,176.1,129.9,515.0,5899.3,0.787
2024-03-01,CL-MAD-02,A,centro_logistico,3340.1,1437.0,59.4,190.6,125.9,545.2,5698.2,0.817
2024-03-01,CL-MAD-03,A,centro_logistico,3265.8,1559.1,65.2,169.9,104.8,526.4,5691.2,0.783
2024-03-01,CL-SEV-01,D,centro_logistico,2682.5,1192.9,46.9,127.8,92.6,360.7,4503.4,0.639
2024-03-01,CL-VLC-01,C,centro_logistico,3022.3,1564.4,54.6,152.2,91.5,452.6,5337.6,0.693
2024-03-01,CL-VLC-02,C,centro_logistico,2743.9,1373.1,51.3,154.1,93.4,461.0,4876.8,0.706
2024-03-01,RN-BCN-CV01,B,tienda,964.7,667.6,1646.8,159.4,40.2,438.4,3917.1,0.747
2024-03-01,RN-BCN-CV02,B,tienda,1145.0,718.2,1879.2,170.5,45.7,459.5,4418.1,0.767
2024-03-01,RN-BCN-CV03,B,tienda,1110.3,745.8,1857.6,168.8,46.1,436.9,4365.5,0.683
2024-03-01,RN-BCN-CV04,B,tienda,928.5,581.4,1538.2,139.1,33.5,396.4,3617.1,0.734
2024-03-01,RN-BCN-CV05,B,tienda,961.7,665.4,1468.6,151.2,45.8,395.5,3688.2,0.698
2024-03-01,RN-BCN-CV06,B,tienda,942.9,646.6,1503.9,134.4,39.8,389.5,3657.1,0.643
2024-03-01,RN-BCN-CV07,B,tienda,1053.3,616.9,1656.6,152.0,37.7,372.9,3889.4,0.782
2024-03-01,RN-BCN-CV08,B,tienda,981.9,651.8,1595.7,151.8,39.1,397.7,3818.0,0.765
2024-03-01,RN-BCN-ES01,B,tienda,1081.8,677.0,63.5,153.2,701.2,327.1,3003.8,0.69
2024-03-01,RN-BCN-ES02,B,tienda,1141.2,780.5,83.9,172.6,811.5,362.0,3351.7,0.637
2024-03-01,RN-BCN-ES03,B,tienda,1266.1,780.1,77.3,211.7,800.5,402.7,3538.4,0.78
2024-03-01,RN-BCN-ES04,B,tienda,1195.2,738.6,75.8,172.6,753.2,381.3,3316.7,0.722
2024-03-01,RN-BCN-ES05,B,tienda,1263.0,711.5,81.4,192.0,761.3,407.9,3417.1,0.705
2024-03-01,RN-BCN-ES06,B,tienda,1236.3,772.5,82.0,195.8,697.3,335.6,3319.5,0.712
2024-03-01,RN-BCN-ES07,B,tienda,1205.4,743.9,74.6,199.3,751.8,368.0,3343.0,0.673
2024-03-01,RN-BCN-ES08,B,tienda,996.8,557.7,62.1,137.7,525.0,297.3,2576.6,0.69
2024-03-01,RN-BCN-ES09,B,tienda,1196.4,725.6,76.8,194.3,750.1,386.1,3329.3,0.719
2024-03-01,RN-BCN-ES10,B,tienda,1079.1,660.1,75.8,184.8,738.6,391.6,3130.0,0.751
2024-03-01,RN-BCN-ES11,B,tienda,1213.3,720.1,71.6,178.2,766.2,362.8,3312.2,0.69
2024-03-01,RN-BCN-ES12,B,tienda,1029.2,692.0,73.1,156.4,647.1,343.5,2941.3,0.664
2024-03-01,RN-BCN-ES13,B,tienda,1288.2,738.1,89.4,174.2,805.6,437.5,3533.0,0.706
2024-03-01,RN-BCN-ES14,B,tienda,1318.8,869.2,84.2,210.6,854.5,393.0,3730.3,0.707
2024-03-01,RN-BCN-GA01,B,tienda,24402.9,12048.9,6377.5,8724.0,4804.6,6435.9,62793.8,0.715
2024-03-01,RN-BCN-GA02,B,tienda,28170.5,13768.8,6513.0,11176.1,6197.0,7451.7,73277.1,0.709
2024-03-01,RN-BCN-HI01,B,tienda,4379.5,2782.6,5707.5,903.4,242.8,1635.3,15651.1,0.689
2024-03-01,RN-BCN-HI02,B,tienda,6050.5,4228.0,9986.1,1370.5,311.7,2297.6,24244.4,0.7
2024-03-01,RN-BCN-HI03,B,tienda,4490.2,2866.7,6497.1,860.7,207.6,1657.6,16579.9,0.739
2024-03-01,RN-BCN-HI04,B,tienda,5427.8,3413.5,7614.4,1070.4,294.6,2045.2,19865.9,0.708
2024-03-01,RN-BIO-CV01,E,tienda,973.0,661.4,1756.4,183.4,40.0,444.9,4059.1,0.831
2024-03-01,RN-BIO-CV02,E,tienda,1042.6,676.9,1759.9,178.3,39.4,365.1,4062.2,0.802
2024-03-01,RN-BIO-CV03,E,tienda,1051.9,573.7,1520.2,163.4,37.9,433.8,3780.9,0.833
2024-03-01,RN-BIO-CV04,E,tienda,1110.7,786.0,1910.2,190.4,45.7,462.4,4505.4,0.81
2024-03-01,RN-BIO-ES01,E,tienda,1017.7,750.1,73.5,196.6,666.4,293.2,2997.5,0.832
2024-03-01,RN-BIO-ES02,E,tienda,990.1,629.3,60.2,161.8,597.5,307.9,2746.8,0.786
2024-03-01,RN-BIO-ES03,E,tienda,1591.4,940.2,98.7,239.3,1003.0,413.1,4285.7,0.863
2024-03-01,RN-BIO-ES04,E,tienda,1318.6,752.2,73.7,239.1,780.0,388.6,3552.2,0.793
2024-03-01,RN-BIO-ES05,E,tienda,1320.7,757.6,78.6,236.4,751.7,372.1,3517.1,0.834
2024-03-01,RN-BIO-ES06,E,tienda,1486.3,867.6,100.9,245.7,853.1,452.3,4005.9,0.797
2024-03-01,RN-BIO-ES07,E,tienda,1172.5,735.2,78.7,198.6,708.2,372.1,3265.3,0.813
2024-03-01,RN-BIO-GA01,E,tienda,18539.0,10350.4,4353.7,8330.1,3517.5,4852.8,49943.5,0.808
2024-03-01,RN-BIO-HI01,E,tienda,5405.9,3948.0,8679.5,1280.4,266.5,2149.1,21729.4,0.83
2024-03-01,RN-BIO-HI02,E,tienda,3913.4,2489.7,5663.5,896.0,203.1,1474.6,14640.3,0.868
2024-03-01,RN-MAD-CV01,A,tienda,1143.7,650.7,1670.5,137.7,37.8,406.1,4046.5,0.721
2024-03-01,RN-MAD-CV02,A,tienda,1080.2,607.5,1649.7,145.5,46.1,436.0,3965.0,0.675
2024-03-01,RN-MAD-CV03,A,tienda,914.4,624.4,1604.2,142.1,42.9,399.6,3727.6,0.634
2024-03-01,RN-MAD-CV04,A,tienda,1273.2,681.9,1815.7,169.7,49.6,508.3,4498.4,0.729
2024-03-01,RN-MAD-CV05,A,tienda,837.4,546.8,1440.1,128.4,35.4,352.9,3341.0,0.654
2024-03-01,RN-MAD-CV06,A,tienda,1144.7,668.9,1582.3,150.9,45.1,430.6,4022.5,0.615
2024-03-01,RN-MAD-CV07,A,tienda,960.4,618.3,1534.9,131.9,40.1,374.2,3659.8,0.632
2024-03-01,RN-MAD-CV08,A,tienda,1174.7,779.5,1737.7,160.8,46.4,497.9,4397.0,0.678
2024-03-01,RN-MAD-CV09,A,tienda,1258.0,682.1,1724.8,189.8,52.1,480.8,4387.6,0.668
2024-03-01,RN-MAD-CV10,A,tienda,1235.8,765.8,1982.5,164.3,50.5,461.1,4660.0,0.656
2024-03-01,RN-MAD-ES01,A,tienda,1430.1,871.2,101.6,194.1,977.9,461.3,4036.2,0.736
2024-03-01,RN-MAD-ES02,A,tienda,969.1,609.7,70.2,144.0,691.9,307.8,2792.7,0.71
2024-03-01,RN-MAD-ES03,A,tienda,1240.5,834.2,85.3,188.5,883.1,370.3,3601.9,0.696
2024-03-01,RN-MAD-ES04,A,tienda,1253.6,842.8,88.1,186.4,804.4,382.5,3557.8,0.657
2024-03-01,RN-MAD-ES05,A,tienda,1055.4,730.8,68.4,149.3,758.6,337.4,3099.9,0.712
2024-03-01,RN-MAD-ES06,A,tienda,1265.9,752.3,83.3,196.3,816.2,393.1,3507.1,0.716
2024-03-01,RN-MAD-ES07,A,tienda,1348.5,835.2,84.0,198.3,949.6,420.0,3835.6,0.682
2024-03-01,RN-MAD-ES08,A,tienda,1348.0,845.9,81.3,192.6,751.1,419.8,3638.7,0.65
2024-03-01,RN-MAD-ES09,A,tienda,1304.3,788.4,79.7,181.2,809.6,359.2,3522.4,0.644
2024-03-01,RN-MAD-ES10,A,tienda,1355.1,758.9,82.7,209.9,894.0,431.1,3731.7,0.666
2024-03-01,RN-MAD-ES11,A,tienda,1133.9,736.6,69.7,149.7,651.3,340.4,3081.6,0.68
2024-03-01,RN-MAD-ES12,A,tienda,1377.5,904.9,94.2,209.9,918.8,366.6,3871.9,0.699
2024-03-01,RN-MAD-ES13,A,tienda,1455.2,761.2,81.3,180.1,828.1,423.8,3729.7,0.691
2024-03-01,RN-MAD-ES14,A,tienda,1012.5,702.3,71.5,152.6,655.9,329.7,2924.5,0.686
2024-03-01,RN-MAD-ES15,A,tienda,1180.3,696.1,75.4,165.6,758.2,372.4,3248.0,0.832
2024-03-01,RN-MAD-ES16,A,tienda,1261.5,764.9,71.4,159.6,743.0,345.4,3345.8,0.696
2024-03-01,RN-MAD-ES17,A,tienda,1227.6,757.2,74.2,171.7,795.5,412.4,3438.6,0.681
2024-03-01,RN-MAD-ES18,A,tienda,1427.7,926.1,95.7,211.0,864.5,387.8,3912.8,0.671
2024-03-01,RN-MAD-ES19,A,tienda,1153.3,884.4,80.3,179.4,859.0,402.9,3559.3,0.631
2024-03-01,RN-MAD-ES20,A,tienda,1196.7,712.5,80.6,179.2,838.2,373.1,3380.3,0.701
2024-03-01,RN-MAD-GA01,A,tienda,31314.0,18753.9,8791.4,12313.4,7868.4,9111.2,88152.3,0.642
2024-03-01,RN-MAD-GA02,A,tienda,17758.3,11707.4,5651.5,8551.7,5806.3,5873.4,55348.6,0.656
2024-03-01,RN-MAD-GA03,A,tienda,26925.2,13759.2,6586.7,9612.1,6890.4,8233.5,72007.1,0.647
2024-03-01,RN-MAD-HI01,A,tienda,5958.9,3520.8,8256.3,1041.6,273.3,2101.7,21152.6,0.701
2024-03-01,RN-MAD-HI02,A,tienda,4891.5,3012.2,6975.4,938.7,265.3,1719.3,17802.4,0.675
2024-03-01,RN-MAD-HI03,A,tienda,5786.2,3715.3,7494.6,1061.4,290.5,2154.7,20502.7,0.723
2024-03-01,RN-MAD-HI04,A,tienda,5793.7,3465.4,8324.9,1065.3,292.2,1966.6,20908.1,0.721
2024-03-01,RN-MAD-HI05,A,tienda,5905.0,3408.0,7434.1,1138.5,310.2,2028.4,20224.2,0.606
2024-03-01,RN-SEV-CV01,D,tienda,923.3,523.5,1116.6,155.3,41.1,341.2,3101.0,0.559
2024-03-01,RN-SEV-CV02,D,tienda,1079.2,576.1,1573.5,190.9,49.5,363.7,3832.9,0.581
2024-03-01,RN-SEV-CV03,D,tienda,803.3,513.7,1185.3,184.4,38.5,294.0,3019.2,0.564
2024-03-01,RN-SEV-CV04,D,tienda,865.9,455.6,1132.1,163.6,40.0,290.8,2948.0,0.522
2024-03-01,RN-SEV-CV05,D,tienda,825.7,456.1,1111.8,148.1,34.8,282.3,2858.8,0.512
2024-03-01,RN-SEV-CV06,D,tienda,897.9,546.5,1331.9,182.3,36.7,289.5,3284.8,0.514
2024-03-01,RN-SEV-CV07,D,tienda,771.4,506.8,1176.5,155.2,39.5,283.0,2932.4,0.607
2024-03-01,RN-SEV-CV08,D,tienda,958.7,608.1,1395.5,199.5,39.1,356.6,3557.5,0.54
2024-03-01,RN-SEV-CV09,D,tienda,898.1,589.7,1186.7,174.8,42.6,340.2,3232.1,0.542
2024-03-01,RN-SEV-CV10,D,tienda,989.9,574.1,1115.8,185.2,38.4,359.0,3262.4,0.501
2024-03-01,RN-SEV-ES01,D,tienda,1089.6,775.2,56.5,230.3,726.3,319.6,3197.5,0.53
2024-03-01,RN-SEV-ES02,D,tienda,911.8,669.0,56.9,192.5,740.8,308.2,2879.2,0.568
2024-03-01,RN-SEV-ES03,D,tienda,1039.5,678.0,54.9,183.4,613.1,254.7,2823.6,0.463
2024-03-01,RN-SEV-ES04,D,tienda,807.6,584.6,42.0,165.8,496.2,258.1,2354.3,0.57
2024-03-01,RN-SEV-ES05,D,tienda,781.1,500.0,41.5,174.4,441.0,246.8,2184.8,0.517
2024-03-01,RN-SEV-ES06,D,tienda,1096.1,695.9,60.4,208.4,604.5,348.9,3014.2,0.509
2024-03-01,RN-SEV-ES07,D,tienda,1123.3,752.8,59.9,226.8,673.1,325.5,3161.4,0.546
2024-03-01,RN-SEV-ES08,D,tienda,1187.3,655.7,54.1,180.8,636.8,333.7,3048.4,0.541
2024-03-01,RN-SEV-ES09,D,tienda,1047.0,646.2,49.8,199.3,593.0,285.8,2821.1,0.549
2024-03-01,RN-SEV-ES10,D,tienda,936.2,611.6,50.5,190.9,574.9,289.8,2653.9,0.55
2024-03-01,RN-SEV-ES11,D,tienda,994.8,634.6,56.1,167.7,597.1,309.8,2760.1,0.495
2024-03-01,RN-SEV-ES12,D,tienda,852.6,599.0,48.8,176.3,550.1,301.3,2528.1,0.578
2024-03-01,RN-SEV-GA01,D,tienda,12893.7,6747.0,2302.5,5165.1,2698.6,3354.9,33161.8,0.472
2024-03-01,RN-SEV-HI01,D,tienda,3949.6,2207.7,4017.2,1030.4,212.9,1188.7,12606.5,0.519
2024-03-01,RN-SEV-HI02,D,tienda,4097.1,2233.2,4241.5,1049.7,217.7,1379.5,13218.7,0.541
2024-03-01,RN-SEV-HI03,D,tienda,3500.1,2159.1,4102.3,999.4,191.1,1227.2,12179.2,0.617
2024-03-01,RN-SEV-HI04,D,tienda,4784.6,2843.3,6181.9,1251.2,267.1,1625.1,16953.2,0.571
2024-03-01,RN-VLC-CV01,C,tienda,878.4,616.0,1578.9,98.1,26.4,384.2,3582.0,0.634
2024-03-01,RN-VLC-CV02,C,tienda,1005.6,611.9,1623.5,102.1,30.5,345.7,3719.3,0.574
2024-03-01,RN-VLC-CV03,C,tienda,1002.7,687.8,1728.3,117.3,27.1,408.8,3972.0,0.597
2024-03-01,RN-VLC-CV04,C,tienda,952.9,558.5,1588.8,97.4,27.3,330.6,3555.5,0.568
2024-03-01,RN-VLC-CV05,C,tienda,793.4,479.3,1358.7,85.2,19.6,296.8,3033.0,0.582
2024-03-01,RN-VLC-CV06,C,tienda,1059.2,726.8,1990.9,129.0,30.9,402.6,4339.4,0.61
2024-03-01,RN-VLC-CV07,C,tienda,876.8,572.2,1567.0,107.2,24.4,407.8,3555.4,0.555
2024-03-01,RN-VLC-CV08,C,tienda,745.9,464.5,1466.9,89.4,23.7,316.3,3106.7,0.588
2024-03-01,RN-VLC-CV09,C,tienda,847.0,489.7,1238.7,97.2,24.8,337.8,3035.2,0.62
2024-03-01,RN-VLC-ES01,C,tienda,1096.3,717.7,95.9,159.1,676.4,347.4,3092.8,0.611
2024-03-01,RN-VLC-ES02,C,tienda,696.9,468.7,65.4,114.8,526.0,223.6,2095.4,0.608
2024-03-01,RN-VLC-ES03,C,tienda,907.0,546.5,77.4,128.8,594.2,284.1,2538.0,0.707
2024-03-01,RN-VLC-ES04,C,tienda,981.5,662.6,79.3,134.0,598.5,324.1,2780.0,0.624
2024-03-01,RN-VLC-ES05,C,tienda,941.4,619.0,82.2,138.1,590.9,304.6,2676.2,0.612
2024-03-01,RN-VLC-ES06,C,tienda,837.4,501.8,62.9,120.1,437.5,233.9,2193.6,0.647
2024-03-01,RN-VLC-ES07,C,tienda,935.2,599.0,81.0,134.7,591.3,255.3,2596.5,0.624
2024-03-01,RN-VLC-ES08,C,tienda,1087.3,678.7,97.3,147.1,696.0,297.6,3004.0,0.561
2024-03-01,RN-VLC-ES09,C,tienda,930.9,562.7,89.9,125.1,625.1,276.9,2610.6,0.566
2024-03-01,RN-VLC-ES10,C,tienda,836.6,474.3,79.6,131.4,600.8,227.7,2350.4,0.63
2024-03-01,RN-VLC-GA01,C,tienda,18339.6,12547.8,7558.8,7228.3,4558.5,5151.8,55384.8,0.659
2024-03-01,RN-VLC-HI01,C,tienda,4986.6,2994.1,7874.4,764.5,192.1,1861.1,18672.8,0.639
2024-03-01,RN-VLC-HI02,C,tienda,5632.8,3349.2,8493.7,856.8,215.2,2120.9,20668.6,0.54
2024-03-01,RN-VLC-HI03,C,tienda,6365.4,3645.3,8477.3,820.4,248.9,2178.6,21735.9,0.637
2024-03-01,RN-VLC-HI04,C,tienda,4191.7,2899.3,7628.4,654.8,183.2,1749.8,17307.2,0.692
2024-03-01,RN-VLC-HI05,C,tienda,5054.7,3250.1,7970.9,674.2,201.4,2036.0,19187.3,0.512
2024-03-01,RN-VLC-HI06,C,tienda,5090.4,2715.8,9398.7,666.7,184.3,1939.2,19995.1,0.596
2024-03-01,RN-VLC-HI07,C,tienda,3792.4,2509.4,5631.9,596.4,159.7,1550.9,14240.7,0.615
2024-04-01,CL-BCN-01,B,centro_logistico,4164.6,1687.1,71.4,206.4,134.1,560.6,6824.2,0.828
2024-04-01,CL-BCN-02,B,centro_logistico,4149.4,1868.2,63.0,206.6,144.5,621.5,7053.2,0.76
2024-04-01,CL-BIO-01,E,centro_logistico,2357.2,1104.1,41.2,113.8,86.3,382.5,4085.1,0.888
2024-04-01,CL-MAD-01,A,centro_logistico,3929.3,1727.5,64.1,181.1,134.8,486.8,6523.6,0.77
2024-04-01,CL-MAD-02,A,centro_logistico,3829.2,1674.3,58.9,179.1,121.4,496.8,6359.7,0.749
2024-04-01,CL-MAD-03,A,centro_logistico,3423.7,1416.8,54.9,181.7,124.2,556.2,5757.5,0.786
2024-04-01,CL-SEV-01,D,centro_logistico,3066.9,1220.5,50.0,138.8,97.6,480.2,5054.0,0.634
2024-04-01,CL-VLC-01,C,centro_logistico,2876.4,1275.5,49.3,159.4,95.4,444.3,4900.3,0.694
2024-04-01,CL-VLC-02,C,centro_logistico,3079.7,1240.6,50.3,152.4,119.1,479.8,5121.9,0.655
2024-04-01,RN-BCN-CV01,B,tienda,1096.3,709.8,1779.6,161.7,40.7,449.8,4237.9,0.715
2024-04-01,RN-BCN-CV02,B,tienda,1054.0,617.8,1932.9,137.1,39.8,442.0,4223.6,0.661
2024-04-01,RN-BCN-CV03,B,tienda,1258.0,759.7,2045.2,162.2,50.6,497.6,4773.3,0.74
2024-04-01,RN-BCN-CV04,B,tienda,866.5,647.8,1458.7,137.1,35.3,370.0,3515.4,0.698
2024-04-01,RN-BCN-CV05,B,tienda,971.3,566.8,1509.7,130.8,37.0,380.6,3596.2,0.72
2024-04-01,RN-BCN-CV06,B,tienda,1069.0,584.1,1588.2,147.4,39.7,409.3,3837.7,0.715
2024-04-01,RN-BCN-CV07,B,tienda,944.3,664.3,1540.5,135.6,38.2,378.7,3701.6,0.745
2024-04-01,RN-BCN-CV08,B,tienda,995.7,595.8,1624.9,153.6,38.8,392.7,3801.5,0.716
2024-04-01,RN-BCN-ES01,B,tienda,1135.1,648.6,64.3,172.3,709.3,313.3,3042.9,0.651
2024-04-01,RN-BCN-ES02,B,tienda,1234.8,716.5,77.1,191.3,780.0,396.0,3395.7,0.74
2024-04-01,RN-BCN-ES03,B,tienda,1399.4,806.9,79.7,172.8,749.0,381.3,3589.1,0.727
2024-04-01,RN-BCN-ES04,B,tienda,980.4,747.4,75.5,180.4,735.2,340.9,3059.8,0.635
2024-04-01,RN-BCN-ES05,B,tienda,1162.1,747.7,83.3,176.6,835.4,382.2,3387.3,0.774
2024-04-01,RN-BCN-ES06,B,tienda,1352.6,751.0,70.8,174.7,713.3,377.8,3440.2,0.678
2024-04-01,RN-BCN-ES07,B,tienda,1075.9,757.9,79.7,182.4,742.9,396.5,3235.3,0.771
2024-04-01,RN-BCN-ES08,B,tienda,880.5,549.7,57.8,134.3,550.9,263.8,2437.0,0.742
2024-04-01,RN-BCN-ES09,B,tienda,1161.2,794.2,82.3,204.5,832.4,383.5,3458.1,0.717
2024-04-01,RN-BCN-ES10,B,tienda,1049.7,712.7,69.3,194.3,777.0,341.6,3144.6,0.766
2024-04-01,RN-BCN-ES11,B,tienda,1269.0,785.9,77.0,161.2,869.0,355.5,3517.6,0.787
2024-04-01,RN-BCN-ES12,B,tienda,976.6,686.2,66.0,167.7,633.1,305.8,2835.4,0.756
2024-04-01,RN-BCN-ES13,B,tienda,1268.1,830.3,80.8,169.0,729.0,375.6,3452.8,0.693
2024-04-01,RN-BCN-ES14,B,tienda,1283.1,910.5,86.9,192.4,705.8,399.4,3578.1,0.677
2024-04-01,RN-BCN-GA01,B,tienda,22365.5,12799.5,5906.3,8896.4,5126.8,6034.1,61128.6,0.669
2024-04-01,RN-BCN-GA02,B,tienda,26777.7,14340.9,6818.7,11192.6,6475.1,7991.3,73596.3,0.681
2024-04-01,RN-BCN-HI01,B,tienda,4399.6,2733.2,6044.0,822.7,218.6,1720.2,15938.3,0.734
2024-04-01,RN-BCN-HI02,B,tienda,6756.1,4190.8,9118.1,1382.4,353.0,2334.9,24135.3,0.698
2024-04-01,RN-BCN-HI03,B,tienda,4643.1,2750.8,6029.3,883.0,248.2,1746.6,16301.0,0.718
2024-04-01,RN-BCN-HI04,B,tienda,5255.0,3496.6,7472.5,1080.7,286.8,1990.7,19582.3,0.77
2024-04-01,RN-BIO-CV01,E,tienda,1109.0,705.8,1849.5,166.1,42.7,458.3,4331.4,0.799
2024-04-01,RN-BIO-CV02,E,tienda,1125.9,701.5,1578.8,161.7,41.7,418.7,4028.3,0.833
2024-04-01,RN-BIO-CV03,E,tienda,1049.2,665.0,1703.5,158.7,37.8,450.7,4064.9,0.8
2024-04-01,RN-BIO-CV04,E,tienda,1151.5,832.7,1801.6,198.7,40.7,464.1,4489.3,0.725
2024-04-01,RN-BIO-ES01,E,tienda,1013.5,736.3,74.0,177.5,607.0,328.0,2936.3,0.79
2024-04-01,RN-BIO-ES02,E,tienda,993.8,604.2,61.0,179.1,610.0,323.3,2771.4,0.892
2024-04-01,RN-BIO-ES03,E,tienda,1356.3,931.8,104.1,259.6,949.4,435.4,4036.6,0.778
2024-04-01,RN-BIO-ES04,E,tienda,1252.6,681.7,81.2,206.8,761.4,322.5,3306.2,0.87
2024-04-01,RN-BIO-ES05,E,tienda,1116.3,677.1,81.1,206.6,714.9,355.9,3151.9,0.826
2024-04-01,RN-BIO-ES06,E,tienda,1558.6,863.4,89.7,246.7,886.6,439.2,4084.2,0.733
2024-04-01,RN-BIO-ES07,E,tienda,1077.7,731.9,80.0,213.1,743.5,355.9,3202.1,0.819
2024-04-01,RN-BIO-GA01,E,tienda,15191.9,9679.5,4173.3,7192.6,3595.9,5051.2,44884.4,0.852
2024-04-01,RN-BIO-HI01,E,tienda,5905.3,3711.9,8230.6,1228.3,247.2,2220.5,21543.8,0.801
2024-04-01,RN-BIO-HI02,E,tienda,4270.4,2600.0,6229.8,974.8,195.5,1575.7,15846.2,0.834
2024-04-01,RN-MAD-CV01,A,tienda,974.8,705.8,1785.8,137.6,46.2,415.1,4065.3,0.695
2024-04-01,RN-MAD-CV02,A,tienda,1057.1,731.1,1946.3,142.7,43.4,388.3,4308.9,0.74
2024-04-01,RN-MAD-CV03,A,tienda,953.2,615.9,1674.7,147.9,42.4,430.3,3864.4,0.623
2024-04-01,RN-MAD-CV04,A,tienda,1246.8,747.5,1921.7,171.3,49.5,509.4,4646.2,0.623
2024-04-01,RN-MAD-CV05,A,tienda,842.5,580.7,1476.0,118.6,34.7,319.7,3372.2,0.686
2024-04-01,RN-MAD-CV06,A,tienda,1040.9,650.8,1749.0,143.5,43.9,425.7,4053.8,0.686
2024-04-01,RN-MAD-CV07,A,tienda,885.3,636.3,1392.2,127.2,38.9,418.7,3498.6,0.696
2024-04-01,RN-MAD-CV08,A,tienda,1269.3,703.4,2002.3,164.7,52.4,470.3,4662.4,0.653
2024-04-01,RN-MAD-CV09,A,tienda,1269.3,814.2,2068.2,185.2,55.8,508.2,4900.9,0.585
2024-04-01,RN-MAD-CV10,A,tienda,1145.7,685.7,1654.8,156.1,47.6,403.2,4093.1,0.683
2024-04-01,RN-MAD-ES01,A,tienda,1402.7,956.1,85.1,210.3,849.5,475.0,3978.7,0.672
2024-04-01,RN-MAD-ES02,A,tienda,1143.0,663.0,66.2,160.8,612.6,309.2,2954.8,0.74
2024-04-01,RN-MAD-ES03,A,tienda,1356.0,814.4,78.8,168.3,877.8,403.5,3698.8,0.636
2024-04-01,RN-MAD-ES04,A,tienda,1271.5,795.2,74.5,195.7,761.8,471.7,3570.4,0.743
2024-04-01,RN-MAD-ES05,A,tienda,1095.4,697.0,67.4,143.2,715.1,330.4,3048.5,0.748
2024-04-01,RN-MAD-ES06,A,tienda,1376.9,794.7,82.5,170.3,860.5,410.7,3695.6,0.591
2024-04-01,RN-MAD-ES07,A,tienda,1361.3,895.0,82.9,184.6,972.7,429.5,3926.0,0.656
2024-04-01,RN-MAD-ES08,A,tienda,1350.3,815.9,88.2,191.0,863.1,388.9,3697.4,0.649
2024-04-01,RN-MAD-ES09,A,tienda,1271.7,838.9,77.9,195.8,805.1,400.0,3589.4,0.716
2024-04-01,RN-MAD-ES10,A,tienda,1247.6,734.2,83.6,185.8,825.3,395.8,3472.3,0.645
2024-04-01,RN-MAD-ES11,A,tienda,1070.6,688.4,68.7,152.8,736.0,327.6,3044.1,0.723
2024-04-01,RN-MAD-ES12,A,tienda,1259.1,811.0,92.5,183.4,801.8,423.9,3571.7,0.686
2024-04-01,RN-MAD-ES13,A,tienda,1172.2,802.8,74.6,169.7,768.2,415.3,3402.8,0.671
2024-04-01,RN-MAD-ES14,A,tienda,1112.8,627.2,70.7,147.9,657.3,318.0,2933.9,0.633
2024-04-01,RN-MAD-ES15,A,tienda,1225.7,762.6,82.1,147.1,687.7,381.9,3287.1,0.606
2024-04-01,RN-MAD-ES16,A,tienda,1193.3,727.8,84.7,169.5,800.7,389.5,3365.5,0.801
2024-04-01,RN-MAD-ES17,A,tienda,1363.9,811.3,87.7,181.6,824.5,392.6,3661.6,0.669
2024-04-01,RN-MAD-ES18,A,tienda,1481.6,828.4,88.5,213.9,965.5,415.4,3993.3,0.646
2024-04-01,RN-MAD-ES19,A,tienda,1350.1,842.2,78.1,182.5,913.5,409.3,3775.7,0.738
2024-04-01,RN-MAD-ES20,A,tienda,1254.9,750.8,88.1,175.2,798.9,447.0,3514.9,0.713
2024-04-01,RN-MAD-GA01,A,tienda,29214.7,17989.5,8466.3,13285.0,7867.8,8705.3,85528.6,0.664
2024-04-01,RN-MAD-GA02,A,tienda,20177.5,13086.4,5516.6,7423.6,5737.3,6104.4,58045.8,0.662
2024-04-01,RN-MAD-GA03,A,tienda,27180.3,14712.5,7035.3,10432.1,6516.0,7189.7,73065.9,0.706
2024-04-01,RN-MAD-HI01,A,tienda,5400.8,3779.2,7993.1,1183.1,322.2,2108.4,20786.8,0.72
2024-04-01,RN-MAD-HI02,A,tienda,4405.2,3138.9,7389.7,896.8,270.4,1930.3,18031.3,0.695
2024-04-01,RN-MAD-HI03,A,tienda,5256.2,3410.6,8723.2,1026.5,307.4,2008.4,20732.3,0.646
2024-04-01,RN-MAD-HI04,A,tienda,6616.1,3403.6,8370.9,1038.8,292.8,2252.0,21974.2,0.689
2024-04-01,RN-MAD-HI05,A,tienda,5218.1,3843.7,8335.4,1097.0,306.9,2045.8,20846.9,0.662
2024-04-01,RN-SEV-CV01,D,tienda,818.6,577.2,1436.4,176.3,39.2,343.2,3390.9,0.486
2024-04-01,RN-SEV-CV02,D,tienda,1042.1,604.1,1483.3,202.5,48.2,413.5,3793.7,0.507
2024-04-01,RN-SEV-CV03,D,tienda,802.2,496.8,1209.3,165.9,35.8,324.6,3034.6,0.586
2024-04-01,RN-SEV-CV04,D,tienda,831.4,490.1,1210.9,167.9,36.9,304.9,3042.1,0.592
2024-04-01,RN-SEV-CV05,D,tienda,778.1,531.8,1162.2,182.0,32.4,288.1,2974.6,0.562
2024-04-01,RN-SEV-CV06,D,tienda,827.0,507.4,1152.1,185.2,36.1,305.8,3013.6,0.55
2024-04-01,RN-SEV-CV07,D,tienda,916.0,543.6,1251.9,178.8,37.1,333.2,3260.6,0.542
2024-04-01,RN-SEV-CV08,D,tienda,868.1,637.5,1311.3,171.5,41.1,351.1,3380.6,0.49
2024-04-01,RN-SEV-CV09,D,tienda,944.9,648.9,1360.8,182.1,42.7,332.4,3511.8,0.487
2024-04-01,RN-SEV-CV10,D,tienda,971.9,599.1,1368.1,207.2,45.1,308.7,3500.1,0.515
2024-04-01,RN-SEV-ES01,D,tienda,1165.3,743.4,60.4,207.3,741.7,307.5,3225.6,0.559
2024-04-01,RN-SEV-ES02,D,tienda,996.4,641.1,55.6,183.4,556.8,292.7,2726.0,0.451
2024-04-01,RN-SEV-ES03,D,tienda,950.1,772.4,51.3,186.4,551.7,311.3,2823.2,0.562
2024-04-01,RN-SEV-ES04,D,tienda,842.5,509.5,45.2,165.4,528.0,238.6,2329.2,0.55
2024-04-01,RN-SEV-ES05,D,tienda,789.3,506.8,42.5,159.7,513.2,257.2,2268.7,0.574
2024-04-01,RN-SEV-ES06,D,tienda,1102.4,700.5,56.5,205.3,664.5,347.9,3077.1,0.525
2024-04-01,RN-SEV-ES07,D,tienda,1122.6,655.6,59.3,224.3,728.9,339.5,3130.2,0.521
2024-04-01,RN-SEV-ES08,D,tienda,1086.5,676.6,58.6,203.2,584.0,317.3,2926.2,0.557
2024-04-01,RN-SEV-ES09,D,tienda,926.4,607.9,54.9,189.8,510.7,303.4,2593.1,0.53
2024-04-01,RN-SEV-ES10,D,tienda,941.1,612.0,51.2,205.9,633.0,278.5,2721.7,0.534
2024-04-01,RN-SEV-ES11,D,tienda,961.6,544.8,58.2,207.6,624.5,317.8,2714.5,0.515
2024-04-01,RN-SEV-ES12,D,tienda,956.2,603.1,46.6,168.2,576.8,300.8,2651.7,0.53
2024-04-01,RN-SEV-GA01,D,tienda,12628.5,6738.1,2334.6,5681.2,2591.6,3075.6,33049.6,0.555
2024-04-01,RN-SEV-HI01,D,tienda,3309.3,2209.1,4093.6,975.2,194.6,1061.3,11843.1,0.548
2024-04-01,RN-SEV-HI02,D,tienda,4298.7,2018.1,4629.2,1099.6,215.8,1504.0,13765.4,0.56
2024-04-01,RN-SEV-HI03,D,tienda,2926.1,2419.6,3944.8,954.1,173.8,1155.4,11573.8,0.541
2024-04-01,RN-SEV-HI04,D,tienda,4896.2,2702.5,5560.1,1264.0,282.8,1887.7,16593.3,0.553
2024-04-01,RN-VLC-CV01,C,tienda,975.7,575.2,1474.8,102.6,28.6,403.6,3560.5,0.622
2024-04-01,RN-VLC-CV02,C,tienda,993.7,698.8,1624.2,108.6,27.9,418.7,3871.9,0.65
2024-04-01,RN-VLC-CV03,C,tienda,1033.8,681.6,2000.1,111.9,28.5,413.6,4269.5,0.638
2024-04-01,RN-VLC-CV04,C,tienda,776.9,595.5,1557.4,94.3,23.6,364.0,3411.7,0.556
2024-04-01,RN-VLC-CV05,C,tienda,771.0,508.2,1265.5,85.1,21.9,301.0,2952.7,0.562
2024-04-01,RN-VLC-CV06,C,tienda,1129.2,728.4,2082.0,115.7,30.3,424.4,4510.0,0.585
2024-04-01,RN-VLC-CV07,C,tienda,907.6,559.1,1548.4,95.5,24.1,341.7,3476.4,0.634
2024-04-01,RN-VLC-CV08,C,tienda,790.4,498.5,1344.7,88.9,22.1,310.0,3054.6,0.605
2024-04-01,RN-VLC-CV09,C,tienda,832.7,612.0,1393.6,86.7,22.9,334.7,3282.6,0.571
2024-04-01,RN-VLC-ES01,C,tienda,1091.7,667.0,102.3,171.8,666.9,374.5,3074.2,0.598
2024-04-01,RN-VLC-ES02,C,tienda,779.0,541.3,71.5,113.7,530.9,258.3,2294.7,0.571
2024-04-01,RN-VLC-ES03,C,tienda,933.0,563.9,74.8,120.9,624.5,276.7,2593.8,0.613
2024-04-01,RN-VLC-ES04,C,tienda,940.0,630.0,78.6,137.7,558.4,312.4,2657.1,0.602
2024-04-01,RN-VLC-ES05,C,tienda,877.8,661.4,78.8,149.4,671.1,323.6,2762.1,0.614
2024-04-01,RN-VLC-ES06,C,tienda,757.3,498.9,70.5,111.4,514.5,259.5,2212.1,0.58
2024-04-01,RN-VLC-ES07,C,tienda,866.0,605.1,82.8,130.8,549.9,258.5,2493.1,0.645
2024-04-01,RN-VLC-ES08,C,tienda,995.7,673.5,91.0,159.9,568.8,354.9,2843.8,0.622
2024-04-01,RN-VLC-ES09,C,tienda,984.5,578.5,78.3,151.2,668.9,277.8,2739.2,0.617
2024-04-01,RN-VLC-ES10,C,tienda,719.3,595.3,73.7,127.8,547.0,285.0,2348.1,0.571
2024-04-01,RN-VLC-GA01,C,tienda,19147.8,12452.8,7499.0,7512.1,4387.0,6197.3,57196.0,0.621
2024-04-01,RN-VLC-HI01,C,tienda,5220.9,3306.0,7815.9,780.9,191.2,1867.7,19182.6,0.568
2024-04-01,RN-VLC-HI02,C,tienda,5213.5,3056.3,8746.6,786.2,211.9,2029.1,20043.6,0.654
2024-04-01,RN-VLC-HI03,C,tienda,5655.6,3414.6,8150.0,798.8,195.0,2075.1,20289.1,0.634
2024-04-01,RN-VLC-HI04,C,tienda,4761.3,2985.6,8078.8,660.8,164.1,1861.7,18512.3,0.592
2024-04-01,RN-VLC-HI05,C,tienda,5797.9,3504.7,8960.0,842.4,216.9,1922.7,21244.6,0.634
2024-04-01,RN-VLC-HI06,C,tienda,4635.4,3109.4,7778.4,746.5,186.2,1915.6,18371.5,0.605
2024-04-01,RN-VLC-HI07,C,tienda,3933.0,2639.8,5884.0,598.1,165.2,1503.0,14723.1,0.652
2024-05-01,CL-BCN-01,B,centro_logistico,3838.3,1827.5,58.0,184.1,124.6,540.9,6573.4,0.746
2024-05-01,CL-BCN-02,B,centro_logistico,3840.2,1609.9,70.8,188.2,130.3,580.8,6420.2,0.862
2024-05-01,CL-BIO-01,E,centro_logistico,2546.8,1000.6,39.0,121.5,79.9,393.5,4181.3,0.916
2024-05-01,CL-MAD-01,A,centro_logistico,3259.7,1676.4,55.3,177.9,108.7,571.9,5849.9,0.846
2024-05-01,CL-MAD-02,A,centro_logistico,3500.8,1543.9,61.6,175.9,105.7,443.2,5831.1,0.755
2024-05-01,CL-MAD-03,A,centro_logistico,3348.6,1572.2,58.4,174.2,127.0,563.3,5843.7,0.798
2024-05-01,CL-SEV-01,D,centro_logistico,2630.1,1435.6,43.3,149.2,106.6,446.9,4811.7,0.669
2024-05-01,CL-VLC-01,C,centro_logistico,3037.8,1477.9,50.8,157.0,92.2,471.3,5287.0,0.73
2024-05-01,CL-VLC-02,C,centro_logistico,2930.3,1183.0,47.9,153.1,107.7,475.8,4897.8,0.684
2024-05-01,RN-BCN-CV01,B,tienda,1000.6,697.2,1805.6,147.4,42.5,411.9,4105.2,0.712
2024-05-01,RN-BCN-CV02,B,tienda,1193.6,817.1,1827.1,167.1,51.3,425.6,4481.8,0.802
2024-05-01,RN-BCN-CV03,B,tienda,1303.7,816.1,1801.3,190.2,54.6,468.7,4634.6,0.72
2024-05-01,RN-BCN-CV04,B,tienda,890.5,592.0,1598.9,132.6,38.6,391.0,3643.6,0.742
2024-05-01,RN-BCN-CV05,B,tienda,1051.9,641.4,1434.3,142.4,39.1,376.6,3685.7,0.66
2024-05-01,RN-BCN-CV06,B,tienda,1090.4,622.0,1741.5,133.6,39.3,411.7,4038.5,0.758
2024-05-01,RN-BCN-CV07,B,tienda,1074.8,661.0,1653.6,131.2,43.3,400.3,3964.2,0.681
2024-05-01,RN-BCN-CV08,B,tienda,1043.7,663.2,1561.0,157.9,40.1,393.2,3859.1,0.648
2024-05-01,RN-BCN-ES01,B,tienda,1150.1,638.6,64.1,169.5,723.9,311.9,3058.1,0.641
2024-05-01,RN-BCN-ES02,B,tienda,1354.6,757.7,74.2,177.9,756.3,373.1,3493.8,0.726
2024-05-01,RN-BCN-ES03,B,tienda,1209.7,766.4,75.2,192.2,768.6,402.9,3415.0,0.675
2024-05-01,RN-BCN-ES04,B,tienda,1170.7,711.4,84.5,195.7,808.8,338.5,3309.6,0.671
2024-05-01,RN-BCN-ES05,B,tienda,1347.6,853.7,80.9,179.1,755.8,430.9,3648.0,0.711
2024-05-01,RN-BCN-ES06,B,tienda,1293.1,720.9,77.9,189.6,817.8,375.3,3474.6,0.671
2024-05-01,RN-BCN-ES07,B,tienda,1177.3,763.4,81.1,190.1,809.3,369.8,3391.0,0.709
2024-05-01,RN-BCN-ES08,B,tienda,988.5,649.6,61.2,148.6,573.2,284.4,2705.5,0.713
2024-05-01,RN-BCN-ES09,B,tienda,1107.4,770.6,79.5,198.8,774.5,376.9,3307.7,0.684
2024-05-01,RN-BCN-ES10,B,tienda,1088.2,707.2,67.1,184.0,604.4,355.1,3006.0,0.703
2024-05-01,RN-BCN-ES11,B,tienda,1214.9,783.4,77.1,201.5,847.9,386.3,3511.1,0.742
2024-05-01,RN-BCN-ES12,B,tienda,1069.7,690.1,69.9,175.2,638.8,325.6,2969.3,0.636
2024-05-01,RN-BCN-ES13,B,tienda,1228.8,796.1,86.8,202.6,859.5,398.9,3572.7,0.703
2024-05-01,RN-BCN-ES14,B,tienda,1350.6,801.2,92.9,214.7,857.7,423.5,3740.6,0.704
2024-05-01,RN-BCN-GA01,B,tienda,23720.4,14305.2,6527.9,10559.8,6131.1,6688.6,67933.0,0.682
2024-05-01,RN-BCN-GA02,B,tienda,24152.4,14336.7,6821.0,11191.0,6682.3,6733.2,69916.6,0.735
2024-05-01,RN-BCN-HI01,B,tienda,4782.6,2707.1,6805.2,923.4,222.1,1861.8,17302.2,0.717
2024-05-01,RN-BCN-HI02,B,tienda,7122.4,4032.3,9723.7,1388.1,370.3,2604.5,25241.3,0.68
2024-05-01,RN-BCN-HI03,B,tienda,4141.9,2937.1,6668.2,839.0,218.6,1691.0,16495.8,0.674
2024-05-01,RN-BCN-HI04,B,tienda,5927.9,3026.1,8008.5,1122.2,261.7,2201.3,20547.7,0.686
2024-05-01,RN-BIO-CV01,E,tienda,1169.7,769.1,1738.2,169.6,37.6,486.6,4370.8,0.86
2024-05-01,RN-BIO-CV02,E,tienda,1109.2,752.3,1915.1,192.2,43.7,451.2,4463.7,0.797
2024-05-01,RN-BIO-CV03,E,tienda,1097.5,665.3,1733.0,146.9,38.3,379.4,4060.4,0.786
2024-05-01,RN-BIO-CV04,E,tienda,1306.3,763.5,1771.7,187.7,48.2,444.6,4522.0,0.884
2024-05-01,RN-BIO-ES01,E,tienda,1201.0,738.4,65.6,196.5,657.7,336.6,3195.8,0.819
2024-05-01,RN-BIO-ES02,E,tienda,957.1,672.8,61.8,183.9,569.5,304.8,2749.9,0.822
2024-05-01,RN-BIO-ES03,E,tienda,1454.5,908.4,102.7,247.2,996.4,426.3,4135.5,0.818
2024-05-01,RN-BIO-ES04,E,tienda,1341.8,907.9,83.8,229.0,821.4,371.9,3755.8,0.778
2024-05-01,RN-BIO-ES05,E,tienda,1311.4,748.1,71.1,223.5,757.5,434.2,3545.8,0.835
2024-05-01,RN-BIO-ES06,E,tienda,1567.1,901.9,103.6,255.8,973.7,456.0,4258.1,0.861
2024-05-01,RN-BIO-ES07,E,tienda,1154.4,799.3,86.4,218.2,758.5,428.4,3445.2,0.778
2024-05-01,RN-BIO-GA01,E,tienda,17295.7,8852.5,4362.3,7947.1,3809.4,5175.3,47442.3,0.832
2024-05-01,RN-BIO-HI01,E,tienda,6146.1,3476.0,8104.1,1224.9,259.2,2132.9,21343.2,0.8
2024-05-01,RN-BIO-HI02,E,tienda,4573.7,2428.2,6133.7,883.3,214.6,1503.4,15736.9,0.873
2024-05-01,RN-MAD-CV01,A,tienda,1071.1,714.7,1800.5,131.4,45.8,399.5,4163.0,0.668
2024-05-01,RN-MAD-CV02,A,tienda,1161.4,704.4,1608.3,154.7,42.4,406.8,4078.0,0.676
2024-05-01,RN-MAD-CV03,A,tienda,942.1,656.4,1508.9,153.7,46.9,421.2,3729.2,0.637
2024-05-01,RN-MAD-CV04,A,tienda,1216.6,772.3,2054.5,181.4,48.4,488.1,4761.3,0.645
2024-05-01,RN-MAD-CV05,A,tienda,788.1,596.1,1472.4,119.4,36.5,297.4,3309.9,0.736
2024-05-01,RN-MAD-CV06,A,tienda,1113.9,687.0,1852.4,141.4,38.8,405.4,4238.9,0.687
2024-05-01,RN-MAD-CV07,A,tienda,1070.5,600.4,1738.2,138.8,37.5,368.0,3953.4,0.703
2024-05-01,RN-MAD-CV08,A,tienda,1383.2,799.4,2152.1,171.6,50.5,481.1,5037.9,0.615
2024-05-01,RN-MAD-CV09,A,tienda,1238.0,785.4,1931.2,177.9,49.2,462.9,4644.6,0.67
2024-05-01,RN-MAD-CV10,A,tienda,1262.8,675.4,1848.6,149.9,46.7,444.3,4427.7,0.693
2024-05-01,RN-MAD-ES01,A,tienda,1552.4,1101.2,99.2,207.8,1007.2,490.7,4458.5,0.637
2024-05-01,RN-MAD-ES02,A,tienda,1050.4,661.1,63.1,154.0,720.7,343.2,2992.5,0.666
2024-05-01,RN-MAD-ES03,A,tienda,1331.0,796.8,88.3,177.2,907.7,426.7,3727.7,0.717
2024-05-01,RN-MAD-ES04,A,tienda,1365.7,770.4,83.3,182.4,919.9,409.1,3730.8,0.728
2024-05-01,RN-MAD-ES05,A,tienda,1172.9,657.9,66.1,136.3,680.3,358.9,3072.4,0.709
2024-05-01,RN-MAD-ES06,A,tienda,1192.7,869.2,78.5,176.8,838.8,408.0,3564.0,0.743
2024-05-01,RN-MAD-ES07,A,tienda,1457.9,847.7,89.0,202.7,887.7,419.3,3904.3,0.63
2024-05-01,RN-MAD-ES08,A,tienda,1134.7,823.8,82.7,189.3,935.3,431.6,3597.4,0.744
2024-05-01,RN-MAD-ES09,A,tienda,1370.4,899.7,85.1,201.7,885.5,392.0,3834.4,0.608
2024-05-01,RN-MAD-ES10,A,tienda,1266.1,815.0,83.1,212.8,851.4,405.1,3633.5,0.684
2024-05-01,RN-MAD-ES11,A,tienda,1203.3,644.9,72.7,130.7,712.6,312.6,3076.8,0.686
2024-05-01,RN-MAD-ES12,A,tienda,1433.0,821.1,85.4,230.2,1015.9,395.6,3981.2,0.696
2024-05-01,RN-MAD-ES13,A,tienda,1275.6,792.2,84.1,171.2,883.9,398.0,3605.0,0.707
2024-05-01,RN-MAD-ES14,A,tienda,1095.1,617.1,62.7,140.3,706.4,322.4,2944.0,0.759
2024-05-01,RN-MAD-ES15,A,tienda,1290.4,728.6,75.6,149.1,802.8,385.3,3431.8,0.68
2024-05-01,RN-MAD-ES16,A,tienda,1258.8,778.4,76.6,173.0,804.2,414.4,3505.4,0.724
2024-05-01,RN-MAD-ES17,A,tienda,1153.4,871.4,92.0,183.4,774.5,392.6,3467.3,0.722
2024-05-01,RN-MAD-ES18,A,tienda,1400.2,959.0,92.7,178.8,908.2,439.9,3978.8,0.745
2024-05-01,RN-MAD-ES19,A,tienda,1302.5,721.5,81.6,174.4,874.0,399.8,3553.8,0.615
2024-05-01,RN-MAD-ES20,A,tienda,1286.5,769.0,79.6,172.0,812.5,385.2,3504.8,0.754
2024-05-01,RN-MAD-GA01,A,tienda,30571.0,19286.9,9097.3,12960.0,8396.5,8726.6,89038.3,0.7
2024-05-01,RN-MAD-GA02,A,tienda,22896.9,13682.5,5295.6,7982.1,5827.3,6673.5,62357.9,0.708
2024-05-01,RN-MAD-GA03,A,tienda,23325.1,14806.1,7505.1,9997.3,6379.7,7060.0,69073.3,0.708
2024-05-01,RN-MAD-HI01,A,tienda,5585.6,3618.5,8066.1,1134.9,285.0,2230.9,20921.0,0.714
2024-05-01,RN-MAD-HI02,A,tienda,4938.5,3068.3,6483.5,1069.7,240.6,1995.2,17795.8,0.653
2024-05-01,RN-MAD-HI03,A,tienda,5748.9,3860.7,7973.3,959.5,286.7,2158.3,20987.4,0.717
2024-05-01,RN-MAD-HI04,A,tienda,5311.8,3677.4,8857.8,1061.8,335.6,2233.6,21478.0,0.645
2024-05-01,RN-MAD-HI05,A,tienda,6084.3,3814.7,8100.7,1070.5,322.3,2476.6,21869.1,0.718
2024-05-01,RN-SEV-CV01,D,tienda,897.6,526.0,1259.9,186.6,39.5,325.0,3234.6,0.431
2024-05-01,RN-SEV-CV02,D,tienda,1061.4,618.6,1540.9,199.4,45.6,398.8,3864.7,0.475
2024-05-01,RN-SEV-CV03,D,tienda,735.1,555.3,1165.0,182.0,43.6,331.6,3012.6,0.557
2024-05-01,RN-SEV-CV04,D,tienda,849.7,525.4,1312.5,180.8,41.1,347.8,3257.3,0.572
2024-05-01,RN-SEV-CV05,D,tienda,831.4,474.5,1138.7,151.6,36.7,311.9,2944.8,0.511
2024-05-01,RN-SEV-CV06,D,tienda,793.9,576.1,1219.7,184.9,40.0,355.2,3169.8,0.487
2024-05-01,RN-SEV-CV07,D,tienda,788.2,541.1,1102.6,173.6,32.4,324.0,2961.9,0.54
2024-05-01,RN-SEV-CV08,D,tienda,970.1,663.0,1367.7,207.6,40.3,348.2,3596.9,0.544
2024-05-01,RN-SEV-CV09,D,tienda,855.0,621.9,1486.0,202.6,46.7,383.2,3595.4,0.495
2024-05-01,RN-SEV-CV10,D,tienda,867.9,612.9,1332.8,181.0,42.5,375.5,3412.6,0.524
2024-05-01,RN-SEV-ES01,D,tienda,1123.6,708.9,55.1,215.6,662.0,360.2,3125.4,0.526
2024-05-01,RN-SEV-ES02,D,tienda,1044.0,629.4,49.1,187.4,602.3,318.3,2830.5,0.553
2024-05-01,RN-SEV-ES03,D,tienda,1060.1,622.7,55.3,197.3,624.7,332.7,2892.8,0.684
2024-05-01,RN-SEV-ES04,D,tienda,1008.6,578.4,45.4,184.6,512.3,236.7,2566.0,0.461
2024-05-01,RN-SEV-ES05,D,tienda,797.3,532.6,43.7,155.1,458.9,235.9,2223.5,0.58
2024-05-01,RN-SEV-ES06,D,tienda,1123.6,676.7,67.3,220.3,722.2,406.1,3216.2,0.567
2024-05-01,RN-SEV-ES07,D,tienda,1273.8,758.8,69.6,233.4,754.6,392.7,3482.9,0.521
2024-05-01,RN-SEV-ES08,D,tienda,928.3,772.6,61.2,207.5,674.0,357.0,3000.6,0.614
2024-05-01,RN-SEV-ES09,D,tienda,959.8,585.7,54.4,198.5,627.0,319.9,2745.3,0.549
2024-05-01,RN-SEV-ES10,D,tienda,1031.4,674.4,58.8,194.7,608.2,332.2,2899.7,0.53
2024-05-01,RN-SEV-ES11,D,tienda,1085.8,597.6,51.1,178.9,665.7,305.7,2884.8,0.524
2024-05-01,RN-SEV-ES12,D,tienda,814.1,584.5,46.8,179.7,571.7,315.6,2512.4,0.481
2024-05-01,RN-SEV-GA01,D,tienda,12489.3,7530.5,2419.0,6082.3,2692.0,3405.1,34618.2,0.524
2024-05-01,RN-SEV-HI01,D,tienda,3726.6,2393.1,4715.5,1017.3,211.7,1308.3,13372.5,0.559
2024-05-01,RN-SEV-HI02,D,tienda,4052.9,2576.3,4545.3,1130.0,218.4,1450.2,13973.1,0.514
2024-05-01,RN-SEV-HI03,D,tienda,3450.2,2304.7,4577.5,1089.8,196.5,1295.8,12914.5,0.559
2024-05-01,RN-SEV-HI04,D,tienda,4945.4,2795.9,5524.2,1391.5,254.5,1646.6,16558.1,0.578
2024-05-01,RN-VLC-CV01,C,tienda,949.8,696.3,1523.8,116.9,26.9,408.4,3722.1,0.578
2024-05-01,RN-VLC-CV02,C,tienda,1106.5,685.1,1846.1,108.2,27.7,413.6,4187.2,0.628
2024-05-01,RN-VLC-CV03,C,tienda,1033.9,636.5,1718.2,116.8,31.2,453.5,3990.1,0.653
2024-05-01,RN-VLC-CV04,C,tienda,945.2,582.2,1580.3,96.9,25.2,379.2,3609.0,0.584
2024-05-01,RN-VLC-CV05,C,tienda,757.1,475.3,1449.0,92.2,21.4,306.6,3101.6,0.636
2024-05-01,RN-VLC-CV06,C,tienda,1150.9,734.4,1747.1,130.9,31.9,482.3,4277.5,0.656
2024-05-01,RN-VLC-CV07,C,tienda,914.4,642.7,1642.2,93.6,26.3,355.0,3674.2,0.618
2024-05-01,RN-VLC-CV08,C,tienda,830.7,527.2,1205.2,82.4,22.5,336.2,3004.2,0.536
2024-05-01,RN-VLC-CV09,C,tienda,819.3,554.6,1508.8,91.8,21.1,341.8,3337.4,0.595
2024-05-01,RN-VLC-ES01,C,tienda,1075.0,704.5,91.7,164.5,677.1,316.2,3029.0,0.631
2024-05-01,RN-VLC-ES02,C,tienda,862.5,534.8,71.2,127.6,430.4,244.7,2271.2,0.628
2024-05-01,RN-VLC-ES03,C,tienda,872.9,627.1,69.0,138.3,574.0,316.6,2597.9,0.547
2024-05-01,RN-VLC-ES04,C,tienda,988.8,619.7,95.5,143.7,647.5,320.0,2815.2,0.575
2024-05-01,RN-VLC-ES05,C,tienda,962.6,664.8,78.9,147.4,686.0,305.2,2844.9,0.62
2024-05-01,RN-VLC-ES06,C,tienda,765.2,525.3,68.5,118.6,477.3,285.5,2240.4,0.61
2024-05-01,RN-VLC-ES07,C,tienda,896.4,587.0,81.5,131.9,573.9,296.7,2567.4,0.571
2024-05-01,RN-VLC-ES08,C,tienda,1123.6,653.2,89.9,146.3,736.3,371.4,3120.7,0.558
2024-05-01,RN-VLC-ES09,C,tienda,885.6,620.1,78.4,137.4,636.8,278.8,2637.1,0.554
2024-05-01,RN-VLC-ES10,C,tienda,832.1,512.4,74.6,141.3,535.9,262.0,2358.3,0.631
2024-05-01,RN-VLC-GA01,C,tienda,16590.1,10282.1,7430.0,6744.4,4390.1,5058.8,50495.5,0.599
2024-05-01,RN-VLC-HI01,C,tienda,4855.0,2929.9,7900.4,755.4,177.2,2089.4,18707.3,0.649
2024-05-01,RN-VLC-HI02,C,tienda,5272.1,3624.0,8486.3,705.0,207.8,2023.2,20318.4,0.722
2024-05-01,RN-VLC-HI03,C,tienda,5991.8,3798.9,8842.5,782.9,212.8,2312.2,21941.1,0.609
2024-05-01,RN-VLC-HI04,C,tienda,4590.1,2765.0,7674.1,710.4,180.1,1690.9,17610.6,0.594
2024-05-01,RN-VLC-HI05,C,tienda,5955.6,3374.7,8732.7,739.6,202.6,2137.3,21142.5,0.591
2024-05-01,RN-VLC-HI06,C,tienda,4903.2,3149.6,7971.8,736.4,179.2,2006.5,18946.7,0.6
2024-05-01,RN-VLC-HI07,C,tienda,3520.2,2543.3,6482.7,608.6,152.5,1649.3,14956.6,0.554
2024-06-01,CL-BCN-01,B,centro_logistico,3430.2,2081.3,71.0,192.1,125.5,643.6,6543.7,0.857
2024-06-01,CL-BCN-02,B,centro_logistico,4050.7,1633.4,66.7,228.2,154.2,596.8,6730.0,0.781
2024-06-01,CL-BIO-01,E,centro_logistico,2391.6,1189.0,36.0,134.8,70.5,352.0,4173.9,0.9
2024-06-01,CL-MAD-01,A,centro_logistico,3100.7,1603.0,60.8,182.5,114.5,484.5,5546.0,0.755
2024-06-01,CL-MAD-02,A,centro_logistico,3623.1,1658.7,56.7,179.5,122.4,492.5,6132.9,0.758
2024-06-01,CL-MAD-03,A,centro_logistico,3273.4,1706.9,58.9,196.5,120.6,549.1,5905.4,0.797
2024-06-01,CL-SEV-01,D,centro_logistico,2742.2,1356.9,52.1,151.4,101.5,426.4,4830.5,0.607
2024-06-01,CL-VLC-01,C,centro_logistico,3330.3,1404.2,62.9,143.0,98.0,453.7,5492.1,0.702
2024-06-01,CL-VLC-02,C,centro_logistico,3028.6,1255.6,55.2,171.5,109.2,491.3,5111.4,0.7
2024-06-01,RN-BCN-CV01,B,tienda,1039.2,659.9,1767.4,145.0,38.9,396.9,4047.3,0.672
2024-06-01,RN-BCN-CV02,B,tienda,1169.7,731.1,1781.4,174.0,45.2,467.6,4369.0,0.725
2024-06-01,RN-BCN-CV03,B,tienda,1094.3,745.8,2077.5,181.1,44.5,465.2,4608.4,0.74
2024-06-01,RN-BCN-CV04,B,tienda,944.3,612.0,1511.4,143.5,38.7,372.8,3622.7,0.673
2024-06-01,RN-BCN-CV05,B,tienda,1027.6,636.8,1582.0,168.1,39.1,438.8,3892.4,0.69
2024-06-01,RN-BCN-CV06,B,tienda,1017.9,653.4,1662.3,149.2,45.9,417.9,3946.6,0.673
2024-06-01,RN-BCN-CV07,B,tienda,1069.8,643.6,1859.0,151.2,45.9,440.6,4210.1,0.713
2024-06-01,RN-BCN-CV08,B,tienda,1046.7,681.1,1685.5,170.3,42.0,428.8,4054.4,0.716
2024-06-01,RN-BCN-ES01,B,tienda,914.9,727.3,71.0,167.3,600.4,324.0,2804.9,0.761
2024-06-01,RN-BCN-ES02,B,tienda,1197.5,744.1,83.0,176.8,728.6,360.9,3290.9,0.756
2024-06-01,RN-BCN-ES03,B,tienda,1333.1,842.2,88.9,190.5,802.6,430.8,3688.1,0.65
2024-06-01,RN-BCN-ES04,B,tienda,1258.3,837.5,74.9,204.2,704.2,351.0,3430.1,0.678
2024-06-01,RN-BCN-ES05,B,tienda,1385.4,903.3,71.7,208.8,865.5,429.8,3864.5,0.698
2024-06-01,RN-BCN-ES06,B,tienda,1202.4,738.4,72.2,204.0,687.3,367.2,3271.5,0.707
2024-06-01,RN-BCN-ES07,B,tienda,1265.1,670.9,77.4,195.5,807.1,400.0,3416.0,0.669
2024-06-01,RN-BCN-ES08,B,tienda,982.7,580.8,56.2,136.6,610.8,315.1,2682.2,0.65
2024-06-01,RN-BCN-ES09,B,tienda,1218.8,797.4,90.3,191.6,814.3,399.8,3512.2,0.741
2024-06-01,RN-BCN-ES10,B,tienda,1152.1,716.1,68.9,172.8,711.2,348.6,3169.7,0.718
2024-06-01,RN-BCN-ES11,B,tienda,1157.8,696.0,74.7,184.1,725.6,377.7,3215.9,0.71
2024-06-01,RN-BCN-ES12,B,tienda,1138.2,696.0,68.4,164.1,764.3,341.9,3172.9,0.762
2024-06-01,RN-BCN-ES13,B,tienda,1151.9,714.7,85.9,203.0,811.1,394.2,3360.8,0.686
2024-06-01,RN-BCN-ES14,B,tienda,1177.2,866.7,82.8,203.0,852.5,395.2,3577.4,0.745
2024-06-01,RN-BCN-GA01,B,tienda,22146.8,13525.4,6122.7,10183.3,5539.6,6815.1,64332.9,0.728
2024-06-01,RN-BCN-GA02,B,tienda,28502.3,16675.3,8252.6,11231.8,6617.2,7413.2,78692.4,0.74
2024-06-01,RN-BCN-HI01,B,tienda,5184.0,2942.3,6829.9,894.6,240.0,1554.8,17645.6,0.723
2024-06-01,RN-BCN-HI02,B,tienda,6108.1,4001.1,9486.3,1230.3,338.1,2328.8,23492.7,0.659
2024-06-01,RN-BCN-HI03,B,tienda,4703.0,2667.7,6345.8,963.8,233.5,1764.2,16678.0,0.69
2024-06-01,RN-BCN-HI04,B,tienda,5476.1,3171.9,8585.4,1125.0,250.4,2213.3,20822.1,0.662
2024-06-01,RN-BIO-CV01,E,tienda,1267.2,759.1,1963.7,177.5,42.0,509.3,4718.8,0.783
2024-06-01,RN-BIO-CV02,E,tienda,1121.5,647.7,1802.4,169.4,35.9,512.7,4289.6,0.816
2024-06-01,RN-BIO-CV03,E,tienda,1071.8,700.2,1677.2,158.5,37.2,414.0,4058.9,0.772
2024-06-01,RN-BIO-CV04,E,tienda,1252.3,744.4,1984.8,183.2,40.9,443.3,4648.9,0.795
2024-06-01,RN-BIO-ES01,E,tienda,1115.2,669.0,76.1,197.5,651.1,329.1,3038.0,0.763
2024-06-01,RN-BIO-ES02,E,tienda,988.0,590.1,54.6,176.0,599.6,330.5,2738.8,0.758
2024-06-01,RN-BIO-ES03,E,tienda,1655.6,950.7,89.0,287.9,1013.5,498.5,4495.2,0.855
2024-06-01,RN-BIO-ES04,E,tienda,1231.7,688.1,86.2,224.7,745.0,360.9,3336.6,0.842
2024-06-01,RN-BIO-ES05,E,tienda,1288.7,793.9,80.5,228.1,724.9,346.7,3462.8,0.86
2024-06-01,RN-BIO-ES06,E,tienda,1399.7,826.4,103.5,282.5,954.1,426.3,3992.5,0.873
2024-06-01,RN-BIO-ES07,E,tienda,1237.2,763.5,82.6,197.4,787.5,371.3,3439.5,0.834
2024-06-01,RN-BIO-GA01,E,tienda,19205.5,11620.8,4171.9,8021.7,3735.1,5463.6,52218.6,0.827
2024-06-01,RN-BIO-HI01,E,tienda,5978.4,3651.2,7803.0,1269.6,263.0,2070.3,21035.5,0.812
2024-06-01,RN-BIO-HI02,E,tienda,4254.7,2718.5,5779.9,1024.3,204.6,1878.9,15860.9,0.843
2024-06-01,RN-MAD-CV01,A,tienda,1115.2,652.2,1907.7,158.8,43.8,438.5,4316.2,0.687
2024-06-01,RN-MAD-CV02,A,tienda,1060.9,653.8,1948.1,161.2,41.0,440.4,4305.4,0.617
2024-06-01,RN-MAD-CV03,A,tienda,1151.8,668.4,1467.3,150.2,45.0,422.2,3904.9,0.709
2024-06-01,RN-MAD-CV04,A,tienda,1204.5,711.2,1893.2,153.3,49.4,477.8,4489.4,0.764
2024-06-01,RN-MAD-CV05,A,tienda,916.6,504.1,1604.3,125.5,38.2,342.0,3530.7,0.727
2024-06-01,RN-MAD-CV06,A,tienda,955.5,617.9,1577.6,125.2,39.0,374.1,3689.3,0.714
2024-06-01,RN-MAD-CV07,A,tienda,1056.1,623.9,1691.9,137.9,41.3,372.2,3923.3,0.662
2024-06-01,RN-MAD-CV08,A,tienda,1234.4,830.4,2092.2,168.2,54.0,407.6,4786.8,0.696
2024-06-01,RN-MAD-CV09,A,tienda,1163.6,750.3,2002.5,163.1,53.8,468.2,4601.5,0.702
2024-06-01,RN-MAD-CV10,A,tienda,1052.7,800.1,1807.6,153.2,43.8,428.0,4285.4,0.702
2024-06-01,RN-MAD-ES01,A,tienda,1672.0,949.9,92.3,220.0,1079.4,494.6,4508.2,0.712
2024-06-01,RN-MAD-ES02,A,tienda,996.0,666.0,68.6,155.5,740.1,333.3,2959.5,0.656
2024-06-01,RN-MAD-ES03,A,tienda,1302.9,765.9,87.4,213.2,839.6,402.9,3611.9,0.691
2024-06-01,RN-MAD-ES04,A,tienda,1299.1,755.2,91.0,205.0,965.0,388.8,3704.1,0.742
2024-06-01,RN-MAD-ES05,A,tienda,1057.6,693.3,75.7,168.5,697.7,359.2,3052.0,0.688
2024-06-01,RN-MAD-ES06,A,tienda,1266.8,845.3,85.8,193.2,1000.7,455.6,3847.4,0.728
2024-06-01,RN-MAD-ES07,A,tienda,1392.4,815.3,81.7,202.8,911.9,408.7,3812.8,0.637
2024-06-01,RN-MAD-ES08,A,tienda,1476.8,817.5,83.9,210.7,910.8,419.1,3918.8,0.692
2024-06-01,RN-MAD-ES09,A,tienda,1284.8,766.5,78.8,166.5,803.9,381.3,3481.8,0.621
2024-06-01,RN-MAD-ES10,A,tienda,1297.4,842.2,93.3,184.5,815.1,415.8,3648.3,0.727
2024-06-01,RN-MAD-ES11,A,tienda,1062.9,635.8,75.2,148.0,819.9,374.9,3116.7,0.707
2024-06-01,RN-MAD-ES12,A,tienda,1463.3,953.0,95.0,185.9,877.2,410.0,3984.4,0.726
2024-06-01,RN-MAD-ES13,A,tienda,1380.7,785.7,85.0,183.0,898.7,389.6,3722.7,0.751
2024-06-01,RN-MAD-ES14,A,tienda,947.1,687.3,71.5,165.7,663.0,343.1,2877.7,0.674
2024-06-01,RN-MAD-ES15,A,tienda,1122.9,717.0,72.0,168.0,760.9,358.4,3199.2,0.607
2024-06-01,RN-MAD-ES16,A,tienda,1255.4,782.5,71.2,164.6,851.7,405.2,3530.6,0.606
2024-06-01,RN-MAD-ES17,A,tienda,1409.7,935.4,91.2,189.5,816.3,427.2,3869.3,0.644
2024-06-01,RN-MAD-ES18,A,tienda,1460.0,883.4,101.2,200.5,929.5,402.8,3977.4,0.687
2024-06-01,RN-MAD-ES19,A,tienda,1302.0,879.6,84.0,181.2,818.9,385.7,3651.4,0.659
2024-06-01,RN-MAD-ES20,A,tienda,1168.9,805.1,73.8,179.5,728.3,356.7,3312.3,0.704
2024-06-01,RN-MAD-GA01,A,tienda,29894.8,19035.3,8252.4,13751.7,8880.2,8757.9,88572.3,0.697
2024-06-01,RN-MAD-GA02,A,tienda,19538.1,11979.8,6047.7,8555.9,6112.1,6219.0,58452.6,0.756
2024-06-01,RN-MAD-GA03,A,tienda,27938.0,14165.2,6087.9,9551.9,6062.2,7106.1,70911.3,0.6
2024-06-01,RN-MAD-HI01,A,tienda,4875.2,3594.3,7503.4,1090.9,292.3,1828.2,19184.3,0.637
2024-06-01,RN-MAD-HI02,A,tienda,5436.0,3279.8,6933.2,880.8,230.1,1903.9,18663.8,0.663
2024-06-01,RN-MAD-HI03,A,tienda,5807.5,3693.0,7640.5,1139.8,310.6,2081.5,20672.9,0.66
2024-06-01,RN-MAD-HI04,A,tienda,6228.7,3884.5,8376.4,1243.6,314.4,2346.6,22394.2,0.742
2024-06-01,RN-MAD-HI05,A,tienda,6371.2,4012.9,8879.7,1186.5,291.2,2472.7,23214.2,0.68
2024-06-01,RN-SEV-CV01,D,tienda,869.6,570.8,1236.0,186.2,45.9,330.4,3238.9,0.587
2024-06-01,RN-SEV-CV02,D,tienda,1188.2,719.2,1566.7,204.9,46.6,424.1,4149.7,0.678
2024-06-01,RN-SEV-CV03,D,tienda,872.2,503.7,1203.6,177.5,42.4,323.1,3122.5,0.522
2024-06-01,RN-SEV-CV04,D,tienda,742.1,546.8,1193.9,170.6,38.8,316.6,3008.8,0.526
2024-06-01,RN-SEV-CV05,D,tienda,809.7,452.7,1063.4,153.8,36.4,322.0,2838.0,0.573
2024-06-01,RN-SEV-CV06,D,tienda,882.6,558.0,1260.0,183.7,40.5,365.0,3289.8,0.57
2024-06-01,RN-SEV-CV07,D,tienda,854.1,571.1,1382.2,167.4,41.8,310.3,3326.9,0.585
2024-06-01,RN-SEV-CV08,D,tienda,957.4,589.2,1480.9,199.3,45.8,410.0,3682.6,0.485
2024-06-01,RN-SEV-CV09,D,tienda,960.6,605.9,1299.6,190.5,49.5,355.5,3461.6,0.471
2024-06-01,RN-SEV-CV10,D,tienda,860.1,587.9,1432.3,186.1,43.3,337.0,3446.7,0.616
2024-06-01,RN-SEV-ES01,D,tienda,1123.7,696.9,61.5,195.3,712.0,339.0,3128.4,0.473
2024-06-01,RN-SEV-ES02,D,tienda,1072.8,627.2,55.1,202.4,624.6,257.7,2839.8,0.573
2024-06-01,RN-SEV-ES03,D,tienda,1065.6,690.2,59.2,212.0,693.1,355.1,3075.2,0.573
2024-06-01,RN-SEV-ES04,D,tienda,894.8,552.6,46.3,175.3,502.7,271.7,2443.4,0.526
2024-06-01,RN-SEV-ES05,D,tienda,836.8,532.5,42.9,172.3,558.9,258.5,2401.9,0.5
2024-06-01,RN-SEV-ES06,D,tienda,1153.8,714.0,58.5,226.7,649.1,378.5,3180.6,0.502
2024-06-01,RN-SEV-ES07,D,tienda,1158.0,713.3,58.8,216.8,622.6,380.0,3149.5,0.524
2024-06-01,RN-SEV-ES08,D,tienda,1110.7,666.8,56.8,218.2,654.6,282.4,2989.5,0.569
2024-06-01,RN-SEV-ES09,D,tienda,1046.2,571.3,52.5,193.7,616.2,297.6,2777.5,0.602
2024-06-01,RN-SEV-ES10,D,tienda,1064.1,717.7,55.9,205.7,645.2,300.6,2989.2,0.516
2024-06-01,RN-SEV-ES11,D,tienda,1055.7,658.7,53.5,191.0,582.9,301.4,2843.2,0.602
2024-06-01,RN-SEV-ES12,D,tienda,920.8,576.6,49.1,167.2,547.1,277.2,2538.0,0.5
2024-06-01,RN-SEV-GA01,D,tienda,14451.9,7807.9,2270.1,6030.6,2879.8,3710.7,37151.0,0.536
2024-06-01,RN-SEV-HI01,D,tienda,3814.7,2216.0,4414.1,1073.8,233.0,1224.2,12975.8,0.508
2024-06-01,RN-SEV-HI02,D,tienda,3968.9,2704.7,4964.4,1132.3,226.5,1385.8,14382.6,0.504
2024-06-01,RN-SEV-HI03,D,tienda,3818.0,2267.4,4000.7,884.6,215.8,1318.8,12505.3,0.592
2024-06-01,RN-SEV-HI04,D,tienda,4659.4,2880.0,5596.2,1241.3,275.4,1609.0,16261.3,0.553
2024-06-01,RN-VLC-CV01,C,tienda,983.2,544.0,1705.4,96.5,25.5,393.0,3747.6,0.67
2024-06-01,RN-VLC-CV02,C,tienda,926.1,636.5,1674.0,110.3,27.3,417.0,3791.2,0.634
2024-06-01,RN-VLC-CV03,C,tienda,1091.6,716.5,1878.7,127.5,29.2,449.3,4292.8,0.553
2024-06-01,RN-VLC-CV04,C,tienda,871.2,573.2,1596.7,101.9,27.4,397.8,3568.2,0.657
2024-06-01,RN-VLC-CV05,C,tienda,911.2,486.6,1422.4,88.8,21.5,309.3,3239.8,0.676
2024-06-01,RN-VLC-CV06,C,tienda,1226.5,688.4,2166.2,123.8,33.9,495.6,4734.4,0.644
2024-06-01,RN-VLC-CV07,C,tienda,823.7,555.6,1583.5,93.8,26.5,381.3,3464.4,0.589
2024-06-01,RN-VLC-CV08,C,tienda,798.6,487.9,1393.1,87.6,21.0,322.9,3111.1,0.582
2024-06-01,RN-VLC-CV09,C,tienda,902.4,543.9,1500.1,89.4,24.1,357.8,3417.7,0.627
2024-06-01,RN-VLC-ES01,C,tienda,1104.6,714.3,88.3,174.0,632.6,371.6,3085.4,0.679
2024-06-01,RN-VLC-ES02,C,tienda,868.8,492.3,71.2,132.1,512.5,284.9,2361.8,0.575
2024-06-01,RN-VLC-ES03,C,tienda,898.5,580.0,86.8,142.5,575.0,241.2,2524.0,0.617
2024-06-01,RN-VLC-ES04,C,tienda,962.1,624.3,88.1,145.8,645.9,285.0,2751.2,0.552
2024-06-01,RN-VLC-ES05,C,tienda,969.0,717.1,89.2,147.4,697.7,315.9,2936.3,0.615
2024-06-01,RN-VLC-ES06,C,tienda,702.4,493.7,65.2,109.2,434.7,229.9,2035.1,0.619
2024-06-01,RN-VLC-ES07,C,tienda,889.7,520.3,84.7,130.4,624.4,252.4,2501.9,0.55
2024-06-01,RN-VLC-ES08,C,tienda,1032.8,758.1,101.0,175.6,723.2,344.6,3135.3,0.651
2024-06-01,RN-VLC-ES09,C,tienda,1060.3,636.6,80.1,135.8,639.1,302.4,2854.3,0.557
2024-06-01,RN-VLC-ES10,C,tienda,836.4,505.0,74.8,133.1,517.7,246.5,2313.5,0.617
2024-06-01,RN-VLC-GA01,C,tienda,19749.5,10963.3,7087.5,7555.3,4424.0,5636.5,55416.1,0.552
2024-06-01,RN-VLC-HI01,C,tienda,6186.5,3588.2,7783.6,833.0,198.7,2180.8,20770.8,0.608
2024-06-01,RN-VLC-HI02,C,tienda,5515.5,3767.7,8294.3,828.3,224.5,2063.7,20694.0,0.642
2024-06-01,RN-VLC-HI03,C,tienda,5327.9,3747.8,9621.4,832.0,223.3,2149.4,21901.8,0.63
2024-06-01,RN-VLC-HI04,C,tienda,4156.0,2991.8,8172.3,671.0,184.9,1520.9,17696.9,0.555
2024-06-01,RN-VLC-HI05,C,tienda,4889.4,3350.5,7844.8,868.1,203.7,1933.3,19089.8,0.619
2024-06-01,RN-VLC-HI06,C,tienda,4696.8,3347.0,7175.1,701.0,167.7,1693.6,17781.2,0.622
2024-06-01,RN-VLC-HI07,C,tienda,3810.2,2440.4,6407.0,618.2,144.6,1631.3,15051.7,0.604
2024-07-01,CL-BCN-01,B,centro_logistico,3585.4,1977.3,73.3,248.8,139.0,727.5,6751.3,0.804
2024-07-01,CL-BCN-02,B,centro_logistico,4400.0,1820.6,81.1,211.6,144.5,725.8,7383.6,0.844
2024-07-01,CL-BIO-01,E,centro_logistico,2762.2,1188.2,48.2,150.9,98.2,415.1,4662.8,0.957
2024-07-01,CL-MAD-01,A,centro_logistico,3712.0,1668.4,67.9,179.7,131.5,658.5,6418.0,0.769
2024-07-01,CL-MAD-02,A,centro_logistico,3853.0,1824.3,62.2,218.6,140.5,624.1,6722.7,0.78
2024-07-01,CL-MAD-03,A,centro_logistico,3561.5,1738.0,67.5,211.5,145.9,621.2,6345.6,0.8
2024-07-01,CL-SEV-01,D,centro_logistico,2790.9,1252.2,50.4,172.7,112.8,474.7,4853.7,0.631
2024-07-01,CL-VLC-01,C,centro_logistico,3389.9,1692.0,58.2,165.6,119.2,553.0,5977.9,0.672
2024-07-01,CL-VLC-02,C,centro_logistico,3321.3,1704.0,48.4,170.1,119.5,511.0,5874.3,0.696
2024-07-01,RN-BCN-CV01,B,tienda,1362.2,762.3,1930.2,156.6,53.0,479.8,4744.1,0.677
2024-07-01,RN-BCN-CV02,B,tienda,1258.9,754.7,2089.5,192.2,53.4,535.9,4884.6,0.677
2024-07-01,RN-BCN-CV03,B,tienda,1412.4,995.4,2222.6,213.8,65.5,580.2,5489.9,0.682
2024-07-01,RN-BCN-CV04,B,tienda,1119.4,637.4,1718.7,144.5,46.4,442.5,4108.9,0.759
2024-07-01,RN-BCN-CV05,B,tienda,1146.0,733.6,1838.4,161.2,48.9,463.9,4392.0,0.748
2024-07-01,RN-BCN-CV06,B,tienda,1142.7,698.9,1974.1,179.6,49.6,493.6,4538.5,0.756
2024-07-01,RN-BCN-CV07,B,tienda,1227.0,722.7,1904.7,201.2,47.7,419.8,4523.1,0.686
2024-07-01,RN-BCN-CV08,B,tienda,1228.0,740.8,2066.8,204.2,48.7,513.0,4801.5,0.789
2024-07-01,RN-BCN-ES01,B,tienda,1584.2,918.9,111.1,242.7,975.0,460.5,4292.4,0.721
2024-07-01,RN-BCN-ES02,B,tienda,1653.6,1215.6,108.1,274.1,1109.6,595.7,4956.7,0.73
2024-07-01,RN-BCN-ES03,B,tienda,1780.2,1144.4,111.5,286.3,1224.1,532.5,5079.0,0.747
2024-07-01,RN-BCN-ES04,B,tienda,1721.8,1054.4,101.3,251.5,1038.5,504.3,4671.8,0.759
2024-07-01,RN-BCN-ES05,B,tienda,1647.1,1150.0,118.8,273.7,1174.0,571.6,4935.2,0.779
2024-07-01,RN-BCN-ES06,B,tienda,1735.9,1069.4,123.3,259.6,1079.3,615.7,4883.2,0.656
2024-07-01,RN-BCN-ES07,B,tienda,1304.8,906.7,96.7,238.6,1037.7,429.5,4014.0,0.676
2024-07-01,RN-BCN-ES08,B,tienda,1245.8,791.6,92.3,197.7,842.6,431.9,3601.9,0.72
2024-07-01,RN-BCN-ES09,B,tienda,1788.0,1140.0,126.0,261.0,1045.1,523.8,4883.9,0.72
2024-07-01,RN-BCN-ES10,B,tienda,1417.0,994.9,109.6,245.7,1008.9,491.7,4267.8,0.689
2024-07-01,RN-BCN-ES11,B,tienda,1575.2,986.0,104.6,270.5,1163.0,554.6,4653.9,0.748
2024-07-01,RN-BCN-ES12,B,tienda,1385.0,1063.9,100.3,231.0,1100.0,453.7,4333.9,0.672
2024-07-01,RN-BCN-ES13,B,tienda,1675.4,1077.0,110.6,267.4,1168.2,512.3,4810.9,0.741
2024-07-01,RN-BCN-ES14,B,tienda,1663.4,1144.1,116.2,293.9,971.3,607.6,4796.5,0.726
2024-07-01,RN-BCN-GA01,B,tienda,26673.6,16510.8,7263.6,12054.3,6897.2,8912.5,78312.0,0.714
2024-07-01,RN-BCN-GA02,B,tienda,33904.2,20851.1,8532.7,14016.7,7965.9,8763.0,94033.6,0.739
2024-07-01,RN-BCN-HI01,B,tienda,5929.1,3258.1,8122.2,1049.9,294.3,1996.2,20649.8,0.767
2024-07-01,RN-BCN-HI02,B,tienda,8331.0,5171.9,12295.9,1524.5,392.6,2926.7,30642.6,0.737
2024-07-01,RN-BCN-HI03,B,tienda,5307.4,3395.2,7512.2,1051.2,276.6,2094.8,19637.4,0.675
2024-07-01,RN-BCN-HI04,B,tienda,6897.7,4233.3,10524.1,1518.1,352.0,2669.0,26194.2,0.654
2024-07-01,RN-BIO-CV01,E,tienda,1247.9,670.4,1932.8,194.8,49.2,511.0,4606.1,0.764
2024-07-01,RN-BIO-CV02,E,tienda,1322.5,703.9,1664.7,202.5,46.6,452.6,4392.8,0.803
2024-07-01,RN-BIO-CV03,E,tienda,1249.5,730.5,2043.7,181.0,42.0,451.8,4698.5,0.886
2024-07-01,RN-BIO-CV04,E,tienda,1467.4,909.2,2084.2,226.9,53.0,519.3,5260.0,0.955
2024-07-01,RN-BIO-ES01,E,tienda,1434.8,931.7,93.6,253.0,833.2,447.5,3993.8,0.814
2024-07-01,RN-BIO-ES02,E,tienda,1407.1,799.6,85.4,237.5,872.0,404.4,3806.0,0.833
2024-07-01,RN-BIO-ES03,E,tienda,1870.4,1280.8,122.9,342.0,1270.8,632.1,5519.0,0.789
2024-07-01,RN-BIO-ES04,E,tienda,1718.3,1136.4,111.8,282.8,1180.3,517.3,4946.9,0.801
2024-07-01,RN-BIO-ES05,E,tienda,1672.1,938.8,102.3,308.2,957.2,457.7,4436.3,0.871
2024-07-01,RN-BIO-ES06,E,tienda,2031.7,1166.9,121.3,376.2,1097.6,626.8,5420.5,0.82
2024-07-01,RN-BIO-ES07,E,tienda,1683.2,1088.4,105.2,287.8,1057.4,560.2,4782.2,0.809
2024-07-01,RN-BIO-GA01,E,tienda,18292.3,11270.7,5105.3,9303.6,4424.9,5585.9,53982.7,0.811
2024-07-01,RN-BIO-HI01,E,tienda,6665.8,3428.7,9137.8,1488.6,304.6,2418.8,23444.3,0.818
2024-07-01,RN-BIO-HI02,E,tienda,4872.3,2798.8,6785.1,1039.5,204.9,1760.0,17460.6,0.826
2024-07-01,RN-MAD-CV01,A,tienda,1027.0,635.7,1728.7,156.6,45.0,433.0,4026.0,0.709
2024-07-01,RN-MAD-CV02,A,tienda,1112.6,712.4,2047.3,154.8,48.4,476.5,4552.0,0.672
2024-07-01,RN-MAD-CV03,A,tienda,1096.3,695.4,1594.3,153.6,48.7,440.4,4028.7,0.7
2024-07-01,RN-MAD-CV04,A,tienda,1201.9,840.2,2265.7,197.2,49.1,469.5,5023.6,0.736
2024-07-01,RN-MAD-CV05,A,tienda,906.4,581.3,1477.5,135.2,33.7,379.0,3513.1,0.785
2024-07-01,RN-MAD-CV06,A,tienda,1103.9,641.6,1836.6,163.5,47.8,452.3,4245.7,0.613
2024-07-01,RN-MAD-CV07,A,tienda,1141.2,645.1,1615.4,149.2,41.6,419.3,4011.8,0.613
2024-07-01,RN-MAD-CV08,A,tienda,1199.5,773.0,1973.6,164.2,48.4,488.3,4647.0,0.622
2024-07-01,RN-MAD-CV09,A,tienda,1260.6,914.5,2300.1,197.9,52.3,497.3,5222.7,0.658
2024-07-01,RN-MAD-CV10,A,tienda,1189.9,826.5,2006.8,168.8,51.2,484.5,4727.7,0.718
2024-07-01,RN-MAD-ES01,A,tienda,1755.6,1165.1,123.2,263.6,1193.7,642.4,5143.6,0.76
2024-07-01,RN-MAD-ES02,A,tienda,1377.2,748.0,86.2,176.6,903.2,377.7,3668.9,0.626
2024-07-01,RN-MAD-ES03,A,tienda,1601.8,990.0,102.7,217.2,1025.9,462.0,4399.6,0.692
2024-07-01,RN-MAD-ES04,A,tienda,1455.7,1029.3,106.3,236.8,986.1,562.2,4376.4,0.64
2024-07-01,RN-MAD-ES05,A,tienda,1411.6,888.4,95.8,223.1,942.0,436.9,3997.8,0.607
2024-07-01,RN-MAD-ES06,A,tienda,1806.0,1039.1,109.2,245.9,1032.5,475.4,4708.1,0.683
2024-07-01,RN-MAD-ES07,A,tienda,1718.3,1134.4,112.8,243.8,1187.3,522.8,4919.4,0.653
2024-07-01,RN-MAD-ES08,A,tienda,1795.5,1018.3,92.7,256.1,1103.2,482.4,4748.2,0.632
2024-07-01,RN-MAD-ES09,A,tienda,1612.4,1014.7,89.2,219.5,1031.9,476.8,4444.5,0.661
2024-07-01,RN-MAD-ES10,A,tienda,1586.5,1028.3,103.1,219.1,1095.3,457.5,4489.8,0.695
2024-07-01,RN-MAD-ES11,A,tienda,1316.5,938.8,78.2,204.4,906.2,435.1,3879.2,0.693
2024-07-01,RN-MAD-ES12,A,tienda,1865.6,1153.2,108.3,282.5,1120.2,629.7,5159.5,0.693
2024-07-01,RN-MAD-ES13,A,tienda,1849.6,1050.4,93.2,246.4,1014.1,525.8,4779.5,0.688
2024-07-01,RN-MAD-ES14,A,tienda,1324.9,875.5,78.9,182.9,906.8,380.4,3749.4,0.602
2024-07-01,RN-MAD-ES15,A,tienda,1668.0,868.2,100.5,221.6,865.8,500.4,4224.5,0.651
2024-07-01,RN-MAD-ES16,A,tienda,1527.8,982.2,104.2,196.1,1039.4,464.3,4314.0,0.654
2024-07-01,RN-MAD-ES17,A,tienda,1532.9,947.6,96.1,223.6,1129.7,480.9,4410.8,0.696
2024-07-01,RN-MAD-ES18,A,tienda,1614.5,1049.1,110.7,226.6,1241.8,486.6,4729.3,0.682
2024-07-01,RN-MAD-ES19,A,tienda,1611.1,1087.8,104.5,247.5,1153.0,487.7,4691.6,0.609
2024-07-01,RN-MAD-ES20,A,tienda,1705.2,1092.4,104.0,223.8,1111.8,499.6,4736.8,0.71
2024-07-01,RN-MAD-GA01,A,tienda,38126.2,21870.4,8859.7,13318.2,9602.6,10271.7,102048.8,0.669
2024-07-01,RN-MAD-GA02,A,tienda,22294.0,13450.5,7114.2,9074.8,6164.4,6556.6,64654.5,0.659
2024-07-01,RN-MAD-GA03,A,tienda,26522.2,16677.1,6808.4,11229.4,6873.8,8731.2,76842.1,0.709
2024-07-01,RN-MAD-HI01,A,tienda,5951.0,3858.7,8281.6,1149.8,329.3,2011.3,21581.7,0.661
2024-07-01,RN-MAD-HI02,A,tienda,4972.2,3274.6,7324.3,1010.9,273.6,1993.4,18849.0,0.617
2024-07-01,RN-MAD-HI03,A,tienda,5730.3,3926.4,8523.4,1249.6,315.9,2251.5,21997.1,0.706
2024-07-01,RN-MAD-HI04,A,tienda,7062.9,4205.7,9034.9,1269.4,316.5,2344.2,24233.6,0.641
2024-07-01,RN-MAD-HI05,A,tienda,6448.2,3777.7,9599.0,1079.0,304.2,2305.6,23513.7,0.659
2024-07-01,RN-SEV-CV01,D,tienda,1265.7,674.9,1449.1,241.3,52.7,374.8,4058.5,0.532
2024-07-01,RN-SEV-CV02,D,tienda,1244.8,863.4,1908.6,266.8,55.2,450.2,4789.0,0.527
2024-07-01,RN-SEV-CV03,D,tienda,1091.3,623.3,1492.5,216.7,47.9,369.4,3841.1,0.539
2024-07-01,RN-SEV-CV04,D,tienda,1173.3,647.3,1596.1,195.0,51.7,416.0,4079.4,0.574
2024-07-01,RN-SEV-CV05,D,tienda,882.0,579.0,1315.4,198.0,49.3,375.5,3399.2,0.562
2024-07-01,RN-SEV-CV06,D,tienda,1213.6,809.4,1755.2,236.6,53.9,457.0,4525.7,0.523
2024-07-01,RN-SEV-CV07,D,tienda,1170.5,675.4,1754.4,227.6,51.1,397.0,4276.0,0.587
2024-07-01,RN-SEV-CV08,D,tienda,1432.9,816.6,1924.3,243.8,61.9,401.1,4880.6,0.574
2024-07-01,RN-SEV-CV09,D,tienda,1223.3,743.2,1762.8,236.8,52.0,449.1,4467.2,0.514
2024-07-01,RN-SEV-CV10,D,tienda,1182.8,769.6,1683.2,260.3,54.0,470.3,4420.2,0.508
2024-07-01,RN-SEV-ES01,D,tienda,1850.5,1216.6,89.5,351.2,950.4,519.2,4977.4,0.572
2024-07-01,RN-SEV-ES02,D,tienda,1447.9,976.3,80.3,288.6,949.7,481.7,4224.5,0.507
2024-07-01,RN-SEV-ES03,D,tienda,1445.2,1021.9,95.7,322.8,934.5,520.8,4340.9,0.534
2024-07-01,RN-SEV-ES04,D,tienda,1378.6,808.9,70.8,248.2,844.8,448.0,3799.3,0.537
2024-07-01,RN-SEV-ES05,D,tienda,1308.7,715.3,70.7,255.5,720.2,398.8,3469.2,0.53
2024-07-01,RN-SEV-ES06,D,tienda,1763.1,1090.8,101.3,312.2,1005.4,515.6,4788.4,0.463
2024-07-01,RN-SEV-ES07,D,tienda,1745.5,1162.9,97.1,338.9,1020.9,555.8,4921.1,0.508
2024-07-01,RN-SEV-ES08,D,tienda,1783.6,1120.0,90.2,293.6,1044.9,487.2,4819.5,0.56
2024-07-01,RN-SEV-ES09,D,tienda,1331.7,947.3,88.9,310.0,907.1,461.1,4046.1,0.625
2024-07-01,RN-SEV-ES10,D,tienda,1533.9,1075.5,86.9,304.4,988.0,468.2,4456.9,0.564
2024-07-01,RN-SEV-ES11,D,tienda,1452.8,1002.5,78.6,297.4,835.8,534.6,4201.7,0.559
2024-07-01,RN-SEV-ES12,D,tienda,1381.7,917.0,70.1,250.7,857.7,464.3,3941.5,0.577
2024-07-01,RN-SEV-GA01,D,tienda,15855.2,9289.6,3264.7,8827.5,4033.1,4863.3,46133.4,0.497
2024-07-01,RN-SEV-HI01,D,tienda,4656.2,2837.0,5571.8,1358.2,250.6,1746.0,16419.8,0.479
2024-07-01,RN-SEV-HI02,D,tienda,4897.5,3389.8,6404.8,1592.6,323.4,1910.1,18518.2,0.557
2024-07-01,RN-SEV-HI03,D,tienda,5011.9,2524.9,5291.5,1352.3,285.2,1390.3,15856.1,0.505
2024-07-01,RN-SEV-HI04,D,tienda,6184.5,4005.4,6352.0,1769.7,380.0,2279.0,20970.6,0.49
2024-07-01,RN-VLC-CV01,C,tienda,1316.7,809.9,2168.7,145.9,36.9,495.6,4973.7,0.575
2024-07-01,RN-VLC-CV02,C,tienda,1381.2,781.5,2283.1,147.3,39.8,566.5,5199.4,0.557
2024-07-01,RN-VLC-CV03,C,tienda,1420.2,866.6,2384.9,169.4,42.0,537.5,5420.6,0.569
2024-07-01,RN-VLC-CV04,C,tienda,1163.7,767.8,2024.6,128.4,34.4,451.1,4570.0,0.635
2024-07-01,RN-VLC-CV05,C,tienda,930.8,578.4,1824.7,107.5,27.5,347.8,3816.7,0.636
2024-07-01,RN-VLC-CV06,C,tienda,1461.1,1044.7,2628.0,157.0,45.8,591.6,5928.2,0.639
2024-07-01,RN-VLC-CV07,C,tienda,1209.7,805.2,2269.9,128.3,38.2,493.8,4945.1,0.58
2024-07-01,RN-VLC-CV08,C,tienda,1104.5,626.7,1878.5,129.9,29.1,439.8,4208.5,0.609
2024-07-01,RN-VLC-CV09,C,tienda,1065.1,784.9,1736.0,118.1,33.2,434.7,4172.0,0.585
2024-07-01,RN-VLC-ES01,C,tienda,1669.5,1111.2,148.1,246.2,1038.4,524.8,4738.2,0.612
2024-07-01,RN-VLC-ES02,C,tienda,1251.6,678.1,122.3,173.9,856.5,414.3,3496.7,0.59
2024-07-01,RN-VLC-ES03,C,tienda,1464.2,953.2,118.6,235.6,884.9,454.9,4111.4,0.658
2024-07-01,RN-VLC-ES04,C,tienda,1760.9,955.8,130.5,264.2,1038.8,538.6,4688.8,0.543
2024-07-01,RN-VLC-ES05,C,tienda,1422.9,1049.8,133.2,241.2,936.5,453.1,4236.7,0.65
2024-07-01,RN-VLC-ES06,C,tienda,1198.9,839.7,106.9,167.3,839.5,362.0,3514.3,0.641
2024-07-01,RN-VLC-ES07,C,tienda,1713.9,920.9,125.7,224.5,1160.3,439.1,4584.4,0.587
2024-07-01,RN-VLC-ES08,C,tienda,1545.6,933.9,154.1,277.1,1080.3,480.6,4471.6,0.681
2024-07-01,RN-VLC-ES09,C,tienda,1578.7,1023.5,143.1,263.5,906.6,480.3,4395.7,0.601
2024-07-01,RN-VLC-ES10,C,tienda,1344.4,933.6,115.9,203.4,908.0,474.3,3979.6,0.577
2024-07-01,RN-VLC-GA01,C,tienda,28414.2,17899.8,10287.6,10857.0,6291.9,8749.4,82499.9,0.594
2024-07-01,RN-VLC-HI01,C,tienda,7347.0,4050.1,10074.5,1128.6,255.2,2567.2,25422.6,0.611
2024-07-01,RN-VLC-HI02,C,tienda,6826.0,4275.9,11801.9,945.6,257.4,2782.7,26889.5,0.599
2024-07-01,RN-VLC-HI03,C,tienda,7624.9,4686.4,11960.5,1184.8,291.4,3032.0,28780.0,0.645
2024-07-01,RN-VLC-HI04,C,tienda,5932.1,3959.8,10608.0,858.6,244.5,2450.3,24053.3,0.612
2024-07-01,RN-VLC-HI05,C,tienda,7869.4,5060.5,11042.1,1162.5,272.0,2958.6,28365.1,0.612
2024-07-01,RN-VLC-HI06,C,tienda,6873.0,4167.0,11345.4,997.7,265.3,2772.6,26421.0,0.517
2024-07-01,RN-VLC-HI07,C,tienda,6020.1,3416.1,8012.7,855.1,186.6,1921.7,20412.3,0.571
2024-08-01,CL-BCN-01,B,centro_logistico,3466.2,1681.2,67.8,194.3,122.5,605.1,6137.1,0.858
2024-08-01,CL-BCN-02,B,centro_logistico,3384.9,1604.3,55.2,177.8,107.7,574.0,5903.9,0.802
2024-08-01,CL-BIO-01,E,centro_logistico,2194.8,1122.6,41.5,120.3,75.9,397.4,3952.5,0.967
2024-08-01,CL-MAD-01,A,centro_logistico,3384.3,1321.0,47.6,178.0,105.1,473.8,5509.8,0.803
2024-08-01,CL-MAD-02,A,centro_logistico,3188.7,1391.9,57.8,177.3,95.3,493.4,5404.4,0.782
2024-08-01,CL-MAD-03,A,centro_logistico,3682.4,1433.0,58.7,157.8,102.0,445.5,5879.4,0.777
2024-08-01,CL-SEV-01,D,centro_logistico,2736.4,1140.7,47.1,122.1,96.0,390.5,4532.8,0.605
2024-08-01,CL-VLC-01,C,centro_logistico,2640.3,1319.6,43.6,160.8,98.6,431.7,4694.6,0.771
2024-08-01,CL-VLC-02,C,centro_logistico,2586.8,1400.2,45.5,134.5,97.1,455.2,4719.3,0.679
2024-08-01,RN-BCN-CV01,B,tienda,1044.9,723.5,1677.2,172.1,40.8,437.1,4095.6,0.62
2024-08-01,RN-BCN-CV02,B,tienda,1137.7,755.1,2143.0,178.6,48.6,440.3,4703.3,0.691
2024-08-01,RN-BCN-CV03,B,tienda,1385.9,785.0,2184.2,199.3,50.5,516.3,5121.2,0.726
2024-08-01,RN-BCN-CV04,B,tienda,1086.8,570.3,1461.9,137.8,39.3,342.5,3638.6,0.709
2024-08-01,RN-BCN-CV05,B,tienda,941.4,641.7,1628.7,144.0,38.0,419.8,3813.6,0.682
2024-08-01,RN-BCN-CV06,B,tienda,943.0,614.4,1614.4,149.6,38.4,387.0,3746.8,0.718
2024-08-01,RN-BCN-CV07,B,tienda,1001.6,602.7,1592.4,147.4,42.2,383.3,3769.6,0.681
2024-08-01,RN-BCN-CV08,B,tienda,1060.3,722.7,1684.6,153.0,45.8,392.3,4058.7,0.749
2024-08-01,RN-BCN-ES01,B,tienda,1071.4,693.8,73.5,147.5,710.2,316.2,3012.6,0.738
2024-08-01,RN-BCN-ES02,B,tienda,1224.0,728.4,81.8,177.4,836.0,402.7,3450.3,0.727
2024-08-01,RN-BCN-ES03,B,tienda,1313.8,742.7,80.6,191.4,841.2,417.5,3587.2,0.723
2024-08-01,RN-BCN-ES04,B,tienda,1192.8,663.9,78.2,188.9,720.4,347.4,3191.6,0.713
2024-08-01,RN-BCN-ES05,B,tienda,1337.0,794.7,76.4,192.3,821.2,397.1,3618.7,0.798
2024-08-01,RN-BCN-ES06,B,tienda,1162.3,795.0,83.6,197.8,806.4,348.8,3393.9,0.663
2024-08-01,RN-BCN-ES07,B,tienda,1318.6,751.5,90.2,198.4,858.8,411.2,3628.7,0.741
2024-08-01,RN-BCN-ES08,B,tienda,949.6,681.9,71.2,161.0,612.6,309.4,2785.7,0.801
2024-08-01,RN-BCN-ES09,B,tienda,1289.8,758.0,91.2,193.9,758.9,373.7,3465.5,0.808
2024-08-01,RN-BCN-ES10,B,tienda,1225.1,728.2,72.2,182.8,739.4,320.6,3268.3,0.768
2024-08-01,RN-BCN-ES11,B,tienda,1283.7,725.5,77.9,163.3,825.3,372.3,3448.0,0.772
2024-08-01,RN-BCN-ES12,B,tienda,1012.2,743.9,78.1,153.4,664.9,349.5,3002.0,0.672
2024-08-01,RN-BCN-ES13,B,tienda,1223.3,788.2,80.8,178.6,839.5,390.6,3501.0,0.681
2024-08-01,RN-BCN-ES14,B,tienda,1351.7,900.1,88.0,202.2,960.5,419.3,3921.8,0.722
2024-08-01,RN-BCN-GA01,B,tienda,22741.6,12465.7,5936.9,9580.0,6278.2,6323.7,63326.1,0.704
2024-08-01,RN-BCN-GA02,B,tienda,24432.8,15330.3,7436.6,11734.9,6979.9,8355.3,74269.8,0.746
2024-08-01,RN-BCN-HI01,B,tienda,4963.9,3045.4,7042.4,868.0,254.3,1740.3,17914.3,0.739
2024-08-01,RN-BCN-HI02,B,tienda,7537.6,4058.0,9275.6,1345.3,341.1,2236.0,24793.6,0.719
2024-08-01,RN-BCN-HI03,B,tienda,4772.5,2649.9,5865.1,894.9,244.2,1864.1,16290.7,0.709
2024-08-01,RN-BCN-HI04,B,tienda,5314.2,3736.8,8444.1,1023.4,307.4,1927.4,20753.3,0.674
2024-08-01,RN-BIO-CV01,E,tienda,1085.5,680.3,1704.5,173.6,40.0,445.4,4129.3,0.815
2024-08-01,RN-BIO-CV02,E,tienda,973.3,712.1,1678.4,169.2,39.2,409.9,3982.1,0.853
2024-08-01,RN-BIO-CV03,E,tienda,1020.9,613.2,1574.8,154.9,35.1,442.4,3841.3,0.897
2024-08-01,RN-BIO-CV04,E,tienda,1182.0,693.7,1937.5,197.3,42.7,451.3,4504.5,0.791
2024-08-01,RN-BIO-ES01,E,tienda,1033.4,667.2,71.6,200.1,611.8,343.2,2927.3,0.798
2024-08-01,RN-BIO-ES02,E,tienda,873.7,565.7,62.4,174.9,498.8,266.9,2442.4,0.853
2024-08-01,RN-BIO-ES03,E,tienda,1399.1,760.4,90.1,267.3,766.8,444.9,3728.6,0.808
2024-08-01,RN-BIO-ES04,E,tienda,1107.3,815.6,91.8,203.2,791.0,377.2,3386.1,0.82
2024-08-01,RN-BIO-ES05,E,tienda,1247.7,622.5,68.3,197.1,669.2,338.0,3142.8,0.82
2024-08-01,RN-BIO-ES06,E,tienda,1366.2,866.0,90.0,263.5,807.0,399.0,3791.7,0.809
2024-08-01,RN-BIO-ES07,E,tienda,1131.3,807.3,77.7,193.9,775.0,344.4,3329.6,0.763
2024-08-01,RN-BIO-GA01,E,tienda,13766.7,9513.2,3874.5,7244.7,3361.6,4576.7,42337.4,0.837
2024-08-01,RN-BIO-HI01,E,tienda,5456.3,3178.2,7687.2,1223.7,252.5,2128.3,19926.2,0.797
2024-08-01,RN-BIO-HI02,E,tienda,4103.8,2444.6,5663.7,865.1,201.8,1435.3,14714.3,0.859
2024-08-01,RN-MAD-CV01,A,tienda,951.1,579.0,1504.5,131.6,40.3,330.8,3537.3,0.679
2024-08-01,RN-MAD-CV02,A,tienda,1073.1,593.3,1736.3,138.8,39.1,398.3,3978.9,0.692
2024-08-01,RN-MAD-CV03,A,tienda,999.1,545.0,1467.6,133.2,38.8,362.2,3545.9,0.648
2024-08-01,RN-MAD-CV04,A,tienda,994.1,666.6,1596.6,152.8,47.3,395.8,3853.2,0.79
2024-08-01,RN-MAD-CV05,A,tienda,781.0,481.3,1251.6,102.3,32.4,298.9,2947.5,0.734
2024-08-01,RN-MAD-CV06,A,tienda,983.7,608.2,1662.6,133.9,36.8,375.4,3800.6,0.628
2024-08-01,RN-MAD-CV07,A,tienda,842.4,567.0,1399.9,118.4,41.0,316.8,3285.5,0.638
2024-08-01,RN-MAD-CV08,A,tienda,1096.7,707.7,1899.5,169.9,46.4,415.9,4336.1,0.746
2024-08-01,RN-MAD-CV09,A,tienda,1311.0,688.2,1743.3,142.7,51.3,413.9,4350.4,0.648
2024-08-01,RN-MAD-CV10,A,tienda,1105.5,759.4,1533.4,160.0,39.0,401.7,3999.0,0.621
2024-08-01,RN-MAD-ES01,A,tienda,1117.1,899.9,82.1,185.1,893.6,471.6,3649.4,0.616
2024-08-01,RN-MAD-ES02,A,tienda,871.3,545.2,60.9,137.9,689.4,332.7,2637.4,0.661
2024-08-01,RN-MAD-ES03,A,tienda,1229.3,710.8,73.3,152.0,789.6,390.6,3345.6,0.635
2024-08-01,RN-MAD-ES04,A,tienda,1121.9,729.2,76.1,153.8,780.4,376.3,3237.7,0.721
2024-08-01,RN-MAD-ES05,A,tienda,926.3,639.4,70.7,145.7,683.7,329.1,2794.9,0.718
2024-08-01,RN-MAD-ES06,A,tienda,1212.0,840.6,77.8,174.8,743.8,372.6,3421.6,0.673
2024-08-01,RN-MAD-ES07,A,tienda,1154.0,767.3,77.2,171.7,827.5,381.1,3378.8,0.666
2024-08-01,RN-MAD-ES08,A,tienda,1184.9,732.1,73.5,173.1,764.7,389.1,3317.4,0.734
2024-08-01,RN-MAD-ES09,A,tienda,1043.0,713.1,62.7,158.9,737.4,318.5,3033.6,0.739
2024-08-01,RN-MAD-ES10,A,tienda,1155.6,742.3,84.8,160.0,717.5,368.4,3228.6,0.735
2024-08-01,RN-MAD-ES11,A,tienda,878.0,630.8,72.5,145.9,573.8,332.7,2633.7,0.678
2024-08-01,RN-MAD-ES12,A,tienda,1141.5,841.1,77.6,180.8,791.3,334.3,3366.6,0.71
2024-08-01,RN-MAD-ES13,A,tienda,1173.8,695.8,81.9,164.0,774.6,384.8,3274.9,0.753
2024-08-01,RN-MAD-ES14,A,tienda,945.9,588.8,56.2,138.2,635.5,250.9,2615.5,0.696
2024-08-01,RN-MAD-ES15,A,tienda,1086.6,607.2,71.3,157.1,764.8,380.5,3067.5,0.711
2024-08-01,RN-MAD-ES16,A,tienda,1134.8,719.1,76.5,162.2,732.8,339.1,3164.5,0.739
2024-08-01,RN-MAD-ES17,A,tienda,1135.0,810.7,73.7,170.2,744.0,349.0,3282.6,0.635
2024-08-01,RN-MAD-ES18,A,tienda,1229.6,837.0,78.2,194.7,748.2,421.3,3509.0,0.721
2024-08-01,RN-MAD-ES19,A,tienda,1027.1,791.4,76.7,154.7,777.5,377.0,3204.4,0.657
2024-08-01,RN-MAD-ES20,A,tienda,1081.1,756.2,71.3,155.7,782.0,350.6,3196.9,0.637
2024-08-01,RN-MAD-GA01,A,tienda,27129.4,15850.0,6889.8,9382.3,6894.9,7089.5,73235.9,0.672
2024-08-01,RN-MAD-GA02,A,tienda,18747.0,11430.3,5336.7,7710.5,4773.2,5846.7,53844.4,0.593
2024-08-01,RN-MAD-GA03,A,tienda,22458.5,13028.4,6222.8,8689.5,5261.9,6397.7,62058.8,0.724
2024-08-01,RN-MAD-HI01,A,tienda,4765.3,2942.6,6638.5,945.4,254.1,1890.3,17436.2,0.656
2024-08-01,RN-MAD-HI02,A,tienda,3892.1,2826.9,6525.8,810.6,224.0,1717.6,15997.0,0.669
2024-08-01,RN-MAD-HI03,A,tienda,5407.7,3108.5,7898.6,857.0,270.9,1839.7,19382.4,0.701
2024-08-01,RN-MAD-HI04,A,tienda,6314.1,3331.8,7825.1,1049.2,283.6,1871.3,20675.1,0.745
2024-08-01,RN-MAD-HI05,A,tienda,5446.6,3033.6,8021.4,953.7,295.4,1946.1,19696.8,0.633
2024-08-01,RN-SEV-CV01,D,tienda,1012.2,600.1,1457.1,195.6,45.7,332.4,3643.1,0.524
2024-08-01,RN-SEV-CV02,D,tienda,1081.5,741.1,1598.3,200.9,54.0,389.3,4065.1,0.571
2024-08-01,RN-SEV-CV03,D,tienda,939.4,655.6,1492.7,181.3,42.2,327.8,3639.0,0.568
2024-08-01,RN-SEV-CV04,D,tienda,834.1,565.5,1282.2,184.4,39.3,343.9,3249.4,0.531
2024-08-01,RN-SEV-CV05,D,tienda,862.5,520.8,1170.0,175.6,34.3,302.5,3065.7,0.54
2024-08-01,RN-SEV-CV06,D,tienda,975.3,540.4,1324.6,211.6,47.4,336.9,3436.2,0.574
2024-08-01,RN-SEV-CV07,D,tienda,971.5,590.1,1337.2,175.3,44.3,344.2,3462.6,0.583
2024-08-01,RN-SEV-CV08,D,tienda,1038.5,672.4,1680.4,219.0,55.8,389.5,4055.6,0.545
2024-08-01,RN-SEV-CV09,D,tienda,1018.2,623.0,1632.6,211.3,46.1,389.1,3920.3,0.55
2024-08-01,RN-SEV-CV10,D,tienda,1074.0,626.8,1550.2,229.3,47.9,337.1,3865.3,0.577
2024-08-01,RN-SEV-ES01,D,tienda,1248.6,871.9,66.0,262.1,787.7,356.5,3592.8,0.569
2024-08-01,RN-SEV-ES02,D,tienda,1145.7,731.9,56.8,236.2,654.5,345.7,3170.8,0.536
2024-08-01,RN-SEV-ES03,D,tienda,1134.5,758.7,58.5,234.6,718.2,338.5,3243.0,0.555
2024-08-01,RN-SEV-ES04,D,tienda,1008.9,584.8,49.7,195.2,541.5,309.4,2689.5,0.51
2024-08-01,RN-SEV-ES05,D,tienda,918.3,583.4,47.3,171.3,514.9,284.6,2519.8,0.6
2024-08-01,RN-SEV-ES06,D,tienda,1275.8,840.6,61.2,249.8,709.0,373.2,3509.6,0.573
2024-08-01,RN-SEV-ES07,D,tienda,1167.3,834.3,66.8,216.1,772.9,370.0,3427.4,0.524
2024-08-01,RN-SEV-ES08,D,tienda,1134.8,796.6,58.1,220.4,731.8,407.8,3349.5,0.541
2024-08-01,RN-SEV-ES09,D,tienda,1171.0,737.8,59.8,202.5,684.9,342.7,3198.7,0.553
2024-08-01,RN-SEV-ES10,D,tienda,1116.8,696.1,61.7,205.8,745.8,385.9,3212.1,0.48
2024-08-01,RN-SEV-ES11,D,tienda,1075.0,645.9,60.2,212.1,658.1,324.6,2975.9,0.611
2024-08-01,RN-SEV-ES12,D,tienda,1117.8,635.5,55.3,188.9,599.3,282.9,2879.7,0.524
2024-08-01,RN-SEV-GA01,D,tienda,12912.2,7893.7,2784.8,6479.3,2917.9,4298.3,37286.2,0.518
2024-08-01,RN-SEV-HI01,D,tienda,4029.8,2415.7,4452.7,1211.4,201.8,1365.6,13677.0,0.451
2024-08-01,RN-SEV-HI02,D,tienda,4417.3,2566.9,5167.5,1215.2,256.3,1631.5,15254.7,0.606
2024-08-01,RN-SEV-HI03,D,tienda,3776.5,2150.9,4869.6,1039.4,230.5,1333.3,13400.2,0.484
2024-08-01,RN-SEV-HI04,D,tienda,5287.4,3295.9,5715.5,1479.9,317.9,1693.4,17790.0,0.518
2024-08-01,RN-VLC-CV01,C,tienda,1096.3,719.6,1906.9,119.4,29.6,411.1,4282.9,0.616
2024-08-01,RN-VLC-CV02,C,tienda,957.6,713.8,2006.7,121.7,33.1,437.2,4270.1,0.665
2024-08-01,RN-VLC-CV03,C,tienda,1258.2,831.1,2123.2,134.6,33.0,497.4,4877.5,0.577
2024-08-01,RN-VLC-CV04,C,tienda,1008.4,683.1,1924.3,115.3,28.4,426.2,4185.7,0.565
2024-08-01,RN-VLC-CV05,C,tienda,860.1,553.0,1473.1,98.5,22.6,375.5,3382.8,0.706
2024-08-01,RN-VLC-CV06,C,tienda,1234.7,745.7,2327.0,136.4,34.6,507.0,4985.4,0.59
2024-08-01,RN-VLC-CV07,C,tienda,1015.5,637.6,1796.2,104.0,31.1,423.5,4007.9,0.551
2024-08-01,RN-VLC-CV08,C,tienda,907.5,563.4,1655.9,101.6,26.3,364.6,3619.3,0.592
2024-08-01,RN-VLC-CV09,C,tienda,974.4,640.9,1471.8,90.4,23.7,371.6,3572.8,0.582
2024-08-01,RN-VLC-ES01,C,tienda,1124.7,764.7,93.5,164.0,732.8,374.3,3254.0,0.663
2024-08-01,RN-VLC-ES02,C,tienda,855.4,657.2,77.0,124.8,576.7,295.7,2586.8,0.586
2024-08-01,RN-VLC-ES03,C,tienda,997.5,578.5,86.0,147.0,666.7,295.7,2771.4,0.563
2024-08-01,RN-VLC-ES04,C,tienda,1110.8,637.9,93.2,147.0,709.1,338.8,3036.8,0.571
2024-08-01,RN-VLC-ES05,C,tienda,1149.7,712.0,96.5,164.0,664.7,353.6,3140.5,0.626
2024-08-01,RN-VLC-ES06,C,tienda,921.0,551.4,78.2,132.0,620.0,297.9,2600.5,0.57
2024-08-01,RN-VLC-ES07,C,tienda,1002.1,601.7,95.1,156.7,637.4,331.5,2824.5,0.624
2024-08-01,RN-VLC-ES08,C,tienda,1450.5,832.0,114.1,200.6,875.9,436.1,3909.2,0.616
2024-08-01,RN-VLC-ES09,C,tienda,1119.4,684.1,93.2,164.7,699.1,350.2,3110.7,0.574
2024-08-01,RN-VLC-ES10,C,tienda,968.9,678.4,82.1,142.0,600.1,324.1,2795.6,0.629
2024-08-01,RN-VLC-GA01,C,tienda,22193.8,14033.9,9492.5,8569.6,5217.2,6933.1,66440.1,0.67
2024-08-01,RN-VLC-HI01,C,tienda,5933.5,3242.9,9298.0,893.9,217.2,2072.0,21657.5,0.627
2024-08-01,RN-VLC-HI02,C,tienda,5929.9,3532.2,9222.0,898.8,219.1,2387.2,22189.2,0.573
2024-08-01,RN-VLC-HI03,C,tienda,6755.9,4174.6,10001.7,997.4,240.6,2499.5,24669.7,0.667
2024-08-01,RN-VLC-HI04,C,tienda,4981.7,3506.6,8328.8,814.4,198.0,1986.8,19816.3,0.581
2024-08-01,RN-VLC-HI05,C,tienda,5499.6,3578.3,9856.3,955.2,241.4,2422.7,22553.5,0.628
2024-08-01,RN-VLC-HI06,C,tienda,5583.4,3818.0,9055.9,859.4,220.7,1946.1,21483.5,0.538
2024-08-01,RN-VLC-HI07,C,tienda,4266.0,2665.4,6907.0,634.8,175.3,1818.0,16466.5,0.664
2024-09-01,CL-BCN-01,B,centro_logistico,4164.0,1556.9,67.0,201.7,125.9,590.1,6705.6,0.8
2024-09-01,CL-BCN-02,B,centro_logistico,4014.7,1894.5,66.0,212.5,130.5,650.8,6969.0,0.767
2024-09-01,CL-BIO-01,E,centro_logistico,2528.1,916.1,42.3,121.1,78.3,394.8,4080.7,0.883
2024-09-01,CL-MAD-01,A,centro_logistico,3436.7,1412.6,68.4,162.1,109.8,537.6,5727.2,0.747
2024-09-01,CL-MAD-02,A,centro_logistico,3621.1,1576.3,65.3,179.0,120.8,576.7,6139.2,0.755
2024-09-01,CL-MAD-03,A,centro_logistico,3636.0,1615.6,57.7,179.1,120.7,479.1,6088.2,0.757
2024-09-01,CL-SEV-01,D,centro_logistico,2942.8,1260.3,50.1,141.1,96.4,462.2,4952.9,0.644
2024-09-01,CL-VLC-01,C,centro_logistico,3104.5,1368.2,53.3,170.4,112.8,415.4,5224.6,0.75
2024-09-01,CL-VLC-02,C,centro_logistico,3015.1,1251.0,48.0,175.2,100.4,476.3,5066.0,0.72
2024-09-01,RN-BCN-CV01,B,tienda,981.2,588.4,1535.4,140.3,39.9,403.3,3688.5,0.678
2024-09-01,RN-BCN-CV02,B,tienda,1069.7,687.9,1719.8,164.1,44.6,435.5,4121.6,0.738
2024-09-01,RN-BCN-CV03,B,tienda,1288.7,799.2,1733.9,168.5,49.0,528.4,4567.7,0.722
2024-09-01,RN-BCN-CV04,B,tienda,908.0,554.5,1587.7,135.1,37.0,393.4,3615.7,0.725
2024-09-01,RN-BCN-CV05,B,tienda,948.6,582.6,1393.0,133.3,39.8,349.7,3447.0,0.72
2024-09-01,RN-BCN-CV06,B,tienda,1042.1,695.4,1545.0,129.9,40.8,390.8,3844.0,0.7
2024-09-01,RN-BCN-CV07,B,tienda,1046.3,744.4,1832.3,150.8,46.7,408.2,4228.7,0.708
2024-09-01,RN-BCN-CV08,B,tienda,1080.5,661.4,1550.5,150.6,35.3,371.8,3850.1,0.725
2024-09-01,RN-BCN-ES01,B,tienda,1107.5,645.7,74.3,171.6,688.5,348.1,3035.7,0.763
2024-09-01,RN-BCN-ES02,B,tienda,1309.8,757.8,84.9,210.7,833.2,388.8,3585.2,0.699
2024-09-01,RN-BCN-ES03,B,tienda,1265.0,872.0,93.3,189.8,847.8,365.3,3633.2,0.765
2024-09-01,RN-BCN-ES04,B,tienda,1298.5,791.8,81.3,218.9,815.3,371.2,3577.0,0.734
2024-09-01,RN-BCN-ES05,B,tienda,1106.8,865.4,93.0,216.9,874.4,455.0,3611.5,0.748
2024-09-01,RN-BCN-ES06,B,tienda,1377.7,794.9,81.5,200.3,781.6,441.4,3677.4,0.78
2024-09-01,RN-BCN-ES07,B,tienda,1286.0,779.5,85.9,185.6,829.3,389.9,3556.2,0.734
2024-09-01,RN-BCN-ES08,B,tienda,985.2,638.7,64.0,158.6,722.0,324.1,2892.6,0.743
2024-09-01,RN-BCN-ES09,B,tienda,1393.0,860.2,75.3,220.1,833.9,418.9,3801.4,0.718
2024-09-01,RN-BCN-ES10,B,tienda,1282.1,778.7,71.4,197.9,812.1,380.4,3522.6,0.672
2024-09-01,RN-BCN-ES11,B,tienda,1234.9,794.5,72.6,196.4,851.2,435.8,3585.4,0.745
2024-09-01,RN-BCN-ES12,B,tienda,1204.1,660.8,78.5,175.1,713.4,341.8,3173.7,0.738
2024-09-01,RN-BCN-ES13,B,tienda,1228.1,879.3,82.7,211.0,883.1,396.3,3680.5,0.625
2024-09-01,RN-BCN-ES14,B,tienda,1302.0,932.7,87.0,209.7,853.6,442.3,3827.3,0.739
2024-09-01,RN-BCN-GA01,B,tienda,24243.3,14083.0,6749.6,10330.2,6028.3,7745.0,69179.4,0.646
2024-09-01,RN-BCN-GA02,B,tienda,27371.4,17709.3,7629.4,10979.0,6732.2,7654.6,78075.9,0.67
2024-09-01,RN-BCN-HI01,B,tienda,4122.3,2495.9,6020.5,950.4,225.3,1623.0,15437.4,0.732
2024-09-01,RN-BCN-HI02,B,tienda,6912.4,3507.2,9070.6,1310.1,344.5,2352.3,23497.1,0.731
2024-09-01,RN-BCN-HI03,B,tienda,4625.0,2524.0,5976.9,836.0,230.7,1675.4,15868.0,0.678
2024-09-01,RN-BCN-HI04,B,tienda,5372.1,3752.1,7789.3,1114.0,304.4,2108.0,20439.9,0.759
2024-09-01,RN-BIO-CV01,E,tienda,1077.7,720.0,1924.5,183.6,44.3,475.7,4425.8,0.797
2024-09-01,RN-BIO-CV02,E,tienda,1081.3,759.7,1576.7,191.2,41.2,420.5,4070.6,0.763
2024-09-01,RN-BIO-CV03,E,tienda,1057.2,639.9,1591.9,168.9,40.0,414.7,3912.6,0.899
2024-09-01,RN-BIO-CV04,E,tienda,1039.9,719.2,1896.1,203.9,42.6,473.9,4375.6,0.81
2024-09-01,RN-BIO-ES01,E,tienda,1196.8,724.0,79.3,199.5,698.6,324.7,3222.9,0.823
2024-09-01,RN-BIO-ES02,E,tienda,1046.5,631.7,73.3,167.3,676.1,344.7,2939.6,0.81
2024-09-01,RN-BIO-ES03,E,tienda,1597.8,984.5,103.8,277.2,909.6,480.5,4353.4,0.841
2024-09-01,RN-BIO-ES04,E,tienda,1358.2,839.3,84.2,243.7,793.0,453.9,3772.3,0.745
2024-09-01,RN-BIO-ES05,E,tienda,1324.6,788.3,79.6,221.1,755.6,389.9,3559.1,0.856
2024-09-01,RN-BIO-ES06,E,tienda,1332.8,996.6,99.2,254.0,1030.4,459.8,4172.8,0.807
2024-09-01,RN-BIO-ES07,E,tienda,1248.7,813.5,80.9,231.5,719.6,370.2,3464.4,0.872
2024-09-01,RN-BIO-GA01,E,tienda,18841.8,11516.6,4462.7,8399.0,4223.7,5031.2,52475.0,0.79
2024-09-01,RN-BIO-HI01,E,tienda,6048.7,3868.7,8856.7,1262.6,284.5,2201.1,22522.3,0.813
2024-09-01,RN-BIO-HI02,E,tienda,4770.6,2622.6,6152.5,958.1,221.6,1665.7,16391.1,0.831
2024-09-01,RN-MAD-CV01,A,tienda,955.3,566.2,1676.0,137.9,44.3,352.1,3731.8,0.676
2024-09-01,RN-MAD-CV02,A,tienda,1205.6,614.5,1859.1,157.4,48.5,455.8,4340.9,0.668
2024-09-01,RN-MAD-CV03,A,tienda,961.2,573.8,1623.4,129.7,40.6,381.9,3710.6,0.748
2024-09-01,RN-MAD-CV04,A,tienda,1227.4,730.4,1839.4,177.9,47.2,484.4,4506.7,0.647
2024-09-01,RN-MAD-CV05,A,tienda,825.2,539.1,1334.6,125.8,33.6,357.1,3215.4,0.733
2024-09-01,RN-MAD-CV06,A,tienda,1081.2,664.3,1583.8,141.6,47.2,400.7,3918.8,0.611
2024-09-01,RN-MAD-CV07,A,tienda,1070.7,639.9,1472.0,128.5,39.3,418.0,3768.4,0.758
2024-09-01,RN-MAD-CV08,A,tienda,1194.2,732.0,2054.8,156.1,52.4,409.8,4599.3,0.76
2024-09-01,RN-MAD-CV09,A,tienda,1179.1,816.8,1930.8,173.9,51.3,524.5,4676.4,0.604
2024-09-01,RN-MAD-CV10,A,tienda,1156.1,738.6,1931.3,165.0,51.7,489.9,4532.6,0.663
2024-09-01,RN-MAD-ES01,A,tienda,1595.5,935.7,92.9,218.8,1088.7,413.0,4344.6,0.63
2024-09-01,RN-MAD-ES02,A,tienda,1010.0,766.5,69.2,162.6,723.7,341.7,3073.7,0.682
2024-09-01,RN-MAD-ES03,A,tienda,1405.9,886.7,94.0,190.4,836.0,392.7,3805.7,0.698
2024-09-01,RN-MAD-ES04,A,tienda,1252.9,862.8,81.5,197.6,930.8,412.0,3737.6,0.664
2024-09-01,RN-MAD-ES05,A,tienda,1181.2,730.4,75.6,150.7,810.1,371.6,3319.6,0.618
2024-09-01,RN-MAD-ES06,A,tienda,1169.1,884.7,90.2,207.4,876.1,438.4,3665.9,0.623
2024-09-01,RN-MAD-ES07,A,tienda,1525.8,975.6,96.9,207.6,994.3,447.9,4248.1,0.723
2024-09-01,RN-MAD-ES08,A,tienda,1562.6,911.9,85.5,197.2,896.2,468.3,4121.7,0.651
2024-09-01,RN-MAD-ES09,A,tienda,1134.8,881.6,84.5,198.5,895.3,435.0,3629.7,0.682
2024-09-01,RN-MAD-ES10,A,tienda,1332.9,838.5,87.4,203.3,880.5,466.3,3808.9,0.666
2024-09-01,RN-MAD-ES11,A,tienda,1106.5,764.5,78.4,170.2,770.8,348.5,3238.9,0.679
2024-09-01,RN-MAD-ES12,A,tienda,1433.7,919.0,92.0,208.4,1004.0,456.5,4113.6,0.665
2024-09-01,RN-MAD-ES13,A,tienda,1396.4,817.5,86.8,201.4,788.6,412.9,3703.6,0.702
2024-09-01,RN-MAD-ES14,A,tienda,938.0,697.5,71.0,168.1,687.1,366.2,2927.9,0.693
2024-09-01,RN-MAD-ES15,A,tienda,1288.5,786.2,79.8,181.6,770.7,409.3,3516.1,0.668
2024-09-01,RN-MAD-ES16,A,tienda,1382.6,809.4,71.5,191.5,811.0,416.7,3682.7,0.611
2024-09-01,RN-MAD-ES17,A,tienda,1417.6,863.9,93.5,203.5,899.6,438.9,3917.0,0.649
2024-09-01,RN-MAD-ES18,A,tienda,1328.9,933.1,103.1,218.7,1016.2,461.6,4061.6,0.669
2024-09-01,RN-MAD-ES19,A,tienda,1425.0,888.5,93.4,200.5,953.2,446.9,4007.5,0.638
2024-09-01,RN-MAD-ES20,A,tienda,1419.4,868.5,85.2,196.9,863.1,400.8,3833.9,0.68
2024-09-01,RN-MAD-GA01,A,tienda,32322.4,18432.5,8171.7,11908.4,8075.8,8600.7,87511.5,0.686
2024-09-01,RN-MAD-GA02,A,tienda,20588.5,12732.5,5580.8,8251.9,5829.1,6306.8,59289.6,0.685
2024-09-01,RN-MAD-GA03,A,tienda,26922.1,17197.6,7516.2,11777.6,6872.3,7319.3,77605.1,0.744
2024-09-01,RN-MAD-HI01,A,tienda,5999.2,3177.5,8095.5,1134.8,301.9,2110.3,20819.2,0.7
2024-09-01,RN-MAD-HI02,A,tienda,4808.4,2997.8,7347.4,897.8,259.2,1912.1,18222.7,0.66
2024-09-01,RN-MAD-HI03,A,tienda,5588.7,3394.1,8655.2,1030.2,313.7,2008.3,20990.2,0.589
2024-09-01,RN-MAD-HI04,A,tienda,5872.4,3809.6,7914.8,1092.6,350.5,2158.1,21198.0,0.699
2024-09-01,RN-MAD-HI05,A,tienda,5302.7,3572.9,6799.5,1134.4,296.5,2094.2,19200.2,0.756
2024-09-01,RN-SEV-CV01,D,tienda,880.1,567.9,1343.1,187.1,38.5,318.3,3335.0,0.54
2024-09-01,RN-SEV-CV02,D,tienda,1152.7,626.6,1495.2,229.3,49.4,417.5,3970.7,0.546
2024-09-01,RN-SEV-CV03,D,tienda,862.9,535.0,1037.2,142.0,35.1,288.1,2900.3,0.443
2024-09-01,RN-SEV-CV04,D,tienda,782.7,493.9,1109.7,150.6,35.1,293.5,2865.5,0.551
2024-09-01,RN-SEV-CV05,D,tienda,777.3,423.0,1141.1,153.6,33.3,272.9,2801.2,0.553
2024-09-01,RN-SEV-CV06,D,tienda,893.2,552.4,1374.6,158.4,39.7,364.9,3383.2,0.52
2024-09-01,RN-SEV-CV07,D,tienda,867.7,562.6,1222.7,188.2,37.0,325.7,3203.9,0.535
2024-09-01,RN-SEV-CV08,D,tienda,975.9,648.7,1408.9,199.2,42.6,400.1,3675.4,0.575
2024-09-01,RN-SEV-CV09,D,tienda,913.8,623.7,1289.8,184.8,42.5,353.3,3407.9,0.581
2024-09-01,RN-SEV-CV10,D,tienda,958.5,580.9,1275.3,207.8,40.1,347.8,3410.4,0.545
2024-09-01,RN-SEV-ES01,D,tienda,1184.3,761.7,57.8,236.7,710.6,376.0,3327.1,0.54
2024-09-01,RN-SEV-ES02,D,tienda,1034.4,586.4,55.9,199.5,611.8,323.3,2811.3,0.549
2024-09-01,RN-SEV-ES03,D,tienda,924.0,696.8,58.6,205.4,683.7,331.7,2900.2,0.539
2024-09-01,RN-SEV-ES04,D,tienda,808.0,562.2,48.0,193.8,469.9,243.3,2325.2,0.526
2024-09-01,RN-SEV-ES05,D,tienda,862.5,580.3,47.1,157.5,498.9,261.0,2407.3,0.536
2024-09-01,RN-SEV-ES06,D,tienda,1159.1,799.2,65.0,196.2,762.8,383.0,3365.3,0.502
2024-09-01,RN-SEV-ES07,D,tienda,1077.5,790.1,73.6,225.6,716.8,370.2,3253.8,0.505
2024-09-01,RN-SEV-ES08,D,tienda,1061.1,727.9,66.6,182.0,647.0,326.7,3011.3,0.561
2024-09-01,RN-SEV-ES09,D,tienda,1085.3,667.7,57.8,215.3,622.5,342.6,2991.2,0.506
2024-09-01,RN-SEV-ES10,D,tienda,1127.0,607.0,57.7,195.2,642.0,315.0,2943.9,0.641
2024-09-01,RN-SEV-ES11,D,tienda,1010.8,702.8,59.6,214.0,639.0,353.4,2979.6,0.612
2024-09-01,RN-SEV-ES12,D,tienda,981.0,600.8,51.9,199.5,572.9,309.8,2715.9,0.591
2024-09-01,RN-SEV-GA01,D,tienda,14722.8,7761.2,2644.8,6505.6,2842.0,4014.0,38490.4,0.544
2024-09-01,RN-SEV-HI01,D,tienda,3472.5,2273.8,4461.6,933.1,207.7,1111.9,12460.6,0.5
2024-09-01,RN-SEV-HI02,D,tienda,4384.3,2454.7,5045.7,1109.1,232.0,1531.2,14757.0,0.494
2024-09-01,RN-SEV-HI03,D,tienda,3372.6,2113.8,4070.0,966.7,184.9,1226.8,11934.8,0.588
2024-09-01,RN-SEV-HI04,D,tienda,4980.9,2474.2,5118.9,1176.4,264.7,1592.6,15607.7,0.545
2024-09-01,RN-VLC-CV01,C,tienda,951.8,563.8,1684.4,106.8,29.4,381.3,3717.5,0.612
2024-09-01,RN-VLC-CV02,C,tienda,979.7,665.9,1808.3,117.8,29.6,434.8,4036.1,0.656
2024-09-01,RN-VLC-CV03,C,tienda,1123.5,668.8,1726.2,106.7,28.6,446.8,4100.6,0.663
2024-09-01,RN-VLC-CV04,C,tienda,777.0,548.3,1692.7,91.7,26.0,357.2,3492.9,0.644
2024-09-01,RN-VLC-CV05,C,tienda,746.7,542.6,1300.0,85.8,21.9,311.4,3008.4,0.677
2024-09-01,RN-VLC-CV06,C,tienda,1113.7,595.4,1981.4,122.1,29.9,452.0,4294.5,0.613
2024-09-01,RN-VLC-CV07,C,tienda,979.0,613.3,1537.2,101.8,26.3,382.2,3639.8,0.572
2024-09-01,RN-VLC-CV08,C,tienda,748.0,466.0,1231.0,82.7,19.3,320.8,2867.8,0.605
2024-09-01,RN-VLC-CV09,C,tienda,868.3,552.4,1432.2,92.2,24.5,330.8,3300.4,0.59
2024-09-01,RN-VLC-ES01,C,tienda,1213.5,749.4,91.5,178.6,740.1,378.1,3351.2,0.647
2024-09-01,RN-VLC-ES02,C,tienda,841.5,515.5,66.9,114.1,551.7,240.0,2329.7,0.634
2024-09-01,RN-VLC-ES03,C,tienda,1007.6,578.6,95.0,136.5,623.1,259.5,2700.3,0.595
2024-09-01,RN-VLC-ES04,C,tienda,1036.3,705.4,82.4,145.8,677.6,309.8,2957.3,0.555
2024-09-01,RN-VLC-ES05,C,tienda,1050.6,666.1,87.5,148.9,657.8,318.9,2929.8,0.624
2024-09-01,RN-VLC-ES06,C,tienda,869.5,515.8,69.7,123.8,580.6,253.6,2413.0,0.601
2024-09-01,RN-VLC-ES07,C,tienda,976.2,608.9,95.9,149.1,666.6,292.7,2789.4,0.603
2024-09-01,RN-VLC-ES08,C,tienda,1157.6,828.5,93.1,158.2,752.8,327.7,3317.9,0.709
2024-09-01,RN-VLC-ES09,C,tienda,1020.1,683.8,92.0,167.4,654.3,289.7,2907.3,0.581
2024-09-01,RN-VLC-ES10,C,tienda,870.5,577.1,83.4,131.2,572.4,321.0,2555.6,0.559
2024-09-01,RN-VLC-GA01,C,tienda,19569.3,11527.6,6768.5,8010.4,4297.1,5669.6,55842.5,0.595
2024-09-01,RN-VLC-HI01,C,tienda,4817.1,2880.5,8072.9,719.9,189.5,2001.6,18681.5,0.649
2024-09-01,RN-VLC-HI02,C,tienda,5395.4,2989.2,9590.4,769.9,195.4,2130.3,21070.6,0.596
2024-09-01,RN-VLC-HI03,C,tienda,5190.5,3485.2,8477.0,870.4,210.4,2447.3,20680.8,0.612
2024-09-01,RN-VLC-HI04,C,tienda,4428.6,2686.3,7170.2,692.1,154.4,1828.8,16960.4,0.691
2024-09-01,RN-VLC-HI05,C,tienda,5589.4,3310.1,8267.3,915.8,191.0,2071.2,20344.8,0.602
2024-09-01,RN-VLC-HI06,C,tienda,5244.3,3041.2,8205.0,637.1,168.6,1803.7,19099.9,0.565
2024-09-01,RN-VLC-HI07,C,tienda,4474.8,2814.7,6297.0,574.7,146.9,1578.8,15886.9,0.577
2024-10-01,CL-BCN-01,B,centro_logistico,4184.4,1902.9,65.5,204.9,117.1,541.3,7016.1,0.845
2024-10-01,CL-BCN-02,B,centro_logistico,3523.2,1734.2,68.4,179.0,134.0,653.9,6292.7,0.776
2024-10-01,CL-BIO-01,E,centro_logistico,2428.4,1199.6,41.3,116.7,77.6,384.9,4248.5,0.915
2024-10-01,CL-MAD-01,A,centro_logistico,3213.5,1634.5,53.4,183.2,120.1,512.8,5717.5,0.771
2024-10-01,CL-MAD-02,A,centro_logistico,3390.6,1702.0,59.1,159.7,116.9,507.2,5935.5,0.752
2024-10-01,CL-MAD-03,A,centro_logistico,3184.1,1620.1,60.3,173.5,113.2,472.6,5623.8,0.762
2024-10-01,CL-SEV-01,D,centro_logistico,2865.3,1267.6,50.9,144.5,96.6,475.5,4900.4,0.605
2024-10-01,CL-VLC-01,C,centro_logistico,2609.5,1550.7,49.0,160.1,105.4,409.4,4884.1,0.702
2024-10-01,CL-VLC-02,C,centro_logistico,3143.1,1394.0,57.6,150.4,107.1,434.6,5286.8,0.72
2024-10-01,RN-BCN-CV01,B,tienda,991.3,640.6,1839.2,159.5,42.9,467.4,4140.9,0.702
2024-10-01,RN-BCN-CV02,B,tienda,1206.0,722.8,1729.3,182.6,40.5,473.6,4354.8,0.664
2024-10-01,RN-BCN-CV03,B,tienda,1194.3,769.4,1751.5,195.6,51.3,464.3,4426.4,0.679
2024-10-01,RN-BCN-CV04,B,tienda,905.8,585.4,1517.3,132.9,39.5,351.2,3532.1,0.794
2024-10-01,RN-BCN-CV05,B,tienda,984.5,581.5,1761.4,147.4,41.9,355.4,3872.1,0.67
2024-10-01,RN-BCN-CV06,B,tienda,1146.0,650.5,1630.6,154.6,37.4,386.4,4005.5,0.704
2024-10-01,RN-BCN-CV07,B,tienda,1090.6,652.9,1770.6,153.7,38.8,373.8,4080.4,0.728
2024-10-01,RN-BCN-CV08,B,tienda,970.9,678.2,1432.3,139.6,41.2,373.9,3636.1,0.768
2024-10-01,RN-BCN-ES01,B,tienda,1092.7,616.0,69.5,163.0,634.3,329.7,2905.2,0.693
2024-10-01,RN-BCN-ES02,B,tienda,1172.0,762.1,81.5,189.0,696.4,387.0,3288.0,0.683
2024-10-01,RN-BCN-ES03,B,tienda,1248.2,758.2,78.1,187.3,816.8,363.9,3452.5,0.768
2024-10-01,RN-BCN-ES04,B,tienda,1235.7,719.2,78.8,183.7,784.9,359.9,3362.2,0.711
2024-10-01,RN-BCN-ES05,B,tienda,1150.3,719.0,73.3,216.0,815.3,421.7,3395.6,0.739
2024-10-01,RN-BCN-ES06,B,tienda,1231.1,795.6,71.9,190.2,877.7,397.9,3564.4,0.694
2024-10-01,RN-BCN-ES07,B,tienda,1101.1,756.1,83.5,173.9,872.5,377.7,3364.8,0.694
2024-10-01,RN-BCN-ES08,B,tienda,884.1,565.9,53.5,127.6,588.9,302.5,2522.5,0.701
2024-10-01,RN-BCN-ES09,B,tienda,1243.6,844.0,80.1,196.3,755.5,430.9,3550.4,0.724
2024-10-01,RN-BCN-ES10,B,tienda,1172.2,784.9,68.8,166.6,729.9,383.2,3305.6,0.663
2024-10-01,RN-BCN-ES11,B,tienda,1161.8,793.2,68.9,173.5,733.4,317.7,3248.5,0.724
2024-10-01,RN-BCN-ES12,B,tienda,972.8,684.1,63.3,135.3,599.0,334.3,2788.8,0.661
2024-10-01,RN-BCN-ES13,B,tienda,1170.6,783.9,84.9,190.1,829.1,376.0,3434.6,0.731
2024-10-01,RN-BCN-ES14,B,tienda,1330.6,806.2,89.2,190.0,821.2,455.1,3692.3,0.719
2024-10-01,RN-BCN-GA01,B,tienda,22650.2,14173.3,5516.9,10750.6,6413.3,6642.1,66146.4,0.691
2024-10-01,RN-BCN-GA02,B,tienda,27939.7,15381.6,6835.2,10882.8,6219.1,7554.5,74812.9,0.687
2024-10-01,RN-BCN-HI01,B,tienda,4348.7,2373.5,7118.9,874.3,225.7,1516.3,16457.4,0.704
2024-10-01,RN-BCN-HI02,B,tienda,6372.6,3974.8,9446.1,1258.6,370.9,2333.4,23756.4,0.683
2024-10-01,RN-BCN-HI03,B,tienda,5244.1,3009.6,6402.9,858.4,221.2,1614.8,17351.0,0.692
2024-10-01,RN-BCN-HI04,B,tienda,6159.2,3720.5,7716.5,1051.2,303.7,1946.5,20897.6,0.727
2024-10-01,RN-BIO-CV01,E,tienda,1249.0,646.3,2105.6,156.3,40.0,452.3,4649.5,0.871
2024-10-01,RN-BIO-CV02,E,tienda,1023.8,658.4,1773.8,176.0,39.3,426.3,4097.6,0.811
2024-10-01,RN-BIO-CV03,E,tienda,1132.0,689.5,1682.4,162.1,39.6,426.8,4132.4,0.837
2024-10-01,RN-BIO-CV04,E,tienda,1243.6,814.1,2032.3,187.9,43.6,453.4,4774.9,0.788
2024-10-01,RN-BIO-ES01,E,tienda,1142.2,656.9,61.5,203.5,727.7,292.4,3084.2,0.802
2024-10-01,RN-BIO-ES02,E,tienda,1167.7,636.3,59.0,163.6,570.0,286.8,2883.4,0.876
2024-10-01,RN-BIO-ES03,E,tienda,1464.3,919.0,103.3,260.2,976.0,437.1,4159.9,0.808
2024-10-01,RN-BIO-ES04,E,tienda,1177.3,742.8,80.5,250.0,798.5,403.5,3452.6,0.759
2024-10-01,RN-BIO-ES05,E,tienda,1200.3,796.8,79.0,196.5,749.6,391.2,3413.4,0.772
2024-10-01,RN-BIO-ES06,E,tienda,1475.3,885.4,92.3,254.3,819.3,468.3,3994.9,0.795
2024-10-01,RN-BIO-ES07,E,tienda,1189.0,859.5,79.4,218.4,742.2,358.1,3446.6,0.732
2024-10-01,RN-BIO-GA01,E,tienda,16736.7,9867.5,4372.8,7918.3,3551.2,4761.4,47207.9,0.751
2024-10-01,RN-BIO-HI01,E,tienda,5710.6,4316.0,8340.2,1236.2,276.7,2129.9,22009.6,0.833
2024-10-01,RN-BIO-HI02,E,tienda,4199.7,2863.9,5652.4,929.1,182.8,1550.2,15378.1,0.808
2024-10-01,RN-MAD-CV01,A,tienda,958.1,646.8,1809.8,134.4,40.6,409.6,3999.3,0.687
2024-10-01,RN-MAD-CV02,A,tienda,1117.1,780.2,1829.3,153.3,47.0,403.3,4330.2,0.649
2024-10-01,RN-MAD-CV03,A,tienda,1073.0,727.7,1612.7,154.1,41.2,380.7,3989.4,0.657
2024-10-01,RN-MAD-CV04,A,tienda,1138.0,821.7,1938.6,179.0,52.4,487.4,4617.1,0.613
2024-10-01,RN-MAD-CV05,A,tienda,955.1,576.7,1414.7,127.2,36.5,329.8,3440.0,0.697
2024-10-01,RN-MAD-CV06,A,tienda,1068.8,639.8,1726.6,149.6,38.8,397.3,4020.9,0.706
2024-10-01,RN-MAD-CV07,A,tienda,1049.8,602.0,1781.8,143.1,39.7,339.2,3955.6,0.726
2024-10-01,RN-MAD-CV08,A,tienda,1111.2,685.8,1824.8,165.3,42.1,439.8,4269.0,0.725
2024-10-01,RN-MAD-CV09,A,tienda,1215.6,810.2,2253.5,175.8,48.9,549.9,5053.9,0.679
2024-10-01,RN-MAD-CV10,A,tienda,1153.1,698.3,1840.8,162.5,44.7,422.7,4322.1,0.678
2024-10-01,RN-MAD-ES01,A,tienda,1428.5,952.0,96.9,218.6,952.8,493.6,4142.4,0.656
2024-10-01,RN-MAD-ES02,A,tienda,988.7,723.4,59.8,140.3,642.5,337.8,2892.5,0.669
2024-10-01,RN-MAD-ES03,A,tienda,1370.4,754.8,84.1,180.4,854.4,403.3,3647.4,0.659
2024-10-01,RN-MAD-ES04,A,tienda,1175.6,822.9,83.0,169.2,717.0,398.5,3366.2,0.709
2024-10-01,RN-MAD-ES05,A,tienda,1072.1,698.9,72.5,162.2,752.4,384.4,3142.5,0.712
2024-10-01,RN-MAD-ES06,A,tienda,1291.7,728.2,83.9,174.9,866.4,412.9,3558.0,0.729
2024-10-01,RN-MAD-ES07,A,tienda,1392.3,852.9,87.0,189.4,874.8,394.0,3790.4,0.726
2024-10-01,RN-MAD-ES08,A,tienda,1370.5,826.9,80.6,230.2,859.1,359.7,3727.0,0.673
2024-10-01,RN-MAD-ES09,A,tienda,1194.9,835.4,83.7,189.4,864.6,390.2,3558.2,0.704
2024-10-01,RN-MAD-ES10,A,tienda,1364.8,841.7,82.5,177.9,668.8,395.7,3531.4,0.71
2024-10-01,RN-MAD-ES11,A,tienda,1042.8,725.9,64.2,139.6,786.2,335.4,3094.1,0.718
2024-10-01,RN-MAD-ES12,A,tienda,1327.7,891.2,87.5,179.9,962.6,421.7,3870.6,0.705
2024-10-01,RN-MAD-ES13,A,tienda,1249.0,800.6,88.1,163.1,860.7,424.9,3586.4,0.674
2024-10-01,RN-MAD-ES14,A,tienda,1111.4,712.1,66.8,147.1,716.7,335.1,3089.2,0.657
2024-10-01,RN-MAD-ES15,A,tienda,1161.6,644.1,78.3,169.2,788.0,320.9,3162.1,0.627
2024-10-01,RN-MAD-ES16,A,tienda,1140.7,794.0,76.8,167.6,833.1,354.3,3366.5,0.644
2024-10-01,RN-MAD-ES17,A,tienda,1199.5,888.4,91.1,193.5,919.6,412.4,3704.5,0.715
2024-10-01,RN-MAD-ES18,A,tienda,1449.0,776.7,88.1,193.6,965.1,430.8,3903.3,0.637
2024-10-01,RN-MAD-ES19,A,tienda,1103.2,832.9,86.9,200.5,769.6,421.2,3414.3,0.648
2024-10-01,RN-MAD-ES20,A,tienda,1187.3,794.4,76.9,184.7,782.6,390.6,3416.5,0.662
2024-10-01,RN-MAD-GA01,A,tienda,30280.5,18293.3,8295.1,11980.3,7851.3,8417.3,85117.8,0.657
2024-10-01,RN-MAD-GA02,A,tienda,20410.5,13009.0,5905.1,8287.8,5624.1,6245.3,59481.8,0.689
2024-10-01,RN-MAD-GA03,A,tienda,24738.0,14168.8,6576.2,9911.0,7011.3,7265.8,69671.1,0.731
2024-10-01,RN-MAD-HI01,A,tienda,6094.1,3355.0,8300.1,1078.4,289.5,2027.6,21144.7,0.707
2024-10-01,RN-MAD-HI02,A,tienda,4949.5,3332.5,6759.1,924.3,259.2,1951.7,18176.3,0.686
2024-10-01,RN-MAD-HI03,A,tienda,5296.5,3530.9,8182.0,925.9,324.1,2157.6,20417.0,0.66
2024-10-01,RN-MAD-HI04,A,tienda,6356.6,3941.1,7735.1,1041.3,325.0,2371.0,21770.1,0.669
2024-10-01,RN-MAD-HI05,A,tienda,5571.5,4104.8,8738.6,1205.8,347.6,2158.5,22126.8,0.635
2024-10-01,RN-SEV-CV01,D,tienda,946.7,504.4,1297.8,179.6,40.4,314.9,3283.8,0.579
2024-10-01,RN-SEV-CV02,D,tienda,978.6,671.7,1406.1,195.9,43.0,392.6,3687.9,0.51
2024-10-01,RN-SEV-CV03,D,tienda,919.6,471.5,1174.9,168.9,44.4,290.3,3069.6,0.527
2024-10-01,RN-SEV-CV04,D,tienda,815.7,464.5,1108.4,150.4,37.9,303.7,2880.6,0.566
2024-10-01,RN-SEV-CV05,D,tienda,731.8,416.3,999.7,163.6,37.3,303.5,2652.2,0.539
2024-10-01,RN-SEV-CV06,D,tienda,898.3,537.1,1227.6,179.0,39.1,322.2,3203.3,0.495
2024-10-01,RN-SEV-CV07,D,tienda,868.5,504.5,1313.7,192.2,38.7,303.2,3220.8,0.586
2024-10-01,RN-SEV-CV08,D,tienda,1065.7,599.6,1157.9,204.9,45.2,360.0,3433.3,0.628
2024-10-01,RN-SEV-CV09,D,tienda,911.5,550.7,1371.1,186.3,36.4,363.9,3419.9,0.536
2024-10-01,RN-SEV-CV10,D,tienda,867.0,567.7,1365.9,204.3,40.7,341.1,3386.7,0.512
2024-10-01,RN-SEV-ES01,D,tienda,1110.5,623.1,61.3,203.6,709.1,336.7,3044.3,0.509
2024-10-01,RN-SEV-ES02,D,tienda,1014.9,627.6,47.6,196.3,632.8,266.4,2785.6,0.507
2024-10-01,RN-SEV-ES03,D,tienda,976.1,682.4,54.9,208.5,625.9,295.0,2842.8,0.479
2024-10-01,RN-SEV-ES04,D,tienda,858.6,586.2,40.1,159.7,482.9,260.6,2388.1,0.468
2024-10-01,RN-SEV-ES05,D,tienda,805.8,499.6,43.9,161.0,525.7,227.4,2263.4,0.486
2024-10-01,RN-SEV-ES06,D,tienda,1070.0,631.8,58.5,186.2,698.8,361.7,3007.0,0.585
2024-10-01,RN-SEV-ES07,D,tienda,1054.0,667.0,64.0,217.7,756.4,327.1,3086.2,0.552
2024-10-01,RN-SEV-ES08,D,tienda,1039.9,591.3,55.9,199.6,684.9,315.4,2887.0,0.492
2024-10-01,RN-SEV-ES09,D,tienda,1170.2,674.2,51.7,198.8,631.9,315.4,3042.2,0.538
2024-10-01,RN-SEV-ES10,D,tienda,1032.9,674.2,55.7,200.3,676.9,321.4,2961.4,0.638
2024-10-01,RN-SEV-ES11,D,tienda,1036.3,592.1,51.6,179.2,564.6,314.4,2738.2,0.524
2024-10-01,RN-SEV-ES12,D,tienda,884.6,618.9,51.0,183.6,593.5,265.4,2597.0,0.542
2024-10-01,RN-SEV-GA01,D,tienda,12169.4,8529.3,2469.7,6267.5,3202.7,3905.4,36544.0,0.534
2024-10-01,RN-SEV-HI01,D,tienda,3249.3,2359.8,4414.0,955.2,204.0,1319.3,12501.6,0.637
2024-10-01,RN-SEV-HI02,D,tienda,4251.6,2591.1,4237.6,1049.5,229.0,1428.4,13787.2,0.572
2024-10-01,RN-SEV-HI03,D,tienda,3412.8,2250.7,4130.5,866.3,214.5,1234.6,12109.4,0.571
2024-10-01,RN-SEV-HI04,D,tienda,4891.8,3127.6,5261.7,1383.3,257.2,1760.9,16682.5,0.539
2024-10-01,RN-VLC-CV01,C,tienda,928.5,566.7,1742.1,98.0,30.6,353.8,3719.7,0.591
2024-10-01,RN-VLC-CV02,C,tienda,1013.5,663.2,1831.2,106.8,23.3,347.9,3985.9,0.685
2024-10-01,RN-VLC-CV03,C,tienda,1098.1,714.0,2002.4,131.5,30.8,521.0,4497.8,0.593
2024-10-01,RN-VLC-CV04,C,tienda,788.4,495.9,1570.1,110.9,25.6,397.6,3388.5,0.593
2024-10-01,RN-VLC-CV05,C,tienda,846.9,517.5,1358.7,78.5,23.7,331.8,3157.1,0.647
2024-10-01,RN-VLC-CV06,C,tienda,1029.4,636.7,1678.2,120.1,30.8,448.3,3943.5,0.577
2024-10-01,RN-VLC-CV07,C,tienda,811.3,562.3,1655.5,93.5,22.7,356.7,3502.0,0.665
2024-10-01,RN-VLC-CV08,C,tienda,668.4,478.1,1326.1,84.9,22.0,279.7,2859.2,0.578
2024-10-01,RN-VLC-CV09,C,tienda,865.5,553.5,1504.6,95.1,22.6,391.7,3433.0,0.597
2024-10-01,RN-VLC-ES01,C,tienda,989.2,717.9,99.9,155.2,713.4,337.2,3012.8,0.58
2024-10-01,RN-VLC-ES02,C,tienda,814.3,500.1,71.4,116.6,519.0,252.1,2273.5,0.631
2024-10-01,RN-VLC-ES03,C,tienda,837.6,560.8,79.7,143.9,585.4,307.7,2515.1,0.557
2024-10-01,RN-VLC-ES04,C,tienda,1067.2,602.1,88.2,137.1,594.1,335.1,2823.8,0.661
2024-10-01,RN-VLC-ES05,C,tienda,961.3,597.0,83.9,146.6,655.4,330.1,2774.3,0.633
2024-10-01,RN-VLC-ES06,C,tienda,707.0,523.4,71.5,107.9,443.6,258.7,2112.1,0.586
2024-10-01,RN-VLC-ES07,C,tienda,1063.1,571.0,77.9,135.2,663.1,282.6,2792.9,0.559
2024-10-01,RN-VLC-ES08,C,tienda,1075.2,606.5,102.2,153.4,675.1,351.8,2964.2,0.597
2024-10-01,RN-VLC-ES09,C,tienda,1006.9,609.7,84.5,148.6,645.7,313.1,2808.5,0.653
2024-10-01,RN-VLC-ES10,C,tienda,863.6,565.0,72.4,130.7,584.3,266.6,2482.6,0.656
2024-10-01,RN-VLC-GA01,C,tienda,18522.7,11792.1,7489.4,7004.3,4489.5,5137.8,54435.8,0.517
2024-10-01,RN-VLC-HI01,C,tienda,5235.0,3142.0,7817.0,807.5,173.0,1916.8,19091.3,0.603
2024-10-01,RN-VLC-HI02,C,tienda,5193.9,3184.9,7824.1,718.1,228.1,1764.9,18914.0,0.589
2024-10-01,RN-VLC-HI03,C,tienda,5254.5,3350.6,9163.6,794.5,199.7,2164.0,20926.9,0.634
2024-10-01,RN-VLC-HI04,C,tienda,5188.4,2914.8,7969.0,777.8,171.4,1707.9,18729.3,0.58
2024-10-01,RN-VLC-HI05,C,tienda,5189.1,3209.8,9519.6,835.8,207.7,2055.7,21017.7,0.558
2024-10-01,RN-VLC-HI06,C,tienda,5177.4,3012.3,7936.6,777.9,199.9,2017.6,19121.7,0.639
2024-10-01,RN-VLC-HI07,C,tienda,4563.4,2503.9,6384.3,641.1,149.9,1717.3,15959.9,0.589
2024-11-01,CL-BCN-01,B,centro_logistico,4507.0,1822.1,72.2,217.8,123.2,588.1,7330.4,0.81
2024-11-01,CL-BCN-02,B,centro_logistico,3684.3,1924.2,72.9,198.7,147.6,622.3,6650.0,0.84
2024-11-01,CL-BIO-01,E,centro_logistico,2408.6,1064.9,42.6,118.5,81.7,357.8,4074.1,0.952
2024-11-01,CL-MAD-01,A,centro_logistico,3555.5,1626.8,53.2,215.2,120.0,565.6,6136.3,0.752
2024-11-01,CL-MAD-02,A,centro_logistico,3171.8,1832.4,62.5,179.8,123.0,589.7,5959.2,0.725
2024-11-01,CL-MAD-03,A,centro_logistico,3553.0,1572.8,70.6,155.9,122.9,576.4,6051.6,0.721
2024-11-01,CL-SEV-01,D,centro_logistico,3389.8,1367.7,52.0,146.9,83.8,503.5,5543.7,0.623
2024-11-01,CL-VLC-01,C,centro_logistico,2885.4,1307.6,52.5,178.2,102.8,492.0,5018.5,0.692
2024-11-01,CL-VLC-02,C,centro_logistico,3038.2,1434.1,55.8,147.3,115.1,488.5,5279.0,0.737
2024-11-01,RN-BCN-CV01,B,tienda,1193.7,662.5,1850.2,159.1,43.7,482.7,4391.9,0.728
2024-11-01,RN-BCN-CV02,B,tienda,1384.2,907.2,2310.6,185.5,49.2,488.6,5325.3,0.669
2024-11-01,RN-BCN-CV03,B,tienda,1401.3,904.1,2083.6,212.1,53.6,527.9,5182.6,0.74
2024-11-01,RN-BCN-CV04,B,tienda,1015.0,654.7,1598.1,149.3,37.4,442.4,3896.9,0.735
2024-11-01,RN-BCN-CV05,B,tienda,1085.9,672.1,1606.8,133.5,39.1,435.1,3972.5,0.664
2024-11-01,RN-BCN-CV06,B,tienda,1206.7,642.6,1644.9,157.0,48.2,422.0,4121.4,0.804
2024-11-01,RN-BCN-CV07,B,tienda,1245.2,709.3,1668.4,167.6,43.2,497.3,4331.0,0.743
2024-11-01,RN-BCN-CV08,B,tienda,1139.7,692.8,1786.1,176.8,46.4,449.2,4291.0,0.732
2024-11-01,RN-BCN-ES01,B,tienda,1343.9,786.5,84.0,204.4,808.1,362.9,3589.8,0.804
2024-11-01,RN-BCN-ES02,B,tienda,1364.7,944.7,89.5,219.1,958.8,502.5,4079.3,0.69
2024-11-01,RN-BCN-ES03,B,tienda,1561.1,1005.6,107.1,243.5,1027.3,502.0,4446.6,0.722
2024-11-01,RN-BCN-ES04,B,tienda,1605.0,930.6,99.6,241.2,996.2,476.3,4348.9,0.681
2024-11-01,RN-BCN-ES05,B,tienda,1694.3,921.3,102.0,246.8,949.9,471.7,4386.0,0.672
2024-11-01,RN-BCN-ES06,B,tienda,1563.8,1070.5,102.3,280.0,1036.2,490.7,4543.5,0.75
2024-11-01,RN-BCN-ES07,B,tienda,1516.7,942.0,97.7,235.8,1039.8,446.6,4278.6,0.729
2024-11-01,RN-BCN-ES08,B,tienda,1133.1,768.9,79.1,170.9,781.6,411.6,3345.2,0.719
2024-11-01,RN-BCN-ES09,B,tienda,1589.8,959.4,107.4,246.4,956.0,537.5,4396.5,0.689
2024-11-01,RN-BCN-ES10,B,tienda,1476.7,918.8,94.1,220.3,857.2,360.6,3927.7,0.7
2024-11-01,RN-BCN-ES11,B,tienda,1328.1,856.6,99.2,235.6,901.0,441.5,3862.0,0.795
2024-11-01,RN-BCN-ES12,B,tienda,1370.2,920.8,88.5,202.7,825.9,440.9,3849.0,0.692
2024-11-01,RN-BCN-ES13,B,tienda,1557.5,1013.6,89.6,241.8,919.1,484.3,4305.9,0.689
2024-11-01,RN-BCN-ES14,B,tienda,1669.3,1063.2,95.6,271.1,1014.5,555.6,4669.3,0.729
2024-11-01,RN-BCN-GA01,B,tienda,27311.1,16070.7,7738.0,12371.7,6680.3,8235.9,78407.7,0.691
2024-11-01,RN-BCN-GA02,B,tienda,31941.2,18787.8,8655.6,11676.6,8296.8,9909.9,89267.9,0.686
2024-11-01,RN-BCN-HI01,B,tienda,4651.7,2929.6,6726.3,940.1,210.5,1846.1,17304.3,0.64
2024-11-01,RN-BCN-HI02,B,tienda,6850.1,4085.8,10226.2,1488.8,357.0,2542.6,25550.5,0.817
2024-11-01,RN-BCN-HI03,B,tienda,4809.5,3213.7,6982.0,996.1,236.5,1800.3,18038.1,0.819
2024-11-01,RN-BCN-HI04,B,tienda,6255.0,3882.7,8140.6,1310.2,303.7,2223.3,22115.5,0.732
2024-11-01,RN-BIO-CV01,E,tienda,1203.5,772.9,1900.3,220.4,48.8,502.0,4647.9,0.861
2024-11-01,RN-BIO-CV02,E,tienda,1275.3,757.9,1956.0,200.1,46.7,532.4,4768.4,0.907
2024-11-01,RN-BIO-CV03,E,tienda,1067.3,761.9,1874.6,179.8,42.4,460.4,4386.4,0.821
2024-11-01,RN-BIO-CV04,E,tienda,1243.9,826.8,2036.9,209.6,45.7,534.7,4897.6,0.899
2024-11-01,RN-BIO-ES01,E,tienda,1333.6,959.7,87.7,263.8,844.2,426.4,3915.4,0.876
2024-11-01,RN-BIO-ES02,E,tienda,1133.7,802.4,79.8,224.6,714.9,397.5,3352.9,0.856
2024-11-01,RN-BIO-ES03,E,tienda,1927.7,1121.4,119.6,334.5,1131.5,488.4,5123.1,0.917
2024-11-01,RN-BIO-ES04,E,tienda,1584.1,1056.0,98.8,273.4,929.2,471.0,4412.5,0.837
2024-11-01,RN-BIO-ES05,E,tienda,1404.7,946.2,94.3,257.8,789.5,444.5,3937.0,0.868
2024-11-01,RN-BIO-ES06,E,tienda,1961.8,1087.3,124.7,343.9,1232.4,541.1,5291.2,0.866
2024-11-01,RN-BIO-ES07,E,tienda,1421.2,877.9,101.8,275.6,878.4,399.8,3954.7,0.849
2024-11-01,RN-BIO-GA01,E,tienda,20280.7,11038.0,5168.1,10331.7,4904.7,5945.6,57668.8,0.811
2024-11-01,RN-BIO-HI01,E,tienda,6948.5,4080.8,9312.9,1470.8,316.7,2238.7,24368.4,0.893
2024-11-01,RN-BIO-HI02,E,tienda,4697.2,2679.1,5780.7,1053.4,211.9,1777.1,16199.4,0.805
2024-11-01,RN-MAD-CV01,A,tienda,1127.4,759.1,1905.4,168.9,49.2,447.9,4457.9,0.6
2024-11-01,RN-MAD-CV02,A,tienda,1200.4,633.3,2091.6,170.3,52.3,453.6,4601.5,0.692
2024-11-01,RN-MAD-CV03,A,tienda,1270.2,778.0,1765.0,166.6,45.3,494.3,4519.4,0.763
2024-11-01,RN-MAD-CV04,A,tienda,1258.1,873.0,2255.8,181.7,49.1,548.5,5166.2,0.695
2024-11-01,RN-MAD-CV05,A,tienda,961.3,622.2,1574.9,135.3,43.6,405.4,3742.7,0.642
2024-11-01,RN-MAD-CV06,A,tienda,1189.5,728.8,1754.8,163.4,45.9,451.4,4333.8,0.735
2024-11-01,RN-MAD-CV07,A,tienda,1035.0,611.2,1543.4,152.4,45.4,432.4,3819.8,0.668
2024-11-01,RN-MAD-CV08,A,tienda,1379.8,862.1,2198.8,190.3,58.0,586.1,5275.1,0.589
2024-11-01,RN-MAD-CV09,A,tienda,1355.4,874.9,2202.5,189.7,58.3,513.0,5193.8,0.676
2024-11-01,RN-MAD-CV10,A,tienda,1344.3,800.3,1999.5,175.3,53.0,485.9,4858.3,0.715
2024-11-01,RN-MAD-ES01,A,tienda,1677.0,1271.1,125.0,259.8,1256.9,545.9,5135.7,0.706
2024-11-01,RN-MAD-ES02,A,tienda,1370.2,766.8,75.6,163.7,866.8,421.3,3664.4,0.723
2024-11-01,RN-MAD-ES03,A,tienda,1598.1,960.4,105.8,211.3,1010.0,507.9,4393.5,0.671
2024-11-01,RN-MAD-ES04,A,tienda,1515.7,1011.4,95.6,195.6,938.3,515.1,4271.7,0.616
2024-11-01,RN-MAD-ES05,A,tienda,1458.5,942.5,88.0,193.8,937.3,470.7,4090.8,0.769
2024-11-01,RN-MAD-ES06,A,tienda,1598.8,1029.5,110.0,213.8,1050.9,489.7,4492.7,0.651
2024-11-01,RN-MAD-ES07,A,tienda,1717.3,1078.9,105.7,255.6,1119.4,497.2,4774.1,0.666
2024-11-01,RN-MAD-ES08,A,tienda,1600.5,1114.3,107.6,226.3,1106.7,581.9,4737.3,0.677
2024-11-01,RN-MAD-ES09,A,tienda,1483.4,919.2,101.5,213.0,999.8,471.4,4188.3,0.703
2024-11-01,RN-MAD-ES10,A,tienda,1497.7,974.1,103.5,214.8,976.8,575.5,4342.4,0.755
2024-11-01,RN-MAD-ES11,A,tienda,1282.2,822.4,88.6,206.2,848.4,411.4,3659.2,0.678
2024-11-01,RN-MAD-ES12,A,tienda,1675.3,1052.1,116.0,231.5,1101.3,501.2,4677.4,0.698
2024-11-01,RN-MAD-ES13,A,tienda,1559.5,1029.7,112.8,240.3,1072.9,524.5,4539.7,0.762
2024-11-01,RN-MAD-ES14,A,tienda,1267.1,816.3,81.2,173.4,873.5,414.1,3625.6,0.663
2024-11-01,RN-MAD-ES15,A,tienda,1420.1,923.0,91.8,187.0,932.1,473.7,4027.7,0.6
2024-11-01,RN-MAD-ES16,A,tienda,1479.4,997.5,92.2,191.3,940.8,457.1,4158.3,0.672
2024-11-01,RN-MAD-ES17,A,tienda,1540.3,1106.2,81.5,241.7,1067.1,458.1,4494.9,0.778
2024-11-01,RN-MAD-ES18,A,tienda,1948.8,1134.9,121.0,238.7,1224.1,588.4,5255.9,0.688
2024-11-01,RN-MAD-ES19,A,tienda,1770.0,1073.5,96.0,241.7,1093.3,496.0,4770.5,0.684
2024-11-01,RN-MAD-ES20,A,tienda,1625.3,925.9,93.6,230.0,1030.9,445.3,4351.0,0.674
2024-11-01,RN-MAD-GA01,A,tienda,41191.9,24688.0,11724.3,14299.8,10642.3,11130.4,113676.7,0.697
2024-11-01,RN-MAD-GA02,A,tienda,25790.1,15637.8,6182.3,9929.6,6115.8,7856.7,71512.3,0.679
2024-11-01,RN-MAD-GA03,A,tienda,27673.3,16916.9,7282.3,10815.4,7424.4,8326.1,78438.4,0.75
2024-11-01,RN-MAD-HI01,A,tienda,6039.4,3862.8,7847.1,978.6,328.6,2231.6,21288.1,0.757
2024-11-01,RN-MAD-HI02,A,tienda,6087.9,3248.7,8697.4,1043.9,298.4,2200.8,21577.1,0.702
2024-11-01,RN-MAD-HI03,A,tienda,6786.5,3559.5,8029.8,1186.2,318.4,2250.1,22130.5,0.618
2024-11-01,RN-MAD-HI04,A,tienda,6218.6,4235.1,9355.3,1190.0,351.5,2414.3,23764.8,0.636
2024-11-01,RN-MAD-HI05,A,tienda,5590.2,3968.7,9735.0,1261.2,345.6,2438.7,23339.4,0.727
2024-11-01,RN-SEV-CV01,D,tienda,959.2,590.3,1442.3,192.3,39.8,382.3,3606.2,0.53
2024-11-01,RN-SEV-CV02,D,tienda,1279.7,680.2,1752.3,234.9,51.7,451.6,4450.4,0.624
2024-11-01,RN-SEV-CV03,D,tienda,820.6,586.5,1374.4,200.6,47.3,326.6,3356.0,0.545
2024-11-01,RN-SEV-CV04,D,tienda,851.3,579.5,1434.8,180.5,41.9,340.4,3428.4,0.635
2024-11-01,RN-SEV-CV05,D,tienda,844.7,496.0,1216.4,163.6,40.9,353.6,3115.2,0.54
2024-11-01,RN-SEV-CV06,D,tienda,1029.8,596.6,1262.6,217.1,46.1,353.1,3505.3,0.569
2024-11-01,RN-SEV-CV07,D,tienda,1035.5,629.4,1336.6,205.2,43.4,333.0,3583.1,0.516
2024-11-01,RN-SEV-CV08,D,tienda,1107.2,655.0,1606.2,246.1,50.7,418.2,4083.4,0.568
2024-11-01,RN-SEV-CV09,D,tienda,1007.1,608.4,1528.3,207.5,49.0,401.1,3801.4,0.61
2024-11-01,RN-SEV-CV10,D,tienda,968.9,615.3,1426.8,184.9,48.9,391.3,3636.1,0.571
2024-11-01,RN-SEV-ES01,D,tienda,1414.9,828.4,77.3,266.5,868.0,447.1,3902.2,0.553
2024-11-01,RN-SEV-ES02,D,tienda,1256.8,782.2,61.2,264.6,736.1,380.7,3481.6,0.563
2024-11-01,RN-SEV-ES03,D,tienda,1213.9,821.5,70.3,264.8,718.2,385.1,3473.8,0.491
2024-11-01,RN-SEV-ES04,D,tienda,1116.8,622.2,49.7,197.9,671.8,314.9,2973.3,0.473
2024-11-01,RN-SEV-ES05,D,tienda,1098.0,700.9,54.0,198.8,594.0,296.6,2942.3,0.537
2024-11-01,RN-SEV-ES06,D,tienda,1464.7,900.6,70.9,281.9,826.3,431.9,3976.3,0.546
2024-11-01,RN-SEV-ES07,D,tienda,1450.3,815.4,74.4,284.1,853.7,438.2,3916.1,0.493
2024-11-01,RN-SEV-ES08,D,tienda,1355.1,830.1,69.2,271.1,857.1,406.1,3788.7,0.546
2024-11-01,RN-SEV-ES09,D,tienda,1140.2,808.0,71.9,244.3,815.0,432.9,3512.3,0.611
2024-11-01,RN-SEV-ES10,D,tienda,1196.1,797.4,65.7,216.8,826.3,410.9,3513.2,0.544
2024-11-01,RN-SEV-ES11,D,tienda,1241.4,796.8,64.4,244.1,755.5,421.7,3523.9,0.478
2024-11-01,RN-SEV-ES12,D,tienda,1187.7,783.2,58.1,223.8,747.7,378.0,3378.5,0.519
2024-11-01,RN-SEV-GA01,D,tienda,16277.4,9078.1,2866.9,7483.5,3179.7,4340.7,43226.3,0.608
2024-11-01,RN-SEV-HI01,D,tienda,3930.7,2474.5,4861.5,1070.8,236.7,1296.6,13870.8,0.549
2024-11-01,RN-SEV-HI02,D,tienda,5202.0,2824.2,4885.8,1267.3,282.2,1676.2,16137.7,0.483
2024-11-01,RN-SEV-HI03,D,tienda,4040.7,2182.4,4938.8,1146.0,231.2,1393.0,13932.1,0.474
2024-11-01,RN-SEV-HI04,D,tienda,4764.8,3247.3,5948.1,1409.7,284.3,1854.5,17508.7,0.521
2024-11-01,RN-VLC-CV01,C,tienda,1009.4,621.4,1662.7,113.8,25.8,411.8,3844.9,0.597
2024-11-01,RN-VLC-CV02,C,tienda,1114.3,610.4,1614.8,115.0,31.7,441.9,3928.1,0.678
2024-11-01,RN-VLC-CV03,C,tienda,1267.8,754.0,2095.5,130.3,29.2,467.4,4744.2,0.623
2024-11-01,RN-VLC-CV04,C,tienda,1092.0,633.6,1774.4,97.6,27.9,403.3,4028.8,0.626
2024-11-01,RN-VLC-CV05,C,tienda,846.6,511.3,1404.1,84.4,25.0,302.6,3174.0,0.562
2024-11-01,RN-VLC-CV06,C,tienda,1162.3,753.4,2174.3,110.7,31.0,481.9,4713.6,0.551
2024-11-01,RN-VLC-CV07,C,tienda,1010.9,654.5,1894.7,105.9,25.9,391.6,4083.5,0.67
2024-11-01,RN-VLC-CV08,C,tienda,801.0,551.3,1434.7,90.3,24.8,325.4,3227.5,0.63
2024-11-01,RN-VLC-CV09,C,tienda,881.7,589.2,1504.5,108.8,25.5,410.4,3520.1,0.569
2024-11-01,RN-VLC-ES01,C,tienda,1316.0,885.4,117.4,198.3,929.4,435.8,3882.3,0.573
2024-11-01,RN-VLC-ES02,C,tienda,983.8,606.7,82.7,144.3,653.8,290.1,2761.4,0.556
2024-11-01,RN-VLC-ES03,C,tienda,1207.6,718.9,105.8,177.0,717.3,373.1,3299.7,0.67
2024-11-01,RN-VLC-ES04,C,tienda,1325.6,811.0,106.4,177.0,769.8,373.4,3563.2,0.644
2024-11-01,RN-VLC-ES05,C,tienda,1353.7,856.2,116.0,189.4,842.1,385.4,3742.8,0.549
2024-11-01,RN-VLC-ES06,C,tienda,891.2,592.5,85.4,140.7,649.7,289.9,2649.4,0.541
2024-11-01,RN-VLC-ES07,C,tienda,1131.9,742.9,101.6,158.9,675.8,378.9,3190.0,0.566
2024-11-01,RN-VLC-ES08,C,tienda,1559.0,777.4,120.4,203.7,903.0,427.9,3991.4,0.649
2024-11-01,RN-VLC-ES09,C,tienda,1122.4,698.5,122.6,179.9,779.3,354.9,3257.6,0.594
2024-11-01,RN-VLC-ES10,C,tienda,1023.4,702.2,95.5,156.7,673.0,343.6,2994.4,0.62
2024-11-01,RN-VLC-GA01,C,tienda,23024.6,13909.2,8455.5,9248.7,5286.6,6945.9,66870.5,0.711
2024-11-01,RN-VLC-HI01,C,tienda,5082.3,2988.7,8360.9,888.6,227.4,2136.8,19684.7,0.582
2024-11-01,RN-VLC-HI02,C,tienda,5801.8,3423.4,8961.8,830.1,240.2,2327.0,21584.3,0.573
2024-11-01,RN-VLC-HI03,C,tienda,6343.0,4193.7,10370.0,910.8,249.0,2584.5,24651.0,0.62
2024-11-01,RN-VLC-HI04,C,tienda,5424.0,3370.8,7657.3,844.6,189.3,1968.3,19454.3,0.628
2024-11-01,RN-VLC-HI05,C,tienda,5721.8,3790.3,10140.5,846.9,214.6,2218.7,22932.8,0.641
2024-11-01,RN-VLC-HI06,C,tienda,5871.1,3333.5,9365.5,939.6,211.6,2189.7,21911.0,0.673
2024-11-01,RN-VLC-HI07,C,tienda,4169.3,2729.1,6361.3,655.7,176.2,1754.9,15846.5,0.626
2024-12-01,CL-BCN-01,B,centro_logistico,5675.1,2367.8,101.2,270.4,155.2,932.4,9502.1,0.88
2024-12-01,CL-BCN-02,B,centro_logistico,6009.5,2524.2,87.3,272.2,160.2,778.8,9832.2,0.796
2024-12-01,CL-BIO-01,E,centro_logistico,3005.2,1687.0,56.0,169.2,101.6,487.3,5506.3,0.922
2024-12-01,CL-MAD-01,A,centro_logistico,5104.7,2313.3,75.6,224.9,174.1,756.5,8649.1,0.762
2024-12-01,CL-MAD-02,A,centro_logistico,4977.0,2219.6,73.3,235.7,171.2,599.0,8275.8,0.802
2024-12-01,CL-MAD-03,A,centro_logistico,4697.4,2311.5,83.4,225.0,171.5,710.1,8198.9,0.744
2024-12-01,CL-SEV-01,D,centro_logistico,3830.8,1710.4,76.6,183.0,130.4,578.1,6509.3,0.583
2024-12-01,CL-VLC-01,C,centro_logistico,3979.6,1870.9,72.6,242.4,143.0,704.0,7012.5,0.7
2024-12-01,CL-VLC-02,C,centro_logistico,4099.0,1966.2,70.0,243.9,139.9,584.5,7103.5,0.688
2024-12-01,RN-BCN-CV01,B,tienda,1493.7,983.0,2517.0,237.6,66.2,667.0,5964.5,0.706
2024-12-01,RN-BCN-CV02,B,tienda,1768.6,1038.4,2619.4,284.8,66.6,617.2,6395.0,0.7
2024-12-01,RN-BCN-CV03,B,tienda,1819.3,1302.3,2940.0,271.6,70.7,801.7,7205.6,0.664
2024-12-01,RN-BCN-CV04,B,tienda,1427.0,974.1,2393.7,230.2,60.4,552.7,5638.1,0.675
2024-12-01,RN-BCN-CV05,B,tienda,1571.4,1024.5,2482.2,240.7,68.8,619.1,6006.7,0.763
2024-12-01,RN-BCN-CV06,B,tienda,1565.7,950.4,2397.2,226.9,61.5,594.7,5796.4,0.728
2024-12-01,RN-BCN-CV07,B,tienda,1624.3,1063.5,2403.0,254.4,64.4,631.8,6041.4,0.752
2024-12-01,RN-BCN-CV08,B,tienda,1665.6,879.3,2501.6,207.4,56.8,628.0,5938.7,0.708
2024-12-01,RN-BCN-ES01,B,tienda,1787.3,1062.4,110.8,243.1,1004.9,472.6,4681.1,0.753
2024-12-01,RN-BCN-ES02,B,tienda,1726.6,1208.5,141.6,273.2,1294.2,524.5,5168.6,0.784
2024-12-01,RN-BCN-ES03,B,tienda,1961.4,1386.3,120.5,293.9,1204.0,553.9,5520.0,0.7
2024-12-01,RN-BCN-ES04,B,tienda,1588.6,1102.5,114.0,290.3,1287.1,573.1,4955.6,0.674
2024-12-01,RN-BCN-ES05,B,tienda,1921.2,1217.2,121.3,278.6,1210.8,584.4,5333.5,0.739
2024-12-01,RN-BCN-ES06,B,tienda,1880.5,1191.8,129.5,289.6,1214.0,573.3,5278.7,0.814
2024-12-01,RN-BCN-ES07,B,tienda,1973.5,1240.5,115.5,301.7,1207.6,666.2,5505.0,0.678
2024-12-01,RN-BCN-ES08,B,tienda,1432.2,861.7,100.7,210.1,955.8,501.7,4062.2,0.696
2024-12-01,RN-BCN-ES09,B,tienda,1909.5,1216.8,119.5,302.6,1268.9,599.6,5416.9,0.71
2024-12-01,RN-BCN-ES10,B,tienda,1550.8,1184.1,105.2,290.4,1164.4,531.7,4826.6,0.722
2024-12-01,RN-BCN-ES11,B,tienda,1871.8,1215.2,111.5,287.6,1287.4,567.2,5340.7,0.685
2024-12-01,RN-BCN-ES12,B,tienda,1503.9,943.5,101.8,261.8,1086.9,468.2,4366.1,0.735
2024-12-01,RN-BCN-ES13,B,tienda,1733.9,1279.3,123.9,291.6,1232.3,667.3,5328.3,0.745
2024-12-01,RN-BCN-ES14,B,tienda,2065.7,1258.7,126.2,307.1,1291.2,612.7,5661.6,0.677
2024-12-01,RN-BCN-GA01,B,tienda,35352.6,20291.1,9155.4,14986.8,9388.4,9884.0,99058.3,0.7
2024-12-01,RN-BCN-GA02,B,tienda,40604.7,24029.9,10328.2,17046.4,8622.7,10702.1,111334.0,0.771
2024-12-01,RN-BCN-HI01,B,tienda,8474.2,4699.7,10487.2,1429.3,379.8,2618.9,28089.1,0.687
2024-12-01,RN-BCN-HI02,B,tienda,9686.5,6699.8,14733.7,2146.5,552.6,3648.2,37467.3,0.702
2024-12-01,RN-BCN-HI03,B,tienda,6935.3,4442.3,10213.7,1454.8,342.5,2488.2,25876.8,0.643
2024-12-01,RN-BCN-HI04,B,tienda,8742.4,5400.1,12808.6,1681.7,429.8,3566.0,32628.6,0.728
2024-12-01,RN-BIO-CV01,E,tienda,1777.4,1106.8,2797.2,297.4,65.6,654.9,6699.3,0.803
2024-12-01,RN-BIO-CV02,E,tienda,1898.6,1114.1,2564.1,272.9,68.3,601.3,6519.3,0.835
2024-12-01,RN-BIO-CV03,E,tienda,1591.8,926.1,2510.4,270.5,59.3,599.9,5958.0,0.893
2024-12-01,RN-BIO-CV04,E,tienda,1686.4,1191.5,3063.2,284.9,62.4,651.5,6939.9,0.878
2024-12-01,RN-BIO-ES01,E,tienda,1594.6,1084.5,98.5,315.8,1053.7,517.3,4664.4,0.823
2024-12-01,RN-BIO-ES02,E,tienda,1593.2,1033.0,97.5,270.5,946.0,504.5,4444.7,0.756
2024-12-01,RN-BIO-ES03,E,tienda,2445.2,1384.1,154.9,466.0,1473.5,720.7,6644.4,0.772
2024-12-01,RN-BIO-ES04,E,tienda,2119.5,1331.5,130.5,354.5,1256.0,662.3,5854.3,0.861
2024-12-01,RN-BIO-ES05,E,tienda,2086.2,1188.7,107.6,326.1,1230.8,605.6,5545.0,0.825
2024-12-01,RN-BIO-ES06,E,tienda,2332.9,1432.7,152.0,464.2,1365.8,678.7,6426.3,0.847
2024-12-01,RN-BIO-ES07,E,tienda,1766.0,1166.5,125.5,325.9,1166.9,591.9,5142.7,0.813
2024-12-01,RN-BIO-GA01,E,tienda,26982.1,16111.6,6014.1,12279.0,5629.1,7207.9,74223.8,0.846
2024-12-01,RN-BIO-HI01,E,tienda,8810.4,5637.4,11334.1,1972.7,427.7,3179.0,31361.3,0.764
2024-12-01,RN-BIO-HI02,E,tienda,6678.0,4225.6,9686.1,1576.9,349.2,2395.9,24911.7,0.837
2024-12-01,RN-MAD-CV01,A,tienda,1739.6,1048.6,2925.4,217.8,68.0,620.4,6619.8,0.726
2024-12-01,RN-MAD-CV02,A,tienda,1705.1,1012.9,3033.7,227.1,67.3,725.2,6771.3,0.606
2024-12-01,RN-MAD-CV03,A,tienda,1420.1,968.2,2451.7,163.8,66.0,571.6,5641.4,0.647
2024-12-01,RN-MAD-CV04,A,tienda,1702.3,1187.0,2876.2,261.6,72.8,760.0,6859.9,0.652
2024-12-01,RN-MAD-CV05,A,tienda,1503.9,835.3,2407.4,167.6,58.0,536.9,5509.1,0.603
2024-12-01,RN-MAD-CV06,A,tienda,1488.6,967.3,2535.0,212.6,66.2,683.9,5953.6,0.625
2024-12-01,RN-MAD-CV07,A,tienda,1676.1,1001.3,2630.8,223.9,70.1,609.5,6211.7,0.667
2024-12-01,RN-MAD-CV08,A,tienda,1956.1,1220.6,3563.9,286.2,82.2,752.1,7861.1,0.679
2024-12-01,RN-MAD-CV09,A,tienda,2066.7,1182.1,2876.1,280.2,76.4,797.2,7278.7,0.67
2024-12-01,RN-MAD-CV10,A,tienda,1764.5,1178.6,2806.3,259.4,77.9,722.7,6809.4,0.699
2024-12-01,RN-MAD-ES01,A,tienda,2422.9,1644.4,146.8,314.3,1570.8,668.2,6767.4,0.682
2024-12-01,RN-MAD-ES02,A,tienda,1579.3,1013.4,107.6,195.4,1125.6,542.6,4563.9,0.665
2024-12-01,RN-MAD-ES03,A,tienda,2081.0,1312.6,130.3,292.4,1260.9,587.0,5664.2,0.683
2024-12-01,RN-MAD-ES04,A,tienda,2057.9,1299.2,127.1,278.5,1242.7,654.6,5660.0,0.672
2024-12-01,RN-MAD-ES05,A,tienda,1786.9,1160.2,112.7,255.8,1031.7,565.0,4912.3,0.648
2024-12-01,RN-MAD-ES06,A,tienda,2031.4,1124.6,124.7,247.8,1360.7,644.0,5533.2,0.683
2024-12-01,RN-MAD-ES07,A,tienda,2135.1,1382.1,135.1,296.7,1383.3,588.7,5921.0,0.65
2024-12-01,RN-MAD-ES08,A,tienda,2461.0,1329.3,141.9,305.0,1175.1,592.5,6004.8,0.658
2024-12-01,RN-MAD-ES09,A,tienda,1941.1,1234.9,121.6,270.2,1334.9,563.2,5465.9,0.715
2024-12-01,RN-MAD-ES10,A,tienda,2103.2,1368.0,137.6,309.9,1243.4,704.2,5866.3,0.797
2024-12-01,RN-MAD-ES11,A,tienda,1908.2,1058.2,119.6,257.3,1176.1,524.3,5043.7,0.655
2024-12-01,RN-MAD-ES12,A,tienda,2202.3,1342.5,135.4,300.4,1183.6,625.4,5789.6,0.663
2024-12-01,RN-MAD-ES13,A,tienda,2213.1,1342.6,133.9,284.3,1107.3,690.6,5771.8,0.611
2024-12-01,RN-MAD-ES14,A,tienda,1560.8,1021.8,104.5,223.3,1141.5,508.9,4560.8,0.637
2024-12-01,RN-MAD-ES15,A,tienda,1771.7,1185.3,110.0,246.7,1118.8,570.5,5003.0,0.653
2024-12-01,RN-MAD-ES16,A,tienda,1779.3,1146.7,116.7,312.5,1322.3,651.6,5329.1,0.598
2024-12-01,RN-MAD-ES17,A,tienda,2054.8,1230.4,130.4,287.7,1254.1,663.0,5620.4,0.68
2024-12-01,RN-MAD-ES18,A,tienda,2234.6,1382.2,150.0,338.7,1315.5,654.4,6075.4,0.64
2024-12-01,RN-MAD-ES19,A,tienda,1990.5,1370.2,141.0,287.9,1383.6,635.2,5808.4,0.647
2024-12-01,RN-MAD-ES20,A,tienda,2011.6,1204.3,142.4,264.2,1273.6,661.1,5557.2,0.668
2024-12-01,RN-MAD-GA01,A,tienda,49334.7,26680.4,13983.3,18345.3,12807.5,15394.2,136545.4,0.623
2024-12-01,RN-MAD-GA02,A,tienda,30547.6,20655.3,9652.8,12699.4,9431.1,9893.8,92880.0,0.666
2024-12-01,RN-MAD-GA03,A,tienda,40011.2,25114.7,10256.1,16533.2,11773.3,10556.6,114245.1,0.677
2024-12-01,RN-MAD-HI01,A,tienda,9427.9,5432.4,12698.6,1631.7,454.5,3239.7,32884.8,0.71
2024-12-01,RN-MAD-HI02,A,tienda,7579.5,4643.9,11815.8,1506.1,433.7,3040.5,29019.5,0.667
2024-12-01,RN-MAD-HI03,A,tienda,8662.2,5785.9,11477.0,1574.4,482.3,3598.0,31579.8,0.668
2024-12-01,RN-MAD-HI04,A,tienda,9670.5,5562.7,11786.0,1824.0,530.6,3468.9,32842.7,0.639
2024-12-01,RN-MAD-HI05,A,tienda,9922.7,6359.3,12515.8,1838.7,527.7,3791.9,34956.1,0.629
2024-12-01,RN-SEV-CV01,D,tienda,1470.5,785.4,2092.8,294.1,62.6,437.4,5142.8,0.537
2024-12-01,RN-SEV-CV02,D,tienda,1633.5,1055.2,2463.8,323.9,73.9,598.3,6148.6,0.559
2024-12-01,RN-SEV-CV03,D,tienda,1392.7,758.4,1907.1,274.3,63.2,567.1,4962.8,0.48
2024-12-01,RN-SEV-CV04,D,tienda,1198.6,858.1,1874.0,268.2,63.1,502.7,4764.7,0.488
2024-12-01,RN-SEV-CV05,D,tienda,1370.1,793.7,1718.6,256.8,57.4,474.1,4670.7,0.531
2024-12-01,RN-SEV-CV06,D,tienda,1415.9,842.0,1763.6,283.1,62.4,479.5,4846.5,0.509
2024-12-01,RN-SEV-CV07,D,tienda,1448.5,841.3,1682.8,269.8,61.0,477.9,4781.3,0.574
2024-12-01,RN-SEV-CV08,D,tienda,1514.8,847.1,2013.6,319.7,76.4,567.0,5338.6,0.543
2024-12-01,RN-SEV-CV09,D,tienda,1426.9,866.4,2006.3,272.2,62.9,453.5,5088.2,0.542
2024-12-01,RN-SEV-CV10,D,tienda,1363.2,940.9,2184.2,299.9,75.7,541.9,5405.8,0.636
2024-12-01,RN-SEV-ES01,D,tienda,1767.7,1002.6,87.3,323.3,952.4,574.2,4707.5,0.58
2024-12-01,RN-SEV-ES02,D,tienda,1503.7,946.8,82.6,318.9,1056.2,459.8,4368.0,0.457
2024-12-01,RN-SEV-ES03,D,tienda,1415.1,988.2,91.6,318.1,1020.3,509.5,4342.8,0.61
2024-12-01,RN-SEV-ES04,D,tienda,1362.8,1044.3,76.9,254.2,833.8,435.7,4007.7,0.525
2024-12-01,RN-SEV-ES05,D,tienda,1331.4,846.6,71.0,261.9,844.6,406.0,3761.5,0.538
2024-12-01,RN-SEV-ES06,D,tienda,1617.0,1133.4,88.7,322.7,1076.8,565.8,4804.4,0.576
2024-12-01,RN-SEV-ES07,D,tienda,1874.9,1168.4,90.4,292.0,1064.0,532.0,5021.7,0.592
2024-12-01,RN-SEV-ES08,D,tienda,1559.4,1043.6,84.2,330.9,966.6,504.6,4489.3,0.521
2024-12-01,RN-SEV-ES09,D,tienda,1576.7,1056.4,80.1,308.8,944.4,494.7,4461.1,0.547
2024-12-01,RN-SEV-ES10,D,tienda,1474.9,962.3,72.2,303.8,1017.0,508.7,4338.9,0.546
2024-12-01,RN-SEV-ES11,D,tienda,1456.7,1007.6,84.1,287.2,931.7,514.8,4282.1,0.556
2024-12-01,RN-SEV-ES12,D,tienda,1529.1,887.1,84.2,268.8,825.6,479.2,4074.0,0.491
2024-12-01,RN-SEV-GA01,D,tienda,20957.1,13127.9,4060.1,10495.0,4496.6,5396.5,58533.2,0.525
2024-12-01,RN-SEV-HI01,D,tienda,5891.1,3316.7,6427.8,1418.4,284.3,1939.7,19278.0,0.554
2024-12-01,RN-SEV-HI02,D,tienda,6917.4,3741.2,8602.2,1695.7,351.2,2134.6,23442.3,0.595
2024-12-01,RN-SEV-HI03,D,tienda,5467.4,3425.5,6490.6,1378.1,293.1,2088.4,19143.1,0.62
2024-12-01,RN-SEV-HI04,D,tienda,7514.9,4688.9,8638.2,1908.8,407.4,2422.1,25580.3,0.519
2024-12-01,RN-VLC-CV01,C,tienda,1282.6,1047.3,2679.7,162.6,46.4,625.8,5844.4,0.634
2024-12-01,RN-VLC-CV02,C,tienda,1649.9,1032.9,2426.7,174.4,41.4,593.2,5918.5,0.595
2024-12-01,RN-VLC-CV03,C,tienda,1667.7,1102.3,3350.8,190.4,47.1,733.1,7091.4,0.584
2024-12-01,RN-VLC-CV04,C,tienda,1464.0,811.4,2589.3,153.4,39.9,564.8,5622.8,0.623
2024-12-01,RN-VLC-CV05,C,tienda,1209.2,856.6,2113.6,137.1,33.6,516.3,4866.4,0.545
2024-12-01,RN-VLC-CV06,C,tienda,1680.6,1018.5,2798.9,176.0,52.8,608.9,6335.7,0.605
2024-12-01,RN-VLC-CV07,C,tienda,1488.1,874.5,2437.4,162.8,40.5,566.7,5570.0,0.659
2024-12-01,RN-VLC-CV08,C,tienda,1215.9,751.1,2062.5,140.6,34.1,524.9,4729.1,0.575
2024-12-01,RN-VLC-CV09,C,tienda,1294.5,817.9,2290.5,146.6,37.0,516.4,5102.9,0.629
2024-12-01,RN-VLC-ES01,C,tienda,1641.4,867.2,151.6,254.4,1014.7,473.0,4402.3,0.626
2024-12-01,RN-VLC-ES02,C,tienda,1350.5,827.1,108.8,204.8,825.2,427.3,3743.7,0.582
2024-12-01,RN-VLC-ES03,C,tienda,1393.6,866.7,121.2,203.4,886.9,438.9,3910.7,0.625
2024-12-01,RN-VLC-ES04,C,tienda,1412.4,986.5,134.4,239.7,1054.7,546.0,4373.7,0.674
2024-12-01,RN-VLC-ES05,C,tienda,1462.1,952.7,133.4,229.5,913.6,457.8,4149.1,0.62
2024-12-01,RN-VLC-ES06,C,tienda,1235.3,810.9,114.4,209.7,830.3,324.8,3525.4,0.6
2024-12-01,RN-VLC-ES07,C,tienda,1458.1,885.1,141.0,208.7,915.0,428.9,4036.8,0.65
2024-12-01,RN-VLC-ES08,C,tienda,1657.3,1082.7,152.4,266.8,1136.2,533.7,4829.1,0.637
2024-12-01,RN-VLC-ES09,C,tienda,1393.2,1025.9,136.1,225.7,984.3,467.7,4232.9,0.554
2024-12-01,RN-VLC-ES10,C,tienda,1366.1,937.1,124.5,222.2,912.9,464.9,4027.7,0.603
2024-12-01,RN-VLC-GA01,C,tienda,30250.4,18822.7,11245.8,11064.3,6825.3,9670.1,87878.6,0.55
2024-12-01,RN-VLC-HI01,C,tienda,6992.1,4471.9,13114.5,1032.8,268.9,3371.9,29252.1,0.615
2024-12-01,RN-VLC-HI02,C,tienda,7755.4,5131.3,12896.1,1236.6,337.9,3197.6,30554.9,0.629
2024-12-01,RN-VLC-HI03,C,tienda,7755.8,4872.1,13461.9,1300.1,335.8,3213.6,30939.3,0.658
2024-12-01,RN-VLC-HI04,C,tienda,7148.9,4376.8,11997.5,1023.3,282.3,2932.0,27760.8,0.596
2024-12-01,RN-VLC-HI05,C,tienda,7703.6,5478.6,13007.5,1361.0,305.4,3117.7,30973.8,0.564
2024-12-01,RN-VLC-HI06,C,tienda,7966.2,4885.1,11818.4,1086.6,323.5,3091.2,29171.0,0.631
2024-12-01,RN-VLC-HI07,C,tienda,5728.1,3531.9,9621.2,946.9,215.7,2633.2,22677.0,0.553
2025-01-01,CL-BCN-01,B,centro_logistico,3693.3,1764.2,51.7,182.1,134.6,465.0,6290.9,0.787
2025-01-01,CL-BCN-02,B,centro_logistico,3533.3,1605.2,55.2,171.0,120.7,560.7,6046.1,0.776
2025-01-01,CL-BIO-01,E,centro_logistico,2062.0,1015.4,31.5,102.6,74.8,317.4,3603.7,0.921
2025-01-01,CL-MAD-01,A,centro_logistico,3136.3,1379.6,50.4,159.3,92.2,466.9,5284.7,0.737
2025-01-01,CL-MAD-02,A,centro_logistico,2977.4,1299.3,47.0,155.5,101.0,495.3,5075.5,0.824
2025-01-01,CL-MAD-03,A,centro_logistico,2923.9,1421.6,49.4,152.7,102.6,431.7,5081.9,0.746
2025-01-01,CL-SEV-01,D,centro_logistico,2571.6,1030.8,36.5,117.5,90.9,364.1,4211.4,0.628
2025-01-01,CL-VLC-01,C,centro_logistico,2641.0,1263.7,42.8,151.0,87.6,432.5,4618.6,0.69
2025-01-01,CL-VLC-02,C,centro_logistico,2166.5,1229.3,49.7,144.8,97.4,349.2,4036.9,0.698
2025-01-01,RN-BCN-CV01,B,tienda,944.6,556.8,1495.2,127.8,39.0,393.4,3556.8,0.781
2025-01-01,RN-BCN-CV02,B,tienda,1001.0,647.0,1739.0,161.0,41.8,416.7,4006.5,0.7
2025-01-01,RN-BCN-CV03,B,tienda,1270.7,749.3,1971.1,170.2,41.2,437.0,4639.5,0.737
2025-01-01,RN-BCN-CV04,B,tienda,917.4,582.5,1388.2,135.6,32.9,316.5,3373.1,0.713
2025-01-01,RN-BCN-CV05,B,tienda,927.4,601.8,1453.3,137.8,32.7,351.3,3504.3,0.712
2025-01-01,RN-BCN-CV06,B,tienda,981.7,646.7,1386.5,140.5,36.9,363.7,3556.0,0.737
2025-01-01,RN-BCN-CV07,B,tienda,1041.7,564.1,1651.9,145.6,36.7,366.7,3806.7,0.74
2025-01-01,RN-BCN-CV08,B,tienda,769.1,578.8,1497.1,135.9,37.4,364.0,3382.3,0.768
2025-01-01,RN-BCN-ES01,B,tienda,1072.3,697.3,67.8,181.6,695.7,345.0,3059.7,0.663
2025-01-01,RN-BCN-ES02,B,tienda,1177.9,827.8,81.6,195.2,926.3,370.8,3579.6,0.734
2025-01-01,RN-BCN-ES03,B,tienda,1271.9,840.6,87.7,208.3,901.7,442.2,3752.4,0.711
2025-01-01,RN-BCN-ES04,B,tienda,1262.8,728.0,75.5,180.3,754.0,370.2,3370.8,0.773
2025-01-01,RN-BCN-ES05,B,tienda,1352.0,797.8,87.9,192.2,771.9,445.8,3647.6,0.752
2025-01-01,RN-BCN-ES06,B,tienda,1317.9,768.2,83.1,179.9,869.5,425.1,3643.7,0.675
2025-01-01,RN-BCN-ES07,B,tienda,1250.2,725.2,80.1,175.7,733.7,368.9,3333.8,0.725
2025-01-01,RN-BCN-ES08,B,tienda,929.4,657.5,67.3,139.1,614.4,306.2,2713.9,0.725
2025-01-01,RN-BCN-ES09,B,tienda,1380.5,773.8,77.2,204.3,777.8,413.7,3627.3,0.725
2025-01-01,RN-BCN-ES10,B,tienda,1217.9,722.1,78.5,169.5,741.1,354.8,3283.9,0.742
2025-01-01,RN-BCN-ES11,B,tienda,1254.9,894.7,83.1,178.8,812.9,403.7,3628.1,0.727
2025-01-01,RN-BCN-ES12,B,tienda,1006.1,721.8,64.0,158.8,662.0,356.9,2969.6,0.744
2025-01-01,RN-BCN-ES13,B,tienda,1230.3,756.6,83.5,200.1,727.7,460.9,3459.1,0.751
2025-01-01,RN-BCN-ES14,B,tienda,1322.8,980.8,87.9,204.6,913.1,479.0,3988.2,0.709
2025-01-01,RN-BCN-GA01,B,tienda,22401.9,13547.8,5712.6,9193.8,5503.4,6177.7,62537.2,0.717
2025-01-01,RN-BCN-GA02,B,tienda,25125.5,15438.5,6878.5,11632.5,5946.3,7625.2,72646.5,0.775
2025-01-01,RN-BCN-HI01,B,tienda,4826.7,2358.9,5402.0,814.0,226.5,1524.0,15152.1,0.715
2025-01-01,RN-BCN-HI02,B,tienda,6867.5,3620.2,8510.8,1135.0,300.2,1993.2,22426.9,0.731
2025-01-01,RN-BCN-HI03,B,tienda,4135.1,2583.6,5883.3,822.4,204.7,1589.8,15218.9,0.622
2025-01-01,RN-BCN-HI04,B,tienda,5138.2,3215.1,7331.4,1039.0,252.3,1981.9,18957.9,0.717
2025-01-01,RN-BIO-CV01,E,tienda,1164.9,673.2,1756.5,153.5,39.4,424.2,4211.7,0.874
2025-01-01,RN-BIO-CV02,E,tienda,971.8,651.6,1835.4,164.2,35.3,392.8,4051.1,0.783
2025-01-01,RN-BIO-CV03,E,tienda,995.9,582.9,1612.4,152.1,36.4,366.3,3746.0,0.801
2025-01-01,RN-BIO-CV04,E,tienda,1032.6,686.4,1789.7,165.3,41.6,456.0,4171.6,0.828
2025-01-01,RN-BIO-ES01,E,tienda,1049.2,689.1,72.2,192.9,697.8,363.0,3064.2,0.826
2025-01-01,RN-BIO-ES02,E,tienda,993.5,640.8,64.7,197.5,679.6,327.1,2903.2,0.764
2025-01-01,RN-BIO-ES03,E,tienda,1402.4,1002.9,116.0,301.1,1020.5,492.7,4335.6,0.877
2025-01-01,RN-BIO-ES04,E,tienda,1293.4,775.9,95.8,237.0,784.8,430.1,3617.0,0.793
2025-01-01,RN-BIO-ES05,E,tienda,1294.3,834.6,86.8,257.6,734.1,370.9,3578.3,0.894
2025-01-01,RN-BIO-ES06,E,tienda,1391.9,893.7,100.8,257.3,912.7,479.6,4036.0,0.824
2025-01-01,RN-BIO-ES07,E,tienda,1327.5,874.6,85.7,222.5,791.2,404.0,3705.5,0.824
2025-01-01,RN-BIO-GA01,E,tienda,13825.0,9911.7,4577.4,7636.5,3627.9,4552.3,44130.8,0.819
2025-01-01,RN-BIO-HI01,E,tienda,4761.8,3006.1,7223.2,1271.7,240.8,1926.0,18429.6,0.896
2025-01-01,RN-BIO-HI02,E,tienda,4216.7,2534.2,5801.1,823.6,185.8,1492.5,15053.9,0.793
2025-01-01,RN-MAD-CV01,A,tienda,957.8,614.9,1517.5,125.0,38.1,340.6,3593.9,0.693
2025-01-01,RN-MAD-CV02,A,tienda,1031.8,633.7,1511.0,145.5,46.2,382.9,3751.1,0.773
2025-01-01,RN-MAD-CV03,A,tienda,859.4,555.1,1567.9,126.8,36.3,394.2,3539.7,0.678
2025-01-01,RN-MAD-CV04,A,tienda,984.8,682.4,1685.7,154.2,43.3,458.2,4008.6,0.663
2025-01-01,RN-MAD-CV05,A,tienda,866.6,482.3,1226.9,130.8,34.1,301.4,3042.1,0.638
2025-01-01,RN-MAD-CV06,A,tienda,999.3,619.0,1563.9,140.2,38.7,354.0,3715.1,0.706
2025-01-01,RN-MAD-CV07,A,tienda,1027.7,546.7,1503.7,121.7,42.0,367.5,3609.3,0.773
2025-01-01,RN-MAD-CV08,A,tienda,1117.1,625.1,2028.0,143.6,47.5,466.4,4427.7,0.643
2025-01-01,RN-MAD-CV09,A,tienda,1121.1,736.6,1932.0,168.6,49.4,515.7,4523.4,0.66
2025-01-01,RN-MAD-CV10,A,tienda,928.3,630.3,1692.4,157.5,45.7,389.5,3843.7,0.608
2025-01-01,RN-MAD-ES01,A,tienda,1627.6,1080.4,100.6,258.3,1048.2,498.4,4613.5,0.679
2025-01-01,RN-MAD-ES02,A,tienda,1226.1,714.0,67.1,162.4,744.0,356.4,3270.0,0.637
2025-01-01,RN-MAD-ES03,A,tienda,1218.4,884.6,91.0,196.0,904.0,451.3,3745.3,0.751
2025-01-01,RN-MAD-ES04,A,tienda,1223.9,791.5,82.3,195.3,891.9,466.5,3651.4,0.744
2025-01-01,RN-MAD-ES05,A,tienda,1175.7,815.0,78.4,162.6,788.1,365.4,3385.2,0.604
2025-01-01,RN-MAD-ES06,A,tienda,1360.2,929.3,90.9,195.2,838.5,397.9,3812.0,0.706
2025-01-01,RN-MAD-ES07,A,tienda,1377.9,912.0,93.4,185.5,996.8,482.0,4047.6,0.637
2025-01-01,RN-MAD-ES08,A,tienda,1474.3,966.7,99.6,188.0,987.5,450.5,4166.6,0.706
2025-01-01,RN-MAD-ES09,A,tienda,1273.4,826.8,81.9,200.9,879.9,408.7,3671.6,0.61
2025-01-01,RN-MAD-ES10,A,tienda,1320.6,824.8,97.5,187.4,953.8,470.4,3854.5,0.65
2025-01-01,RN-MAD-ES11,A,tienda,1017.6,748.2,77.3,167.4,774.0,385.2,3169.7,0.649
2025-01-01,RN-MAD-ES12,A,tienda,1321.0,833.4,77.2,201.9,863.3,419.1,3715.9,0.659
2025-01-01,RN-MAD-ES13,A,tienda,1263.0,886.3,85.3,193.6,868.2,418.5,3714.9,0.635
2025-01-01,RN-MAD-ES14,A,tienda,1067.0,664.6,73.1,148.1,715.6,336.9,3005.3,0.693
2025-01-01,RN-MAD-ES15,A,tienda,1290.4,747.9,82.8,182.6,858.0,390.8,3552.5,0.687
2025-01-01,RN-MAD-ES16,A,tienda,1311.5,790.6,82.9,193.5,704.7,404.4,3487.6,0.676
2025-01-01,RN-MAD-ES17,A,tienda,1231.3,816.1,82.9,195.2,918.9,459.1,3703.5,0.72
2025-01-01,RN-MAD-ES18,A,tienda,1375.3,873.2,100.5,209.7,1010.6,457.2,4026.5,0.687
2025-01-01,RN-MAD-ES19,A,tienda,1368.9,961.7,91.2,200.0,988.2,468.2,4078.2,0.683
2025-01-01,RN-MAD-ES20,A,tienda,1330.9,820.2,86.4,211.3,894.9,441.5,3785.2,0.675
2025-01-01,RN-MAD-GA01,A,tienda,29492.6,17741.0,7718.2,12770.2,8283.4,8149.1,84154.5,0.676
2025-01-01,RN-MAD-GA02,A,tienda,21430.7,12632.4,4939.6,8796.2,5335.4,6209.4,59343.7,0.671
2025-01-01,RN-MAD-GA03,A,tienda,22593.8,14073.9,6208.6,9612.9,6133.9,6834.5,65457.6,0.607
2025-01-01,RN-MAD-HI01,A,tienda,5682.8,3197.4,8023.5,920.2,310.7,1857.1,19991.7,0.64
2025-01-01,RN-MAD-HI02,A,tienda,4645.5,3078.6,6624.9,896.9,249.9,1584.4,17080.2,0.685
2025-01-01,RN-MAD-HI03,A,tienda,5314.0,3025.0,7391.2,880.1,279.6,1965.6,18855.5,0.717
2025-01-01,RN-MAD-HI04,A,tienda,5756.5,3393.4,8402.1,1142.3,313.9,2026.3,21034.5,0.601
2025-01-01,RN-MAD-HI05,A,tienda,5608.3,3463.1,8361.6,1110.0,281.0,2278.7,21102.7,0.682
2025-01-01,RN-SEV-CV01,D,tienda,827.6,462.5,1051.6,151.3,32.8,310.6,2836.4,0.48
2025-01-01,RN-SEV-CV02,D,tienda,1046.9,573.5,1256.0,173.9,42.2,371.9,3464.4,0.6
2025-01-01,RN-SEV-CV03,D,tienda,787.8,438.6,1044.6,152.4,35.7,267.8,2726.9,0.58
2025-01-01,RN-SEV-CV04,D,tienda,758.6,418.8,1090.5,143.8,31.8,265.9,2709.4,0.527
2025-01-01,RN-SEV-CV05,D,tienda,674.3,440.1,1010.2,142.4,32.9,253.2,2553.1,0.513
2025-01-01,RN-SEV-CV06,D,tienda,725.5,482.7,1123.4,142.8,36.7,259.4,2770.5,0.519
2025-01-01,RN-SEV-CV07,D,tienda,836.1,483.6,1078.0,163.8,39.8,287.0,2888.3,0.535
2025-01-01,RN-SEV-CV08,D,tienda,859.9,522.2,1162.0,165.2,40.5,291.3,3041.1,0.421
2025-01-01,RN-SEV-CV09,D,tienda,772.4,546.2,1260.6,181.5,40.2,323.2,3124.1,0.517
2025-01-01,RN-SEV-CV10,D,tienda,828.5,490.0,1246.6,159.4,37.8,328.6,3090.9,0.517
2025-01-01,RN-SEV-ES01,D,tienda,1146.9,701.7,61.5,203.6,646.4,359.3,3119.4,0.556
2025-01-01,RN-SEV-ES02,D,tienda,941.6,639.9,51.1,209.0,609.2,333.9,2784.7,0.518
2025-01-01,RN-SEV-ES03,D,tienda,1037.9,639.4,50.4,202.6,651.3,324.0,2905.6,0.529
2025-01-01,RN-SEV-ES04,D,tienda,842.0,593.0,43.4,172.2,535.4,300.1,2486.1,0.536
2025-01-01,RN-SEV-ES05,D,tienda,780.7,559.5,47.9,164.9,504.8,287.2,2345.0,0.497
2025-01-01,RN-SEV-ES06,D,tienda,973.9,702.7,58.0,235.7,723.1,318.9,3012.3,0.548
2025-01-01,RN-SEV-ES07,D,tienda,1112.7,700.8,65.5,266.6,672.1,374.0,3191.7,0.587
2025-01-01,RN-SEV-ES08,D,tienda,943.9,755.1,51.9,228.1,675.3,367.6,3021.9,0.535
2025-01-01,RN-SEV-ES09,D,tienda,1118.5,641.7,49.2,191.1,587.3,316.8,2904.6,0.486
2025-01-01,RN-SEV-ES10,D,tienda,1021.9,621.7,56.3,174.5,676.4,325.7,2876.5,0.42
2025-01-01,RN-SEV-ES11,D,tienda,1059.4,608.8,57.8,199.8,626.1,288.6,2840.5,0.53
2025-01-01,RN-SEV-ES12,D,tienda,978.0,666.2,52.0,195.0,628.6,288.8,2808.6,0.498
2025-01-01,RN-SEV-GA01,D,tienda,11364.2,7602.3,2259.3,6137.9,2535.3,3224.1,33123.1,0.55
2025-01-01,RN-SEV-HI01,D,tienda,3627.4,1815.7,3801.3,843.0,184.0,1230.9,11502.3,0.552
2025-01-01,RN-SEV-HI02,D,tienda,3767.4,2055.5,3933.1,903.7,196.5,1187.0,12043.2,0.601
2025-01-01,RN-SEV-HI03,D,tienda,3058.3,1844.7,3658.7,855.3,179.9,1064.4,10661.3,0.566
2025-01-01,RN-SEV-HI04,D,tienda,4292.8,2654.0,4694.6,1310.7,242.6,1496.0,14690.7,0.493
2025-01-01,RN-VLC-CV01,C,tienda,739.3,522.3,1500.7,94.2,22.2,363.6,3242.3,0.588
2025-01-01,RN-VLC-CV02,C,tienda,998.1,542.1,1559.4,99.0,26.3,350.7,3575.6,0.61
2025-01-01,RN-VLC-CV03,C,tienda,991.7,611.6,1864.6,98.6,29.3,385.1,3980.9,0.618
2025-01-01,RN-VLC-CV04,C,tienda,870.2,507.7,1382.4,89.3,25.8,348.0,3223.4,0.673
2025-01-01,RN-VLC-CV05,C,tienda,639.6,432.6,1194.0,74.9,19.5,265.6,2626.2,0.643
2025-01-01,RN-VLC-CV06,C,tienda,1056.8,627.2,1763.3,107.8,25.8,397.5,3978.4,0.648
2025-01-01,RN-VLC-CV07,C,tienda,752.2,544.7,1453.8,78.5,22.1,320.6,3171.9,0.598
2025-01-01,RN-VLC-CV08,C,tienda,807.7,476.6,1278.4,80.4,21.8,279.3,2944.2,0.574
2025-01-01,RN-VLC-CV09,C,tienda,794.6,439.6,1282.8,77.2,22.7,307.3,2924.2,0.64
2025-01-01,RN-VLC-ES01,C,tienda,1186.6,767.8,86.3,163.3,764.3,340.2,3308.5,0.589
2025-01-01,RN-VLC-ES02,C,tienda,856.8,519.6,73.4,108.7,548.2,249.3,2356.0,0.682
2025-01-01,RN-VLC-ES03,C,tienda,947.4,635.4,83.1,131.8,635.2,267.5,2700.4,0.554
2025-01-01,RN-VLC-ES04,C,tienda,1020.0,641.1,89.2,150.0,651.4,282.0,2833.7,0.562
2025-01-01,RN-VLC-ES05,C,tienda,1029.6,651.5,86.5,156.3,652.1,344.2,2920.2,0.641
2025-01-01,RN-VLC-ES06,C,tienda,753.2,510.8,68.2,108.7,495.2,244.0,2180.1,0.717
2025-01-01,RN-VLC-ES07,C,tienda,916.7,604.5,87.0,146.3,520.9,296.5,2571.9,0.598
2025-01-01,RN-VLC-ES08,C,tienda,1092.6,719.2,96.7,178.3,710.2,363.0,3160.0,0.579
2025-01-01,RN-VLC-ES09,C,tienda,948.1,575.6,84.1,128.2,595.7,316.2,2647.9,0.621
2025-01-01,RN-VLC-ES10,C,tienda,961.4,544.8,77.0,126.3,603.8,283.9,2597.2,0.597
2025-01-01,RN-VLC-GA01,C,tienda,17317.1,12037.9,7176.8,7236.2,4169.3,5532.3,53469.6,0.613
2025-01-01,RN-VLC-HI01,C,tienda,4188.9,2723.9,6613.9,587.4,154.6,1696.2,15964.9,0.62
2025-01-01,RN-VLC-HI02,C,tienda,5069.7,2748.4,7863.8,763.9,169.5,2058.9,18674.2,0.671
2025-01-01,RN-VLC-HI03,C,tienda,4692.3,2984.4,7126.7,846.8,194.5,2080.4,17925.1,0.597
2025-01-01,RN-VLC-HI04,C,tienda,4870.9,2993.2,7035.9,635.9,174.5,1673.4,17383.8,0.587
2025-01-01,RN-VLC-HI05,C,tienda,4816.4,3007.8,7093.9,693.0,189.2,1914.1,17714.4,0.569
2025-01-01,RN-VLC-HI06,C,tienda,4439.5,3030.3,7630.4,682.5,160.7,1959.8,17903.2,0.608
2025-01-01,RN-VLC-HI07,C,tienda,3476.1,2322.0,5775.8,511.1,134.9,1547.2,13767.1,0.631
2025-02-01,CL-BCN-01,B,centro_logistico,3435.7,1587.7,48.1,178.4,105.1,514.3,5869.3,0.799
2025-02-01,CL-BCN-02,B,centro_logistico,3302.7,1385.5,58.2,184.7,107.4,522.2,5560.7,0.804
2025-02-01,CL-BIO-01,E,centro_logistico,1910.4,940.1,30.8,102.5,71.1,313.8,3368.7,0.929
2025-02-01,CL-MAD-01,A,centro_logistico,3013.1,1316.1,49.3,152.8,97.8,461.1,5090.2,0.734
2025-02-01,CL-MAD-02,A,centro_logistico,2852.6,1303.8,48.4,156.1,105.9,391.1,4857.9,0.77
2025-02-01,CL-MAD-03,A,centro_logistico,2858.9,1512.5,52.1,150.4,94.3,441.0,5109.2,0.784
2025-02-01,CL-SEV-01,D,centro_logistico,2402.3,1040.0,42.1,132.3,84.1,324.0,4024.8,0.666
2025-02-01,CL-VLC-01,C,centro_logistico,2308.2,1130.2,42.2,132.4,94.4,377.0,4084.4,0.647
2025-02-01,CL-VLC-02,C,centro_logistico,2598.8,1133.2,32.5,125.8,86.3,350.3,4326.9,0.754
2025-02-01,RN-BCN-CV01,B,tienda,925.0,524.5,1219.4,125.4,33.8,306.9,3135.0,0.752
2025-02-01,RN-BCN-CV02,B,tienda,1045.2,593.6,1353.2,143.9,36.7,385.2,3557.8,0.741
2025-02-01,RN-BCN-CV03,B,tienda,1079.8,594.6,1656.3,141.6,35.4,415.7,3923.4,0.764
2025-02-01,RN-BCN-CV04,B,tienda,815.9,463.5,1189.7,109.9,31.4,257.7,2868.1,0.726
2025-02-01,RN-BCN-CV05,B,tienda,784.1,518.5,1247.6,123.6,30.9,324.9,3029.6,0.705
2025-02-01,RN-BCN-CV06,B,tienda,720.5,506.5,1342.3,122.3,29.8,302.8,3024.2,0.717
2025-02-01,RN-BCN-CV07,B,tienda,853.5,592.4,1428.1,126.4,36.9,343.5,3380.8,0.721
2025-02-01,RN-BCN-CV08,B,tienda,836.7,540.2,1370.5,115.9,33.9,286.3,3183.5,0.775
2025-02-01,RN-BCN-ES01,B,tienda,942.5,563.9,53.9,142.7,533.6,272.6,2509.2,0.696
2025-02-01,RN-BCN-ES02,B,tienda,1062.8,664.6,61.5,161.6,596.8,313.2,2860.5,0.736
2025-02-01,RN-BCN-ES03,B,tienda,981.9,619.1,65.5,164.5,679.3,331.6,2841.9,0.663
2025-02-01,RN-BCN-ES04,B,tienda,1028.0,600.9,68.6,158.1,628.0,312.0,2795.6,0.702
2025-02-01,RN-BCN-ES05,B,tienda,1131.9,696.2,64.7,175.1,678.2,344.1,3090.2,0.77
2025-02-01,RN-BCN-ES06,B,tienda,1040.5,679.3,69.3,151.5,701.4,321.8,2963.8,0.757
2025-02-01,RN-BCN-ES07,B,tienda,999.6,624.8,71.3,152.2,626.9,317.4,2792.2,0.672
2025-02-01,RN-BCN-ES08,B,tienda,753.0,489.1,51.7,143.6,525.0,247.0,2209.4,0.778
2025-02-01,RN-BCN-ES09,B,tienda,1033.3,645.4,67.4,175.4,667.3,335.4,2924.2,0.707
2025-02-01,RN-BCN-ES10,B,tienda,1003.8,671.2,61.0,155.0,666.7,285.1,2842.8,0.697
2025-02-01,RN-BCN-ES11,B,tienda,999.7,631.9,66.5,158.5,737.2,315.3,2909.1,0.814
2025-02-01,RN-BCN-ES12,B,tienda,884.7,621.5,62.0,147.2,568.7,311.5,2595.6,0.677
2025-02-01,RN-BCN-ES13,B,tienda,1069.5,713.4,65.4,151.0,640.5,301.3,2941.1,0.696
2025-02-01,RN-BCN-ES14,B,tienda,1018.9,741.8,72.6,179.7,725.5,370.4,3108.9,0.692
2025-02-01,RN-BCN-GA01,B,tienda,18791.8,9220.2,4814.7,7404.4,4561.3,5266.5,50058.9,0.758
2025-02-01,RN-BCN-GA02,B,tienda,22767.4,12978.8,6116.2,8897.0,5744.9,6339.3,62843.6,0.747
2025-02-01,RN-BCN-HI01,B,tienda,3899.9,2153.4,5255.8,750.4,199.0,1395.7,13654.2,0.677
2025-02-01,RN-BCN-HI02,B,tienda,4839.5,3362.5,6614.2,1029.9,275.1,2066.8,18188.0,0.693
2025-02-01,RN-BCN-HI03,B,tienda,3170.5,2207.9,4894.8,698.9,172.3,1310.9,12455.3,0.699
2025-02-01,RN-BCN-HI04,B,tienda,4261.0,2652.3,6267.4,855.3,222.7,1780.0,16038.7,0.776
2025-02-01,RN-BIO-CV01,E,tienda,939.9,542.6,1479.9,135.1,35.8,364.4,3497.7,0.822
2025-02-01,RN-BIO-CV02,E,tienda,950.7,584.1,1528.9,142.8,35.5,336.0,3578.0,0.832
2025-02-01,RN-BIO-CV03,E,tienda,905.1,529.7,1446.2,129.9,32.8,325.9,3369.6,0.841
2025-02-01,RN-BIO-CV04,E,tienda,972.1,605.5,1476.6,149.0,33.6,384.0,3620.8,0.775
2025-02-01,RN-BIO-ES01,E,tienda,914.8,553.8,64.4,176.7,561.8,300.9,2572.4,0.802
2025-02-01,RN-BIO-ES02,E,tienda,891.7,556.9,57.5,158.3,516.5,245.1,2426.0,0.83
2025-02-01,RN-BIO-ES03,E,tienda,1303.4,818.7,81.1,233.1,812.0,382.9,3631.2,0.754
2025-02-01,RN-BIO-ES04,E,tienda,1141.0,768.6,72.3,216.5,674.9,322.2,3195.5,0.816
2025-02-01,RN-BIO-ES05,E,tienda,1009.7,645.9,70.3,191.2,654.4,366.9,2938.4,0.853
2025-02-01,RN-BIO-ES06,E,tienda,1303.3,844.2,79.2,237.8,865.4,371.2,3701.1,0.812
2025-02-01,RN-BIO-ES07,E,tienda,1029.1,669.9,68.2,175.2,632.7,299.4,2874.5,0.814
2025-02-01,RN-BIO-GA01,E,tienda,14356.4,8413.3,3475.6,6129.4,2482.8,3929.9,38787.4,0.814
2025-02-01,RN-BIO-HI01,E,tienda,4635.5,2693.8,6718.7,1087.1,247.6,1761.6,17144.3,0.822
2025-02-01,RN-BIO-HI02,E,tienda,3400.7,2159.4,4664.5,760.2,153.7,1325.7,12464.2,0.797
2025-02-01,RN-MAD-CV01,A,tienda,802.2,511.5,1230.6,126.8,31.7,336.2,3039.0,0.701
2025-02-01,RN-MAD-CV02,A,tienda,1003.0,555.9,1353.9,132.4,39.3,382.1,3466.6,0.686
2025-02-01,RN-MAD-CV03,A,tienda,813.4,454.8,1236.6,109.9,36.2,321.5,2972.4,0.652
2025-02-01,RN-MAD-CV04,A,tienda,872.8,588.0,1506.7,124.0,37.0,341.5,3470.0,0.69
2025-02-01,RN-MAD-CV05,A,tienda,698.5,418.6,1102.5,89.0,32.7,260.7,2602.0,0.609
2025-02-01,RN-MAD-CV06,A,tienda,867.3,446.6,1311.5,105.7,34.7,340.5,3106.3,0.701
2025-02-01,RN-MAD-CV07,A,tienda,787.3,491.3,1236.7,114.4,32.6,296.4,2958.7,0.671
2025-02-01,RN-MAD-CV08,A,tienda,1033.5,620.1,1757.3,145.9,40.5,383.3,3980.6,0.706
2025-02-01,RN-MAD-CV09,A,tienda,1052.4,556.0,1547.8,139.7,41.3,383.6,3720.8,0.609
2025-02-01,RN-MAD-CV10,A,tienda,931.7,573.4,1473.5,102.5,37.5,340.9,3459.5,0.667
2025-02-01,RN-MAD-ES01,A,tienda,1278.8,763.3,78.7,191.0,888.7,469.5,3670.0,0.647
2025-02-01,RN-MAD-ES02,A,tienda,901.7,565.8,59.5,127.4,600.8,270.2,2525.4,0.708
2025-02-01,RN-MAD-ES03,A,tienda,1024.1,704.5,74.2,159.9,763.4,329.4,3055.5,0.654
2025-02-01,RN-MAD-ES04,A,tienda,1266.1,746.2,74.9,164.5,814.7,362.2,3428.6,0.671
2025-02-01,RN-MAD-ES05,A,tienda,953.1,648.5,62.1,147.5,711.7,360.0,2882.9,0.682
2025-02-01,RN-MAD-ES06,A,tienda,1005.6,651.5,73.0,152.2,848.9,343.5,3074.7,0.672
2025-02-01,RN-MAD-ES07,A,tienda,1145.4,758.3,70.0,165.4,815.2,346.1,3300.4,0.661
2025-02-01,RN-MAD-ES08,A,tienda,1211.7,718.6,70.5,161.3,731.9,342.3,3236.3,0.675
2025-02-01,RN-MAD-ES09,A,tienda,1039.2,628.6,70.2,144.6,732.8,357.2,2972.6,0.697
2025-02-01,RN-MAD-ES10,A,tienda,1164.1,718.1,75.8,169.7,732.4,327.5,3187.6,0.711
2025-02-01,RN-MAD-ES11,A,tienda,893.1,678.9,60.6,147.3,639.8,314.2,2733.9,0.702
2025-02-01,RN-MAD-ES12,A,tienda,1076.7,722.2,76.9,165.9,726.8,387.4,3155.9,0.669
2025-02-01,RN-MAD-ES13,A,tienda,1119.5,675.6,76.9,157.5,722.3,396.9,3148.7,0.73
2025-02-01,RN-MAD-ES14,A,tienda,875.8,597.2,61.6,126.3,637.2,284.2,2582.3,0.677
2025-02-01,RN-MAD-ES15,A,tienda,1146.6,626.9,67.7,144.1,629.6,341.3,2956.2,0.658
2025-02-01,RN-MAD-ES16,A,tienda,927.7,611.3,66.2,134.1,685.2,325.8,2750.3,0.67
2025-02-01,RN-MAD-ES17,A,tienda,1135.2,736.8,77.9,141.9,774.4,341.3,3207.5,0.717
2025-02-01,RN-MAD-ES18,A,tienda,1233.3,799.7,79.4,193.6,696.3,400.7,3403.0,0.678
2025-02-01,RN-MAD-ES19,A,tienda,1330.1,728.4,80.7,161.9,786.2,334.2,3421.5,0.644
2025-02-01,RN-MAD-ES20,A,tienda,1112.1,593.9,71.6,153.2,690.4,330.1,2951.3,0.632
2025-02-01,RN-MAD-GA01,A,tienda,26534.5,16039.7,7486.9,9198.0,6836.9,7969.4,74065.4,0.68
2025-02-01,RN-MAD-GA02,A,tienda,19705.6,10530.4,4792.6,7692.2,4503.5,5124.2,52348.5,0.681
2025-02-01,RN-MAD-GA03,A,tienda,18706.1,12939.7,5527.7,7782.2,5023.0,5872.2,55850.9,0.701
2025-02-01,RN-MAD-HI01,A,tienda,4113.3,2922.4,6756.0,818.1,269.1,1643.9,16522.8,0.702
2025-02-01,RN-MAD-HI02,A,tienda,3889.9,2730.5,6289.9,794.2,224.5,1517.1,15446.1,0.593
2025-02-01,RN-MAD-HI03,A,tienda,4362.3,2862.7,6775.3,904.5,253.2,1621.6,16779.6,0.711
2025-02-01,RN-MAD-HI04,A,tienda,4797.4,3077.9,7669.0,941.8,280.8,1845.0,18611.9,0.688
2025-02-01,RN-MAD-HI05,A,tienda,4816.3,3022.0,7028.3,908.3,238.8,1929.2,17942.9,0.729
2025-02-01,RN-SEV-CV01,D,tienda,639.0,382.1,1096.9,133.1,26.0,270.1,2547.2,0.563
2025-02-01,RN-SEV-CV02,D,tienda,822.4,479.8,1222.5,168.3,38.0,297.6,3028.6,0.496
2025-02-01,RN-SEV-CV03,D,tienda,702.8,403.5,968.0,133.7,28.4,254.5,2490.9,0.536
2025-02-01,RN-SEV-CV04,D,tienda,683.4,448.3,940.8,134.3,28.4,264.3,2499.5,0.591
2025-02-01,RN-SEV-CV05,D,tienda,557.5,375.6,844.3,124.6,30.0,229.7,2161.7,0.504
2025-02-01,RN-SEV-CV06,D,tienda,692.7,401.2,989.7,130.4,31.0,280.6,2525.6,0.632
2025-02-01,RN-SEV-CV07,D,tienda,694.5,433.6,960.9,138.0,30.5,236.6,2494.1,0.485
2025-02-01,RN-SEV-CV08,D,tienda,728.5,459.3,996.1,151.6,34.1,273.9,2643.5,0.617
2025-02-01,RN-SEV-CV09,D,tienda,752.0,411.4,941.6,140.7,30.7,270.8,2547.2,0.531
2025-02-01,RN-SEV-CV10,D,tienda,704.0,428.0,965.1,138.5,32.7,237.6,2505.9,0.583
2025-02-01,RN-SEV-ES01,D,tienda,960.2,600.9,51.6,168.9,578.9,289.8,2650.3,0.534
2025-02-01,RN-SEV-ES02,D,tienda,830.0,535.8,43.3,166.7,484.6,263.8,2324.2,0.506
2025-02-01,RN-SEV-ES03,D,tienda,807.7,575.3,42.6,163.8,519.4,245.1,2353.9,0.579
2025-02-01,RN-SEV-ES04,D,tienda,701.4,472.4,39.0,124.9,399.1,221.0,1957.8,0.499
2025-02-01,RN-SEV-ES05,D,tienda,703.9,461.6,38.3,131.4,477.9,226.9,2040.0,0.524
2025-02-01,RN-SEV-ES06,D,tienda,978.0,602.8,50.3,192.5,551.2,298.8,2673.6,0.562
2025-02-01,RN-SEV-ES07,D,tienda,1018.6,586.0,49.4,201.5,517.9,313.3,2686.7,0.572
2025-02-01,RN-SEV-ES08,D,tienda,880.2,626.3,51.8,179.1,576.3,297.7,2611.4,0.545
2025-02-01,RN-SEV-ES09,D,tienda,875.7,565.4,45.7,165.5,566.8,282.6,2501.7,0.56
2025-02-01,RN-SEV-ES10,D,tienda,778.1,543.5,48.2,165.1,482.4,256.3,2273.6,0.509
2025-02-01,RN-SEV-ES11,D,tienda,833.2,508.2,45.4,156.0,491.9,244.7,2279.4,0.532
2025-02-01,RN-SEV-ES12,D,tienda,723.7,498.9,39.6,151.1,502.7,212.0,2128.0,0.546
2025-02-01,RN-SEV-GA01,D,tienda,10441.0,5525.9,1945.0,4956.9,2253.7,3231.3,28353.8,0.564
2025-02-01,RN-SEV-HI01,D,tienda,2853.6,1703.3,3365.2,839.4,153.3,1076.0,9990.8,0.565
2025-02-01,RN-SEV-HI02,D,tienda,2972.6,1856.2,3767.3,916.6,187.3,1133.0,10833.0,0.566
2025-02-01,RN-SEV-HI03,D,tienda,2975.1,1525.3,3362.5,785.6,145.9,960.5,9754.9,0.571
2025-02-01,RN-SEV-HI04,D,tienda,3702.9,2392.4,4220.4,1003.4,190.9,1423.0,12933.0,0.545
2025-02-01,RN-VLC-CV01,C,tienda,788.6,474.7,1210.0,92.2,20.2,277.8,2863.5,0.676
2025-02-01,RN-VLC-CV02,C,tienda,756.5,502.7,1503.9,75.9,21.8,325.1,3185.9,0.619
2025-02-01,RN-VLC-CV03,C,tienda,860.7,558.5,1555.4,91.1,24.2,359.0,3448.9,0.649
2025-02-01,RN-VLC-CV04,C,tienda,649.3,418.4,1278.3,70.3,17.6,305.9,2739.8,0.637
2025-02-01,RN-VLC-CV05,C,tienda,606.9,381.9,1072.6,64.1,15.8,240.1,2381.4,0.587
2025-02-01,RN-VLC-CV06,C,tienda,864.9,516.6,1290.4,99.1,23.7,322.5,3117.2,0.566
2025-02-01,RN-VLC-CV07,C,tienda,776.4,481.0,1410.0,87.5,20.1,296.9,3071.9,0.597
2025-02-01,RN-VLC-CV08,C,tienda,644.0,414.3,1104.0,66.4,16.3,263.2,2508.2,0.541
2025-02-01,RN-VLC-CV09,C,tienda,579.1,375.4,1095.2,68.7,18.3,304.8,2441.5,0.556
2025-02-01,RN-VLC-ES01,C,tienda,828.8,573.3,76.2,129.0,587.6,303.8,2498.7,0.53
2025-02-01,RN-VLC-ES02,C,tienda,647.5,423.0,57.4,88.0,459.9,220.5,1896.3,0.623
2025-02-01,RN-VLC-ES03,C,tienda,769.4,494.8,59.4,114.0,502.4,232.9,2172.9,0.618
2025-02-01,RN-VLC-ES04,C,tienda,823.4,572.3,74.8,123.5,572.2,287.1,2453.3,0.544
2025-02-01,RN-VLC-ES05,C,tienda,871.1,534.3,59.9,138.5,502.8,236.4,2343.0,0.577
2025-02-01,RN-VLC-ES06,C,tienda,674.9,419.0,61.1,91.2,395.7,213.0,1854.9,0.544
2025-02-01,RN-VLC-ES07,C,tienda,686.5,527.5,67.0,123.3,502.1,244.9,2151.3,0.566
2025-02-01,RN-VLC-ES08,C,tienda,997.1,516.1,80.4,124.4,579.2,272.8,2570.0,0.605
2025-02-01,RN-VLC-ES09,C,tienda,704.6,566.7,76.8,119.3,493.5,227.3,2188.2,0.613
2025-02-01,RN-VLC-ES10,C,tienda,756.5,490.9,57.5,114.7,486.3,231.6,2137.5,0.606
2025-02-01,RN-VLC-GA01,C,tienda,15924.9,8615.0,5981.2,5224.6,3546.7,4639.3,43931.7,0.672
2025-02-01,RN-VLC-HI01,C,tienda,3980.4,2406.1,6347.5,535.2,165.8,1513.1,14948.1,0.597
2025-02-01,RN-VLC-HI02,C,tienda,3897.8,2745.7,6869.7,597.5,167.1,1628.3,15906.1,0.616
2025-02-01,RN-VLC-HI03,C,tienda,4768.9,2799.1,7199.4,663.6,175.0,1711.8,17317.8,0.727
2025-02-01,RN-VLC-HI04,C,tienda,3521.0,2427.8,5754.1,516.9,131.1,1364.5,13715.4,0.558
2025-02-01,RN-VLC-HI05,C,tienda,4323.8,2373.3,7203.9,599.2,169.7,1748.2,16418.1,0.627
2025-02-01,RN-VLC-HI06,C,tienda,3897.5,2444.1,7154.0,639.4,139.2,1580.2,15854.4,0.596
2025-02-01,RN-VLC-HI07,C,tienda,3025.1,1943.5,4758.9,477.8,112.7,1313.7,11631.7,0.589
2025-03-01,CL-BCN-01,B,centro_logistico,3297.7,1735.3,71.0,187.4,136.7,524.1,5952.2,0.822
2025-03-01,CL-BCN-02,B,centro_logistico,3540.9,1714.5,64.9,195.2,125.8,577.2,6218.5,0.817
2025-03-01,CL-BIO-01,E,centro_logistico,2297.3,975.8,43.4,114.5,81.6,329.2,3841.8,0.91
2025-03-01,CL-MAD-01,A,centro_logistico,3522.0,1413.0,63.7,170.2,109.6,487.3,5765.8,0.724
2025-03-01,CL-MAD-02,A,centro_logistico,3515.2,1491.5,51.6,170.5,126.2,523.2,5878.2,0.845
2025-03-01,CL-MAD-03,A,centro_logistico,3400.8,1525.7,56.3,174.6,103.0,543.1,5803.5,0.793
2025-03-01,CL-SEV-01,D,centro_logistico,2660.2,1263.5,44.0,149.2,101.2,409.9,4628.0,0.651
2025-03-01,CL-VLC-01,C,centro_logistico,2722.6,1506.2,54.6,143.3,99.4,468.5,4994.6,0.674
2025-03-01,CL-VLC-02,C,centro_logistico,3369.2,1330.7,48.2,138.5,116.5,479.2,5482.3,0.71
2025-03-01,RN-BCN-CV01,B,tienda,1031.6,695.0,1589.9,150.0,43.2,449.4,3959.1,0.755
2025-03-01,RN-BCN-CV02,B,tienda,1184.4,719.9,1844.8,170.4,49.2,472.2,4440.9,0.703
2025-03-01,RN-BCN-CV03,B,tienda,1144.9,829.6,1976.8,174.9,53.2,514.8,4694.2,0.756
2025-03-01,RN-BCN-CV04,B,tienda,894.9,536.4,1436.5,112.9,35.9,359.0,3375.6,0.727
2025-03-01,RN-BCN-CV05,B,tienda,1154.3,624.6,1583.8,134.7,41.8,387.3,3926.5,0.767
2025-03-01,RN-BCN-CV06,B,tienda,1068.2,633.8,1623.2,156.4,43.2,426.8,3951.6,0.655
2025-03-01,RN-BCN-CV07,B,tienda,1093.7,588.5,1661.4,158.4,39.6,383.5,3925.1,0.73
2025-03-01,RN-BCN-CV08,B,tienda,950.9,628.1,1523.8,146.4,35.2,390.5,3674.9,0.702
2025-03-01,RN-BCN-ES01,B,tienda,1012.3,683.0,67.4,169.1,685.0,335.4,2952.2,0.718
2025-03-01,RN-BCN-ES02,B,tienda,1192.9,844.0,86.2,197.0,827.2,382.8,3530.1,0.663
2025-03-01,RN-BCN-ES03,B,tienda,1171.6,817.4,79.3,185.5,815.3,381.6,3450.7,0.757
2025-03-01,RN-BCN-ES04,B,tienda,1225.6,751.2,73.4,181.9,757.8,346.8,3336.7,0.629
2025-03-01,RN-BCN-ES05,B,tienda,1383.7,835.2,79.4,183.3,816.9,384.4,3682.9,0.725
2025-03-01,RN-BCN-ES06,B,tienda,1181.0,731.8,83.2,187.3,784.1,385.3,3352.7,0.767
2025-03-01,RN-BCN-ES07,B,tienda,1167.0,741.4,72.1,182.0,795.0,411.4,3368.9,0.725
2025-03-01,RN-BCN-ES08,B,tienda,846.8,587.1,63.2,165.0,554.8,311.1,2528.0,0.634
2025-03-01,RN-BCN-ES09,B,tienda,1175.3,811.8,88.2,197.9,968.7,371.1,3613.0,0.632
2025-03-01,RN-BCN-ES10,B,tienda,1200.0,727.2,72.2,177.1,782.4,375.1,3334.0,0.709
2025-03-01,RN-BCN-ES11,B,tienda,1199.2,698.4,71.8,175.1,729.5,367.8,3241.8,0.769
2025-03-01,RN-BCN-ES12,B,tienda,1045.9,648.8,75.9,168.9,599.2,298.5,2837.2,0.677
2025-03-01,RN-BCN-ES13,B,tienda,1210.6,800.3,78.8,183.5,814.0,374.7,3461.9,0.749
2025-03-01,RN-BCN-ES14,B,tienda,1236.3,803.3,75.1,198.1,880.5,421.5,3614.8,0.7
2025-03-01,RN-BCN-GA01,B,tienda,21909.3,14453.0,6405.7,10482.3,5325.9,7121.9,65698.1,0.709
2025-03-01,RN-BCN-GA02,B,tienda,26536.7,16702.4,6482.1,11945.9,6281.0,7668.3,75616.4,0.723
2025-03-01,RN-BCN-HI01,B,tienda,4388.5,2668.8,5603.3,830.8,207.8,1682.2,15381.4,0.717
2025-03-01,RN-BCN-HI02,B,tienda,7076.4,4133.8,10370.1,1558.8,339.9,2662.2,26141.2,0.647
2025-03-01,RN-BCN-HI03,B,tienda,4319.0,3077.0,6472.8,959.6,223.5,1851.1,16903.0,0.743
2025-03-01,RN-BCN-HI04,B,tienda,5172.8,3531.1,7466.6,1235.5,294.8,2093.2,19794.0,0.758
2025-03-01,RN-BIO-CV01,E,tienda,1263.5,784.9,1841.1,189.7,43.7,491.2,4614.1,0.774
2025-03-01,RN-BIO-CV02,E,tienda,1110.4,713.9,2024.8,194.7,45.7,402.8,4492.3,0.839
2025-03-01,RN-BIO-CV03,E,tienda,1156.4,726.5,1676.8,162.5,40.0,407.2,4169.4,0.837
2025-03-01,RN-BIO-CV04,E,tienda,1337.5,726.3,1884.1,203.3,42.7,497.2,4691.1,0.823
2025-03-01,RN-BIO-ES01,E,tienda,1154.0,803.1,67.5,199.4,691.3,306.6,3221.9,0.833
2025-03-01,RN-BIO-ES02,E,tienda,1066.0,598.0,62.6,180.2,629.9,297.1,2833.8,0.838
2025-03-01,RN-BIO-ES03,E,tienda,1570.8,935.0,92.2,250.3,880.5,476.9,4205.7,0.811
2025-03-01,RN-BIO-ES04,E,tienda,1240.7,790.4,84.3,220.2,697.6,402.4,3435.6,0.845
2025-03-01,RN-BIO-ES05,E,tienda,1173.1,799.0,75.0,217.7,827.1,385.2,3477.1,0.912
2025-03-01,RN-BIO-ES06,E,tienda,1555.1,934.2,104.7,270.9,916.8,470.3,4252.0,0.774
2025-03-01,RN-BIO-ES07,E,tienda,1227.5,795.8,85.5,206.8,778.0,377.9,3471.5,0.85
2025-03-01,RN-BIO-GA01,E,tienda,16720.5,10310.1,4461.5,7508.5,4140.0,4797.9,47938.5,0.833
2025-03-01,RN-BIO-HI01,E,tienda,6156.2,3785.5,7837.1,1434.0,268.9,2409.5,21891.2,0.813
2025-03-01,RN-BIO-HI02,E,tienda,4770.7,3037.2,6426.7,896.1,225.9,1720.2,17076.8,0.774
2025-03-01,RN-MAD-CV01,A,tienda,1044.7,712.3,1609.8,147.2,44.2,443.4,4001.6,0.673
2025-03-01,RN-MAD-CV02,A,tienda,1078.8,622.2,1688.7,144.9,40.9,432.5,4008.0,0.651
2025-03-01,RN-MAD-CV03,A,tienda,1126.3,698.2,1675.0,150.7,43.4,391.0,4084.6,0.725
2025-03-01,RN-MAD-CV04,A,tienda,1188.9,800.0,2067.8,164.7,47.5,530.4,4799.3,0.77
2025-03-01,RN-MAD-CV05,A,tienda,927.8,569.3,1568.5,126.3,37.9,372.9,3602.7,0.69
2025-03-01,RN-MAD-CV06,A,tienda,1041.6,648.4,1810.1,152.4,41.3,411.4,4105.2,0.778
2025-03-01,RN-MAD-CV07,A,tienda,1057.6,628.7,1691.2,132.8,40.4,376.5,3927.2,0.641
2025-03-01,RN-MAD-CV08,A,tienda,1164.2,849.4,2027.5,160.6,47.4,468.4,4717.5,0.71
2025-03-01,RN-MAD-CV09,A,tienda,1235.7,880.6,2273.2,166.8,48.5,498.9,5103.7,0.746
2025-03-01,RN-MAD-CV10,A,tienda,1197.1,762.0,2085.2,170.4,53.1,476.2,4744.0,0.732
2025-03-01,RN-MAD-ES01,A,tienda,1639.3,978.6,98.2,206.0,1054.7,489.0,4465.8,0.634
2025-03-01,RN-MAD-ES02,A,tienda,1005.1,677.6,65.9,145.0,703.5,306.9,2904.0,0.628
2025-03-01,RN-MAD-ES03,A,tienda,1367.8,758.7,83.8,167.5,789.5,367.2,3534.5,0.622
2025-03-01,RN-MAD-ES04,A,tienda,1275.6,847.1,69.7,188.9,788.9,367.7,3537.9,0.67
2025-03-01,RN-MAD-ES05,A,tienda,1040.6,750.2,66.7,160.0,770.2,342.7,3130.4,0.648
2025-03-01,RN-MAD-ES06,A,tienda,1310.9,901.6,79.4,197.5,935.8,443.8,3869.0,0.638
2025-03-01,RN-MAD-ES07,A,tienda,1435.8,968.2,100.4,185.8,936.2,410.5,4036.9,0.623
2025-03-01,RN-MAD-ES08,A,tienda,1425.2,906.4,88.7,207.7,952.5,437.2,4017.7,0.68
2025-03-01,RN-MAD-ES09,A,tienda,1205.9,837.5,79.5,176.5,898.8,409.4,3607.6,0.679
2025-03-01,RN-MAD-ES10,A,tienda,1256.7,861.6,91.3,190.4,919.4,454.6,3774.0,0.687
2025-03-01,RN-MAD-ES11,A,tienda,1007.5,677.0,73.3,167.1,698.6,351.8,2975.3,0.691
2025-03-01,RN-MAD-ES12,A,tienda,1412.2,821.4,100.9,202.4,1004.1,456.5,3997.5,0.718
2025-03-01,RN-MAD-ES13,A,tienda,1471.8,842.0,78.3,168.1,876.2,436.7,3873.1,0.743
2025-03-01,RN-MAD-ES14,A,tienda,1020.3,664.1,70.7,152.4,632.9,345.1,2885.5,0.68
2025-03-01,RN-MAD-ES15,A,tienda,1049.0,818.9,78.4,168.6,758.3,338.1,3211.3,0.613
2025-03-01,RN-MAD-ES16,A,tienda,1231.6,769.4,78.7,197.3,853.1,387.1,3517.2,0.733
2025-03-01,RN-MAD-ES17,A,tienda,1238.6,801.7,77.2,192.2,816.5,377.8,3504.0,0.741
2025-03-01,RN-MAD-ES18,A,tienda,1429.2,914.4,92.6,189.8,955.7,419.1,4000.8,0.673
2025-03-01,RN-MAD-ES19,A,tienda,1308.6,834.5,85.6,189.6,837.2,417.1,3672.6,0.722
2025-03-01,RN-MAD-ES20,A,tienda,1129.7,714.0,81.9,192.9,797.8,374.3,3290.6,0.678
2025-03-01,RN-MAD-GA01,A,tienda,29306.9,19778.8,8271.7,12022.6,8714.6,9275.8,87370.4,0.657
2025-03-01,RN-MAD-GA02,A,tienda,21093.4,13413.7,6096.4,8837.9,5639.2,6616.4,61697.0,0.715
2025-03-01,RN-MAD-GA03,A,tienda,24963.7,14377.8,7484.8,10912.5,7014.2,7921.9,72674.9,0.697
2025-03-01,RN-MAD-HI01,A,tienda,5969.7,3741.7,8155.2,1207.7,337.7,2215.8,21627.8,0.673
2025-03-01,RN-MAD-HI02,A,tienda,4756.4,3365.8,8132.6,899.4,279.3,1781.2,19214.7,0.662
2025-03-01,RN-MAD-HI03,A,tienda,6260.8,3528.1,8118.9,1012.3,270.7,2363.6,21554.4,0.652
2025-03-01,RN-MAD-HI04,A,tienda,6018.3,3843.8,9430.2,1082.5,334.1,2080.5,22789.4,0.682
2025-03-01,RN-MAD-HI05,A,tienda,5145.2,3863.1,9368.5,1113.8,285.9,2300.0,22076.5,0.669
2025-03-01,RN-SEV-CV01,D,tienda,931.8,579.6,1290.7,180.9,39.4,357.0,3379.4,0.572
2025-03-01,RN-SEV-CV02,D,tienda,937.6,582.0,1363.4,211.7,46.2,389.0,3529.9,0.484
2025-03-01,RN-SEV-CV03,D,tienda,812.0,545.3,1243.8,159.0,39.0,345.5,3144.6,0.579
2025-03-01,RN-SEV-CV04,D,tienda,883.3,534.6,1114.6,158.9,36.9,314.6,3042.9,0.489
2025-03-01,RN-SEV-CV05,D,tienda,824.1,477.6,1039.3,154.2,31.9,284.0,2811.1,0.487
2025-03-01,RN-SEV-CV06,D,tienda,888.7,582.6,1361.5,151.3,40.3,325.1,3349.5,0.605
2025-03-01,RN-SEV-CV07,D,tienda,785.7,498.6,1291.4,161.8,36.0,318.8,3092.3,0.51
2025-03-01,RN-SEV-CV08,D,tienda,951.6,602.5,1412.6,183.5,42.7,340.4,3533.3,0.522
2025-03-01,RN-SEV-CV09,D,tienda,845.0,517.8,1316.5,188.8,38.5,329.3,3235.9,0.486
2025-03-01,RN-SEV-CV10,D,tienda,905.3,569.0,1318.3,186.4,42.5,324.7,3346.2,0.475
2025-03-01,RN-SEV-ES01,D,tienda,1052.5,646.5,56.9,205.1,698.2,336.6,2995.8,0.529
2025-03-01,RN-SEV-ES02,D,tienda,936.1,654.7,45.9,178.5,619.5,318.0,2752.7,0.56
2025-03-01,RN-SEV-ES03,D,tienda,943.1,744.7,50.4,176.3,607.7,332.7,2854.9,0.588
2025-03-01,RN-SEV-ES04,D,tienda,920.6,533.8,41.7,167.5,525.0,258.0,2446.6,0.566
2025-03-01,RN-SEV-ES05,D,tienda,842.0,526.2,47.6,169.2,532.2,259.9,2377.1,0.53
2025-03-01,RN-SEV-ES06,D,tienda,1078.2,586.2,60.7,206.2,596.5,332.5,2860.3,0.56
2025-03-01,RN-SEV-ES07,D,tienda,1217.1,758.9,61.8,229.8,718.1,344.9,3330.6,0.499
2025-03-01,RN-SEV-ES08,D,tienda,967.5,650.7,49.2,208.4,679.8,313.4,2869.0,0.568
2025-03-01,RN-SEV-ES09,D,tienda,1004.4,635.5,49.7,178.6,585.6,316.7,2770.5,0.571
2025-03-01,RN-SEV-ES10,D,tienda,1045.9,634.4,54.8,203.5,691.5,329.8,2959.9,0.492
2025-03-01,RN-SEV-ES11,D,tienda,909.3,597.5,51.7,185.0,608.5,284.9,2636.9,0.537
2025-03-01,RN-SEV-ES12,D,tienda,917.2,623.7,46.0,167.4,525.7,252.9,2532.9,0.549
2025-03-01,RN-SEV-GA01,D,tienda,12655.3,7029.7,2393.4,6354.1,2809.5,3534.6,34776.6,0.49
2025-03-01,RN-SEV-HI01,D,tienda,3221.7,2310.4,4320.4,931.3,209.6,1251.3,12244.7,0.536
2025-03-01,RN-SEV-HI02,D,tienda,4026.4,2451.9,4383.0,1048.4,229.9,1412.5,13552.1,0.59
2025-03-01,RN-SEV-HI03,D,tienda,3680.6,2130.3,4072.4,832.3,184.5,1182.9,12083.0,0.491
2025-03-01,RN-SEV-HI04,D,tienda,4551.8,2872.6,5034.1,1188.5,263.7,1831.4,15742.1,0.543
2025-03-01,RN-VLC-CV01,C,tienda,883.3,584.9,1561.3,103.7,28.0,399.3,3560.5,0.65
2025-03-01,RN-VLC-CV02,C,tienda,856.0,610.5,1878.7,105.1,27.6,368.6,3846.5,0.621
2025-03-01,RN-VLC-CV03,C,tienda,998.3,703.7,1908.4,110.7,31.5,441.0,4193.6,0.569
2025-03-01,RN-VLC-CV04,C,tienda,962.8,559.5,1479.2,88.9,25.3,317.2,3432.9,0.62
2025-03-01,RN-VLC-CV05,C,tienda,660.5,466.7,1473.5,83.7,19.2,332.4,3036.0,0.668
2025-03-01,RN-VLC-CV06,C,tienda,1078.6,674.0,1980.1,111.0,28.0,443.5,4315.2,0.618
2025-03-01,RN-VLC-CV07,C,tienda,880.5,527.4,1551.3,106.4,24.3,358.7,3448.6,0.534
2025-03-01,RN-VLC-CV08,C,tienda,768.3,481.1,1410.3,80.8,24.1,313.1,3077.7,0.616
2025-03-01,RN-VLC-CV09,C,tienda,822.9,498.7,1497.1,87.9,23.4,324.3,3254.3,0.63
2025-03-01,RN-VLC-ES01,C,tienda,1073.2,642.2,106.4,169.1,653.2,334.2,2978.3,0.607
2025-03-01,RN-VLC-ES02,C,tienda,716.6,493.6,71.8,124.0,552.1,220.2,2178.3,0.692
2025-03-01,RN-VLC-ES03,C,tienda,1002.2,588.3,84.0,129.4,573.2,297.7,2674.8,0.642
2025-03-01,RN-VLC-ES04,C,tienda,1071.2,668.6,89.3,140.4,611.8,310.7,2892.0,0.635
2025-03-01,RN-VLC-ES05,C,tienda,881.2,630.9,85.8,151.1,585.6,312.9,2647.5,0.619
2025-03-01,RN-VLC-ES06,C,tienda,720.4,462.8,70.9,117.0,453.9,264.6,2089.6,0.608
2025-03-01,RN-VLC-ES07,C,tienda,917.3,623.1,75.3,139.0,588.9,277.3,2620.9,0.553
2025-03-01,RN-VLC-ES08,C,tienda,970.0,752.0,99.2,164.9,750.9,371.1,3108.1,0.65
2025-03-01,RN-VLC-ES09,C,tienda,852.8,524.6,67.4,138.7,560.4,292.8,2436.7,0.559
2025-03-01,RN-VLC-ES10,C,tienda,935.9,519.8,76.7,138.8,557.9,272.1,2501.2,0.652
2025-03-01,RN-VLC-GA01,C,tienda,19539.4,11844.4,7402.3,6933.0,4665.1,6018.6,56402.8,0.529
2025-03-01,RN-VLC-HI01,C,tienda,4361.4,3379.5,7753.5,698.7,197.3,2069.2,18459.6,0.589
2025-03-01,RN-VLC-HI02,C,tienda,5094.2,2999.3,8645.3,743.6,200.6,2288.1,19971.1,0.66
2025-03-01,RN-VLC-HI03,C,tienda,5577.2,3366.8,8690.4,843.2,223.3,2209.9,20910.8,0.63
2025-03-01,RN-VLC-HI04,C,tienda,5397.7,2984.3,7097.5,655.2,182.9,1780.7,18098.3,0.578
2025-03-01,RN-VLC-HI05,C,tienda,5417.7,3211.0,9339.4,803.2,216.9,2140.8,21129.0,0.602
2025-03-01,RN-VLC-HI06,C,tienda,5295.2,3197.3,8262.7,748.4,183.3,1771.5,19458.4,0.619
2025-03-01,RN-VLC-HI07,C,tienda,3969.0,2376.9,5792.8,524.6,143.1,1294.4,14100.8,0.545
2025-04-01,CL-BCN-01,B,centro_logistico,3666.4,1910.4,58.3,228.7,128.6,544.6,6537.0,0.79
2025-04-01,CL-BCN-02,B,centro_logistico,3982.5,1804.8,69.5,186.8,136.4,584.4,6764.4,0.883
2025-04-01,CL-BIO-01,E,centro_logistico,2322.9,1093.8,48.1,123.9,71.6,388.6,4048.9,0.878
2025-04-01,CL-MAD-01,A,centro_logistico,3538.8,1637.7,63.3,172.6,111.3,575.2,6098.9,0.741
2025-04-01,CL-MAD-02,A,centro_logistico,3260.5,1708.9,62.4,174.6,113.0,582.8,5902.2,0.739
2025-04-01,CL-MAD-03,A,centro_logistico,3974.1,1692.0,64.1,182.1,121.0,561.7,6595.0,0.772
2025-04-01,CL-SEV-01,D,centro_logistico,2937.8,1333.2,45.1,162.2,106.0,433.5,5017.8,0.655
2025-04-01,CL-VLC-01,C,centro_logistico,3153.9,1540.1,53.3,179.8,90.6,442.5,5460.2,0.71
2025-04-01,CL-VLC-02,C,centro_logistico,3153.5,1575.5,51.5,159.8,100.1,509.4,5549.8,0.711
2025-04-01,RN-BCN-CV01,B,tienda,1089.2,657.4,1702.7,166.0,41.8,406.7,4063.8,0.753
2025-04-01,RN-BCN-CV02,B,tienda,1151.6,728.5,1837.3,174.6,41.8,468.9,4402.7,0.672
2025-04-01,RN-BCN-CV03,B,tienda,1301.7,775.9,1958.7,185.5,47.7,470.7,4740.2,0.645
2025-04-01,RN-BCN-CV04,B,tienda,1017.6,588.9,1605.0,155.2,39.6,396.7,3803.0,0.706
2025-04-01,RN-BCN-CV05,B,tienda,1073.8,627.5,1610.9,165.7,41.0,415.5,3934.4,0.732
2025-04-01,RN-BCN-CV06,B,tienda,1035.2,691.2,1590.8,164.2,41.2,371.7,3894.3,0.711
2025-04-01,RN-BCN-CV07,B,tienda,1100.3,639.0,1828.2,180.3,49.0,425.6,4222.4,0.679
2025-04-01,RN-BCN-CV08,B,tienda,1173.1,683.7,1652.8,151.1,38.4,392.5,4091.6,0.719
2025-04-01,RN-BCN-ES01,B,tienda,1124.3,738.8,76.0,158.1,678.3,311.6,3087.1,0.723
2025-04-01,RN-BCN-ES02,B,tienda,1171.2,716.1,78.4,191.7,679.6,366.7,3203.7,0.66
2025-04-01,RN-BCN-ES03,B,tienda,1364.8,848.4,73.0,205.7,900.1,405.0,3797.0,0.718
2025-04-01,RN-BCN-ES04,B,tienda,1172.1,891.1,82.0,194.2,748.8,340.9,3429.1,0.665
2025-04-01,RN-BCN-ES05,B,tienda,1339.5,754.9,78.4,196.8,865.3,374.0,3608.9,0.76
2025-04-01,RN-BCN-ES06,B,tienda,1321.3,806.9,84.6,190.5,702.8,366.2,3472.3,0.643
2025-04-01,RN-BCN-ES07,B,tienda,1145.1,753.1,80.9,181.4,755.4,343.0,3258.9,0.669
2025-04-01,RN-BCN-ES08,B,tienda,1005.4,575.5,57.6,144.8,559.2,304.6,2647.1,0.65
2025-04-01,RN-BCN-ES09,B,tienda,1178.5,764.4,86.4,186.9,825.1,369.1,3410.4,0.655
2025-04-01,RN-BCN-ES10,B,tienda,1167.8,682.2,80.2,185.0,787.2,381.9,3284.3,0.723
2025-04-01,RN-BCN-ES11,B,tienda,1190.1,820.6,76.9,184.0,820.8,327.6,3420.0,0.778
2025-04-01,RN-BCN-ES12,B,tienda,1051.0,667.5,61.8,150.9,617.6,341.9,2890.7,0.699
2025-04-01,RN-BCN-ES13,B,tienda,1232.3,747.2,87.4,202.6,826.1,409.6,3505.2,0.71
2025-04-01,RN-BCN-ES14,B,tienda,1408.9,866.3,93.7,219.4,882.8,417.7,3888.8,0.763
2025-04-01,RN-BCN-GA01,B,tienda,23680.3,14217.2,6392.7,10040.1,5702.3,6934.3,66966.9,0.765
2025-04-01,RN-BCN-GA02,B,tienda,25816.2,15190.9,7455.8,12608.8,6356.2,8322.5,75750.4,0.726
2025-04-01,RN-BCN-HI01,B,tienda,4611.8,2838.0,5754.7,912.2,230.6,1521.8,15869.1,0.769
2025-04-01,RN-BCN-HI02,B,tienda,6838.4,4821.7,10192.9,1478.6,384.5,2423.1,26139.2,0.694
2025-04-01,RN-BCN-HI03,B,tienda,3552.1,2662.6,6127.2,876.1,221.2,1530.5,14969.7,0.759
2025-04-01,RN-BCN-HI04,B,tienda,5242.4,3353.9,7654.9,1102.3,256.2,2142.3,19752.0,0.722
2025-04-01,RN-BIO-CV01,E,tienda,1272.4,813.0,1940.1,172.0,51.4,445.2,4694.1,0.84
2025-04-01,RN-BIO-CV02,E,tienda,1207.3,753.4,1843.7,170.4,42.0,459.3,4476.1,0.823
2025-04-01,RN-BIO-CV03,E,tienda,1083.0,663.7,1879.8,184.2,41.1,461.1,4312.9,0.798
2025-04-01,RN-BIO-CV04,E,tienda,1331.1,800.2,2017.8,202.3,48.8,478.5,4878.7,0.858
2025-04-01,RN-BIO-ES01,E,tienda,1185.0,733.3,78.7,201.0,685.4,371.1,3254.5,0.861
2025-04-01,RN-BIO-ES02,E,tienda,953.0,615.9,63.6,184.5,643.4,317.8,2778.2,0.869
2025-04-01,RN-BIO-ES03,E,tienda,1540.8,983.0,98.6,262.8,977.5,458.7,4321.4,0.803
2025-04-01,RN-BIO-ES04,E,tienda,1316.3,942.7,88.3,250.7,693.5,428.1,3719.6,0.819
2025-04-01,RN-BIO-ES05,E,tienda,1206.8,803.5,80.9,241.4,861.7,358.4,3552.7,0.838
2025-04-01,RN-BIO-ES06,E,tienda,1788.7,1039.3,103.8,281.4,897.5,458.8,4569.5,0.859
2025-04-01,RN-BIO-ES07,E,tienda,1294.5,761.9,79.9,224.5,781.4,403.6,3545.8,0.791
2025-04-01,RN-BIO-GA01,E,tienda,18938.3,10486.4,4727.6,7744.0,4265.9,4937.3,51099.5,0.821
2025-04-01,RN-BIO-HI01,E,tienda,6340.2,3362.4,9218.4,1215.4,285.1,2067.7,22489.2,0.844
2025-04-01,RN-BIO-HI02,E,tienda,4365.3,2766.0,5996.5,962.6,207.8,1734.7,16032.9,0.845
2025-04-01,RN-MAD-CV01,A,tienda,1145.8,732.9,1740.6,143.5,41.9,391.0,4195.7,0.693
2025-04-01,RN-MAD-CV02,A,tienda,1214.8,757.9,1875.8,159.7,50.8,456.9,4515.9,0.676
2025-04-01,RN-MAD-CV03,A,tienda,1156.7,694.4,1724.8,146.4,42.4,406.3,4171.0,0.704
2025-04-01,RN-MAD-CV04,A,tienda,1137.0,776.9,2070.5,176.8,51.2,489.3,4701.7,0.709
2025-04-01,RN-MAD-CV05,A,tienda,997.0,573.0,1408.4,127.2,36.3,352.3,3494.2,0.71
2025-04-01,RN-MAD-CV06,A,tienda,1170.7,653.0,1880.4,135.9,44.9,403.3,4288.2,0.644
2025-04-01,RN-MAD-CV07,A,tienda,1008.2,625.8,1657.7,145.8,43.6,413.8,3894.9,0.641
2025-04-01,RN-MAD-CV08,A,tienda,1278.8,762.5,1947.1,180.3,45.4,474.5,4688.6,0.666
2025-04-01,RN-MAD-CV09,A,tienda,1239.0,798.8,2200.4,179.1,53.1,464.7,4935.1,0.664
2025-04-01,RN-MAD-CV10,A,tienda,1086.4,725.8,1892.8,158.8,50.3,474.3,4388.4,0.703
2025-04-01,RN-MAD-ES01,A,tienda,1375.3,1074.8,92.0,218.5,1043.4,488.8,4292.8,0.697
2025-04-01,RN-MAD-ES02,A,tienda,1087.0,585.8,64.8,150.9,672.0,320.4,2880.9,0.621
2025-04-01,RN-MAD-ES03,A,tienda,1296.1,769.2,86.8,180.2,923.2,388.4,3643.9,0.736
2025-04-01,RN-MAD-ES04,A,tienda,1208.9,828.6,81.9,174.5,946.8,430.2,3670.9,0.779
2025-04-01,RN-MAD-ES05,A,tienda,1113.8,689.1,72.2,166.4,805.5,315.8,3162.8,0.677
2025-04-01,RN-MAD-ES06,A,tienda,1224.1,800.0,78.0,186.2,772.8,364.8,3425.9,0.683
2025-04-01,RN-MAD-ES07,A,tienda,1354.4,875.5,85.3,212.8,879.6,436.3,3843.9,0.677
2025-04-01,RN-MAD-ES08,A,tienda,1464.9,892.1,93.0,205.6,1079.7,479.6,4214.9,0.685
2025-04-01,RN-MAD-ES09,A,tienda,1024.1,740.9,81.8,180.1,831.9,404.6,3263.4,0.718
2025-04-01,RN-MAD-ES10,A,tienda,1369.9,873.7,83.7,185.0,855.1,414.1,3781.5,0.702
2025-04-01,RN-MAD-ES11,A,tienda,946.2,660.9,71.8,151.9,731.9,315.4,2878.1,0.718
2025-04-01,RN-MAD-ES12,A,tienda,1432.3,887.4,83.5,211.4,915.4,427.9,3957.9,0.66
2025-04-01,RN-MAD-ES13,A,tienda,1365.8,788.0,88.1,213.5,846.5,411.9,3713.8,0.664
2025-04-01,RN-MAD-ES14,A,tienda,1010.3,705.7,76.7,153.5,709.2,331.2,2986.6,0.705
2025-04-01,RN-MAD-ES15,A,tienda,1097.8,731.2,70.8,160.6,781.3,367.5,3209.2,0.703
2025-04-01,RN-MAD-ES16,A,tienda,1313.6,708.0,77.1,168.8,796.6,355.0,3419.1,0.739
2025-04-01,RN-MAD-ES17,A,tienda,1357.7,845.8,85.7,175.5,943.7,441.4,3849.8,0.759
2025-04-01,RN-MAD-ES18,A,tienda,1295.9,922.9,87.3,212.0,998.6,475.2,3991.9,0.646
2025-04-01,RN-MAD-ES19,A,tienda,1346.1,894.2,82.2,188.9,865.7,419.7,3796.8,0.641
2025-04-01,RN-MAD-ES20,A,tienda,1154.8,856.9,87.8,194.7,873.5,395.3,3563.0,0.688
2025-04-01,RN-MAD-GA01,A,tienda,36979.3,19564.2,9107.9,14608.7,8113.5,9776.8,98150.4,0.747
2025-04-01,RN-MAD-GA02,A,tienda,20730.9,13583.8,5791.9,8966.4,5802.9,6500.9,61376.8,0.663
2025-04-01,RN-MAD-GA03,A,tienda,24047.6,14415.0,6619.8,10335.1,6973.1,8294.4,70685.0,0.698
2025-04-01,RN-MAD-HI01,A,tienda,5381.3,3415.3,7292.4,1023.6,274.0,1899.7,19286.3,0.62
2025-04-01,RN-MAD-HI02,A,tienda,5560.7,3077.9,7798.4,945.6,289.1,1785.8,19457.5,0.755
2025-04-01,RN-MAD-HI03,A,tienda,5593.0,3509.5,8818.7,1027.8,284.8,2258.9,21492.7,0.643
2025-04-01,RN-MAD-HI04,A,tienda,6082.9,3390.4,9286.2,1251.4,292.2,2280.8,22583.9,0.717
2025-04-01,RN-MAD-HI05,A,tienda,6092.7,3937.0,8497.9,1114.1,350.3,2645.7,22637.7,0.762
2025-04-01,RN-SEV-CV01,D,tienda,869.2,489.7,1306.8,167.3,41.0,336.5,3210.5,0.536
2025-04-01,RN-SEV-CV02,D,tienda,870.8,584.2,1394.3,200.8,42.7,351.3,3444.1,0.445
2025-04-01,RN-SEV-CV03,D,tienda,796.5,560.2,1195.5,161.7,38.5,306.8,3059.2,0.57
2025-04-01,RN-SEV-CV04,D,tienda,808.2,521.3,1136.6,165.9,35.0,295.2,2962.2,0.543
2025-04-01,RN-SEV-CV05,D,tienda,782.8,505.1,971.5,159.0,32.1,278.0,2728.5,0.428
2025-04-01,RN-SEV-CV06,D,tienda,897.4,514.4,1159.0,149.0,44.4,364.0,3128.2,0.508
2025-04-01,RN-SEV-CV07,D,tienda,797.9,542.6,1144.5,170.6,35.5,308.7,2999.8,0.55
2025-04-01,RN-SEV-CV08,D,tienda,885.3,617.3,1482.0,186.6,39.6,353.2,3564.0,0.472
2025-04-01,RN-SEV-CV09,D,tienda,885.5,584.2,1164.4,177.4,36.3,337.1,3184.9,0.558
2025-04-01,RN-SEV-CV10,D,tienda,984.4,581.7,1357.5,198.1,41.5,350.1,3513.3,0.517
2025-04-01,RN-SEV-ES01,D,tienda,1153.7,690.7,57.9,196.9,795.2,347.1,3241.5,0.539
2025-04-01,RN-SEV-ES02,D,tienda,1096.7,613.1,57.4,202.4,637.1,317.2,2923.9,0.532
2025-04-01,RN-SEV-ES03,D,tienda,971.9,646.2,53.6,210.1,681.7,359.7,2923.2,0.555
2025-04-01,RN-SEV-ES04,D,tienda,875.6,600.9,43.2,162.8,486.4,266.8,2435.7,0.514
2025-04-01,RN-SEV-ES05,D,tienda,797.9,501.1,43.3,162.3,455.7,245.7,2206.0,0.518
2025-04-01,RN-SEV-ES06,D,tienda,1029.9,664.7,55.6,198.8,649.9,300.3,2899.2,0.506
2025-04-01,RN-SEV-ES07,D,tienda,1072.1,632.9,54.6,193.1,755.4,372.9,3081.0,0.529
2025-04-01,RN-SEV-ES08,D,tienda,1078.4,713.1,57.5,213.0,595.4,335.0,2992.4,0.558
2025-04-01,RN-SEV-ES09,D,tienda,992.7,653.0,50.1,201.4,617.0,298.9,2813.1,0.495
2025-04-01,RN-SEV-ES10,D,tienda,1054.7,596.7,52.9,204.7,570.8,316.1,2795.9,0.526
2025-04-01,RN-SEV-ES11,D,tienda,937.4,622.0,47.3,197.1,570.4,307.6,2681.8,0.474
2025-04-01,RN-SEV-ES12,D,tienda,923.0,480.4,45.3,179.9,543.2,267.7,2439.5,0.531
2025-04-01,RN-SEV-GA01,D,tienda,14006.1,6899.6,2401.5,6059.2,2782.7,3688.4,35837.5,0.597
2025-04-01,RN-SEV-HI01,D,tienda,3680.1,2232.6,4318.8,980.2,203.7,1319.2,12734.6,0.563
2025-04-01,RN-SEV-HI02,D,tienda,4094.1,2465.5,3981.6,1120.7,235.8,1505.0,13402.7,0.466
2025-04-01,RN-SEV-HI03,D,tienda,3573.8,1992.0,4205.2,984.6,173.3,1226.5,12155.4,0.535
2025-04-01,RN-SEV-HI04,D,tienda,4600.6,2935.5,5709.7,1329.3,283.7,1873.2,16732.0,0.542
2025-04-01,RN-VLC-CV01,C,tienda,1041.4,667.5,1801.3,97.5,24.1,391.7,4023.5,0.688
2025-04-01,RN-VLC-CV02,C,tienda,1009.3,657.2,2009.0,106.3,29.1,411.9,4222.8,0.611
2025-04-01,RN-VLC-CV03,C,tienda,1094.6,689.5,1835.4,127.1,32.6,406.8,4186.0,0.558
2025-04-01,RN-VLC-CV04,C,tienda,986.1,624.9,1557.4,107.7,27.9,364.0,3668.0,0.551
2025-04-01,RN-VLC-CV05,C,tienda,883.3,467.9,1471.5,87.6,22.1,344.2,3276.6,0.61
2025-04-01,RN-VLC-CV06,C,tienda,1043.8,707.8,2031.4,121.7,31.2,449.1,4385.0,0.641
2025-04-01,RN-VLC-CV07,C,tienda,993.6,582.4,1714.1,92.6,24.8,374.2,3781.7,0.62
2025-04-01,RN-VLC-CV08,C,tienda,878.3,521.4,1551.2,82.1,24.1,353.1,3410.2,0.566
2025-04-01,RN-VLC-CV09,C,tienda,898.8,551.0,1320.2,88.5,22.8,311.5,3192.8,0.65
2025-04-01,RN-VLC-ES01,C,tienda,1199.5,664.3,88.6,154.2,667.6,340.5,3114.7,0.583
2025-04-01,RN-VLC-ES02,C,tienda,829.6,568.0,66.0,111.7,524.2,302.6,2402.1,0.622
2025-04-01,RN-VLC-ES03,C,tienda,826.2,590.6,87.4,141.1,600.4,275.9,2521.6,0.656
2025-04-01,RN-VLC-ES04,C,tienda,906.4,615.4,85.8,150.8,589.1,266.4,2613.9,0.651
2025-04-01,RN-VLC-ES05,C,tienda,812.4,661.7,78.2,132.8,611.3,300.8,2597.2,0.631
2025-04-01,RN-VLC-ES06,C,tienda,729.3,431.5,69.8,118.6,457.7,230.1,2037.0,0.592
2025-04-01,RN-VLC-ES07,C,tienda,1075.8,609.7,82.3,146.3,647.6,287.5,2849.2,0.595
2025-04-01,RN-VLC-ES08,C,tienda,1082.8,704.8,91.2,155.2,664.7,325.2,3023.9,0.622
2025-04-01,RN-VLC-ES09,C,tienda,1021.6,606.4,84.7,138.5,557.0,313.0,2721.2,0.589
2025-04-01,RN-VLC-ES10,C,tienda,875.2,606.9,78.4,113.7,584.3,257.2,2515.7,0.573
2025-04-01,RN-VLC-GA01,C,tienda,19126.3,10478.2,6943.0,6627.1,4814.9,5739.8,53729.3,0.681
2025-04-01,RN-VLC-HI01,C,tienda,4757.9,2959.0,7289.4,789.7,194.7,1968.4,17959.1,0.594
2025-04-01,RN-VLC-HI02,C,tienda,5553.0,3387.8,8693.0,777.6,218.6,2112.3,20742.3,0.658
2025-04-01,RN-VLC-HI03,C,tienda,5293.7,3466.9,8693.3,767.2,199.9,2413.6,20834.6,0.62
2025-04-01,RN-VLC-HI04,C,tienda,5011.4,3052.2,7379.7,759.4,194.4,1699.7,18096.8,0.549
2025-04-01,RN-VLC-HI05,C,tienda,5498.7,3662.0,8858.1,836.6,222.2,1987.2,21064.8,0.599
2025-04-01,RN-VLC-HI06,C,tienda,5279.5,2984.5,7745.7,650.7,180.0,1701.1,18541.5,0.67
2025-04-01,RN-VLC-HI07,C,tienda,3602.2,2411.4,5956.0,639.8,155.1,1875.2,14639.7,0.62
2025-05-01,CL-BCN-01,B,centro_logistico,4026.5,1936.9,72.2,167.5,136.8,586.5,6926.4,0.816
2025-05-01,CL-BCN-02,B,centro_logistico,3656.9,1745.6,64.0,184.2,141.4,593.2,6385.3,0.796
2025-05-01,CL-BIO-01,E,centro_logistico,2168.9,1041.5,35.4,121.4,84.0,324.2,3775.4,0.89
2025-05-01,CL-MAD-01,A,centro_logistico,3294.0,1527.2,47.7,165.8,119.6,540.6,5694.9,0.733
2025-05-01,CL-MAD-02,A,centro_logistico,3348.8,1740.9,60.7,174.9,125.0,511.2,5961.5,0.757
2025-05-01,CL-MAD-03,A,centro_logistico,3267.9,1671.7,61.3,182.2,119.6,517.5,5820.2,0.794
2025-05-01,CL-SEV-01,D,centro_logistico,2754.9,1282.4,51.6,134.0,88.8,430.7,4742.4,0.674
2025-05-01,CL-VLC-01,C,centro_logistico,3132.8,1398.4,52.8,153.2,103.9,425.6,5266.7,0.747
2025-05-01,CL-VLC-02,C,centro_logistico,2713.0,1496.2,57.1,161.1,97.5,491.2,5016.1,0.688
2025-05-01,RN-BCN-CV01,B,tienda,1158.6,671.4,1771.2,150.4,46.6,395.3,4193.5,0.694
2025-05-01,RN-BCN-CV02,B,tienda,1129.0,757.2,2098.4,173.4,47.0,469.3,4674.3,0.67
2025-05-01,RN-BCN-CV03,B,tienda,1396.3,881.8,1965.4,199.6,49.5,534.7,5027.3,0.786
2025-05-01,RN-BCN-CV04,B,tienda,1025.3,618.0,1507.9,149.6,39.9,411.2,3751.9,0.664
2025-05-01,RN-BCN-CV05,B,tienda,1016.6,642.1,1628.7,160.2,41.5,414.0,3903.1,0.696
2025-05-01,RN-BCN-CV06,B,tienda,1026.3,675.8,1817.0,163.2,40.9,450.2,4173.4,0.677
2025-05-01,RN-BCN-CV07,B,tienda,1100.1,773.2,1813.8,142.6,45.6,458.3,4333.6,0.697
2025-05-01,RN-BCN-CV08,B,tienda,1102.1,664.4,1714.4,155.4,41.1,432.6,4110.0,0.702
2025-05-01,RN-BCN-ES01,B,tienda,1151.9,679.4,75.8,156.0,701.6,340.2,3104.9,0.73
2025-05-01,RN-BCN-ES02,B,tienda,1247.4,772.0,80.6,191.3,840.1,375.9,3507.3,0.668
2025-05-01,RN-BCN-ES03,B,tienda,1356.5,826.5,77.8,195.2,845.5,429.7,3731.2,0.711
2025-05-01,RN-BCN-ES04,B,tienda,1298.8,795.3,83.1,217.3,796.6,412.1,3603.2,0.745
2025-05-01,RN-BCN-ES05,B,tienda,1413.3,935.2,90.0,202.6,951.4,456.5,4049.0,0.713
2025-05-01,RN-BCN-ES06,B,tienda,1234.0,787.7,85.5,198.4,851.4,484.7,3641.7,0.74
2025-05-01,RN-BCN-ES07,B,tienda,1316.0,826.3,82.5,227.0,737.3,370.9,3560.0,0.745
2025-05-01,RN-BCN-ES08,B,tienda,910.4,658.7,68.0,144.6,631.6,287.1,2700.4,0.66
2025-05-01,RN-BCN-ES09,B,tienda,1458.9,824.4,78.3,213.4,796.1,429.3,3800.4,0.777
2025-05-01,RN-BCN-ES10,B,tienda,1282.0,672.2,76.0,170.9,820.0,360.9,3382.0,0.65
2025-05-01,RN-BCN-ES11,B,tienda,1276.0,742.3,75.0,199.2,819.3,415.9,3527.7,0.778
2025-05-01,RN-BCN-ES12,B,tienda,1146.0,743.7,74.9,175.4,786.0,413.1,3339.1,0.766
2025-05-01,RN-BCN-ES13,B,tienda,1250.5,895.7,77.2,200.2,881.3,387.3,3692.2,0.763
2025-05-01,RN-BCN-ES14,B,tienda,1307.9,913.7,98.7,219.5,920.1,438.6,3898.5,0.766
2025-05-01,RN-BCN-GA01,B,tienda,24701.5,13590.0,6071.4,10835.5,6258.7,6105.9,67563.0,0.672
2025-05-01,RN-BCN-GA02,B,tienda,27912.7,17034.2,6716.4,12449.2,6471.9,7420.6,78005.0,0.725
2025-05-01,RN-BCN-HI01,B,tienda,4547.1,3020.1,6325.0,1048.2,232.0,1966.8,17139.2,0.69
2025-05-01,RN-BCN-HI02,B,tienda,6260.8,4339.7,9884.4,1436.2,326.0,2937.3,25184.4,0.778
2025-05-01,RN-BCN-HI03,B,tienda,4322.9,2547.1,6357.6,881.7,238.1,1766.0,16113.4,0.723
2025-05-01,RN-BCN-HI04,B,tienda,5295.9,3594.5,8795.5,1173.5,309.4,2201.1,21369.9,0.694
2025-05-01,RN-BIO-CV01,E,tienda,1199.3,753.6,1912.9,195.4,48.2,498.1,4607.5,0.88
2025-05-01,RN-BIO-CV02,E,tienda,1230.9,770.7,1842.8,223.8,43.9,477.6,4589.7,0.842
2025-05-01,RN-BIO-CV03,E,tienda,1113.2,709.6,1806.1,166.0,41.6,464.7,4301.2,0.904
2025-05-01,RN-BIO-CV04,E,tienda,1359.2,839.4,2100.7,204.7,52.4,501.6,5058.0,0.859
2025-05-01,RN-BIO-ES01,E,tienda,1098.3,740.1,77.3,190.6,706.3,367.1,3179.7,0.821
2025-05-01,RN-BIO-ES02,E,tienda,1059.0,656.5,64.1,210.3,705.7,280.4,2976.0,0.866
2025-05-01,RN-BIO-ES03,E,tienda,1708.5,1049.8,114.8,309.0,1046.0,501.3,4729.4,0.839
2025-05-01,RN-BIO-ES04,E,tienda,1288.5,850.7,93.6,243.4,780.4,446.2,3702.8,0.866
2025-05-01,RN-BIO-ES05,E,tienda,1302.4,824.9,79.1,206.2,770.5,403.2,3586.3,0.804
2025-05-01,RN-BIO-ES06,E,tienda,1581.2,1048.3,106.0,291.1,1039.3,531.9,4597.8,0.866
2025-05-01,RN-BIO-ES07,E,tienda,1314.0,855.4,85.6,236.3,744.0,368.5,3603.8,0.815
2025-05-01,RN-BIO-GA01,E,tienda,17560.3,9855.9,4517.3,7957.4,3669.6,6010.6,49571.1,0.91
2025-05-01,RN-BIO-HI01,E,tienda,6841.2,4288.9,7798.8,1277.1,295.0,2319.9,22820.9,0.815
2025-05-01,RN-BIO-HI02,E,tienda,4909.7,2733.4,6657.7,954.5,218.5,1860.8,17334.6,0.826
2025-05-01,RN-MAD-CV01,A,tienda,1174.3,776.5,1830.4,163.4,46.1,448.3,4439.0,0.71
2025-05-01,RN-MAD-CV02,A,tienda,1254.9,741.4,1898.7,160.4,49.9,471.5,4576.8,0.669
2025-05-01,RN-MAD-CV03,A,tienda,1094.5,658.3,1858.0,159.8,52.9,438.3,4261.8,0.687
2025-05-01,RN-MAD-CV04,A,tienda,1317.4,765.0,2057.7,180.2,54.1,479.0,4853.4,0.727
2025-05-01,RN-MAD-CV05,A,tienda,906.1,625.7,1659.3,131.4,39.2,390.1,3751.8,0.713
2025-05-01,RN-MAD-CV06,A,tienda,1179.0,709.4,1945.4,165.2,44.0,408.3,4451.3,0.675
2025-05-01,RN-MAD-CV07,A,tienda,1109.8,692.9,2133.8,156.8,47.9,385.5,4526.7,0.576
2025-05-01,RN-MAD-CV08,A,tienda,1199.2,885.0,2093.8,172.7,50.3,475.7,4876.7,0.671
2025-05-01,RN-MAD-CV09,A,tienda,1371.4,847.6,2012.3,183.3,50.9,552.5,5018.0,0.625
2025-05-01,RN-MAD-CV10,A,tienda,1159.9,799.1,2096.5,167.6,49.6,542.2,4814.9,0.641
2025-05-01,RN-MAD-ES01,A,tienda,1441.8,968.5,113.0,218.4,1022.3,523.5,4287.5,0.734
2025-05-01,RN-MAD-ES02,A,tienda,1191.1,634.8,76.9,169.4,745.5,332.7,3150.4,0.723
2025-05-01,RN-MAD-ES03,A,tienda,1347.7,921.3,89.5,196.6,970.1,460.4,3985.6,0.689
2025-05-01,RN-MAD-ES04,A,tienda,1352.1,897.9,87.0,187.8,839.8,396.1,3760.7,0.662
2025-05-01,RN-MAD-ES05,A,tienda,1254.3,783.3,71.5,170.8,772.6,362.9,3415.4,0.682
2025-05-01,RN-MAD-ES06,A,tienda,1371.3,861.5,89.3,194.9,981.2,455.9,3954.1,0.74
2025-05-01,RN-MAD-ES07,A,tienda,1496.1,922.5,96.4,210.5,915.6,469.7,4110.8,0.672
2025-05-01,RN-MAD-ES08,A,tienda,1359.5,910.1,79.0,191.6,956.7,447.1,3944.0,0.669
2025-05-01,RN-MAD-ES09,A,tienda,1302.7,895.6,90.9,173.1,758.2,429.6,3650.1,0.681
2025-05-01,RN-MAD-ES10,A,tienda,1368.0,895.2,91.8,187.1,923.3,459.8,3925.2,0.764
2025-05-01,RN-MAD-ES11,A,tienda,1179.0,785.8,73.1,150.0,728.3,383.5,3299.7,0.68
2025-05-01,RN-MAD-ES12,A,tienda,1455.9,961.3,89.2,214.3,959.4,466.0,4146.1,0.7
2025-05-01,RN-MAD-ES13,A,tienda,1441.6,833.0,93.7,196.5,903.3,456.5,3924.6,0.781
2025-05-01,RN-MAD-ES14,A,tienda,1048.1,660.2,71.0,162.8,748.8,358.7,3049.6,0.677
2025-05-01,RN-MAD-ES15,A,tienda,1154.2,873.7,75.2,180.1,795.3,408.2,3486.7,0.743
2025-05-01,RN-MAD-ES16,A,tienda,1273.8,907.1,86.2,183.8,1014.9,378.2,3844.0,0.633
2025-05-01,RN-MAD-ES17,A,tienda,1388.5,1045.5,101.7,213.8,960.1,428.4,4138.0,0.641
2025-05-01,RN-MAD-ES18,A,tienda,1483.7,842.5,94.2,205.4,1106.1,496.6,4228.5,0.722
2025-05-01,RN-MAD-ES19,A,tienda,1391.8,913.6,91.3,189.0,1013.5,429.2,4028.4,0.618
2025-05-01,RN-MAD-ES20,A,tienda,1319.4,835.9,78.1,206.1,902.2,422.7,3764.4,0.731
2025-05-01,RN-MAD-GA01,A,tienda,37151.8,18816.2,8524.9,13537.5,8816.7,9936.1,96783.2,0.683
2025-05-01,RN-MAD-GA02,A,tienda,22663.5,13756.5,6011.5,9319.4,5748.8,6332.9,63832.6,0.662
2025-05-01,RN-MAD-GA03,A,tienda,24709.6,15704.1,6797.7,9972.3,7388.7,6517.7,71090.1,0.68
2025-05-01,RN-MAD-HI01,A,tienda,5352.4,3717.4,8383.6,1097.7,324.9,2442.9,21318.9,0.702
2025-05-01,RN-MAD-HI02,A,tienda,4905.5,3119.7,7063.4,1110.1,233.3,1712.4,18144.4,0.676
2025-05-01,RN-MAD-HI03,A,tienda,6288.8,4045.6,8003.7,1146.0,310.3,2412.6,22207.0,0.731
2025-05-01,RN-MAD-HI04,A,tienda,6130.5,4115.3,10519.5,1207.1,373.2,2354.4,24700.0,0.659
2025-05-01,RN-MAD-HI05,A,tienda,6841.0,4102.1,9242.1,1301.5,344.4,2365.7,24196.8,0.713
2025-05-01,RN-SEV-CV01,D,tienda,916.6,599.5,1385.0,192.7,40.7,366.2,3500.7,0.61
2025-05-01,RN-SEV-CV02,D,tienda,1111.0,640.1,1516.4,226.2,53.8,385.3,3932.8,0.56
2025-05-01,RN-SEV-CV03,D,tienda,894.7,531.0,1348.3,190.3,40.7,368.3,3373.3,0.552
2025-05-01,RN-SEV-CV04,D,tienda,966.9,517.7,1185.8,166.6,37.0,321.1,3195.1,0.487
2025-05-01,RN-SEV-CV05,D,tienda,739.8,489.0,1162.1,177.5,36.2,284.2,2888.8,0.491
2025-05-01,RN-SEV-CV06,D,tienda,882.0,555.8,1332.3,184.6,37.4,312.0,3304.1,0.47
2025-05-01,RN-SEV-CV07,D,tienda,950.9,560.4,1321.3,195.7,45.9,308.3,3382.5,0.558
2025-05-01,RN-SEV-CV08,D,tienda,1064.0,633.4,1506.4,207.9,49.5,360.9,3822.1,0.559
2025-05-01,RN-SEV-CV09,D,tienda,945.6,593.8,1352.1,213.4,46.2,364.2,3515.3,0.589
2025-05-01,RN-SEV-CV10,D,tienda,949.6,666.0,1472.4,211.1,45.2,391.9,3736.2,0.554
2025-05-01,RN-SEV-ES01,D,tienda,1181.3,809.0,57.7,239.0,699.0,363.9,3349.9,0.535
2025-05-01,RN-SEV-ES02,D,tienda,1100.3,642.6,55.7,191.5,626.6,307.7,2924.4,0.537
2025-05-01,RN-SEV-ES03,D,tienda,1200.3,736.6,52.3,206.5,664.6,301.8,3162.1,0.527
2025-05-01,RN-SEV-ES04,D,tienda,854.5,550.6,44.8,182.4,525.6,263.9,2421.8,0.549
2025-05-01,RN-SEV-ES05,D,tienda,890.3,557.6,41.9,168.1,489.9,273.1,2420.9,0.549
2025-05-01,RN-SEV-ES06,D,tienda,1242.8,768.1,65.1,244.3,666.2,386.7,3373.2,0.591
2025-05-01,RN-SEV-ES07,D,tienda,1286.4,688.2,67.1,241.6,727.5,366.5,3377.3,0.53
2025-05-01,RN-SEV-ES08,D,tienda,1065.8,725.3,55.6,200.3,751.5,346.6,3145.1,0.53
2025-05-01,RN-SEV-ES09,D,tienda,1079.5,676.1,51.3,208.4,606.5,309.5,2931.3,0.561
2025-05-01,RN-SEV-ES10,D,tienda,1171.1,648.0,61.6,213.8,591.3,364.3,3050.1,0.551
2025-05-01,RN-SEV-ES11,D,tienda,982.8,731.4,52.5,213.9,678.9,322.2,2981.7,0.558
2025-05-01,RN-SEV-ES12,D,tienda,891.0,649.5,46.3,196.0,591.2,314.7,2688.7,0.499
2025-05-01,RN-SEV-GA01,D,tienda,12527.5,8346.4,2502.8,7007.4,3080.6,3579.3,37044.0,0.519
2025-05-01,RN-SEV-HI01,D,tienda,3773.0,2193.6,4497.0,1088.9,212.3,1371.0,13135.8,0.514
2025-05-01,RN-SEV-HI02,D,tienda,4354.4,2679.7,4647.7,1092.2,247.6,1653.8,14675.4,0.537
2025-05-01,RN-SEV-HI03,D,tienda,3742.3,2189.3,3854.5,1008.8,206.4,1260.1,12261.4,0.585
2025-05-01,RN-SEV-HI04,D,tienda,4621.1,2979.9,5661.3,1401.9,257.8,1841.3,16763.3,0.549
2025-05-01,RN-VLC-CV01,C,tienda,979.3,640.4,1728.8,107.9,27.0,423.6,3907.0,0.553
2025-05-01,RN-VLC-CV02,C,tienda,1098.2,697.4,1749.4,116.7,27.2,449.0,4137.9,0.653
2025-05-01,RN-VLC-CV03,C,tienda,1282.0,777.3,2119.4,126.8,32.9,465.3,4803.7,0.613
2025-05-01,RN-VLC-CV04,C,tienda,905.6,566.3,1522.0,104.1,24.0,398.5,3520.5,0.57
2025-05-01,RN-VLC-CV05,C,tienda,873.2,491.2,1367.5,91.6,20.2,343.7,3187.4,0.587
2025-05-01,RN-VLC-CV06,C,tienda,1112.3,681.1,1881.2,122.0,34.7,419.4,4250.7,0.607
2025-05-01,RN-VLC-CV07,C,tienda,921.4,610.3,1851.2,100.8,26.2,410.7,3920.6,0.582
2025-05-01,RN-VLC-CV08,C,tienda,847.9,520.6,1441.3,85.4,22.8,328.8,3246.8,0.653
2025-05-01,RN-VLC-CV09,C,tienda,913.4,597.3,1553.0,93.8,22.6,345.5,3525.6,0.567
2025-05-01,RN-VLC-ES01,C,tienda,1085.9,758.2,99.3,173.9,748.6,372.0,3237.9,0.589
2025-05-01,RN-VLC-ES02,C,tienda,826.2,547.7,67.4,105.6,573.2,262.3,2382.4,0.63
2025-05-01,RN-VLC-ES03,C,tienda,999.9,569.5,90.1,154.4,565.4,300.6,2679.9,0.529
2025-05-01,RN-VLC-ES04,C,tienda,956.4,689.1,85.7,157.2,602.0,300.3,2790.7,0.612
2025-05-01,RN-VLC-ES05,C,tienda,1021.0,650.2,95.1,158.8,620.9,323.6,2869.6,0.584
2025-05-01,RN-VLC-ES06,C,tienda,882.3,507.6,77.1,143.9,522.0,248.5,2381.4,0.533
2025-05-01,RN-VLC-ES07,C,tienda,813.9,580.6,91.7,139.0,576.2,284.1,2485.5,0.627
2025-05-01,RN-VLC-ES08,C,tienda,1240.8,689.7,107.9,161.5,722.0,414.5,3336.4,0.623
2025-05-01,RN-VLC-ES09,C,tienda,1041.9,622.4,84.5,150.0,636.8,308.1,2843.7,0.63
2025-05-01,RN-VLC-ES10,C,tienda,937.8,563.3,77.6,144.1,537.6,291.1,2551.5,0.548
2025-05-01,RN-VLC-GA01,C,tienda,20478.4,12093.8,7666.0,7889.7,4851.2,5736.4,58715.5,0.62
2025-05-01,RN-VLC-HI01,C,tienda,4797.2,3375.2,8907.0,770.7,209.1,1920.2,19979.4,0.592
2025-05-01,RN-VLC-HI02,C,tienda,5336.9,3397.4,8511.5,871.9,220.3,2426.0,20764.0,0.562
2025-05-01,RN-VLC-HI03,C,tienda,5874.4,3576.0,8887.6,897.8,214.2,2203.3,21653.3,0.575
2025-05-01,RN-VLC-HI04,C,tienda,4986.4,2899.4,8063.5,801.6,194.2,2228.8,19173.9,0.589
2025-05-01,RN-VLC-HI05,C,tienda,5404.9,3725.0,8729.2,760.8,233.4,2358.0,21211.3,0.625
2025-05-01,RN-VLC-HI06,C,tienda,5457.6,3507.0,8436.0,846.6,199.7,2029.6,20476.5,0.585
2025-05-01,RN-VLC-HI07,C,tienda,4405.2,2580.3,6763.0,669.2,166.3,1618.3,16202.3,0.602
2025-06-01,CL-BCN-01,B,centro_logistico,4376.7,1723.7,66.2,199.7,127.9,689.4,7183.6,0.781
2025-06-01,CL-BCN-02,B,centro_logistico,4056.7,1834.5,71.2,198.7,136.2,624.9,6922.2,0.84
2025-06-01,CL-BIO-01,E,centro_logistico,2443.0,1067.8,41.1,141.4,87.0,385.1,4165.4,0.959
2025-06-01,CL-MAD-01,A,centro_logistico,3717.3,1774.0,58.7,202.4,127.5,628.6,6508.5,0.709
2025-06-01,CL-MAD-02,A,centro_logistico,3207.0,1752.4,51.8,175.1,125.2,584.1,5895.6,0.75
2025-06-01,CL-MAD-03,A,centro_logistico,3663.9,1738.2,61.9,179.9,121.8,515.4,6281.1,0.76
2025-06-01,CL-SEV-01,D,centro_logistico,2793.7,1411.6,45.3,153.1,105.3,437.7,4946.7,0.646
2025-06-01,CL-VLC-01,C,centro_logistico,2753.1,1506.0,52.2,162.6,101.1,435.4,5010.4,0.699
2025-06-01,CL-VLC-02,C,centro_logistico,2788.8,1369.5,51.1,148.9,96.9,481.2,4936.4,0.702
2025-06-01,RN-BCN-CV01,B,tienda,1235.6,682.2,1659.4,155.1,46.8,444.1,4223.2,0.747
2025-06-01,RN-BCN-CV02,B,tienda,1169.4,799.0,2117.3,170.2,46.7,431.0,4733.6,0.685
2025-06-01,RN-BCN-CV03,B,tienda,1278.6,839.3,2237.7,195.1,50.3,502.1,5103.1,0.725
2025-06-01,RN-BCN-CV04,B,tienda,900.0,584.0,1427.8,139.0,36.8,389.0,3476.6,0.749
2025-06-01,RN-BCN-CV05,B,tienda,993.0,649.3,1569.7,156.8,40.3,384.0,3793.1,0.717
2025-06-01,RN-BCN-CV06,B,tienda,984.4,620.4,1851.7,151.0,42.7,457.8,4108.0,0.687
2025-06-01,RN-BCN-CV07,B,tienda,1125.7,667.6,1724.0,155.2,43.0,423.2,4138.7,0.725
2025-06-01,RN-BCN-CV08,B,tienda,898.1,620.7,1677.7,149.6,44.9,391.9,3782.9,0.723
2025-06-01,RN-BCN-ES01,B,tienda,1083.8,614.1,66.9,165.0,724.9,299.3,2954.0,0.703
2025-06-01,RN-BCN-ES02,B,tienda,1272.7,788.4,84.2,198.8,751.5,397.3,3492.9,0.67
2025-06-01,RN-BCN-ES03,B,tienda,1215.2,683.2,88.6,200.9,841.4,399.0,3428.3,0.76
2025-06-01,RN-BCN-ES04,B,tienda,1127.8,795.0,80.4,200.0,824.2,392.5,3419.9,0.678
2025-06-01,RN-BCN-ES05,B,tienda,1319.0,839.9,85.4,227.3,795.0,397.8,3664.4,0.761
2025-06-01,RN-BCN-ES06,B,tienda,1300.4,775.0,76.8,207.7,798.5,395.1,3553.5,0.677
2025-06-01,RN-BCN-ES07,B,tienda,1150.9,811.9,86.3,189.0,924.5,363.4,3526.0,0.705
2025-06-01,RN-BCN-ES08,B,tienda,869.1,593.6,62.0,162.1,632.4,267.9,2587.1,0.704
2025-06-01,RN-BCN-ES09,B,tienda,1233.6,819.4,78.5,188.4,848.3,360.3,3528.5,0.763
2025-06-01,RN-BCN-ES10,B,tienda,1212.1,677.0,73.4,177.6,774.4,356.2,3270.7,0.742
2025-06-01,RN-BCN-ES11,B,tienda,1113.9,798.2,74.2,182.5,657.9,343.6,3170.3,0.716
2025-06-01,RN-BCN-ES12,B,tienda,937.5,645.6,77.6,157.3,716.8,358.7,2893.5,0.72
2025-06-01,RN-BCN-ES13,B,tienda,1254.4,810.5,88.3,198.1,842.6,426.3,3620.2,0.752
2025-06-01,RN-BCN-ES14,B,tienda,1186.4,852.5,93.2,224.1,809.7,405.7,3571.6,0.73
2025-06-01,RN-BCN-GA01,B,tienda,24730.3,14480.6,6181.5,9237.5,5440.4,6746.5,66816.8,0.667
2025-06-01,RN-BCN-GA02,B,tienda,28123.1,17233.4,7344.3,13026.5,6348.6,7849.3,79925.2,0.723
2025-06-01,RN-BCN-HI01,B,tienda,4766.0,2853.5,6802.7,906.0,232.7,1740.4,17301.3,0.668
2025-06-01,RN-BCN-HI02,B,tienda,7326.4,4186.7,9166.4,1382.2,321.2,2552.1,24935.0,0.72
2025-06-01,RN-BCN-HI03,B,tienda,4535.0,3016.6,6282.4,906.7,240.6,1662.1,16643.4,0.739
2025-06-01,RN-BCN-HI04,B,tienda,5495.2,3633.5,7437.7,1168.0,287.9,2047.6,20069.9,0.704
2025-06-01,RN-BIO-CV01,E,tienda,1164.4,704.3,1895.1,188.6,46.0,435.4,4433.8,0.834
2025-06-01,RN-BIO-CV02,E,tienda,1223.2,728.5,1963.8,184.7,43.4,393.3,4536.9,0.777
2025-06-01,RN-BIO-CV03,E,tienda,1127.7,634.9,1740.4,194.9,40.5,427.3,4165.7,0.825
2025-06-01,RN-BIO-CV04,E,tienda,1316.4,742.2,2099.0,195.7,41.7,520.7,4915.7,0.805
2025-06-01,RN-BIO-ES01,E,tienda,1161.0,685.9,70.8,186.9,752.4,349.4,3206.4,0.825
2025-06-01,RN-BIO-ES02,E,tienda,990.6,649.3,74.4,176.9,681.7,339.7,2912.6,0.82
2025-06-01,RN-BIO-ES03,E,tienda,1512.8,1052.4,113.5,297.2,925.4,465.5,4366.8,0.898
2025-06-01,RN-BIO-ES04,E,tienda,1359.9,870.0,81.3,259.6,800.9,410.1,3781.8,0.857
2025-06-01,RN-BIO-ES05,E,tienda,1303.1,826.8,74.1,223.5,805.7,424.0,3657.2,0.811
2025-06-01,RN-BIO-ES06,E,tienda,1468.6,867.7,92.3,263.2,919.2,443.9,4054.9,0.919
2025-06-01,RN-BIO-ES07,E,tienda,1252.2,837.4,84.8,206.3,782.2,361.6,3524.5,0.791
2025-06-01,RN-BIO-GA01,E,tienda,15724.1,10838.1,4570.0,8344.2,4262.1,4961.9,48700.4,0.848
2025-06-01,RN-BIO-HI01,E,tienda,5911.5,3686.1,7984.2,1177.8,308.6,2330.6,21398.8,0.86
2025-06-01,RN-BIO-HI02,E,tienda,4848.2,3021.1,6800.4,906.2,215.2,1852.8,17643.9,0.809
2025-06-01,RN-MAD-CV01,A,tienda,1220.0,732.2,1672.2,134.3,46.4,461.5,4266.6,0.605
2025-06-01,RN-MAD-CV02,A,tienda,1139.9,665.8,2028.6,163.3,40.8,448.0,4486.4,0.644
2025-06-01,RN-MAD-CV03,A,tienda,984.5,697.4,1733.0,150.7,45.1,378.5,3989.2,0.668
2025-06-01,RN-MAD-CV04,A,tienda,1190.7,780.6,2162.8,172.1,53.6,533.2,4893.0,0.72
2025-06-01,RN-MAD-CV05,A,tienda,919.5,573.4,1546.7,131.7,40.0,339.7,3551.0,0.696
2025-06-01,RN-MAD-CV06,A,tienda,1134.6,714.9,1915.6,163.3,46.1,407.2,4381.7,0.751
2025-06-01,RN-MAD-CV07,A,tienda,1091.1,653.1,1561.1,152.3,44.2,430.7,3932.5,0.703
2025-06-01,RN-MAD-CV08,A,tienda,1146.0,740.6,1954.2,177.4,54.0,468.4,4540.6,0.738
2025-06-01,RN-MAD-CV09,A,tienda,1185.7,806.5,1924.4,187.0,54.5,552.2,4710.3,0.665
2025-06-01,RN-MAD-CV10,A,tienda,1061.8,761.9,1568.8,176.6,44.9,475.7,4089.7,0.64
2025-06-01,RN-MAD-ES01,A,tienda,1614.9,1038.1,103.1,221.9,1035.8,487.5,4501.3,0.698
2025-06-01,RN-MAD-ES02,A,tienda,1053.3,682.6,60.1,166.5,640.9,315.5,2918.9,0.679
2025-06-01,RN-MAD-ES03,A,tienda,1316.2,883.2,91.1,200.0,931.7,466.5,3888.7,0.671
2025-06-01,RN-MAD-ES04,A,tienda,1169.1,860.3,88.7,194.8,797.0,447.2,3557.1,0.669
2025-06-01,RN-MAD-ES05,A,tienda,1122.3,711.9,80.8,161.6,726.8,401.9,3205.3,0.641
2025-06-01,RN-MAD-ES06,A,tienda,1300.6,958.6,86.6,186.8,960.9,459.9,3953.4,0.674
2025-06-01,RN-MAD-ES07,A,tienda,1396.4,924.5,96.0,210.9,850.1,468.3,3946.2,0.673
2025-06-01,RN-MAD-ES08,A,tienda,1366.3,840.6,98.3,214.7,987.5,461.0,3968.4,0.723
2025-06-01,RN-MAD-ES09,A,tienda,1275.6,861.3,80.6,201.0,934.8,416.1,3769.4,0.67
2025-06-01,RN-MAD-ES10,A,tienda,1455.8,805.8,80.1,205.3,985.6,446.4,3979.0,0.664
2025-06-01,RN-MAD-ES11,A,tienda,1120.2,737.3,74.0,171.1,778.5,387.9,3269.0,0.663
2025-06-01,RN-MAD-ES12,A,tienda,1396.0,848.0,87.7,204.4,919.5,435.5,3891.1,0.685
2025-06-01,RN-MAD-ES13,A,tienda,1332.5,781.2,86.7,189.7,901.1,427.3,3718.5,0.685
2025-06-01,RN-MAD-ES14,A,tienda,1131.6,694.2,67.1,157.2,683.9,343.8,3077.8,0.727
2025-06-01,RN-MAD-ES15,A,tienda,1216.7,811.8,84.5,165.1,656.7,405.5,3340.3,0.712
2025-06-01,RN-MAD-ES16,A,tienda,1062.9,727.1,72.9,178.0,788.7,407.8,3237.4,0.664
2025-06-01,RN-MAD-ES17,A,tienda,1277.6,858.4,82.6,203.7,959.0,416.2,3797.5,0.659
2025-06-01,RN-MAD-ES18,A,tienda,1377.6,948.6,93.1,210.7,946.9,509.4,4086.3,0.699
2025-06-01,RN-MAD-ES19,A,tienda,1337.5,896.2,85.9,175.6,1003.1,455.4,3953.7,0.731
2025-06-01,RN-MAD-ES20,A,tienda,1201.1,891.0,85.9,183.5,875.0,389.1,3625.6,0.682
2025-06-01,RN-MAD-GA01,A,tienda,34620.5,17372.2,9455.0,11679.3,8076.6,9481.6,90685.2,0.628
2025-06-01,RN-MAD-GA02,A,tienda,23769.6,13065.8,5655.2,8883.0,5496.2,5771.7,62641.5,0.697
2025-06-01,RN-MAD-GA03,A,tienda,26575.5,14601.8,7568.5,10312.2,7217.2,8067.4,74342.6,0.698
2025-06-01,RN-MAD-HI01,A,tienda,5193.1,3617.4,8051.1,1093.8,286.2,1914.9,20156.5,0.649
2025-06-01,RN-MAD-HI02,A,tienda,4558.1,3225.0,6853.2,945.4,277.1,1903.6,17762.4,0.7
2025-06-01,RN-MAD-HI03,A,tienda,6063.4,3519.5,8191.9,1165.5,298.8,2090.2,21329.3,0.748
2025-06-01,RN-MAD-HI04,A,tienda,6619.2,4120.1,8637.2,1257.1,353.9,2278.0,23265.5,0.628
2025-06-01,RN-MAD-HI05,A,tienda,6115.5,3968.6,8677.7,1055.7,329.2,2269.4,22416.1,0.602
2025-06-01,RN-SEV-CV01,D,tienda,897.4,566.7,1191.6,167.5,41.6,336.4,3201.2,0.491
2025-06-01,RN-SEV-CV02,D,tienda,1143.2,629.9,1497.2,212.1,46.2,411.2,3939.8,0.534
2025-06-01,RN-SEV-CV03,D,tienda,861.1,510.9,1266.4,170.4,36.9,311.5,3157.2,0.52
2025-06-01,RN-SEV-CV04,D,tienda,729.9,508.3,1055.7,137.1,34.9,285.0,2750.9,0.545
2025-06-01,RN-SEV-CV05,D,tienda,752.8,475.5,1137.1,165.3,36.8,282.5,2850.0,0.553
2025-06-01,RN-SEV-CV06,D,tienda,912.4,558.4,1194.0,184.2,43.3,323.9,3216.2,0.564
2025-06-01,RN-SEV-CV07,D,tienda,879.5,496.6,1210.1,180.7,44.8,339.3,3151.0,0.541
2025-06-01,RN-SEV-CV08,D,tienda,966.9,595.4,1329.8,186.3,41.7,353.5,3473.6,0.506
2025-06-01,RN-SEV-CV09,D,tienda,898.0,537.2,1244.5,177.4,38.8,331.6,3227.5,0.565
2025-06-01,RN-SEV-CV10,D,tienda,979.9,488.8,1391.3,211.4,44.1,334.8,3450.3,0.535
2025-06-01,RN-SEV-ES01,D,tienda,1037.5,720.9,62.0,210.9,695.7,384.3,3111.3,0.49
2025-06-01,RN-SEV-ES02,D,tienda,1082.9,585.4,52.2,171.3,639.0,349.1,2879.9,0.504
2025-06-01,RN-SEV-ES03,D,tienda,1001.2,628.3,53.6,189.3,669.9,327.7,2870.0,0.525
2025-06-01,RN-SEV-ES04,D,tienda,796.1,557.2,43.3,163.6,514.9,271.3,2346.4,0.571
2025-06-01,RN-SEV-ES05,D,tienda,803.6,506.5,42.2,152.6,515.0,247.6,2267.5,0.551
2025-06-01,RN-SEV-ES06,D,tienda,1114.8,727.3,59.6,216.2,604.1,368.5,3090.5,0.545
2025-06-01,RN-SEV-ES07,D,tienda,1119.1,812.5,60.8,235.2,757.9,340.9,3326.4,0.455
2025-06-01,RN-SEV-ES08,D,tienda,1066.7,655.6,53.2,221.6,689.1,320.2,3006.4,0.615
2025-06-01,RN-SEV-ES09,D,tienda,1069.5,663.0,53.0,185.1,580.1,280.5,2831.2,0.522
2025-06-01,RN-SEV-ES10,D,tienda,1132.8,628.5,57.2,199.7,637.5,315.1,2970.8,0.557
2025-06-01,RN-SEV-ES11,D,tienda,1004.4,627.3,51.4,192.0,627.3,292.1,2794.5,0.602
2025-06-01,RN-SEV-ES12,D,tienda,1036.5,646.3,44.2,173.7,557.0,290.1,2747.8,0.549
2025-06-01,RN-SEV-GA01,D,tienda,11764.6,7218.4,2137.4,5991.4,2726.8,3917.8,33756.4,0.54
2025-06-01,RN-SEV-HI01,D,tienda,3775.4,2252.8,4103.6,988.3,215.2,1232.6,12567.9,0.436
2025-06-01,RN-SEV-HI02,D,tienda,3958.3,2450.9,4705.4,1080.1,232.6,1202.1,13629.4,0.533
2025-06-01,RN-SEV-HI03,D,tienda,4263.7,2390.4,4106.4,1087.9,197.1,1294.0,13339.5,0.54
2025-06-01,RN-SEV-HI04,D,tienda,4924.4,2811.1,5949.2,1235.6,264.9,1713.2,16898.4,0.561
2025-06-01,RN-VLC-CV01,C,tienda,1053.2,621.7,1723.2,104.9,28.5,409.9,3941.4,0.588
2025-06-01,RN-VLC-CV02,C,tienda,985.2,596.3,1525.5,109.5,26.8,393.1,3636.4,0.612
2025-06-01,RN-VLC-CV03,C,tienda,1049.4,704.5,2059.5,113.4,28.6,437.6,4393.0,0.565
2025-06-01,RN-VLC-CV04,C,tienda,949.8,578.0,1497.3,95.5,25.8,356.8,3503.2,0.616
2025-06-01,RN-VLC-CV05,C,tienda,835.0,488.7,1442.7,74.5,21.2,282.8,3144.9,0.572
2025-06-01,RN-VLC-CV06,C,tienda,1057.8,748.5,2075.4,128.3,31.8,442.3,4484.1,0.572
2025-06-01,RN-VLC-CV07,C,tienda,882.0,561.5,1545.4,103.9,27.3,363.7,3483.8,0.617
2025-06-01,RN-VLC-CV08,C,tienda,759.4,442.4,1366.6,84.1,25.6,341.1,3019.2,0.596
2025-06-01,RN-VLC-CV09,C,tienda,811.8,501.3,1215.4,81.2,22.6,342.9,2975.2,0.686
2025-06-01,RN-VLC-ES01,C,tienda,1151.1,654.4,98.3,131.7,603.2,341.7,2980.4,0.605
2025-06-01,RN-VLC-ES02,C,tienda,707.8,535.9,70.2,117.0,501.8,254.7,2187.4,0.586
2025-06-01,RN-VLC-ES03,C,tienda,869.5,576.8,80.9,128.0,551.2,281.8,2488.2,0.566
2025-06-01,RN-VLC-ES04,C,tienda,1079.7,657.9,83.9,153.5,688.7,323.4,2987.1,0.638
2025-06-01,RN-VLC-ES05,C,tienda,982.7,661.1,89.9,157.8,644.4,324.2,2860.1,0.577
2025-06-01,RN-VLC-ES06,C,tienda,789.7,451.4,76.2,106.3,551.1,271.5,2246.2,0.683
2025-06-01,RN-VLC-ES07,C,tienda,917.1,572.6,84.0,135.7,603.2,247.9,2560.5,0.638
2025-06-01,RN-VLC-ES08,C,tienda,1035.1,685.1,97.4,183.6,734.2,364.8,3100.2,0.631
2025-06-01,RN-VLC-ES09,C,tienda,1006.6,606.4,82.9,159.2,631.2,311.6,2797.9,0.609
2025-06-01,RN-VLC-ES10,C,tienda,797.1,448.8,70.5,113.9,475.9,267.1,2173.3,0.642
2025-06-01,RN-VLC-GA01,C,tienda,21174.7,12442.9,8152.4,8083.0,4264.4,5579.1,59696.5,0.59
2025-06-01,RN-VLC-HI01,C,tienda,4950.0,3291.0,8488.8,768.8,190.7,1915.6,19604.9,0.634
2025-06-01,RN-VLC-HI02,C,tienda,4714.7,3273.3,8285.2,806.4,205.9,2247.1,19532.6,0.613
2025-06-01,RN-VLC-HI03,C,tienda,5161.3,3437.3,9313.9,796.3,213.8,2296.4,21219.0,0.693
2025-06-01,RN-VLC-HI04,C,tienda,4976.1,3098.9,7431.5,743.3,178.4,1933.3,18361.5,0.665
2025-06-01,RN-VLC-HI05,C,tienda,5781.8,3045.7,9088.8,812.1,191.9,2151.2,21071.5,0.644
2025-06-01,RN-VLC-HI06,C,tienda,4424.9,3165.2,8563.3,744.3,221.7,1958.1,19077.5,0.635
2025-06-01,RN-VLC-HI07,C,tienda,4132.1,2541.5,6495.4,678.1,129.3,1771.9,15748.3,0.609
2025-07-01,CL-BCN-01,B,centro_logistico,4229.3,2016.5,80.0,190.0,133.3,603.7,7252.8,0.832
2025-07-01,CL-BCN-02,B,centro_logistico,3989.0,1771.3,74.7,219.9,147.1,700.5,6902.5,0.798
2025-07-01,CL-BIO-01,E,centro_logistico,2744.7,1189.0,43.5,145.5,92.5,384.9,4600.1,0.899
2025-07-01,CL-MAD-01,A,centro_logistico,4300.3,1755.3,60.8,201.9,117.3,578.7,7014.3,0.725
2025-07-01,CL-MAD-02,A,centro_logistico,3905.1,1961.1,78.3,227.8,123.8,590.6,6886.7,0.753
2025-07-01,CL-MAD-03,A,centro_logistico,3518.3,1741.1,63.5,188.5,141.1,656.3,6308.8,0.769
2025-07-01,CL-SEV-01,D,centro_logistico,3611.6,1349.2,55.6,176.4,106.2,486.2,5785.2,0.561
2025-07-01,CL-VLC-01,C,centro_logistico,3389.0,1361.6,55.5,157.8,132.5,575.9,5672.3,0.676
2025-07-01,CL-VLC-02,C,centro_logistico,3275.5,1447.4,57.3,180.5,107.4,507.7,5575.8,0.691
2025-07-01,RN-BCN-CV01,B,tienda,1418.1,878.7,2098.3,187.0,54.8,492.9,5129.8,0.706
2025-07-01,RN-BCN-CV02,B,tienda,1476.1,982.3,2341.1,203.6,53.7,511.4,5568.2,0.673
2025-07-01,RN-BCN-CV03,B,tienda,1516.6,913.6,2426.2,198.5,56.5,627.4,5738.8,0.653
2025-07-01,RN-BCN-CV04,B,tienda,1291.0,659.9,2051.0,182.2,50.4,454.7,4689.2,0.761
2025-07-01,RN-BCN-CV05,B,tienda,1205.4,758.1,1896.5,179.8,41.8,485.4,4567.0,0.736
2025-07-01,RN-BCN-CV06,B,tienda,1244.5,801.7,1967.9,179.8,57.6,471.3,4722.8,0.698
2025-07-01,RN-BCN-CV07,B,tienda,1392.2,909.4,2025.1,200.9,49.5,457.2,5034.3,0.673
2025-07-01,RN-BCN-CV08,B,tienda,1295.7,798.5,2008.1,202.4,55.5,469.5,4829.7,0.704
2025-07-01,RN-BCN-ES01,B,tienda,1386.4,933.3,104.3,245.4,1000.8,470.6,4140.8,0.688
2025-07-01,RN-BCN-ES02,B,tienda,1924.5,1150.2,111.8,307.0,1110.8,508.1,5112.4,0.666
2025-07-01,RN-BCN-ES03,B,tienda,1860.6,1116.4,116.7,301.5,1210.1,469.8,5075.1,0.763
2025-07-01,RN-BCN-ES04,B,tienda,1811.5,1115.8,110.4,250.5,1061.1,486.6,4835.9,0.757
2025-07-01,RN-BCN-ES05,B,tienda,2103.3,1109.5,122.1,277.6,1193.0,567.3,5372.8,0.661
2025-07-01,RN-BCN-ES06,B,tienda,1754.4,1000.5,129.2,247.2,1187.9,612.3,4931.5,0.697
2025-07-01,RN-BCN-ES07,B,tienda,1737.6,1139.2,113.8,269.5,1324.2,559.4,5143.7,0.71
2025-07-01,RN-BCN-ES08,B,tienda,1483.9,890.4,93.2,221.5,912.0,439.7,4040.7,0.833
2025-07-01,RN-BCN-ES09,B,tienda,1775.0,996.6,122.5,280.6,1197.8,530.6,4903.1,0.768
2025-07-01,RN-BCN-ES10,B,tienda,1593.9,1125.2,105.7,247.7,1065.5,559.0,4697.0,0.685
2025-07-01,RN-BCN-ES11,B,tienda,1747.3,1017.4,107.0,264.5,946.9,528.5,4611.6,0.697
2025-07-01,RN-BCN-ES12,B,tienda,1603.3,898.1,93.6,230.0,958.1,462.9,4246.0,0.789
2025-07-01,RN-BCN-ES13,B,tienda,1819.7,1171.4,113.0,275.2,1132.9,665.9,5178.1,0.771
2025-07-01,RN-BCN-ES14,B,tienda,1871.1,1205.7,139.2,310.8,1263.4,663.6,5453.8,0.774
2025-07-01,RN-BCN-GA01,B,tienda,29832.3,19113.6,9293.7,12487.7,8371.4,9358.0,88456.7,0.703
2025-07-01,RN-BCN-GA02,B,tienda,35437.6,22126.7,9111.0,15780.4,9348.6,9529.3,101333.6,0.742
2025-07-01,RN-BCN-HI01,B,tienda,5402.2,3407.6,8576.0,1097.6,252.5,2086.2,20822.1,0.767
2025-07-01,RN-BCN-HI02,B,tienda,8793.7,5014.1,12374.0,1720.1,461.5,3092.8,31456.2,0.747
2025-07-01,RN-BCN-HI03,B,tienda,5851.3,3350.2,7840.7,1054.4,262.8,1923.5,20282.9,0.677
2025-07-01,RN-BCN-HI04,B,tienda,7281.7,4975.3,9423.2,1385.1,348.6,2622.9,26036.8,0.711
2025-07-01,RN-BIO-CV01,E,tienda,1342.9,815.9,2156.9,222.3,53.9,520.5,5112.4,0.872
2025-07-01,RN-BIO-CV02,E,tienda,1299.4,946.9,2174.4,210.9,44.1,466.5,5142.2,0.898
2025-07-01,RN-BIO-CV03,E,tienda,1183.5,764.4,2202.9,188.2,48.9,442.7,4830.6,0.823
2025-07-01,RN-BIO-CV04,E,tienda,1445.0,894.9,2199.3,216.6,52.0,565.9,5373.7,0.811
2025-07-01,RN-BIO-ES01,E,tienda,1589.5,1000.3,96.1,262.6,896.4,482.0,4326.9,0.845
2025-07-01,RN-BIO-ES02,E,tienda,1395.6,852.1,98.2,246.7,801.3,424.8,3818.7,0.892
2025-07-01,RN-BIO-ES03,E,tienda,2043.7,1263.5,136.4,350.0,1354.4,626.1,5774.1,0.847
2025-07-01,RN-BIO-ES04,E,tienda,1651.4,1025.1,130.8,347.0,1097.2,538.6,4790.1,0.833
2025-07-01,RN-BIO-ES05,E,tienda,1690.9,1105.6,119.0,292.7,931.1,557.4,4696.7,0.913
2025-07-01,RN-BIO-ES06,E,tienda,2401.0,1428.0,132.8,353.1,1218.5,619.2,6152.6,0.835
2025-07-01,RN-BIO-ES07,E,tienda,1936.7,1039.1,107.5,310.1,1056.3,573.4,5023.1,0.784
2025-07-01,RN-BIO-GA01,E,tienda,23839.6,12119.3,5918.6,10123.1,5431.7,6923.1,64355.4,0.802
2025-07-01,RN-BIO-HI01,E,tienda,6316.2,4624.2,8574.0,1454.4,309.3,2402.9,23681.0,0.835
2025-07-01,RN-BIO-HI02,E,tienda,5891.5,3378.2,6938.8,1151.2,262.5,1701.3,19323.5,0.89
2025-07-01,RN-MAD-CV01,A,tienda,1134.3,671.1,1904.2,163.8,43.4,512.8,4429.6,0.649
2025-07-01,RN-MAD-CV02,A,tienda,1149.9,745.6,2165.6,169.0,50.3,445.6,4726.0,0.653
2025-07-01,RN-MAD-CV03,A,tienda,1179.1,762.5,1706.0,167.5,47.4,456.3,4318.8,0.656
2025-07-01,RN-MAD-CV04,A,tienda,1276.6,859.0,2140.9,196.5,57.6,489.4,5020.0,0.693
2025-07-01,RN-MAD-CV05,A,tienda,1034.0,636.7,1588.9,130.2,36.1,352.5,3778.4,0.709
2025-07-01,RN-MAD-CV06,A,tienda,1021.6,747.9,1784.3,148.4,50.1,438.0,4190.3,0.672
2025-07-01,RN-MAD-CV07,A,tienda,1077.6,647.4,1924.6,159.2,48.3,480.3,4337.4,0.644
2025-07-01,RN-MAD-CV08,A,tienda,1414.8,833.0,2423.8,180.5,55.1,519.9,5427.1,0.699
2025-07-01,RN-MAD-CV09,A,tienda,1257.4,868.7,2405.0,210.0,59.2,595.3,5395.6,0.749
2025-07-01,RN-MAD-CV10,A,tienda,1274.6,763.3,2117.4,176.4,52.0,497.6,4881.3,0.716
2025-07-01,RN-MAD-ES01,A,tienda,1787.2,1326.3,126.0,281.9,1367.7,599.1,5488.2,0.684
2025-07-01,RN-MAD-ES02,A,tienda,1413.8,989.0,81.8,200.6,869.3,488.4,4042.9,0.704
2025-07-01,RN-MAD-ES03,A,tienda,1770.2,1163.5,116.0,238.1,1108.5,524.4,4920.7,0.674
2025-07-01,RN-MAD-ES04,A,tienda,1570.5,964.0,97.9,227.5,975.9,492.3,4328.1,0.607
2025-07-01,RN-MAD-ES05,A,tienda,1378.2,952.9,100.3,200.8,872.3,513.8,4018.3,0.722
2025-07-01,RN-MAD-ES06,A,tienda,1575.8,970.0,105.7,239.7,1023.9,506.3,4421.4,0.676
2025-07-01,RN-MAD-ES07,A,tienda,1746.6,1041.0,120.5,220.2,1177.5,616.0,4921.8,0.592
2025-07-01,RN-MAD-ES08,A,tienda,1763.2,1114.0,123.1,240.4,1086.8,527.6,4855.1,0.694
2025-07-01,RN-MAD-ES09,A,tienda,1671.9,950.8,115.5,225.0,962.7,513.1,4439.0,0.691
2025-07-01,RN-MAD-ES10,A,tienda,1640.8,1066.3,111.1,257.9,1159.6,544.3,4780.0,0.705
2025-07-01,RN-MAD-ES11,A,tienda,1312.7,905.2,83.3,202.5,913.3,427.9,3844.9,0.669
2025-07-01,RN-MAD-ES12,A,tienda,1880.8,1178.1,109.8,242.0,1144.6,577.3,5132.6,0.631
2025-07-01,RN-MAD-ES13,A,tienda,1810.1,1043.0,115.3,253.8,1153.6,492.0,4867.8,0.598
2025-07-01,RN-MAD-ES14,A,tienda,1454.0,947.3,86.0,191.4,928.3,465.8,4072.8,0.688
2025-07-01,RN-MAD-ES15,A,tienda,1728.6,1112.6,105.7,231.8,962.1,474.3,4615.1,0.685
2025-07-01,RN-MAD-ES16,A,tienda,1621.6,1035.2,97.4,246.4,1067.7,512.0,4580.3,0.686
2025-07-01,RN-MAD-ES17,A,tienda,1696.4,1030.0,112.9,223.9,1043.5,512.4,4619.1,0.729
2025-07-01,RN-MAD-ES18,A,tienda,1947.5,1044.3,122.5,265.1,1227.8,567.6,5174.8,0.717
2025-07-01,RN-MAD-ES19,A,tienda,1704.1,1035.2,106.9,254.2,1098.4,571.1,4769.9,0.684
2025-07-01,RN-MAD-ES20,A,tienda,1616.0,1129.9,112.8,212.6,1167.5,545.4,4784.2,0.684
2025-07-01,RN-MAD-GA01,A,tienda,41775.4,23007.1,11055.3,16398.2,10283.7,11180.5,113700.2,0.728
2025-07-01,RN-MAD-GA02,A,tienda,24834.5,14664.8,6712.5,9881.6,6611.0,6667.7,69372.1,0.658
2025-07-01,RN-MAD-GA03,A,tienda,26119.9,19173.1,7568.9,11556.1,8117.6,8384.7,80920.3,0.689
2025-07-01,RN-MAD-HI01,A,tienda,5839.7,4172.5,9140.3,1081.7,302.6,2458.8,22995.6,0.734
2025-07-01,RN-MAD-HI02,A,tienda,5507.9,3490.2,7232.7,1060.4,286.9,1939.1,19517.2,0.642
2025-07-01,RN-MAD-HI03,A,tienda,6564.4,3490.3,8634.8,1171.3,351.1,2395.3,22607.2,0.677
2025-07-01,RN-MAD-HI04,A,tienda,6891.7,4097.0,10476.1,1315.2,365.7,2597.4,25743.1,0.711
2025-07-01,RN-MAD-HI05,A,tienda,7289.1,3989.7,8861.2,1319.3,347.5,2249.1,24055.9,0.75
2025-07-01,RN-SEV-CV01,D,tienda,966.8,750.5,1638.3,244.3,50.0,448.7,4098.6,0.529
2025-07-01,RN-SEV-CV02,D,tienda,1314.4,833.4,1871.5,274.6,65.2,499.0,4858.1,0.555
2025-07-01,RN-SEV-CV03,D,tienda,1176.0,666.7,1691.4,206.4,50.4,411.6,4202.5,0.499
2025-07-01,RN-SEV-CV04,D,tienda,1167.5,657.0,1319.9,240.7,49.6,387.2,3821.9,0.504
2025-07-01,RN-SEV-CV05,D,tienda,985.9,583.8,1425.5,215.8,43.9,352.2,3607.1,0.584
2025-07-01,RN-SEV-CV06,D,tienda,1187.0,711.4,1654.2,235.9,54.6,455.7,4298.8,0.534
2025-07-01,RN-SEV-CV07,D,tienda,1211.9,682.5,1554.4,228.6,50.4,426.4,4154.2,0.536
2025-07-01,RN-SEV-CV08,D,tienda,1328.6,789.4,1852.8,260.4,59.0,476.1,4766.3,0.544
2025-07-01,RN-SEV-CV09,D,tienda,1260.7,760.0,1729.1,278.2,64.1,451.2,4543.3,0.588
2025-07-01,RN-SEV-CV10,D,tienda,1193.3,782.6,1661.7,257.4,48.4,425.1,4368.5,0.598
2025-07-01,RN-SEV-ES01,D,tienda,1628.4,1171.1,94.4,306.2,1146.3,523.1,4869.5,0.533
2025-07-01,RN-SEV-ES02,D,tienda,1521.6,834.3,75.2,305.2,863.4,469.3,4069.0,0.51
2025-07-01,RN-SEV-ES03,D,tienda,1675.1,1069.6,78.7,306.2,983.9,511.6,4625.1,0.538
2025-07-01,RN-SEV-ES04,D,tienda,1370.7,861.7,67.5,266.5,734.1,408.6,3709.1,0.579
2025-07-01,RN-SEV-ES05,D,tienda,1189.4,828.3,62.4,257.3,768.1,367.0,3472.5,0.507
2025-07-01,RN-SEV-ES06,D,tienda,1577.8,1212.1,92.0,328.3,1046.6,492.5,4749.3,0.482
2025-07-01,RN-SEV-ES07,D,tienda,1787.3,1218.5,102.8,370.5,1112.7,580.8,5172.6,0.506
2025-07-01,RN-SEV-ES08,D,tienda,1710.9,990.1,74.7,325.0,1065.7,515.0,4681.4,0.473
2025-07-01,RN-SEV-ES09,D,tienda,1568.5,979.4,83.7,279.7,910.3,476.4,4298.0,0.575
2025-07-01,RN-SEV-ES10,D,tienda,1609.3,1062.6,87.6,334.9,1022.3,522.7,4639.4,0.592
2025-07-01,RN-SEV-ES11,D,tienda,1614.1,1053.4,85.2,283.6,869.9,479.0,4385.2,0.549
2025-07-01,RN-SEV-ES12,D,tienda,1376.1,976.6,72.1,266.7,827.5,449.2,3968.2,0.522
2025-07-01,RN-SEV-GA01,D,tienda,18592.7,10240.1,3623.8,8218.2,3825.8,4309.9,48810.5,0.451
2025-07-01,RN-SEV-HI01,D,tienda,5214.8,2870.1,5333.5,1439.1,239.3,1670.5,16767.3,0.614
2025-07-01,RN-SEV-HI02,D,tienda,5452.8,3120.5,6187.9,1603.7,293.9,1963.4,18622.2,0.559
2025-07-01,RN-SEV-HI03,D,tienda,4374.1,2646.6,5615.6,1298.0,251.9,1511.7,15697.9,0.482
2025-07-01,RN-SEV-HI04,D,tienda,5777.8,3627.6,7079.8,1573.7,346.8,2060.1,20465.8,0.562
2025-07-01,RN-VLC-CV01,C,tienda,1344.0,817.0,2361.9,141.5,33.6,486.9,5184.9,0.584
2025-07-01,RN-VLC-CV02,C,tienda,1417.2,866.9,2395.8,135.2,43.8,528.4,5387.3,0.627
2025-07-01,RN-VLC-CV03,C,tienda,1433.4,957.3,2439.2,160.6,45.4,598.5,5634.4,0.653
2025-07-01,RN-VLC-CV04,C,tienda,1371.2,770.9,2022.1,139.9,35.5,524.5,4864.1,0.659
2025-07-01,RN-VLC-CV05,C,tienda,1199.7,662.2,1911.8,110.2,27.5,400.7,4312.1,0.62
2025-07-01,RN-VLC-CV06,C,tienda,1570.7,1070.9,2714.6,163.7,38.3,537.1,6095.3,0.64
2025-07-01,RN-VLC-CV07,C,tienda,1336.0,843.1,2186.0,131.0,35.4,486.7,5018.2,0.665
2025-07-01,RN-VLC-CV08,C,tienda,1018.3,719.0,1995.3,114.3,32.1,418.3,4297.3,0.507
2025-07-01,RN-VLC-CV09,C,tienda,1077.0,773.9,2053.3,129.1,31.5,503.2,4568.0,0.649
2025-07-01,RN-VLC-ES01,C,tienda,1631.7,1170.8,165.7,238.2,1033.7,502.5,4742.6,0.553
2025-07-01,RN-VLC-ES02,C,tienda,1371.3,839.7,116.8,188.8,900.9,451.9,3869.4,0.615
2025-07-01,RN-VLC-ES03,C,tienda,1300.3,975.3,128.9,203.9,995.5,478.3,4082.2,0.551
2025-07-01,RN-VLC-ES04,C,tienda,1616.0,1138.5,141.9,247.7,1005.8,491.3,4641.2,0.552
2025-07-01,RN-VLC-ES05,C,tienda,1600.6,1045.0,130.3,245.7,1043.2,484.7,4549.5,0.619
2025-07-01,RN-VLC-ES06,C,tienda,1159.5,718.1,110.7,184.5,837.8,418.4,3429.0,0.637
2025-07-01,RN-VLC-ES07,C,tienda,1722.8,976.0,127.9,234.7,968.2,477.7,4507.3,0.649
2025-07-01,RN-VLC-ES08,C,tienda,1769.2,1055.9,157.8,264.4,1282.4,607.4,5137.1,0.585
2025-07-01,RN-VLC-ES09,C,tienda,1470.0,969.1,133.7,234.6,937.2,511.2,4255.8,0.576
2025-07-01,RN-VLC-ES10,C,tienda,1523.8,949.8,119.9,203.2,885.1,414.4,4096.2,0.634
2025-07-01,RN-VLC-GA01,C,tienda,26180.5,17436.8,10549.2,11214.0,6257.1,8715.6,80353.2,0.573
2025-07-01,RN-VLC-HI01,C,tienda,6743.7,3877.3,10309.1,930.6,268.9,2594.6,24724.2,0.657
2025-07-01,RN-VLC-HI02,C,tienda,7303.8,4761.2,10584.7,1122.6,266.5,2515.6,26554.4,0.568
2025-07-01,RN-VLC-HI03,C,tienda,7426.6,4696.0,11450.8,1263.4,297.6,2885.9,28020.3,0.618
2025-07-01,RN-VLC-HI04,C,tienda,6233.7,4065.1,10882.7,996.4,249.6,2453.8,24881.3,0.594
2025-07-01,RN-VLC-HI05,C,tienda,7358.6,4763.8,10836.2,1107.4,280.7,2964.8,27311.5,0.634
2025-07-01,RN-VLC-HI06,C,tienda,6965.8,4579.1,11327.7,1099.8,241.2,2846.3,27059.9,0.571
2025-07-01,RN-VLC-HI07,C,tienda,5672.6,3540.1,10030.4,852.8,228.9,2054.5,22379.3,0.592
2025-08-01,CL-BCN-01,B,centro_logistico,3580.1,1772.1,58.6,172.2,133.3,516.0,6232.3,0.792
2025-08-01,CL-BCN-02,B,centro_logistico,3656.1,1648.4,59.2,190.8,112.1,570.9,6237.5,0.792
2025-08-01,CL-BIO-01,E,centro_logistico,2224.6,869.9,37.5,102.7,75.9,316.4,3627.0,0.944
2025-08-01,CL-MAD-01,A,centro_logistico,2950.7,1595.0,55.2,166.4,105.7,504.5,5377.5,0.769
2025-08-01,CL-MAD-02,A,centro_logistico,3278.6,1520.1,55.7,175.8,118.8,473.2,5622.2,0.818
2025-08-01,CL-MAD-03,A,centro_logistico,3276.2,1372.3,47.6,151.1,113.2,473.0,5433.4,0.792
2025-08-01,CL-SEV-01,D,centro_logistico,2742.1,1227.8,47.4,140.9,91.1,453.1,4702.4,0.536
2025-08-01,CL-VLC-01,C,centro_logistico,2583.4,1351.6,54.8,152.7,84.4,419.6,4646.5,0.729
2025-08-01,CL-VLC-02,C,centro_logistico,2496.4,1303.1,50.3,152.8,100.0,482.4,4585.0,0.699
2025-08-01,RN-BCN-CV01,B,tienda,1145.7,653.2,1582.8,152.9,45.0,416.1,3995.7,0.719
2025-08-01,RN-BCN-CV02,B,tienda,1148.7,717.6,1785.2,197.0,54.1,472.5,4375.1,0.681
2025-08-01,RN-BCN-CV03,B,tienda,1335.1,810.1,2081.4,180.5,52.9,524.2,4984.2,0.718
2025-08-01,RN-BCN-CV04,B,tienda,971.4,546.6,1778.7,131.1,35.7,378.0,3841.5,0.742
2025-08-01,RN-BCN-CV05,B,tienda,1168.2,667.1,1634.3,142.4,42.8,434.5,4089.3,0.777
2025-08-01,RN-BCN-CV06,B,tienda,1093.2,721.2,1414.9,164.0,44.1,416.7,3854.1,0.717
2025-08-01,RN-BCN-CV07,B,tienda,1150.1,624.4,1807.7,148.6,43.8,421.2,4195.8,0.724
2025-08-01,RN-BCN-CV08,B,tienda,1004.2,687.1,1852.7,148.4,40.8,405.4,4138.6,0.688
2025-08-01,RN-BCN-ES01,B,tienda,1202.7,646.4,71.3,185.6,669.9,332.6,3108.5,0.706
2025-08-01,RN-BCN-ES02,B,tienda,1214.5,900.1,88.4,192.6,753.8,403.4,3552.8,0.689
2025-08-01,RN-BCN-ES03,B,tienda,1297.8,813.7,89.5,179.6,771.2,421.4,3573.2,0.728
2025-08-01,RN-BCN-ES04,B,tienda,1244.7,828.8,80.9,217.4,868.3,385.1,3625.2,0.692
2025-08-01,RN-BCN-ES05,B,tienda,1269.6,888.5,86.0,205.6,823.6,427.2,3700.5,0.667
2025-08-01,RN-BCN-ES06,B,tienda,1236.1,761.5,74.4,189.7,746.1,349.1,3356.9,0.651
2025-08-01,RN-BCN-ES07,B,tienda,1142.0,810.8,75.4,173.7,669.0,422.3,3293.2,0.72
2025-08-01,RN-BCN-ES08,B,tienda,895.2,565.5,62.6,162.1,583.9,320.6,2589.9,0.665
2025-08-01,RN-BCN-ES09,B,tienda,1233.5,805.9,89.7,209.1,914.1,361.2,3613.5,0.699
2025-08-01,RN-BCN-ES10,B,tienda,1101.7,739.4,73.9,168.1,769.5,371.2,3223.8,0.678
2025-08-01,RN-BCN-ES11,B,tienda,1098.8,800.5,67.0,171.3,797.8,367.5,3302.9,0.684
2025-08-01,RN-BCN-ES12,B,tienda,1023.4,677.8,78.6,167.9,790.9,332.8,3071.4,0.644
2025-08-01,RN-BCN-ES13,B,tienda,1287.3,799.0,91.1,198.0,875.4,381.9,3632.7,0.678
2025-08-01,RN-BCN-ES14,B,tienda,1354.0,909.3,79.4,217.3,1019.7,448.5,4028.2,0.743
2025-08-01,RN-BCN-GA01,B,tienda,25822.2,15320.8,6982.9,10049.9,6259.1,7147.3,71582.2,0.661
2025-08-01,RN-BCN-GA02,B,tienda,28248.2,15400.6,6647.3,11289.5,6252.4,8724.3,76562.3,0.73
2025-08-01,RN-BCN-HI01,B,tienda,4406.0,2737.2,6564.1,992.6,212.0,1642.4,16554.3,0.695
2025-08-01,RN-BCN-HI02,B,tienda,6559.6,3936.4,9613.2,1439.4,361.8,2286.6,24197.0,0.769
2025-08-01,RN-BCN-HI03,B,tienda,4919.7,2837.0,6345.6,932.1,241.3,2008.9,17284.6,0.661
2025-08-01,RN-BCN-HI04,B,tienda,6175.9,3412.9,7784.0,1068.6,311.3,2227.5,20980.2,0.659
2025-08-01,RN-BIO-CV01,E,tienda,1186.9,693.0,1732.1,171.6,46.8,448.7,4279.1,0.837
2025-08-01,RN-BIO-CV02,E,tienda,922.6,741.6,1565.6,185.1,38.4,427.1,3880.4,0.853
2025-08-01,RN-BIO-CV03,E,tienda,1230.8,655.1,1813.0,178.3,40.5,387.0,4304.7,0.833
2025-08-01,RN-BIO-CV04,E,tienda,1278.5,782.6,1937.6,175.5,45.4,441.8,4661.4,0.886
2025-08-01,RN-BIO-ES01,E,tienda,1090.1,668.5,66.4,199.1,633.5,341.6,2999.2,0.816
2025-08-01,RN-BIO-ES02,E,tienda,1028.2,600.9,61.8,174.6,639.4,303.7,2808.6,0.805
2025-08-01,RN-BIO-ES03,E,tienda,1616.4,954.0,104.8,240.8,970.9,445.1,4332.0,0.852
2025-08-01,RN-BIO-ES04,E,tienda,1220.9,822.9,73.9,245.5,715.8,360.8,3439.8,0.865
2025-08-01,RN-BIO-ES05,E,tienda,1217.3,728.4,81.9,183.9,746.1,389.8,3347.4,0.814
2025-08-01,RN-BIO-ES06,E,tienda,1417.7,952.0,92.5,242.0,955.2,439.0,4098.4,0.821
2025-08-01,RN-BIO-ES07,E,tienda,1218.1,789.7,76.8,188.3,652.8,372.7,3298.4,0.803
2025-08-01,RN-BIO-GA01,E,tienda,18094.4,10639.0,4074.1,8155.8,3591.2,4984.7,49539.2,0.89
2025-08-01,RN-BIO-HI01,E,tienda,6154.2,3448.7,7347.4,1258.3,266.1,2066.1,20540.8,0.837
2025-08-01,RN-BIO-HI02,E,tienda,4378.3,2465.4,6263.5,980.9,214.8,1639.9,15942.8,0.877
2025-08-01,RN-MAD-CV01,A,tienda,1011.1,592.5,1506.6,122.1,38.6,384.4,3655.3,0.731
2025-08-01,RN-MAD-CV02,A,tienda,1120.5,659.0,1794.7,147.1,40.8,367.7,4129.8,0.718
2025-08-01,RN-MAD-CV03,A,tienda,1045.6,590.7,1613.6,124.0,36.2,386.9,3797.0,0.672
2025-08-01,RN-MAD-CV04,A,tienda,1052.5,693.5,1817.4,152.9,42.5,438.1,4196.9,0.719
2025-08-01,RN-MAD-CV05,A,tienda,880.3,516.3,1429.8,113.1,36.2,357.2,3332.9,0.673
2025-08-01,RN-MAD-CV06,A,tienda,887.8,613.0,1599.3,131.5,36.3,355.0,3622.9,0.658
2025-08-01,RN-MAD-CV07,A,tienda,969.2,565.6,1481.6,119.7,39.1,374.2,3549.4,0.749
2025-08-01,RN-MAD-CV08,A,tienda,1109.1,766.5,1891.6,159.0,44.6,454.4,4425.2,0.699
2025-08-01,RN-MAD-CV09,A,tienda,1173.5,596.2,1868.7,146.3,47.2,471.6,4303.5,0.69
2025-08-01,RN-MAD-CV10,A,tienda,1119.1,698.3,1687.3,154.6,51.6,441.0,4151.9,0.674
2025-08-01,RN-MAD-ES01,A,tienda,1312.4,852.2,94.9,202.4,908.8,414.0,3784.7,0.704
2025-08-01,RN-MAD-ES02,A,tienda,885.9,558.5,58.3,115.7,642.9,292.8,2554.1,0.671
2025-08-01,RN-MAD-ES03,A,tienda,1150.5,786.7,77.4,146.1,673.3,350.9,3184.9,0.653
2025-08-01,RN-MAD-ES04,A,tienda,1126.6,757.0,85.2,157.5,770.6,364.0,3260.9,0.636
2025-08-01,RN-MAD-ES05,A,tienda,915.0,721.2,68.3,143.7,709.6,363.9,2921.7,0.666
2025-08-01,RN-MAD-ES06,A,tienda,1144.9,717.4,70.0,168.7,789.2,362.1,3252.3,0.714
2025-08-01,RN-MAD-ES07,A,tienda,1174.6,855.5,82.6,163.6,773.5,391.9,3441.7,0.75
2025-08-01,RN-MAD-ES08,A,tienda,1090.8,835.5,81.1,177.6,875.1,400.2,3460.3,0.631
2025-08-01,RN-MAD-ES09,A,tienda,1161.6,756.8,83.3,166.8,784.1,414.9,3367.5,0.671
2025-08-01,RN-MAD-ES10,A,tienda,1176.2,877.3,74.2,178.6,834.8,317.7,3458.8,0.721
2025-08-01,RN-MAD-ES11,A,tienda,1076.1,673.5,64.7,140.2,693.6,344.0,2992.1,0.646
2025-08-01,RN-MAD-ES12,A,tienda,1381.0,796.7,91.4,166.0,829.8,360.9,3625.8,0.662
2025-08-01,RN-MAD-ES13,A,tienda,1253.3,839.2,82.0,172.4,796.0,398.0,3540.9,0.667
2025-08-01,RN-MAD-ES14,A,tienda,931.8,610.9,56.5,134.6,613.3,295.6,2642.7,0.729
2025-08-01,RN-MAD-ES15,A,tienda,1047.8,620.0,69.4,153.4,681.9,308.4,2880.9,0.742
2025-08-01,RN-MAD-ES16,A,tienda,1124.1,668.1,74.4,156.7,739.4,358.8,3121.5,0.669
2025-08-01,RN-MAD-ES17,A,tienda,1150.5,750.4,77.2,166.9,732.3,386.7,3264.0,0.666
2025-08-01,RN-MAD-ES18,A,tienda,1241.2,902.6,86.3,178.8,871.0,364.5,3644.4,0.684
2025-08-01,RN-MAD-ES19,A,tienda,1050.0,783.9,82.9,172.2,850.9,389.0,3328.9,0.705
2025-08-01,RN-MAD-ES20,A,tienda,1178.7,779.1,77.2,172.1,796.8,381.1,3385.0,0.636
2025-08-01,RN-MAD-GA01,A,tienda,31370.6,17353.8,6991.2,12001.5,7026.5,6987.9,81731.5,0.598
2025-08-01,RN-MAD-GA02,A,tienda,18356.7,12018.6,5467.0,7662.9,4962.1,5627.8,54095.1,0.699
2025-08-01,RN-MAD-GA03,A,tienda,23319.5,15398.2,6433.4,8866.5,5641.1,6520.1,66178.8,0.731
2025-08-01,RN-MAD-HI01,A,tienda,5627.4,3536.0,7551.8,1039.9,290.0,2035.2,20080.3,0.657
2025-08-01,RN-MAD-HI02,A,tienda,4436.3,2793.3,6203.8,864.8,255.3,1880.3,16433.8,0.695
2025-08-01,RN-MAD-HI03,A,tienda,5233.0,3589.9,7179.0,1086.3,264.6,2043.6,19396.4,0.68
2025-08-01,RN-MAD-HI04,A,tienda,4383.7,3539.9,7975.1,1104.0,285.0,2106.7,19394.4,0.702
2025-08-01,RN-MAD-HI05,A,tienda,5347.5,3776.3,8129.6,1083.5,299.7,2012.4,20649.0,0.676
2025-08-01,RN-SEV-CV01,D,tienda,870.6,527.4,1369.1,205.8,41.9,382.1,3396.9,0.495
2025-08-01,RN-SEV-CV02,D,tienda,1273.1,707.3,1646.0,232.8,49.1,424.7,4333.0,0.523
2025-08-01,RN-SEV-CV03,D,tienda,845.0,529.7,1354.0,164.1,39.7,329.0,3261.5,0.56
2025-08-01,RN-SEV-CV04,D,tienda,896.1,558.3,1260.7,166.9,42.3,329.7,3254.0,0.57
2025-08-01,RN-SEV-CV05,D,tienda,799.7,508.5,1121.9,165.5,39.8,319.8,2955.2,0.504
2025-08-01,RN-SEV-CV06,D,tienda,857.6,569.8,1253.3,175.3,45.2,316.9,3218.1,0.54
2025-08-01,RN-SEV-CV07,D,tienda,975.9,563.1,1351.2,217.0,41.0,331.0,3479.2,0.624
2025-08-01,RN-SEV-CV08,D,tienda,1032.2,633.9,1363.5,170.6,50.7,333.6,3584.5,0.603
2025-08-01,RN-SEV-CV09,D,tienda,981.1,663.0,1582.4,192.9,46.8,404.3,3870.5,0.519
2025-08-01,RN-SEV-CV10,D,tienda,1036.6,637.5,1460.3,194.1,46.2,350.4,3725.1,0.58
2025-08-01,RN-SEV-ES01,D,tienda,1110.0,762.3,65.2,231.7,787.8,377.1,3334.1,0.527
2025-08-01,RN-SEV-ES02,D,tienda,1118.8,632.4,53.8,199.9,688.8,362.8,3056.5,0.583
2025-08-01,RN-SEV-ES03,D,tienda,1149.3,668.4,55.1,220.8,703.4,317.6,3114.6,0.533
2025-08-01,RN-SEV-ES04,D,tienda,950.9,605.4,46.5,150.6,548.3,279.7,2581.4,0.558
2025-08-01,RN-SEV-ES05,D,tienda,776.5,602.3,40.8,166.8,558.1,276.6,2421.1,0.601
2025-08-01,RN-SEV-ES06,D,tienda,1309.1,762.8,57.1,239.4,748.1,389.5,3506.0,0.535
2025-08-01,RN-SEV-ES07,D,tienda,1239.6,742.0,68.0,244.0,698.2,389.0,3380.8,0.486
2025-08-01,RN-SEV-ES08,D,tienda,1181.7,720.5,68.7,235.8,712.9,378.9,3298.5,0.571
2025-08-01,RN-SEV-ES09,D,tienda,1021.4,634.2,49.7,213.9,648.7,339.1,2907.0,0.592
2025-08-01,RN-SEV-ES10,D,tienda,1166.6,742.2,51.0,207.7,656.5,340.0,3164.0,0.521
2025-08-01,RN-SEV-ES11,D,tienda,1143.8,728.6,62.1,219.1,713.6,326.4,3193.6,0.57
2025-08-01,RN-SEV-ES12,D,tienda,1011.9,611.8,51.4,209.4,653.1,317.9,2855.5,0.475
2025-08-01,RN-SEV-GA01,D,tienda,14597.9,8745.4,2712.9,6532.0,3261.1,4248.7,40098.0,0.555
2025-08-01,RN-SEV-HI01,D,tienda,3793.8,2482.4,4697.8,1050.2,234.1,1309.5,13567.8,0.592
2025-08-01,RN-SEV-HI02,D,tienda,4790.7,2585.5,5157.7,1186.8,237.2,1612.6,15570.5,0.498
2025-08-01,RN-SEV-HI03,D,tienda,3772.1,2362.8,4433.5,1112.4,220.3,1332.1,13233.2,0.591
2025-08-01,RN-SEV-HI04,D,tienda,5234.0,3269.5,6060.3,1495.0,244.2,1702.6,18005.6,0.566
2025-08-01,RN-VLC-CV01,C,tienda,1106.0,706.8,1694.4,122.7,31.6,432.0,4093.5,0.602
2025-08-01,RN-VLC-CV02,C,tienda,1330.4,700.7,1960.7,140.0,27.1,427.5,4586.4,0.504
2025-08-01,RN-VLC-CV03,C,tienda,1300.5,726.2,2186.5,130.8,34.4,502.5,4880.9,0.705
2025-08-01,RN-VLC-CV04,C,tienda,986.5,723.1,1748.6,114.9,30.0,449.5,4052.6,0.601
2025-08-01,RN-VLC-CV05,C,tienda,882.8,542.7,1658.8,99.1,25.7,332.2,3541.3,0.609
2025-08-01,RN-VLC-CV06,C,tienda,1107.8,761.1,2383.5,139.1,33.4,434.1,4859.0,0.586
2025-08-01,RN-VLC-CV07,C,tienda,1078.6,753.2,1883.5,106.4,28.2,421.1,4271.0,0.601
2025-08-01,RN-VLC-CV08,C,tienda,987.4,548.0,1709.6,93.5,26.7,345.1,3710.3,0.536
2025-08-01,RN-VLC-CV09,C,tienda,1081.6,623.1,1576.6,99.3,28.4,403.8,3812.8,0.608
2025-08-01,RN-VLC-ES01,C,tienda,1220.7,719.2,103.4,175.8,839.9,358.3,3417.3,0.635
2025-08-01,RN-VLC-ES02,C,tienda,829.1,563.8,88.2,139.2,542.5,270.3,2433.1,0.64
2025-08-01,RN-VLC-ES03,C,tienda,965.2,709.9,84.0,169.6,701.9,334.2,2964.8,0.616
2025-08-01,RN-VLC-ES04,C,tienda,1251.1,652.7,104.7,179.2,736.6,375.1,3299.4,0.632
2025-08-01,RN-VLC-ES05,C,tienda,1190.4,683.0,100.8,151.7,630.7,387.1,3143.7,0.627
2025-08-01,RN-VLC-ES06,C,tienda,852.4,576.4,82.2,138.2,578.9,261.6,2489.7,0.566
2025-08-01,RN-VLC-ES07,C,tienda,1047.6,668.7,90.2,147.7,707.8,301.0,2963.0,0.632
2025-08-01,RN-VLC-ES08,C,tienda,1206.8,803.4,109.8,179.4,956.4,355.2,3611.0,0.593
2025-08-01,RN-VLC-ES09,C,tienda,1045.3,689.5,86.7,158.5,674.0,339.8,2993.8,0.542
2025-08-01,RN-VLC-ES10,C,tienda,855.2,597.5,87.4,139.0,613.6,315.7,2608.4,0.697
2025-08-01,RN-VLC-GA01,C,tienda,23261.5,11654.4,8871.1,7787.5,5487.6,6926.9,63989.0,0.556
2025-08-01,RN-VLC-HI01,C,tienda,4910.2,3391.3,8501.0,859.1,242.8,2270.1,20174.5,0.594
2025-08-01,RN-VLC-HI02,C,tienda,5489.5,4095.1,10393.7,890.0,223.4,2241.0,23332.7,0.613
2025-08-01,RN-VLC-HI03,C,tienda,7017.4,4243.4,9087.2,861.9,230.8,2539.2,23979.9,0.604
2025-08-01,RN-VLC-HI04,C,tienda,4911.3,3461.6,8856.8,848.5,190.9,2150.9,20420.0,0.632
2025-08-01,RN-VLC-HI05,C,tienda,6285.9,3695.6,8965.8,975.8,244.9,2435.1,22603.1,0.667
2025-08-01,RN-VLC-HI06,C,tienda,5219.3,3490.6,9492.9,926.6,237.8,2253.4,21620.6,0.643
2025-08-01,RN-VLC-HI07,C,tienda,5150.9,2907.9,7243.1,706.3,170.6,1831.1,18009.9,0.628
2025-09-01,CL-BCN-01,B,centro_logistico,3928.6,1693.1,72.3,224.3,139.7,674.8,6732.8,0.822
2025-09-01,CL-BCN-02,B,centro_logistico,3594.0,1719.3,79.6,229.5,135.6,601.5,6359.5,0.845
2025-09-01,CL-BIO-01,E,centro_logistico,2313.1,1152.9,41.5,121.3,86.6,355.5,4070.9,0.959
2025-09-01,CL-MAD-01,A,centro_logistico,3318.4,1680.9,64.4,196.3,132.2,537.6,5929.8,0.754
2025-09-01,CL-MAD-02,A,centro_logistico,3613.9,1625.1,56.4,201.4,134.0,585.7,6216.5,0.761
2025-09-01,CL-MAD-03,A,centro_logistico,2998.6,1754.2,50.7,216.7,115.4,472.6,5608.2,0.793
2025-09-01,CL-SEV-01,D,centro_logistico,2832.5,1227.2,46.6,150.4,84.2,426.4,4767.3,0.639
2025-09-01,CL-VLC-01,C,centro_logistico,2956.6,1443.5,52.6,163.1,105.4,475.5,5196.7,0.656
2025-09-01,CL-VLC-02,C,centro_logistico,3091.4,1404.7,53.3,143.2,106.6,481.3,5280.5,0.695
2025-09-01,RN-BCN-CV01,B,tienda,1072.7,706.1,1607.4,172.0,44.9,431.3,4034.4,0.653
2025-09-01,RN-BCN-CV02,B,tienda,1058.1,690.4,1825.9,181.9,45.7,530.0,4332.0,0.719
2025-09-01,RN-BCN-CV03,B,tienda,1301.4,855.9,1895.1,192.3,54.5,476.0,4775.2,0.759
2025-09-01,RN-BCN-CV04,B,tienda,933.3,614.5,1479.1,149.9,37.3,364.9,3579.0,0.771
2025-09-01,RN-BCN-CV05,B,tienda,1067.1,612.6,1534.4,141.0,36.3,383.1,3774.5,0.682
2025-09-01,RN-BCN-CV06,B,tienda,1132.3,689.6,1635.8,164.9,43.9,398.9,4065.4,0.755
2025-09-01,RN-BCN-CV07,B,tienda,1059.0,646.5,1729.8,154.8,39.3,391.6,4021.0,0.728
2025-09-01,RN-BCN-CV08,B,tienda,1031.0,682.5,1791.6,155.5,47.0,466.3,4173.9,0.78
2025-09-01,RN-BCN-ES01,B,tienda,1103.7,755.8,72.4,196.0,752.4,356.7,3237.0,0.67
2025-09-01,RN-BCN-ES02,B,tienda,1427.9,983.6,85.8,209.6,861.4,416.7,3985.0,0.681
2025-09-01,RN-BCN-ES03,B,tienda,1407.4,808.4,92.1,216.7,899.7,406.9,3831.2,0.706
2025-09-01,RN-BCN-ES04,B,tienda,1224.8,833.5,93.8,190.5,818.6,404.2,3565.4,0.666
2025-09-01,RN-BCN-ES05,B,tienda,1336.3,855.3,88.9,224.3,874.7,421.3,3800.8,0.719
2025-09-01,RN-BCN-ES06,B,tienda,1304.3,817.6,94.7,205.6,888.1,478.2,3788.5,0.722
2025-09-01,RN-BCN-ES07,B,tienda,1404.3,927.1,83.7,205.6,850.9,434.8,3906.4,0.766
2025-09-01,RN-BCN-ES08,B,tienda,997.3,679.7,61.8,172.1,711.2,328.6,2950.7,0.783
2025-09-01,RN-BCN-ES09,B,tienda,1331.4,971.0,94.5,244.8,973.9,456.5,4072.1,0.781
2025-09-01,RN-BCN-ES10,B,tienda,1247.3,740.9,81.7,166.0,807.0,383.8,3426.7,0.773
2025-09-01,RN-BCN-ES11,B,tienda,1189.4,880.9,84.3,210.2,842.6,422.6,3630.0,0.761
2025-09-01,RN-BCN-ES12,B,tienda,1319.0,759.6,78.2,188.7,774.5,369.4,3489.4,0.707
2025-09-01,RN-BCN-ES13,B,tienda,1403.4,836.0,83.9,191.0,822.9,423.0,3760.2,0.731
2025-09-01,RN-BCN-ES14,B,tienda,1610.0,884.0,91.9,212.4,910.0,458.0,4166.3,0.717
2025-09-01,RN-BCN-GA01,B,tienda,24310.9,13926.4,5894.6,9865.5,6542.4,7622.8,68162.6,0.807
2025-09-01,RN-BCN-GA02,B,tienda,28132.0,16982.9,7243.9,12362.1,7383.8,8384.8,80489.5,0.744
2025-09-01,RN-BCN-HI01,B,tienda,4928.8,2757.1,6415.2,964.1,255.4,1668.2,16988.8,0.643
2025-09-01,RN-BCN-HI02,B,tienda,6771.8,4486.5,9643.2,1326.8,301.2,2661.7,25191.2,0.792
2025-09-01,RN-BCN-HI03,B,tienda,4471.4,2897.8,6411.1,902.6,242.3,1847.5,16772.7,0.742
2025-09-01,RN-BCN-HI04,B,tienda,5762.5,3562.2,8432.1,1200.9,314.9,2209.5,21482.1,0.755
2025-09-01,RN-BIO-CV01,E,tienda,1329.5,755.2,1751.0,193.9,47.0,463.5,4540.1,0.875
2025-09-01,RN-BIO-CV02,E,tienda,1026.5,735.3,1964.5,187.9,43.3,466.5,4424.0,0.734
2025-09-01,RN-BIO-CV03,E,tienda,1142.8,621.7,1781.5,180.7,40.0,401.4,4168.1,0.76
2025-09-01,RN-BIO-CV04,E,tienda,1242.2,738.9,2136.8,209.0,43.2,531.4,4901.5,0.768
2025-09-01,RN-BIO-ES01,E,tienda,1126.3,748.1,77.3,234.8,752.4,405.4,3344.3,0.816
2025-09-01,RN-BIO-ES02,E,tienda,1149.6,713.1,66.4,201.2,706.4,364.7,3201.4,0.899
2025-09-01,RN-BIO-ES03,E,tienda,1619.5,1013.0,109.4,318.0,1053.5,534.5,4647.9,0.855
2025-09-01,RN-BIO-ES04,E,tienda,1366.6,939.2,96.5,239.7,859.4,414.6,3916.0,0.887
2025-09-01,RN-BIO-ES05,E,tienda,1231.3,829.2,93.6,248.7,834.2,405.6,3642.6,0.852
2025-09-01,RN-BIO-ES06,E,tienda,1778.3,908.9,98.2,269.6,989.0,475.4,4519.4,0.848
2025-09-01,RN-BIO-ES07,E,tienda,1414.4,943.7,100.2,263.4,881.6,457.8,4061.1,0.818
2025-09-01,RN-BIO-GA01,E,tienda,20809.0,10699.4,4644.0,8979.5,4416.3,6074.5,55622.7,0.84
2025-09-01,RN-BIO-HI01,E,tienda,6544.0,3848.2,8131.2,1274.1,261.7,2108.0,22167.2,0.89
2025-09-01,RN-BIO-HI02,E,tienda,4831.4,2932.2,5747.6,902.5,220.3,1693.7,16327.7,0.778
2025-09-01,RN-MAD-CV01,A,tienda,1065.0,712.9,1758.3,134.6,41.5,379.0,4091.3,0.699
2025-09-01,RN-MAD-CV02,A,tienda,1221.2,755.5,2057.0,144.0,51.1,503.4,4732.2,0.694
2025-09-01,RN-MAD-CV03,A,tienda,996.7,696.8,1667.0,147.7,47.1,448.0,4003.3,0.672
2025-09-01,RN-MAD-CV04,A,tienda,1348.0,856.7,2143.8,179.6,54.8,503.3,5086.2,0.602
2025-09-01,RN-MAD-CV05,A,tienda,1019.9,584.3,1586.8,119.9,41.0,342.8,3694.7,0.65
2025-09-01,RN-MAD-CV06,A,tienda,1079.0,626.7,1700.3,145.6,43.5,400.2,3995.3,0.691
2025-09-01,RN-MAD-CV07,A,tienda,886.5,636.5,1576.4,138.4,39.6,426.3,3703.7,0.716
2025-09-01,RN-MAD-CV08,A,tienda,1374.8,916.9,2150.8,174.3,56.8,561.4,5235.0,0.711
2025-09-01,RN-MAD-CV09,A,tienda,1276.4,934.9,1876.3,189.2,48.0,482.3,4807.1,0.614
2025-09-01,RN-MAD-CV10,A,tienda,1311.1,717.9,2091.3,152.8,52.4,483.0,4808.5,0.601
2025-09-01,RN-MAD-ES01,A,tienda,1425.9,949.7,96.8,216.4,1006.9,555.2,4250.9,0.666
2025-09-01,RN-MAD-ES02,A,tienda,1249.1,705.6,77.0,173.2,745.2,342.8,3292.9,0.699
2025-09-01,RN-MAD-ES03,A,tienda,1402.4,868.8,100.6,216.0,1001.8,469.2,4058.8,0.634
2025-09-01,RN-MAD-ES04,A,tienda,1429.4,852.5,88.1,191.1,954.3,462.5,3977.9,0.638
2025-09-01,RN-MAD-ES05,A,tienda,1300.6,828.8,74.2,161.3,870.3,430.1,3665.3,0.708
2025-09-01,RN-MAD-ES06,A,tienda,1410.2,964.9,99.4,199.8,912.5,411.5,3998.3,0.7
2025-09-01,RN-MAD-ES07,A,tienda,1450.7,950.7,90.4,182.4,987.7,463.8,4125.7,0.685
2025-09-01,RN-MAD-ES08,A,tienda,1524.7,1048.9,98.9,223.4,1093.4,520.9,4510.2,0.681
2025-09-01,RN-MAD-ES09,A,tienda,1295.0,773.3,96.8,201.8,923.7,397.3,3687.9,0.7
2025-09-01,RN-MAD-ES10,A,tienda,1423.9,936.2,89.7,212.3,843.8,487.9,3993.8,0.64
2025-09-01,RN-MAD-ES11,A,tienda,1189.2,832.9,77.6,165.3,813.8,410.7,3489.5,0.594
2025-09-01,RN-MAD-ES12,A,tienda,1666.1,949.0,100.0,231.7,947.0,474.1,4367.9,0.734
2025-09-01,RN-MAD-ES13,A,tienda,1377.7,934.4,92.4,211.6,919.7,434.4,3970.2,0.597
2025-09-01,RN-MAD-ES14,A,tienda,1065.7,626.4,78.5,155.9,700.6,388.9,3016.0,0.661
2025-09-01,RN-MAD-ES15,A,tienda,1321.0,817.1,78.6,191.2,938.6,395.8,3742.3,0.691
2025-09-01,RN-MAD-ES16,A,tienda,1560.0,898.8,85.9,207.7,883.9,435.0,4071.3,0.667
2025-09-01,RN-MAD-ES17,A,tienda,1419.9,1060.6,97.5,211.2,969.6,506.9,4265.7,0.647
2025-09-01,RN-MAD-ES18,A,tienda,1630.6,1017.7,99.5,207.6,1030.0,503.4,4488.8,0.616
2025-09-01,RN-MAD-ES19,A,tienda,1469.4,824.4,98.5,198.3,986.1,441.0,4017.7,0.74
2025-09-01,RN-MAD-ES20,A,tienda,1534.2,885.4,85.2,191.9,878.8,470.9,4046.4,0.714
2025-09-01,RN-MAD-GA01,A,tienda,34897.1,20158.7,8761.7,13108.2,8432.1,9801.5,95159.3,0.656
2025-09-01,RN-MAD-GA02,A,tienda,23201.6,13705.8,5643.7,8948.0,5618.1,6062.3,63179.5,0.708
2025-09-01,RN-MAD-GA03,A,tienda,25424.7,14449.5,7891.9,11315.7,7001.0,8441.4,74524.2,0.739
2025-09-01,RN-MAD-HI01,A,tienda,6067.1,3390.5,7817.0,1091.7,321.2,1970.4,20657.9,0.702
2025-09-01,RN-MAD-HI02,A,tienda,4623.1,3114.8,7092.5,983.8,268.6,1907.9,17990.7,0.709
2025-09-01,RN-MAD-HI03,A,tienda,6052.4,4056.1,8977.2,997.8,293.4,2435.8,22812.7,0.707
2025-09-01,RN-MAD-HI04,A,tienda,6053.9,3938.7,8609.3,1340.4,361.2,2265.5,22569.0,0.589
2025-09-01,RN-MAD-HI05,A,tienda,6470.1,3981.7,9331.9,1141.8,321.5,2233.2,23480.2,0.624
2025-09-01,RN-SEV-CV01,D,tienda,778.0,501.0,1214.3,179.0,42.2,333.0,3047.5,0.574
2025-09-01,RN-SEV-CV02,D,tienda,1037.4,690.2,1505.9,223.3,48.1,405.8,3910.7,0.557
2025-09-01,RN-SEV-CV03,D,tienda,803.0,528.1,1165.3,157.3,43.2,328.7,3025.6,0.462
2025-09-01,RN-SEV-CV04,D,tienda,796.2,537.4,1184.6,163.0,38.9,306.2,3026.3,0.588
2025-09-01,RN-SEV-CV05,D,tienda,768.9,456.3,1148.7,143.2,36.5,317.9,2871.5,0.562
2025-09-01,RN-SEV-CV06,D,tienda,875.0,513.2,1347.1,182.6,43.2,366.1,3327.2,0.53
2025-09-01,RN-SEV-CV07,D,tienda,966.7,574.0,1231.1,178.6,42.3,310.4,3303.1,0.529
2025-09-01,RN-SEV-CV08,D,tienda,1037.6,619.2,1666.5,203.2,42.3,427.4,3996.2,0.546
2025-09-01,RN-SEV-CV09,D,tienda,952.0,520.7,1378.3,194.1,46.0,367.5,3458.6,0.524
2025-09-01,RN-SEV-CV10,D,tienda,889.5,567.8,1467.8,187.0,42.9,325.0,3480.0,0.586
2025-09-01,RN-SEV-ES01,D,tienda,1246.6,776.8,63.7,219.0,694.0,377.9,3378.0,0.497
2025-09-01,RN-SEV-ES02,D,tienda,1107.3,691.0,52.5,203.5,634.2,333.3,3021.8,0.546
2025-09-01,RN-SEV-ES03,D,tienda,1148.8,679.5,61.9,219.2,653.9,394.2,3157.5,0.59
2025-09-01,RN-SEV-ES04,D,tienda,967.1,617.2,50.2,184.6,592.4,301.1,2712.6,0.515
2025-09-01,RN-SEV-ES05,D,tienda,935.9,565.6,45.7,169.4,538.3,264.6,2519.5,0.585
2025-09-01,RN-SEV-ES06,D,tienda,1150.7,728.9,67.4,232.7,707.9,396.8,3284.4,0.544
2025-09-01,RN-SEV-ES07,D,tienda,1269.2,708.6,67.0,272.4,633.2,366.8,3317.2,0.494
2025-09-01,RN-SEV-ES08,D,tienda,1163.2,764.3,61.9,216.7,758.4,362.9,3327.4,0.547
2025-09-01,RN-SEV-ES09,D,tienda,1028.8,657.4,59.5,202.3,647.8,358.3,2954.1,0.548
2025-09-01,RN-SEV-ES10,D,tienda,1075.0,671.8,55.9,203.0,655.1,349.3,3010.1,0.611
2025-09-01,RN-SEV-ES11,D,tienda,1024.1,694.1,55.8,213.5,666.6,344.6,2998.7,0.502
2025-09-01,RN-SEV-ES12,D,tienda,1106.7,646.5,53.2,203.3,657.4,321.8,2988.9,0.581
2025-09-01,RN-SEV-GA01,D,tienda,12878.3,8515.6,2662.2,6478.7,3143.1,3717.0,37394.9,0.526
2025-09-01,RN-SEV-HI01,D,tienda,3875.1,2257.3,4767.0,939.1,211.2,1447.8,13497.5,0.544
2025-09-01,RN-SEV-HI02,D,tienda,4014.8,2983.9,4975.5,1252.9,247.0,1522.9,14997.0,0.496
2025-09-01,RN-SEV-HI03,D,tienda,3594.4,2207.6,4202.1,980.0,201.2,1201.1,12386.4,0.454
2025-09-01,RN-SEV-HI04,D,tienda,4771.1,2746.2,5786.1,1287.5,263.2,1637.6,16491.7,0.549
2025-09-01,RN-VLC-CV01,C,tienda,1048.7,600.5,1689.2,109.7,27.6,401.4,3877.1,0.689
2025-09-01,RN-VLC-CV02,C,tienda,995.6,652.7,1686.8,116.4,29.7,373.8,3855.0,0.596
2025-09-01,RN-VLC-CV03,C,tienda,1243.7,762.7,1895.6,122.9,32.6,429.6,4487.1,0.65
2025-09-01,RN-VLC-CV04,C,tienda,923.7,622.7,1764.6,90.3,27.9,386.7,3815.9,0.6
2025-09-01,RN-VLC-CV05,C,tienda,851.2,481.8,1293.2,80.2,22.7,333.0,3062.1,0.614
2025-09-01,RN-VLC-CV06,C,tienda,1091.2,713.7,2005.3,127.7,28.3,480.4,4446.6,0.571
2025-09-01,RN-VLC-CV07,C,tienda,940.9,631.2,1548.3,94.7,26.5,358.8,3600.4,0.588
2025-09-01,RN-VLC-CV08,C,tienda,778.5,520.7,1380.6,78.8,23.6,333.7,3115.9,0.642
2025-09-01,RN-VLC-CV09,C,tienda,842.6,601.4,1362.4,97.1,25.9,320.9,3250.3,0.62
2025-09-01,RN-VLC-ES01,C,tienda,1063.6,754.1,102.0,168.0,743.0,366.5,3197.2,0.585
2025-09-01,RN-VLC-ES02,C,tienda,948.2,648.0,79.4,130.7,525.3,257.8,2589.4,0.57
2025-09-01,RN-VLC-ES03,C,tienda,1017.7,610.3,93.2,152.3,600.2,329.3,2803.0,0.571
2025-09-01,RN-VLC-ES04,C,tienda,1016.1,665.6,111.3,169.1,688.9,367.1,3018.1,0.58
2025-09-01,RN-VLC-ES05,C,tienda,1001.4,635.8,105.0,153.0,652.7,318.4,2866.3,0.627
2025-09-01,RN-VLC-ES06,C,tienda,793.0,504.8,73.0,108.0,462.5,283.3,2224.6,0.567
2025-09-01,RN-VLC-ES07,C,tienda,932.8,620.1,81.7,150.5,686.3,320.0,2791.4,0.552
2025-09-01,RN-VLC-ES08,C,tienda,1290.7,705.5,94.7,145.5,724.6,363.7,3324.7,0.619
2025-09-01,RN-VLC-ES09,C,tienda,1043.0,612.0,100.4,162.2,695.4,330.4,2943.4,0.67
2025-09-01,RN-VLC-ES10,C,tienda,885.9,611.0,84.8,135.8,677.9,290.6,2686.0,0.664
2025-09-01,RN-VLC-GA01,C,tienda,21531.8,13630.6,8368.5,6939.1,4848.1,5237.4,60555.5,0.57
2025-09-01,RN-VLC-HI01,C,tienda,5749.8,3361.7,8930.1,798.6,205.0,2213.9,21259.1,0.558
2025-09-01,RN-VLC-HI02,C,tienda,5085.1,3386.0,7600.4,752.4,220.8,2129.9,19174.6,0.627
2025-09-01,RN-VLC-HI03,C,tienda,5935.7,3857.2,8453.5,848.5,220.9,2334.4,21650.2,0.581
2025-09-01,RN-VLC-HI04,C,tienda,5158.0,3002.5,7364.7,693.9,175.8,1830.5,18225.4,0.562
2025-09-01,RN-VLC-HI05,C,tienda,5686.0,3401.1,8345.2,819.5,215.0,2151.5,20618.3,0.66
2025-09-01,RN-VLC-HI06,C,tienda,4119.3,3050.0,7319.0,736.1,191.5,1989.4,17405.3,0.631
2025-09-01,RN-VLC-HI07,C,tienda,4464.0,2500.9,6708.3,510.2,146.7,1721.4,16051.5,0.593
2025-10-01,CL-BCN-01,B,centro_logistico,3559.0,1806.3,63.4,218.8,137.5,557.2,6342.2,0.785
2025-10-01,CL-BCN-02,B,centro_logistico,3727.0,1746.1,69.0,185.1,130.0,577.5,6434.7,0.834
2025-10-01,CL-BIO-01,E,centro_logistico,2195.6,993.1,41.5,109.5,85.2,366.8,3791.7,0.898
2025-10-01,CL-MAD-01,A,centro_logistico,3308.1,1567.0,62.0,201.7,116.3,523.3,5778.4,0.807
2025-10-01,CL-MAD-02,A,centro_logistico,2957.0,1567.7,64.3,184.9,124.7,512.6,5411.2,0.723
2025-10-01,CL-MAD-03,A,centro_logistico,2970.0,1560.9,60.3,181.9,117.3,500.0,5390.4,0.772
2025-10-01,CL-SEV-01,D,centro_logistico,2809.2,1290.2,50.4,156.1,94.4,444.6,4844.9,0.629
2025-10-01,CL-VLC-01,C,centro_logistico,3390.4,1365.8,44.4,164.0,98.2,495.1,5557.9,0.679
2025-10-01,CL-VLC-02,C,centro_logistico,2713.3,1493.2,53.6,171.2,95.9,471.9,4999.1,0.684
2025-10-01,RN-BCN-CV01,B,tienda,1096.1,650.3,1524.2,176.2,43.8,422.3,3912.9,0.777
2025-10-01,RN-BCN-CV02,B,tienda,1260.4,849.0,2144.9,169.0,51.6,500.8,4975.7,0.722
2025-10-01,RN-BCN-CV03,B,tienda,1366.7,848.7,2189.3,188.3,50.5,519.6,5163.1,0.74
2025-10-01,RN-BCN-CV04,B,tienda,951.3,691.2,1437.9,138.4,39.0,363.6,3621.4,0.694
2025-10-01,RN-BCN-CV05,B,tienda,1105.6,645.0,1451.4,140.7,39.0,407.8,3789.5,0.632
2025-10-01,RN-BCN-CV06,B,tienda,978.0,625.2,1535.6,155.0,40.6,417.2,3751.6,0.766
2025-10-01,RN-BCN-CV07,B,tienda,1079.5,608.3,1573.4,147.8,40.4,404.9,3854.3,0.724
2025-10-01,RN-BCN-CV08,B,tienda,964.3,659.3,1734.9,151.3,44.1,454.9,4008.8,0.661
2025-10-01,RN-BCN-ES01,B,tienda,1051.6,660.7,74.1,155.9,682.5,341.7,2966.5,0.77
2025-10-01,RN-BCN-ES02,B,tienda,1359.8,802.6,79.4,175.5,913.1,432.9,3763.3,0.709
2025-10-01,RN-BCN-ES03,B,tienda,1361.4,885.7,86.5,209.4,896.4,442.7,3882.1,0.73
2025-10-01,RN-BCN-ES04,B,tienda,1241.4,745.2,70.1,187.5,858.6,363.5,3466.3,0.688
2025-10-01,RN-BCN-ES05,B,tienda,1298.1,863.9,85.4,177.3,793.8,390.7,3609.2,0.734
2025-10-01,RN-BCN-ES06,B,tienda,1291.3,848.5,89.0,185.8,844.6,376.5,3635.7,0.716
2025-10-01,RN-BCN-ES07,B,tienda,1178.5,864.2,76.4,203.7,768.5,399.4,3490.7,0.734
2025-10-01,RN-BCN-ES08,B,tienda,956.1,615.2,73.0,146.3,645.5,326.6,2762.7,0.751
2025-10-01,RN-BCN-ES09,B,tienda,1288.7,779.1,86.7,204.2,937.6,388.1,3684.4,0.781
2025-10-01,RN-BCN-ES10,B,tienda,1103.7,717.7,82.5,170.4,748.3,312.9,3135.5,0.764
2025-10-01,RN-BCN-ES11,B,tienda,1178.7,760.8,82.5,202.3,900.7,385.0,3510.0,0.748
2025-10-01,RN-BCN-ES12,B,tienda,1049.6,701.4,76.8,161.6,792.6,348.8,3130.8,0.659
2025-10-01,RN-BCN-ES13,B,tienda,1256.1,836.3,72.6,210.8,779.6,399.3,3554.7,0.744
2025-10-01,RN-BCN-ES14,B,tienda,1264.6,984.7,86.4,207.3,906.1,437.3,3886.4,0.744
2025-10-01,RN-BCN-GA01,B,tienda,22392.2,13648.1,5724.1,10386.0,5484.3,6975.2,64609.9,0.65
2025-10-01,RN-BCN-GA02,B,tienda,24408.1,16790.0,7584.5,10464.9,6828.2,7791.9,73867.6,0.701
2025-10-01,RN-BCN-HI01,B,tienda,5456.2,3054.2,7279.7,1016.9,250.6,1750.8,18808.4,0.684
2025-10-01,RN-BCN-HI02,B,tienda,7315.5,4152.4,9489.2,1434.2,310.7,2368.2,25070.2,0.706
2025-10-01,RN-BCN-HI03,B,tienda,4935.6,2749.5,6954.0,920.1,238.2,1893.8,17691.2,0.726
2025-10-01,RN-BCN-HI04,B,tienda,6377.9,3799.7,8711.0,1268.5,304.9,2176.7,22638.7,0.803
2025-10-01,RN-BIO-CV01,E,tienda,1265.9,696.4,2048.1,207.0,47.0,464.6,4729.0,0.847
2025-10-01,RN-BIO-CV02,E,tienda,1072.6,712.4,2066.6,178.1,39.9,492.0,4561.6,0.802
2025-10-01,RN-BIO-CV03,E,tienda,1187.7,704.5,1863.2,180.0,40.3,436.9,4412.6,0.846
2025-10-01,RN-BIO-CV04,E,tienda,1328.6,801.3,1860.9,212.3,46.9,504.1,4754.1,0.87
2025-10-01,RN-BIO-ES01,E,tienda,999.2,702.1,80.4,194.4,699.2,322.6,2997.9,0.879
2025-10-01,RN-BIO-ES02,E,tienda,1062.3,620.2,70.4,175.6,590.6,328.2,2847.3,0.79
2025-10-01,RN-BIO-ES03,E,tienda,1386.3,1079.2,97.3,302.6,898.3,516.9,4280.6,0.83
2025-10-01,RN-BIO-ES04,E,tienda,1310.7,869.6,88.9,231.6,872.3,372.3,3745.4,0.856
2025-10-01,RN-BIO-ES05,E,tienda,1211.6,856.2,82.9,229.8,761.7,412.4,3554.6,0.843
2025-10-01,RN-BIO-ES06,E,tienda,1426.8,968.4,107.6,283.6,816.4,452.1,4054.9,0.869
2025-10-01,RN-BIO-ES07,E,tienda,1230.3,847.4,82.9,234.6,826.4,446.6,3668.2,0.899
2025-10-01,RN-BIO-GA01,E,tienda,18246.1,10311.7,4433.6,7576.3,3898.8,5019.0,49485.5,0.796
2025-10-01,RN-BIO-HI01,E,tienda,5919.1,3907.7,8985.0,1185.4,307.5,2306.8,22611.5,0.769
2025-10-01,RN-BIO-HI02,E,tienda,4383.7,2925.6,5990.8,915.2,203.3,1682.6,16101.2,0.811
2025-10-01,RN-MAD-CV01,A,tienda,1030.0,644.8,1730.5,148.2,43.3,424.0,4020.8,0.717
2025-10-01,RN-MAD-CV02,A,tienda,1063.7,715.6,2021.8,174.1,49.9,456.7,4481.8,0.686
2025-10-01,RN-MAD-CV03,A,tienda,1048.3,647.1,1984.8,150.2,43.4,437.9,4311.7,0.684
2025-10-01,RN-MAD-CV04,A,tienda,1361.9,832.6,1908.4,168.2,49.4,557.9,4878.4,0.734
2025-10-01,RN-MAD-CV05,A,tienda,1037.1,629.3,1778.1,134.2,44.7,411.6,4035.0,0.637
2025-10-01,RN-MAD-CV06,A,tienda,1112.7,726.6,1697.6,143.4,46.1,436.5,4162.9,0.726
2025-10-01,RN-MAD-CV07,A,tienda,1085.5,675.5,1812.0,130.9,44.6,439.2,4187.7,0.711
2025-10-01,RN-MAD-CV08,A,tienda,1160.5,844.8,2053.2,196.1,61.1,478.0,4793.7,0.698
2025-10-01,RN-MAD-CV09,A,tienda,1316.5,847.5,2347.9,179.2,52.9,565.6,5309.6,0.632
2025-10-01,RN-MAD-CV10,A,tienda,1179.8,817.8,1843.7,169.8,46.1,536.7,4593.9,0.739
2025-10-01,RN-MAD-ES01,A,tienda,1692.7,1042.1,109.3,221.6,1054.1,473.1,4592.9,0.683
2025-10-01,RN-MAD-ES02,A,tienda,1080.3,688.1,67.9,151.8,705.5,372.4,3066.0,0.75
2025-10-01,RN-MAD-ES03,A,tienda,1310.4,947.1,90.7,192.3,917.2,412.3,3870.0,0.655
2025-10-01,RN-MAD-ES04,A,tienda,1478.7,828.5,85.8,190.4,927.6,422.1,3933.1,0.69
2025-10-01,RN-MAD-ES05,A,tienda,1213.6,701.8,80.6,166.7,740.2,363.4,3266.3,0.716
2025-10-01,RN-MAD-ES06,A,tienda,1354.9,888.7,88.2,192.1,881.4,379.0,3784.3,0.666
2025-10-01,RN-MAD-ES07,A,tienda,1464.9,811.4,88.1,201.0,916.8,422.1,3904.3,0.664
2025-10-01,RN-MAD-ES08,A,tienda,1476.7,789.2,95.4,218.8,936.5,447.6,3964.2,0.685
2025-10-01,RN-MAD-ES09,A,tienda,1360.1,878.8,82.4,175.7,888.0,386.8,3771.8,0.663
2025-10-01,RN-MAD-ES10,A,tienda,1334.7,823.1,94.8,198.6,870.0,428.7,3749.9,0.652
2025-10-01,RN-MAD-ES11,A,tienda,1251.5,820.9,80.2,178.8,740.0,387.5,3458.9,0.649
2025-10-01,RN-MAD-ES12,A,tienda,1349.1,930.5,96.9,206.5,922.6,452.8,3958.4,0.674
2025-10-01,RN-MAD-ES13,A,tienda,1382.0,841.5,92.5,177.6,912.4,428.6,3834.6,0.707
2025-10-01,RN-MAD-ES14,A,tienda,1103.0,731.7,69.2,165.6,709.5,351.2,3130.2,0.613
2025-10-01,RN-MAD-ES15,A,tienda,1260.8,723.5,77.5,177.8,812.4,380.8,3432.8,0.634
2025-10-01,RN-MAD-ES16,A,tienda,1235.7,828.3,73.7,191.5,817.6,373.6,3520.4,0.625
2025-10-01,RN-MAD-ES17,A,tienda,1339.4,767.2,79.9,193.5,852.5,413.8,3646.3,0.707
2025-10-01,RN-MAD-ES18,A,tienda,1488.9,962.3,111.3,200.8,1064.4,524.7,4352.4,0.617
2025-10-01,RN-MAD-ES19,A,tienda,1485.6,816.4,94.0,199.9,940.3,446.0,3982.2,0.66
2025-10-01,RN-MAD-ES20,A,tienda,1244.8,806.2,81.5,195.6,883.1,411.3,3622.5,0.665
2025-10-01,RN-MAD-GA01,A,tienda,30322.5,18505.0,7561.6,13727.2,7909.1,8905.6,86931.0,0.621
2025-10-01,RN-MAD-GA02,A,tienda,19508.5,12795.0,5347.4,8553.8,6210.1,5623.8,58038.6,0.698
2025-10-01,RN-MAD-GA03,A,tienda,26657.5,17754.9,7119.2,9908.7,6661.2,8276.6,76378.1,0.676
2025-10-01,RN-MAD-HI01,A,tienda,6021.6,3793.0,8823.8,1155.8,323.8,2315.8,22433.8,0.654
2025-10-01,RN-MAD-HI02,A,tienda,5065.7,3703.5,7268.6,1017.0,293.1,1846.9,19194.8,0.674
2025-10-01,RN-MAD-HI03,A,tienda,5485.7,3313.5,8543.5,1152.3,334.5,2335.5,21165.0,0.726
2025-10-01,RN-MAD-HI04,A,tienda,5995.3,3721.3,9139.0,1207.1,337.9,2431.3,22831.9,0.67
2025-10-01,RN-MAD-HI05,A,tienda,5643.1,3840.8,9108.7,1326.3,368.1,2335.3,22622.3,0.662
2025-10-01,RN-SEV-CV01,D,tienda,906.5,605.6,1257.2,168.3,41.0,355.4,3334.0,0.552
2025-10-01,RN-SEV-CV02,D,tienda,1029.4,739.8,1540.8,192.8,48.6,362.3,3913.7,0.584
2025-10-01,RN-SEV-CV03,D,tienda,911.1,507.6,1242.1,194.2,40.3,334.2,3229.5,0.44
2025-10-01,RN-SEV-CV04,D,tienda,799.4,514.9,1003.0,167.8,38.1,325.3,2848.5,0.594
2025-10-01,RN-SEV-CV05,D,tienda,764.6,474.9,1145.7,150.2,38.7,272.0,2846.1,0.565
2025-10-01,RN-SEV-CV06,D,tienda,938.4,577.2,1360.8,171.0,36.7,322.0,3406.1,0.56
2025-10-01,RN-SEV-CV07,D,tienda,846.7,537.3,1396.7,170.4,36.3,319.7,3307.1,0.46
2025-10-01,RN-SEV-CV08,D,tienda,1101.7,654.1,1369.4,206.6,46.0,385.1,3762.9,0.555
2025-10-01,RN-SEV-CV09,D,tienda,920.6,633.6,1315.3,202.8,44.4,375.1,3491.8,0.525
2025-10-01,RN-SEV-CV10,D,tienda,946.8,592.8,1455.7,177.7,44.5,382.6,3600.1,0.536
2025-10-01,RN-SEV-ES01,D,tienda,1042.6,675.4,61.3,213.1,704.0,375.7,3072.1,0.493
2025-10-01,RN-SEV-ES02,D,tienda,1010.1,722.1,52.3,176.5,638.2,315.4,2914.6,0.554
2025-10-01,RN-SEV-ES03,D,tienda,1173.4,737.5,60.2,208.8,693.5,343.2,3216.6,0.582
2025-10-01,RN-SEV-ES04,D,tienda,790.0,592.0,44.8,154.0,504.9,269.2,2354.9,0.55
2025-10-01,RN-SEV-ES05,D,tienda,898.2,528.2,45.1,157.0,566.5,259.0,2454.0,0.479
2025-10-01,RN-SEV-ES06,D,tienda,1072.5,803.2,65.6,237.3,723.3,344.5,3246.4,0.535
2025-10-01,RN-SEV-ES07,D,tienda,1285.6,787.5,66.6,237.8,697.4,377.9,3452.8,0.539
2025-10-01,RN-SEV-ES08,D,tienda,1176.3,736.1,60.2,217.9,565.8,320.4,3076.7,0.549
2025-10-01,RN-SEV-ES09,D,tienda,1066.7,675.4,58.2,191.3,677.7,343.0,3012.3,0.593
2025-10-01,RN-SEV-ES10,D,tienda,1060.0,614.4,50.0,216.2,587.0,334.6,2862.2,0.528
2025-10-01,RN-SEV-ES11,D,tienda,1093.4,642.1,52.5,177.2,683.6,319.3,2968.1,0.589
2025-10-01,RN-SEV-ES12,D,tienda,1015.3,613.2,48.4,176.2,600.0,329.2,2782.3,0.549
2025-10-01,RN-SEV-GA01,D,tienda,12537.7,8265.4,2406.5,7089.5,2684.2,3717.0,36700.3,0.553
2025-10-01,RN-SEV-HI01,D,tienda,3947.3,2053.8,4072.7,985.8,205.3,1243.1,12508.0,0.576
2025-10-01,RN-SEV-HI02,D,tienda,4232.2,2381.1,4717.6,1270.9,242.1,1442.1,14286.0,0.523
2025-10-01,RN-SEV-HI03,D,tienda,3946.9,2294.9,4966.2,983.2,191.3,1331.3,13713.8,0.471
2025-10-01,RN-SEV-HI04,D,tienda,4946.0,3055.3,6056.4,1357.6,266.7,1791.6,17473.6,0.543
2025-10-01,RN-VLC-CV01,C,tienda,880.7,630.1,1709.7,100.4,24.8,379.0,3724.7,0.676
2025-10-01,RN-VLC-CV02,C,tienda,1047.6,608.0,1874.0,97.5,27.4,406.4,4060.9,0.618
2025-10-01,RN-VLC-CV03,C,tienda,1168.6,720.3,1932.9,116.8,30.1,431.0,4399.7,0.552
2025-10-01,RN-VLC-CV04,C,tienda,850.7,575.3,1528.8,102.6,29.5,350.5,3437.4,0.568
2025-10-01,RN-VLC-CV05,C,tienda,885.0,511.5,1309.5,95.1,21.6,339.2,3161.9,0.626
2025-10-01,RN-VLC-CV06,C,tienda,1097.8,792.2,2132.3,114.7,35.0,461.4,4633.4,0.665
2025-10-01,RN-VLC-CV07,C,tienda,931.6,608.8,1568.3,105.4,24.3,414.7,3653.1,0.602
2025-10-01,RN-VLC-CV08,C,tienda,766.5,552.0,1430.4,82.2,24.6,317.2,3172.9,0.61
2025-10-01,RN-VLC-CV09,C,tienda,818.7,616.2,1467.1,92.4,25.2,361.3,3380.9,0.608
2025-10-01,RN-VLC-ES01,C,tienda,1094.9,788.3,96.2,164.6,752.8,334.5,3231.3,0.608
2025-10-01,RN-VLC-ES02,C,tienda,841.7,520.5,73.2,124.7,465.0,278.4,2303.5,0.574
2025-10-01,RN-VLC-ES03,C,tienda,899.3,592.5,93.2,144.1,580.0,265.9,2575.0,0.609
2025-10-01,RN-VLC-ES04,C,tienda,1039.0,617.6,91.3,131.2,653.9,332.0,2865.0,0.625
2025-10-01,RN-VLC-ES05,C,tienda,950.7,609.4,92.3,144.8,689.6,288.3,2775.1,0.667
2025-10-01,RN-VLC-ES06,C,tienda,787.3,512.8,69.2,111.2,498.3,264.8,2243.6,0.643
2025-10-01,RN-VLC-ES07,C,tienda,948.1,675.9,87.4,136.0,620.2,304.6,2772.2,0.672
2025-10-01,RN-VLC-ES08,C,tienda,1204.8,670.3,97.2,153.1,766.8,326.2,3218.4,0.556
2025-10-01,RN-VLC-ES09,C,tienda,999.6,572.4,86.9,137.9,698.5,298.2,2793.5,0.656
2025-10-01,RN-VLC-ES10,C,tienda,765.9,543.2,72.2,124.7,603.1,267.6,2376.7,0.63
2025-10-01,RN-VLC-GA01,C,tienda,21190.2,12052.6,6873.8,8608.0,4739.7,6241.8,59706.1,0.541
2025-10-01,RN-VLC-HI01,C,tienda,5227.5,3072.2,8023.4,820.6,192.2,1871.6,19207.5,0.586
2025-10-01,RN-VLC-HI02,C,tienda,5486.3,3405.8,8100.5,837.5,195.5,2066.8,20092.4,0.629
2025-10-01,RN-VLC-HI03,C,tienda,5808.3,4190.3,9261.9,897.6,239.2,2359.9,22757.2,0.651
2025-10-01,RN-VLC-HI04,C,tienda,4967.2,2939.1,7969.4,715.5,164.3,1854.3,18609.8,0.608
2025-10-01,RN-VLC-HI05,C,tienda,5143.4,3421.2,8562.4,700.4,192.3,1957.6,19977.3,0.572
2025-10-01,RN-VLC-HI06,C,tienda,5181.6,3057.7,8341.8,791.7,175.4,1962.4,19510.6,0.644
2025-10-01,RN-VLC-HI07,C,tienda,3880.2,2527.3,7560.4,593.5,165.3,1567.1,16293.8,0.593
2025-11-01,CL-BCN-01,B,centro_logistico,3890.1,2030.6,75.8,192.3,129.5,563.2,6881.5,0.764
2025-11-01,CL-BCN-02,B,centro_logistico,3494.2,2014.0,77.1,199.2,148.6,593.4,6526.5,0.862
2025-11-01,CL-BIO-01,E,centro_logistico,2158.7,991.7,42.8,122.5,94.8,403.8,3814.3,0.96
2025-11-01,CL-MAD-01,A,centro_logistico,3877.8,1618.3,56.5,176.9,98.7,590.4,6418.6,0.769
2025-11-01,CL-MAD-02,A,centro_logistico,3961.3,1826.2,56.4,206.8,120.2,506.3,6677.2,0.698
2025-11-01,CL-MAD-03,A,centro_logistico,3442.3,1772.9,61.3,173.6,129.6,537.9,6117.6,0.796
2025-11-01,CL-SEV-01,D,centro_logistico,3022.8,1423.7,53.2,155.2,112.3,468.8,5236.0,0.621
2025-11-01,CL-VLC-01,C,centro_logistico,3443.5,1181.4,53.1,137.0,109.8,476.9,5401.7,0.729
2025-11-01,CL-VLC-02,C,centro_logistico,3629.4,1312.8,48.2,164.9,91.5,484.9,5731.7,0.744
2025-11-01,RN-BCN-CV01,B,tienda,1160.7,752.1,1785.7,174.7,48.2,425.7,4347.1,0.692
2025-11-01,RN-BCN-CV02,B,tienda,1210.2,827.4,1982.2,200.6,50.2,510.2,4780.8,0.656
2025-11-01,RN-BCN-CV03,B,tienda,1338.8,890.2,2230.5,197.0,55.9,548.9,5261.3,0.748
2025-11-01,RN-BCN-CV04,B,tienda,944.8,624.0,1558.8,153.1,37.1,393.3,3711.1,0.714
2025-11-01,RN-BCN-CV05,B,tienda,1204.1,750.0,1567.6,167.2,41.6,379.5,4110.0,0.693
2025-11-01,RN-BCN-CV06,B,tienda,1131.6,718.8,1764.8,172.4,44.7,492.5,4324.8,0.746
2025-11-01,RN-BCN-CV07,B,tienda,1090.2,754.4,1926.6,165.5,42.6,417.5,4396.8,0.67
2025-11-01,RN-BCN-CV08,B,tienda,1179.1,779.5,2073.8,171.6,49.3,506.4,4759.7,0.742
2025-11-01,RN-BCN-ES01,B,tienda,1201.8,744.8,82.4,214.1,830.8,403.4,3477.3,0.648
2025-11-01,RN-BCN-ES02,B,tienda,1539.6,1022.2,104.7,226.1,920.3,493.0,4305.9,0.73
2025-11-01,RN-BCN-ES03,B,tienda,1500.5,984.7,103.1,263.9,999.2,472.5,4323.9,0.735
2025-11-01,RN-BCN-ES04,B,tienda,1253.9,884.7,91.0,202.6,924.8,460.1,3817.1,0.691
2025-11-01,RN-BCN-ES05,B,tienda,1604.5,954.0,108.8,250.0,966.0,510.1,4393.4,0.703
2025-11-01,RN-BCN-ES06,B,tienda,1531.7,1040.3,102.0,252.0,1005.0,415.4,4346.4,0.713
2025-11-01,RN-BCN-ES07,B,tienda,1507.0,932.3,93.4,239.2,1043.7,483.8,4299.4,0.688
2025-11-01,RN-BCN-ES08,B,tienda,1217.7,787.2,79.0,160.9,681.1,354.7,3280.6,0.714
2025-11-01,RN-BCN-ES09,B,tienda,1424.4,1068.4,100.9,254.4,1006.9,554.1,4409.1,0.618
2025-11-01,RN-BCN-ES10,B,tienda,1257.1,896.6,88.1,216.5,888.0,444.6,3790.9,0.667
2025-11-01,RN-BCN-ES11,B,tienda,1704.8,941.1,98.1,244.3,1021.8,522.5,4532.6,0.693
2025-11-01,RN-BCN-ES12,B,tienda,1391.3,865.0,86.0,202.5,894.5,384.4,3823.7,0.732
2025-11-01,RN-BCN-ES13,B,tienda,1604.3,1002.2,101.8,237.6,1136.5,478.2,4560.6,0.809
2025-11-01,RN-BCN-ES14,B,tienda,1478.2,1110.7,99.6,250.1,1193.4,491.9,4623.9,0.755
2025-11-01,RN-BCN-GA01,B,tienda,28807.4,15192.2,6750.8,11917.4,6793.5,8453.2,77914.5,0.721
2025-11-01,RN-BCN-GA02,B,tienda,33663.8,17191.4,9520.8,14570.7,7841.6,9372.7,92161.0,0.737
2025-11-01,RN-BCN-HI01,B,tienda,5111.6,3105.8,6689.3,1015.9,255.7,2042.1,18220.4,0.735
2025-11-01,RN-BCN-HI02,B,tienda,6315.7,4482.8,10955.2,1433.0,350.8,2631.0,26168.5,0.771
2025-11-01,RN-BCN-HI03,B,tienda,4655.8,3320.6,6589.3,1093.3,246.6,1933.0,17838.6,0.798
2025-11-01,RN-BCN-HI04,B,tienda,6518.6,3708.4,8768.8,1458.3,323.5,2323.3,23100.9,0.731
2025-11-01,RN-BIO-CV01,E,tienda,1290.6,770.8,1879.3,218.9,49.8,532.2,4741.6,0.811
2025-11-01,RN-BIO-CV02,E,tienda,1140.6,697.0,1905.8,178.7,45.4,459.1,4426.6,0.81
2025-11-01,RN-BIO-CV03,E,tienda,1244.0,692.6,2028.7,189.6,41.8,471.3,4668.0,0.829
2025-11-01,RN-BIO-CV04,E,tienda,1281.0,823.3,2128.6,190.6,43.6,444.9,4912.0,0.828
2025-11-01,RN-BIO-ES01,E,tienda,1321.4,852.2,84.1,227.9,877.7,390.5,3753.8,0.818
2025-11-01,RN-BIO-ES02,E,tienda,1280.8,698.1,84.7,244.2,847.2,383.2,3538.2,0.8
2025-11-01,RN-BIO-ES03,E,tienda,1962.6,1338.4,134.9,325.6,1153.1,605.3,5519.9,0.872
2025-11-01,RN-BIO-ES04,E,tienda,1503.5,1013.5,114.5,273.8,962.2,481.6,4349.1,0.91
2025-11-01,RN-BIO-ES05,E,tienda,1504.6,1029.3,97.9,283.0,939.7,485.7,4340.2,0.791
2025-11-01,RN-BIO-ES06,E,tienda,1773.0,1151.1,103.3,333.9,1045.2,542.0,4948.5,0.794
2025-11-01,RN-BIO-ES07,E,tienda,1598.9,1117.6,96.6,282.5,1068.0,466.8,4630.4,0.87
2025-11-01,RN-BIO-GA01,E,tienda,25640.4,12300.2,6235.1,10458.5,4773.7,6029.6,65437.5,0.823
2025-11-01,RN-BIO-HI01,E,tienda,7023.3,4134.6,9745.0,1400.8,356.3,2493.9,25153.9,0.819
2025-11-01,RN-BIO-HI02,E,tienda,5277.8,3015.2,6920.7,1111.5,248.1,1861.6,18434.9,0.876
2025-11-01,RN-MAD-CV01,A,tienda,1225.2,715.9,1603.8,163.4,42.0,478.9,4229.2,0.651
2025-11-01,RN-MAD-CV02,A,tienda,1144.3,725.2,1852.2,160.5,49.9,476.3,4408.4,0.704
2025-11-01,RN-MAD-CV03,A,tienda,1166.2,708.9,1644.6,156.0,44.9,406.6,4127.2,0.658
2025-11-01,RN-MAD-CV04,A,tienda,1407.4,818.9,2212.7,177.0,55.6,487.2,5158.8,0.685
2025-11-01,RN-MAD-CV05,A,tienda,994.8,604.8,1727.1,120.3,41.3,397.1,3885.4,0.654
2025-11-01,RN-MAD-CV06,A,tienda,1121.9,747.9,1739.3,139.1,45.0,477.1,4270.3,0.695
2025-11-01,RN-MAD-CV07,A,tienda,1104.1,653.7,1731.5,133.2,45.6,426.3,4094.4,0.624
2025-11-01,RN-MAD-CV08,A,tienda,1283.4,826.8,2072.6,191.3,57.1,553.1,4984.3,0.633
2025-11-01,RN-MAD-CV09,A,tienda,1428.0,901.3,2183.5,189.3,58.5,542.3,5302.9,0.741
2025-11-01,RN-MAD-CV10,A,tienda,1340.9,859.9,2036.9,172.8,51.5,506.2,4968.2,0.735
2025-11-01,RN-MAD-ES01,A,tienda,1950.7,1328.5,135.6,258.5,1338.4,586.7,5598.4,0.738
2025-11-01,RN-MAD-ES02,A,tienda,1138.4,702.1,85.1,214.9,905.6,437.7,3483.8,0.68
2025-11-01,RN-MAD-ES03,A,tienda,1626.2,1019.8,98.8,227.5,972.6,477.6,4422.5,0.674
2025-11-01,RN-MAD-ES04,A,tienda,1436.1,1106.0,110.1,219.3,1038.2,454.0,4363.7,0.696
2025-11-01,RN-MAD-ES05,A,tienda,1502.2,869.8,95.6,186.9,876.0,443.9,3974.4,0.733
2025-11-01,RN-MAD-ES06,A,tienda,1663.1,1158.0,121.6,254.0,1222.5,490.7,4909.9,0.719
2025-11-01,RN-MAD-ES07,A,tienda,1786.9,1146.2,117.5,236.6,1318.7,537.0,5142.9,0.669
2025-11-01,RN-MAD-ES08,A,tienda,1844.0,1125.9,114.3,267.6,1266.3,515.7,5133.8,0.647
2025-11-01,RN-MAD-ES09,A,tienda,1673.9,992.8,116.5,238.0,1173.7,495.5,4690.4,0.638
2025-11-01,RN-MAD-ES10,A,tienda,1726.3,1016.6,124.4,235.3,1135.4,540.5,4778.5,0.7
2025-11-01,RN-MAD-ES11,A,tienda,1367.6,944.1,100.2,219.1,965.6,477.9,4074.5,0.662
2025-11-01,RN-MAD-ES12,A,tienda,1720.9,1084.1,117.8,250.0,1128.1,568.7,4869.6,0.737
2025-11-01,RN-MAD-ES13,A,tienda,1533.8,1012.0,107.0,244.4,1177.0,519.0,4593.2,0.648
2025-11-01,RN-MAD-ES14,A,tienda,1235.2,801.1,87.7,171.8,803.9,393.6,3493.3,0.61
2025-11-01,RN-MAD-ES15,A,tienda,1451.1,901.4,101.2,208.7,876.7,483.8,4022.9,0.604
2025-11-01,RN-MAD-ES16,A,tienda,1614.9,1007.4,101.4,207.4,1073.2,471.5,4475.8,0.645
2025-11-01,RN-MAD-ES17,A,tienda,1602.9,939.8,102.5,228.2,1047.0,530.8,4451.2,0.651
2025-11-01,RN-MAD-ES18,A,tienda,1931.2,1295.0,108.5,243.1,1174.2,561.2,5313.2,0.692
2025-11-01,RN-MAD-ES19,A,tienda,1596.0,1001.4,107.3,230.3,1103.6,535.1,4573.7,0.679
2025-11-01,RN-MAD-ES20,A,tienda,1613.0,935.4,97.0,212.3,1125.9,482.4,4466.0,0.646
2025-11-01,RN-MAD-GA01,A,tienda,36204.3,20899.1,8873.1,13896.1,11394.5,11052.4,102319.5,0.688
2025-11-01,RN-MAD-GA02,A,tienda,24417.4,16045.4,6992.0,11060.5,6232.5,7436.9,72184.7,0.627
2025-11-01,RN-MAD-GA03,A,tienda,33748.1,16340.1,8346.7,12602.0,7918.8,8842.2,87797.9,0.667
2025-11-01,RN-MAD-HI01,A,tienda,6307.4,3655.4,9610.3,1145.7,341.8,2438.3,23498.9,0.64
2025-11-01,RN-MAD-HI02,A,tienda,5331.2,3247.8,8472.5,981.1,322.5,1962.1,20317.2,0.592
2025-11-01,RN-MAD-HI03,A,tienda,7063.0,4025.3,9571.3,1327.0,368.9,2332.4,24687.9,0.674
2025-11-01,RN-MAD-HI04,A,tienda,7234.4,3848.9,8313.4,1486.9,368.3,2527.0,23778.9,0.697
2025-11-01,RN-MAD-HI05,A,tienda,6803.6,3826.8,8703.0,1163.1,391.4,2457.3,23345.2,0.648
2025-11-01,RN-SEV-CV01,D,tienda,1053.0,615.9,1403.6,172.3,46.3,371.1,3662.2,0.548
2025-11-01,RN-SEV-CV02,D,tienda,1098.8,733.5,1716.5,248.8,53.1,466.3,4317.0,0.549
2025-11-01,RN-SEV-CV03,D,tienda,1052.8,589.0,1299.5,185.1,44.7,346.0,3517.1,0.464
2025-11-01,RN-SEV-CV04,D,tienda,886.5,577.9,1385.5,183.3,41.2,318.7,3393.1,0.555
2025-11-01,RN-SEV-CV05,D,tienda,922.1,557.9,1164.5,161.9,35.7,334.5,3176.6,0.59
2025-11-01,RN-SEV-CV06,D,tienda,900.6,605.8,1358.2,197.6,42.0,379.7,3483.9,0.5
2025-11-01,RN-SEV-CV07,D,tienda,992.1,625.0,1236.8,188.9,42.3,333.0,3418.1,0.557
2025-11-01,RN-SEV-CV08,D,tienda,940.2,669.6,1481.1,215.3,53.8,422.7,3782.7,0.533
2025-11-01,RN-SEV-CV09,D,tienda,1043.9,602.6,1431.1,197.7,49.8,374.5,3699.6,0.52
2025-11-01,RN-SEV-CV10,D,tienda,1065.8,622.2,1584.7,215.1,39.0,353.3,3880.1,0.562
2025-11-01,RN-SEV-ES01,D,tienda,1392.4,926.3,63.3,251.0,792.9,413.9,3839.8,0.582
2025-11-01,RN-SEV-ES02,D,tienda,1207.2,663.1,67.1,226.2,726.1,367.8,3257.5,0.578
2025-11-01,RN-SEV-ES03,D,tienda,1289.1,808.4,71.5,245.8,838.3,417.3,3670.4,0.545
2025-11-01,RN-SEV-ES04,D,tienda,1059.3,712.5,63.6,204.3,651.2,345.8,3036.7,0.546
2025-11-01,RN-SEV-ES05,D,tienda,1041.4,684.1,54.6,188.3,576.1,337.6,2882.1,0.504
2025-11-01,RN-SEV-ES06,D,tienda,1279.7,965.8,73.9,269.8,807.1,511.9,3908.2,0.57
2025-11-01,RN-SEV-ES07,D,tienda,1595.4,822.7,78.4,282.6,818.7,410.3,4008.1,0.51
2025-11-01,RN-SEV-ES08,D,tienda,1372.4,810.4,68.6,251.1,947.0,430.9,3880.4,0.515
2025-11-01,RN-SEV-ES09,D,tienda,1227.5,748.8,66.7,219.9,771.4,378.8,3413.1,0.578
2025-11-01,RN-SEV-ES10,D,tienda,1259.1,773.4,69.0,245.3,808.4,417.9,3573.1,0.562
2025-11-01,RN-SEV-ES11,D,tienda,1166.1,747.4,61.9,239.4,740.4,391.1,3346.3,0.581
2025-11-01,RN-SEV-ES12,D,tienda,1182.9,690.4,63.8,219.4,693.8,333.2,3183.5,0.56
2025-11-01,RN-SEV-GA01,D,tienda,16900.0,10190.6,2942.4,7882.1,3314.3,4258.9,45488.3,0.518
2025-11-01,RN-SEV-HI01,D,tienda,4050.8,2393.4,4448.6,1050.2,213.0,1396.3,13552.3,0.477
2025-11-01,RN-SEV-HI02,D,tienda,4864.1,2725.3,5360.5,1143.3,255.2,1521.3,15869.7,0.457
2025-11-01,RN-SEV-HI03,D,tienda,4047.4,2447.5,4708.6,1158.4,224.6,1511.1,14097.6,0.626
2025-11-01,RN-SEV-HI04,D,tienda,5123.7,3107.5,5915.4,1442.5,317.2,1880.6,17786.9,0.594
2025-11-01,RN-VLC-CV01,C,tienda,1071.5,600.6,1965.1,109.3,29.0,426.2,4201.7,0.587
2025-11-01,RN-VLC-CV02,C,tienda,966.3,701.0,1971.6,124.6,31.9,474.5,4269.9,0.631
2025-11-01,RN-VLC-CV03,C,tienda,1161.5,770.5,1994.6,117.8,31.8,458.6,4534.8,0.627
2025-11-01,RN-VLC-CV04,C,tienda,990.8,609.2,1728.3,103.7,25.9,333.4,3791.3,0.627
2025-11-01,RN-VLC-CV05,C,tienda,897.3,497.9,1177.5,84.9,23.2,305.0,2985.8,0.628
2025-11-01,RN-VLC-CV06,C,tienda,1154.4,768.8,2054.9,134.8,36.4,534.5,4683.8,0.586
2025-11-01,RN-VLC-CV07,C,tienda,911.1,632.5,1698.9,106.6,26.2,358.5,3733.8,0.594
2025-11-01,RN-VLC-CV08,C,tienda,887.0,459.8,1443.6,83.0,23.7,312.0,3209.1,0.649
2025-11-01,RN-VLC-CV09,C,tienda,841.8,574.5,1445.6,96.7,25.4,364.7,3348.7,0.572
2025-11-01,RN-VLC-ES01,C,tienda,1429.0,812.7,114.4,200.6,857.8,431.0,3845.5,0.6
2025-11-01,RN-VLC-ES02,C,tienda,944.6,656.7,79.9,154.4,597.5,277.9,2711.0,0.649
2025-11-01,RN-VLC-ES03,C,tienda,1166.3,769.4,105.6,157.6,677.0,386.9,3262.8,0.627
2025-11-01,RN-VLC-ES04,C,tienda,1205.9,766.2,110.9,161.4,779.3,361.7,3385.4,0.591
2025-11-01,RN-VLC-ES05,C,tienda,1251.3,757.9,122.0,170.1,789.0,377.0,3467.3,0.641
2025-11-01,RN-VLC-ES06,C,tienda,1049.1,592.8,89.4,153.0,575.3,310.3,2769.9,0.639
2025-11-01,RN-VLC-ES07,C,tienda,1068.4,724.9,92.6,169.5,712.7,422.5,3190.6,0.602
2025-11-01,RN-VLC-ES08,C,tienda,1367.2,858.7,111.8,234.8,845.1,422.3,3839.9,0.588
2025-11-01,RN-VLC-ES09,C,tienda,1179.9,713.2,102.2,173.6,862.9,382.9,3414.7,0.616
2025-11-01,RN-VLC-ES10,C,tienda,1148.9,711.7,97.1,146.9,752.6,338.3,3195.5,0.624
2025-11-01,RN-VLC-GA01,C,tienda,23070.6,13149.6,8052.8,8487.5,5593.9,7101.9,65456.3,0.576
2025-11-01,RN-VLC-HI01,C,tienda,5499.6,3382.9,8632.6,819.8,203.9,2129.4,20668.2,0.564
2025-11-01,RN-VLC-HI02,C,tienda,5538.9,3277.0,9010.1,877.1,233.3,2243.3,21179.7,0.604
2025-11-01,RN-VLC-HI03,C,tienda,6432.0,3786.7,9496.0,925.9,238.7,2365.7,23245.0,0.655
2025-11-01,RN-VLC-HI04,C,tienda,5577.8,3002.4,9239.6,895.0,193.0,2384.2,21292.0,0.62
2025-11-01,RN-VLC-HI05,C,tienda,4988.9,3364.2,9424.5,873.7,189.4,2208.6,21049.3,0.63
2025-11-01,RN-VLC-HI06,C,tienda,4998.3,3558.1,8200.5,796.0,175.4,2142.2,19870.5,0.602
2025-11-01,RN-VLC-HI07,C,tienda,4634.4,2551.3,6350.7,623.1,150.6,1716.3,16026.4,0.637
2025-12-01,CL-BCN-01,B,centro_logistico,5791.8,2161.0,91.6,283.3,187.1,796.7,9311.5,0.783
2025-12-01,CL-BCN-02,B,centro_logistico,5064.8,2524.0,94.3,311.4,150.2,855.5,9000.2,0.803
2025-12-01,CL-BIO-01,E,centro_logistico,3288.8,1419.6,57.1,173.5,111.6,495.2,5545.8,0.878
2025-12-01,CL-MAD-01,A,centro_logistico,4325.2,2315.9,72.7,255.9,181.9,683.6,7835.2,0.812
2025-12-01,CL-MAD-02,A,centro_logistico,4425.0,1958.3,86.4,243.7,143.3,696.6,7553.3,0.761
2025-12-01,CL-MAD-03,A,centro_logistico,4817.6,2432.4,76.9,227.7,162.4,704.9,8421.9,0.742
2025-12-01,CL-SEV-01,D,centro_logistico,3524.5,2036.4,72.3,190.8,122.7,593.4,6540.1,0.655
2025-12-01,CL-VLC-01,C,centro_logistico,4250.3,1782.2,75.0,196.9,136.6,626.9,7067.9,0.738
2025-12-01,CL-VLC-02,C,centro_logistico,3854.1,1603.8,61.1,225.3,121.3,656.6,6522.2,0.697
2025-12-01,RN-BCN-CV01,B,tienda,1574.3,1033.2,2732.5,232.5,67.2,661.3,6301.0,0.685
2025-12-01,RN-BCN-CV02,B,tienda,1676.9,1184.7,2996.6,293.9,77.3,742.2,6971.6,0.779
2025-12-01,RN-BCN-CV03,B,tienda,2263.3,1304.4,3440.5,305.1,86.2,775.2,8174.7,0.717
2025-12-01,RN-BCN-CV04,B,tienda,1753.7,1062.3,2738.1,252.4,55.6,647.6,6509.7,0.684
2025-12-01,RN-BCN-CV05,B,tienda,1640.2,971.9,2362.6,250.3,57.0,599.3,5881.3,0.701
2025-12-01,RN-BCN-CV06,B,tienda,1585.7,1037.1,2634.3,216.4,66.6,728.5,6268.6,0.737
2025-12-01,RN-BCN-CV07,B,tienda,1895.8,1139.3,2515.0,248.7,58.8,665.8,6523.4,0.74
2025-12-01,RN-BCN-CV08,B,tienda,1717.1,1141.9,2984.2,226.1,63.8,713.0,6846.1,0.714
2025-12-01,RN-BCN-ES01,B,tienda,1773.4,1125.8,116.0,270.1,1035.2,598.3,4918.8,0.792
2025-12-01,RN-BCN-ES02,B,tienda,1852.4,1074.3,128.4,316.0,1417.3,577.1,5365.5,0.697
2025-12-01,RN-BCN-ES03,B,tienda,2021.2,1321.3,121.5,323.6,1359.6,589.8,5737.0,0.74
2025-12-01,RN-BCN-ES04,B,tienda,1876.8,1177.2,118.8,300.5,1251.6,576.1,5301.0,0.684
2025-12-01,RN-BCN-ES05,B,tienda,2093.2,1393.1,127.8,318.1,1396.3,633.9,5962.4,0.724
2025-12-01,RN-BCN-ES06,B,tienda,1879.1,1340.1,133.7,310.9,1357.8,665.8,5687.4,0.709
2025-12-01,RN-BCN-ES07,B,tienda,2161.6,1285.9,134.0,289.2,1220.8,619.2,5710.7,0.822
2025-12-01,RN-BCN-ES08,B,tienda,1561.7,950.6,96.6,241.2,924.5,467.1,4241.7,0.773
2025-12-01,RN-BCN-ES09,B,tienda,2057.0,1221.8,126.2,310.3,1193.1,680.6,5589.0,0.741
2025-12-01,RN-BCN-ES10,B,tienda,1852.9,1119.5,117.0,299.7,1118.8,513.1,5021.0,0.685
2025-12-01,RN-BCN-ES11,B,tienda,1893.8,1225.4,114.3,279.4,1208.6,660.4,5381.9,0.654
2025-12-01,RN-BCN-ES12,B,tienda,1790.4,1036.1,126.8,280.3,1136.2,511.1,4880.9,0.741
2025-12-01,RN-BCN-ES13,B,tienda,2148.0,1391.2,137.4,327.2,1315.0,681.3,6000.1,0.71
2025-12-01,RN-BCN-ES14,B,tienda,2092.0,1255.2,134.2,320.8,1472.7,632.8,5907.7,0.679
2025-12-01,RN-BCN-GA01,B,tienda,37481.5,22161.3,10021.0,15300.8,9374.8,10453.0,104792.4,0.639
2025-12-01,RN-BCN-GA02,B,tienda,41696.3,27641.4,11512.5,18811.8,10626.7,13154.5,123443.2,0.677
2025-12-01,RN-BCN-HI01,B,tienda,7087.3,4027.1,9752.4,1465.2,340.5,2516.2,25188.7,0.671
2025-12-01,RN-BCN-HI02,B,tienda,10544.9,6477.4,14191.9,1881.7,595.8,4283.9,37975.6,0.734
2025-12-01,RN-BCN-HI03,B,tienda,7791.9,4669.6,9971.5,1522.7,386.7,2733.6,27076.0,0.77
2025-12-01,RN-BCN-HI04,B,tienda,8854.3,5074.6,13691.7,1907.8,523.9,3209.7,33262.0,0.79
2025-12-01,RN-BIO-CV01,E,tienda,1932.0,1184.3,3220.4,285.9,80.0,868.2,7570.8,0.784
2025-12-01,RN-BIO-CV02,E,tienda,1849.4,1217.7,3144.0,278.3,64.2,768.4,7322.0,0.795
2025-12-01,RN-BIO-CV03,E,tienda,1816.0,1110.4,2788.5,290.4,60.9,705.9,6772.1,0.867
2025-12-01,RN-BIO-CV04,E,tienda,2092.4,1353.5,3158.8,357.1,78.2,778.0,7818.0,0.84
2025-12-01,RN-BIO-ES01,E,tienda,1749.4,1204.3,117.9,318.9,1174.1,581.6,5146.2,0.843
2025-12-01,RN-BIO-ES02,E,tienda,1544.3,1053.1,108.4,282.5,930.7,499.5,4418.5,0.847
2025-12-01,RN-BIO-ES03,E,tienda,2476.2,1595.1,162.6,465.6,1446.1,748.7,6894.3,0.841
2025-12-01,RN-BIO-ES04,E,tienda,2179.0,1309.1,135.5,404.2,1513.2,691.9,6232.9,0.856
2025-12-01,RN-BIO-ES05,E,tienda,1995.4,1378.3,136.1,309.0,1223.0,598.5,5640.3,0.842
2025-12-01,RN-BIO-ES06,E,tienda,2648.0,1449.0,159.2,413.9,1570.9,795.2,7036.2,0.849
2025-12-01,RN-BIO-ES07,E,tienda,2004.4,1209.7,123.3,348.6,1305.9,641.6,5633.5,0.832
2025-12-01,RN-BIO-GA01,E,tienda,28203.9,17160.9,7832.0,11728.6,6300.1,8496.1,79721.6,0.778
2025-12-01,RN-BIO-HI01,E,tienda,9779.0,6520.3,13267.9,2181.9,460.5,3514.1,35723.7,0.854
2025-12-01,RN-BIO-HI02,E,tienda,7904.4,4222.8,9759.0,1503.3,355.7,2451.5,26196.7,0.817
2025-12-01,RN-MAD-CV01,A,tienda,1771.5,1010.3,3091.5,242.6,75.3,717.0,6908.2,0.676
2025-12-01,RN-MAD-CV02,A,tienda,1860.3,1043.6,2898.9,248.1,78.7,791.2,6920.8,0.694
2025-12-01,RN-MAD-CV03,A,tienda,1764.6,1096.2,2736.5,250.5,67.7,743.8,6659.3,0.645
2025-12-01,RN-MAD-CV04,A,tienda,1998.3,1282.4,3526.8,290.4,89.5,841.7,8029.1,0.686
2025-12-01,RN-MAD-CV05,A,tienda,1615.7,1028.7,2706.5,196.7,58.8,574.7,6181.1,0.692
2025-12-01,RN-MAD-CV06,A,tienda,1594.9,1090.5,2829.4,224.8,57.2,692.0,6488.8,0.674
2025-12-01,RN-MAD-CV07,A,tienda,1587.7,1084.5,2891.0,233.0,68.8,562.8,6427.8,0.638
2025-12-01,RN-MAD-CV08,A,tienda,2052.0,1202.7,3481.0,301.9,85.2,743.7,7866.5,0.621
2025-12-01,RN-MAD-CV09,A,tienda,2025.8,1283.6,3429.9,279.3,88.8,870.2,7977.6,0.634
2025-12-01,RN-MAD-CV10,A,tienda,1937.7,1227.9,3207.5,297.1,79.0,734.7,7483.9,0.696
2025-12-01,RN-MAD-ES01,A,tienda,2399.1,1511.1,160.6,368.5,1570.5,730.3,6740.1,0.634
2025-12-01,RN-MAD-ES02,A,tienda,1590.5,1078.1,118.2,260.8,1177.5,498.6,4723.7,0.706
2025-12-01,RN-MAD-ES03,A,tienda,2165.2,1285.9,138.7,304.3,1545.6,699.6,6139.3,0.673
2025-12-01,RN-MAD-ES04,A,tienda,1993.9,1322.5,135.0,315.5,1374.0,651.6,5792.5,0.625
2025-12-01,RN-MAD-ES05,A,tienda,1898.2,1300.9,128.5,284.0,1248.1,604.6,5464.3,0.72
2025-12-01,RN-MAD-ES06,A,tienda,2248.9,1267.3,149.1,313.9,1534.5,610.1,6123.8,0.621
2025-12-01,RN-MAD-ES07,A,tienda,2348.1,1315.2,143.8,302.8,1476.8,757.0,6343.7,0.701
2025-12-01,RN-MAD-ES08,A,tienda,2258.4,1296.8,141.8,293.3,1436.3,696.9,6123.5,0.733
2025-12-01,RN-MAD-ES09,A,tienda,2051.5,1193.3,117.5,318.3,1358.2,670.8,5709.6,0.729
2025-12-01,RN-MAD-ES10,A,tienda,1919.0,1432.0,137.4,314.6,1457.9,693.3,5954.2,0.744
2025-12-01,RN-MAD-ES11,A,tienda,1749.8,1214.9,128.5,260.0,1066.0,557.7,4976.9,0.677
2025-12-01,RN-MAD-ES12,A,tienda,2103.8,1468.0,154.6,307.1,1374.2,641.0,6048.7,0.618
2025-12-01,RN-MAD-ES13,A,tienda,1981.0,1302.2,125.0,279.6,1323.8,603.9,5615.5,0.727
2025-12-01,RN-MAD-ES14,A,tienda,1847.3,1076.0,104.9,243.6,1037.7,551.1,4860.6,0.743
2025-12-01,RN-MAD-ES15,A,tienda,1743.6,1318.7,129.8,271.0,1274.9,609.4,5347.4,0.674
2025-12-01,RN-MAD-ES16,A,tienda,1991.4,1436.6,131.9,271.8,1215.6,595.0,5642.3,0.692
2025-12-01,RN-MAD-ES17,A,tienda,2313.4,1365.3,129.0,295.5,1611.1,686.4,6400.7,0.659
2025-12-01,RN-MAD-ES18,A,tienda,2405.1,1521.2,149.8,343.6,1633.7,793.0,6846.4,0.669
2025-12-01,RN-MAD-ES19,A,tienda,2166.3,1252.4,126.0,299.9,1502.2,665.2,6012.0,0.684
2025-12-01,RN-MAD-ES20,A,tienda,1831.4,1405.3,145.0,306.9,1352.6,628.6,5669.8,0.687
2025-12-01,RN-MAD-GA01,A,tienda,45367.6,28964.2,13643.3,20932.9,14390.9,15822.5,139121.4,0.664
2025-12-01,RN-MAD-GA02,A,tienda,35720.8,20696.5,10535.1,13960.9,9253.5,10585.4,100752.2,0.623
2025-12-01,RN-MAD-GA03,A,tienda,46349.4,25281.4,11480.4,16475.5,10875.3,11660.2,122122.2,0.699
2025-12-01,RN-MAD-HI01,A,tienda,10057.9,5595.8,12372.3,1540.9,546.8,3404.1,33517.8,0.663
2025-12-01,RN-MAD-HI02,A,tienda,7737.8,4978.3,10969.1,1525.2,433.6,3038.3,28682.3,0.642
2025-12-01,RN-MAD-HI03,A,tienda,9194.4,6153.8,11587.1,1637.1,518.9,3394.9,32486.2,0.616
2025-12-01,RN-MAD-HI04,A,tienda,9761.7,5787.5,13329.3,1980.9,536.3,3799.6,35195.3,0.612
2025-12-01,RN-MAD-HI05,A,tienda,8896.3,6146.8,16502.0,1913.6,528.9,3688.8,37676.4,0.795
2025-12-01,RN-SEV-CV01,D,tienda,1507.6,827.7,2033.8,307.2,64.8,542.4,5283.5,0.519
2025-12-01,RN-SEV-CV02,D,tienda,1689.3,993.4,2385.9,335.8,77.3,601.7,6083.4,0.465
2025-12-01,RN-SEV-CV03,D,tienda,1464.3,808.7,1843.5,261.6,55.9,492.7,4926.7,0.569
2025-12-01,RN-SEV-CV04,D,tienda,1308.5,766.0,1779.5,269.5,63.1,497.0,4683.6,0.542
2025-12-01,RN-SEV-CV05,D,tienda,1184.6,752.8,1765.6,234.2,57.1,460.2,4454.5,0.465
2025-12-01,RN-SEV-CV06,D,tienda,1227.9,861.1,2204.0,278.4,64.9,460.2,5096.5,0.514
2025-12-01,RN-SEV-CV07,D,tienda,1571.7,829.2,1907.6,288.9,67.7,523.4,5188.5,0.55
2025-12-01,RN-SEV-CV08,D,tienda,1478.9,940.1,2155.3,299.0,66.5,571.4,5511.2,0.554
2025-12-01,RN-SEV-CV09,D,tienda,1522.3,928.5,2280.6,291.8,74.0,571.4,5668.6,0.519
2025-12-01,RN-SEV-CV10,D,tienda,1605.8,971.4,2152.9,315.0,69.2,632.4,5746.7,0.547
2025-12-01,RN-SEV-ES01,D,tienda,1809.2,1008.0,102.7,352.4,1168.3,527.6,4968.2,0.54
2025-12-01,RN-SEV-ES02,D,tienda,1606.1,996.7,73.3,310.1,981.1,478.7,4446.0,0.526
2025-12-01,RN-SEV-ES03,D,tienda,1575.5,1197.2,84.9,289.9,1093.8,617.3,4858.6,0.606
2025-12-01,RN-SEV-ES04,D,tienda,1415.4,994.5,81.1,254.7,812.1,452.3,4010.1,0.466
2025-12-01,RN-SEV-ES05,D,tienda,1430.8,809.7,63.2,261.9,807.6,385.6,3758.8,0.546
2025-12-01,RN-SEV-ES06,D,tienda,1686.6,1215.2,101.2,375.8,1034.1,577.9,4990.8,0.526
2025-12-01,RN-SEV-ES07,D,tienda,1902.7,1162.7,95.8,357.2,1144.7,605.5,5268.6,0.487
2025-12-01,RN-SEV-ES08,D,tienda,1645.0,1073.3,89.8,306.6,981.0,468.6,4564.3,0.557
2025-12-01,RN-SEV-ES09,D,tienda,1634.6,1100.8,84.8,304.1,1033.7,470.8,4628.8,0.46
2025-12-01,RN-SEV-ES10,D,tienda,1585.6,886.0,77.0,294.5,940.1,444.5,4227.7,0.563
2025-12-01,RN-SEV-ES11,D,tienda,1494.2,1130.5,83.3,303.1,948.9,510.6,4470.6,0.531
2025-12-01,RN-SEV-ES12,D,tienda,1564.7,917.3,68.7,295.6,898.2,397.3,4141.8,0.492
2025-12-01,RN-SEV-GA01,D,tienda,22045.2,11942.9,3768.2,9834.8,4214.6,5640.5,57446.2,0.557
2025-12-01,RN-SEV-HI01,D,tienda,6351.9,3584.1,6733.2,1565.5,327.0,2052.7,20614.4,0.523
2025-12-01,RN-SEV-HI02,D,tienda,6112.6,3853.1,8368.8,1630.1,355.7,2198.0,22518.3,0.501
2025-12-01,RN-SEV-HI03,D,tienda,5521.2,3418.1,6808.3,1614.8,347.2,1913.0,19622.6,0.567
2025-12-01,RN-SEV-HI04,D,tienda,7462.8,4402.9,8874.3,2052.3,395.6,2621.5,25809.4,0.526
2025-12-01,RN-VLC-CV01,C,tienda,1543.1,956.6,2773.9,175.4,44.5,656.7,6150.2,0.573
2025-12-01,RN-VLC-CV02,C,tienda,1454.6,1017.0,2650.3,176.9,40.8,656.1,5995.7,0.547
2025-12-01,RN-VLC-CV03,C,tienda,1540.8,1131.7,2719.4,175.5,51.3,653.7,6272.4,0.593
2025-12-01,RN-VLC-CV04,C,tienda,1458.5,884.1,2547.5,171.8,41.7,631.7,5735.3,0.598
2025-12-01,RN-VLC-CV05,C,tienda,1239.6,898.9,2138.8,133.4,35.9,495.3,4941.9,0.623
2025-12-01,RN-VLC-CV06,C,tienda,1855.6,1131.6,3211.8,189.9,58.3,662.8,7110.0,0.634
2025-12-01,RN-VLC-CV07,C,tienda,1475.6,987.9,2282.9,135.2,37.1,658.4,5577.1,0.584
2025-12-01,RN-VLC-CV08,C,tienda,1292.2,772.0,2408.6,135.2,35.9,509.6,5153.5,0.602
2025-12-01,RN-VLC-CV09,C,tienda,1423.0,837.6,2199.9,138.2,37.8,466.2,5102.7,0.641
2025-12-01,RN-VLC-ES01,C,tienda,1689.3,1006.4,168.5,272.6,1095.5,551.6,4783.9,0.646
2025-12-01,RN-VLC-ES02,C,tienda,1395.4,770.3,109.4,193.0,772.8,439.6,3680.5,0.689
2025-12-01,RN-VLC-ES03,C,tienda,1535.6,900.8,132.8,231.6,905.5,431.8,4138.1,0.583
2025-12-01,RN-VLC-ES04,C,tienda,1547.5,1097.9,134.1,253.1,1102.6,542.6,4677.8,0.582
2025-12-01,RN-VLC-ES05,C,tienda,1411.2,1116.2,138.6,217.8,978.9,521.0,4383.7,0.604
2025-12-01,RN-VLC-ES06,C,tienda,1225.8,794.9,113.3,189.3,804.2,370.9,3498.4,0.659
2025-12-01,RN-VLC-ES07,C,tienda,1495.0,1013.1,133.4,240.7,1011.2,475.7,4369.1,0.559
2025-12-01,RN-VLC-ES08,C,tienda,1953.4,980.7,162.6,251.4,1120.3,505.6,4974.0,0.6
2025-12-01,RN-VLC-ES09,C,tienda,1643.7,1096.4,130.1,229.5,927.8,478.4,4505.9,0.62
2025-12-01,RN-VLC-ES10,C,tienda,1507.0,917.8,123.8,213.8,1006.4,456.5,4225.3,0.585
2025-12-01,RN-VLC-GA01,C,tienda,30827.1,17942.6,12160.1,10961.3,7941.0,8583.2,88415.3,0.613
2025-12-01,RN-VLC-HI01,C,tienda,7429.0,4666.9,12867.5,1157.2,299.0,3100.7,29520.3,0.618
2025-12-01,RN-VLC-HI02,C,tienda,9073.1,6006.2,13715.8,1344.1,324.6,3212.8,33676.6,0.563
2025-12-01,RN-VLC-HI03,C,tienda,9045.2,6058.9,15308.2,1292.9,377.8,4066.6,36149.6,0.628
2025-12-01,RN-VLC-HI04,C,tienda,7286.1,4897.2,12649.7,1217.0,317.4,2940.2,29307.6,0.606
2025-12-01,RN-VLC-HI05,C,tienda,8287.3,5503.7,13236.2,1276.3,318.6,3437.0,32059.1,0.613
2025-12-01,RN-VLC-HI06,C,tienda,8254.0,4683.4,12118.4,1199.8,272.9,3319.7,29848.2,0.628
2025-12-01,RN-VLC-HI07,C,tienda,6701.4,3821.5,10420.4,866.3,230.8,2251.9,24292.3,0.637
