fecha,codigo_centro,grupo,num_rutas,km_totales,km_en_vacio,paradas,ocupacion_media,pct_km_en_vacio,entregas_fallidas
2024-01-01,CL-BCN-01,B,9,4411.2,877.5,122,0.746,0.199,6
2024-01-01,CL-BCN-02,B,10,4882.0,1018.4,119,0.789,0.209,2
2024-01-01,CL-BIO-01,E,9,4821.9,622.6,107,0.766,0.129,1
2024-01-01,CL-MAD-01,A,8,3731.8,431.2,122,0.646,0.116,4
2024-01-01,CL-MAD-02,A,9,4248.4,708.9,130,0.799,0.167,2
2024-01-01,CL-MAD-03,A,8,3453.2,435.1,103,0.679,0.126,3
2024-01-01,CL-SEV-01,D,9,9202.4,2584.5,64,0.689,0.281,0
2024-01-01,CL-VLC-01,C,9,4313.9,1154.3,134,0.719,0.268,1
2024-01-01,CL-VLC-02,C,9,4606.5,1147.7,115,0.727,0.249,2
2024-01-02,CL-BCN-01,B,9,4545.4,1027.1,123,0.647,0.226,2
2024-01-02,CL-BCN-02,B,8,4200.8,1107.3,128,0.755,0.264,3
2024-01-02,CL-BIO-01,E,9,4440.8,422.0,120,0.852,0.095,3
2024-01-02,CL-MAD-01,A,8,3820.0,604.0,92,0.769,0.158,6
2024-01-02,CL-MAD-02,A,9,,,105,0.848,,2
2024-01-02,CL-MAD-03,A,9,4035.4,662.3,160,0.801,0.164,4
2024-01-02,CL-SEV-01,D,9,9259.2,2892.1,94,0.593,0.312,2
2024-01-02,CL-VLC-01,C,10,5089.4,1105.4,134,0.605,0.217,3
2024-01-02,CL-VLC-02,C,9,4193.3,834.0,111,0.759,0.199,0
2024-01-03,CL-BCN-01,B,9,4285.1,845.4,100,0.652,0.197,3
2024-01-03,CL-BCN-02,B,10,4760.2,1035.2,142,0.768,0.217,5
2024-01-03,CL-BIO-01,E,9,4439.6,614.6,107,0.895,0.138,1
2024-01-03,CL-MAD-01,A,9,3975.8,680.8,140,0.73,0.171,4
2024-01-03,CL-MAD-02,A,9,4053.5,732.6,125,0.837,0.181,2
2024-01-03,CL-MAD-03,A,9,4356.9,896.1,114,0.805,0.206,5
2024-01-03,CL-SEV-01,D,8,8089.6,2520.4,69,0.595,0.312,1
2024-01-03,CL-VLC-01,C,9,4434.5,1079.1,110,0.747,0.243,2
2024-01-03,CL-VLC-02,C,7,3555.5,925.6,76,0.71,0.26,1
2024-01-04,CL-BCN-01,B,8,4011.2,885.2,96,0.809,0.221,2
2024-01-04,CL-BCN-02,B,8,3891.3,745.5,119,0.767,0.192,6
2024-01-04,CL-BIO-01,E,8,4297.4,475.1,83,0.797,0.111,0
2024-01-04,CL-MAD-01,A,9,3969.2,672.0,116,0.839,0.169,2
2024-01-04,CL-MAD-02,A,9,4015.8,874.5,149,0.895,0.218,11
2024-01-04,CL-MAD-03,A,8,3768.8,821.9,115,0.711,0.218,3
2024-01-04,CL-SEV-01,D,10,10532.5,2886.9,69,0.491,0.274,3
2024-01-04,CL-VLC-01,C,9,4299.0,693.8,129,0.692,0.161,3
2024-01-04,CL-VLC-02,C,7,3490.3,851.1,88,0.598,0.244,1
2024-01-05,CL-BCN-01,B,9,4670.7,774.1,110,0.668,0.166,2
2024-01-05,CL-BCN-02,B,9,,,137,0.689,,3
2024-01-05,CL-BIO-01,E,9,4793.9,651.5,105,0.822,0.136,0
2024-01-05,CL-MAD-01,A,9,4136.6,630.0,135,0.901,0.152,4
2024-01-05,CL-MAD-02,A,9,3915.5,493.2,126,0.836,0.126,8
2024-01-05,CL-MAD-03,A,10,4383.3,680.6,131,0.751,0.155,3
2024-01-05,CL-SEV-01,D,11,11317.5,3892.3,102,0.608,0.344,0
2024-01-05,CL-VLC-01,C,9,4478.4,1200.1,114,0.715,0.268,4
2024-01-05,CL-VLC-02,C,9,4510.6,1072.0,101,0.817,0.238,1
2024-01-06,CL-BCN-01,B,5,2669.4,642.1,68,0.774,0.241,3
2024-01-06,CL-BCN-02,B,7,3446.5,662.5,85,0.825,0.192,4
2024-01-06,CL-BIO-01,E,6,3021.9,351.0,72,0.867,0.116,1
2024-01-06,CL-MAD-01,A,6,2763.6,422.7,83,0.8,0.153,5
2024-01-06,CL-MAD-02,A,7,3276.0,532.2,100,0.838,0.162,7
2024-01-06,CL-MAD-03,A,6,2672.1,567.7,95,0.813,0.212,6
2024-01-06,CL-SEV-01,D,6,6091.8,2146.3,46,0.62,0.352,0
2024-01-06,CL-VLC-01,C,5,2540.0,509.6,66,0.665,0.201,2
2024-01-06,CL-VLC-02,C,7,3411.7,727.1,85,0.8,0.213,1
2024-01-07,CL-BCN-01,B,3,1433.7,318.8,50,0.74,0.222,0
2024-01-07,CL-BCN-02,B,2,1231.8,271.2,25,0.761,0.22,0
2024-01-07,CL-BIO-01,E,3,1331.3,153.4,36,0.824,0.115,0
2024-01-07,CL-MAD-01,A,3,1171.0,173.9,38,0.747,0.149,0
2024-01-07,CL-MAD-02,A,3,1237.9,290.3,42,0.775,0.235,0
2024-01-07,CL-MAD-03,A,3,1352.7,232.6,38,0.823,0.172,1
2024-01-07,CL-SEV-01,D,3,3222.8,1032.2,25,0.557,0.32,0
2024-01-07,CL-VLC-01,C,3,1245.3,248.0,36,0.713,0.199,3
2024-01-07,CL-VLC-02,C,3,1255.3,291.6,34,0.732,0.232,1
2024-01-08,CL-BCN-01,B,10,5033.3,908.8,138,0.726,0.181,5
2024-01-08,CL-BCN-02,B,9,4306.4,1059.9,120,0.74,0.246,4
2024-01-08,CL-BIO-01,E,8,4266.9,391.8,87,0.794,0.092,0
2024-01-08,CL-MAD-01,A,8,3488.8,636.1,120,0.775,0.182,5
2024-01-08,CL-MAD-02,A,9,4067.7,613.3,119,0.71,0.151,4
2024-01-08,CL-MAD-03,A,9,4342.1,702.4,109,0.755,0.162,8
2024-01-08,CL-SEV-01,D,8,8917.9,2815.7,79,0.542,0.316,1
2024-01-08,CL-VLC-01,C,7,3462.0,754.5,86,0.686,0.218,3
2024-01-08,CL-VLC-02,C,9,4379.4,960.3,110,0.791,0.219,4
2024-01-09,CL-BCN-01,B,8,4064.1,966.6,99,0.651,0.238,6
2024-01-09,CL-BCN-02,B,9,4531.8,899.8,111,0.691,0.199,6
2024-01-09,CL-BIO-01,E,10,4897.3,524.7,131,0.818,0.107,2
2024-01-09,CL-MAD-01,A,10,4779.4,1062.5,141,0.834,0.222,5
2024-01-09,CL-MAD-02,A,10,4460.2,775.3,135,0.766,0.174,4
2024-01-09,CL-MAD-03,A,10,4454.3,1061.2,141,0.728,0.238,3
2024-01-09,CL-SEV-01,D,8,8777.4,2567.3,59,0.603,0.292,1
2024-01-09,CL-VLC-01,C,9,4522.7,1025.3,117,0.639,0.227,5
2024-01-09,CL-VLC-02,C,10,4716.3,965.1,126,0.699,0.205,2
2024-01-10,CL-BCN-01,B,9,4590.9,1055.0,116,0.831,0.23,2
2024-01-10,CL-BCN-02,B,11,5292.4,1014.6,113,0.745,0.192,3
2024-01-10,CL-BIO-01,E,9,4489.9,465.9,117,0.826,0.104,0
2024-01-10,CL-MAD-01,A,9,4018.5,741.4,148,0.75,0.184,7
2024-01-10,CL-MAD-02,A,8,3493.5,591.5,92,0.73,0.169,1
2024-01-10,CL-MAD-03,A,9,4136.0,496.7,131,0.797,0.12,4
2024-01-10,CL-SEV-01,D,10,10678.1,4237.0,97,0.632,0.397,1
2024-01-10,CL-VLC-01,C,10,4664.2,1307.4,101,0.77,0.28,5
2024-01-10,CL-VLC-02,C,9,4613.4,942.5,94,0.672,0.204,4
2024-01-11,CL-BCN-01,B,10,4968.3,1011.3,125,0.774,0.204,5
2024-01-11,CL-BCN-02,B,9,4657.4,787.8,125,0.723,0.169,6
2024-01-11,CL-BIO-01,E,10,5066.1,673.6,107,0.838,0.133,1
2024-01-11,CL-MAD-01,A,6,2943.7,583.9,86,0.867,0.198,1
2024-01-11,CL-MAD-02,A,9,4064.6,1029.4,139,0.833,0.253,4
2024-01-11,CL-MAD-03,A,8,3564.8,809.8,103,0.673,0.227,6
2024-01-11,CL-SEV-01,D,8,8849.7,2760.1,64,0.569,0.312,0
2024-01-11,CL-VLC-01,C,10,4725.3,1039.1,81,0.726,0.22,0
2024-01-11,CL-VLC-02,C,10,4651.0,1124.8,116,0.702,0.242,2
2024-01-12,CL-BCN-01,B,9,4676.1,1122.5,115,0.798,0.24,5
2024-01-12,CL-BCN-02,B,10,4773.1,965.2,129,0.836,0.202,5
2024-01-12,CL-BIO-01,E,9,4374.0,585.7,97,0.727,0.134,0
2024-01-12,CL-MAD-01,A,7,3436.4,516.0,94,0.772,0.15,3
2024-01-12,CL-MAD-02,A,8,3522.7,721.3,99,0.818,0.205,4
2024-01-12,CL-MAD-03,A,8,3724.3,724.0,96,0.718,0.194,4
2024-01-12,CL-SEV-01,D,9,9200.8,2487.5,84,0.633,0.27,2
2024-01-12,CL-VLC-01,C,9,4584.8,1169.7,88,0.902,0.255,2
2024-01-12,CL-VLC-02,C,8,3801.8,902.5,106,0.795,0.237,2
2024-01-13,CL-BCN-01,B,6,2985.4,485.8,74,0.734,0.163,2
2024-01-13,CL-BCN-02,B,8,4011.0,778.8,115,0.667,0.194,2
2024-01-13,CL-BIO-01,E,7,3596.7,458.3,105,0.812,0.127,0
2024-01-13,CL-MAD-01,A,5,2508.3,380.4,84,0.735,0.152,3
2024-01-13,CL-MAD-02,A,6,2706.0,405.2,90,0.938,0.15,3
2024-01-13,CL-MAD-03,A,6,2918.3,500.4,88,0.749,0.171,2
2024-01-13,CL-SEV-01,D,7,7335.1,2204.4,64,0.615,0.301,0
2024-01-13,CL-VLC-01,C,6,3061.0,678.7,66,0.549,0.222,2
2024-01-13,CL-VLC-02,C,7,3199.3,779.9,77,0.772,0.244,1
2024-01-14,CL-BCN-01,B,2,1245.9,184.2,23,0.841,0.148,2
2024-01-14,CL-BCN-02,B,2,1241.1,263.8,28,0.708,0.213,0
2024-01-14,CL-BIO-01,E,3,1467.9,201.0,32,0.861,0.137,0
2024-01-14,CL-MAD-01,A,2,1111.7,269.8,28,0.81,0.243,0
2024-01-14,CL-MAD-02,A,3,1214.1,231.2,47,0.75,0.19,3
2024-01-14,CL-MAD-03,A,2,1003.1,133.9,31,0.887,0.133,2
2024-01-14,CL-SEV-01,D,3,2957.5,1003.2,19,0.617,0.339,0
2024-01-14,CL-VLC-01,C,2,1170.7,278.8,18,0.739,0.238,0
2024-01-14,CL-VLC-02,C,3,1304.4,284.6,39,0.804,0.218,3
2024-01-15,CL-BCN-01,B,8,3750.4,660.2,97,0.682,0.176,3
2024-01-15,CL-BCN-02,B,10,5078.0,1042.6,140,0.802,0.205,4
2024-01-15,CL-BIO-01,E,10,5119.2,365.1,133,0.852,0.071,2
2024-01-15,CL-MAD-01,A,9,4209.3,843.5,121,0.707,0.2,3
2024-01-15,CL-MAD-02,A,8,3859.7,603.3,86,0.772,0.156,5
2024-01-15,CL-MAD-03,A,9,4340.4,750.9,123,0.844,0.173,8
2024-01-15,CL-SEV-01,D,9,9671.0,3273.4,57,0.608,0.338,0
2024-01-15,CL-VLC-01,C,9,4227.6,780.9,94,0.71,0.185,1
2024-01-15,CL-VLC-02,C,9,4309.3,819.5,121,0.777,0.19,2
2024-01-16,CL-BCN-01,B,9,4659.3,1042.0,119,0.658,0.224,5
2024-01-16,CL-BCN-02,B,11,5560.3,1204.0,141,0.772,0.217,5
2024-01-16,CL-BIO-01,E,8,4245.6,394.5,107,0.82,0.093,2
2024-01-16,CL-MAD-01,A,8,3607.6,482.0,105,0.724,0.134,11
2024-01-16,CL-MAD-02,A,8,3826.8,567.4,119,0.748,0.148,7
2024-01-16,CL-MAD-03,A,9,4005.5,700.3,119,0.837,0.175,8
2024-01-16,CL-SEV-01,D,9,9858.3,3558.5,42,0.576,0.361,0
2024-01-16,CL-VLC-01,C,10,4895.0,1157.3,74,0.729,0.236,4
2024-01-16,CL-VLC-02,C,8,4109.2,847.7,72,0.782,0.206,2
2024-01-17,CL-BCN-01,B,8,4145.6,962.3,103,0.766,0.232,2
2024-01-17,CL-BCN-02,B,10,4968.7,967.3,127,0.808,0.195,4
2024-01-17,CL-BIO-01,E,8,3866.6,453.5,101,0.778,0.117,1
2024-01-17,CL-MAD-01,A,9,4127.7,791.1,122,0.749,0.192,0
2024-01-17,CL-MAD-02,A,10,4451.2,806.2,136,0.751,0.181,7
2024-01-17,CL-MAD-03,A,8,3617.4,767.5,120,0.729,0.212,4
2024-01-17,CL-SEV-01,D,9,9418.4,3271.2,55,0.506,0.347,0
2024-01-17,CL-VLC-01,C,8,3860.7,1075.5,79,0.776,0.279,0
2024-01-17,CL-VLC-02,C,9,4625.8,1191.5,121,0.646,0.258,4
2024-01-18,CL-BCN-01,B,9,4330.8,760.2,106,0.778,0.176,5
2024-01-18,CL-BCN-02,B,10,4753.3,697.4,116,0.677,0.147,4
2024-01-18,CL-BIO-01,E,7,3416.7,361.4,80,0.91,0.106,4
2024-01-18,CL-MAD-01,A,9,4020.5,883.6,143,0.823,0.22,3
2024-01-18,CL-MAD-02,A,9,4212.2,822.8,132,0.722,0.195,2
2024-01-18,CL-MAD-03,A,9,4078.7,626.0,131,0.742,0.153,3
2024-01-18,CL-SEV-01,D,9,10011.4,3289.0,73,0.65,0.329,1
2024-01-18,CL-VLC-01,C,7,3638.5,989.7,84,0.808,0.272,2
2024-01-18,CL-VLC-02,C,9,,,107,0.705,,2
2024-01-19,CL-BCN-01,B,9,4547.4,853.2,90,0.719,0.188,6
2024-01-19,CL-BCN-02,B,9,4269.2,927.6,125,0.759,0.217,3
2024-01-19,CL-BIO-01,E,11,5399.2,812.7,121,0.806,0.151,1
2024-01-19,CL-MAD-01,A,8,3628.3,616.0,116,0.744,0.17,4
2024-01-19,CL-MAD-02,A,9,4241.2,748.1,124,0.864,0.176,4
2024-01-19,CL-MAD-03,A,10,4566.8,1054.3,149,0.897,0.231,3
2024-01-19,CL-SEV-01,D,8,8273.4,2931.8,62,0.636,0.354,1
2024-01-19,CL-VLC-01,C,10,4684.5,974.4,133,0.703,0.208,4
2024-01-19,CL-VLC-02,C,10,4806.1,1325.0,104,0.673,0.276,2
2024-01-20,CL-BCN-01,B,6,3101.8,791.9,78,0.826,0.255,4
2024-01-20,CL-BCN-02,B,7,3545.4,682.5,83,0.766,0.193,2
2024-01-20,CL-BIO-01,E,7,3537.6,602.4,74,0.843,0.17,1
2024-01-20,CL-MAD-01,A,6,2949.2,557.1,86,0.766,0.189,4
2024-01-20,CL-MAD-02,A,7,3181.1,727.3,83,0.783,0.229,6
2024-01-20,CL-MAD-03,A,6,2967.5,628.7,86,0.706,0.212,7
2024-01-20,CL-SEV-01,D,7,7475.9,2349.3,66,0.645,0.314,0
2024-01-20,CL-VLC-01,C,7,3608.3,964.5,90,0.7,0.267,5
2024-01-20,CL-VLC-02,C,7,3426.7,802.4,78,0.725,0.234,2
2024-01-21,CL-BCN-01,B,2,1227.4,255.2,28,0.654,0.208,2
2024-01-21,CL-BCN-02,B,2,1239.1,243.7,27,0.668,0.197,1
2024-01-21,CL-BIO-01,E,3,1397.4,213.0,39,0.809,0.152,0
2024-01-21,CL-MAD-01,A,3,1291.1,270.5,36,0.772,0.21,2
2024-01-21,CL-MAD-02,A,2,1073.2,175.1,30,0.784,0.163,1
2024-01-21,CL-MAD-03,A,2,1063.2,191.8,29,0.828,0.18,3
2024-01-21,CL-SEV-01,D,3,3326.8,1069.0,24,0.652,0.321,0
2024-01-21,CL-VLC-01,C,3,1246.4,301.4,38,0.703,0.242,1
2024-01-21,CL-VLC-02,C,2,1161.8,248.8,24,0.657,0.214,0
2024-01-22,CL-BCN-01,B,9,4511.4,1031.7,130,0.699,0.229,0
2024-01-22,CL-BCN-02,B,9,4270.1,894.0,143,0.716,0.209,7
2024-01-22,CL-BIO-01,E,9,4788.6,470.4,126,0.784,0.098,1
2024-01-22,CL-MAD-01,A,9,4082.8,683.5,118,0.793,0.167,7
2024-01-22,CL-MAD-02,A,8,3727.7,515.4,101,0.757,0.138,2
2024-01-22,CL-MAD-03,A,9,4272.8,905.0,113,0.674,0.212,6
2024-01-22,CL-SEV-01,D,8,9021.2,3433.4,48,0.635,0.381,1
2024-01-22,CL-VLC-01,C,8,3850.4,794.6,84,0.671,0.206,2
2024-01-22,CL-VLC-02,C,9,4292.0,962.5,103,0.708,0.224,1
2024-01-23,CL-BCN-01,B,8,3890.3,902.9,120,0.828,0.232,5
2024-01-23,CL-BCN-02,B,8,4196.5,805.7,112,0.866,0.192,4
2024-01-23,CL-BIO-01,E,9,4621.4,637.7,102,0.869,0.138,1
2024-01-23,CL-MAD-01,A,8,3573.8,626.5,113,0.774,0.175,7
2024-01-23,CL-MAD-02,A,8,3890.8,529.3,115,0.775,0.136,8
2024-01-23,CL-MAD-03,A,9,4100.7,700.8,143,0.804,0.171,6
2024-01-23,CL-SEV-01,D,9,9840.6,3508.7,64,0.582,0.357,0
2024-01-23,CL-VLC-01,C,8,3968.4,858.9,65,0.663,0.216,0
2024-01-23,CL-VLC-02,C,8,3982.9,1045.9,95,0.764,0.263,3
2024-01-24,CL-BCN-01,B,9,4516.6,937.3,95,0.686,0.208,3
2024-01-24,CL-BCN-02,B,10,4771.2,1121.3,133,0.736,0.235,8
2024-01-24,CL-BIO-01,E,10,5200.1,801.0,100,0.973,0.154,1
2024-01-24,CL-MAD-01,A,8,3689.4,677.6,114,0.81,0.184,6
2024-01-24,CL-MAD-02,A,9,3944.8,686.6,145,0.756,0.174,8
2024-01-24,CL-MAD-03,A,9,4169.7,880.1,122,0.764,0.211,4
2024-01-24,CL-SEV-01,D,10,10313.4,3328.6,69,0.655,0.323,4
2024-01-24,CL-VLC-01,C,9,4630.1,894.7,117,0.784,0.193,2
2024-01-24,CL-VLC-02,C,10,4691.7,822.9,126,0.682,0.175,1
2024-01-25,CL-BCN-01,B,8,4080.3,788.5,104,0.701,0.193,4
2024-01-25,CL-BCN-02,B,11,5563.1,1195.5,115,0.772,0.215,2
2024-01-25,CL-BIO-01,E,9,4550.7,669.0,123,0.771,0.147,0
2024-01-25,CL-MAD-01,A,9,4197.4,644.7,140,0.833,0.154,5
2024-01-25,CL-MAD-02,A,9,4124.1,707.9,131,0.821,0.172,3
2024-01-25,CL-MAD-03,A,9,4230.3,875.3,161,0.759,0.207,6
2024-01-25,CL-SEV-01,D,8,8995.0,2756.2,57,0.646,0.306,2
2024-01-25,CL-VLC-01,C,9,4410.1,888.6,124,0.689,0.201,2
2024-01-25,CL-VLC-02,C,9,4212.0,1028.2,105,0.811,0.244,1
2024-01-26,CL-BCN-01,B,9,4555.6,1130.1,111,0.643,0.248,9
2024-01-26,CL-BCN-02,B,10,4834.6,1026.5,138,0.773,0.212,1
2024-01-26,CL-BIO-01,E,9,4330.3,562.9,100,0.956,0.13,2
2024-01-26,CL-MAD-01,A,8,3499.9,543.9,106,0.802,0.155,3
2024-01-26,CL-MAD-02,A,9,4188.2,879.3,117,0.844,0.21,4
2024-01-26,CL-MAD-03,A,8,3751.0,617.4,101,0.692,0.165,4
2024-01-26,CL-SEV-01,D,9,9964.1,3086.0,81,0.692,0.31,1
2024-01-26,CL-VLC-01,C,9,4598.7,1010.9,104,0.624,0.22,4
2024-01-26,CL-VLC-02,C,8,4145.6,779.3,90,0.833,0.188,7
2024-01-27,CL-BCN-01,B,6,3062.7,742.4,82,0.74,0.242,3
2024-01-27,CL-BCN-02,B,7,3369.1,684.3,90,0.704,0.203,3
2024-01-27,CL-BIO-01,E,6,3095.4,414.9,63,0.845,0.134,0
2024-01-27,CL-MAD-01,A,6,2872.4,360.2,82,0.838,0.125,3
2024-01-27,CL-MAD-02,A,7,3187.3,428.5,98,0.806,0.134,1
2024-01-27,CL-MAD-03,A,7,3284.8,450.0,83,0.76,0.137,4
2024-01-27,CL-SEV-01,D,6,6993.0,2334.5,52,0.694,0.334,0
2024-01-27,CL-VLC-01,C,6,2939.2,756.0,75,0.8,0.257,2
2024-01-27,CL-VLC-02,C,7,3187.8,679.2,88,0.685,0.213,2
2024-01-28,CL-BCN-01,B,3,1320.9,258.7,40,0.757,0.196,2
2024-01-28,CL-BCN-02,B,3,1327.0,226.6,42,0.783,0.171,1
2024-01-28,CL-BIO-01,E,3,1352.0,103.8,29,0.883,0.077,0
2024-01-28,CL-MAD-01,A,3,1244.9,256.6,38,0.823,0.206,1
2024-01-28,CL-MAD-02,A,3,1282.6,211.3,46,0.805,0.165,0
2024-01-28,CL-MAD-03,A,2,1108.7,190.1,29,0.824,0.171,1
2024-01-28,CL-SEV-01,D,3,3084.4,955.1,27,0.647,0.31,1
2024-01-28,CL-VLC-01,C,3,1446.7,340.1,32,0.753,0.235,1
2024-01-28,CL-VLC-02,C,3,1351.1,308.6,38,0.653,0.228,0
2024-01-29,CL-BCN-01,B,8,3932.5,859.9,112,0.805,0.219,2
2024-01-29,CL-BCN-02,B,9,4410.3,921.7,121,0.756,0.209,4
2024-01-29,CL-BIO-01,E,8,4171.1,393.0,97,0.82,0.094,1
2024-01-29,CL-MAD-01,A,10,4521.6,665.6,143,0.758,0.147,5
2024-01-29,CL-MAD-02,A,8,3672.3,511.2,115,0.865,0.139,5
2024-01-29,CL-MAD-03,A,10,4360.1,670.5,119,0.765,0.154,3
2024-01-29,CL-SEV-01,D,8,8600.5,2845.1,57,0.614,0.331,0
2024-01-29,CL-VLC-01,C,9,4563.7,1161.5,93,0.735,0.255,2
2024-01-29,CL-VLC-02,C,8,4132.7,1042.1,108,0.806,0.252,5
2024-01-30,CL-BCN-01,B,9,4721.7,986.8,97,0.844,0.209,3
2024-01-30,CL-BCN-02,B,9,4719.3,1065.4,93,0.679,0.226,1
2024-01-30,CL-BIO-01,E,9,4470.2,458.9,130,0.843,0.103,3
2024-01-30,CL-MAD-01,A,8,3521.8,576.4,113,0.706,0.164,3
2024-01-30,CL-MAD-02,A,9,4031.3,713.1,114,0.854,0.177,3
2024-01-30,CL-MAD-03,A,8,3717.1,689.1,103,0.781,0.185,4
2024-01-30,CL-SEV-01,D,9,9646.7,3681.2,93,0.578,0.382,0
2024-01-30,CL-VLC-01,C,9,4356.1,1196.8,93,0.774,0.275,3
2024-01-30,CL-VLC-02,C,8,4064.2,840.4,76,0.58,0.207,4
2024-01-31,CL-BCN-01,B,9,4636.2,1047.4,125,0.686,0.226,6
2024-01-31,CL-BCN-02,B,8,4175.1,832.3,114,0.828,0.199,2
2024-01-31,CL-BIO-01,E,8,4084.6,619.7,119,0.851,0.152,2
2024-01-31,CL-MAD-01,A,9,4237.8,824.9,119,0.71,0.195,6
2024-01-31,CL-MAD-02,A,8,3833.0,773.6,109,0.811,0.202,7
2024-01-31,CL-MAD-03,A,8,3736.4,575.4,107,0.857,0.154,2
2024-01-31,CL-SEV-01,D,7,7123.9,2266.4,60,0.625,0.318,1
2024-01-31,CL-VLC-01,C,9,4534.8,1040.4,98,0.758,0.229,1
2024-01-31,CL-VLC-02,C,9,4206.3,964.5,98,0.8,0.229,1
2024-02-01,CL-BCN-01,B,8,4188.0,847.6,119,0.83,0.202,3
2024-02-01,CL-BCN-02,B,8,3921.5,648.6,124,0.705,0.165,5
2024-02-01,CL-BIO-01,E,9,4752.5,679.3,114,0.899,0.143,1
2024-02-01,CL-MAD-01,A,9,4026.2,990.8,134,0.77,0.246,6
2024-02-01,CL-MAD-02,A,9,4097.4,638.6,153,0.87,0.156,9
2024-02-01,CL-MAD-03,A,9,4336.2,862.2,126,0.675,0.199,1
2024-02-01,CL-SEV-01,D,8,,,64,0.595,,0
2024-02-01,CL-VLC-01,C,8,4026.0,1055.0,104,0.674,0.262,2
2024-02-01,CL-VLC-02,C,9,4377.2,1020.6,114,0.805,0.233,0
2024-02-02,CL-BCN-01,B,9,4298.2,924.4,112,0.683,0.215,2
2024-02-02,CL-BCN-02,B,10,4769.2,1088.7,150,0.811,0.228,7
2024-02-02,CL-BIO-01,E,8,4241.8,378.1,97,0.786,0.089,1
2024-02-02,CL-MAD-01,A,8,3771.6,748.7,99,0.837,0.199,3
2024-02-02,CL-MAD-02,A,10,4596.0,861.5,140,0.723,0.187,5
2024-02-02,CL-MAD-03,A,9,4024.4,686.9,141,0.859,0.171,4
2024-02-02,CL-SEV-01,D,9,9918.8,3583.0,45,0.56,0.361,3
2024-02-02,CL-VLC-01,C,8,3941.1,785.0,87,0.754,0.199,1
2024-02-02,CL-VLC-02,C,9,4504.2,799.0,115,0.806,0.177,0
2024-02-03,CL-BCN-01,B,6,3052.1,576.4,74,0.779,0.189,1
2024-02-03,CL-BCN-02,B,6,2784.8,719.3,81,0.825,0.258,2
2024-02-03,CL-BIO-01,E,5,2421.7,326.2,53,0.846,0.135,1
2024-02-03,CL-MAD-01,A,7,3008.3,501.0,98,0.697,0.167,3
2024-02-03,CL-MAD-02,A,5,2514.6,378.0,63,0.726,0.15,1
2024-02-03,CL-MAD-03,A,6,2857.6,585.4,90,0.764,0.205,2
2024-02-03,CL-SEV-01,D,6,6725.6,2144.6,50,0.616,0.319,1
2024-02-03,CL-VLC-01,C,7,3472.2,786.7,86,0.661,0.227,2
2024-02-03,CL-VLC-02,C,7,3472.0,748.9,86,0.683,0.216,6
2024-02-04,CL-BCN-01,B,2,1236.7,227.6,24,0.779,0.184,0
2024-02-04,CL-BCN-02,B,2,1196.7,221.0,29,0.702,0.185,1
2024-02-04,CL-BIO-01,E,3,1405.4,173.8,41,0.768,0.124,0
2024-02-04,CL-MAD-01,A,3,1257.5,273.4,48,0.743,0.217,0
2024-02-04,CL-MAD-02,A,2,1139.3,127.0,28,0.775,0.111,0
2024-02-04,CL-MAD-03,A,3,1159.2,173.9,43,0.733,0.15,2
2024-02-04,CL-SEV-01,D,3,2696.5,866.9,18,0.562,0.321,0
2024-02-04,CL-VLC-01,C,3,1269.6,234.5,38,0.859,0.185,0
2024-02-04,CL-VLC-02,C,2,1115.3,223.2,25,0.691,0.2,0
2024-02-05,CL-BCN-01,B,9,4335.2,1012.5,116,0.767,0.234,5
2024-02-05,CL-BCN-02,B,8,3992.7,829.0,87,0.808,0.208,1
2024-02-05,CL-BIO-01,E,8,3942.2,433.3,94,0.825,0.11,1
2024-02-05,CL-MAD-01,A,9,3931.1,675.4,126,0.781,0.172,6
2024-02-05,CL-MAD-02,A,10,4425.0,620.4,145,0.803,0.14,8
2024-02-05,CL-MAD-03,A,8,3589.5,627.1,108,0.707,0.175,4
2024-02-05,CL-SEV-01,D,8,8905.5,2935.3,54,0.599,0.33,0
2024-02-05,CL-VLC-01,C,9,4480.5,620.9,83,0.713,0.139,1
2024-02-05,CL-VLC-02,C,10,4868.2,878.5,96,0.725,0.18,2
2024-02-06,CL-BCN-01,B,9,4437.9,968.8,126,0.704,0.218,7
2024-02-06,CL-BCN-02,B,9,4495.8,1037.1,132,0.739,0.231,3
2024-02-06,CL-BIO-01,E,7,3646.3,410.0,91,0.919,0.112,2
2024-02-06,CL-MAD-01,A,8,3685.3,648.0,99,0.831,0.176,3
2024-02-06,CL-MAD-02,A,8,3525.0,533.2,130,0.762,0.151,11
2024-02-06,CL-MAD-03,A,8,3743.2,679.1,115,0.842,0.181,3
2024-02-06,CL-SEV-01,D,9,9275.5,2644.1,81,0.603,0.285,1
2024-02-06,CL-VLC-01,C,9,4270.4,1023.5,92,0.812,0.24,1
2024-02-06,CL-VLC-02,C,10,4721.9,1081.6,114,0.713,0.229,4
2024-02-07,CL-BCN-01,B,9,4355.4,933.3,127,0.822,0.214,6
2024-02-07,CL-BCN-02,B,8,4146.0,791.9,103,0.793,0.191,5
2024-02-07,CL-BIO-01,E,9,4445.0,834.7,116,0.765,0.188,3
2024-02-07,CL-MAD-01,A,9,4117.7,636.2,146,0.755,0.155,4
2024-02-07,CL-MAD-02,A,9,4063.2,774.1,139,0.755,0.191,8
2024-02-07,CL-MAD-03,A,9,3911.0,528.8,137,0.849,0.135,7
2024-02-07,CL-SEV-01,D,10,11235.8,3441.8,97,0.549,0.306,3
2024-02-07,CL-VLC-01,C,9,4295.2,1053.8,109,0.792,0.245,1
2024-02-07,CL-VLC-02,C,8,3959.3,593.3,83,0.63,0.15,2
2024-02-08,CL-BCN-01,B,8,4011.1,826.8,122,0.811,0.206,5
2024-02-08,CL-BCN-02,B,8,3893.1,692.4,122,0.735,0.178,4
2024-02-08,CL-BIO-01,E,9,4681.0,642.1,112,0.886,0.137,2
2024-02-08,CL-MAD-01,A,11,5050.6,1000.9,151,0.704,0.198,4
2024-02-08,CL-MAD-02,A,8,3859.0,586.8,107,0.741,0.152,7
2024-02-08,CL-MAD-03,A,9,3987.4,802.4,114,0.714,0.201,4
2024-02-08,CL-SEV-01,D,9,9630.1,2618.7,77,0.601,0.272,1
2024-02-08,CL-VLC-01,C,8,4116.9,880.5,94,0.745,0.214,2
2024-02-08,CL-VLC-02,C,9,4388.2,604.3,86,0.687,0.138,1
2024-02-09,CL-BCN-01,B,7,3515.5,617.9,97,0.813,0.176,1
2024-02-09,CL-BCN-02,B,9,4359.8,807.1,94,0.791,0.185,6
2024-02-09,CL-BIO-01,E,8,4203.4,593.3,59,0.788,0.141,0
2024-02-09,CL-MAD-01,A,9,4002.2,672.0,148,0.684,0.168,7
2024-02-09,CL-MAD-02,A,10,4508.2,605.9,126,0.811,0.134,7
2024-02-09,CL-MAD-03,A,7,3376.9,668.4,106,0.804,0.198,6
2024-02-09,CL-SEV-01,D,8,8686.6,3264.5,77,0.58,0.376,3
2024-02-09,CL-VLC-01,C,8,3955.2,761.3,87,0.772,0.192,3
2024-02-09,CL-VLC-02,C,9,4227.9,901.7,107,0.801,0.213,3
2024-02-10,CL-BCN-01,B,6,2831.7,596.3,78,0.732,0.211,3
2024-02-10,CL-BCN-02,B,6,3146.7,631.7,65,0.752,0.201,0
2024-02-10,CL-BIO-01,E,7,3632.3,538.6,103,0.812,0.148,0
2024-02-10,CL-MAD-01,A,7,3084.4,529.8,102,0.702,0.172,5
2024-02-10,CL-MAD-02,A,6,2863.1,445.7,86,0.689,0.156,2
2024-02-10,CL-MAD-03,A,6,2640.0,475.0,81,0.863,0.18,3
2024-02-10,CL-SEV-01,D,6,6630.4,2212.9,40,0.587,0.334,1
2024-02-10,CL-VLC-01,C,6,3024.7,559.0,53,0.664,0.185,1
2024-02-10,CL-VLC-02,C,7,3280.2,621.3,80,0.77,0.189,4
2024-02-11,CL-BCN-01,B,3,1323.0,240.0,39,0.733,0.181,1
2024-02-11,CL-BCN-02,B,3,1298.4,252.6,43,0.785,0.195,1
2024-02-11,CL-BIO-01,E,3,1345.6,164.2,34,0.945,0.122,1
2024-02-11,CL-MAD-01,A,3,1148.3,251.1,45,0.763,0.219,0
2024-02-11,CL-MAD-02,A,2,1126.2,168.5,31,0.755,0.15,1
2024-02-11,CL-MAD-03,A,2,1014.3,166.0,29,0.82,0.164,2
2024-02-11,CL-SEV-01,D,3,2721.1,999.4,36,0.727,0.367,0
2024-02-11,CL-VLC-01,C,2,1218.2,303.8,27,0.812,0.249,0
2024-02-11,CL-VLC-02,C,3,1394.5,296.7,39,0.674,0.213,2
2024-02-12,CL-BCN-01,B,9,4523.1,1059.1,121,0.802,0.234,3
2024-02-12,CL-BCN-02,B,10,4878.8,1157.3,138,0.82,0.237,7
2024-02-12,CL-BIO-01,E,9,4548.9,561.8,121,0.777,0.124,1
2024-02-12,CL-MAD-01,A,8,3594.0,500.6,118,0.754,0.139,5
2024-02-12,CL-MAD-02,A,9,4041.4,642.4,108,0.732,0.159,4
2024-02-12,CL-MAD-03,A,10,4503.3,691.4,163,0.826,0.154,3
2024-02-12,CL-SEV-01,D,7,8052.7,3050.4,47,0.511,0.379,0
2024-02-12,CL-VLC-01,C,8,3734.5,879.8,82,0.673,0.236,1
2024-02-12,CL-VLC-02,C,7,3642.7,683.8,82,0.691,0.188,3
2024-02-13,CL-BCN-01,B,8,4079.1,933.7,109,0.759,0.229,5
2024-02-13,CL-BCN-02,B,10,4837.3,811.5,146,0.719,0.168,4
2024-02-13,CL-BIO-01,E,8,4273.6,450.8,103,0.749,0.105,1
2024-02-13,CL-MAD-01,A,8,3697.7,691.7,80,0.772,0.187,5
2024-02-13,CL-MAD-02,A,9,3977.0,942.7,138,0.892,0.237,6
2024-02-13,CL-MAD-03,A,8,3668.3,825.5,119,0.696,0.225,4
2024-02-13,CL-SEV-01,D,8,8999.6,2686.3,67,0.562,0.298,2
2024-02-13,CL-VLC-01,C,9,4439.7,989.6,134,0.731,0.223,1
2024-02-13,CL-VLC-02,C,9,4260.4,1017.7,96,0.705,0.239,2
2024-02-14,CL-BCN-01,B,9,4479.7,708.5,132,0.817,0.158,6
2024-02-14,CL-BCN-02,B,9,4510.3,1250.2,111,0.723,0.277,4
2024-02-14,CL-BIO-01,E,9,4516.8,494.8,134,0.808,0.11,2
2024-02-14,CL-MAD-01,A,7,3134.0,528.4,95,0.718,0.169,7
2024-02-14,CL-MAD-02,A,7,3227.8,538.5,99,0.79,0.167,4
2024-02-14,CL-MAD-03,A,10,4436.7,866.9,118,0.808,0.195,2
2024-02-14,CL-SEV-01,D,8,8422.9,3036.8,59,0.645,0.361,1
2024-02-14,CL-VLC-01,C,9,4240.8,839.4,118,0.71,0.198,3
2024-02-14,CL-VLC-02,C,8,3695.5,955.8,84,0.754,0.259,2
2024-02-15,CL-BCN-01,B,9,4675.7,932.6,125,0.774,0.199,3
2024-02-15,CL-BCN-02,B,8,3843.9,766.3,95,0.845,0.199,3
2024-02-15,CL-BIO-01,E,8,4239.5,609.5,111,0.91,0.144,2
2024-02-15,CL-MAD-01,A,8,3815.6,739.3,110,0.732,0.194,4
2024-02-15,CL-MAD-02,A,9,4304.7,862.6,147,0.764,0.2,4
2024-02-15,CL-MAD-03,A,8,3855.4,630.2,109,0.852,0.163,2
2024-02-15,CL-SEV-01,D,8,9112.8,2687.3,43,0.595,0.295,1
2024-02-15,CL-VLC-01,C,9,4505.4,953.0,135,0.778,0.212,2
2024-02-15,CL-VLC-02,C,7,3519.8,667.4,76,0.661,0.19,1
2024-02-16,CL-BCN-01,B,9,4274.4,803.4,123,0.733,0.188,4
2024-02-16,CL-BCN-02,B,9,4547.8,1116.2,105,0.805,0.245,3
2024-02-16,CL-BIO-01,E,8,4124.5,634.3,100,0.792,0.154,0
2024-02-16,CL-MAD-01,A,9,3967.8,598.2,143,0.814,0.151,8
2024-02-16,CL-MAD-02,A,8,3541.9,658.8,104,0.711,0.186,4
2024-02-16,CL-MAD-03,A,9,4120.9,965.0,118,0.773,0.234,6
2024-02-16,CL-SEV-01,D,10,10533.3,3278.6,100,0.481,0.311,2
2024-02-16,CL-VLC-01,C,9,4500.6,990.8,107,0.74,0.22,0
2024-02-16,CL-VLC-02,C,10,4679.3,966.9,136,0.669,0.207,2
2024-02-17,CL-BCN-01,B,6,3146.6,783.0,98,0.808,0.249,4
2024-02-17,CL-BCN-02,B,6,3183.3,918.0,76,0.774,0.288,4
2024-02-17,CL-BIO-01,E,6,3164.9,429.2,70,0.793,0.136,1
2024-02-17,CL-MAD-01,A,5,2509.8,307.1,70,0.8,0.122,2
2024-02-17,CL-MAD-02,A,7,3027.3,673.4,105,0.737,0.222,4
2024-02-17,CL-MAD-03,A,6,2600.8,458.7,80,0.805,0.176,7
2024-02-17,CL-SEV-01,D,6,6578.5,2252.8,70,0.631,0.342,1
2024-02-17,CL-VLC-01,C,8,3754.4,851.6,109,0.609,0.227,3
2024-02-17,CL-VLC-02,C,6,2864.6,712.4,79,0.723,0.249,2
2024-02-18,CL-BCN-01,B,3,1404.1,288.7,45,0.701,0.206,1
2024-02-18,CL-BCN-02,B,3,1355.5,307.8,37,0.82,0.227,1
2024-02-18,CL-BIO-01,E,3,1306.2,212.8,43,0.832,0.163,0
2024-02-18,CL-MAD-01,A,2,968.2,167.9,30,0.702,0.173,1
2024-02-18,CL-MAD-02,A,2,1139.9,197.5,27,0.819,0.173,0
2024-02-18,CL-MAD-03,A,2,1010.0,189.8,27,0.741,0.188,0
2024-02-18,CL-SEV-01,D,2,2529.2,847.4,13,0.652,0.335,0
2024-02-18,CL-VLC-01,C,3,1300.5,305.1,38,0.772,0.235,0
2024-02-18,CL-VLC-02,C,3,1331.1,258.3,37,0.72,0.194,0
2024-02-19,CL-BCN-01,B,6,3108.8,489.0,77,0.717,0.157,5
2024-02-19,CL-BCN-02,B,8,3823.6,853.9,102,0.859,0.223,3
2024-02-19,CL-BIO-01,E,7,3423.4,527.2,76,0.845,0.154,1
2024-02-19,CL-MAD-01,A,9,3999.7,692.4,107,0.735,0.173,6
2024-02-19,CL-MAD-02,A,7,3322.3,502.5,93,0.797,0.151,5
2024-02-19,CL-MAD-03,A,9,4320.2,771.9,132,0.832,0.179,9
2024-02-19,CL-SEV-01,D,9,9781.9,2978.8,71,0.606,0.305,1
2024-02-19,CL-VLC-01,C,9,4199.0,1183.7,89,0.753,0.282,0
2024-02-19,CL-VLC-02,C,8,3906.3,993.5,107,0.647,0.254,3
2024-02-20,CL-BCN-01,B,9,4518.8,1022.3,137,0.774,0.226,3
2024-02-20,CL-BCN-02,B,9,4694.8,1031.2,112,0.77,0.22,2
2024-02-20,CL-BIO-01,E,8,4068.0,494.6,109,0.836,0.122,1
2024-02-20,CL-MAD-01,A,7,3403.6,402.7,94,0.837,0.118,1
2024-02-20,CL-MAD-02,A,9,4042.5,741.7,145,0.719,0.183,5
2024-02-20,CL-MAD-03,A,9,3902.3,974.0,137,0.748,0.25,4
2024-02-20,CL-SEV-01,D,9,9697.9,3469.0,103,0.678,0.358,3
2024-02-20,CL-VLC-01,C,9,4298.1,908.1,98,0.756,0.211,1
2024-02-20,CL-VLC-02,C,8,4137.3,707.6,99,0.655,0.171,3
2024-02-21,CL-BCN-01,B,9,4675.5,856.5,133,0.742,0.183,2
2024-02-21,CL-BCN-02,B,8,4122.6,742.5,101,0.851,0.18,2
2024-02-21,CL-BIO-01,E,9,4461.1,672.6,106,0.824,0.151,1
2024-02-21,CL-MAD-01,A,8,3650.2,764.0,113,0.852,0.209,9
2024-02-21,CL-MAD-02,A,9,4172.0,844.2,111,0.818,0.202,6
2024-02-21,CL-MAD-03,A,9,4054.2,670.2,118,0.76,0.165,7
2024-02-21,CL-SEV-01,D,10,10305.9,2869.1,91,0.566,0.278,2
2024-02-21,CL-VLC-01,C,9,4538.3,1156.1,112,0.56,0.255,6
2024-02-21,CL-VLC-02,C,9,4420.3,1127.3,107,0.613,0.255,2
2024-02-22,CL-BCN-01,B,9,4557.1,875.7,130,0.818,0.192,1
2024-02-22,CL-BCN-02,B,8,4068.4,804.3,106,0.803,0.198,4
2024-02-22,CL-BIO-01,E,10,5011.6,629.7,128,0.895,0.126,1
2024-02-22,CL-MAD-01,A,8,3763.3,637.5,129,0.885,0.169,4
2024-02-22,CL-MAD-02,A,8,3870.0,757.3,131,0.799,0.196,2
2024-02-22,CL-MAD-03,A,9,4156.4,1024.3,118,0.797,0.246,8
2024-02-22,CL-SEV-01,D,9,9974.6,3253.8,91,0.595,0.326,3
2024-02-22,CL-VLC-01,C,9,4430.5,1020.5,86,0.77,0.23,0
2024-02-22,CL-VLC-02,C,8,4067.4,1066.1,74,0.716,0.262,2
2024-02-23,CL-BCN-01,B,8,3961.6,760.2,82,0.674,0.192,4
2024-02-23,CL-BCN-02,B,9,4310.6,981.5,117,0.693,0.228,3
2024-02-23,CL-BIO-01,E,9,4763.1,737.9,125,0.792,0.155,1
2024-02-23,CL-MAD-01,A,9,4166.6,818.0,126,0.802,0.196,2
2024-02-23,CL-MAD-02,A,9,4113.1,840.8,134,0.881,0.204,8
2024-02-23,CL-MAD-03,A,9,4201.3,861.5,124,0.766,0.205,7
2024-02-23,CL-SEV-01,D,8,9111.0,2873.6,81,0.524,0.315,1
2024-02-23,CL-VLC-01,C,9,4350.9,725.3,104,0.718,0.167,2
2024-02-23,CL-VLC-02,C,9,,,93,0.698,,2
2024-02-24,CL-BCN-01,B,7,3375.4,699.5,92,0.709,0.207,2
2024-02-24,CL-BCN-02,B,6,2987.7,654.4,90,0.76,0.219,4
2024-02-24,CL-BIO-01,E,7,3400.3,465.8,69,0.842,0.137,2
2024-02-24,CL-MAD-01,A,5,2484.2,346.3,75,0.712,0.139,0
2024-02-24,CL-MAD-02,A,6,2818.8,440.4,78,0.788,0.156,2
2024-02-24,CL-MAD-03,A,7,3018.2,500.6,96,0.782,0.166,3
2024-02-24,CL-SEV-01,D,6,6681.9,2393.0,47,0.601,0.358,1
2024-02-24,CL-VLC-01,C,6,2930.3,615.7,88,0.702,0.21,3
2024-02-24,CL-VLC-02,C,7,3561.2,936.8,71,0.798,0.263,1
2024-02-25,CL-BCN-01,B,3,1320.1,355.8,39,0.648,0.27,1
2024-02-25,CL-BCN-02,B,2,1105.1,222.5,26,0.682,0.201,0
2024-02-25,CL-BIO-01,E,2,1196.1,151.8,25,0.875,0.127,1
2024-02-25,CL-MAD-01,A,3,1259.8,253.2,33,0.771,0.201,0
2024-02-25,CL-MAD-02,A,3,1222.6,209.2,39,0.778,0.171,0
2024-02-25,CL-MAD-03,A,3,1207.8,158.9,42,0.743,0.132,4
2024-02-25,CL-SEV-01,D,3,2974.9,1010.6,26,0.581,0.34,1
2024-02-25,CL-VLC-01,C,3,1263.8,264.4,34,0.692,0.209,0
2024-02-25,CL-VLC-02,C,3,1373.5,307.9,40,0.701,0.224,2
2024-02-26,CL-BCN-01,B,7,3599.7,859.2,70,0.741,0.239,0
2024-02-26,CL-BCN-02,B,8,4121.5,1003.0,106,0.673,0.243,6
2024-02-26,CL-BIO-01,E,8,4021.4,499.8,101,0.823,0.124,3
2024-02-26,CL-MAD-01,A,8,3499.1,555.8,121,0.801,0.159,4
2024-02-26,CL-MAD-02,A,10,4409.0,821.5,169,0.819,0.186,9
2024-02-26,CL-MAD-03,A,9,4033.9,858.5,114,0.8,0.213,6
2024-02-26,CL-SEV-01,D,9,10085.0,2816.7,69,0.63,0.279,0
2024-02-26,CL-VLC-01,C,8,4042.6,1044.2,92,0.735,0.258,0
2024-02-26,CL-VLC-02,C,9,4344.5,1017.2,119,0.739,0.234,0
2024-02-27,CL-BCN-01,B,10,5006.3,1068.3,158,0.811,0.213,8
2024-02-27,CL-BCN-02,B,10,4894.6,871.4,99,0.827,0.178,3
2024-02-27,CL-BIO-01,E,10,5037.1,455.0,106,0.82,0.09,0
2024-02-27,CL-MAD-01,A,10,4448.3,923.8,156,0.722,0.208,7
2024-02-27,CL-MAD-02,A,8,3893.6,689.0,111,0.801,0.177,5
2024-02-27,CL-MAD-03,A,8,3605.4,718.2,116,0.746,0.199,5
2024-02-27,CL-SEV-01,D,8,9124.0,3064.1,54,0.647,0.336,0
2024-02-27,CL-VLC-01,C,8,3836.5,890.0,114,0.67,0.232,3
2024-02-27,CL-VLC-02,C,9,4538.9,1190.3,119,0.735,0.262,2
2024-02-28,CL-BCN-01,B,9,4687.1,799.4,131,0.868,0.171,2
2024-02-28,CL-BCN-02,B,9,4499.2,1062.2,107,0.721,0.236,3
2024-02-28,CL-BIO-01,E,9,4367.3,499.6,100,0.791,0.114,4
2024-02-28,CL-MAD-01,A,7,3183.5,594.0,100,0.847,0.187,4
2024-02-28,CL-MAD-02,A,7,3230.4,668.8,104,0.784,0.207,3
2024-02-28,CL-MAD-03,A,8,3497.4,662.6,113,0.724,0.189,2
2024-02-28,CL-SEV-01,D,9,9597.1,3578.2,81,0.661,0.373,0
2024-02-28,CL-VLC-01,C,7,3507.3,514.2,79,0.753,0.147,0
2024-02-28,CL-VLC-02,C,8,4005.7,799.4,84,0.679,0.2,1
2024-02-29,CL-BCN-01,B,8,3994.9,836.0,117,0.789,0.209,2
2024-02-29,CL-BCN-02,B,10,4891.4,1071.9,139,0.669,0.219,1
2024-02-29,CL-BIO-01,E,9,4572.8,497.8,125,0.832,0.109,3
2024-02-29,CL-MAD-01,A,10,4380.7,634.7,145,0.699,0.145,4
2024-02-29,CL-MAD-02,A,8,3571.3,544.2,101,0.854,0.152,3
2024-02-29,CL-MAD-03,A,10,4461.7,768.5,146,0.793,0.172,4
2024-02-29,CL-SEV-01,D,8,8147.0,2711.2,61,0.665,0.333,1
2024-02-29,CL-VLC-01,C,8,4127.2,1164.4,100,0.716,0.282,0
2024-02-29,CL-VLC-02,C,7,3497.2,687.9,83,0.682,0.197,0
2024-03-01,CL-BCN-01,B,9,4489.0,940.4,141,0.706,0.209,7
2024-03-01,CL-BCN-02,B,11,5631.1,1243.5,90,0.685,0.221,2
2024-03-01,CL-BIO-01,E,9,4724.0,804.3,124,0.837,0.17,2
2024-03-01,CL-MAD-01,A,10,4422.2,784.3,135,0.903,0.177,10
2024-03-01,CL-MAD-02,A,10,4561.6,965.1,148,0.658,0.212,3
2024-03-01,CL-MAD-03,A,8,3879.0,751.2,145,0.773,0.194,2
2024-03-01,CL-SEV-01,D,10,11223.6,3801.0,138,0.691,0.339,3
2024-03-01,CL-VLC-01,C,10,4748.3,1483.4,121,0.809,0.312,1
2024-03-01,CL-VLC-02,C,10,4902.0,817.0,141,0.786,0.167,6
2024-03-02,CL-BCN-01,B,7,3464.8,625.7,97,0.818,0.181,0
2024-03-02,CL-BCN-02,B,8,3851.0,777.0,91,0.757,0.202,1
2024-03-02,CL-BIO-01,E,7,3640.3,550.5,83,0.818,0.151,1
2024-03-02,CL-MAD-01,A,7,3321.3,752.7,87,0.761,0.227,4
2024-03-02,CL-MAD-02,A,7,2987.4,501.5,115,0.756,0.168,4
2024-03-02,CL-MAD-03,A,8,3484.0,539.6,103,0.653,0.155,6
2024-03-02,CL-SEV-01,D,7,7549.5,2723.5,54,0.642,0.361,1
2024-03-02,CL-VLC-01,C,7,3381.6,738.7,98,0.646,0.218,1
2024-03-02,CL-VLC-02,C,8,3846.9,704.0,95,0.666,0.183,1
2024-03-03,CL-BCN-01,B,3,1727.8,378.0,36,0.78,0.219,2
2024-03-03,CL-BCN-02,B,3,1622.0,369.6,43,0.839,0.228,1
2024-03-03,CL-BIO-01,E,3,1443.8,194.8,33,0.825,0.135,1
2024-03-03,CL-MAD-01,A,3,1281.6,256.0,40,0.723,0.2,0
2024-03-03,CL-MAD-02,A,3,1437.6,265.4,39,0.796,0.185,0
2024-03-03,CL-MAD-03,A,3,1382.2,284.1,44,0.851,0.206,2
2024-03-03,CL-SEV-01,D,3,3066.5,964.8,25,0.635,0.315,0
2024-03-03,CL-VLC-01,C,3,1581.6,420.6,34,0.736,0.266,0
2024-03-03,CL-VLC-02,C,3,1317.6,310.2,38,0.725,0.235,1
2024-03-04,CL-BCN-01,B,9,4552.9,726.0,108,0.813,0.159,7
2024-03-04,CL-BCN-02,B,10,4951.6,1204.3,117,0.769,0.243,4
2024-03-04,CL-BIO-01,E,10,4939.6,686.6,122,0.857,0.139,1
2024-03-04,CL-MAD-01,A,8,3610.7,569.1,128,0.759,0.158,2
2024-03-04,CL-MAD-02,A,11,5142.8,1086.9,182,0.794,0.211,7
2024-03-04,CL-MAD-03,A,9,3979.1,687.1,100,0.812,0.173,4
2024-03-04,CL-SEV-01,D,10,11106.4,3544.2,88,0.622,0.319,1
2024-03-04,CL-VLC-01,C,10,4889.2,1246.5,117,0.616,0.255,2
2024-03-04,CL-VLC-02,C,11,5378.8,1220.8,130,0.704,0.227,3
2024-03-05,CL-BCN-01,B,9,4570.2,868.4,111,0.647,0.19,3
2024-03-05,CL-BCN-02,B,10,5095.8,1049.3,127,0.771,0.206,6
2024-03-05,CL-BIO-01,E,10,5271.6,798.0,126,0.884,0.151,2
2024-03-05,CL-MAD-01,A,11,5042.2,963.7,191,0.809,0.191,11
2024-03-05,CL-MAD-02,A,11,5159.5,771.3,149,0.73,0.149,6
2024-03-05,CL-MAD-03,A,8,3493.4,550.0,108,0.668,0.157,5
2024-03-05,CL-SEV-01,D,10,10628.3,3308.3,102,0.686,0.311,1
2024-03-05,CL-VLC-01,C,11,5606.0,1215.0,133,0.649,0.217,6
2024-03-05,CL-VLC-02,C,10,5032.2,1127.8,122,0.652,0.224,2
2024-03-06,CL-BCN-01,B,10,4966.6,879.3,154,0.7,0.177,4
2024-03-06,CL-BCN-02,B,8,3828.7,774.1,111,0.656,0.202,4
2024-03-06,CL-BIO-01,E,10,4902.8,476.2,122,0.82,0.097,1
2024-03-06,CL-MAD-01,A,10,4676.6,784.5,148,0.799,0.168,5
2024-03-06,CL-MAD-02,A,9,4189.0,693.8,121,0.751,0.166,3
2024-03-06,CL-MAD-03,A,10,4746.9,834.8,135,0.86,0.176,9
2024-03-06,CL-SEV-01,D,10,10384.8,3996.3,95,0.61,0.385,2
2024-03-06,CL-VLC-01,C,9,4465.8,1151.7,142,0.711,0.258,0
2024-03-06,CL-VLC-02,C,10,4701.8,1154.6,129,0.723,0.246,6
2024-03-07,CL-BCN-01,B,10,5246.3,1135.2,151,0.686,0.216,7
2024-03-07,CL-BCN-02,B,10,5165.4,1255.1,123,0.834,0.243,6
2024-03-07,CL-BIO-01,E,10,5200.2,937.6,133,0.876,0.18,0
2024-03-07,CL-MAD-01,A,10,4797.2,842.1,145,0.825,0.176,6
2024-03-07,CL-MAD-02,A,8,3760.3,666.5,113,0.799,0.177,6
2024-03-07,CL-MAD-03,A,9,4309.0,891.0,133,0.78,0.207,6
2024-03-07,CL-SEV-01,D,8,9048.1,3375.0,65,0.633,0.373,1
2024-03-07,CL-VLC-01,C,9,4591.7,1018.3,114,0.648,0.222,2
2024-03-07,CL-VLC-02,C,10,4664.3,1217.3,131,0.667,0.261,2
2024-03-08,CL-BCN-01,B,11,5558.5,1386.0,170,0.618,0.249,10
2024-03-08,CL-BCN-02,B,9,4301.8,962.9,107,0.787,0.224,5
2024-03-08,CL-BIO-01,E,9,4661.5,347.3,112,0.954,0.075,1
2024-03-08,CL-MAD-01,A,8,3708.2,637.7,98,0.773,0.172,5
2024-03-08,CL-MAD-02,A,10,4511.8,828.0,105,0.843,0.184,2
2024-03-08,CL-MAD-03,A,10,4668.2,752.7,168,0.77,0.161,4
2024-03-08,CL-SEV-01,D,10,10474.0,3420.4,78,0.544,0.327,0
2024-03-08,CL-VLC-01,C,10,5023.0,1033.2,106,0.751,0.206,3
2024-03-08,CL-VLC-02,C,9,4463.7,1263.5,98,0.714,0.283,1
2024-03-09,CL-BCN-01,B,8,3989.0,899.1,111,0.813,0.225,4
2024-03-09,CL-BCN-02,B,7,3565.8,760.0,85,0.778,0.213,6
2024-03-09,CL-BIO-01,E,7,3458.2,370.1,84,0.743,0.107,2
2024-03-09,CL-MAD-01,A,7,3153.0,398.1,85,0.716,0.126,2
2024-03-09,CL-MAD-02,A,7,3019.2,498.0,79,0.715,0.165,4
2024-03-09,CL-MAD-03,A,8,3510.6,734.6,114,0.748,0.209,7
2024-03-09,CL-SEV-01,D,7,7546.1,2699.6,54,0.626,0.358,0
2024-03-09,CL-VLC-01,C,8,3798.6,913.7,88,0.806,0.241,1
2024-03-09,CL-VLC-02,C,9,4195.2,745.0,95,0.745,0.178,4
2024-03-10,CL-BCN-01,B,3,1484.8,394.4,41,0.678,0.266,1
2024-03-10,CL-BCN-02,B,3,1552.3,288.0,46,0.804,0.186,3
2024-03-10,CL-BIO-01,E,3,,,40,0.816,,1
2024-03-10,CL-MAD-01,A,3,1158.3,142.5,41,0.808,0.123,2
2024-03-10,CL-MAD-02,A,3,1512.2,294.9,41,0.775,0.195,2
2024-03-10,CL-MAD-03,A,3,1516.6,354.4,46,0.745,0.234,2
2024-03-10,CL-SEV-01,D,3,3375.0,1168.3,26,0.595,0.346,1
2024-03-10,CL-VLC-01,C,3,1480.9,231.4,39,0.735,0.156,0
2024-03-10,CL-VLC-02,C,3,1551.7,300.6,35,0.717,0.194,2
2024-03-11,CL-BCN-01,B,11,5379.9,1350.9,145,0.836,0.251,4
2024-03-11,CL-BCN-02,B,9,4690.6,1254.4,125,0.585,0.267,11
2024-03-11,CL-BIO-01,E,10,5072.3,708.7,105,0.926,0.14,2
2024-03-11,CL-MAD-01,A,10,4387.2,775.6,150,0.781,0.177,6
2024-03-11,CL-MAD-02,A,9,3932.3,792.3,121,0.745,0.201,2
2024-03-11,CL-MAD-03,A,10,4712.8,909.4,172,0.821,0.193,6
2024-03-11,CL-SEV-01,D,10,10291.7,3220.0,75,0.641,0.313,2
2024-03-11,CL-VLC-01,C,10,5034.9,1214.8,130,0.716,0.241,3
2024-03-11,CL-VLC-02,C,10,4732.3,943.3,123,0.802,0.199,0
2024-03-12,CL-BCN-01,B,10,4823.9,977.2,111,0.705,0.203,2
2024-03-12,CL-BCN-02,B,10,5010.7,1028.4,127,0.743,0.205,2
2024-03-12,CL-BIO-01,E,9,4792.8,831.5,91,0.792,0.173,0
2024-03-12,CL-MAD-01,A,11,4920.7,995.3,131,0.83,0.202,7
2024-03-12,CL-MAD-02,A,10,4438.0,810.5,118,0.948,0.183,5
2024-03-12,CL-MAD-03,A,11,4922.7,778.2,149,0.777,0.158,8
2024-03-12,CL-SEV-01,D,10,10759.4,3777.7,76,0.61,0.351,1
2024-03-12,CL-VLC-01,C,10,4839.7,1152.9,116,0.723,0.238,3
2024-03-12,CL-VLC-02,C,10,4860.4,1172.4,107,0.723,0.241,6
2024-03-13,CL-BCN-01,B,9,4734.6,806.0,127,0.7,0.17,4
2024-03-13,CL-BCN-02,B,8,4125.7,685.4,115,0.73,0.166,7
2024-03-13,CL-BIO-01,E,9,4435.6,635.2,122,0.845,0.143,1
2024-03-13,CL-MAD-01,A,8,3511.9,739.7,98,0.801,0.211,3
2024-03-13,CL-MAD-02,A,10,4493.8,569.0,150,0.856,0.127,5
2024-03-13,CL-MAD-03,A,11,4865.2,992.3,175,0.788,0.204,6
2024-03-13,CL-SEV-01,D,11,11821.9,4076.2,84,0.492,0.345,0
2024-03-13,CL-VLC-01,C,10,4763.6,1114.2,108,0.723,0.234,1
2024-03-13,CL-VLC-02,C,7,3590.4,813.9,92,0.84,0.227,2
2024-03-14,CL-BCN-01,B,10,5191.1,1193.1,112,0.736,0.23,4
2024-03-14,CL-BCN-02,B,9,4536.4,1139.8,111,0.654,0.251,5
2024-03-14,CL-BIO-01,E,10,5084.8,488.3,120,0.827,0.096,2
2024-03-14,CL-MAD-01,A,9,4145.0,822.8,111,0.861,0.199,4
2024-03-14,CL-MAD-02,A,11,5128.0,871.8,144,0.782,0.17,4
2024-03-14,CL-MAD-03,A,11,4890.9,882.8,149,0.831,0.18,7
2024-03-14,CL-SEV-01,D,9,9445.2,3511.3,49,0.526,0.372,1
2024-03-14,CL-VLC-01,C,10,4913.3,1440.5,142,0.753,0.293,4
2024-03-14,CL-VLC-02,C,9,4251.3,746.8,86,0.808,0.176,4
2024-03-15,CL-BCN-01,B,11,5496.5,1473.6,129,0.744,0.268,8
2024-03-15,CL-BCN-02,B,8,3825.7,836.3,106,0.715,0.219,4
2024-03-15,CL-BIO-01,E,11,5783.8,568.2,136,0.903,0.098,2
2024-03-15,CL-MAD-01,A,10,4417.7,741.8,138,0.76,0.168,3
2024-03-15,CL-MAD-02,A,9,4339.5,645.4,134,0.835,0.149,10
2024-03-15,CL-MAD-03,A,10,4605.6,814.4,157,0.766,0.177,9
2024-03-15,CL-SEV-01,D,11,11323.4,3851.9,49,0.548,0.34,0
2024-03-15,CL-VLC-01,C,10,4774.3,1254.4,115,0.672,0.263,4
2024-03-15,CL-VLC-02,C,11,5522.9,1133.3,155,0.746,0.205,2
2024-03-16,CL-BCN-01,B,7,3693.0,902.0,87,0.854,0.244,4
2024-03-16,CL-BCN-02,B,8,4147.8,909.4,103,0.843,0.219,2
2024-03-16,CL-BIO-01,E,8,4219.7,651.5,86,0.8,0.154,2
2024-03-16,CL-MAD-01,A,7,3395.4,647.9,109,0.714,0.191,3
2024-03-16,CL-MAD-02,A,7,3382.1,577.5,108,0.787,0.171,6
2024-03-16,CL-MAD-03,A,7,3331.2,700.5,93,0.809,0.21,2
2024-03-16,CL-SEV-01,D,7,7327.9,3074.0,67,0.568,0.419,1
2024-03-16,CL-VLC-01,C,7,3612.3,848.5,91,0.722,0.235,4
2024-03-16,CL-VLC-02,C,8,3951.2,795.3,101,0.643,0.201,3
2024-03-17,CL-BCN-01,B,3,1306.9,286.9,40,0.741,0.22,0
2024-03-17,CL-BCN-02,B,3,1376.8,271.3,41,0.757,0.197,0
2024-03-17,CL-BIO-01,E,3,1557.9,287.5,39,0.769,0.185,0
2024-03-17,CL-MAD-01,A,3,1501.3,292.5,45,0.776,0.195,2
2024-03-17,CL-MAD-02,A,3,1297.1,283.8,53,0.776,0.219,2
2024-03-17,CL-MAD-03,A,3,1486.3,295.6,42,0.823,0.199,0
2024-03-17,CL-SEV-01,D,3,2937.2,1131.8,16,0.589,0.385,0
2024-03-17,CL-VLC-01,C,3,1618.6,337.0,34,0.742,0.208,0
2024-03-17,CL-VLC-02,C,3,1429.4,317.7,39,0.727,0.222,4
2024-03-18,CL-BCN-01,B,12,5944.8,1322.2,148,0.826,0.222,3
2024-03-18,CL-BCN-02,B,10,4823.9,925.7,130,0.793,0.192,4
2024-03-18,CL-BIO-01,E,10,4859.6,728.0,98,0.82,0.15,2
2024-03-18,CL-MAD-01,A,10,,,113,0.86,,8
2024-03-18,CL-MAD-02,A,10,4394.1,797.6,132,0.713,0.182,1
2024-03-18,CL-MAD-03,A,9,4322.4,773.2,105,0.667,0.179,7
2024-03-18,CL-SEV-01,D,10,10947.0,3466.9,80,0.601,0.317,4
2024-03-18,CL-VLC-01,C,11,5479.9,1167.3,133,0.74,0.213,5
2024-03-18,CL-VLC-02,C,12,5633.6,1332.9,140,0.67,0.237,5
2024-03-19,CL-BCN-01,B,10,5162.0,1056.8,145,0.741,0.205,8
2024-03-19,CL-BCN-02,B,9,4545.4,868.3,111,0.761,0.191,3
2024-03-19,CL-BIO-01,E,10,5009.8,809.3,100,0.778,0.162,1
2024-03-19,CL-MAD-01,A,9,4320.1,721.6,112,0.864,0.167,3
2024-03-19,CL-MAD-02,A,10,,,147,0.785,,8
2024-03-19,CL-MAD-03,A,10,4537.2,970.7,155,0.799,0.214,12
2024-03-19,CL-SEV-01,D,10,10269.7,3411.8,87,0.606,0.332,0
2024-03-19,CL-VLC-01,C,10,4968.2,1045.7,98,0.797,0.21,2
2024-03-19,CL-VLC-02,C,10,4817.8,1136.4,122,0.698,0.236,6
2024-03-20,CL-BCN-01,B,10,4749.4,931.9,132,0.78,0.196,6
2024-03-20,CL-BCN-02,B,11,5433.0,1467.5,134,0.702,0.27,2
2024-03-20,CL-BIO-01,E,10,4880.0,534.3,118,0.77,0.109,0
2024-03-20,CL-MAD-01,A,9,4207.8,671.9,136,0.762,0.16,6
2024-03-20,CL-MAD-02,A,9,4352.2,660.2,121,0.756,0.152,2
2024-03-20,CL-MAD-03,A,9,3916.3,673.8,130,0.736,0.172,7
2024-03-20,CL-SEV-01,D,10,11137.2,3904.5,71,0.446,0.351,1
2024-03-20,CL-VLC-01,C,10,4813.9,1375.0,126,0.733,0.286,2
2024-03-20,CL-VLC-02,C,10,4726.9,969.8,113,0.829,0.205,4
2024-03-21,CL-BCN-01,B,11,5509.1,1116.1,158,0.839,0.203,6
2024-03-21,CL-BCN-02,B,9,4509.1,835.8,123,0.694,0.185,6
2024-03-21,CL-BIO-01,E,10,5245.5,808.4,129,0.895,0.154,1
2024-03-21,CL-MAD-01,A,10,4364.7,822.4,149,0.751,0.188,3
2024-03-21,CL-MAD-02,A,10,4531.2,1108.3,126,0.75,0.245,6
2024-03-21,CL-MAD-03,A,12,5324.1,929.4,157,0.793,0.175,7
2024-03-21,CL-SEV-01,D,10,10639.3,3396.3,90,0.754,0.319,1
2024-03-21,CL-VLC-01,C,9,4551.3,961.0,79,0.6,0.211,1
2024-03-21,CL-VLC-02,C,9,4627.0,891.9,109,0.792,0.193,2
2024-03-22,CL-BCN-01,B,10,4902.6,747.7,140,0.69,0.153,5
2024-03-22,CL-BCN-02,B,9,4517.0,741.7,106,0.794,0.164,4
2024-03-22,CL-BIO-01,E,9,4558.4,755.8,115,0.886,0.166,0
2024-03-22,CL-MAD-01,A,9,4033.8,990.4,109,0.737,0.246,6
2024-03-22,CL-MAD-02,A,10,4589.1,571.1,163,0.723,0.124,5
2024-03-22,CL-MAD-03,A,9,4072.5,699.9,123,0.694,0.172,5
2024-03-22,CL-SEV-01,D,11,11380.3,4191.3,120,0.66,0.368,1
2024-03-22,CL-VLC-01,C,8,4090.5,1000.4,104,0.795,0.245,5
2024-03-22,CL-VLC-02,C,11,5376.0,1396.7,137,0.85,0.26,2
2024-03-23,CL-BCN-01,B,7,3686.7,715.5,98,0.824,0.194,3
2024-03-23,CL-BCN-02,B,8,3753.5,966.1,105,0.793,0.257,3
2024-03-23,CL-BIO-01,E,8,3941.6,650.0,99,0.824,0.165,0
2024-03-23,CL-MAD-01,A,8,3665.9,602.3,104,0.837,0.164,2
2024-03-23,CL-MAD-02,A,7,3156.2,581.3,96,0.794,0.184,6
2024-03-23,CL-MAD-03,A,8,3597.3,499.7,121,0.762,0.139,8
2024-03-23,CL-SEV-01,D,6,6635.6,2123.5,53,0.607,0.32,0
2024-03-23,CL-VLC-01,C,8,4110.4,1038.1,92,0.724,0.253,3
2024-03-23,CL-VLC-02,C,8,3680.8,776.8,125,0.605,0.211,1
2024-03-24,CL-BCN-01,B,3,1704.5,302.2,39,0.8,0.177,0
2024-03-24,CL-BCN-02,B,3,1691.9,363.2,36,0.778,0.215,3
2024-03-24,CL-BIO-01,E,3,1652.7,194.5,31,0.849,0.118,2
2024-03-24,CL-MAD-01,A,3,1342.4,254.4,45,0.796,0.19,1
2024-03-24,CL-MAD-02,A,3,1240.1,248.1,41,0.67,0.2,0
2024-03-24,CL-MAD-03,A,3,1265.3,190.7,48,0.747,0.151,0
2024-03-24,CL-SEV-01,D,3,3489.6,1255.2,31,0.483,0.36,2
2024-03-24,CL-VLC-01,C,3,1281.8,290.4,35,0.703,0.227,0
2024-03-24,CL-VLC-02,C,3,1369.6,319.1,31,0.705,0.233,1
2024-03-25,CL-BCN-01,B,11,5328.1,959.8,160,0.746,0.18,4
2024-03-25,CL-BCN-02,B,9,4709.1,1273.9,129,0.677,0.271,1
2024-03-25,CL-BIO-01,E,10,5204.3,685.9,114,0.745,0.132,0
2024-03-25,CL-MAD-01,A,11,4855.3,750.8,168,0.789,0.155,12
2024-03-25,CL-MAD-02,A,9,4094.4,844.9,124,0.99,0.206,6
2024-03-25,CL-MAD-03,A,11,5192.6,978.9,160,0.732,0.189,6
2024-03-25,CL-SEV-01,D,10,10377.3,2844.0,90,0.664,0.274,2
2024-03-25,CL-VLC-01,C,11,5309.7,1204.2,134,0.703,0.227,4
2024-03-25,CL-VLC-02,C,11,5204.8,1316.3,151,0.687,0.253,2
2024-03-26,CL-BCN-01,B,9,4712.2,996.3,135,0.741,0.211,0
2024-03-26,CL-BCN-02,B,10,4880.1,1104.8,133,0.696,0.226,2
2024-03-26,CL-BIO-01,E,11,5503.6,609.1,153,0.808,0.111,1
2024-03-26,CL-MAD-01,A,10,4428.7,710.3,147,0.786,0.16,6
2024-03-26,CL-MAD-02,A,8,3580.7,656.7,96,0.739,0.183,0
2024-03-26,CL-MAD-03,A,11,5110.4,1183.5,137,0.919,0.232,6
2024-03-26,CL-SEV-01,D,11,12190.1,4572.4,77,0.684,0.375,0
2024-03-26,CL-VLC-01,C,11,5382.9,1106.8,104,0.769,0.206,3
2024-03-26,CL-VLC-02,C,9,4552.3,1058.0,88,0.762,0.232,0
2024-03-27,CL-BCN-01,B,10,4975.6,644.3,136,0.762,0.129,6
2024-03-27,CL-BCN-02,B,10,5076.2,959.5,146,0.713,0.189,6
2024-03-27,CL-BIO-01,E,9,4334.5,833.7,132,0.69,0.192,2
2024-03-27,CL-MAD-01,A,10,4596.5,839.5,158,0.792,0.183,4
2024-03-27,CL-MAD-02,A,11,5125.3,1022.5,169,0.797,0.2,9
2024-03-27,CL-MAD-03,A,9,4039.0,609.1,115,0.911,0.151,7
2024-03-27,CL-SEV-01,D,11,12243.8,4018.8,63,0.606,0.328,1
2024-03-27,CL-VLC-01,C,9,4623.5,987.8,112,0.709,0.214,0
2024-03-27,CL-VLC-02,C,11,5226.5,1222.1,151,0.734,0.234,1
2024-03-28,CL-BCN-01,B,10,4997.8,936.2,138,0.642,0.187,8
2024-03-28,CL-BCN-02,B,10,4966.5,912.5,122,0.811,0.184,6
2024-03-28,CL-BIO-01,E,10,4954.0,365.6,137,0.805,0.074,2
2024-03-28,CL-MAD-01,A,11,4820.3,810.2,156,0.798,0.168,9
2024-03-28,CL-MAD-02,A,10,4423.6,469.2,156,0.788,0.106,5
2024-03-28,CL-MAD-03,A,9,4304.8,754.7,130,0.807,0.175,8
2024-03-28,CL-SEV-01,D,9,9881.3,3600.4,63,0.568,0.364,0
2024-03-28,CL-VLC-01,C,8,3950.9,498.0,94,0.695,0.126,2
2024-03-28,CL-VLC-02,C,10,4708.6,948.6,127,0.573,0.201,2
2024-03-29,CL-BCN-01,B,8,3890.7,910.1,101,0.782,0.234,5
2024-03-29,CL-BCN-02,B,10,5097.5,1070.8,103,0.791,0.21,2
2024-03-29,CL-BIO-01,E,10,5176.0,850.6,90,0.744,0.164,0
2024-03-29,CL-MAD-01,A,10,4754.9,1261.2,136,0.761,0.265,9
2024-03-29,CL-MAD-02,A,9,4279.3,701.4,140,0.817,0.164,11
2024-03-29,CL-MAD-03,A,11,5238.9,653.0,152,0.855,0.125,6
2024-03-29,CL-SEV-01,D,10,10462.7,3719.1,96,0.709,0.355,0
2024-03-29,CL-VLC-01,C,9,4374.8,986.4,100,0.772,0.225,3
2024-03-29,CL-VLC-02,C,10,4847.6,967.7,144,0.593,0.2,1
2024-03-30,CL-BCN-01,B,7,3315.4,746.0,101,0.761,0.225,6
2024-03-30,CL-BCN-02,B,8,4081.3,948.4,108,0.779,0.232,3
2024-03-30,CL-BIO-01,E,6,2977.3,330.6,83,0.691,0.111,0
2024-03-30,CL-MAD-01,A,8,3603.1,571.3,112,0.716,0.159,4
2024-03-30,CL-MAD-02,A,7,3160.1,504.0,83,0.812,0.159,2
2024-03-30,CL-MAD-03,A,7,3143.9,606.4,100,0.779,0.193,7
2024-03-30,CL-SEV-01,D,8,8542.3,2797.7,52,0.602,0.328,0
2024-03-30,CL-VLC-01,C,8,3683.0,941.6,77,0.82,0.256,1
2024-03-30,CL-VLC-02,C,9,4282.8,920.0,100,0.683,0.215,3
2024-03-31,CL-BCN-01,B,3,1418.5,209.2,41,0.768,0.147,2
2024-03-31,CL-BCN-02,B,3,,,44,0.695,,2
2024-03-31,CL-BIO-01,E,3,1390.7,178.6,41,0.934,0.128,0
2024-03-31,CL-MAD-01,A,3,1369.2,173.8,37,0.75,0.127,1
2024-03-31,CL-MAD-02,A,3,1427.8,244.9,38,0.792,0.172,0
2024-03-31,CL-MAD-03,A,3,1518.4,298.1,46,0.835,0.196,2
2024-03-31,CL-SEV-01,D,3,3238.6,1165.5,29,0.523,0.36,1
2024-03-31,CL-VLC-01,C,3,1384.3,284.3,28,0.635,0.205,1
2024-03-31,CL-VLC-02,C,3,1536.2,280.1,42,0.679,0.182,0
2024-04-01,CL-BCN-01,B,10,5008.1,1375.1,115,0.754,0.275,3
2024-04-01,CL-BCN-02,B,9,4722.3,829.9,134,0.681,0.176,5
2024-04-01,CL-BIO-01,E,11,5409.8,977.4,97,0.817,0.181,2
2024-04-01,CL-MAD-01,A,11,4886.4,1059.6,160,0.654,0.217,4
2024-04-01,CL-MAD-02,A,9,4078.6,786.7,120,0.872,0.193,5
2024-04-01,CL-MAD-03,A,10,4577.5,537.7,160,0.81,0.117,7
2024-04-01,CL-SEV-01,D,10,10703.9,3779.6,83,0.587,0.353,1
2024-04-01,CL-VLC-01,C,10,4850.1,1266.2,120,0.83,0.261,3
2024-04-01,CL-VLC-02,C,9,4342.9,963.0,93,0.801,0.222,0
2024-04-02,CL-BCN-01,B,8,4171.1,1036.3,108,0.771,0.248,2
2024-04-02,CL-BCN-02,B,11,5430.9,1086.1,127,0.657,0.2,2
2024-04-02,CL-BIO-01,E,11,5435.2,747.0,125,0.845,0.137,0
2024-04-02,CL-MAD-01,A,11,4994.1,1165.3,148,0.85,0.233,5
2024-04-02,CL-MAD-02,A,10,4457.8,1018.2,141,0.822,0.228,4
2024-04-02,CL-MAD-03,A,12,5527.7,969.8,179,0.786,0.175,4
2024-04-02,CL-SEV-01,D,11,11657.8,4133.5,90,0.693,0.355,2
2024-04-02,CL-VLC-01,C,11,5513.0,1314.8,133,0.709,0.238,3
2024-04-02,CL-VLC-02,C,10,4851.4,1159.3,127,0.696,0.239,2
2024-04-03,CL-BCN-01,B,11,5743.9,1115.7,161,0.692,0.194,4
2024-04-03,CL-BCN-02,B,11,5375.8,1221.9,146,0.859,0.227,6
2024-04-03,CL-BIO-01,E,10,5321.9,868.1,116,0.842,0.163,2
2024-04-03,CL-MAD-01,A,9,4241.4,761.6,134,0.879,0.18,8
2024-04-03,CL-MAD-02,A,10,4674.2,1031.7,148,0.827,0.221,4
2024-04-03,CL-MAD-03,A,8,3704.6,506.3,103,0.823,0.137,3
2024-04-03,CL-SEV-01,D,11,11750.2,4394.3,103,0.589,0.374,1
2024-04-03,CL-VLC-01,C,11,5243.5,1383.0,126,0.72,0.264,2
2024-04-03,CL-VLC-02,C,11,5193.1,1306.9,102,0.73,0.252,3
2024-04-04,CL-BCN-01,B,9,4494.3,900.3,125,0.71,0.2,6
2024-04-04,CL-BCN-02,B,9,4617.9,1216.7,101,0.663,0.263,2
2024-04-04,CL-BIO-01,E,10,4949.0,553.9,131,0.778,0.112,3
2024-04-04,CL-MAD-01,A,9,4347.0,755.4,115,0.749,0.174,5
2024-04-04,CL-MAD-02,A,12,5381.8,763.1,185,0.826,0.142,6
2024-04-04,CL-MAD-03,A,11,5106.0,998.9,149,0.828,0.196,4
2024-04-04,CL-SEV-01,D,11,11564.1,3795.6,109,0.606,0.328,2
2024-04-04,CL-VLC-01,C,9,4520.9,1109.0,129,0.664,0.245,1
2024-04-04,CL-VLC-02,C,11,5328.5,1131.4,168,0.71,0.212,1
2024-04-05,CL-BCN-01,B,11,5361.1,1224.4,142,0.652,0.228,4
2024-04-05,CL-BCN-02,B,9,4437.3,945.8,116,0.659,0.213,3
2024-04-05,CL-BIO-01,E,11,5547.6,729.6,115,0.683,0.132,0
2024-04-05,CL-MAD-01,A,11,5162.9,1051.4,156,0.741,0.204,7
2024-04-05,CL-MAD-02,A,9,4294.2,675.7,94,0.841,0.157,3
2024-04-05,CL-MAD-03,A,11,4884.3,893.2,148,0.752,0.183,7
2024-04-05,CL-SEV-01,D,10,10290.1,4136.9,90,0.559,0.402,3
2024-04-05,CL-VLC-01,C,10,5022.7,1458.5,117,0.656,0.29,3
2024-04-05,CL-VLC-02,C,9,4615.8,877.6,121,0.701,0.19,4
2024-04-06,CL-BCN-01,B,7,3482.9,715.7,80,0.582,0.205,4
2024-04-06,CL-BCN-02,B,8,3928.7,769.5,104,0.802,0.196,1
2024-04-06,CL-BIO-01,E,8,3843.6,483.8,85,0.896,0.126,1
2024-04-06,CL-MAD-01,A,9,4172.7,696.0,118,0.75,0.167,4
2024-04-06,CL-MAD-02,A,8,3565.9,662.9,100,0.814,0.186,5
2024-04-06,CL-MAD-03,A,7,3396.8,462.4,95,0.768,0.136,7
2024-04-06,CL-SEV-01,D,8,9025.1,2894.9,60,0.564,0.321,0
2024-04-06,CL-VLC-01,C,7,,,91,0.678,,4
2024-04-06,CL-VLC-02,C,6,3117.9,692.3,80,0.822,0.222,2
2024-04-07,CL-BCN-01,B,3,1529.4,344.3,41,0.726,0.225,1
2024-04-07,CL-BCN-02,B,3,1491.6,327.7,35,0.658,0.22,0
2024-04-07,CL-BIO-01,E,3,1448.1,222.1,36,0.89,0.153,1
2024-04-07,CL-MAD-01,A,3,1362.7,219.4,40,0.809,0.161,2
2024-04-07,CL-MAD-02,A,4,1644.4,329.8,53,0.784,0.201,1
2024-04-07,CL-MAD-03,A,3,1444.1,275.3,38,0.746,0.191,1
2024-04-07,CL-SEV-01,D,3,3552.0,1319.3,24,0.671,0.371,0
2024-04-07,CL-VLC-01,C,4,1760.5,441.1,44,0.674,0.251,0
2024-04-07,CL-VLC-02,C,3,1581.0,369.8,44,0.595,0.234,1
2024-04-08,CL-BCN-01,B,10,5072.9,1271.4,127,0.744,0.251,4
2024-04-08,CL-BCN-02,B,11,5422.0,1080.3,133,0.821,0.199,5
2024-04-08,CL-BIO-01,E,10,4900.5,576.1,107,0.9,0.118,1
2024-04-08,CL-MAD-01,A,10,4554.4,864.6,138,0.782,0.19,7
2024-04-08,CL-MAD-02,A,11,4957.6,910.0,174,0.831,0.184,5
2024-04-08,CL-MAD-03,A,9,3992.4,943.8,122,0.725,0.236,5
2024-04-08,CL-SEV-01,D,11,11846.2,3742.7,89,0.649,0.316,3
2024-04-08,CL-VLC-01,C,9,4366.1,1000.0,86,0.64,0.229,2
2024-04-08,CL-VLC-02,C,10,4839.4,997.0,115,0.753,0.206,5
2024-04-09,CL-BCN-01,B,12,6038.1,1636.7,167,0.754,0.271,2
2024-04-09,CL-BCN-02,B,10,5242.2,894.7,105,0.741,0.171,3
2024-04-09,CL-BIO-01,E,9,4496.6,650.9,114,0.954,0.145,2
2024-04-09,CL-MAD-01,A,11,5126.2,1010.4,157,0.692,0.197,8
2024-04-09,CL-MAD-02,A,10,4563.7,934.0,145,0.771,0.205,4
2024-04-09,CL-MAD-03,A,10,4759.4,1134.1,166,0.808,0.238,4
2024-04-09,CL-SEV-01,D,10,10664.6,4374.5,39,0.621,0.41,0
2024-04-09,CL-VLC-01,C,10,5022.1,1267.4,160,0.75,0.252,3
2024-04-09,CL-VLC-02,C,11,,,150,0.625,,5
2024-04-10,CL-BCN-01,B,10,4846.8,960.0,115,0.754,0.198,5
2024-04-10,CL-BCN-02,B,11,5414.8,835.6,143,0.74,0.154,4
2024-04-10,CL-BIO-01,E,12,5910.5,1188.3,158,0.819,0.201,2
2024-04-10,CL-MAD-01,A,10,4657.8,868.8,122,0.858,0.187,8
2024-04-10,CL-MAD-02,A,11,4901.1,1021.5,141,0.784,0.208,5
2024-04-10,CL-MAD-03,A,11,5074.0,973.0,158,0.843,0.192,6
2024-04-10,CL-SEV-01,D,11,11401.8,3456.9,89,0.611,0.303,1
2024-04-10,CL-VLC-01,C,9,4242.7,987.2,89,0.69,0.233,4
2024-04-10,CL-VLC-02,C,11,5499.4,1007.7,140,0.68,0.183,1
2024-04-11,CL-BCN-01,B,10,4957.0,1104.0,129,0.726,0.223,4
2024-04-11,CL-BCN-02,B,11,5320.5,1188.9,128,0.825,0.223,8
2024-04-11,CL-BIO-01,E,10,5285.9,926.7,129,0.781,0.175,2
2024-04-11,CL-MAD-01,A,10,4716.5,733.4,113,0.796,0.155,1
2024-04-11,CL-MAD-02,A,11,4893.1,927.7,159,0.782,0.19,5
2024-04-11,CL-MAD-03,A,10,4665.1,1128.2,155,0.752,0.242,6
2024-04-11,CL-SEV-01,D,13,13604.1,4873.8,148,0.58,0.358,2
2024-04-11,CL-VLC-01,C,11,5368.7,1391.8,131,0.769,0.259,4
2024-04-11,CL-VLC-02,C,11,5456.5,1131.8,119,0.649,0.207,3
2024-04-12,CL-BCN-01,B,10,4770.5,957.9,85,0.656,0.201,1
2024-04-12,CL-BCN-02,B,11,5298.2,1117.1,180,0.798,0.211,8
2024-04-12,CL-BIO-01,E,12,5959.9,762.7,140,0.774,0.128,2
2024-04-12,CL-MAD-01,A,10,4702.1,790.3,149,0.918,0.168,5
2024-04-12,CL-MAD-02,A,10,4600.2,985.0,141,0.668,0.214,7
2024-04-12,CL-MAD-03,A,11,5069.4,1299.7,172,0.74,0.256,6
2024-04-12,CL-SEV-01,D,10,10249.9,3935.2,82,0.705,0.384,1
2024-04-12,CL-VLC-01,C,10,5070.7,1294.8,109,0.723,0.255,4
2024-04-12,CL-VLC-02,C,10,5110.7,1411.3,112,0.667,0.276,1
2024-04-13,CL-BCN-01,B,8,3970.7,687.9,108,0.757,0.173,2
2024-04-13,CL-BCN-02,B,7,3559.3,807.5,84,0.681,0.227,4
2024-04-13,CL-BIO-01,E,8,3883.1,603.1,91,0.912,0.155,0
2024-04-13,CL-MAD-01,A,9,3920.4,731.3,99,0.821,0.187,7
2024-04-13,CL-MAD-02,A,7,3172.0,491.0,113,0.834,0.155,5
2024-04-13,CL-MAD-03,A,8,3561.8,775.1,111,0.771,0.218,2
2024-04-13,CL-SEV-01,D,8,8939.9,3052.0,71,0.602,0.341,0
2024-04-13,CL-VLC-01,C,8,3873.9,1207.3,94,0.709,0.312,2
2024-04-13,CL-VLC-02,C,7,3618.6,958.0,86,0.731,0.265,2
2024-04-14,CL-BCN-01,B,3,1595.4,313.5,37,0.735,0.197,5
2024-04-14,CL-BCN-02,B,3,1529.4,325.0,42,0.714,0.213,2
2024-04-14,CL-BIO-01,E,3,1776.5,273.4,37,0.858,0.154,0
2024-04-14,CL-MAD-01,A,3,1388.5,241.3,44,0.82,0.174,2
2024-04-14,CL-MAD-02,A,3,1417.7,230.8,42,0.898,0.163,1
2024-04-14,CL-MAD-03,A,3,1451.5,260.8,43,0.779,0.18,2
2024-04-14,CL-SEV-01,D,4,4036.8,1307.0,23,0.668,0.324,0
2024-04-14,CL-VLC-01,C,3,1547.8,306.8,38,0.755,0.198,2
2024-04-14,CL-VLC-02,C,3,1677.6,405.3,38,0.776,0.242,0
2024-04-15,CL-BCN-01,B,9,4652.8,1000.7,116,0.736,0.215,5
2024-04-15,CL-BCN-02,B,10,4808.2,824.1,138,0.776,0.171,7
2024-04-15,CL-BIO-01,E,11,5704.6,655.3,129,0.894,0.115,1
2024-04-15,CL-MAD-01,A,11,4935.1,906.4,135,0.757,0.184,9
2024-04-15,CL-MAD-02,A,9,4164.2,615.2,112,0.782,0.148,6
2024-04-15,CL-MAD-03,A,11,4855.5,654.4,163,0.664,0.135,8
2024-04-15,CL-SEV-01,D,10,10976.4,3908.3,77,0.631,0.356,0
2024-04-15,CL-VLC-01,C,12,5630.4,1185.8,118,0.734,0.211,2
2024-04-15,CL-VLC-02,C,10,4949.3,1210.6,118,0.655,0.245,4
2024-04-16,CL-BCN-01,B,12,5752.5,1160.9,172,0.823,0.202,3
2024-04-16,CL-BCN-02,B,9,4699.2,941.4,117,0.745,0.2,2
2024-04-16,CL-BIO-01,E,11,5415.0,735.5,147,0.897,0.136,2
2024-04-16,CL-MAD-01,A,12,5452.5,1137.4,199,0.771,0.209,2
2024-04-16,CL-MAD-02,A,10,4795.6,651.1,139,0.872,0.136,6
2024-04-16,CL-MAD-03,A,12,5516.8,908.0,150,0.777,0.165,4
2024-04-16,CL-SEV-01,D,11,12024.1,3898.7,67,0.558,0.324,0
2024-04-16,CL-VLC-01,C,11,5278.1,1422.0,106,0.762,0.269,1
2024-04-16,CL-VLC-02,C,9,4361.4,899.4,104,0.764,0.206,1
2024-04-17,CL-BCN-01,B,11,5706.1,1067.2,160,0.833,0.187,6
2024-04-17,CL-BCN-02,B,11,5304.9,1073.7,134,0.779,0.202,2
2024-04-17,CL-BIO-01,E,10,5135.0,542.8,117,0.799,0.106,1
2024-04-17,CL-MAD-01,A,10,4685.1,742.3,127,0.774,0.158,8
2024-04-17,CL-MAD-02,A,12,5400.7,911.0,170,0.684,0.169,8
2024-04-17,CL-MAD-03,A,12,5469.2,1094.6,183,0.779,0.2,10
2024-04-17,CL-SEV-01,D,10,10942.1,3941.9,81,0.581,0.36,1
2024-04-17,CL-VLC-01,C,11,5509.1,857.5,145,0.709,0.156,6
2024-04-17,CL-VLC-02,C,11,5600.5,1568.6,125,0.773,0.28,2
2024-04-18,CL-BCN-01,B,10,4999.2,975.3,129,0.752,0.195,6
2024-04-18,CL-BCN-02,B,10,5019.1,715.9,131,0.724,0.143,7
2024-04-18,CL-BIO-01,E,11,5507.5,744.6,126,0.887,0.135,0
2024-04-18,CL-MAD-01,A,10,4497.2,790.3,139,0.742,0.176,4
2024-04-18,CL-MAD-02,A,10,4544.4,714.2,133,0.855,0.157,5
2024-04-18,CL-MAD-03,A,10,4405.1,925.4,126,0.796,0.21,6
2024-04-18,CL-SEV-01,D,12,13048.0,4291.8,108,0.653,0.329,2
2024-04-18,CL-VLC-01,C,12,5912.3,1350.2,140,0.769,0.228,1
2024-04-18,CL-VLC-02,C,8,3841.5,937.5,111,0.819,0.244,0
2024-04-19,CL-BCN-01,B,12,5889.1,1263.1,172,0.754,0.214,8
2024-04-19,CL-BCN-02,B,10,4976.0,1150.1,133,0.837,0.231,6
2024-04-19,CL-BIO-01,E,9,4820.6,852.2,95,0.848,0.177,0
2024-04-19,CL-MAD-01,A,11,5241.6,1088.8,159,0.771,0.208,5
2024-04-19,CL-MAD-02,A,10,4669.9,1027.5,146,0.73,0.22,7
2024-04-19,CL-MAD-03,A,10,4781.3,1103.2,142,0.909,0.231,11
2024-04-19,CL-SEV-01,D,10,10769.8,3377.5,117,0.692,0.314,3
2024-04-19,CL-VLC-01,C,11,5437.5,1343.6,133,0.738,0.247,3
2024-04-19,CL-VLC-02,C,10,4864.5,1374.3,130,0.705,0.283,4
2024-04-20,CL-BCN-01,B,8,4230.5,942.9,107,0.812,0.223,2
2024-04-20,CL-BCN-02,B,7,3396.5,559.8,95,0.848,0.165,4
2024-04-20,CL-BIO-01,E,7,3337.2,388.3,94,0.834,0.116,0
2024-04-20,CL-MAD-01,A,7,3353.4,735.6,82,0.653,0.219,5
2024-04-20,CL-MAD-02,A,7,3274.2,717.6,103,0.792,0.219,4
2024-04-20,CL-MAD-03,A,7,3169.3,444.7,97,0.708,0.14,5
2024-04-20,CL-SEV-01,D,8,8163.9,2602.9,70,0.649,0.319,1
2024-04-20,CL-VLC-01,C,7,3654.6,686.5,85,0.742,0.188,1
2024-04-20,CL-VLC-02,C,8,3941.7,1119.7,105,0.72,0.284,2
2024-04-21,CL-BCN-01,B,3,1538.8,311.9,40,0.821,0.203,1
2024-04-21,CL-BCN-02,B,3,1389.4,242.6,39,0.765,0.175,0
2024-04-21,CL-BIO-01,E,3,1631.1,154.9,41,0.819,0.095,0
2024-04-21,CL-MAD-01,A,3,1580.3,320.2,38,0.838,0.203,1
2024-04-21,CL-MAD-02,A,3,1530.3,319.2,40,0.696,0.209,1
2024-04-21,CL-MAD-03,A,3,1478.0,235.6,44,0.879,0.159,2
2024-04-21,CL-SEV-01,D,3,3194.9,1172.2,24,0.65,0.367,1
2024-04-21,CL-VLC-01,C,3,1543.2,433.8,31,0.677,0.281,1
2024-04-21,CL-VLC-02,C,3,1668.6,465.2,36,0.775,0.279,0
2024-04-22,CL-BCN-01,B,11,5412.9,999.6,143,0.693,0.185,0
2024-04-22,CL-BCN-02,B,11,5265.1,1279.8,161,0.752,0.243,5
2024-04-22,CL-BIO-01,E,10,4947.5,811.1,118,0.87,0.164,1
2024-04-22,CL-MAD-01,A,11,4928.2,968.7,164,0.836,0.197,4
2024-04-22,CL-MAD-02,A,12,5476.7,966.6,172,0.715,0.176,8
2024-04-22,CL-MAD-03,A,9,3948.0,587.0,130,0.786,0.149,5
2024-04-22,CL-SEV-01,D,12,12462.7,4336.1,65,0.582,0.348,0
2024-04-22,CL-VLC-01,C,10,4719.7,1083.3,120,0.682,0.23,4
2024-04-22,CL-VLC-02,C,10,4858.6,1066.9,131,0.716,0.22,1
2024-04-23,CL-BCN-01,B,10,5212.8,889.3,141,0.721,0.171,3
2024-04-23,CL-BCN-02,B,10,4843.8,1116.4,137,0.659,0.23,4
2024-04-23,CL-BIO-01,E,11,5351.1,627.1,135,0.705,0.117,0
2024-04-23,CL-MAD-01,A,11,4878.5,884.8,135,0.761,0.181,13
2024-04-23,CL-MAD-02,A,9,4212.2,681.4,108,0.754,0.162,3
2024-04-23,CL-MAD-03,A,10,4711.6,427.4,161,0.821,0.091,9
2024-04-23,CL-SEV-01,D,12,12521.2,4133.9,94,0.54,0.33,1
2024-04-23,CL-VLC-01,C,11,5257.0,1194.8,106,0.697,0.227,0
2024-04-23,CL-VLC-02,C,9,4350.7,1014.9,110,0.737,0.233,3
2024-04-24,CL-BCN-01,B,11,5642.8,953.8,160,0.831,0.169,5
2024-04-24,CL-BCN-02,B,9,4652.9,1007.6,126,0.746,0.217,4
2024-04-24,CL-BIO-01,E,9,4423.8,442.7,91,0.957,0.1,2
2024-04-24,CL-MAD-01,A,10,4804.9,734.3,139,0.765,0.153,4
2024-04-24,CL-MAD-02,A,10,4667.8,714.9,136,0.786,0.153,10
2024-04-24,CL-MAD-03,A,12,5312.9,928.3,153,0.708,0.175,8
2024-04-24,CL-SEV-01,D,9,9842.5,3656.7,90,0.647,0.372,4
2024-04-24,CL-VLC-01,C,11,5413.9,1416.8,127,0.74,0.262,4
2024-04-24,CL-VLC-02,C,12,5880.9,1417.1,151,0.823,0.241,0
2024-04-25,CL-BCN-01,B,12,6221.0,1545.5,173,0.757,0.248,7
2024-04-25,CL-BCN-02,B,10,4924.7,855.8,109,0.729,0.174,3
2024-04-25,CL-BIO-01,E,11,5553.9,867.4,115,0.867,0.156,2
2024-04-25,CL-MAD-01,A,9,4200.1,574.4,146,0.678,0.137,1
2024-04-25,CL-MAD-02,A,9,4201.1,1053.9,118,0.671,0.251,4
2024-04-25,CL-MAD-03,A,10,4583.2,890.4,124,0.83,0.194,3
2024-04-25,CL-SEV-01,D,11,11489.9,4025.4,94,0.533,0.35,1
2024-04-25,CL-VLC-01,C,8,3985.5,961.4,87,0.807,0.241,1
2024-04-25,CL-VLC-02,C,11,5486.4,1188.7,120,0.692,0.217,6
2024-04-26,CL-BCN-01,B,11,5532.9,834.7,145,0.696,0.151,3
2024-04-26,CL-BCN-02,B,7,3718.7,779.9,82,0.751,0.21,3
2024-04-26,CL-BIO-01,E,9,4819.3,608.9,112,0.744,0.126,0
2024-04-26,CL-MAD-01,A,12,5359.7,968.2,135,0.691,0.181,1
2024-04-26,CL-MAD-02,A,11,4871.0,784.2,168,0.812,0.161,8
2024-04-26,CL-MAD-03,A,10,4628.2,1099.9,142,0.814,0.238,6
2024-04-26,CL-SEV-01,D,11,12023.9,3806.3,86,0.581,0.317,1
2024-04-26,CL-VLC-01,C,11,5446.0,1322.0,125,0.599,0.243,1
2024-04-26,CL-VLC-02,C,10,5063.6,1155.7,101,0.67,0.228,1
2024-04-27,CL-BCN-01,B,8,4179.4,863.6,115,0.737,0.207,3
2024-04-27,CL-BCN-02,B,7,3402.5,744.3,84,0.692,0.219,1
2024-04-27,CL-BIO-01,E,8,3972.5,501.8,94,0.872,0.126,0
2024-04-27,CL-MAD-01,A,7,3105.7,660.2,94,0.818,0.213,6
2024-04-27,CL-MAD-02,A,8,3701.6,848.6,93,0.886,0.229,8
2024-04-27,CL-MAD-03,A,8,3515.6,709.6,88,0.826,0.202,0
2024-04-27,CL-SEV-01,D,7,8030.8,2460.5,67,0.58,0.306,1
2024-04-27,CL-VLC-01,C,7,3431.2,912.3,80,0.747,0.266,0
2024-04-27,CL-VLC-02,C,8,3741.5,914.8,93,0.695,0.245,2
2024-04-28,CL-BCN-01,B,3,1685.2,309.6,38,0.81,0.184,0
2024-04-28,CL-BCN-02,B,4,1758.2,284.1,53,0.646,0.162,4
2024-04-28,CL-BIO-01,E,3,1535.2,287.4,41,0.778,0.187,0
2024-04-28,CL-MAD-01,A,3,1502.0,226.1,47,0.798,0.151,0
2024-04-28,CL-MAD-02,A,3,1307.0,120.1,35,0.694,0.092,0
2024-04-28,CL-MAD-03,A,3,1279.9,287.5,49,0.748,0.225,0
2024-04-28,CL-SEV-01,D,3,3293.7,1159.0,22,0.558,0.352,0
2024-04-28,CL-VLC-01,C,3,1263.3,262.2,26,0.617,0.208,0
2024-04-28,CL-VLC-02,C,3,1543.2,313.1,28,0.666,0.203,0
2024-04-29,CL-BCN-01,B,11,5468.0,1025.8,123,0.85,0.188,3
2024-04-29,CL-BCN-02,B,11,5454.4,999.0,127,0.627,0.183,5
2024-04-29,CL-BIO-01,E,11,5767.7,769.7,140,0.789,0.133,2
2024-04-29,CL-MAD-01,A,11,5142.1,1049.2,136,0.72,0.204,8
2024-04-29,CL-MAD-02,A,9,4324.1,682.2,133,0.704,0.158,5
2024-04-29,CL-MAD-03,A,11,5211.7,1065.0,152,0.697,0.204,6
2024-04-29,CL-SEV-01,D,11,11962.0,4094.0,110,0.496,0.342,0
2024-04-29,CL-VLC-01,C,10,4771.5,1142.3,135,0.67,0.239,4
2024-04-29,CL-VLC-02,C,9,4514.5,886.2,101,0.746,0.196,3
2024-04-30,CL-BCN-01,B,11,5627.2,1406.9,134,0.773,0.25,4
2024-04-30,CL-BCN-02,B,10,4759.1,946.2,126,0.722,0.199,2
2024-04-30,CL-BIO-01,E,10,4980.6,748.8,100,0.874,0.15,1
2024-04-30,CL-MAD-01,A,11,5177.2,460.1,139,0.777,0.089,7
2024-04-30,CL-MAD-02,A,12,5476.9,897.5,164,0.805,0.164,7
2024-04-30,CL-MAD-03,A,11,4842.5,1175.5,142,0.842,0.243,5
2024-04-30,CL-SEV-01,D,10,11146.7,4361.5,79,0.534,0.391,0
2024-04-30,CL-VLC-01,C,12,5729.6,1145.5,141,0.654,0.2,3
2024-04-30,CL-VLC-02,C,12,5628.9,1291.8,157,0.743,0.229,5
2024-05-01,CL-BCN-01,B,8,4181.7,973.5,114,0.741,0.233,3
2024-05-01,CL-BCN-02,B,10,5067.3,1193.6,164,0.689,0.236,6
2024-05-01,CL-BIO-01,E,10,5067.8,545.6,113,0.814,0.108,4
2024-05-01,CL-MAD-01,A,9,4179.3,712.9,133,0.792,0.171,3
2024-05-01,CL-MAD-02,A,11,4999.7,848.4,181,0.749,0.17,7
2024-05-01,CL-MAD-03,A,11,4909.7,933.2,155,0.675,0.19,6
2024-05-01,CL-SEV-01,D,9,9756.0,3579.7,73,0.701,0.367,1
2024-05-01,CL-VLC-01,C,10,4649.9,1087.4,122,0.629,0.234,3
2024-05-01,CL-VLC-02,C,9,4560.5,1030.0,127,0.713,0.226,6
2024-05-02,CL-BCN-01,B,10,5177.2,840.7,113,0.779,0.162,6
2024-05-02,CL-BCN-02,B,10,4839.2,990.5,147,0.595,0.205,2
2024-05-02,CL-BIO-01,E,10,5186.3,421.0,124,0.788,0.081,0
2024-05-02,CL-MAD-01,A,11,4872.7,785.1,159,0.714,0.161,2
2024-05-02,CL-MAD-02,A,10,4579.4,988.1,129,0.697,0.216,8
2024-05-02,CL-MAD-03,A,9,,,113,0.821,,5
2024-05-02,CL-SEV-01,D,10,10678.1,3375.9,107,0.511,0.316,4
2024-05-02,CL-VLC-01,C,11,5467.1,1298.1,130,0.628,0.237,4
2024-05-02,CL-VLC-02,C,10,4849.8,1187.9,128,0.711,0.245,2
2024-05-03,CL-BCN-01,B,11,5374.7,1370.5,143,0.744,0.255,4
2024-05-03,CL-BCN-02,B,9,4656.2,900.1,122,0.761,0.193,5
2024-05-03,CL-BIO-01,E,10,5116.8,735.9,115,0.818,0.144,2
2024-05-03,CL-MAD-01,A,10,4683.7,643.0,146,0.77,0.137,8
2024-05-03,CL-MAD-02,A,11,4960.1,865.8,148,0.755,0.175,11
2024-05-03,CL-MAD-03,A,12,5322.7,995.8,182,0.808,0.187,11
2024-05-03,CL-SEV-01,D,11,11870.9,4176.2,91,0.651,0.352,2
2024-05-03,CL-VLC-01,C,9,4539.3,1201.7,112,0.707,0.265,2
2024-05-03,CL-VLC-02,C,11,5217.4,1381.9,130,0.699,0.265,2
2024-05-04,CL-BCN-01,B,8,3753.4,740.2,101,0.776,0.197,7
2024-05-04,CL-BCN-02,B,7,3602.5,611.9,76,0.786,0.17,3
2024-05-04,CL-BIO-01,E,7,3747.0,415.6,72,0.834,0.111,2
2024-05-04,CL-MAD-01,A,8,3885.6,620.4,116,0.687,0.16,1
2024-05-04,CL-MAD-02,A,8,3663.2,733.6,101,0.825,0.2,4
2024-05-04,CL-MAD-03,A,8,3644.1,512.0,111,0.786,0.141,4
2024-05-04,CL-SEV-01,D,8,8091.2,2643.0,65,0.721,0.327,2
2024-05-04,CL-VLC-01,C,8,3781.4,832.2,106,0.68,0.22,0
2024-05-04,CL-VLC-02,C,7,3628.5,831.1,80,0.733,0.229,2
2024-05-05,CL-BCN-01,B,3,1665.6,383.4,34,0.907,0.23,1
2024-05-05,CL-BCN-02,B,3,1505.2,316.1,42,0.777,0.21,2
2024-05-05,CL-BIO-01,E,3,1442.3,260.7,31,0.738,0.181,1
2024-05-05,CL-MAD-01,A,3,1338.5,262.5,52,0.724,0.196,2
2024-05-05,CL-MAD-02,A,3,1396.6,260.1,42,0.777,0.186,1
2024-05-05,CL-MAD-03,A,3,1453.2,266.9,49,0.788,0.184,3
2024-05-05,CL-SEV-01,D,3,3153.0,1093.4,22,0.683,0.347,1
2024-05-05,CL-VLC-01,C,3,1462.4,320.8,42,0.777,0.219,1
2024-05-05,CL-VLC-02,C,3,1358.5,309.4,38,0.742,0.228,1
2024-05-06,CL-BCN-01,B,10,4776.8,992.6,113,0.9,0.208,3
2024-05-06,CL-BCN-02,B,10,4891.4,978.7,136,0.751,0.2,7
2024-05-06,CL-BIO-01,E,10,5320.8,843.1,98,0.813,0.158,0
2024-05-06,CL-MAD-01,A,9,4288.9,724.1,139,0.647,0.169,4
2024-05-06,CL-MAD-02,A,9,,,132,0.873,,6
2024-05-06,CL-MAD-03,A,10,4788.6,871.0,140,0.883,0.182,5
2024-05-06,CL-SEV-01,D,9,9758.9,3726.9,84,0.615,0.382,2
2024-05-06,CL-VLC-01,C,12,5780.7,1333.3,146,0.743,0.231,0
2024-05-06,CL-VLC-02,C,10,4952.3,882.9,142,0.685,0.178,4
2024-05-07,CL-BCN-01,B,11,5596.2,1228.0,127,0.787,0.219,2
2024-05-07,CL-BCN-02,B,10,4866.8,806.5,119,0.754,0.166,3
2024-05-07,CL-BIO-01,E,12,5975.6,530.4,131,0.832,0.089,5
2024-05-07,CL-MAD-01,A,10,4691.7,661.1,161,0.767,0.141,1
2024-05-07,CL-MAD-02,A,12,5396.2,842.8,166,0.784,0.156,8
2024-05-07,CL-MAD-03,A,10,4495.2,928.1,145,0.663,0.206,3
2024-05-07,CL-SEV-01,D,9,9957.2,3877.7,76,0.546,0.389,1
2024-05-07,CL-VLC-01,C,10,4892.4,1109.9,126,0.758,0.227,1
2024-05-07,CL-VLC-02,C,11,5375.5,1244.5,144,0.67,0.232,3
2024-05-08,CL-BCN-01,B,11,5662.9,1275.6,122,0.744,0.225,5
2024-05-08,CL-BCN-02,B,11,5615.5,1244.2,158,0.704,0.222,7
2024-05-08,CL-BIO-01,E,9,4589.7,735.2,97,0.899,0.16,0
2024-05-08,CL-MAD-01,A,11,5201.8,1122.5,152,0.792,0.216,8
2024-05-08,CL-MAD-02,A,11,4903.9,1078.7,165,0.883,0.22,7
2024-05-08,CL-MAD-03,A,9,4321.0,694.6,140,0.804,0.161,5
2024-05-08,CL-SEV-01,D,12,12930.4,3925.5,106,0.663,0.304,4
2024-05-08,CL-VLC-01,C,11,5166.0,1092.3,116,0.756,0.211,0
2024-05-08,CL-VLC-02,C,10,4755.2,1180.3,122,0.746,0.248,3
2024-05-09,CL-BCN-01,B,11,5430.7,913.0,137,0.742,0.168,7
2024-05-09,CL-BCN-02,B,12,5892.3,1167.5,135,0.657,0.198,7
2024-05-09,CL-BIO-01,E,9,4606.1,573.2,118,0.742,0.124,0
2024-05-09,CL-MAD-01,A,11,5195.8,899.0,171,0.803,0.173,8
2024-05-09,CL-MAD-02,A,12,5440.6,951.8,137,0.757,0.175,6
2024-05-09,CL-MAD-03,A,11,5041.6,756.3,172,0.739,0.15,10
2024-05-09,CL-SEV-01,D,11,11457.0,3951.6,83,0.665,0.345,2
2024-05-09,CL-VLC-01,C,9,4500.9,942.4,85,0.743,0.209,0
2024-05-09,CL-VLC-02,C,11,5592.5,1573.8,155,0.666,0.281,3
2024-05-10,CL-BCN-01,B,9,4400.1,1004.4,132,0.725,0.228,5
2024-05-10,CL-BCN-02,B,9,4720.6,854.6,120,0.769,0.181,3
2024-05-10,CL-BIO-01,E,10,5247.2,679.8,129,0.798,0.13,2
2024-05-10,CL-MAD-01,A,10,4567.0,760.9,131,0.807,0.167,5
2024-05-10,CL-MAD-02,A,11,5063.1,864.1,128,0.852,0.171,4
2024-05-10,CL-MAD-03,A,11,5015.1,1001.0,131,0.786,0.2,6
2024-05-10,CL-SEV-01,D,10,10917.4,3717.8,80,0.507,0.341,3
2024-05-10,CL-VLC-01,C,10,4963.0,1276.2,75,0.641,0.257,3
2024-05-10,CL-VLC-02,C,11,5179.1,1107.2,166,0.72,0.214,2
2024-05-11,CL-BCN-01,B,8,3782.8,844.7,101,0.745,0.223,3
2024-05-11,CL-BCN-02,B,7,3726.1,958.4,99,0.635,0.257,5
2024-05-11,CL-BIO-01,E,9,4522.8,626.5,109,0.814,0.139,2
2024-05-11,CL-MAD-01,A,8,3686.9,858.8,101,0.712,0.233,1
2024-05-11,CL-MAD-02,A,8,3530.9,749.1,68,0.818,0.212,5
2024-05-11,CL-MAD-03,A,7,3242.8,571.0,106,0.803,0.176,6
2024-05-11,CL-SEV-01,D,8,8588.5,3205.5,62,0.555,0.373,1
2024-05-11,CL-VLC-01,C,7,3492.6,725.5,95,0.743,0.208,2
2024-05-11,CL-VLC-02,C,7,3460.5,769.5,98,0.643,0.222,2
2024-05-12,CL-BCN-01,B,3,1724.8,422.6,40,0.816,0.245,0
2024-05-12,CL-BCN-02,B,2,1223.6,308.8,23,0.736,0.252,3
2024-05-12,CL-BIO-01,E,3,1423.2,233.2,35,0.739,0.164,0
2024-05-12,CL-MAD-01,A,3,1176.3,310.1,46,0.713,0.264,2
2024-05-12,CL-MAD-02,A,3,1359.3,211.2,43,0.763,0.155,1
2024-05-12,CL-MAD-03,A,3,1184.4,174.6,47,0.765,0.147,3
2024-05-12,CL-SEV-01,D,3,3581.4,1081.0,26,0.663,0.302,0
2024-05-12,CL-VLC-01,C,3,1388.4,336.6,39,0.822,0.242,0
2024-05-12,CL-VLC-02,C,3,1375.1,266.7,38,0.684,0.194,1
2024-05-13,CL-BCN-01,B,10,5099.5,878.1,154,0.758,0.172,5
2024-05-13,CL-BCN-02,B,10,4974.8,1132.4,117,0.664,0.228,4
2024-05-13,CL-BIO-01,E,10,5030.7,817.6,126,0.914,0.163,0
2024-05-13,CL-MAD-01,A,9,4261.4,670.7,110,0.767,0.157,4
2024-05-13,CL-MAD-02,A,9,3921.4,601.6,113,0.825,0.153,2
2024-05-13,CL-MAD-03,A,10,4748.5,827.7,142,0.921,0.174,8
2024-05-13,CL-SEV-01,D,10,11259.3,3641.4,80,0.614,0.323,1
2024-05-13,CL-VLC-01,C,10,5050.2,1152.6,127,0.695,0.228,5
2024-05-13,CL-VLC-02,C,10,5093.0,1213.9,79,0.638,0.238,3
2024-05-14,CL-BCN-01,B,10,5160.3,1074.2,121,0.614,0.208,9
2024-05-14,CL-BCN-02,B,9,4689.8,1016.7,114,0.764,0.217,4
2024-05-14,CL-BIO-01,E,10,5264.5,951.5,135,0.99,0.181,1
2024-05-14,CL-MAD-01,A,10,4358.3,805.7,156,0.843,0.185,7
2024-05-14,CL-MAD-02,A,9,4049.1,819.2,121,0.76,0.202,2
2024-05-14,CL-MAD-03,A,10,4403.9,734.8,140,0.792,0.167,9
2024-05-14,CL-SEV-01,D,10,10243.8,3660.6,101,0.584,0.357,4
2024-05-14,CL-VLC-01,C,10,4904.7,1162.0,128,0.784,0.237,0
2024-05-14,CL-VLC-02,C,11,5495.8,1277.2,114,0.724,0.232,3
2024-05-15,CL-BCN-01,B,11,5581.3,1242.3,147,0.785,0.223,3
2024-05-15,CL-BCN-02,B,12,5817.6,1085.7,151,0.741,0.187,5
2024-05-15,CL-BIO-01,E,8,4308.5,531.4,104,0.856,0.123,1
2024-05-15,CL-MAD-01,A,11,4825.1,883.7,174,0.75,0.183,7
2024-05-15,CL-MAD-02,A,11,4927.5,977.1,174,0.853,0.198,4
2024-05-15,CL-MAD-03,A,10,4630.8,766.1,122,0.679,0.165,8
2024-05-15,CL-SEV-01,D,10,10901.6,4195.6,90,0.648,0.385,3
2024-05-15,CL-VLC-01,C,11,5470.7,1319.1,112,0.82,0.241,2
2024-05-15,CL-VLC-02,C,10,5077.7,1207.9,121,0.645,0.238,3
2024-05-16,CL-BCN-01,B,10,5117.3,1103.4,135,0.698,0.216,4
2024-05-16,CL-BCN-02,B,10,4858.3,888.5,130,0.687,0.183,3
2024-05-16,CL-BIO-01,E,10,5138.7,810.6,96,0.745,0.158,0
2024-05-16,CL-MAD-01,A,9,4210.1,754.9,92,0.879,0.179,4
2024-05-16,CL-MAD-02,A,11,4870.1,714.6,164,0.877,0.147,11
2024-05-16,CL-MAD-03,A,9,4221.7,761.6,131,0.839,0.18,4
2024-05-16,CL-SEV-01,D,10,11156.5,3897.7,85,0.726,0.349,1
2024-05-16,CL-VLC-01,C,11,5621.3,1488.8,131,0.783,0.265,3
2024-05-16,CL-VLC-02,C,10,5119.3,1155.0,121,0.714,0.226,2
2024-05-17,CL-BCN-01,B,10,4838.5,799.7,112,0.743,0.165,4
2024-05-17,CL-BCN-02,B,9,4629.8,942.1,143,0.753,0.203,5
2024-05-17,CL-BIO-01,E,10,5162.7,568.6,94,0.88,0.11,2
2024-05-17,CL-MAD-01,A,12,5286.6,1049.3,171,0.775,0.198,11
2024-05-17,CL-MAD-02,A,10,4533.7,905.3,139,0.752,0.2,5
2024-05-17,CL-MAD-03,A,11,5104.9,945.7,142,0.86,0.185,8
2024-05-17,CL-SEV-01,D,8,9019.7,3121.6,65,0.629,0.346,0
2024-05-17,CL-VLC-01,C,11,5137.5,1312.4,140,0.685,0.255,1
2024-05-17,CL-VLC-02,C,12,5662.0,1502.5,136,0.688,0.265,3
2024-05-18,CL-BCN-01,B,8,3780.9,927.2,109,0.817,0.245,5
2024-05-18,CL-BCN-02,B,9,4481.7,700.6,130,0.633,0.156,8
2024-05-18,CL-BIO-01,E,8,3907.7,465.7,99,0.915,0.119,0
2024-05-18,CL-MAD-01,A,9,4128.2,698.1,139,0.911,0.169,5
2024-05-18,CL-MAD-02,A,9,3912.2,657.0,137,0.737,0.168,10
2024-05-18,CL-MAD-03,A,7,3301.0,519.9,85,0.809,0.157,4
2024-05-18,CL-SEV-01,D,8,8583.7,2739.9,64,0.639,0.319,0
2024-05-18,CL-VLC-01,C,8,4072.7,947.8,85,0.699,0.233,4
2024-05-18,CL-VLC-02,C,7,3279.6,701.4,101,0.628,0.214,2
2024-05-19,CL-BCN-01,B,3,1390.8,298.5,41,0.765,0.215,4
2024-05-19,CL-BCN-02,B,3,1481.7,239.3,41,0.793,0.162,1
2024-05-19,CL-BIO-01,E,3,1578.5,229.4,40,0.908,0.145,1
2024-05-19,CL-MAD-01,A,3,1343.1,221.7,42,0.89,0.165,1
2024-05-19,CL-MAD-02,A,3,1389.5,244.7,47,0.829,0.176,2
2024-05-19,CL-MAD-03,A,3,1543.0,185.3,38,0.79,0.12,1
2024-05-19,CL-SEV-01,D,3,3266.0,1108.4,26,0.651,0.339,0
2024-05-19,CL-VLC-01,C,3,1313.5,304.7,32,0.804,0.232,1
2024-05-19,CL-VLC-02,C,3,1472.4,336.4,35,0.827,0.228,1
2024-05-20,CL-BCN-01,B,10,4772.3,1071.5,135,0.792,0.225,5
2024-05-20,CL-BCN-02,B,9,4646.3,934.3,115,0.703,0.201,5
2024-05-20,CL-BIO-01,E,12,6213.9,812.0,114,0.828,0.131,2
2024-05-20,CL-MAD-01,A,9,4178.3,695.2,127,0.739,0.166,5
2024-05-20,CL-MAD-02,A,8,3794.5,668.2,116,0.817,0.176,1
2024-05-20,CL-MAD-03,A,9,4338.7,1047.2,126,0.796,0.241,11
2024-05-20,CL-SEV-01,D,11,11447.6,3608.1,110,0.522,0.315,3
2024-05-20,CL-VLC-01,C,8,3970.7,822.2,110,0.731,0.207,2
2024-05-20,CL-VLC-02,C,12,5647.0,1166.0,120,0.714,0.206,0
2024-05-21,CL-BCN-01,B,10,5205.2,1162.8,136,0.793,0.223,5
2024-05-21,CL-BCN-02,B,11,5360.5,941.3,159,0.777,0.176,6
2024-05-21,CL-BIO-01,E,9,4674.9,401.2,105,0.667,0.086,1
2024-05-21,CL-MAD-01,A,10,4564.3,904.8,142,0.767,0.198,6
2024-05-21,CL-MAD-02,A,11,5126.3,914.1,185,0.777,0.178,5
2024-05-21,CL-MAD-03,A,10,4403.6,741.4,108,0.854,0.168,4
2024-05-21,CL-SEV-01,D,10,10808.7,4339.3,86,0.669,0.401,2
2024-05-21,CL-VLC-01,C,13,6119.4,1412.9,142,0.704,0.231,7
2024-05-21,CL-VLC-02,C,12,5883.3,1197.9,106,0.657,0.204,1
2024-05-22,CL-BCN-01,B,11,5376.2,1068.4,160,0.861,0.199,4
2024-05-22,CL-BCN-02,B,11,5525.1,1488.2,170,0.797,0.269,6
2024-05-22,CL-BIO-01,E,11,,,134,0.869,,1
2024-05-22,CL-MAD-01,A,10,4678.7,621.1,154,0.662,0.133,7
2024-05-22,CL-MAD-02,A,7,3417.6,465.5,98,0.886,0.136,3
2024-05-22,CL-MAD-03,A,9,4171.3,885.4,129,0.639,0.212,5
2024-05-22,CL-SEV-01,D,10,10468.4,3971.4,76,0.619,0.379,1
2024-05-22,CL-VLC-01,C,10,5027.0,1096.7,100,0.742,0.218,0
2024-05-22,CL-VLC-02,C,8,4145.3,908.5,109,0.704,0.219,1
2024-05-23,CL-BCN-01,B,11,5644.3,1398.5,115,0.764,0.248,4
2024-05-23,CL-BCN-02,B,9,4417.5,927.1,109,0.759,0.21,2
2024-05-23,CL-BIO-01,E,10,5071.3,537.6,141,0.877,0.106,1
2024-05-23,CL-MAD-01,A,12,5365.8,980.3,179,0.74,0.183,4
2024-05-23,CL-MAD-02,A,9,4011.3,610.6,137,0.775,0.152,4
2024-05-23,CL-MAD-03,A,10,4727.2,523.6,129,0.742,0.111,6
2024-05-23,CL-SEV-01,D,12,12422.5,3979.7,82,0.56,0.32,2
2024-05-23,CL-VLC-01,C,10,4703.7,1099.7,140,0.7,0.234,3
2024-05-23,CL-VLC-02,C,12,5694.0,1056.6,146,0.585,0.186,5
2024-05-24,CL-BCN-01,B,12,5760.9,1274.7,161,0.717,0.221,5
2024-05-24,CL-BCN-02,B,10,4853.3,984.1,131,0.735,0.203,4
2024-05-24,CL-BIO-01,E,11,5503.6,515.3,149,0.785,0.094,3
2024-05-24,CL-MAD-01,A,11,5169.6,918.1,159,0.78,0.178,10
2024-05-24,CL-MAD-02,A,13,6065.4,957.4,190,0.716,0.158,7
2024-05-24,CL-MAD-03,A,11,5002.4,868.4,147,0.737,0.174,2
2024-05-24,CL-SEV-01,D,9,9268.4,3009.1,81,0.596,0.325,2
2024-05-24,CL-VLC-01,C,11,5509.4,1228.3,141,0.712,0.223,3
2024-05-24,CL-VLC-02,C,12,5994.0,1545.8,149,0.734,0.258,4
2024-05-25,CL-BCN-01,B,8,3993.2,763.5,112,0.737,0.191,0
2024-05-25,CL-BCN-02,B,8,3841.1,933.5,123,0.816,0.243,0
2024-05-25,CL-BIO-01,E,7,,,89,0.846,,4
2024-05-25,CL-MAD-01,A,7,3252.5,556.2,111,0.827,0.171,5
2024-05-25,CL-MAD-02,A,8,3443.2,625.9,130,0.739,0.182,6
2024-05-25,CL-MAD-03,A,7,3238.7,590.8,102,0.734,0.182,4
2024-05-25,CL-SEV-01,D,7,7707.0,2410.9,58,0.655,0.313,0
2024-05-25,CL-VLC-01,C,9,4290.6,988.0,102,0.825,0.23,1
2024-05-25,CL-VLC-02,C,8,3703.0,1070.8,102,0.771,0.289,2
2024-05-26,CL-BCN-01,B,3,1609.2,355.3,42,0.723,0.221,1
2024-05-26,CL-BCN-02,B,3,1403.4,304.7,39,0.7,0.217,0
2024-05-26,CL-BIO-01,E,3,,,32,0.754,,1
2024-05-26,CL-MAD-01,A,3,1587.9,301.5,47,0.786,0.19,2
2024-05-26,CL-MAD-02,A,3,1495.4,335.2,46,0.763,0.224,4
2024-05-26,CL-MAD-03,A,3,1403.6,252.7,41,0.963,0.18,3
2024-05-26,CL-SEV-01,D,3,3317.0,1069.6,28,0.618,0.322,1
2024-05-26,CL-VLC-01,C,3,1356.5,293.9,36,0.687,0.217,0
2024-05-26,CL-VLC-02,C,3,1528.9,398.7,42,0.7,0.261,1
2024-05-27,CL-BCN-01,B,10,5248.0,1097.0,133,0.658,0.209,6
2024-05-27,CL-BCN-02,B,11,5299.0,1137.0,140,0.711,0.215,8
2024-05-27,CL-BIO-01,E,10,4881.3,494.3,115,0.771,0.101,2
2024-05-27,CL-MAD-01,A,11,5115.7,676.7,170,0.818,0.132,4
2024-05-27,CL-MAD-02,A,10,4482.2,598.9,146,0.75,0.134,5
2024-05-27,CL-MAD-03,A,10,4726.2,1057.6,143,0.809,0.224,2
2024-05-27,CL-SEV-01,D,9,9431.0,3344.3,77,0.765,0.355,0
2024-05-27,CL-VLC-01,C,10,5119.9,1181.7,101,0.713,0.231,3
2024-05-27,CL-VLC-02,C,12,5950.1,1494.7,164,0.668,0.251,7
2024-05-28,CL-BCN-01,B,10,4976.7,1144.1,141,0.708,0.23,4
2024-05-28,CL-BCN-02,B,11,5507.8,1162.1,135,0.805,0.211,4
2024-05-28,CL-BIO-01,E,10,4858.3,704.2,151,0.99,0.145,4
2024-05-28,CL-MAD-01,A,9,4085.7,634.5,118,0.893,0.155,11
2024-05-28,CL-MAD-02,A,9,4342.4,1006.3,144,0.686,0.232,3
2024-05-28,CL-MAD-03,A,11,4956.1,1098.5,159,0.744,0.222,5
2024-05-28,CL-SEV-01,D,9,10052.1,3180.9,67,0.567,0.316,2
2024-05-28,CL-VLC-01,C,10,4706.2,1228.4,110,0.676,0.261,2
2024-05-28,CL-VLC-02,C,11,5338.8,1197.3,146,0.647,0.224,6
2024-05-29,CL-BCN-01,B,11,,,149,0.831,,8
2024-05-29,CL-BCN-02,B,10,5091.5,951.6,132,0.692,0.187,2
2024-05-29,CL-BIO-01,E,10,5178.8,793.5,121,0.879,0.153,2
2024-05-29,CL-MAD-01,A,12,5654.6,773.5,166,0.753,0.137,7
2024-05-29,CL-MAD-02,A,10,4744.0,869.4,137,0.733,0.183,10
2024-05-29,CL-MAD-03,A,9,3964.8,781.9,133,0.733,0.197,4
2024-05-29,CL-SEV-01,D,10,10719.3,4455.0,92,0.689,0.416,2
2024-05-29,CL-VLC-01,C,10,4785.3,1413.9,115,0.704,0.295,2
2024-05-29,CL-VLC-02,C,10,5073.3,1414.1,126,0.739,0.279,3
2024-05-30,CL-BCN-01,B,11,5322.4,858.5,160,0.822,0.161,10
2024-05-30,CL-BCN-02,B,10,5217.5,1396.8,156,0.76,0.268,2
2024-05-30,CL-BIO-01,E,11,5583.9,769.9,111,0.711,0.138,3
2024-05-30,CL-MAD-01,A,10,4502.5,959.1,164,0.765,0.213,7
2024-05-30,CL-MAD-02,A,10,4805.1,905.4,162,0.745,0.188,8
2024-05-30,CL-MAD-03,A,9,4239.9,711.7,104,0.738,0.168,1
2024-05-30,CL-SEV-01,D,10,10913.6,3766.3,79,0.517,0.345,1
2024-05-30,CL-VLC-01,C,11,5503.7,1260.0,145,0.729,0.229,4
2024-05-30,CL-VLC-02,C,10,4975.9,1421.3,84,0.803,0.286,1
2024-05-31,CL-BCN-01,B,12,,,153,0.678,,2
2024-05-31,CL-BCN-02,B,11,5356.6,964.4,140,0.808,0.18,5
2024-05-31,CL-BIO-01,E,11,5786.6,414.4,151,0.801,0.072,2
2024-05-31,CL-MAD-01,A,11,4863.5,855.1,166,0.794,0.176,10
2024-05-31,CL-MAD-02,A,9,4311.3,618.0,128,0.752,0.143,4
2024-05-31,CL-MAD-03,A,10,4790.4,1018.6,116,0.659,0.213,3
2024-05-31,CL-SEV-01,D,10,10927.9,3884.9,78,0.754,0.356,2
2024-05-31,CL-VLC-01,C,9,4454.8,1078.5,108,0.627,0.242,4
2024-05-31,CL-VLC-02,C,11,5509.0,1434.1,122,0.736,0.26,1
2024-06-01,CL-BCN-01,B,8,4150.9,994.6,100,0.801,0.24,3
2024-06-01,CL-BCN-02,B,9,4311.3,816.7,123,0.693,0.189,2
2024-06-01,CL-BIO-01,E,9,4688.8,818.0,102,0.859,0.174,1
2024-06-01,CL-MAD-01,A,8,3744.8,620.7,112,0.749,0.166,6
2024-06-01,CL-MAD-02,A,9,4237.9,901.6,150,0.808,0.213,7
2024-06-01,CL-MAD-03,A,7,3245.4,594.0,92,0.679,0.183,4
2024-06-01,CL-SEV-01,D,8,9033.5,3264.6,62,0.679,0.361,2
2024-06-01,CL-VLC-01,C,8,4016.6,791.9,106,0.725,0.197,2
2024-06-01,CL-VLC-02,C,7,3611.2,993.3,82,0.683,0.275,2
2024-06-02,CL-BCN-01,B,3,1459.8,276.6,41,0.747,0.189,2
2024-06-02,CL-BCN-02,B,3,1659.6,360.6,41,0.784,0.217,3
2024-06-02,CL-BIO-01,E,3,1625.1,286.3,29,0.865,0.176,1
2024-06-02,CL-MAD-01,A,3,1578.1,302.9,43,0.816,0.192,1
2024-06-02,CL-MAD-02,A,3,1493.2,213.0,41,0.877,0.143,0
2024-06-02,CL-MAD-03,A,3,1464.4,244.2,43,0.788,0.167,1
2024-06-02,CL-SEV-01,D,3,3588.5,1357.0,26,0.56,0.378,2
2024-06-02,CL-VLC-01,C,3,1647.8,400.8,39,0.751,0.243,0
2024-06-02,CL-VLC-02,C,3,1613.6,393.7,37,0.633,0.244,0
2024-06-03,CL-BCN-01,B,10,5166.1,1137.9,155,0.721,0.22,4
2024-06-03,CL-BCN-02,B,10,4991.8,1096.6,116,0.771,0.22,1
2024-06-03,CL-BIO-01,E,8,4234.4,533.5,103,0.79,0.126,0
2024-06-03,CL-MAD-01,A,9,4239.5,786.0,124,0.739,0.185,2
2024-06-03,CL-MAD-02,A,10,4711.5,850.2,133,0.757,0.18,3
2024-06-03,CL-MAD-03,A,12,5501.6,1266.7,166,0.639,0.23,7
2024-06-03,CL-SEV-01,D,11,11390.0,3718.5,81,0.589,0.326,0
2024-06-03,CL-VLC-01,C,11,5458.1,1137.8,149,0.678,0.208,3
2024-06-03,CL-VLC-02,C,10,5011.3,1102.8,119,0.716,0.22,3
2024-06-04,CL-BCN-01,B,10,5162.1,905.0,141,0.785,0.175,2
2024-06-04,CL-BCN-02,B,11,5477.6,1355.0,170,0.694,0.247,5
2024-06-04,CL-BIO-01,E,12,6181.7,809.0,104,0.793,0.131,0
2024-06-04,CL-MAD-01,A,10,4714.1,628.2,115,0.775,0.133,6
2024-06-04,CL-MAD-02,A,12,5542.4,737.5,185,0.735,0.133,11
2024-06-04,CL-MAD-03,A,10,4659.6,958.8,140,0.809,0.206,7
2024-06-04,CL-SEV-01,D,10,10445.6,3285.0,66,0.675,0.314,2
2024-06-04,CL-VLC-01,C,9,4166.4,713.0,93,0.726,0.171,1
2024-06-04,CL-VLC-02,C,13,6129.2,1359.6,163,0.762,0.222,5
2024-06-05,CL-BCN-01,B,10,4897.7,1125.2,133,0.755,0.23,7
2024-06-05,CL-BCN-02,B,10,,,113,0.735,,4
2024-06-05,CL-BIO-01,E,10,5123.4,749.8,115,0.875,0.146,1
2024-06-05,CL-MAD-01,A,12,5574.3,970.9,187,0.738,0.174,12
2024-06-05,CL-MAD-02,A,10,4660.9,979.3,138,0.793,0.21,3
2024-06-05,CL-MAD-03,A,11,4850.7,784.6,119,0.857,0.162,4
2024-06-05,CL-SEV-01,D,9,9847.7,3124.5,84,0.629,0.317,0
2024-06-05,CL-VLC-01,C,12,5764.2,1580.7,138,0.628,0.274,3
2024-06-05,CL-VLC-02,C,11,5185.5,1194.6,163,0.731,0.23,6
2024-06-06,CL-BCN-01,B,13,6294.0,1475.0,185,0.782,0.234,6
2024-06-06,CL-BCN-02,B,11,5410.6,1236.0,163,0.821,0.228,6
2024-06-06,CL-BIO-01,E,12,6167.8,955.3,152,0.732,0.155,1
2024-06-06,CL-MAD-01,A,11,4944.4,496.1,158,0.756,0.1,3
2024-06-06,CL-MAD-02,A,10,4577.3,668.8,168,0.703,0.146,4
2024-06-06,CL-MAD-03,A,11,4989.7,1031.1,132,0.684,0.207,5
2024-06-06,CL-SEV-01,D,11,12115.2,4576.5,110,0.663,0.378,1
2024-06-06,CL-VLC-01,C,10,5051.7,1323.2,109,0.76,0.262,3
2024-06-06,CL-VLC-02,C,10,4967.0,1145.8,124,0.71,0.231,3
2024-06-07,CL-BCN-01,B,10,5006.9,1048.6,151,0.663,0.209,7
2024-06-07,CL-BCN-02,B,11,5425.4,897.6,142,0.823,0.165,7
2024-06-07,CL-BIO-01,E,12,5858.0,616.6,169,0.782,0.105,4
2024-06-07,CL-MAD-01,A,12,5309.6,875.1,149,0.857,0.165,3
2024-06-07,CL-MAD-02,A,12,5476.2,1080.7,179,0.805,0.197,4
2024-06-07,CL-MAD-03,A,10,4770.7,949.0,144,0.859,0.199,6
2024-06-07,CL-SEV-01,D,12,,,104,0.538,,3
2024-06-07,CL-VLC-01,C,10,5045.4,1069.5,111,0.681,0.212,6
2024-06-07,CL-VLC-02,C,11,5418.3,1188.7,126,0.754,0.219,0
2024-06-08,CL-BCN-01,B,8,4027.0,825.8,99,0.77,0.205,7
2024-06-08,CL-BCN-02,B,8,3770.8,812.5,86,0.826,0.215,5
2024-06-08,CL-BIO-01,E,7,3686.1,465.8,88,0.766,0.126,0
2024-06-08,CL-MAD-01,A,8,3858.4,876.0,122,0.75,0.227,4
2024-06-08,CL-MAD-02,A,9,4128.5,876.7,144,0.711,0.212,6
2024-06-08,CL-MAD-03,A,6,2802.3,464.5,94,0.839,0.166,4
2024-06-08,CL-SEV-01,D,7,7320.3,3030.1,57,0.638,0.414,3
2024-06-08,CL-VLC-01,C,9,4626.5,1055.8,97,0.774,0.228,1
2024-06-08,CL-VLC-02,C,7,3615.8,868.4,88,0.783,0.24,1
2024-06-09,CL-BCN-01,B,3,1713.6,390.9,38,0.783,0.228,2
2024-06-09,CL-BCN-02,B,3,1309.6,279.1,33,0.749,0.213,1
2024-06-09,CL-BIO-01,E,4,1922.6,290.9,55,0.909,0.151,1
2024-06-09,CL-MAD-01,A,3,1424.3,229.7,49,0.805,0.161,3
2024-06-09,CL-MAD-02,A,3,,,49,0.691,,2
2024-06-09,CL-MAD-03,A,4,1675.0,325.0,62,0.732,0.194,7
2024-06-09,CL-SEV-01,D,3,3694.7,1226.0,31,0.631,0.332,1
2024-06-09,CL-VLC-01,C,3,1520.6,287.5,33,0.808,0.189,1
2024-06-09,CL-VLC-02,C,4,1782.5,370.5,34,0.805,0.208,1
2024-06-10,CL-BCN-01,B,12,6010.2,1276.0,102,0.737,0.212,5
2024-06-10,CL-BCN-02,B,9,4698.7,812.5,104,0.869,0.173,3
2024-06-10,CL-BIO-01,E,11,5508.1,817.9,116,0.866,0.148,3
2024-06-10,CL-MAD-01,A,8,3850.5,796.0,111,0.847,0.207,6
2024-06-10,CL-MAD-02,A,12,5389.4,1255.1,197,0.863,0.233,9
2024-06-10,CL-MAD-03,A,9,4291.8,705.6,146,0.781,0.164,5
2024-06-10,CL-SEV-01,D,10,10467.8,3602.8,51,0.699,0.344,0
2024-06-10,CL-VLC-01,C,11,5280.7,1199.5,109,0.702,0.227,1
2024-06-10,CL-VLC-02,C,12,5668.0,1480.0,154,0.781,0.261,3
2024-06-11,CL-BCN-01,B,11,5569.1,1428.5,148,0.74,0.257,2
2024-06-11,CL-BCN-02,B,9,4669.2,1086.9,113,0.776,0.233,2
2024-06-11,CL-BIO-01,E,10,5164.1,688.7,125,0.86,0.133,3
2024-06-11,CL-MAD-01,A,10,4800.5,778.6,127,0.791,0.162,5
2024-06-11,CL-MAD-02,A,10,4395.0,542.3,147,0.89,0.123,6
2024-06-11,CL-MAD-03,A,9,4352.7,804.1,115,0.795,0.185,3
2024-06-11,CL-SEV-01,D,13,13681.5,4741.5,122,0.579,0.347,4
2024-06-11,CL-VLC-01,C,11,5428.4,1575.9,98,0.801,0.29,3
2024-06-11,CL-VLC-02,C,11,5199.4,1330.1,129,0.757,0.256,3
2024-06-12,CL-BCN-01,B,10,5099.2,1195.4,121,0.667,0.234,8
2024-06-12,CL-BCN-02,B,9,4735.7,950.1,122,0.745,0.201,1
2024-06-12,CL-BIO-01,E,10,5273.4,622.3,128,0.747,0.118,2
2024-06-12,CL-MAD-01,A,12,5672.6,609.8,165,0.815,0.107,9
2024-06-12,CL-MAD-02,A,12,5396.9,1000.7,185,0.881,0.185,10
2024-06-12,CL-MAD-03,A,10,4774.6,797.6,145,0.825,0.167,2
2024-06-12,CL-SEV-01,D,9,9921.7,3577.8,60,0.584,0.361,1
2024-06-12,CL-VLC-01,C,10,4727.8,876.4,116,0.729,0.185,2
2024-06-12,CL-VLC-02,C,10,4793.1,1368.1,127,0.746,0.285,2
2024-06-13,CL-BCN-01,B,11,5614.5,1042.1,130,0.803,0.186,5
2024-06-13,CL-BCN-02,B,11,5713.2,1246.0,172,0.615,0.218,7
2024-06-13,CL-BIO-01,E,11,5706.2,984.5,141,0.815,0.173,3
2024-06-13,CL-MAD-01,A,9,4327.1,811.8,128,0.895,0.188,8
2024-06-13,CL-MAD-02,A,10,4689.6,948.8,140,0.787,0.202,6
2024-06-13,CL-MAD-03,A,12,5336.3,1161.4,174,0.765,0.218,9
2024-06-13,CL-SEV-01,D,10,10737.6,3865.3,93,0.575,0.36,3
2024-06-13,CL-VLC-01,C,9,4329.9,1195.8,114,0.786,0.276,2
2024-06-13,CL-VLC-02,C,10,5052.7,1111.7,117,0.651,0.22,1
2024-06-14,CL-BCN-01,B,10,5107.0,1151.0,154,0.822,0.225,5
2024-06-14,CL-BCN-02,B,10,5114.8,1192.0,117,0.753,0.233,4
2024-06-14,CL-BIO-01,E,11,5377.3,709.6,112,0.844,0.132,0
2024-06-14,CL-MAD-01,A,12,5318.6,898.3,172,0.673,0.169,7
2024-06-14,CL-MAD-02,A,11,5087.0,1050.0,154,0.857,0.206,6
2024-06-14,CL-MAD-03,A,10,4478.9,677.7,165,0.722,0.151,12
2024-06-14,CL-SEV-01,D,11,11458.1,3598.8,66,0.523,0.314,2
2024-06-14,CL-VLC-01,C,12,5649.2,1312.4,110,0.657,0.232,0
2024-06-14,CL-VLC-02,C,11,5205.8,1110.3,167,0.745,0.213,8
2024-06-15,CL-BCN-01,B,7,3606.9,657.1,86,0.743,0.182,3
2024-06-15,CL-BCN-02,B,8,3926.1,819.6,129,0.756,0.209,2
2024-06-15,CL-BIO-01,E,6,3148.2,441.5,70,0.921,0.14,1
2024-06-15,CL-MAD-01,A,9,3971.6,871.8,144,0.791,0.22,2
2024-06-15,CL-MAD-02,A,8,3840.9,700.0,122,0.779,0.182,5
2024-06-15,CL-MAD-03,A,9,4059.2,814.7,101,0.788,0.201,5
2024-06-15,CL-SEV-01,D,9,9852.9,3270.7,76,0.576,0.332,0
2024-06-15,CL-VLC-01,C,8,3880.2,977.9,102,0.712,0.252,2
2024-06-15,CL-VLC-02,C,8,3960.9,994.2,97,0.72,0.251,2
2024-06-16,CL-BCN-01,B,3,1454.2,342.9,39,0.791,0.236,0
2024-06-16,CL-BCN-02,B,3,1351.3,259.5,44,0.748,0.192,1
2024-06-16,CL-BIO-01,E,3,1463.5,247.5,36,0.809,0.169,0
2024-06-16,CL-MAD-01,A,3,1227.0,225.7,49,0.834,0.184,0
2024-06-16,CL-MAD-02,A,3,1252.5,197.6,47,0.757,0.158,0
2024-06-16,CL-MAD-03,A,3,1465.2,362.3,41,0.708,0.247,2
2024-06-16,CL-SEV-01,D,3,3585.9,1221.5,23,0.606,0.341,1
2024-06-16,CL-VLC-01,C,4,1875.8,431.3,46,0.708,0.23,0
2024-06-16,CL-VLC-02,C,3,1504.0,333.0,35,0.754,0.221,1
2024-06-17,CL-BCN-01,B,10,4770.3,1041.3,120,0.763,0.218,4
2024-06-17,CL-BCN-02,B,11,5641.4,1347.5,132,0.763,0.239,6
2024-06-17,CL-BIO-01,E,10,5282.4,802.9,114,0.828,0.152,0
2024-06-17,CL-MAD-01,A,11,4884.5,885.0,163,0.779,0.181,7
2024-06-17,CL-MAD-02,A,11,5128.8,1118.6,120,0.658,0.218,3
2024-06-17,CL-MAD-03,A,10,4760.8,699.4,157,0.705,0.147,7
2024-06-17,CL-SEV-01,D,10,10585.8,3583.5,91,0.688,0.339,0
2024-06-17,CL-VLC-01,C,11,5554.1,1182.2,122,0.724,0.213,5
2024-06-17,CL-VLC-02,C,10,4826.9,977.7,89,0.714,0.203,2
2024-06-18,CL-BCN-01,B,10,5090.7,1189.3,120,0.72,0.234,7
2024-06-18,CL-BCN-02,B,9,,,103,0.832,,4
2024-06-18,CL-BIO-01,E,10,5112.5,992.7,143,0.849,0.194,3
2024-06-18,CL-MAD-01,A,11,5210.4,775.2,162,0.865,0.149,4
2024-06-18,CL-MAD-02,A,10,4628.5,732.1,125,0.918,0.158,7
2024-06-18,CL-MAD-03,A,10,4724.4,754.2,150,0.764,0.16,8
2024-06-18,CL-SEV-01,D,12,13175.7,4519.9,100,0.594,0.343,0
2024-06-18,CL-VLC-01,C,9,4488.2,768.7,120,0.728,0.171,5
2024-06-18,CL-VLC-02,C,12,5704.2,1406.2,151,0.634,0.247,5
2024-06-19,CL-BCN-01,B,10,5191.5,1060.8,125,0.733,0.204,0
2024-06-19,CL-BCN-02,B,10,4951.5,1064.8,106,0.726,0.215,6
2024-06-19,CL-BIO-01,E,11,5490.3,398.4,156,0.823,0.073,2
2024-06-19,CL-MAD-01,A,11,4850.0,997.6,140,0.785,0.206,5
2024-06-19,CL-MAD-02,A,11,5140.1,865.8,164,0.705,0.168,7
2024-06-19,CL-MAD-03,A,10,4812.9,726.3,129,0.82,0.151,3
2024-06-19,CL-SEV-01,D,13,14431.3,5543.1,99,0.632,0.384,2
2024-06-19,CL-VLC-01,C,10,5069.1,1372.3,132,0.642,0.271,2
2024-06-19,CL-VLC-02,C,11,5586.7,1257.7,158,0.733,0.225,2
2024-06-20,CL-BCN-01,B,10,5004.1,1026.8,132,0.736,0.205,3
2024-06-20,CL-BCN-02,B,13,6253.7,1177.1,185,0.749,0.188,5
2024-06-20,CL-BIO-01,E,9,4584.5,454.6,112,0.87,0.099,2
2024-06-20,CL-MAD-01,A,11,4848.8,1098.3,140,0.853,0.227,8
2024-06-20,CL-MAD-02,A,11,5163.9,711.7,167,0.79,0.138,8
2024-06-20,CL-MAD-03,A,9,4034.1,921.0,138,0.756,0.228,3
2024-06-20,CL-SEV-01,D,10,10359.0,3240.4,66,0.577,0.313,1
2024-06-20,CL-VLC-01,C,11,5379.5,978.5,144,0.777,0.182,0
2024-06-20,CL-VLC-02,C,11,5295.9,1248.4,118,0.772,0.236,2
2024-06-21,CL-BCN-01,B,11,5335.4,990.7,148,0.705,0.186,8
2024-06-21,CL-BCN-02,B,12,5947.8,1424.2,156,0.87,0.239,6
2024-06-21,CL-BIO-01,E,9,4347.4,621.6,86,0.842,0.143,2
2024-06-21,CL-MAD-01,A,11,5159.1,710.1,150,0.829,0.138,7
2024-06-21,CL-MAD-02,A,11,5164.8,813.8,155,0.837,0.158,12
2024-06-21,CL-MAD-03,A,11,5238.6,896.1,164,0.84,0.171,8
2024-06-21,CL-SEV-01,D,10,10688.2,3269.4,78,0.543,0.306,2
2024-06-21,CL-VLC-01,C,10,4921.9,1163.3,121,0.738,0.236,8
2024-06-21,CL-VLC-02,C,9,4566.0,1120.8,114,0.64,0.245,5
2024-06-22,CL-BCN-01,B,8,3935.7,870.6,91,0.762,0.221,2
2024-06-22,CL-BCN-02,B,8,4212.2,741.0,89,0.801,0.176,3
2024-06-22,CL-BIO-01,E,9,4446.0,593.3,104,0.766,0.133,1
2024-06-22,CL-MAD-01,A,7,3337.4,889.6,84,0.879,0.267,3
2024-06-22,CL-MAD-02,A,8,3565.1,712.8,106,0.755,0.2,3
2024-06-22,CL-MAD-03,A,9,3936.5,843.3,127,0.737,0.214,8
2024-06-22,CL-SEV-01,D,8,8570.1,2760.9,72,0.517,0.322,2
2024-06-22,CL-VLC-01,C,6,3150.5,682.1,73,0.692,0.217,1
2024-06-22,CL-VLC-02,C,6,2701.4,663.5,70,0.771,0.246,0
2024-06-23,CL-BCN-01,B,3,1645.8,311.2,44,0.718,0.189,1
2024-06-23,CL-BCN-02,B,3,1498.0,286.7,36,0.888,0.191,3
2024-06-23,CL-BIO-01,E,3,1629.5,181.6,32,0.927,0.111,0
2024-06-23,CL-MAD-01,A,3,1546.0,274.0,35,0.732,0.177,0
2024-06-23,CL-MAD-02,A,3,1575.1,367.3,42,0.728,0.233,1
2024-06-23,CL-MAD-03,A,3,1403.7,208.5,43,0.738,0.149,1
2024-06-23,CL-SEV-01,D,3,3661.5,1225.1,27,0.579,0.335,0
2024-06-23,CL-VLC-01,C,3,1653.3,272.9,43,0.72,0.165,2
2024-06-23,CL-VLC-02,C,3,1686.1,347.3,31,0.738,0.206,3
2024-06-24,CL-BCN-01,B,11,5614.3,1156.2,124,0.632,0.206,3
2024-06-24,CL-BCN-02,B,11,5391.2,1066.2,172,0.713,0.198,7
2024-06-24,CL-BIO-01,E,11,5460.0,840.6,102,0.809,0.154,1
2024-06-24,CL-MAD-01,A,11,5065.6,721.1,150,0.733,0.142,7
2024-06-24,CL-MAD-02,A,11,5233.4,819.5,150,0.862,0.157,5
2024-06-24,CL-MAD-03,A,10,4673.7,793.3,125,0.756,0.17,8
2024-06-24,CL-SEV-01,D,10,10588.7,2942.8,69,0.602,0.278,4
2024-06-24,CL-VLC-01,C,12,5944.1,1474.5,156,0.763,0.248,5
2024-06-24,CL-VLC-02,C,11,5234.2,1019.0,135,0.68,0.195,0
2024-06-25,CL-BCN-01,B,9,4392.8,871.8,122,0.788,0.198,4
2024-06-25,CL-BCN-02,B,12,5837.7,1363.0,133,0.74,0.233,7
2024-06-25,CL-BIO-01,E,9,4559.8,546.3,120,0.821,0.12,1
2024-06-25,CL-MAD-01,A,9,4108.4,794.9,129,0.824,0.193,3
2024-06-25,CL-MAD-02,A,11,5014.2,890.3,175,0.721,0.178,4
2024-06-25,CL-MAD-03,A,10,4424.5,980.1,126,0.788,0.222,7
2024-06-25,CL-SEV-01,D,12,12638.8,3879.1,100,0.572,0.307,2
2024-06-25,CL-VLC-01,C,11,5610.0,1439.4,132,0.754,0.257,3
2024-06-25,CL-VLC-02,C,10,4990.8,1240.3,147,0.818,0.249,6
2024-06-26,CL-BCN-01,B,10,5111.3,1280.4,135,0.822,0.251,5
2024-06-26,CL-BCN-02,B,11,5456.4,988.7,135,0.731,0.181,4
2024-06-26,CL-BIO-01,E,12,5868.9,893.5,135,0.85,0.152,0
2024-06-26,CL-MAD-01,A,10,4665.0,743.5,159,0.793,0.159,6
2024-06-26,CL-MAD-02,A,12,5386.4,1124.0,181,0.701,0.209,9
2024-06-26,CL-MAD-03,A,11,5182.4,908.9,114,0.737,0.175,3
2024-06-26,CL-SEV-01,D,11,11483.5,3829.5,103,0.601,0.333,0
2024-06-26,CL-VLC-01,C,11,5346.5,933.5,107,0.643,0.175,0
2024-06-26,CL-VLC-02,C,9,4624.3,1129.9,116,0.724,0.244,5
2024-06-27,CL-BCN-01,B,10,4907.2,1013.5,131,0.773,0.207,3
2024-06-27,CL-BCN-02,B,11,5396.3,1248.2,126,0.804,0.231,3
2024-06-27,CL-BIO-01,E,11,5743.0,903.6,121,0.809,0.157,0
2024-06-27,CL-MAD-01,A,13,5912.9,957.8,169,0.798,0.162,4
2024-06-27,CL-MAD-02,A,11,4942.4,895.2,141,0.763,0.181,5
2024-06-27,CL-MAD-03,A,10,4566.3,840.1,140,0.777,0.184,5
2024-06-27,CL-SEV-01,D,10,10508.7,4046.1,94,0.593,0.385,1
2024-06-27,CL-VLC-01,C,10,4959.6,1372.5,142,0.804,0.277,2
2024-06-27,CL-VLC-02,C,11,5589.4,1132.7,128,0.702,0.203,0
2024-06-28,CL-BCN-01,B,10,5027.8,1076.2,131,0.677,0.214,4
2024-06-28,CL-BCN-02,B,11,5453.5,1372.7,147,0.752,0.252,4
2024-06-28,CL-BIO-01,E,12,5848.0,659.7,133,0.717,0.113,3
2024-06-28,CL-MAD-01,A,11,4839.9,599.4,115,0.909,0.124,6
2024-06-28,CL-MAD-02,A,9,4205.2,658.6,134,0.83,0.157,6
2024-06-28,CL-MAD-03,A,9,4153.8,788.5,129,0.872,0.19,8
2024-06-28,CL-SEV-01,D,11,11891.9,4762.8,86,0.694,0.401,0
2024-06-28,CL-VLC-01,C,11,5435.0,1102.9,134,0.74,0.203,1
2024-06-28,CL-VLC-02,C,11,5209.0,1067.8,128,0.68,0.205,1
2024-06-29,CL-BCN-01,B,9,4547.2,1000.2,124,0.685,0.22,4
2024-06-29,CL-BCN-02,B,7,3529.7,768.5,90,0.803,0.218,0
2024-06-29,CL-BIO-01,E,8,4300.0,549.2,113,0.865,0.128,2
2024-06-29,CL-MAD-01,A,8,3589.6,816.6,112,0.813,0.227,4
2024-06-29,CL-MAD-02,A,7,3009.5,629.7,93,0.798,0.209,2
2024-06-29,CL-MAD-03,A,6,2775.2,393.6,84,0.754,0.142,4
2024-06-29,CL-SEV-01,D,9,9404.4,3328.3,79,0.673,0.354,2
2024-06-29,CL-VLC-01,C,9,4207.8,898.5,113,0.632,0.214,6
2024-06-29,CL-VLC-02,C,9,4190.7,821.8,134,0.779,0.196,3
2024-06-30,CL-BCN-01,B,3,1568.7,282.7,38,0.827,0.18,0
2024-06-30,CL-BCN-02,B,3,1572.3,283.9,47,0.778,0.181,2
2024-06-30,CL-BIO-01,E,4,1886.6,171.4,57,0.808,0.091,0
2024-06-30,CL-MAD-01,A,3,1518.8,253.5,39,0.77,0.167,3
2024-06-30,CL-MAD-02,A,3,1484.1,246.7,40,0.82,0.166,2
2024-06-30,CL-MAD-03,A,3,1280.1,259.5,48,0.814,0.203,3
2024-06-30,CL-SEV-01,D,4,3942.8,1083.7,23,0.592,0.275,0
2024-06-30,CL-VLC-01,C,3,1484.1,303.7,36,0.553,0.205,1
2024-06-30,CL-VLC-02,C,4,1772.0,327.2,49,0.754,0.185,0
2024-07-01,CL-BCN-01,B,11,5739.7,971.1,144,0.784,0.169,3
2024-07-01,CL-BCN-02,B,12,5887.0,1174.2,155,0.841,0.199,8
2024-07-01,CL-BIO-01,E,10,5267.4,800.3,129,0.882,0.152,1
2024-07-01,CL-MAD-01,A,12,5588.8,819.2,187,0.828,0.147,3
2024-07-01,CL-MAD-02,A,12,5439.1,1035.8,179,0.769,0.19,8
2024-07-01,CL-MAD-03,A,12,5542.9,1000.9,167,0.713,0.181,9
2024-07-01,CL-SEV-01,D,10,10970.5,4129.1,89,0.629,0.376,6
2024-07-01,CL-VLC-01,C,12,5968.2,1276.2,135,0.649,0.214,4
2024-07-01,CL-VLC-02,C,11,5268.4,1023.8,151,0.723,0.194,6
2024-07-02,CL-BCN-01,B,12,5831.9,1150.6,146,0.688,0.197,1
2024-07-02,CL-BCN-02,B,12,6001.8,1465.5,130,0.741,0.244,2
2024-07-02,CL-BIO-01,E,12,6138.3,629.6,141,0.915,0.103,1
2024-07-02,CL-MAD-01,A,11,5154.6,771.6,176,0.703,0.15,9
2024-07-02,CL-MAD-02,A,12,5654.0,846.4,155,0.875,0.15,11
2024-07-02,CL-MAD-03,A,12,5387.8,1152.9,172,0.791,0.214,10
2024-07-02,CL-SEV-01,D,12,13223.2,4433.4,107,0.528,0.335,7
2024-07-02,CL-VLC-01,C,12,5635.5,1341.5,155,0.847,0.238,4
2024-07-02,CL-VLC-02,C,12,5683.9,1185.2,150,0.728,0.209,0
2024-07-03,CL-BCN-01,B,10,5239.0,1305.8,156,0.691,0.249,5
2024-07-03,CL-BCN-02,B,12,5928.6,1278.3,158,0.701,0.216,5
2024-07-03,CL-BIO-01,E,12,5981.6,767.6,160,0.848,0.128,1
2024-07-03,CL-MAD-01,A,10,4636.8,852.0,138,0.725,0.184,14
2024-07-03,CL-MAD-02,A,11,5069.4,895.1,126,0.822,0.177,9
2024-07-03,CL-MAD-03,A,11,5171.3,1013.8,157,0.771,0.196,7
2024-07-03,CL-SEV-01,D,12,12484.1,3844.8,90,0.566,0.308,1
2024-07-03,CL-VLC-01,C,11,5178.6,1019.6,142,0.613,0.197,5
2024-07-03,CL-VLC-02,C,11,5354.0,1172.3,134,0.717,0.219,2
2024-07-04,CL-BCN-01,B,14,6947.7,1464.1,188,0.735,0.211,6
2024-07-04,CL-BCN-02,B,11,5361.3,1041.4,125,0.669,0.194,2
2024-07-04,CL-BIO-01,E,12,6151.1,556.0,106,0.922,0.09,1
2024-07-04,CL-MAD-01,A,11,4921.1,921.2,159,0.808,0.187,9
2024-07-04,CL-MAD-02,A,11,5136.8,876.4,136,0.754,0.171,7
2024-07-04,CL-MAD-03,A,11,5014.7,847.3,174,0.752,0.169,9
2024-07-04,CL-SEV-01,D,13,13743.2,4863.5,126,0.56,0.354,2
2024-07-04,CL-VLC-01,C,12,5986.1,1282.2,158,0.671,0.214,7
2024-07-04,CL-VLC-02,C,12,5915.6,1559.3,133,0.75,0.264,6
2024-07-05,CL-BCN-01,B,13,6605.5,1271.7,154,0.87,0.193,4
2024-07-05,CL-BCN-02,B,11,5701.5,1314.1,140,0.78,0.23,5
2024-07-05,CL-BIO-01,E,11,5413.6,950.8,117,0.751,0.176,3
2024-07-05,CL-MAD-01,A,11,,,178,0.824,,7
2024-07-05,CL-MAD-02,A,11,5174.5,971.7,150,0.841,0.188,5
2024-07-05,CL-MAD-03,A,12,5290.3,871.2,164,0.845,0.165,7
2024-07-05,CL-SEV-01,D,12,12568.1,4847.5,58,0.746,0.386,1
2024-07-05,CL-VLC-01,C,12,6003.7,1467.9,134,0.666,0.244,4
2024-07-05,CL-VLC-02,C,13,6177.8,1286.6,152,0.757,0.208,0
2024-07-06,CL-BCN-01,B,8,4213.4,940.6,87,0.765,0.223,2
2024-07-06,CL-BCN-02,B,9,4442.1,928.1,149,0.762,0.209,2
2024-07-06,CL-BIO-01,E,8,4021.3,464.4,101,0.697,0.115,1
2024-07-06,CL-MAD-01,A,7,3414.3,485.5,99,0.721,0.142,3
2024-07-06,CL-MAD-02,A,9,4228.6,638.8,125,0.758,0.151,7
2024-07-06,CL-MAD-03,A,8,3747.8,470.3,107,0.786,0.125,3
2024-07-06,CL-SEV-01,D,7,7552.5,2227.1,63,0.723,0.295,2
2024-07-06,CL-VLC-01,C,7,3420.4,915.2,101,0.7,0.268,1
2024-07-06,CL-VLC-02,C,8,3988.2,940.4,104,0.685,0.236,4
2024-07-07,CL-BCN-01,B,4,1990.6,313.1,55,0.724,0.157,2
2024-07-07,CL-BCN-02,B,4,1827.2,429.0,48,0.729,0.235,2
2024-07-07,CL-BIO-01,E,3,1703.4,207.2,34,0.875,0.122,0
2024-07-07,CL-MAD-01,A,3,1562.4,330.5,36,0.814,0.212,1
2024-07-07,CL-MAD-02,A,4,1798.8,292.2,58,0.82,0.162,3
2024-07-07,CL-MAD-03,A,3,1584.8,258.4,42,0.777,0.163,1
2024-07-07,CL-SEV-01,D,4,4121.9,1505.5,25,0.671,0.365,0
2024-07-07,CL-VLC-01,C,3,1677.1,377.1,44,0.647,0.225,3
2024-07-07,CL-VLC-02,C,3,1600.9,338.3,37,0.805,0.211,1
2024-07-08,CL-BCN-01,B,12,6235.5,1509.5,166,0.714,0.242,3
2024-07-08,CL-BCN-02,B,12,6049.9,1471.8,137,0.767,0.243,6
2024-07-08,CL-BIO-01,E,11,5682.9,833.3,133,0.785,0.147,0
2024-07-08,CL-MAD-01,A,10,4484.8,957.9,139,0.865,0.214,4
2024-07-08,CL-MAD-02,A,11,5153.8,548.4,157,0.773,0.106,9
2024-07-08,CL-MAD-03,A,11,5188.1,838.6,152,0.776,0.162,7
2024-07-08,CL-SEV-01,D,13,13894.6,4287.7,84,0.486,0.309,0
2024-07-08,CL-VLC-01,C,15,7114.1,1945.3,186,0.748,0.273,8
2024-07-08,CL-VLC-02,C,10,5128.8,1210.5,135,0.81,0.236,4
2024-07-09,CL-BCN-01,B,10,5243.9,1199.5,117,0.776,0.229,2
2024-07-09,CL-BCN-02,B,11,5513.8,900.2,146,0.775,0.163,4
2024-07-09,CL-BIO-01,E,12,6048.2,898.1,160,0.803,0.148,1
2024-07-09,CL-MAD-01,A,13,5838.1,1438.6,198,0.76,0.246,7
2024-07-09,CL-MAD-02,A,12,5671.9,946.1,182,0.843,0.167,6
2024-07-09,CL-MAD-03,A,12,5649.5,734.1,188,0.685,0.13,8
2024-07-09,CL-SEV-01,D,14,14858.2,5751.7,132,0.687,0.387,2
2024-07-09,CL-VLC-01,C,12,6006.0,1537.7,116,0.757,0.256,3
2024-07-09,CL-VLC-02,C,11,5187.2,1290.7,111,0.732,0.249,2
2024-07-10,CL-BCN-01,B,10,5096.3,1140.4,151,0.776,0.224,5
2024-07-10,CL-BCN-02,B,10,5027.2,931.6,137,0.714,0.185,5
2024-07-10,CL-BIO-01,E,12,6070.7,1274.6,167,0.886,0.21,1
2024-07-10,CL-MAD-01,A,12,5404.9,1179.3,142,0.779,0.218,11
2024-07-10,CL-MAD-02,A,13,6091.3,653.4,196,0.888,0.107,6
2024-07-10,CL-MAD-03,A,11,4918.3,842.7,167,0.737,0.171,10
2024-07-10,CL-SEV-01,D,11,,,108,0.617,,1
2024-07-10,CL-VLC-01,C,12,6067.3,1310.8,136,0.767,0.216,0
2024-07-10,CL-VLC-02,C,13,6218.9,1276.6,220,0.682,0.205,3
2024-07-11,CL-BCN-01,B,10,4748.7,875.2,99,0.75,0.184,2
2024-07-11,CL-BCN-02,B,11,5528.8,1330.3,147,0.71,0.241,9
2024-07-11,CL-BIO-01,E,10,5142.7,596.0,131,0.811,0.116,1
2024-07-11,CL-MAD-01,A,12,5560.8,946.3,142,0.685,0.17,4
2024-07-11,CL-MAD-02,A,12,5350.1,993.4,162,0.893,0.186,11
2024-07-11,CL-MAD-03,A,13,5733.3,745.8,206,0.787,0.13,10
2024-07-11,CL-SEV-01,D,11,11564.2,3896.3,114,0.523,0.337,1
2024-07-11,CL-VLC-01,C,11,5493.2,917.7,162,0.745,0.167,2
2024-07-11,CL-VLC-02,C,11,5512.9,1478.1,122,0.787,0.268,2
2024-07-12,CL-BCN-01,B,13,6594.7,1168.5,197,0.705,0.177,9
2024-07-12,CL-BCN-02,B,14,6772.9,1752.4,198,0.777,0.259,5
2024-07-12,CL-BIO-01,E,11,5378.2,887.3,142,0.854,0.165,2
2024-07-12,CL-MAD-01,A,11,5087.6,627.9,151,0.776,0.123,2
2024-07-12,CL-MAD-02,A,14,6323.5,1284.5,162,0.751,0.203,5
2024-07-12,CL-MAD-03,A,11,5049.5,947.2,162,0.904,0.188,3
2024-07-12,CL-SEV-01,D,13,13548.1,4986.9,116,0.65,0.368,3
2024-07-12,CL-VLC-01,C,12,5656.6,1394.1,123,0.857,0.246,1
2024-07-12,CL-VLC-02,C,11,5344.2,1064.6,126,0.712,0.199,3
2024-07-13,CL-BCN-01,B,10,4790.6,996.6,150,0.713,0.208,4
2024-07-13,CL-BCN-02,B,9,4289.6,631.5,116,0.694,0.147,6
2024-07-13,CL-BIO-01,E,8,4272.3,711.6,87,0.824,0.167,0
2024-07-13,CL-MAD-01,A,8,3806.2,712.9,118,0.775,0.187,4
2024-07-13,CL-MAD-02,A,7,3370.7,437.0,105,0.814,0.13,3
2024-07-13,CL-MAD-03,A,8,3608.4,444.3,141,0.873,0.123,3
2024-07-13,CL-SEV-01,D,7,8055.8,2918.7,63,0.607,0.362,0
2024-07-13,CL-VLC-01,C,9,4177.2,763.8,90,0.754,0.183,4
2024-07-13,CL-VLC-02,C,8,3766.3,940.4,129,0.853,0.25,2
2024-07-14,CL-BCN-01,B,4,1767.0,341.7,58,0.642,0.193,0
2024-07-14,CL-BCN-02,B,3,1623.5,328.2,34,0.623,0.202,3
2024-07-14,CL-BIO-01,E,4,1977.2,266.7,51,0.768,0.135,1
2024-07-14,CL-MAD-01,A,3,1596.5,230.0,40,0.838,0.144,2
2024-07-14,CL-MAD-02,A,4,1615.8,317.4,63,0.793,0.196,1
2024-07-14,CL-MAD-03,A,3,1505.2,258.6,50,0.829,0.172,4
2024-07-14,CL-SEV-01,D,3,3346.1,1135.3,31,0.605,0.339,0
2024-07-14,CL-VLC-01,C,3,1521.7,197.5,31,0.821,0.13,1
2024-07-14,CL-VLC-02,C,4,1811.0,372.9,55,0.783,0.206,2
2024-07-15,CL-BCN-01,B,13,6560.2,1381.3,178,0.818,0.211,6
2024-07-15,CL-BCN-02,B,12,5752.9,1015.2,152,0.812,0.176,4
2024-07-15,CL-BIO-01,E,12,6031.3,736.3,141,0.765,0.122,0
2024-07-15,CL-MAD-01,A,11,5150.5,959.6,157,0.735,0.186,9
2024-07-15,CL-MAD-02,A,11,5185.3,920.2,156,0.665,0.177,8
2024-07-15,CL-MAD-03,A,11,5155.8,967.0,158,0.757,0.188,8
2024-07-15,CL-SEV-01,D,11,11385.7,3439.4,91,0.659,0.302,1
2024-07-15,CL-VLC-01,C,11,5135.1,1235.0,108,0.586,0.241,1
2024-07-15,CL-VLC-02,C,11,5256.5,1055.0,146,0.768,0.201,3
2024-07-16,CL-BCN-01,B,12,6159.6,1360.9,163,0.742,0.221,6
2024-07-16,CL-BCN-02,B,11,5355.1,1270.8,151,0.781,0.237,4
2024-07-16,CL-BIO-01,E,13,6433.3,803.2,178,0.805,0.125,2
2024-07-16,CL-MAD-01,A,13,5756.4,930.7,169,0.73,0.162,7
2024-07-16,CL-MAD-02,A,11,4847.2,707.1,166,0.811,0.146,6
2024-07-16,CL-MAD-03,A,11,5189.8,808.9,171,0.833,0.156,9
2024-07-16,CL-SEV-01,D,13,13832.3,4436.8,98,0.649,0.321,3
2024-07-16,CL-VLC-01,C,11,5212.0,1090.8,137,0.715,0.209,2
2024-07-16,CL-VLC-02,C,10,4955.8,1121.8,128,0.827,0.226,4
2024-07-17,CL-BCN-01,B,13,6548.0,1360.4,158,0.707,0.208,10
2024-07-17,CL-BCN-02,B,12,6105.1,1383.4,160,0.865,0.227,8
2024-07-17,CL-BIO-01,E,12,6229.5,954.2,163,0.801,0.153,1
2024-07-17,CL-MAD-01,A,12,5625.4,808.1,171,0.765,0.144,10
2024-07-17,CL-MAD-02,A,13,,,170,0.801,,6
2024-07-17,CL-MAD-03,A,12,5304.7,945.5,181,0.818,0.178,5
2024-07-17,CL-SEV-01,D,13,14070.3,4126.0,73,0.654,0.293,2
2024-07-17,CL-VLC-01,C,12,5628.4,1146.0,137,0.709,0.204,2
2024-07-17,CL-VLC-02,C,13,6169.5,1519.3,135,0.728,0.246,3
2024-07-18,CL-BCN-01,B,12,5776.8,1214.2,145,0.778,0.21,3
2024-07-18,CL-BCN-02,B,11,5445.4,1063.8,131,0.708,0.195,4
2024-07-18,CL-BIO-01,E,10,5315.1,687.6,90,0.86,0.129,0
2024-07-18,CL-MAD-01,A,14,6403.2,1283.6,178,0.823,0.2,7
2024-07-18,CL-MAD-02,A,10,4641.8,980.5,165,0.847,0.211,8
2024-07-18,CL-MAD-03,A,12,5465.8,824.1,159,0.897,0.151,2
2024-07-18,CL-SEV-01,D,13,13715.2,4275.0,80,0.608,0.312,0
2024-07-18,CL-VLC-01,C,12,5919.1,1387.9,156,0.799,0.234,3
2024-07-18,CL-VLC-02,C,15,7343.9,1416.8,140,0.704,0.193,1
2024-07-19,CL-BCN-01,B,13,6401.6,1315.8,157,0.779,0.206,6
2024-07-19,CL-BCN-02,B,12,5930.7,1154.9,143,0.711,0.195,6
2024-07-19,CL-BIO-01,E,11,5569.5,1131.8,116,0.871,0.203,0
2024-07-19,CL-MAD-01,A,12,5573.3,817.6,171,0.685,0.147,6
2024-07-19,CL-MAD-02,A,11,4937.5,1035.9,138,0.702,0.21,4
2024-07-19,CL-MAD-03,A,11,,,130,0.846,,4
2024-07-19,CL-SEV-01,D,11,11603.5,3996.6,96,0.614,0.344,0
2024-07-19,CL-VLC-01,C,10,4708.2,1252.1,116,0.791,0.266,3
2024-07-19,CL-VLC-02,C,12,5639.0,1201.2,133,0.634,0.213,8
2024-07-20,CL-BCN-01,B,9,4657.3,1109.4,118,0.74,0.238,3
2024-07-20,CL-BCN-02,B,8,3907.8,776.3,90,0.7,0.199,3
2024-07-20,CL-BIO-01,E,8,4122.2,680.7,81,0.821,0.165,1
2024-07-20,CL-MAD-01,A,8,3877.9,835.8,97,0.782,0.216,2
2024-07-20,CL-MAD-02,A,9,4143.7,714.7,138,0.853,0.172,5
2024-07-20,CL-MAD-03,A,8,3687.3,566.4,126,0.825,0.154,4
2024-07-20,CL-SEV-01,D,10,10382.0,3065.6,86,0.622,0.295,3
2024-07-20,CL-VLC-01,C,8,3782.5,1011.0,108,0.763,0.267,3
2024-07-20,CL-VLC-02,C,9,4261.6,1103.1,102,0.804,0.259,3
2024-07-21,CL-BCN-01,B,3,1701.9,448.7,43,0.63,0.264,0
2024-07-21,CL-BCN-02,B,3,1746.2,319.7,38,0.764,0.183,2
2024-07-21,CL-BIO-01,E,4,1801.9,339.8,52,0.716,0.189,1
2024-07-21,CL-MAD-01,A,3,1461.0,236.6,37,0.796,0.162,2
2024-07-21,CL-MAD-02,A,3,1533.1,274.3,45,0.846,0.179,4
2024-07-21,CL-MAD-03,A,3,1586.1,337.6,39,0.725,0.213,1
2024-07-21,CL-SEV-01,D,3,3653.4,1241.5,25,0.597,0.34,0
2024-07-21,CL-VLC-01,C,4,1829.9,431.0,42,0.659,0.236,1
2024-07-21,CL-VLC-02,C,3,1500.3,293.6,40,0.633,0.196,1
2024-07-22,CL-BCN-01,B,12,5831.2,1367.9,150,0.83,0.235,2
2024-07-22,CL-BCN-02,B,12,,,157,0.751,,6
2024-07-22,CL-BIO-01,E,11,5465.2,701.1,145,0.88,0.128,1
2024-07-22,CL-MAD-01,A,11,5054.1,832.4,147,0.769,0.165,6
2024-07-22,CL-MAD-02,A,11,5193.1,546.9,147,0.679,0.105,3
2024-07-22,CL-MAD-03,A,13,5827.7,1141.0,199,0.723,0.196,10
2024-07-22,CL-SEV-01,D,11,12204.5,3704.4,42,0.659,0.304,1
2024-07-22,CL-VLC-01,C,11,5322.3,1015.7,163,0.699,0.191,3
2024-07-22,CL-VLC-02,C,13,6226.1,1622.5,150,0.712,0.261,1
2024-07-23,CL-BCN-01,B,11,5578.4,1306.3,145,0.733,0.234,1
2024-07-23,CL-BCN-02,B,9,4502.7,1107.1,125,0.764,0.246,10
2024-07-23,CL-BIO-01,E,10,4922.0,721.2,85,0.856,0.147,1
2024-07-23,CL-MAD-01,A,11,5109.7,1171.5,181,0.699,0.229,5
2024-07-23,CL-MAD-02,A,11,5143.8,813.9,174,0.776,0.158,4
2024-07-23,CL-MAD-03,A,12,5382.1,703.2,168,0.813,0.131,6
2024-07-23,CL-SEV-01,D,12,12804.3,4055.1,113,0.598,0.317,0
2024-07-23,CL-VLC-01,C,12,5982.8,999.7,119,0.639,0.167,6
2024-07-23,CL-VLC-02,C,11,5399.1,1319.0,119,0.697,0.244,1
2024-07-24,CL-BCN-01,B,11,5434.1,1304.2,129,0.811,0.24,7
2024-07-24,CL-BCN-02,B,12,6030.4,1149.2,150,0.848,0.191,3
2024-07-24,CL-BIO-01,E,11,5804.1,950.7,126,0.825,0.164,1
2024-07-24,CL-MAD-01,A,10,4810.7,719.0,132,0.776,0.149,8
2024-07-24,CL-MAD-02,A,13,5817.2,1418.3,184,0.751,0.244,12
2024-07-24,CL-MAD-03,A,12,5454.4,1325.7,146,0.834,0.243,3
2024-07-24,CL-SEV-01,D,12,13035.8,4599.7,75,0.612,0.353,1
2024-07-24,CL-VLC-01,C,13,6275.8,1697.8,167,0.707,0.271,6
2024-07-24,CL-VLC-02,C,10,5044.2,1605.5,120,0.667,0.318,9
2024-07-25,CL-BCN-01,B,12,6140.6,986.5,158,0.79,0.161,8
2024-07-25,CL-BCN-02,B,13,6520.6,1672.7,176,0.844,0.257,4
2024-07-25,CL-BIO-01,E,10,5080.1,551.4,147,0.82,0.109,1
2024-07-25,CL-MAD-01,A,12,5429.9,796.1,184,0.794,0.147,6
2024-07-25,CL-MAD-02,A,10,4647.4,696.0,119,0.89,0.15,9
2024-07-25,CL-MAD-03,A,10,4717.2,744.5,128,0.827,0.158,8
2024-07-25,CL-SEV-01,D,11,12189.0,4154.8,104,0.553,0.341,2
2024-07-25,CL-VLC-01,C,12,5817.4,1312.7,135,0.7,0.226,6
2024-07-25,CL-VLC-02,C,13,6410.2,1508.7,164,0.739,0.235,6
2024-07-26,CL-BCN-01,B,11,5655.1,1274.3,131,0.669,0.225,6
2024-07-26,CL-BCN-02,B,12,5899.7,1368.2,166,0.736,0.232,7
2024-07-26,CL-BIO-01,E,10,5031.3,686.9,133,0.783,0.137,2
2024-07-26,CL-MAD-01,A,10,4633.9,804.1,156,0.798,0.174,8
2024-07-26,CL-MAD-02,A,12,5637.7,653.7,153,0.834,0.116,5
2024-07-26,CL-MAD-03,A,12,5596.3,825.9,189,0.753,0.148,7
2024-07-26,CL-SEV-01,D,12,13416.1,4486.9,95,0.586,0.334,1
2024-07-26,CL-VLC-01,C,11,5619.9,1389.9,143,0.672,0.247,1
2024-07-26,CL-VLC-02,C,11,5342.6,1173.5,131,0.701,0.22,2
2024-07-27,CL-BCN-01,B,9,4552.6,1101.8,120,0.816,0.242,6
2024-07-27,CL-BCN-02,B,8,4032.0,833.2,111,0.85,0.207,3
2024-07-27,CL-BIO-01,E,10,4876.1,551.0,94,0.833,0.113,0
2024-07-27,CL-MAD-01,A,9,4130.0,712.9,109,0.807,0.173,3
2024-07-27,CL-MAD-02,A,8,3537.0,780.4,101,0.799,0.221,5
2024-07-27,CL-MAD-03,A,9,4266.6,783.2,132,0.781,0.184,3
2024-07-27,CL-SEV-01,D,9,9168.5,2897.7,69,0.608,0.316,1
2024-07-27,CL-VLC-01,C,9,4516.1,886.9,119,0.795,0.196,8
2024-07-27,CL-VLC-02,C,9,4192.2,1196.6,135,0.824,0.285,2
2024-07-28,CL-BCN-01,B,4,1797.5,369.0,45,0.838,0.205,0
2024-07-28,CL-BCN-02,B,3,1563.7,300.4,39,0.711,0.192,3
2024-07-28,CL-BIO-01,E,4,1794.4,275.7,47,0.812,0.154,0
2024-07-28,CL-MAD-01,A,3,1571.1,290.4,46,0.695,0.185,2
2024-07-28,CL-MAD-02,A,3,1297.0,198.3,35,0.813,0.153,3
2024-07-28,CL-MAD-03,A,4,1730.4,390.4,48,0.946,0.226,1
2024-07-28,CL-SEV-01,D,3,3190.7,1286.1,25,0.585,0.403,0
2024-07-28,CL-VLC-01,C,3,1658.1,441.6,39,0.791,0.266,0
2024-07-28,CL-VLC-02,C,4,1795.4,396.6,47,0.674,0.221,0
2024-07-29,CL-BCN-01,B,10,4860.8,835.4,111,0.784,0.172,3
2024-07-29,CL-BCN-02,B,12,6202.9,1400.6,159,0.757,0.226,5
2024-07-29,CL-BIO-01,E,12,5935.7,1095.7,138,0.841,0.185,3
2024-07-29,CL-MAD-01,A,12,5529.6,885.0,153,0.814,0.16,12
2024-07-29,CL-MAD-02,A,11,5071.7,969.3,167,0.803,0.191,8
2024-07-29,CL-MAD-03,A,11,4944.2,1055.5,118,0.841,0.213,2
2024-07-29,CL-SEV-01,D,13,14459.0,4817.7,86,0.617,0.333,2
2024-07-29,CL-VLC-01,C,11,5611.1,1574.6,142,0.749,0.281,1
2024-07-29,CL-VLC-02,C,12,5800.8,1415.6,166,0.522,0.244,5
2024-07-30,CL-BCN-01,B,12,5994.7,951.2,134,0.738,0.159,5
2024-07-30,CL-BCN-02,B,12,6120.9,1177.5,169,0.665,0.192,5
2024-07-30,CL-BIO-01,E,13,6420.4,952.9,182,0.953,0.148,1
2024-07-30,CL-MAD-01,A,13,5871.0,1201.4,196,0.753,0.205,12
2024-07-30,CL-MAD-02,A,10,4465.3,820.0,144,0.758,0.184,4
2024-07-30,CL-MAD-03,A,10,4542.5,872.7,168,0.804,0.192,8
2024-07-30,CL-SEV-01,D,14,15051.4,5458.2,144,0.488,0.363,2
2024-07-30,CL-VLC-01,C,12,5848.0,1077.0,167,0.688,0.184,3
2024-07-30,CL-VLC-02,C,14,6607.3,1865.8,169,0.731,0.282,5
2024-07-31,CL-BCN-01,B,12,5776.4,1415.0,132,0.839,0.245,5
2024-07-31,CL-BCN-02,B,12,6050.6,1200.1,153,0.919,0.198,4
2024-07-31,CL-BIO-01,E,11,5537.3,666.1,139,0.766,0.12,0
2024-07-31,CL-MAD-01,A,10,4492.8,861.8,141,0.812,0.192,8
2024-07-31,CL-MAD-02,A,10,4465.9,959.8,130,0.772,0.215,5
2024-07-31,CL-MAD-03,A,12,5410.3,1083.8,140,0.863,0.2,5
2024-07-31,CL-SEV-01,D,11,12092.8,3907.7,99,0.596,0.323,2
2024-07-31,CL-VLC-01,C,12,6066.5,1363.0,114,0.729,0.225,2
2024-07-31,CL-VLC-02,C,11,5527.0,1035.8,122,0.67,0.187,1
2024-08-01,CL-BCN-01,B,9,4565.3,926.6,107,0.673,0.203,3
2024-08-01,CL-BCN-02,B,9,4403.7,797.2,128,0.646,0.181,1
2024-08-01,CL-BIO-01,E,9,4672.6,842.0,91,0.841,0.18,0
2024-08-01,CL-MAD-01,A,10,4565.2,657.5,134,0.805,0.144,5
2024-08-01,CL-MAD-02,A,9,4198.2,614.2,132,0.751,0.146,9
2024-08-01,CL-MAD-03,A,11,5204.4,818.3,143,0.784,0.157,3
2024-08-01,CL-SEV-01,D,9,9694.0,3129.0,71,0.698,0.323,1
2024-08-01,CL-VLC-01,C,9,4603.4,1298.2,113,0.761,0.282,3
2024-08-01,CL-VLC-02,C,11,5179.1,855.0,147,0.748,0.165,6
2024-08-02,CL-BCN-01,B,9,4328.5,1103.0,126,0.775,0.255,5
2024-08-02,CL-BCN-02,B,9,4542.0,751.4,125,0.671,0.165,5
2024-08-02,CL-BIO-01,E,9,4629.1,637.3,115,0.812,0.138,1
2024-08-02,CL-MAD-01,A,10,4736.6,939.9,146,0.785,0.198,5
2024-08-02,CL-MAD-02,A,8,3666.4,456.7,97,0.807,0.125,2
2024-08-02,CL-MAD-03,A,9,4073.0,774.4,132,0.922,0.19,6
2024-08-02,CL-SEV-01,D,9,9706.2,3233.3,77,0.478,0.333,3
2024-08-02,CL-VLC-01,C,10,4813.2,854.6,115,0.662,0.178,2
2024-08-02,CL-VLC-02,C,10,5073.5,1192.1,133,0.696,0.235,5
2024-08-03,CL-BCN-01,B,7,3323.0,831.4,77,0.871,0.25,1
2024-08-03,CL-BCN-02,B,7,3628.4,756.2,96,0.818,0.208,1
2024-08-03,CL-BIO-01,E,8,3872.2,613.7,90,0.769,0.158,0
2024-08-03,CL-MAD-01,A,7,3253.5,588.4,87,0.726,0.181,1
2024-08-03,CL-MAD-02,A,8,3857.2,546.2,131,0.748,0.142,5
2024-08-03,CL-MAD-03,A,7,2982.8,577.1,69,0.743,0.193,4
2024-08-03,CL-SEV-01,D,7,7868.4,2281.6,47,0.725,0.29,0
2024-08-03,CL-VLC-01,C,7,3455.9,925.5,80,0.758,0.268,1
2024-08-03,CL-VLC-02,C,8,3996.6,1159.4,104,0.747,0.29,1
2024-08-04,CL-BCN-01,B,3,1578.1,300.9,35,0.746,0.191,2
2024-08-04,CL-BCN-02,B,3,1546.7,361.8,44,0.825,0.234,1
2024-08-04,CL-BIO-01,E,3,1548.7,182.2,27,0.943,0.118,0
2024-08-04,CL-MAD-01,A,2,1071.7,189.1,22,0.757,0.176,0
2024-08-04,CL-MAD-02,A,3,1197.8,204.9,48,0.731,0.171,1
2024-08-04,CL-MAD-03,A,3,1153.8,138.1,42,0.745,0.12,3
2024-08-04,CL-SEV-01,D,3,3052.3,1070.4,29,0.6,0.351,0
2024-08-04,CL-VLC-01,C,3,1514.1,352.3,29,0.78,0.233,0
2024-08-04,CL-VLC-02,C,3,1229.2,287.2,44,0.631,0.234,0
2024-08-05,CL-BCN-01,B,7,3290.4,651.9,97,0.641,0.198,4
2024-08-05,CL-BCN-02,B,8,4216.8,787.8,123,0.671,0.187,3
2024-08-05,CL-BIO-01,E,9,4490.1,906.5,111,0.753,0.202,2
2024-08-05,CL-MAD-01,A,10,4585.2,868.2,108,0.796,0.189,5
2024-08-05,CL-MAD-02,A,11,5176.2,1136.7,174,0.657,0.22,9
2024-08-05,CL-MAD-03,A,9,4169.4,958.4,121,0.752,0.23,4
2024-08-05,CL-SEV-01,D,10,10254.8,3728.3,61,0.593,0.364,1
2024-08-05,CL-VLC-01,C,9,4226.9,1117.2,99,0.68,0.264,1
2024-08-05,CL-VLC-02,C,10,4775.1,1063.5,127,0.803,0.223,2
2024-08-06,CL-BCN-01,B,9,4504.9,1105.7,106,0.756,0.245,3
2024-08-06,CL-BCN-02,B,10,4961.4,1176.6,106,0.799,0.237,2
2024-08-06,CL-BIO-01,E,10,4983.2,901.0,104,0.769,0.181,1
2024-08-06,CL-MAD-01,A,9,3931.5,808.6,123,0.787,0.206,5
2024-08-06,CL-MAD-02,A,9,,,133,0.832,,3
2024-08-06,CL-MAD-03,A,8,3756.8,754.9,83,0.753,0.201,3
2024-08-06,CL-SEV-01,D,9,10173.1,3812.5,65,0.543,0.375,1
2024-08-06,CL-VLC-01,C,11,5170.7,1090.7,142,0.642,0.211,2
2024-08-06,CL-VLC-02,C,9,4361.9,1226.5,94,0.7,0.281,7
2024-08-07,CL-BCN-01,B,11,5457.8,1342.5,126,0.758,0.246,2
2024-08-07,CL-BCN-02,B,9,4681.8,1012.4,110,0.737,0.216,6
2024-08-07,CL-BIO-01,E,9,4677.5,701.4,104,0.904,0.15,3
2024-08-07,CL-MAD-01,A,9,4208.4,789.9,130,0.816,0.188,7
2024-08-07,CL-MAD-02,A,10,4518.3,877.3,142,0.722,0.194,13
2024-08-07,CL-MAD-03,A,9,3930.6,728.3,113,0.762,0.185,6
2024-08-07,CL-SEV-01,D,9,9637.6,3088.8,64,0.583,0.32,1
2024-08-07,CL-VLC-01,C,10,4833.7,1121.2,101,0.741,0.232,2
2024-08-07,CL-VLC-02,C,9,4421.3,959.8,119,0.578,0.217,1
2024-08-08,CL-BCN-01,B,10,4899.6,953.8,133,0.763,0.195,7
2024-08-08,CL-BCN-02,B,10,5150.2,775.8,124,0.786,0.151,8
2024-08-08,CL-BIO-01,E,9,4810.0,813.0,111,0.763,0.169,3
2024-08-08,CL-MAD-01,A,10,4452.6,709.2,138,0.799,0.159,3
2024-08-08,CL-MAD-02,A,10,4626.1,850.9,163,0.751,0.184,6
2024-08-08,CL-MAD-03,A,10,4483.4,758.9,150,0.815,0.169,8
2024-08-08,CL-SEV-01,D,10,10517.9,3768.7,108,0.606,0.358,3
2024-08-08,CL-VLC-01,C,9,4464.0,1151.8,113,0.698,0.258,0
2024-08-08,CL-VLC-02,C,9,4383.7,1055.3,123,0.705,0.241,5
2024-08-09,CL-BCN-01,B,8,4160.4,833.8,86,0.783,0.2,7
2024-08-09,CL-BCN-02,B,9,4413.7,801.3,104,0.671,0.182,3
2024-08-09,CL-BIO-01,E,10,5180.8,563.0,124,0.761,0.109,2
2024-08-09,CL-MAD-01,A,9,4226.9,843.9,125,0.754,0.2,5
2024-08-09,CL-MAD-02,A,10,4687.2,683.7,181,0.812,0.146,7
2024-08-09,CL-MAD-03,A,10,4778.8,1121.3,154,0.856,0.235,6
2024-08-09,CL-SEV-01,D,10,11053.2,3602.6,95,0.666,0.326,1
2024-08-09,CL-VLC-01,C,8,4114.8,1122.5,66,0.699,0.273,2
2024-08-09,CL-VLC-02,C,10,4728.4,1090.2,110,0.737,0.231,1
2024-08-10,CL-BCN-01,B,7,3443.9,686.6,99,0.698,0.199,0
2024-08-10,CL-BCN-02,B,7,3641.8,857.1,88,0.8,0.235,4
2024-08-10,CL-BIO-01,E,7,3414.1,605.2,81,0.82,0.177,1
2024-08-10,CL-MAD-01,A,7,3288.5,597.8,111,0.787,0.182,4
2024-08-10,CL-MAD-02,A,8,3581.8,484.4,106,0.652,0.135,3
2024-08-10,CL-MAD-03,A,6,2880.5,513.1,91,0.959,0.178,2
2024-08-10,CL-SEV-01,D,7,7399.9,2419.4,45,0.658,0.327,0
2024-08-10,CL-VLC-01,C,7,3237.8,894.6,83,0.634,0.276,4
2024-08-10,CL-VLC-02,C,7,3533.6,883.4,69,0.699,0.25,0
2024-08-11,CL-BCN-01,B,3,1509.5,286.2,35,0.709,0.19,2
2024-08-11,CL-BCN-02,B,3,1433.7,242.0,40,0.772,0.169,2
2024-08-11,CL-BIO-01,E,3,1505.2,260.2,46,0.804,0.173,0
2024-08-11,CL-MAD-01,A,3,1416.3,247.1,37,0.733,0.174,3
2024-08-11,CL-MAD-02,A,3,1242.8,159.6,46,0.782,0.128,2
2024-08-11,CL-MAD-03,A,3,1264.7,253.1,46,0.709,0.2,1
2024-08-11,CL-SEV-01,D,3,3236.8,1211.8,27,0.676,0.374,0
2024-08-11,CL-VLC-01,C,3,1289.4,258.0,38,0.78,0.2,0
2024-08-11,CL-VLC-02,C,2,1199.5,284.1,24,0.703,0.237,0
2024-08-12,CL-BCN-01,B,10,4987.8,1200.7,133,0.763,0.241,5
2024-08-12,CL-BCN-02,B,8,4242.6,943.2,104,0.689,0.222,2
2024-08-12,CL-BIO-01,E,11,5599.0,952.0,150,0.874,0.17,0
2024-08-12,CL-MAD-01,A,8,3795.3,590.1,112,0.786,0.155,7
2024-08-12,CL-MAD-02,A,9,4014.8,655.1,119,0.823,0.163,3
2024-08-12,CL-MAD-03,A,10,4531.2,805.7,162,0.789,0.178,4
2024-08-12,CL-SEV-01,D,9,10177.0,4254.4,83,0.68,0.418,3
2024-08-12,CL-VLC-01,C,9,4458.0,891.0,102,0.738,0.2,4
2024-08-12,CL-VLC-02,C,7,3664.7,752.9,78,0.66,0.205,4
2024-08-13,CL-BCN-01,B,9,4361.6,849.1,118,0.705,0.195,3
2024-08-13,CL-BCN-02,B,9,4733.5,1209.1,93,0.795,0.255,6
2024-08-13,CL-BIO-01,E,12,5942.5,675.9,124,0.9,0.114,3
2024-08-13,CL-MAD-01,A,10,4419.5,908.1,106,0.88,0.205,6
2024-08-13,CL-MAD-02,A,10,4579.9,775.5,152,0.815,0.169,7
2024-08-13,CL-MAD-03,A,10,4569.8,758.3,139,0.741,0.166,6
2024-08-13,CL-SEV-01,D,9,9964.4,3331.7,63,0.635,0.334,4
2024-08-13,CL-VLC-01,C,9,4295.6,916.1,104,0.701,0.213,3
2024-08-13,CL-VLC-02,C,10,4905.9,1108.4,109,0.777,0.226,6
2024-08-14,CL-BCN-01,B,10,4871.8,1160.4,130,0.761,0.238,4
2024-08-14,CL-BCN-02,B,11,5533.3,1206.2,152,0.768,0.218,0
2024-08-14,CL-BIO-01,E,9,4348.9,718.4,101,0.861,0.165,1
2024-08-14,CL-MAD-01,A,8,3834.7,846.2,109,0.793,0.221,3
2024-08-14,CL-MAD-02,A,9,4096.0,568.5,132,0.677,0.139,7
2024-08-14,CL-MAD-03,A,10,4632.6,418.4,134,0.714,0.09,4
2024-08-14,CL-SEV-01,D,9,9419.5,3221.3,84,0.648,0.342,2
2024-08-14,CL-VLC-01,C,11,5519.4,1362.6,145,0.83,0.247,1
2024-08-14,CL-VLC-02,C,11,5449.0,1272.3,142,0.709,0.233,6
2024-08-15,CL-BCN-01,B,10,4789.0,966.9,139,0.744,0.202,5
2024-08-15,CL-BCN-02,B,9,4746.9,1093.2,125,0.73,0.23,7
2024-08-15,CL-BIO-01,E,9,4809.6,639.0,94,0.818,0.133,1
2024-08-15,CL-MAD-01,A,10,4511.9,845.8,154,0.782,0.187,3
2024-08-15,CL-MAD-02,A,9,4328.2,724.8,145,0.786,0.167,12
2024-08-15,CL-MAD-03,A,10,4798.7,956.0,140,0.727,0.199,5
2024-08-15,CL-SEV-01,D,10,10338.2,3372.9,76,0.55,0.326,1
2024-08-15,CL-VLC-01,C,10,4652.9,1340.6,125,0.519,0.288,0
2024-08-15,CL-VLC-02,C,10,4821.6,1200.8,85,0.68,0.249,0
2024-08-16,CL-BCN-01,B,10,4857.4,920.2,137,0.735,0.189,6
2024-08-16,CL-BCN-02,B,8,4246.8,897.2,130,0.841,0.211,0
2024-08-16,CL-BIO-01,E,9,4784.7,970.2,90,0.826,0.203,0
2024-08-16,CL-MAD-01,A,10,4710.2,868.7,129,0.816,0.184,7
2024-08-16,CL-MAD-02,A,9,4214.0,706.4,121,0.709,0.168,1
2024-08-16,CL-MAD-03,A,8,3751.2,499.4,114,0.717,0.133,6
2024-08-16,CL-SEV-01,D,9,10041.4,3894.9,76,0.627,0.388,2
2024-08-16,CL-VLC-01,C,10,5096.7,1264.4,123,0.71,0.248,6
2024-08-16,CL-VLC-02,C,9,4581.9,1084.0,111,0.781,0.237,6
2024-08-17,CL-BCN-01,B,8,3945.0,1002.0,125,0.708,0.254,9
2024-08-17,CL-BCN-02,B,7,3488.6,733.1,109,0.731,0.21,3
2024-08-17,CL-BIO-01,E,7,3533.1,751.3,80,0.701,0.213,0
2024-08-17,CL-MAD-01,A,6,2683.2,476.5,92,0.763,0.178,2
2024-08-17,CL-MAD-02,A,8,3537.9,648.2,102,0.952,0.183,4
2024-08-17,CL-MAD-03,A,7,3400.7,497.9,87,0.871,0.146,2
2024-08-17,CL-SEV-01,D,5,5568.2,1844.7,39,0.659,0.331,0
2024-08-17,CL-VLC-01,C,6,3169.1,670.8,68,0.698,0.212,2
2024-08-17,CL-VLC-02,C,7,3246.4,632.0,71,0.742,0.195,2
2024-08-18,CL-BCN-01,B,3,1491.3,269.2,40,0.645,0.181,1
2024-08-18,CL-BCN-02,B,3,1343.7,221.5,38,0.776,0.165,2
2024-08-18,CL-BIO-01,E,3,1448.7,195.2,39,0.899,0.135,1
2024-08-18,CL-MAD-01,A,3,1582.4,267.6,46,0.74,0.169,1
2024-08-18,CL-MAD-02,A,3,1280.6,215.2,35,0.806,0.168,0
2024-08-18,CL-MAD-03,A,3,1317.7,261.1,41,0.757,0.198,2
2024-08-18,CL-SEV-01,D,2,2361.1,896.2,13,0.637,0.38,0
2024-08-18,CL-VLC-01,C,3,1464.0,353.9,38,0.704,0.242,2
2024-08-18,CL-VLC-02,C,3,1485.8,354.1,37,0.694,0.238,1
2024-08-19,CL-BCN-01,B,10,4981.1,1183.9,125,0.762,0.238,5
2024-08-19,CL-BCN-02,B,10,4892.2,839.2,140,0.797,0.172,1
2024-08-19,CL-BIO-01,E,10,5090.9,739.3,112,0.77,0.145,0
2024-08-19,CL-MAD-01,A,9,4057.4,741.6,137,0.83,0.183,8
2024-08-19,CL-MAD-02,A,9,4179.6,881.7,136,0.854,0.211,7
2024-08-19,CL-MAD-03,A,10,4481.9,756.6,125,0.662,0.169,12
2024-08-19,CL-SEV-01,D,11,12081.7,3579.1,113,0.741,0.296,2
2024-08-19,CL-VLC-01,C,10,4761.6,844.2,113,0.623,0.177,1
2024-08-19,CL-VLC-02,C,10,5100.5,1196.6,137,0.81,0.235,4
2024-08-20,CL-BCN-01,B,10,5199.3,1049.9,119,0.792,0.202,4
2024-08-20,CL-BCN-02,B,10,4824.6,892.8,148,0.844,0.185,9
2024-08-20,CL-BIO-01,E,9,4649.5,541.2,104,0.953,0.116,0
2024-08-20,CL-MAD-01,A,9,4178.3,790.7,149,0.847,0.189,10
2024-08-20,CL-MAD-02,A,10,4663.3,971.8,142,0.725,0.208,5
2024-08-20,CL-MAD-03,A,9,3996.9,691.0,140,0.723,0.173,11
2024-08-20,CL-SEV-01,D,9,10085.7,3288.7,66,0.685,0.326,2
2024-08-20,CL-VLC-01,C,9,4591.5,1241.7,86,0.669,0.27,3
2024-08-20,CL-VLC-02,C,9,4427.6,999.3,80,0.629,0.226,1
2024-08-21,CL-BCN-01,B,10,4849.7,1131.0,153,0.835,0.233,4
2024-08-21,CL-BCN-02,B,9,4307.2,932.8,148,0.782,0.217,7
2024-08-21,CL-BIO-01,E,10,5116.7,854.6,115,0.871,0.167,2
2024-08-21,CL-MAD-01,A,10,4650.6,796.9,141,0.775,0.171,3
2024-08-21,CL-MAD-02,A,10,4707.9,789.4,121,0.697,0.168,2
2024-08-21,CL-MAD-03,A,10,4406.6,546.1,144,0.753,0.124,8
2024-08-21,CL-SEV-01,D,9,9842.7,3300.5,73,0.65,0.335,2
2024-08-21,CL-VLC-01,C,9,4560.1,1264.9,123,0.809,0.277,0
2024-08-21,CL-VLC-02,C,9,4380.9,909.0,98,0.795,0.207,1
2024-08-22,CL-BCN-01,B,10,5112.6,1123.9,144,0.778,0.22,8
2024-08-22,CL-BCN-02,B,10,4955.5,696.9,148,0.757,0.141,7
2024-08-22,CL-BIO-01,E,7,3409.6,419.1,77,0.944,0.123,2
2024-08-22,CL-MAD-01,A,11,4972.1,886.9,143,0.652,0.178,7
2024-08-22,CL-MAD-02,A,9,4208.8,830.0,114,0.781,0.197,2
2024-08-22,CL-MAD-03,A,8,3574.8,538.7,92,0.751,0.151,2
2024-08-22,CL-SEV-01,D,8,8855.6,3485.8,44,0.599,0.394,1
2024-08-22,CL-VLC-01,C,11,5197.6,1213.7,144,0.737,0.234,3
2024-08-22,CL-VLC-02,C,11,5318.6,1110.1,103,0.621,0.209,3
2024-08-23,CL-BCN-01,B,10,5128.3,1055.8,146,0.648,0.206,6
2024-08-23,CL-BCN-02,B,9,4303.1,755.5,137,0.796,0.176,4
2024-08-23,CL-BIO-01,E,9,4496.4,680.3,87,0.836,0.151,1
2024-08-23,CL-MAD-01,A,10,4405.6,831.2,141,0.79,0.189,5
2024-08-23,CL-MAD-02,A,10,4781.0,887.6,143,0.82,0.186,9
2024-08-23,CL-MAD-03,A,11,4890.3,837.0,158,0.758,0.171,5
2024-08-23,CL-SEV-01,D,9,10099.6,3724.1,55,0.552,0.369,3
2024-08-23,CL-VLC-01,C,11,,,116,0.746,,5
2024-08-23,CL-VLC-02,C,9,4199.8,980.7,113,0.736,0.234,1
2024-08-24,CL-BCN-01,B,7,3487.5,697.6,102,0.737,0.2,6
2024-08-24,CL-BCN-02,B,8,3899.2,921.1,107,0.744,0.236,3
2024-08-24,CL-BIO-01,E,7,3725.1,605.4,81,0.75,0.163,0
2024-08-24,CL-MAD-01,A,6,2962.4,464.0,87,0.822,0.157,1
2024-08-24,CL-MAD-02,A,8,3713.3,641.3,111,0.775,0.173,5
2024-08-24,CL-MAD-03,A,8,3765.4,567.8,105,0.771,0.151,4
2024-08-24,CL-SEV-01,D,7,7812.7,1867.0,56,0.734,0.239,1
2024-08-24,CL-VLC-01,C,7,3449.1,676.0,119,0.651,0.196,0
2024-08-24,CL-VLC-02,C,5,2469.5,768.5,61,0.651,0.311,1
2024-08-25,CL-BCN-01,B,3,1574.7,239.6,46,0.673,0.152,0
2024-08-25,CL-BCN-02,B,3,1383.9,277.9,45,0.716,0.201,1
2024-08-25,CL-BIO-01,E,3,1557.9,214.2,39,0.945,0.137,1
2024-08-25,CL-MAD-01,A,3,1375.6,224.1,41,0.72,0.163,3
2024-08-25,CL-MAD-02,A,3,1486.9,262.3,37,0.65,0.176,1
2024-08-25,CL-MAD-03,A,3,1271.7,248.8,40,0.734,0.196,3
2024-08-25,CL-SEV-01,D,3,3085.5,1163.6,25,0.569,0.377,0
2024-08-25,CL-VLC-01,C,3,1441.0,258.6,37,0.674,0.179,0
2024-08-25,CL-VLC-02,C,3,1334.0,297.7,36,0.728,0.223,0
2024-08-26,CL-BCN-01,B,10,4902.1,834.7,137,0.87,0.17,3
2024-08-26,CL-BCN-02,B,10,5074.5,940.8,142,0.776,0.185,4
2024-08-26,CL-BIO-01,E,11,5457.1,895.2,138,0.723,0.164,3
2024-08-26,CL-MAD-01,A,10,4467.1,957.3,143,0.749,0.214,7
2024-08-26,CL-MAD-02,A,10,4403.4,595.0,158,0.785,0.135,8
2024-08-26,CL-MAD-03,A,10,4619.5,961.4,120,0.763,0.208,2
2024-08-26,CL-SEV-01,D,10,10469.4,3222.0,66,0.518,0.308,2
2024-08-26,CL-VLC-01,C,10,4988.1,1161.3,131,0.813,0.233,4
2024-08-26,CL-VLC-02,C,8,3832.6,827.0,105,0.761,0.216,3
2024-08-27,CL-BCN-01,B,9,4416.7,1041.3,111,0.675,0.236,2
2024-08-27,CL-BCN-02,B,9,4711.2,1018.1,134,0.885,0.216,8
2024-08-27,CL-BIO-01,E,8,4074.6,688.9,83,0.965,0.169,2
2024-08-27,CL-MAD-01,A,11,5161.7,1001.4,163,0.832,0.194,6
2024-08-27,CL-MAD-02,A,9,4214.8,702.3,119,0.797,0.167,3
2024-08-27,CL-MAD-03,A,9,4169.6,867.6,118,0.746,0.208,2
2024-08-27,CL-SEV-01,D,11,11339.8,4018.5,105,0.589,0.354,1
2024-08-27,CL-VLC-01,C,9,4259.3,940.4,113,0.659,0.221,0
2024-08-27,CL-VLC-02,C,9,4282.9,953.7,81,0.741,0.223,0
2024-08-28,CL-BCN-01,B,10,5066.7,1113.3,147,0.92,0.22,4
2024-08-28,CL-BCN-02,B,10,5141.1,937.9,155,0.705,0.182,5
2024-08-28,CL-BIO-01,E,11,5390.3,848.3,112,0.975,0.157,1
2024-08-28,CL-MAD-01,A,10,4641.4,710.3,166,0.858,0.153,7
2024-08-28,CL-MAD-02,A,10,4454.2,816.4,156,0.736,0.183,7
2024-08-28,CL-MAD-03,A,10,4669.1,628.7,146,0.732,0.135,6
2024-08-28,CL-SEV-01,D,9,9296.4,3434.5,61,0.576,0.369,2
2024-08-28,CL-VLC-01,C,10,5060.7,1373.9,122,0.758,0.271,5
2024-08-28,CL-VLC-02,C,10,4786.1,1232.7,118,0.766,0.258,3
2024-08-29,CL-BCN-01,B,10,5061.4,1321.9,159,0.749,0.261,3
2024-08-29,CL-BCN-02,B,9,4481.7,688.4,97,0.73,0.154,4
2024-08-29,CL-BIO-01,E,9,4580.9,755.0,96,0.776,0.165,1
2024-08-29,CL-MAD-01,A,10,4506.2,611.7,148,0.777,0.136,3
2024-08-29,CL-MAD-02,A,10,4739.4,1169.5,156,0.822,0.247,5
2024-08-29,CL-MAD-03,A,10,4663.7,1067.4,113,0.773,0.229,5
2024-08-29,CL-SEV-01,D,9,10108.6,3381.0,78,0.676,0.334,4
2024-08-29,CL-VLC-01,C,10,4837.5,1161.0,113,0.679,0.24,3
2024-08-29,CL-VLC-02,C,9,4543.0,1209.5,109,0.706,0.266,1
2024-08-30,CL-BCN-01,B,9,4612.1,1076.9,120,0.865,0.233,5
2024-08-30,CL-BCN-02,B,9,4692.3,934.9,102,0.632,0.199,7
2024-08-30,CL-BIO-01,E,10,5201.6,747.2,107,0.848,0.144,3
2024-08-30,CL-MAD-01,A,9,4279.3,772.4,153,0.839,0.18,7
2024-08-30,CL-MAD-02,A,8,3897.1,438.4,127,0.853,0.112,6
2024-08-30,CL-MAD-03,A,9,4327.7,749.8,104,0.733,0.173,8
2024-08-30,CL-SEV-01,D,10,10952.7,4143.3,89,0.644,0.378,1
2024-08-30,CL-VLC-01,C,10,,,146,0.647,,1
2024-08-30,CL-VLC-02,C,10,4920.3,1112.1,115,0.648,0.226,5
2024-08-31,CL-BCN-01,B,7,3539.9,679.7,80,0.782,0.192,2
2024-08-31,CL-BCN-02,B,7,3637.9,754.0,106,0.799,0.207,3
2024-08-31,CL-BIO-01,E,7,3454.2,382.9,66,0.884,0.111,2
2024-08-31,CL-MAD-01,A,6,2937.7,449.2,88,0.761,0.153,4
2024-08-31,CL-MAD-02,A,7,3365.5,685.0,114,0.768,0.204,4
2024-08-31,CL-MAD-03,A,7,3331.3,617.7,107,0.789,0.185,3
2024-08-31,CL-SEV-01,D,6,6548.3,2356.8,47,0.632,0.36,0
2024-08-31,CL-VLC-01,C,7,3449.9,813.7,83,0.653,0.236,0
2024-08-31,CL-VLC-02,C,6,3147.8,727.9,70,0.759,0.231,0
2024-09-01,CL-BCN-01,B,3,,,35,0.723,,0
2024-09-01,CL-BCN-02,B,3,1636.0,314.1,27,0.715,0.192,2
2024-09-01,CL-BIO-01,E,3,1708.0,219.0,33,0.88,0.128,0
2024-09-01,CL-MAD-01,A,3,,,48,0.804,,2
2024-09-01,CL-MAD-02,A,3,1491.6,315.5,36,0.717,0.212,0
2024-09-01,CL-MAD-03,A,3,1469.1,285.1,42,0.837,0.194,1
2024-09-01,CL-SEV-01,D,3,3068.0,1098.1,32,0.643,0.358,2
2024-09-01,CL-VLC-01,C,3,1411.6,295.9,34,0.781,0.21,2
2024-09-01,CL-VLC-02,C,3,1556.3,302.8,36,0.716,0.195,1
2024-09-02,CL-BCN-01,B,11,5555.0,1176.1,152,0.797,0.212,7
2024-09-02,CL-BCN-02,B,9,4697.0,843.6,118,0.821,0.18,4
2024-09-02,CL-BIO-01,E,10,5230.2,458.6,115,0.886,0.088,0
2024-09-02,CL-MAD-01,A,10,4666.2,636.8,152,0.739,0.136,8
2024-09-02,CL-MAD-02,A,12,5277.2,943.4,170,0.774,0.179,7
2024-09-02,CL-MAD-03,A,12,5354.8,836.6,177,0.713,0.156,13
2024-09-02,CL-SEV-01,D,9,9975.9,3692.6,77,0.648,0.37,2
2024-09-02,CL-VLC-01,C,10,5056.6,1209.2,136,0.656,0.239,3
2024-09-02,CL-VLC-02,C,9,4308.0,980.5,92,0.831,0.228,0
2024-09-03,CL-BCN-01,B,10,4862.2,881.1,129,0.698,0.181,3
2024-09-03,CL-BCN-02,B,10,5090.9,1077.0,119,0.783,0.212,3
2024-09-03,CL-BIO-01,E,11,5432.7,599.2,142,0.83,0.11,2
2024-09-03,CL-MAD-01,A,11,5076.7,872.0,123,0.798,0.172,5
2024-09-03,CL-MAD-02,A,10,4526.6,750.6,159,0.837,0.166,7
2024-09-03,CL-MAD-03,A,11,,,165,0.81,,6
2024-09-03,CL-SEV-01,D,10,10383.0,3916.3,76,0.561,0.377,1
2024-09-03,CL-VLC-01,C,12,5712.7,997.2,142,0.755,0.175,6
2024-09-03,CL-VLC-02,C,10,,,125,0.713,,1
2024-09-04,CL-BCN-01,B,10,4990.2,1095.9,151,0.79,0.22,1
2024-09-04,CL-BCN-02,B,10,4977.0,882.5,143,0.712,0.177,1
2024-09-04,CL-BIO-01,E,11,5730.7,742.1,121,0.777,0.129,2
2024-09-04,CL-MAD-01,A,11,4873.5,1055.3,147,0.814,0.217,6
2024-09-04,CL-MAD-02,A,10,4666.6,1122.7,130,0.886,0.241,4
2024-09-04,CL-MAD-03,A,10,4508.3,738.9,144,0.745,0.164,11
2024-09-04,CL-SEV-01,D,11,11864.6,3740.8,76,0.539,0.315,1
2024-09-04,CL-VLC-01,C,11,5535.5,1159.4,119,0.681,0.209,1
2024-09-04,CL-VLC-02,C,11,5394.5,1023.6,94,0.681,0.19,3
2024-09-05,CL-BCN-01,B,9,4347.7,829.8,88,0.76,0.191,3
2024-09-05,CL-BCN-02,B,11,5323.4,1075.7,145,0.77,0.202,3
2024-09-05,CL-BIO-01,E,12,6034.3,360.6,161,0.804,0.06,4
2024-09-05,CL-MAD-01,A,11,5013.6,746.2,156,0.847,0.149,5
2024-09-05,CL-MAD-02,A,10,4487.5,726.1,122,0.804,0.162,4
2024-09-05,CL-MAD-03,A,10,4542.8,840.7,138,0.699,0.185,4
2024-09-05,CL-SEV-01,D,10,10772.6,4323.1,77,0.701,0.401,2
2024-09-05,CL-VLC-01,C,9,4515.7,1199.5,105,0.696,0.266,5
2024-09-05,CL-VLC-02,C,11,5217.8,1305.9,144,0.771,0.25,3
2024-09-06,CL-BCN-01,B,11,5274.0,1215.7,145,0.772,0.231,1
2024-09-06,CL-BCN-02,B,8,4213.2,1073.7,79,0.761,0.255,4
2024-09-06,CL-BIO-01,E,11,5355.1,693.2,123,0.831,0.129,4
2024-09-06,CL-MAD-01,A,10,4762.4,1071.2,134,0.769,0.225,7
2024-09-06,CL-MAD-02,A,10,4586.8,738.5,130,0.767,0.161,4
2024-09-06,CL-MAD-03,A,8,3834.7,418.5,99,0.743,0.109,6
2024-09-06,CL-SEV-01,D,10,10948.7,3418.8,91,0.649,0.312,1
2024-09-06,CL-VLC-01,C,11,5324.1,1342.2,132,0.811,0.252,6
2024-09-06,CL-VLC-02,C,11,5359.5,1306.7,118,0.787,0.244,6
2024-09-07,CL-BCN-01,B,8,3879.0,970.9,120,0.747,0.25,7
2024-09-07,CL-BCN-02,B,7,3637.3,725.8,80,0.661,0.2,4
2024-09-07,CL-BIO-01,E,7,3643.5,549.0,75,0.934,0.151,1
2024-09-07,CL-MAD-01,A,7,3434.1,561.4,94,0.738,0.163,2
2024-09-07,CL-MAD-02,A,7,3396.3,597.9,100,0.804,0.176,4
2024-09-07,CL-MAD-03,A,8,3446.1,576.8,115,0.697,0.167,6
2024-09-07,CL-SEV-01,D,9,9357.7,3061.0,84,0.514,0.327,2
2024-09-07,CL-VLC-01,C,8,3803.5,810.7,95,0.701,0.213,2
2024-09-07,CL-VLC-02,C,8,4092.5,1026.1,93,0.654,0.251,2
2024-09-08,CL-BCN-01,B,3,1462.2,359.1,38,0.699,0.246,2
2024-09-08,CL-BCN-02,B,3,1332.3,296.0,39,0.701,0.222,0
2024-09-08,CL-BIO-01,E,4,1910.6,276.5,49,0.855,0.145,0
2024-09-08,CL-MAD-01,A,3,1315.3,194.6,40,0.827,0.148,0
2024-09-08,CL-MAD-02,A,3,,,42,0.747,,2
2024-09-08,CL-MAD-03,A,3,1383.2,247.9,43,0.758,0.179,3
2024-09-08,CL-SEV-01,D,3,3106.9,1122.0,29,0.555,0.361,1
2024-09-08,CL-VLC-01,C,3,1514.0,270.5,44,0.662,0.179,1
2024-09-08,CL-VLC-02,C,4,1711.2,411.5,42,0.726,0.24,0
2024-09-09,CL-BCN-01,B,10,5086.9,1189.0,126,0.67,0.234,6
2024-09-09,CL-BCN-02,B,11,5695.4,1641.2,99,0.765,0.288,4
2024-09-09,CL-BIO-01,E,12,5922.4,808.0,130,0.885,0.136,3
2024-09-09,CL-MAD-01,A,11,5125.7,1196.7,163,0.809,0.233,6
2024-09-09,CL-MAD-02,A,10,4675.2,1113.6,163,0.784,0.238,5
2024-09-09,CL-MAD-03,A,9,4349.4,652.7,104,0.775,0.15,6
2024-09-09,CL-SEV-01,D,9,10026.7,3812.8,66,0.607,0.38,1
2024-09-09,CL-VLC-01,C,10,4985.1,1202.0,146,0.754,0.241,3
2024-09-09,CL-VLC-02,C,9,4229.8,1067.4,103,0.751,0.252,2
2024-09-10,CL-BCN-01,B,12,5966.4,1132.6,141,0.765,0.19,4
2024-09-10,CL-BCN-02,B,11,5670.8,926.7,143,0.761,0.163,4
2024-09-10,CL-BIO-01,E,11,5447.9,809.3,140,0.865,0.149,2
2024-09-10,CL-MAD-01,A,11,4821.7,878.7,145,0.762,0.182,3
2024-09-10,CL-MAD-02,A,11,5223.7,1087.4,142,0.753,0.208,3
2024-09-10,CL-MAD-03,A,10,4443.0,946.7,137,0.649,0.213,4
2024-09-10,CL-SEV-01,D,9,9850.1,3303.1,64,0.648,0.335,0
2024-09-10,CL-VLC-01,C,10,4882.9,1092.5,134,0.777,0.224,2
2024-09-10,CL-VLC-02,C,10,5078.3,1268.8,103,0.756,0.25,1
2024-09-11,CL-BCN-01,B,9,4617.9,1325.5,130,0.714,0.287,4
2024-09-11,CL-BCN-02,B,10,4813.9,1029.2,122,0.631,0.214,1
2024-09-11,CL-BIO-01,E,11,5635.5,798.1,161,0.875,0.142,3
2024-09-11,CL-MAD-01,A,10,4637.8,986.3,140,0.667,0.213,4
2024-09-11,CL-MAD-02,A,12,5284.0,831.5,175,0.879,0.157,3
2024-09-11,CL-MAD-03,A,11,5055.5,1205.4,162,0.765,0.238,2
2024-09-11,CL-SEV-01,D,11,12249.2,4153.9,97,0.567,0.339,1
2024-09-11,CL-VLC-01,C,9,4640.6,1179.2,112,0.749,0.254,1
2024-09-11,CL-VLC-02,C,11,5215.1,1218.2,136,0.708,0.234,8
2024-09-12,CL-BCN-01,B,10,4791.6,978.3,113,0.705,0.204,5
2024-09-12,CL-BCN-02,B,10,5010.0,1000.4,100,0.731,0.2,2
2024-09-12,CL-BIO-01,E,11,5498.6,956.1,132,0.844,0.174,2
2024-09-12,CL-MAD-01,A,9,4088.8,862.1,102,0.823,0.211,5
2024-09-12,CL-MAD-02,A,9,4038.8,923.7,137,0.806,0.229,6
2024-09-12,CL-MAD-03,A,11,5179.0,862.6,137,0.754,0.167,2
2024-09-12,CL-SEV-01,D,11,11456.8,4400.0,71,0.551,0.384,4
2024-09-12,CL-VLC-01,C,10,4906.7,805.8,120,0.714,0.164,3
2024-09-12,CL-VLC-02,C,10,4675.5,946.0,109,0.661,0.202,3
2024-09-13,CL-BCN-01,B,9,4447.0,818.5,126,0.821,0.184,10
2024-09-13,CL-BCN-02,B,12,5910.7,1139.1,174,0.725,0.193,6
2024-09-13,CL-BIO-01,E,11,5759.8,826.7,138,0.804,0.144,1
2024-09-13,CL-MAD-01,A,10,4477.5,824.9,125,0.73,0.184,4
2024-09-13,CL-MAD-02,A,10,4659.2,899.5,127,0.822,0.193,4
2024-09-13,CL-MAD-03,A,10,4806.6,754.3,137,0.762,0.157,10
2024-09-13,CL-SEV-01,D,9,9840.0,2989.8,74,0.681,0.304,0
2024-09-13,CL-VLC-01,C,11,5142.2,923.1,161,0.777,0.18,1
2024-09-13,CL-VLC-02,C,11,5269.6,1252.6,118,0.687,0.238,5
2024-09-14,CL-BCN-01,B,7,3715.0,695.6,84,0.731,0.187,4
2024-09-14,CL-BCN-02,B,8,4211.6,846.5,108,0.747,0.201,4
2024-09-14,CL-BIO-01,E,9,4448.3,639.1,121,0.849,0.144,1
2024-09-14,CL-MAD-01,A,7,3326.6,546.5,98,0.652,0.164,9
2024-09-14,CL-MAD-02,A,8,3670.3,469.9,106,0.764,0.128,8
2024-09-14,CL-MAD-03,A,7,3326.4,583.4,93,0.813,0.175,4
2024-09-14,CL-SEV-01,D,7,7635.8,2642.1,36,0.689,0.346,0
2024-09-14,CL-VLC-01,C,8,4108.6,859.1,103,0.703,0.209,0
2024-09-14,CL-VLC-02,C,7,3515.7,776.4,81,0.735,0.221,3
2024-09-15,CL-BCN-01,B,3,1484.9,217.2,41,0.726,0.146,3
2024-09-15,CL-BCN-02,B,3,1682.2,361.2,41,0.698,0.215,4
2024-09-15,CL-BIO-01,E,3,1372.2,188.3,31,0.753,0.137,2
2024-09-15,CL-MAD-01,A,3,1431.2,225.6,46,0.833,0.158,1
2024-09-15,CL-MAD-02,A,4,1666.4,304.7,59,0.804,0.183,3
2024-09-15,CL-MAD-03,A,4,1682.0,317.5,62,0.912,0.189,2
2024-09-15,CL-SEV-01,D,3,3336.2,1184.3,24,0.571,0.355,0
2024-09-15,CL-VLC-01,C,3,1468.9,328.9,39,0.789,0.224,3
2024-09-15,CL-VLC-02,C,3,1492.5,322.8,33,0.667,0.216,2
2024-09-16,CL-BCN-01,B,10,5242.9,1200.8,127,0.84,0.229,9
2024-09-16,CL-BCN-02,B,11,5452.2,1077.0,122,0.777,0.198,5
2024-09-16,CL-BIO-01,E,11,5649.2,743.9,112,0.718,0.132,1
2024-09-16,CL-MAD-01,A,9,4343.7,998.2,137,0.753,0.23,6
2024-09-16,CL-MAD-02,A,8,3650.6,728.7,102,0.719,0.2,12
2024-09-16,CL-MAD-03,A,11,5264.1,911.4,142,0.837,0.173,6
2024-09-16,CL-SEV-01,D,11,11310.7,3710.9,96,0.533,0.328,0
2024-09-16,CL-VLC-01,C,10,5058.4,1421.7,136,0.824,0.281,2
2024-09-16,CL-VLC-02,C,10,5129.0,1430.8,136,0.633,0.279,4
2024-09-17,CL-BCN-01,B,10,4942.0,1134.4,126,0.835,0.23,2
2024-09-17,CL-BCN-02,B,10,4857.7,867.0,141,0.753,0.178,2
2024-09-17,CL-BIO-01,E,13,6390.0,1073.8,164,0.811,0.168,3
2024-09-17,CL-MAD-01,A,10,4447.3,835.3,146,0.795,0.188,10
2024-09-17,CL-MAD-02,A,11,5241.0,813.9,163,0.827,0.155,4
2024-09-17,CL-MAD-03,A,10,4546.2,639.6,138,0.737,0.141,4
2024-09-17,CL-SEV-01,D,10,10577.9,3478.1,55,0.527,0.329,0
2024-09-17,CL-VLC-01,C,11,5415.7,1389.2,103,0.608,0.257,2
2024-09-17,CL-VLC-02,C,10,,,79,0.748,,0
2024-09-18,CL-BCN-01,B,11,5471.8,1301.4,133,0.822,0.238,5
2024-09-18,CL-BCN-02,B,10,5113.5,1157.6,126,0.706,0.226,9
2024-09-18,CL-BIO-01,E,11,5615.8,757.3,133,0.806,0.135,2
2024-09-18,CL-MAD-01,A,9,4212.8,844.6,137,0.77,0.2,8
2024-09-18,CL-MAD-02,A,11,4817.1,1069.6,153,0.701,0.222,7
2024-09-18,CL-MAD-03,A,9,4153.1,715.4,120,0.71,0.172,6
2024-09-18,CL-SEV-01,D,12,13136.7,4935.4,116,0.58,0.376,1
2024-09-18,CL-VLC-01,C,11,5265.4,1135.9,132,0.656,0.216,4
2024-09-18,CL-VLC-02,C,11,5505.0,1149.0,118,0.63,0.209,3
2024-09-19,CL-BCN-01,B,9,4699.7,954.5,107,0.809,0.203,4
2024-09-19,CL-BCN-02,B,12,5882.0,1139.4,177,0.67,0.194,5
2024-09-19,CL-BIO-01,E,11,5571.5,643.3,145,0.759,0.115,0
2024-09-19,CL-MAD-01,A,10,4632.3,678.5,165,0.815,0.146,9
2024-09-19,CL-MAD-02,A,10,4601.3,861.6,156,0.824,0.187,6
2024-09-19,CL-MAD-03,A,11,4932.7,926.2,145,0.775,0.188,7
2024-09-19,CL-SEV-01,D,10,10575.7,3921.3,91,0.744,0.371,0
2024-09-19,CL-VLC-01,C,10,4931.0,1119.5,117,0.686,0.227,4
2024-09-19,CL-VLC-02,C,10,4964.9,1209.5,122,0.735,0.244,2
2024-09-20,CL-BCN-01,B,12,6170.4,1416.9,154,0.935,0.23,5
2024-09-20,CL-BCN-02,B,10,4897.2,886.5,124,0.837,0.181,5
2024-09-20,CL-BIO-01,E,12,5849.6,730.9,153,0.867,0.125,2
2024-09-20,CL-MAD-01,A,10,4483.8,966.9,153,0.779,0.216,12
2024-09-20,CL-MAD-02,A,11,4841.8,1056.7,125,0.779,0.218,4
2024-09-20,CL-MAD-03,A,10,4609.8,832.8,137,0.909,0.181,4
2024-09-20,CL-SEV-01,D,11,11607.6,4043.4,90,0.508,0.348,0
2024-09-20,CL-VLC-01,C,10,4774.5,1119.4,146,0.667,0.234,1
2024-09-20,CL-VLC-02,C,9,4435.5,1238.9,103,0.637,0.279,1
2024-09-21,CL-BCN-01,B,8,3846.8,885.8,94,0.784,0.23,4
2024-09-21,CL-BCN-02,B,8,3779.3,878.1,110,0.787,0.232,5
2024-09-21,CL-BIO-01,E,7,3803.7,484.1,87,0.851,0.127,0
2024-09-21,CL-MAD-01,A,7,3198.5,713.3,102,0.737,0.223,3
2024-09-21,CL-MAD-02,A,8,3855.8,662.1,136,0.787,0.172,9
2024-09-21,CL-MAD-03,A,9,4053.4,605.8,102,0.767,0.149,5
2024-09-21,CL-SEV-01,D,8,8103.5,3008.0,62,0.637,0.371,0
2024-09-21,CL-VLC-01,C,7,3543.3,660.3,88,0.688,0.186,2
2024-09-21,CL-VLC-02,C,7,3500.1,908.5,85,0.778,0.26,2
2024-09-22,CL-BCN-01,B,3,1699.1,306.2,41,0.796,0.18,0
2024-09-22,CL-BCN-02,B,4,1806.3,397.1,54,0.83,0.22,1
2024-09-22,CL-BIO-01,E,3,1762.3,181.2,34,0.818,0.103,0
2024-09-22,CL-MAD-01,A,3,1557.2,241.3,50,0.784,0.155,2
2024-09-22,CL-MAD-02,A,3,1393.9,242.4,36,0.774,0.174,0
2024-09-22,CL-MAD-03,A,3,1481.5,309.0,45,0.844,0.209,0
2024-09-22,CL-SEV-01,D,3,3363.6,1133.4,23,0.631,0.337,1
2024-09-22,CL-VLC-01,C,3,1328.2,329.1,31,0.68,0.248,1
2024-09-22,CL-VLC-02,C,4,1725.7,346.8,58,0.752,0.201,0
2024-09-23,CL-BCN-01,B,10,4882.0,985.9,120,0.656,0.202,4
2024-09-23,CL-BCN-02,B,10,4985.5,827.2,155,0.75,0.166,11
2024-09-23,CL-BIO-01,E,9,4559.2,821.3,104,0.848,0.18,1
2024-09-23,CL-MAD-01,A,12,5398.6,1074.6,196,0.775,0.199,8
2024-09-23,CL-MAD-02,A,11,5092.9,536.9,133,0.741,0.105,4
2024-09-23,CL-MAD-03,A,10,4639.0,783.1,159,0.829,0.169,5
2024-09-23,CL-SEV-01,D,10,10541.0,3242.2,65,0.635,0.308,1
2024-09-23,CL-VLC-01,C,9,4644.3,881.5,94,0.701,0.19,1
2024-09-23,CL-VLC-02,C,10,5001.9,1219.5,102,0.801,0.244,2
2024-09-24,CL-BCN-01,B,9,4660.0,710.1,113,0.828,0.152,2
2024-09-24,CL-BCN-02,B,11,5370.0,1091.0,148,0.85,0.203,5
2024-09-24,CL-BIO-01,E,11,5790.3,1068.3,141,0.85,0.184,2
2024-09-24,CL-MAD-01,A,10,4490.4,1138.7,127,0.866,0.254,6
2024-09-24,CL-MAD-02,A,10,4434.8,653.2,127,0.757,0.147,6
2024-09-24,CL-MAD-03,A,10,4358.5,754.3,141,0.759,0.173,0
2024-09-24,CL-SEV-01,D,9,10113.9,3805.8,77,0.651,0.376,3
2024-09-24,CL-VLC-01,C,10,4678.1,1063.4,124,0.671,0.227,4
2024-09-24,CL-VLC-02,C,10,4688.3,1162.8,135,0.749,0.248,2
2024-09-25,CL-BCN-01,B,9,4740.0,1270.4,109,0.731,0.268,6
2024-09-25,CL-BCN-02,B,12,5912.0,1188.2,153,0.774,0.201,5
2024-09-25,CL-BIO-01,E,10,5089.5,839.4,131,0.916,0.165,2
2024-09-25,CL-MAD-01,A,11,5224.9,793.1,145,0.732,0.152,4
2024-09-25,CL-MAD-02,A,11,4836.0,1023.8,166,0.822,0.212,4
2024-09-25,CL-MAD-03,A,10,4543.6,528.5,154,0.776,0.116,3
2024-09-25,CL-SEV-01,D,10,10945.1,3717.1,67,0.586,0.34,0
2024-09-25,CL-VLC-01,C,12,5655.1,1221.0,157,0.677,0.216,0
2024-09-25,CL-VLC-02,C,11,5620.2,1410.2,128,0.695,0.251,2
2024-09-26,CL-BCN-01,B,11,5522.6,968.9,163,0.699,0.175,3
2024-09-26,CL-BCN-02,B,10,4954.2,869.5,130,0.751,0.176,5
2024-09-26,CL-BIO-01,E,10,4839.8,672.3,120,0.806,0.139,1
2024-09-26,CL-MAD-01,A,9,4315.8,854.5,130,0.8,0.198,11
2024-09-26,CL-MAD-02,A,10,4615.6,894.7,126,0.855,0.194,4
2024-09-26,CL-MAD-03,A,12,5528.4,1160.9,159,0.816,0.21,5
2024-09-26,CL-SEV-01,D,11,12254.0,4702.5,94,0.527,0.384,1
2024-09-26,CL-VLC-01,C,11,5487.8,1496.3,109,0.629,0.273,2
2024-09-26,CL-VLC-02,C,11,5486.8,1238.3,142,0.686,0.226,2
2024-09-27,CL-BCN-01,B,10,5049.2,998.6,126,0.644,0.198,8
2024-09-27,CL-BCN-02,B,11,5404.5,1168.3,163,0.705,0.216,8
2024-09-27,CL-BIO-01,E,11,5347.8,605.3,138,0.853,0.113,3
2024-09-27,CL-MAD-01,A,11,4968.2,996.5,186,0.896,0.201,7
2024-09-27,CL-MAD-02,A,8,3878.2,718.2,113,0.744,0.185,4
2024-09-27,CL-MAD-03,A,10,4616.9,924.8,129,0.728,0.2,4
2024-09-27,CL-SEV-01,D,11,11322.3,3998.5,114,0.597,0.353,0
2024-09-27,CL-VLC-01,C,10,4929.4,1004.3,114,0.667,0.204,4
2024-09-27,CL-VLC-02,C,10,4929.6,844.0,107,0.769,0.171,6
2024-09-28,CL-BCN-01,B,7,3314.0,527.4,86,0.798,0.159,6
2024-09-28,CL-BCN-02,B,8,4168.3,787.5,91,0.818,0.189,3
2024-09-28,CL-BIO-01,E,8,3925.4,672.2,123,0.775,0.171,1
2024-09-28,CL-MAD-01,A,7,3299.6,691.2,78,0.776,0.209,4
2024-09-28,CL-MAD-02,A,7,3266.4,533.8,100,0.776,0.163,1
2024-09-28,CL-MAD-03,A,7,3129.4,675.2,103,0.707,0.216,7
2024-09-28,CL-SEV-01,D,9,9876.3,3384.9,67,0.599,0.343,3
2024-09-28,CL-VLC-01,C,7,3586.1,825.5,79,0.776,0.23,3
2024-09-28,CL-VLC-02,C,7,3223.6,625.5,87,0.768,0.194,3
2024-09-29,CL-BCN-01,B,3,1402.5,251.1,36,0.695,0.179,1
2024-09-29,CL-BCN-02,B,3,1641.6,320.4,46,0.742,0.195,2
2024-09-29,CL-BIO-01,E,3,1587.8,294.6,36,0.783,0.186,0
2024-09-29,CL-MAD-01,A,4,1649.0,316.3,68,0.735,0.192,0
2024-09-29,CL-MAD-02,A,3,1538.1,318.5,37,0.676,0.207,0
2024-09-29,CL-MAD-03,A,3,1343.5,272.7,38,0.769,0.203,1
2024-09-29,CL-SEV-01,D,3,3106.9,893.0,23,0.538,0.287,1
2024-09-29,CL-VLC-01,C,3,1256.6,335.3,40,0.737,0.267,1
2024-09-29,CL-VLC-02,C,4,1808.8,526.6,48,0.831,0.291,0
2024-09-30,CL-BCN-01,B,11,5393.8,1189.4,146,0.792,0.221,5
2024-09-30,CL-BCN-02,B,10,5241.2,1091.3,121,0.752,0.208,5
2024-09-30,CL-BIO-01,E,11,5737.2,853.5,125,0.865,0.149,0
2024-09-30,CL-MAD-01,A,9,4263.3,1134.7,118,0.792,0.266,2
2024-09-30,CL-MAD-02,A,12,5414.3,1043.8,150,0.882,0.193,5
2024-09-30,CL-MAD-03,A,10,4700.5,887.3,127,0.746,0.189,7
2024-09-30,CL-SEV-01,D,10,10545.7,3776.5,83,0.567,0.358,2
2024-09-30,CL-VLC-01,C,11,5199.4,1415.5,129,0.736,0.272,3
2024-09-30,CL-VLC-02,C,10,4644.7,1297.9,148,0.778,0.279,3
2024-10-01,CL-BCN-01,B,9,4599.9,922.7,100,0.761,0.201,5
2024-10-01,CL-BCN-02,B,11,5468.6,1248.1,154,0.774,0.228,2
2024-10-01,CL-BIO-01,E,10,5043.8,772.0,95,0.733,0.153,0
2024-10-01,CL-MAD-01,A,10,4401.5,940.3,118,0.818,0.214,4
2024-10-01,CL-MAD-02,A,10,4480.1,648.3,115,0.719,0.145,12
2024-10-01,CL-MAD-03,A,10,4489.1,947.4,131,0.787,0.211,5
2024-10-01,CL-SEV-01,D,10,11299.0,4210.4,61,0.727,0.373,0
2024-10-01,CL-VLC-01,C,12,5663.9,969.7,116,0.615,0.171,3
2024-10-01,CL-VLC-02,C,9,4577.8,1129.9,107,0.677,0.247,0
2024-10-02,CL-BCN-01,B,11,5300.5,1059.7,139,0.752,0.2,2
2024-10-02,CL-BCN-02,B,11,5626.1,830.4,166,0.771,0.148,1
2024-10-02,CL-BIO-01,E,12,6203.0,827.5,130,0.887,0.133,2
2024-10-02,CL-MAD-01,A,10,4384.1,843.7,129,0.653,0.192,3
2024-10-02,CL-MAD-02,A,12,5494.0,1050.4,161,0.671,0.191,8
2024-10-02,CL-MAD-03,A,9,,,122,0.768,,5
2024-10-02,CL-SEV-01,D,9,9975.7,3871.7,60,0.614,0.388,1
2024-10-02,CL-VLC-01,C,11,5200.4,1153.0,102,0.647,0.222,3
2024-10-02,CL-VLC-02,C,10,4710.0,806.2,126,0.692,0.171,1
2024-10-03,CL-BCN-01,B,10,5015.7,834.3,109,0.837,0.166,3
2024-10-03,CL-BCN-02,B,10,4925.1,1148.0,129,0.754,0.233,5
2024-10-03,CL-BIO-01,E,10,5324.3,801.8,129,0.861,0.151,2
2024-10-03,CL-MAD-01,A,13,5768.4,1282.9,172,0.724,0.222,5
2024-10-03,CL-MAD-02,A,12,5277.1,745.1,170,0.772,0.141,7
2024-10-03,CL-MAD-03,A,10,4467.3,672.9,161,0.867,0.151,10
2024-10-03,CL-SEV-01,D,11,11850.0,4506.3,54,0.507,0.38,1
2024-10-03,CL-VLC-01,C,10,4715.5,989.9,106,0.737,0.21,5
2024-10-03,CL-VLC-02,C,10,4867.5,1258.4,143,0.748,0.259,2
2024-10-04,CL-BCN-01,B,11,5548.0,1014.5,163,0.783,0.183,10
2024-10-04,CL-BCN-02,B,10,4922.7,1015.6,125,0.675,0.206,3
2024-10-04,CL-BIO-01,E,10,4884.3,532.7,122,0.774,0.109,1
2024-10-04,CL-MAD-01,A,11,5065.6,895.9,199,0.742,0.177,3
2024-10-04,CL-MAD-02,A,11,4821.4,975.0,162,0.809,0.202,7
2024-10-04,CL-MAD-03,A,10,4725.6,714.0,163,0.845,0.151,9
2024-10-04,CL-SEV-01,D,11,11990.4,3992.8,66,0.68,0.333,0
2024-10-04,CL-VLC-01,C,10,5123.1,1148.6,109,0.692,0.224,2
2024-10-04,CL-VLC-02,C,10,4851.1,1070.1,96,0.719,0.221,3
2024-10-05,CL-BCN-01,B,8,3942.8,652.1,101,0.811,0.165,1
2024-10-05,CL-BCN-02,B,8,3788.9,523.2,97,0.705,0.138,4
2024-10-05,CL-BIO-01,E,7,3447.1,567.1,82,0.939,0.165,2
2024-10-05,CL-MAD-01,A,8,3577.9,530.8,122,0.735,0.148,6
2024-10-05,CL-MAD-02,A,8,3816.4,811.7,96,0.881,0.213,6
2024-10-05,CL-MAD-03,A,8,3789.0,837.9,115,0.703,0.221,3
2024-10-05,CL-SEV-01,D,7,7553.4,2312.0,46,0.668,0.306,0
2024-10-05,CL-VLC-01,C,8,3972.7,884.1,83,0.688,0.223,0
2024-10-05,CL-VLC-02,C,7,3331.1,629.9,79,0.7,0.189,3
2024-10-06,CL-BCN-01,B,3,1432.7,341.2,29,0.827,0.238,0
2024-10-06,CL-BCN-02,B,3,1540.3,372.4,34,0.767,0.242,2
2024-10-06,CL-BIO-01,E,3,1662.6,293.5,39,0.756,0.177,2
2024-10-06,CL-MAD-01,A,3,1525.9,238.4,39,0.713,0.156,4
2024-10-06,CL-MAD-02,A,3,1507.1,333.5,48,0.778,0.221,1
2024-10-06,CL-MAD-03,A,3,1299.1,216.2,36,0.746,0.166,0
2024-10-06,CL-SEV-01,D,3,3384.0,1195.1,23,0.678,0.353,0
2024-10-06,CL-VLC-01,C,3,1525.7,339.3,43,0.768,0.222,0
2024-10-06,CL-VLC-02,C,3,1351.5,347.7,41,0.749,0.257,1
2024-10-07,CL-BCN-01,B,11,5615.4,1406.2,141,0.724,0.25,7
2024-10-07,CL-BCN-02,B,12,6138.1,1368.6,161,0.799,0.223,9
2024-10-07,CL-BIO-01,E,11,5795.9,954.1,116,0.856,0.165,1
2024-10-07,CL-MAD-01,A,11,4935.5,907.3,141,0.907,0.184,3
2024-10-07,CL-MAD-02,A,9,4340.0,625.4,134,0.822,0.144,5
2024-10-07,CL-MAD-03,A,10,4563.7,959.3,158,0.867,0.21,3
2024-10-07,CL-SEV-01,D,8,8991.3,2696.4,82,0.604,0.3,1
2024-10-07,CL-VLC-01,C,12,5780.5,1631.2,161,0.777,0.282,3
2024-10-07,CL-VLC-02,C,10,4933.8,1162.5,122,0.687,0.236,1
2024-10-08,CL-BCN-01,B,11,5366.4,956.4,142,0.779,0.178,6
2024-10-08,CL-BCN-02,B,10,5038.6,1394.7,151,0.667,0.277,4
2024-10-08,CL-BIO-01,E,10,4894.1,439.5,131,0.806,0.09,1
2024-10-08,CL-MAD-01,A,10,4380.3,696.3,133,0.791,0.159,6
2024-10-08,CL-MAD-02,A,11,4848.2,931.2,116,0.771,0.192,9
2024-10-08,CL-MAD-03,A,9,4104.6,771.6,130,0.758,0.188,6
2024-10-08,CL-SEV-01,D,11,11322.4,4049.6,99,0.585,0.358,3
2024-10-08,CL-VLC-01,C,10,4929.3,1068.0,135,0.766,0.217,2
2024-10-08,CL-VLC-02,C,9,4516.3,905.6,122,0.59,0.201,3
2024-10-09,CL-BCN-01,B,11,5536.5,1391.9,119,0.678,0.251,5
2024-10-09,CL-BCN-02,B,10,5199.4,928.8,105,0.734,0.179,2
2024-10-09,CL-BIO-01,E,10,5092.4,706.0,94,0.818,0.139,2
2024-10-09,CL-MAD-01,A,11,4846.7,938.0,171,0.752,0.194,10
2024-10-09,CL-MAD-02,A,10,4786.4,805.0,128,0.75,0.168,8
2024-10-09,CL-MAD-03,A,10,4400.2,883.4,147,0.728,0.201,7
2024-10-09,CL-SEV-01,D,11,11735.4,3493.8,68,0.651,0.298,4
2024-10-09,CL-VLC-01,C,10,4941.5,1260.8,133,0.585,0.255,2
2024-10-09,CL-VLC-02,C,12,5640.7,1390.9,164,0.755,0.247,7
2024-10-10,CL-BCN-01,B,10,5234.6,1164.4,119,0.711,0.222,3
2024-10-10,CL-BCN-02,B,10,4886.8,1012.0,134,0.784,0.207,4
2024-10-10,CL-BIO-01,E,11,5453.6,399.2,101,0.896,0.073,2
2024-10-10,CL-MAD-01,A,9,4068.4,775.5,144,0.805,0.191,11
2024-10-10,CL-MAD-02,A,10,4690.7,739.1,160,0.781,0.158,4
2024-10-10,CL-MAD-03,A,10,4388.8,810.7,152,0.882,0.185,8
2024-10-10,CL-SEV-01,D,10,10666.8,4234.5,79,0.712,0.397,5
2024-10-10,CL-VLC-01,C,9,4576.6,1157.9,116,0.794,0.253,3
2024-10-10,CL-VLC-02,C,9,4626.3,882.6,107,0.721,0.191,3
2024-10-11,CL-BCN-01,B,9,4452.7,649.5,120,0.814,0.146,5
2024-10-11,CL-BCN-02,B,10,4993.5,1046.3,134,0.856,0.21,2
2024-10-11,CL-BIO-01,E,10,4893.2,544.6,140,0.815,0.111,0
2024-10-11,CL-MAD-01,A,12,5371.8,978.8,179,0.798,0.182,5
2024-10-11,CL-MAD-02,A,8,3788.7,780.6,125,0.756,0.206,6
2024-10-11,CL-MAD-03,A,11,5022.5,937.9,142,0.759,0.187,6
2024-10-11,CL-SEV-01,D,9,9200.2,3212.4,55,0.608,0.349,2
2024-10-11,CL-VLC-01,C,9,4390.8,1036.0,113,0.833,0.236,5
2024-10-11,CL-VLC-02,C,11,5151.6,1384.2,128,0.682,0.269,2
2024-10-12,CL-BCN-01,B,7,3734.1,625.1,83,0.746,0.167,5
2024-10-12,CL-BCN-02,B,8,4005.5,844.4,110,0.777,0.211,1
2024-10-12,CL-BIO-01,E,8,4094.8,412.2,101,0.89,0.101,1
2024-10-12,CL-MAD-01,A,9,3910.3,637.2,123,0.793,0.163,8
2024-10-12,CL-MAD-02,A,7,3383.7,645.8,111,0.777,0.191,4
2024-10-12,CL-MAD-03,A,8,3611.4,606.3,119,0.798,0.168,10
2024-10-12,CL-SEV-01,D,8,8300.0,2939.8,55,0.62,0.354,0
2024-10-12,CL-VLC-01,C,7,3530.1,691.7,97,0.722,0.196,5
2024-10-12,CL-VLC-02,C,7,3517.7,650.2,91,0.726,0.185,1
2024-10-13,CL-BCN-01,B,4,1752.7,379.5,44,0.677,0.217,2
2024-10-13,CL-BCN-02,B,3,,,47,0.841,,1
2024-10-13,CL-BIO-01,E,3,1610.2,225.6,41,0.823,0.14,0
2024-10-13,CL-MAD-01,A,3,1435.0,258.0,38,0.845,0.18,1
2024-10-13,CL-MAD-02,A,3,1586.7,338.4,46,0.784,0.213,0
2024-10-13,CL-MAD-03,A,3,1254.5,240.6,47,0.776,0.192,3
2024-10-13,CL-SEV-01,D,3,3246.8,1234.0,26,0.557,0.38,0
2024-10-13,CL-VLC-01,C,3,1478.0,303.9,33,0.693,0.206,0
2024-10-13,CL-VLC-02,C,3,1438.3,331.3,39,0.775,0.23,1
2024-10-14,CL-BCN-01,B,10,4780.1,1196.8,104,0.839,0.25,7
2024-10-14,CL-BCN-02,B,10,4990.5,1000.8,129,0.833,0.201,3
2024-10-14,CL-BIO-01,E,10,5199.0,849.0,106,0.82,0.163,0
2024-10-14,CL-MAD-01,A,8,3766.7,821.9,119,0.796,0.218,4
2024-10-14,CL-MAD-02,A,11,5094.1,1005.3,167,0.782,0.197,9
2024-10-14,CL-MAD-03,A,11,5176.4,763.9,148,0.824,0.148,11
2024-10-14,CL-SEV-01,D,12,13040.1,4416.8,100,0.604,0.339,1
2024-10-14,CL-VLC-01,C,11,5453.1,1380.0,133,0.809,0.253,5
2024-10-14,CL-VLC-02,C,10,4831.6,1162.1,133,0.64,0.241,2
2024-10-15,CL-BCN-01,B,10,4845.3,831.6,146,0.874,0.172,4
2024-10-15,CL-BCN-02,B,11,5477.5,1096.2,129,0.82,0.2,4
2024-10-15,CL-BIO-01,E,11,5398.1,737.6,113,0.763,0.137,1
2024-10-15,CL-MAD-01,A,10,4633.3,977.6,168,0.828,0.211,3
2024-10-15,CL-MAD-02,A,11,5079.0,977.1,138,0.733,0.192,5
2024-10-15,CL-MAD-03,A,10,4766.5,940.1,168,0.695,0.197,4
2024-10-15,CL-SEV-01,D,11,12043.2,3706.2,105,0.617,0.308,0
2024-10-15,CL-VLC-01,C,10,4798.0,1175.2,124,0.626,0.245,4
2024-10-15,CL-VLC-02,C,10,5111.2,1240.5,109,0.645,0.243,10
2024-10-16,CL-BCN-01,B,11,5500.1,1093.1,146,0.777,0.199,4
2024-10-16,CL-BCN-02,B,9,4694.0,1028.5,97,0.698,0.219,2
2024-10-16,CL-BIO-01,E,11,5480.0,779.0,129,0.793,0.142,2
2024-10-16,CL-MAD-01,A,9,4316.4,404.5,107,0.858,0.094,7
2024-10-16,CL-MAD-02,A,10,4751.2,831.3,140,0.78,0.175,6
2024-10-16,CL-MAD-03,A,11,5047.5,906.4,161,0.724,0.18,6
2024-10-16,CL-SEV-01,D,10,10321.0,3460.4,99,0.733,0.335,4
2024-10-16,CL-VLC-01,C,10,5060.0,1167.4,110,0.727,0.231,3
2024-10-16,CL-VLC-02,C,11,5339.0,1189.5,160,0.823,0.223,3
2024-10-17,CL-BCN-01,B,9,4641.0,1169.2,113,0.657,0.252,3
2024-10-17,CL-BCN-02,B,10,,,151,0.737,,3
2024-10-17,CL-BIO-01,E,10,5176.8,773.4,144,0.784,0.149,6
2024-10-17,CL-MAD-01,A,11,5085.3,640.2,140,0.904,0.126,3
2024-10-17,CL-MAD-02,A,11,5097.7,980.9,177,0.778,0.192,11
2024-10-17,CL-MAD-03,A,9,4191.9,808.3,142,0.783,0.193,3
2024-10-17,CL-SEV-01,D,11,12345.2,3920.4,78,0.681,0.318,4
2024-10-17,CL-VLC-01,C,10,4721.0,1162.3,124,0.747,0.246,2
2024-10-17,CL-VLC-02,C,12,6102.8,1295.9,122,0.885,0.212,4
2024-10-18,CL-BCN-01,B,9,4582.6,1161.6,144,0.74,0.253,10
2024-10-18,CL-BCN-02,B,12,6036.6,1297.0,132,0.823,0.215,4
2024-10-18,CL-BIO-01,E,9,4480.8,853.1,111,0.846,0.19,4
2024-10-18,CL-MAD-01,A,10,4582.0,854.3,167,0.699,0.186,9
2024-10-18,CL-MAD-02,A,11,5161.3,951.9,155,0.816,0.184,7
2024-10-18,CL-MAD-03,A,11,5269.8,703.0,124,0.664,0.133,9
2024-10-18,CL-SEV-01,D,9,9749.7,2920.0,92,0.664,0.299,0
2024-10-18,CL-VLC-01,C,12,5829.0,1297.9,134,0.595,0.223,6
2024-10-18,CL-VLC-02,C,10,4701.7,1149.7,142,0.771,0.245,4
2024-10-19,CL-BCN-01,B,7,3491.5,730.8,98,0.69,0.209,3
2024-10-19,CL-BCN-02,B,7,3720.3,530.1,95,0.71,0.142,5
2024-10-19,CL-BIO-01,E,8,4048.8,494.8,105,0.816,0.122,0
2024-10-19,CL-MAD-01,A,7,3217.9,466.2,79,0.695,0.145,4
2024-10-19,CL-MAD-02,A,7,3348.7,764.0,99,0.842,0.228,2
2024-10-19,CL-MAD-03,A,8,3566.5,652.4,114,0.806,0.183,6
2024-10-19,CL-SEV-01,D,7,7908.8,2522.1,55,0.622,0.319,3
2024-10-19,CL-VLC-01,C,8,4010.4,846.9,103,0.715,0.211,3
2024-10-19,CL-VLC-02,C,7,3402.5,875.8,80,0.837,0.257,0
2024-10-20,CL-BCN-01,B,3,1533.9,253.5,42,0.708,0.165,1
2024-10-20,CL-BCN-02,B,3,1503.8,354.0,33,0.77,0.235,1
2024-10-20,CL-BIO-01,E,3,1543.4,226.9,28,0.788,0.147,0
2024-10-20,CL-MAD-01,A,3,1246.9,256.3,48,0.743,0.206,1
2024-10-20,CL-MAD-02,A,3,1292.3,266.6,41,0.755,0.206,0
2024-10-20,CL-MAD-03,A,3,1524.2,276.5,48,0.768,0.181,2
2024-10-20,CL-SEV-01,D,4,3975.6,1495.2,38,0.598,0.376,1
2024-10-20,CL-VLC-01,C,3,1696.1,420.7,34,0.731,0.248,0
2024-10-20,CL-VLC-02,C,3,1341.6,293.3,36,0.705,0.219,1
2024-10-21,CL-BCN-01,B,9,4539.4,892.3,92,0.683,0.197,4
2024-10-21,CL-BCN-02,B,10,4765.7,727.8,125,0.751,0.153,3
2024-10-21,CL-BIO-01,E,10,5222.6,730.1,113,0.818,0.14,3
2024-10-21,CL-MAD-01,A,10,4577.5,697.6,145,0.699,0.152,6
2024-10-21,CL-MAD-02,A,11,5253.4,1044.2,166,0.681,0.199,4
2024-10-21,CL-MAD-03,A,11,4841.3,647.4,169,0.793,0.134,9
2024-10-21,CL-SEV-01,D,10,10658.2,3831.3,68,0.617,0.359,3
2024-10-21,CL-VLC-01,C,11,5264.3,999.8,120,0.679,0.19,4
2024-10-21,CL-VLC-02,C,10,5050.1,1340.1,134,0.705,0.265,5
2024-10-22,CL-BCN-01,B,8,4228.7,984.7,81,0.779,0.233,3
2024-10-22,CL-BCN-02,B,12,6039.9,1394.8,194,0.684,0.231,8
2024-10-22,CL-BIO-01,E,12,5868.3,873.7,170,0.835,0.149,1
2024-10-22,CL-MAD-01,A,10,4633.3,712.3,166,0.806,0.154,7
2024-10-22,CL-MAD-02,A,10,4543.2,835.1,125,0.795,0.184,7
2024-10-22,CL-MAD-03,A,10,4464.3,643.6,150,0.759,0.144,8
2024-10-22,CL-SEV-01,D,11,11957.0,4146.4,86,0.563,0.347,1
2024-10-22,CL-VLC-01,C,12,5810.4,1333.6,119,0.698,0.23,4
2024-10-22,CL-VLC-02,C,12,5849.5,1331.8,143,0.75,0.228,4
2024-10-23,CL-BCN-01,B,10,4754.9,1114.0,132,0.768,0.234,3
2024-10-23,CL-BCN-02,B,9,4491.1,1095.4,136,0.826,0.244,8
2024-10-23,CL-BIO-01,E,10,4910.5,711.6,128,0.764,0.145,4
2024-10-23,CL-MAD-01,A,10,4451.2,552.9,157,0.744,0.124,10
2024-10-23,CL-MAD-02,A,11,5110.1,731.3,147,0.657,0.143,5
2024-10-23,CL-MAD-03,A,8,3651.9,800.6,106,0.756,0.219,8
2024-10-23,CL-SEV-01,D,11,11826.2,3761.3,75,0.561,0.318,5
2024-10-23,CL-VLC-01,C,10,4814.9,1118.8,130,0.636,0.232,2
2024-10-23,CL-VLC-02,C,11,5138.8,1308.3,110,0.684,0.255,5
2024-10-24,CL-BCN-01,B,10,5214.7,1069.4,154,0.716,0.205,6
2024-10-24,CL-BCN-02,B,9,4515.1,1244.6,119,0.774,0.276,1
2024-10-24,CL-BIO-01,E,10,4991.8,820.1,87,0.839,0.164,0
2024-10-24,CL-MAD-01,A,10,4770.8,731.2,134,0.801,0.153,8
2024-10-24,CL-MAD-02,A,9,4356.9,740.5,127,0.793,0.17,5
2024-10-24,CL-MAD-03,A,11,5118.0,1110.0,159,0.787,0.217,5
2024-10-24,CL-SEV-01,D,10,11167.6,3675.8,45,0.703,0.329,0
2024-10-24,CL-VLC-01,C,11,5618.5,1278.9,115,0.764,0.228,1
2024-10-24,CL-VLC-02,C,9,4326.8,948.6,111,0.674,0.219,3
2024-10-25,CL-BCN-01,B,11,5739.0,1210.2,149,0.778,0.211,4
2024-10-25,CL-BCN-02,B,10,5007.4,1000.2,96,0.655,0.2,2
2024-10-25,CL-BIO-01,E,11,5437.4,968.2,122,0.751,0.178,2
2024-10-25,CL-MAD-01,A,10,4412.2,748.3,137,0.879,0.17,6
2024-10-25,CL-MAD-02,A,10,4549.2,1024.6,144,0.844,0.225,4
2024-10-25,CL-MAD-03,A,10,4394.7,753.8,145,0.792,0.172,1
2024-10-25,CL-SEV-01,D,9,9769.6,3006.1,87,0.669,0.308,1
2024-10-25,CL-VLC-01,C,10,5125.7,1286.9,126,0.776,0.251,3
2024-10-25,CL-VLC-02,C,8,3998.2,838.8,86,0.828,0.21,0
2024-10-26,CL-BCN-01,B,9,4342.9,970.0,111,0.748,0.223,3
2024-10-26,CL-BCN-02,B,8,3768.9,770.4,88,0.744,0.204,3
2024-10-26,CL-BIO-01,E,8,4109.5,685.4,94,0.876,0.167,0
2024-10-26,CL-MAD-01,A,7,3325.0,478.0,97,0.79,0.144,1
2024-10-26,CL-MAD-02,A,9,3933.8,557.0,109,0.917,0.142,5
2024-10-26,CL-MAD-03,A,7,3333.4,769.2,104,0.738,0.231,3
2024-10-26,CL-SEV-01,D,7,7438.7,2912.3,42,0.609,0.392,1
2024-10-26,CL-VLC-01,C,8,4099.9,1149.8,87,0.665,0.28,3
2024-10-26,CL-VLC-02,C,8,3795.0,1107.3,86,0.761,0.292,0
2024-10-27,CL-BCN-01,B,3,1606.9,371.1,41,0.732,0.231,1
2024-10-27,CL-BCN-02,B,3,1562.4,284.4,41,0.783,0.182,3
2024-10-27,CL-BIO-01,E,3,1633.6,165.0,24,0.891,0.101,0
2024-10-27,CL-MAD-01,A,3,1502.8,327.8,42,0.811,0.218,4
2024-10-27,CL-MAD-02,A,3,1270.2,150.4,51,0.849,0.118,2
2024-10-27,CL-MAD-03,A,3,1335.1,302.6,42,0.713,0.227,2
2024-10-27,CL-SEV-01,D,3,3355.6,1082.1,23,0.647,0.322,1
2024-10-27,CL-VLC-01,C,3,1670.3,380.4,32,0.781,0.228,1
2024-10-27,CL-VLC-02,C,3,,,37,0.782,,2
2024-10-28,CL-BCN-01,B,8,4152.6,781.6,100,0.765,0.188,3
2024-10-28,CL-BCN-02,B,12,5846.1,1224.6,137,0.735,0.209,3
2024-10-28,CL-BIO-01,E,9,4608.6,510.3,112,0.713,0.111,1
2024-10-28,CL-MAD-01,A,10,4629.5,953.3,123,0.81,0.206,8
2024-10-28,CL-MAD-02,A,10,4381.2,807.4,148,0.69,0.184,6
2024-10-28,CL-MAD-03,A,11,5180.8,807.8,142,0.789,0.156,7
2024-10-28,CL-SEV-01,D,10,10697.5,3579.5,71,0.641,0.335,3
2024-10-28,CL-VLC-01,C,9,4571.1,907.5,112,0.644,0.199,5
2024-10-28,CL-VLC-02,C,9,4379.4,904.0,112,0.63,0.206,3
2024-10-29,CL-BCN-01,B,12,6015.4,1236.9,187,0.805,0.206,6
2024-10-29,CL-BCN-02,B,11,5303.5,1165.3,158,0.702,0.22,3
2024-10-29,CL-BIO-01,E,10,4938.8,396.8,158,0.828,0.08,3
2024-10-29,CL-MAD-01,A,9,4294.1,810.1,133,0.732,0.189,7
2024-10-29,CL-MAD-02,A,11,4969.1,592.1,137,0.678,0.119,10
2024-10-29,CL-MAD-03,A,10,4681.8,691.5,154,0.713,0.148,7
2024-10-29,CL-SEV-01,D,8,8525.9,2933.3,58,0.73,0.344,0
2024-10-29,CL-VLC-01,C,10,4879.2,1282.3,100,0.719,0.263,0
2024-10-29,CL-VLC-02,C,9,4484.5,1054.8,88,0.734,0.235,2
2024-10-30,CL-BCN-01,B,10,4945.6,891.5,127,0.705,0.18,2
2024-10-30,CL-BCN-02,B,10,5229.4,1182.5,151,0.675,0.226,3
2024-10-30,CL-BIO-01,E,11,5347.7,1072.9,117,0.931,0.201,2
2024-10-30,CL-MAD-01,A,12,5283.2,910.0,171,0.788,0.172,10
2024-10-30,CL-MAD-02,A,12,5297.9,802.8,188,0.853,0.152,7
2024-10-30,CL-MAD-03,A,11,4956.9,753.9,192,0.783,0.152,7
2024-10-30,CL-SEV-01,D,11,11515.2,3981.8,100,0.671,0.346,3
2024-10-30,CL-VLC-01,C,9,4313.4,1053.0,106,0.65,0.244,1
2024-10-30,CL-VLC-02,C,10,5108.2,1108.3,126,0.657,0.217,3
2024-10-31,CL-BCN-01,B,10,5227.3,824.5,135,0.674,0.158,4
2024-10-31,CL-BCN-02,B,11,5591.3,1030.1,153,0.68,0.184,6
2024-10-31,CL-BIO-01,E,9,4662.0,706.2,125,0.781,0.151,2
2024-10-31,CL-MAD-01,A,10,4621.8,884.7,133,0.837,0.191,4
2024-10-31,CL-MAD-02,A,10,4611.5,903.4,153,0.798,0.196,6
2024-10-31,CL-MAD-03,A,10,4711.6,654.7,108,0.791,0.139,4
2024-10-31,CL-SEV-01,D,9,9406.3,3609.2,88,0.612,0.384,1
2024-10-31,CL-VLC-01,C,9,4239.0,739.7,82,0.716,0.174,2
2024-10-31,CL-VLC-02,C,11,5208.8,861.8,165,0.739,0.165,3
2024-11-01,CL-BCN-01,B,9,4552.1,1042.9,109,0.717,0.229,5
2024-11-01,CL-BCN-02,B,10,4838.3,1113.8,101,0.776,0.23,4
2024-11-01,CL-BIO-01,E,11,5836.5,576.7,128,0.73,0.099,2
2024-11-01,CL-MAD-01,A,12,5391.7,896.9,172,0.712,0.166,8
2024-11-01,CL-MAD-02,A,11,4838.8,1219.8,139,0.767,0.252,3
2024-11-01,CL-MAD-03,A,11,5232.8,918.1,164,0.786,0.175,12
2024-11-01,CL-SEV-01,D,11,11867.8,4238.2,117,0.586,0.357,4
2024-11-01,CL-VLC-01,C,11,5157.9,939.4,120,0.781,0.182,3
2024-11-01,CL-VLC-02,C,11,5235.7,1286.4,121,0.688,0.246,1
2024-11-02,CL-BCN-01,B,8,3828.9,808.1,93,0.737,0.211,4
2024-11-02,CL-BCN-02,B,7,3571.5,821.6,95,0.751,0.23,2
2024-11-02,CL-BIO-01,E,8,4000.7,693.6,97,0.868,0.173,2
2024-11-02,CL-MAD-01,A,7,3212.8,537.4,99,0.743,0.167,1
2024-11-02,CL-MAD-02,A,9,3927.0,689.3,128,0.912,0.176,3
2024-11-02,CL-MAD-03,A,7,3231.1,604.5,105,0.875,0.187,7
2024-11-02,CL-SEV-01,D,6,6482.6,2368.9,44,0.553,0.365,1
2024-11-02,CL-VLC-01,C,8,4050.5,1060.6,106,0.82,0.262,4
2024-11-02,CL-VLC-02,C,8,3702.0,667.5,93,0.708,0.18,2
2024-11-03,CL-BCN-01,B,3,1719.9,372.7,32,0.753,0.217,0
2024-11-03,CL-BCN-02,B,3,1704.7,358.2,33,0.715,0.21,1
2024-11-03,CL-BIO-01,E,3,1719.5,245.4,39,0.819,0.143,0
2024-11-03,CL-MAD-01,A,4,1607.0,315.8,54,0.635,0.197,0
2024-11-03,CL-MAD-02,A,3,1363.2,238.7,36,0.758,0.175,3
2024-11-03,CL-MAD-03,A,3,1560.1,332.6,44,0.644,0.213,1
2024-11-03,CL-SEV-01,D,4,3812.6,1227.3,35,0.663,0.322,2
2024-11-03,CL-VLC-01,C,3,1586.4,341.3,43,0.867,0.215,0
2024-11-03,CL-VLC-02,C,3,1571.8,370.9,44,0.719,0.236,0
2024-11-04,CL-BCN-01,B,10,4889.9,946.2,131,0.755,0.194,5
2024-11-04,CL-BCN-02,B,12,5905.8,1318.6,154,0.599,0.223,8
2024-11-04,CL-BIO-01,E,11,5500.8,885.5,107,0.766,0.161,0
2024-11-04,CL-MAD-01,A,11,5240.5,923.6,139,0.846,0.176,9
2024-11-04,CL-MAD-02,A,11,4993.8,1041.6,149,0.806,0.209,6
2024-11-04,CL-MAD-03,A,10,4396.0,917.2,124,0.811,0.209,4
2024-11-04,CL-SEV-01,D,11,11544.9,4047.8,133,0.535,0.351,2
2024-11-04,CL-VLC-01,C,11,5517.8,1206.1,128,0.745,0.219,0
2024-11-04,CL-VLC-02,C,11,5349.5,955.7,144,0.739,0.179,2
2024-11-05,CL-BCN-01,B,11,5648.6,1052.5,134,0.837,0.186,2
2024-11-05,CL-BCN-02,B,11,5253.0,1047.4,145,0.684,0.199,4
2024-11-05,CL-BIO-01,E,11,5416.0,650.3,137,0.783,0.12,1
2024-11-05,CL-MAD-01,A,12,5308.9,865.4,137,0.842,0.163,4
2024-11-05,CL-MAD-02,A,10,4807.2,977.8,139,0.734,0.203,6
2024-11-05,CL-MAD-03,A,9,4239.5,870.4,107,0.769,0.205,3
2024-11-05,CL-SEV-01,D,11,11383.8,3518.3,77,0.665,0.309,2
2024-11-05,CL-VLC-01,C,11,5363.9,1515.5,125,0.613,0.283,4
2024-11-05,CL-VLC-02,C,11,5499.6,1256.0,136,0.746,0.228,4
2024-11-06,CL-BCN-01,B,10,5014.9,856.7,130,0.777,0.171,7
2024-11-06,CL-BCN-02,B,9,4672.6,889.7,106,0.806,0.19,4
2024-11-06,CL-BIO-01,E,10,5285.5,687.1,114,0.954,0.13,0
2024-11-06,CL-MAD-01,A,10,4651.4,909.6,156,0.86,0.196,8
2024-11-06,CL-MAD-02,A,11,5251.3,1148.3,163,0.842,0.219,7
2024-11-06,CL-MAD-03,A,11,4876.7,776.5,157,0.762,0.159,4
2024-11-06,CL-SEV-01,D,10,10778.6,3816.4,81,0.493,0.354,2
2024-11-06,CL-VLC-01,C,10,4909.5,1223.1,115,0.645,0.249,2
2024-11-06,CL-VLC-02,C,12,5705.8,1345.6,171,0.742,0.236,4
2024-11-07,CL-BCN-01,B,12,5890.1,1378.2,164,0.748,0.234,3
2024-11-07,CL-BCN-02,B,12,5880.8,1298.6,155,0.764,0.221,5
2024-11-07,CL-BIO-01,E,11,5603.0,798.2,128,0.916,0.142,2
2024-11-07,CL-MAD-01,A,10,4705.7,730.4,148,0.872,0.155,8
2024-11-07,CL-MAD-02,A,10,4573.7,965.7,152,0.767,0.211,4
2024-11-07,CL-MAD-03,A,9,4189.5,884.2,114,0.749,0.211,4
2024-11-07,CL-SEV-01,D,11,11950.9,4666.7,102,0.63,0.39,1
2024-11-07,CL-VLC-01,C,11,5436.3,1203.8,116,0.7,0.221,2
2024-11-07,CL-VLC-02,C,11,5291.5,1458.0,138,0.662,0.276,3
2024-11-08,CL-BCN-01,B,12,5816.3,1286.9,156,0.759,0.221,3
2024-11-08,CL-BCN-02,B,12,5759.2,1430.0,170,0.808,0.248,3
2024-11-08,CL-BIO-01,E,11,5752.5,781.1,132,0.859,0.136,0
2024-11-08,CL-MAD-01,A,12,5455.4,1280.0,179,0.808,0.235,7
2024-11-08,CL-MAD-02,A,10,4443.3,806.6,105,0.645,0.182,3
2024-11-08,CL-MAD-03,A,11,5137.4,1001.5,132,0.69,0.195,7
2024-11-08,CL-SEV-01,D,11,11967.5,3766.7,95,0.663,0.315,1
2024-11-08,CL-VLC-01,C,10,5101.2,1304.1,106,0.763,0.256,3
2024-11-08,CL-VLC-02,C,11,5553.0,1197.2,130,0.762,0.216,0
2024-11-09,CL-BCN-01,B,7,3489.4,795.3,97,0.689,0.228,5
2024-11-09,CL-BCN-02,B,8,3973.3,794.5,94,0.835,0.2,1
2024-11-09,CL-BIO-01,E,9,,,115,0.814,,0
2024-11-09,CL-MAD-01,A,9,4187.7,950.7,133,0.809,0.227,3
2024-11-09,CL-MAD-02,A,7,3360.6,751.6,96,0.788,0.224,4
2024-11-09,CL-MAD-03,A,9,4199.6,801.5,119,0.757,0.191,2
2024-11-09,CL-SEV-01,D,8,8970.6,2816.5,76,0.776,0.314,3
2024-11-09,CL-VLC-01,C,8,3700.6,886.7,78,0.827,0.24,2
2024-11-09,CL-VLC-02,C,7,3563.6,781.7,93,0.644,0.219,0
2024-11-10,CL-BCN-01,B,3,1477.1,359.9,44,0.739,0.244,0
2024-11-10,CL-BCN-02,B,3,1697.4,380.5,41,0.828,0.224,1
2024-11-10,CL-BIO-01,E,3,1445.4,210.2,39,0.737,0.145,0
2024-11-10,CL-MAD-01,A,4,1672.9,324.6,54,0.729,0.194,5
2024-11-10,CL-MAD-02,A,4,1633.1,293.3,53,0.778,0.18,2
2024-11-10,CL-MAD-03,A,4,,,56,0.705,,3
2024-11-10,CL-SEV-01,D,3,3445.4,1228.5,27,0.635,0.357,1
2024-11-10,CL-VLC-01,C,3,1518.5,349.9,36,0.839,0.23,0
2024-11-10,CL-VLC-02,C,3,1553.6,324.3,37,0.774,0.209,0
2024-11-11,CL-BCN-01,B,11,5402.7,1088.4,138,0.804,0.201,6
2024-11-11,CL-BCN-02,B,11,5418.4,1158.3,148,0.654,0.214,4
2024-11-11,CL-BIO-01,E,11,5483.9,715.8,143,0.878,0.131,3
2024-11-11,CL-MAD-01,A,11,5083.1,776.2,119,0.766,0.153,5
2024-11-11,CL-MAD-02,A,12,5296.1,821.6,166,0.761,0.155,2
2024-11-11,CL-MAD-03,A,10,,,118,0.68,,5
2024-11-11,CL-SEV-01,D,10,11119.2,3944.6,79,0.643,0.355,1
2024-11-11,CL-VLC-01,C,9,4367.6,1006.7,98,0.744,0.23,1
2024-11-11,CL-VLC-02,C,11,5255.5,1098.2,133,0.77,0.209,1
2024-11-12,CL-BCN-01,B,10,4756.9,953.7,148,0.727,0.2,5
2024-11-12,CL-BCN-02,B,9,4736.4,1060.4,100,0.673,0.224,5
2024-11-12,CL-BIO-01,E,12,5849.7,880.7,142,0.896,0.151,2
2024-11-12,CL-MAD-01,A,10,4555.1,730.5,142,0.784,0.16,4
2024-11-12,CL-MAD-02,A,12,5552.3,1131.6,183,0.68,0.204,4
2024-11-12,CL-MAD-03,A,11,5009.1,1278.0,139,0.804,0.255,7
2024-11-12,CL-SEV-01,D,10,11108.8,3654.9,68,0.616,0.329,0
2024-11-12,CL-VLC-01,C,11,5438.7,1284.2,113,0.815,0.236,2
2024-11-12,CL-VLC-02,C,11,5520.5,896.0,140,0.643,0.162,4
2024-11-13,CL-BCN-01,B,10,5237.3,1288.4,135,0.764,0.246,4
2024-11-13,CL-BCN-02,B,12,6215.0,1111.1,179,0.664,0.179,9
2024-11-13,CL-BIO-01,E,9,4501.0,522.4,118,0.741,0.116,1
2024-11-13,CL-MAD-01,A,10,4802.0,880.6,134,0.864,0.183,2
2024-11-13,CL-MAD-02,A,12,5311.9,907.4,159,0.726,0.171,4
2024-11-13,CL-MAD-03,A,11,,,128,0.798,,8
2024-11-13,CL-SEV-01,D,10,10773.6,3212.3,93,0.685,0.298,1
2024-11-13,CL-VLC-01,C,10,4826.8,1429.0,129,0.593,0.296,1
2024-11-13,CL-VLC-02,C,11,5135.7,1137.2,113,0.82,0.221,2
2024-11-14,CL-BCN-01,B,10,5100.2,1041.5,126,0.74,0.204,4
2024-11-14,CL-BCN-02,B,10,4953.2,1318.0,141,0.777,0.266,4
2024-11-14,CL-BIO-01,E,10,5272.9,936.5,133,0.88,0.178,1
2024-11-14,CL-MAD-01,A,11,5042.9,909.3,155,0.707,0.18,3
2024-11-14,CL-MAD-02,A,11,5064.2,993.4,176,0.88,0.196,8
2024-11-14,CL-MAD-03,A,11,5060.0,864.6,157,0.843,0.171,7
2024-11-14,CL-SEV-01,D,9,10153.9,3370.0,80,0.49,0.332,1
2024-11-14,CL-VLC-01,C,11,5256.0,1165.7,146,0.759,0.222,2
2024-11-14,CL-VLC-02,C,10,5072.5,1169.9,112,0.661,0.231,1
2024-11-15,CL-BCN-01,B,11,5349.2,1245.2,151,0.726,0.233,5
2024-11-15,CL-BCN-02,B,10,5135.1,1383.6,119,0.74,0.269,4
2024-11-15,CL-BIO-01,E,11,5695.6,693.8,123,0.829,0.122,0
2024-11-15,CL-MAD-01,A,11,5142.4,715.6,156,0.779,0.139,6
2024-11-15,CL-MAD-02,A,9,4085.1,401.9,110,0.843,0.098,4
2024-11-15,CL-MAD-03,A,11,5228.1,814.3,146,0.788,0.156,6
2024-11-15,CL-SEV-01,D,10,10740.7,3572.7,77,0.669,0.333,3
2024-11-15,CL-VLC-01,C,11,5161.7,1071.3,117,0.735,0.208,3
2024-11-15,CL-VLC-02,C,10,,,141,0.734,,3
2024-11-16,CL-BCN-01,B,8,3826.7,909.3,104,0.775,0.238,3
2024-11-16,CL-BCN-02,B,8,4194.7,949.0,105,0.736,0.226,5
2024-11-16,CL-BIO-01,E,7,3785.2,487.6,90,0.927,0.129,3
2024-11-16,CL-MAD-01,A,8,3626.8,745.8,109,0.861,0.206,3
2024-11-16,CL-MAD-02,A,7,3267.4,661.4,83,0.742,0.202,2
2024-11-16,CL-MAD-03,A,7,3437.1,690.8,74,0.78,0.201,2
2024-11-16,CL-SEV-01,D,8,9067.8,3195.0,41,0.535,0.352,1
2024-11-16,CL-VLC-01,C,8,4078.0,1210.0,90,0.699,0.297,0
2024-11-16,CL-VLC-02,C,8,3673.5,837.0,84,0.807,0.228,2
2024-11-17,CL-BCN-01,B,3,1650.3,302.2,34,0.767,0.183,1
2024-11-17,CL-BCN-02,B,4,1788.1,350.7,58,0.732,0.196,1
2024-11-17,CL-BIO-01,E,4,1891.1,325.2,48,0.739,0.172,1
2024-11-17,CL-MAD-01,A,3,1215.6,253.8,40,0.796,0.209,1
2024-11-17,CL-MAD-02,A,3,1449.5,235.7,45,0.807,0.163,1
2024-11-17,CL-MAD-03,A,3,1391.3,309.9,46,0.778,0.223,3
2024-11-17,CL-SEV-01,D,4,3772.0,1215.7,37,0.579,0.322,1
2024-11-17,CL-VLC-01,C,3,1674.3,416.0,40,0.651,0.248,2
2024-11-17,CL-VLC-02,C,3,1610.1,380.1,39,0.6,0.236,0
2024-11-18,CL-BCN-01,B,11,5586.3,1218.8,114,0.72,0.218,2
2024-11-18,CL-BCN-02,B,11,5561.1,1188.1,127,0.806,0.214,5
2024-11-18,CL-BIO-01,E,12,6018.2,1212.2,104,0.829,0.201,1
2024-11-18,CL-MAD-01,A,11,5078.8,936.7,155,0.784,0.184,8
2024-11-18,CL-MAD-02,A,11,4956.3,894.1,176,0.798,0.18,4
2024-11-18,CL-MAD-03,A,10,4597.0,904.0,135,0.771,0.197,11
2024-11-18,CL-SEV-01,D,11,12123.5,4233.1,62,0.629,0.349,3
2024-11-18,CL-VLC-01,C,10,4853.8,1044.7,99,0.677,0.215,0
2024-11-18,CL-VLC-02,C,10,,,145,0.701,,3
2024-11-19,CL-BCN-01,B,13,6265.3,1055.2,132,0.769,0.168,4
2024-11-19,CL-BCN-02,B,10,4860.3,1301.0,139,0.759,0.268,7
2024-11-19,CL-BIO-01,E,12,6083.5,524.9,123,0.836,0.086,2
2024-11-19,CL-MAD-01,A,8,3648.1,587.6,109,0.675,0.161,5
2024-11-19,CL-MAD-02,A,12,5324.4,1006.8,167,0.843,0.189,12
2024-11-19,CL-MAD-03,A,12,5444.0,1005.8,179,0.767,0.185,6
2024-11-19,CL-SEV-01,D,8,9145.4,2524.1,66,0.683,0.276,0
2024-11-19,CL-VLC-01,C,10,5121.1,1268.1,128,0.726,0.248,1
2024-11-19,CL-VLC-02,C,12,5641.2,1171.3,130,0.627,0.208,1
2024-11-20,CL-BCN-01,B,11,5704.8,1267.2,109,0.852,0.222,3
2024-11-20,CL-BCN-02,B,11,5431.4,1303.7,158,0.777,0.24,4
2024-11-20,CL-BIO-01,E,11,5595.1,851.0,126,0.792,0.152,2
2024-11-20,CL-MAD-01,A,12,5441.2,1203.8,149,0.85,0.221,4
2024-11-20,CL-MAD-02,A,12,5339.8,830.0,174,0.693,0.155,7
2024-11-20,CL-MAD-03,A,11,5266.7,897.3,167,0.755,0.17,7
2024-11-20,CL-SEV-01,D,11,12347.0,4050.1,108,0.721,0.328,1
2024-11-20,CL-VLC-01,C,13,6150.0,1421.2,156,0.692,0.231,3
2024-11-20,CL-VLC-02,C,11,5216.1,1087.9,141,0.838,0.209,5
2024-11-21,CL-BCN-01,B,11,5666.9,1106.5,171,0.853,0.195,5
2024-11-21,CL-BCN-02,B,10,4810.0,1347.5,140,0.76,0.28,1
2024-11-21,CL-BIO-01,E,11,5823.8,630.1,115,0.964,0.108,2
2024-11-21,CL-MAD-01,A,9,4324.1,774.6,131,0.752,0.179,3
2024-11-21,CL-MAD-02,A,10,4515.8,724.6,141,0.739,0.16,6
2024-11-21,CL-MAD-03,A,11,4942.2,851.8,170,0.821,0.172,8
2024-11-21,CL-SEV-01,D,10,10701.8,3640.5,121,0.522,0.34,0
2024-11-21,CL-VLC-01,C,11,5429.1,1153.7,131,0.71,0.213,2
2024-11-21,CL-VLC-02,C,12,5629.6,1725.1,121,0.632,0.306,4
2024-11-22,CL-BCN-01,B,10,5100.5,1087.0,150,0.784,0.213,6
2024-11-22,CL-BCN-02,B,10,5246.8,969.9,118,0.598,0.185,7
2024-11-22,CL-BIO-01,E,13,6493.4,1059.1,106,0.848,0.163,1
2024-11-22,CL-MAD-01,A,11,5243.8,744.4,136,0.849,0.142,7
2024-11-22,CL-MAD-02,A,10,4487.6,835.8,144,0.791,0.186,4
2024-11-22,CL-MAD-03,A,10,4775.0,1134.0,155,0.797,0.237,7
2024-11-22,CL-SEV-01,D,11,11850.9,4017.3,80,0.633,0.339,0
2024-11-22,CL-VLC-01,C,11,5428.3,1190.5,131,0.717,0.219,4
2024-11-22,CL-VLC-02,C,12,5634.9,1230.7,151,0.759,0.218,0
2024-11-23,CL-BCN-01,B,7,3254.9,553.9,94,0.741,0.17,4
2024-11-23,CL-BCN-02,B,8,4193.5,803.3,88,0.742,0.192,1
2024-11-23,CL-BIO-01,E,8,4107.5,689.4,75,0.825,0.168,0
2024-11-23,CL-MAD-01,A,7,3301.2,684.7,108,0.748,0.207,4
2024-11-23,CL-MAD-02,A,9,4135.7,807.6,150,0.773,0.195,8
2024-11-23,CL-MAD-03,A,8,3668.4,702.0,119,0.72,0.191,5
2024-11-23,CL-SEV-01,D,7,7516.4,2696.1,59,0.671,0.359,2
2024-11-23,CL-VLC-01,C,8,4076.7,965.1,113,0.771,0.237,1
2024-11-23,CL-VLC-02,C,7,3603.5,556.5,86,0.703,0.154,2
2024-11-24,CL-BCN-01,B,3,1589.8,377.1,39,0.806,0.237,1
2024-11-24,CL-BCN-02,B,3,1648.5,350.7,35,0.823,0.213,0
2024-11-24,CL-BIO-01,E,4,1808.6,303.2,54,0.821,0.168,0
2024-11-24,CL-MAD-01,A,3,1511.3,265.6,37,0.809,0.176,0
2024-11-24,CL-MAD-02,A,3,1506.4,196.6,43,0.729,0.131,1
2024-11-24,CL-MAD-03,A,3,1456.6,218.5,33,0.832,0.15,1
2024-11-24,CL-SEV-01,D,4,3798.0,1417.8,41,0.567,0.373,2
2024-11-24,CL-VLC-01,C,3,1622.4,354.0,31,0.658,0.218,0
2024-11-24,CL-VLC-02,C,3,1626.4,367.8,35,0.704,0.226,1
2024-11-25,CL-BCN-01,B,10,4892.7,863.7,122,0.766,0.177,4
2024-11-25,CL-BCN-02,B,10,5077.2,1092.1,132,0.843,0.215,1
2024-11-25,CL-BIO-01,E,10,4862.1,774.3,109,0.857,0.159,3
2024-11-25,CL-MAD-01,A,10,4502.8,994.1,133,0.784,0.221,3
2024-11-25,CL-MAD-02,A,10,4740.3,929.4,115,0.785,0.196,3
2024-11-25,CL-MAD-03,A,10,4365.7,794.7,136,0.755,0.182,2
2024-11-25,CL-SEV-01,D,12,13442.0,4167.3,126,0.664,0.31,0
2024-11-25,CL-VLC-01,C,9,4577.6,1254.5,104,0.654,0.274,1
2024-11-25,CL-VLC-02,C,11,5249.4,1302.4,126,0.665,0.248,1
2024-11-26,CL-BCN-01,B,11,5561.4,811.3,147,0.704,0.146,4
2024-11-26,CL-BCN-02,B,9,4647.5,939.1,123,0.717,0.202,5
2024-11-26,CL-BIO-01,E,10,5247.1,618.2,128,0.952,0.118,1
2024-11-26,CL-MAD-01,A,10,4592.8,846.3,152,0.829,0.184,4
2024-11-26,CL-MAD-02,A,9,4103.7,771.9,133,0.808,0.188,7
2024-11-26,CL-MAD-03,A,12,,,164,0.651,,7
2024-11-26,CL-SEV-01,D,9,9365.5,3212.9,78,0.577,0.343,2
2024-11-26,CL-VLC-01,C,9,4641.8,1017.3,129,0.753,0.219,1
2024-11-26,CL-VLC-02,C,12,5943.2,1132.5,132,0.687,0.191,2
2024-11-27,CL-BCN-01,B,11,5503.8,964.3,123,0.876,0.175,4
2024-11-27,CL-BCN-02,B,13,6608.5,1162.0,174,0.78,0.176,7
2024-11-27,CL-BIO-01,E,11,5534.3,974.9,129,0.874,0.176,3
2024-11-27,CL-MAD-01,A,11,4830.2,753.3,166,0.825,0.156,5
2024-11-27,CL-MAD-02,A,11,5010.7,996.9,159,0.806,0.199,8
2024-11-27,CL-MAD-03,A,11,5261.6,1098.9,144,0.76,0.209,4
2024-11-27,CL-SEV-01,D,11,12146.4,3653.8,104,0.58,0.301,2
2024-11-27,CL-VLC-01,C,11,5355.5,1139.3,166,0.699,0.213,4
2024-11-27,CL-VLC-02,C,10,4754.7,1083.4,131,0.685,0.228,5
2024-11-28,CL-BCN-01,B,10,5229.3,876.1,119,0.743,0.168,11
2024-11-28,CL-BCN-02,B,11,5444.1,1079.7,174,0.655,0.198,4
2024-11-28,CL-BIO-01,E,13,6451.1,1005.6,189,0.928,0.156,4
2024-11-28,CL-MAD-01,A,11,4997.5,977.0,152,0.743,0.195,8
2024-11-28,CL-MAD-02,A,10,4694.3,838.3,139,0.684,0.179,6
2024-11-28,CL-MAD-03,A,11,4977.6,880.8,138,0.72,0.177,5
2024-11-28,CL-SEV-01,D,13,,,69,0.632,,1
2024-11-28,CL-VLC-01,C,10,4935.9,1196.3,119,0.7,0.242,3
2024-11-28,CL-VLC-02,C,11,5379.7,1296.1,141,0.63,0.241,1
2024-11-29,CL-BCN-01,B,11,5349.5,1283.8,147,0.64,0.24,3
2024-11-29,CL-BCN-02,B,9,4744.2,1212.7,104,0.664,0.256,2
2024-11-29,CL-BIO-01,E,11,5506.1,551.0,122,0.844,0.1,1
2024-11-29,CL-MAD-01,A,11,5057.0,913.6,163,0.854,0.181,6
2024-11-29,CL-MAD-02,A,13,5845.0,1196.2,185,0.7,0.205,10
2024-11-29,CL-MAD-03,A,11,4973.9,731.9,170,0.827,0.147,8
2024-11-29,CL-SEV-01,D,10,11160.8,3576.2,65,0.525,0.32,2
2024-11-29,CL-VLC-01,C,12,5648.5,1388.0,139,0.66,0.246,2
2024-11-29,CL-VLC-02,C,9,4243.2,1033.7,102,0.77,0.244,5
2024-11-30,CL-BCN-01,B,7,3735.8,855.3,84,0.807,0.229,7
2024-11-30,CL-BCN-02,B,8,3980.2,832.2,86,0.639,0.209,5
2024-11-30,CL-BIO-01,E,8,3979.1,576.1,91,0.836,0.145,1
2024-11-30,CL-MAD-01,A,8,3467.0,566.7,104,0.698,0.163,8
2024-11-30,CL-MAD-02,A,9,3985.4,667.7,135,0.713,0.168,5
2024-11-30,CL-MAD-03,A,8,3663.3,628.0,73,0.743,0.171,3
2024-11-30,CL-SEV-01,D,8,8665.1,3068.1,72,0.511,0.354,3
2024-11-30,CL-VLC-01,C,8,3767.3,826.7,95,0.765,0.219,2
2024-11-30,CL-VLC-02,C,8,3723.3,915.6,97,0.628,0.246,2
2024-12-01,CL-BCN-01,B,4,2068.1,479.9,57,0.699,0.232,3
2024-12-01,CL-BCN-02,B,4,1993.3,483.6,62,0.701,0.243,0
2024-12-01,CL-BIO-01,E,4,2043.8,272.4,47,0.98,0.133,0
2024-12-01,CL-MAD-01,A,4,1860.2,319.5,53,0.929,0.172,3
2024-12-01,CL-MAD-02,A,4,2011.9,401.8,49,0.873,0.2,4
2024-12-01,CL-MAD-03,A,4,1916.2,427.3,47,0.784,0.223,3
2024-12-01,CL-SEV-01,D,5,4916.7,1763.4,39,0.564,0.359,2
2024-12-01,CL-VLC-01,C,4,1856.6,405.3,52,0.72,0.218,0
2024-12-01,CL-VLC-02,C,4,2026.3,559.4,49,0.783,0.276,1
2024-12-02,CL-BCN-01,B,14,6901.1,1305.6,186,0.737,0.189,2
2024-12-02,CL-BCN-02,B,12,5992.7,1354.4,140,0.639,0.226,3
2024-12-02,CL-BIO-01,E,14,7035.9,959.5,175,0.871,0.136,1
2024-12-02,CL-MAD-01,A,12,5586.2,989.5,157,0.843,0.177,6
2024-12-02,CL-MAD-02,A,14,6464.6,1354.0,167,0.702,0.209,7
2024-12-02,CL-MAD-03,A,14,6293.9,1193.3,169,0.829,0.19,9
2024-12-02,CL-SEV-01,D,13,13514.1,5203.5,124,0.557,0.385,2
2024-12-02,CL-VLC-01,C,14,7003.6,1317.8,144,0.737,0.188,3
2024-12-02,CL-VLC-02,C,13,6269.8,1413.5,146,0.689,0.225,2
2024-12-03,CL-BCN-01,B,13,6422.1,1528.9,153,0.837,0.238,7
2024-12-03,CL-BCN-02,B,16,7899.4,1882.5,199,0.83,0.238,4
2024-12-03,CL-BIO-01,E,15,7726.5,807.2,192,0.936,0.104,5
2024-12-03,CL-MAD-01,A,13,6010.0,1530.2,159,0.819,0.255,3
2024-12-03,CL-MAD-02,A,14,6261.6,723.0,212,0.783,0.115,8
2024-12-03,CL-MAD-03,A,15,6880.3,1137.8,212,0.795,0.165,7
2024-12-03,CL-SEV-01,D,15,16366.8,4862.8,139,0.544,0.297,2
2024-12-03,CL-VLC-01,C,13,6342.0,1592.4,193,0.583,0.251,3
2024-12-03,CL-VLC-02,C,14,6873.7,1941.3,197,0.721,0.282,1
2024-12-04,CL-BCN-01,B,15,7259.6,1456.8,202,0.717,0.201,9
2024-12-04,CL-BCN-02,B,15,7401.1,1410.3,185,0.751,0.191,5
2024-12-04,CL-BIO-01,E,14,7275.7,1337.0,153,0.926,0.184,2
2024-12-04,CL-MAD-01,A,14,6217.8,1172.3,180,0.698,0.189,6
2024-12-04,CL-MAD-02,A,13,5760.3,1180.6,150,0.755,0.205,7
2024-12-04,CL-MAD-03,A,16,7468.9,1666.0,186,0.833,0.223,8
2024-12-04,CL-SEV-01,D,15,15820.0,5245.8,138,0.572,0.332,5
2024-12-04,CL-VLC-01,C,16,7969.0,1991.5,215,0.709,0.25,2
2024-12-04,CL-VLC-02,C,15,7215.8,1912.3,213,0.629,0.265,6
2024-12-05,CL-BCN-01,B,14,7237.0,1776.7,205,0.703,0.246,7
2024-12-05,CL-BCN-02,B,14,6902.5,1165.6,178,0.778,0.169,8
2024-12-05,CL-BIO-01,E,15,7372.2,1147.9,185,0.782,0.156,1
2024-12-05,CL-MAD-01,A,15,6781.7,958.1,197,0.786,0.141,11
2024-12-05,CL-MAD-02,A,14,6441.4,1197.3,208,0.852,0.186,11
2024-12-05,CL-MAD-03,A,13,6159.7,1048.4,178,0.767,0.17,7
2024-12-05,CL-SEV-01,D,15,16067.4,5935.0,145,0.547,0.369,5
2024-12-05,CL-VLC-01,C,15,7165.9,1635.1,186,0.88,0.228,6
2024-12-05,CL-VLC-02,C,15,,,174,0.807,,3
2024-12-06,CL-BCN-01,B,13,6728.1,1710.1,188,0.775,0.254,6
2024-12-06,CL-BCN-02,B,13,6303.8,1359.4,147,0.769,0.216,5
2024-12-06,CL-BIO-01,E,13,6581.6,857.8,203,0.777,0.13,1
2024-12-06,CL-MAD-01,A,14,6343.4,971.8,183,0.878,0.153,3
2024-12-06,CL-MAD-02,A,14,6245.1,1029.1,163,0.719,0.165,4
2024-12-06,CL-MAD-03,A,14,6287.7,1396.3,184,0.77,0.222,5
2024-12-06,CL-SEV-01,D,13,14215.6,5238.8,108,0.641,0.369,1
2024-12-06,CL-VLC-01,C,13,6249.6,1628.0,134,0.603,0.26,4
2024-12-06,CL-VLC-02,C,13,6310.9,1209.7,145,0.747,0.192,3
2024-12-07,CL-BCN-01,B,12,6000.8,1270.1,184,0.743,0.212,6
2024-12-07,CL-BCN-02,B,10,4865.4,695.6,148,0.8,0.143,3
2024-12-07,CL-BIO-01,E,12,5895.8,507.8,134,0.879,0.086,0
2024-12-07,CL-MAD-01,A,10,4436.8,604.4,162,0.771,0.136,7
2024-12-07,CL-MAD-02,A,11,5136.8,908.4,161,0.843,0.177,5
2024-12-07,CL-MAD-03,A,10,4559.2,1096.0,124,0.892,0.24,3
2024-12-07,CL-SEV-01,D,10,10299.1,2921.4,82,0.474,0.284,0
2024-12-07,CL-VLC-01,C,10,5100.8,1285.4,135,0.718,0.252,0
2024-12-07,CL-VLC-02,C,12,,,159,0.746,,4
2024-12-08,CL-BCN-01,B,4,2124.8,471.1,51,0.696,0.222,0
2024-12-08,CL-BCN-02,B,4,2148.7,345.0,61,0.803,0.161,5
2024-12-08,CL-BIO-01,E,5,2303.3,278.9,62,0.821,0.121,0
2024-12-08,CL-MAD-01,A,5,2092.1,306.0,73,0.788,0.146,4
2024-12-08,CL-MAD-02,A,4,1811.1,319.9,65,0.804,0.177,3
2024-12-08,CL-MAD-03,A,4,1944.0,351.4,53,0.833,0.181,4
2024-12-08,CL-SEV-01,D,4,4373.8,1537.6,36,0.596,0.352,0
2024-12-08,CL-VLC-01,C,5,2338.3,463.3,54,0.721,0.198,1
2024-12-08,CL-VLC-02,C,4,2111.6,464.4,58,0.793,0.22,0
2024-12-09,CL-BCN-01,B,15,7676.0,1522.0,233,0.731,0.198,6
2024-12-09,CL-BCN-02,B,15,7383.6,1628.3,182,0.796,0.221,4
2024-12-09,CL-BIO-01,E,15,7495.9,1199.1,183,0.807,0.16,2
2024-12-09,CL-MAD-01,A,13,6049.1,1069.3,180,0.781,0.177,7
2024-12-09,CL-MAD-02,A,14,6374.7,1188.3,183,0.771,0.186,5
2024-12-09,CL-MAD-03,A,14,6545.6,1191.6,169,0.824,0.182,8
2024-12-09,CL-SEV-01,D,16,17218.9,5203.7,132,0.614,0.302,0
2024-12-09,CL-VLC-01,C,13,6449.2,1481.5,171,0.729,0.23,2
2024-12-09,CL-VLC-02,C,12,5815.6,1511.6,159,0.782,0.26,3
2024-12-10,CL-BCN-01,B,14,6920.1,1063.6,184,0.711,0.154,6
2024-12-10,CL-BCN-02,B,17,8549.3,1555.0,249,0.72,0.182,8
2024-12-10,CL-BIO-01,E,16,8190.4,1316.9,188,0.92,0.161,2
2024-12-10,CL-MAD-01,A,14,6625.8,955.7,220,0.797,0.144,8
2024-12-10,CL-MAD-02,A,15,6990.0,1076.5,261,0.77,0.154,13
2024-12-10,CL-MAD-03,A,15,7104.0,1419.3,229,0.846,0.2,11
2024-12-10,CL-SEV-01,D,16,17439.3,6144.4,172,0.635,0.352,1
2024-12-10,CL-VLC-01,C,13,6382.7,1725.5,178,0.698,0.27,5
2024-12-10,CL-VLC-02,C,14,6998.8,1466.2,149,0.573,0.209,3
2024-12-11,CL-BCN-01,B,15,7265.0,2050.0,198,0.704,0.282,6
2024-12-11,CL-BCN-02,B,15,7484.6,1542.4,192,0.725,0.206,7
2024-12-11,CL-BIO-01,E,13,6595.9,835.3,136,0.928,0.127,0
2024-12-11,CL-MAD-01,A,14,6522.5,1214.8,198,0.813,0.186,7
2024-12-11,CL-MAD-02,A,15,6983.8,1263.4,196,0.713,0.181,15
2024-12-11,CL-MAD-03,A,15,6863.6,1522.6,216,0.834,0.222,9
2024-12-11,CL-SEV-01,D,15,15916.7,4775.8,134,0.66,0.3,2
2024-12-11,CL-VLC-01,C,14,6664.3,1452.9,172,0.714,0.218,5
2024-12-11,CL-VLC-02,C,15,7351.5,1872.5,171,0.745,0.255,3
2024-12-12,CL-BCN-01,B,15,7735.3,1626.4,173,0.761,0.21,8
2024-12-12,CL-BCN-02,B,13,6533.6,1308.4,149,0.756,0.2,6
2024-12-12,CL-BIO-01,E,15,7784.3,1157.4,212,0.748,0.149,1
2024-12-12,CL-MAD-01,A,14,6286.7,1264.2,140,0.754,0.201,11
2024-12-12,CL-MAD-02,A,14,6496.8,1039.5,173,0.767,0.16,12
2024-12-12,CL-MAD-03,A,15,,,202,0.763,,11
2024-12-12,CL-SEV-01,D,14,15018.2,4999.5,135,0.61,0.333,3
2024-12-12,CL-VLC-01,C,16,7665.5,1607.3,192,0.712,0.21,4
2024-12-12,CL-VLC-02,C,14,6875.7,1457.3,141,0.815,0.212,0
2024-12-13,CL-BCN-01,B,13,6616.5,1462.5,152,0.838,0.221,9
2024-12-13,CL-BCN-02,B,13,6416.9,1200.5,162,0.722,0.187,5
2024-12-13,CL-BIO-01,E,14,7063.8,997.7,165,0.813,0.141,1
2024-12-13,CL-MAD-01,A,15,6761.2,1296.8,213,0.789,0.192,10
2024-12-13,CL-MAD-02,A,13,5766.0,1218.6,193,0.81,0.211,9
2024-12-13,CL-MAD-03,A,14,6313.3,1150.7,232,0.748,0.182,3
2024-12-13,CL-SEV-01,D,16,16887.0,6244.8,138,0.548,0.37,1
2024-12-13,CL-VLC-01,C,13,6137.5,1226.6,151,0.697,0.2,0
2024-12-13,CL-VLC-02,C,13,6588.2,1781.7,178,0.766,0.27,0
2024-12-14,CL-BCN-01,B,10,4990.7,851.9,127,0.823,0.171,5
2024-12-14,CL-BCN-02,B,11,5318.9,949.4,139,0.79,0.178,6
2024-12-14,CL-BIO-01,E,10,5039.9,653.9,110,0.835,0.13,1
2024-12-14,CL-MAD-01,A,12,5341.1,1068.6,179,0.79,0.2,9
2024-12-14,CL-MAD-02,A,9,4322.4,838.4,116,0.689,0.194,6
2024-12-14,CL-MAD-03,A,10,4689.5,753.2,170,0.73,0.161,6
2024-12-14,CL-SEV-01,D,11,11993.5,3943.3,75,0.636,0.329,1
2024-12-14,CL-VLC-01,C,12,5937.1,1237.0,140,0.777,0.208,4
2024-12-14,CL-VLC-02,C,13,6275.6,1187.7,128,0.775,0.189,3
2024-12-15,CL-BCN-01,B,5,2308.1,422.8,62,0.76,0.183,1
2024-12-15,CL-BCN-02,B,4,1837.9,467.3,57,0.721,0.254,0
2024-12-15,CL-BIO-01,E,4,2196.2,277.0,44,0.876,0.126,0
2024-12-15,CL-MAD-01,A,4,1909.3,391.5,52,0.754,0.205,1
2024-12-15,CL-MAD-02,A,4,1994.8,329.1,55,0.803,0.165,3
2024-12-15,CL-MAD-03,A,4,1933.0,431.3,62,0.747,0.223,2
2024-12-15,CL-SEV-01,D,5,4920.2,1402.6,47,0.649,0.285,0
2024-12-15,CL-VLC-01,C,4,2137.3,493.1,42,0.716,0.231,0
2024-12-15,CL-VLC-02,C,4,1992.1,469.3,40,0.738,0.236,0
2024-12-16,CL-BCN-01,B,15,7709.7,1632.8,208,0.69,0.212,3
2024-12-16,CL-BCN-02,B,15,7473.0,2275.2,235,0.768,0.304,7
2024-12-16,CL-BIO-01,E,14,7090.1,1414.6,185,0.811,0.2,3
2024-12-16,CL-MAD-01,A,16,,,218,0.757,,11
2024-12-16,CL-MAD-02,A,14,6279.4,1096.6,184,0.824,0.175,9
2024-12-16,CL-MAD-03,A,13,5825.7,1334.8,173,0.678,0.229,8
2024-12-16,CL-SEV-01,D,12,13391.3,4193.0,91,0.56,0.313,3
2024-12-16,CL-VLC-01,C,14,6932.0,1467.0,154,0.688,0.212,4
2024-12-16,CL-VLC-02,C,14,6967.1,1606.1,166,0.736,0.231,3
2024-12-17,CL-BCN-01,B,14,7195.3,1317.3,176,0.755,0.183,4
2024-12-17,CL-BCN-02,B,12,6224.2,1608.0,140,0.686,0.258,4
2024-12-17,CL-BIO-01,E,16,7971.4,796.2,225,0.868,0.1,4
2024-12-17,CL-MAD-01,A,13,6107.2,902.8,147,0.733,0.148,8
2024-12-17,CL-MAD-02,A,13,6126.1,768.9,196,0.682,0.126,7
2024-12-17,CL-MAD-03,A,14,6632.5,1354.0,206,0.685,0.204,9
2024-12-17,CL-SEV-01,D,14,15064.9,5483.9,123,0.592,0.364,1
2024-12-17,CL-VLC-01,C,15,7166.7,1805.3,162,0.779,0.252,7
2024-12-17,CL-VLC-02,C,13,6200.3,1242.5,153,0.776,0.2,1
2024-12-18,CL-BCN-01,B,14,7070.2,1340.2,199,0.7,0.19,12
2024-12-18,CL-BCN-02,B,14,6872.1,865.6,175,0.742,0.126,7
2024-12-18,CL-BIO-01,E,13,6697.4,1413.0,198,0.79,0.211,1
2024-12-18,CL-MAD-01,A,14,6346.1,1241.1,200,0.82,0.196,8
2024-12-18,CL-MAD-02,A,13,5897.3,1103.2,193,0.906,0.187,11
2024-12-18,CL-MAD-03,A,14,6242.9,869.9,162,0.742,0.139,0
2024-12-18,CL-SEV-01,D,16,17057.7,5953.1,144,0.621,0.349,3
2024-12-18,CL-VLC-01,C,12,5643.4,1131.4,106,0.7,0.2,6
2024-12-18,CL-VLC-02,C,15,7126.7,1864.9,181,0.566,0.262,8
2024-12-19,CL-BCN-01,B,14,6904.0,1567.0,160,0.808,0.227,5
2024-12-19,CL-BCN-02,B,16,7847.9,1881.6,215,0.729,0.24,7
2024-12-19,CL-BIO-01,E,15,7424.9,1076.6,192,0.729,0.145,2
2024-12-19,CL-MAD-01,A,15,6724.5,1333.9,176,0.81,0.198,8
2024-12-19,CL-MAD-02,A,14,6312.0,1232.9,182,0.709,0.195,5
2024-12-19,CL-MAD-03,A,15,6920.7,769.2,232,0.772,0.111,11
2024-12-19,CL-SEV-01,D,12,13077.6,4757.8,95,0.673,0.364,1
2024-12-19,CL-VLC-01,C,13,6562.4,1378.5,146,0.724,0.21,5
2024-12-19,CL-VLC-02,C,15,7224.3,1747.6,181,0.706,0.242,2
2024-12-20,CL-BCN-01,B,13,6340.8,1004.6,177,0.778,0.158,5
2024-12-20,CL-BCN-02,B,16,7761.5,1767.7,174,0.763,0.228,6
2024-12-20,CL-BIO-01,E,17,8453.9,1399.0,162,0.773,0.165,2
2024-12-20,CL-MAD-01,A,16,7216.8,1469.3,216,0.691,0.204,10
2024-12-20,CL-MAD-02,A,15,6728.5,935.2,155,0.611,0.139,10
2024-12-20,CL-MAD-03,A,15,6651.0,1171.5,241,0.773,0.176,15
2024-12-20,CL-SEV-01,D,12,12581.6,4637.7,69,0.458,0.369,2
2024-12-20,CL-VLC-01,C,12,5878.1,1223.2,133,0.691,0.208,3
2024-12-20,CL-VLC-02,C,14,6635.2,1419.0,140,0.693,0.214,3
2024-12-21,CL-BCN-01,B,9,4691.2,928.3,122,0.684,0.198,5
2024-12-21,CL-BCN-02,B,9,4376.6,1105.9,111,0.803,0.253,4
2024-12-21,CL-BIO-01,E,10,5212.8,1018.1,109,0.733,0.195,0
2024-12-21,CL-MAD-01,A,10,4521.1,1033.5,151,0.79,0.229,6
2024-12-21,CL-MAD-02,A,11,5201.0,1008.8,130,0.73,0.194,7
2024-12-21,CL-MAD-03,A,11,4936.9,986.0,165,0.714,0.2,9
2024-12-21,CL-SEV-01,D,11,12329.2,4096.6,92,0.576,0.332,5
2024-12-21,CL-VLC-01,C,11,5188.2,1180.2,162,0.685,0.227,5
2024-12-21,CL-VLC-02,C,12,5804.7,1262.5,149,0.734,0.217,3
2024-12-22,CL-BCN-01,B,4,2105.2,449.4,52,0.832,0.213,3
2024-12-22,CL-BCN-02,B,4,2106.4,489.9,51,0.732,0.233,6
2024-12-22,CL-BIO-01,E,4,1825.4,242.5,50,0.76,0.133,2
2024-12-22,CL-MAD-01,A,4,1775.2,318.2,66,0.752,0.179,0
2024-12-22,CL-MAD-02,A,4,1767.6,298.7,60,0.866,0.169,3
2024-12-22,CL-MAD-03,A,5,2071.4,456.1,83,0.817,0.22,3
2024-12-22,CL-SEV-01,D,4,4441.9,1638.1,28,0.587,0.369,0
2024-12-22,CL-VLC-01,C,5,2321.3,581.3,49,0.666,0.25,0
2024-12-22,CL-VLC-02,C,4,2131.5,434.8,53,0.723,0.204,0
2024-12-23,CL-BCN-01,B,15,7561.7,1547.9,229,0.682,0.205,14
2024-12-23,CL-BCN-02,B,14,,,201,0.811,,11
2024-12-23,CL-BIO-01,E,13,6501.2,678.3,184,0.813,0.104,0
2024-12-23,CL-MAD-01,A,15,,,223,0.749,,10
2024-12-23,CL-MAD-02,A,13,5766.6,943.2,146,0.789,0.164,8
2024-12-23,CL-MAD-03,A,14,6314.7,748.8,188,0.773,0.119,5
2024-12-23,CL-SEV-01,D,15,,,118,0.635,,2
2024-12-23,CL-VLC-01,C,16,8004.1,2172.9,242,0.636,0.271,3
2024-12-23,CL-VLC-02,C,14,6906.5,1590.5,165,0.613,0.23,2
2024-12-24,CL-BCN-01,B,12,5930.9,1224.5,139,0.815,0.206,7
2024-12-24,CL-BCN-02,B,14,6780.4,1162.7,192,0.794,0.171,9
2024-12-24,CL-BIO-01,E,14,7149.0,817.3,153,0.856,0.114,1
2024-12-24,CL-MAD-01,A,14,6626.1,1153.3,235,0.762,0.174,9
2024-12-24,CL-MAD-02,A,14,6231.9,986.0,167,0.704,0.158,8
2024-12-24,CL-MAD-03,A,12,5506.1,990.0,164,0.787,0.18,6
2024-12-24,CL-SEV-01,D,14,,,85,0.724,,4
2024-12-24,CL-VLC-01,C,12,6004.5,1343.9,158,0.707,0.224,5
2024-12-24,CL-VLC-02,C,14,6627.2,1581.0,169,0.741,0.239,2
2024-12-25,CL-BCN-01,B,13,6685.1,1589.8,186,0.721,0.238,8
2024-12-25,CL-BCN-02,B,12,6049.3,1399.6,167,0.712,0.231,6
2024-12-25,CL-BIO-01,E,13,6655.8,965.8,154,0.846,0.145,1
2024-12-25,CL-MAD-01,A,13,5822.9,1257.8,183,0.821,0.216,9
2024-12-25,CL-MAD-02,A,15,7108.6,1234.8,239,0.682,0.174,14
2024-12-25,CL-MAD-03,A,14,6335.5,1266.5,187,0.701,0.2,7
2024-12-25,CL-SEV-01,D,15,15963.6,5107.5,158,0.626,0.32,3
2024-12-25,CL-VLC-01,C,13,6238.8,1253.9,171,0.636,0.201,2
2024-12-25,CL-VLC-02,C,14,6981.8,1795.8,162,0.73,0.257,4
2024-12-26,CL-BCN-01,B,16,8153.8,1438.2,216,0.694,0.176,6
2024-12-26,CL-BCN-02,B,15,7466.5,1674.0,239,0.845,0.224,10
2024-12-26,CL-BIO-01,E,12,6113.6,755.6,141,0.818,0.124,0
2024-12-26,CL-MAD-01,A,15,6793.1,1426.1,154,0.767,0.21,4
2024-12-26,CL-MAD-02,A,13,5886.6,1060.2,219,0.909,0.18,5
2024-12-26,CL-MAD-03,A,16,7350.1,1390.3,256,0.79,0.189,15
2024-12-26,CL-SEV-01,D,13,13601.4,5209.7,79,0.718,0.383,2
2024-12-26,CL-VLC-01,C,15,7230.4,1606.7,147,0.747,0.222,3
2024-12-26,CL-VLC-02,C,14,6823.7,1518.9,163,0.757,0.223,4
2024-12-27,CL-BCN-01,B,16,,,137,0.794,,4
2024-12-27,CL-BCN-02,B,13,6666.9,1545.5,146,0.69,0.232,4
2024-12-27,CL-BIO-01,E,16,8092.8,1428.5,213,0.878,0.177,2
2024-12-27,CL-MAD-01,A,15,6988.4,1588.8,190,0.779,0.227,8
2024-12-27,CL-MAD-02,A,13,5861.1,1063.7,191,0.831,0.181,8
2024-12-27,CL-MAD-03,A,16,7367.9,1311.1,235,0.709,0.178,17
2024-12-27,CL-SEV-01,D,13,13605.1,5159.5,94,0.551,0.379,2
2024-12-27,CL-VLC-01,C,12,,,100,0.73,,1
2024-12-27,CL-VLC-02,C,16,7594.3,1836.3,202,0.631,0.242,2
2024-12-28,CL-BCN-01,B,10,4941.7,1253.8,141,0.722,0.254,3
2024-12-28,CL-BCN-02,B,11,5450.4,1177.7,161,0.783,0.216,6
2024-12-28,CL-BIO-01,E,10,5038.8,862.7,106,0.758,0.171,4
2024-12-28,CL-MAD-01,A,11,5256.2,898.4,212,0.783,0.171,8
2024-12-28,CL-MAD-02,A,10,4757.2,851.4,135,0.787,0.179,4
2024-12-28,CL-MAD-03,A,12,5380.4,1027.3,147,0.811,0.191,5
2024-12-28,CL-SEV-01,D,10,10655.6,3592.4,94,0.61,0.337,0
2024-12-28,CL-VLC-01,C,11,5576.3,1378.3,130,0.786,0.247,6
2024-12-28,CL-VLC-02,C,11,5477.2,1400.4,137,0.788,0.256,8
2024-12-29,CL-BCN-01,B,4,2237.3,408.0,53,0.748,0.182,3
2024-12-29,CL-BCN-02,B,4,2191.1,367.8,63,0.739,0.168,5
2024-12-29,CL-BIO-01,E,5,2327.0,316.2,54,0.828,0.136,1
2024-12-29,CL-MAD-01,A,5,2467.2,330.2,71,0.838,0.134,0
2024-12-29,CL-MAD-02,A,4,2031.9,391.7,49,0.727,0.193,3
2024-12-29,CL-MAD-03,A,4,2057.7,336.9,49,0.722,0.164,1
2024-12-29,CL-SEV-01,D,4,4370.9,1654.8,40,0.592,0.379,1
2024-12-29,CL-VLC-01,C,4,2146.6,490.9,49,0.82,0.229,2
2024-12-29,CL-VLC-02,C,4,1994.3,487.6,45,0.662,0.244,1
2024-12-30,CL-BCN-01,B,16,7991.7,1850.4,211,0.805,0.232,5
2024-12-30,CL-BCN-02,B,16,8006.1,1937.7,227,0.744,0.242,4
2024-12-30,CL-BIO-01,E,16,8202.7,1517.2,216,0.771,0.185,3
2024-12-30,CL-MAD-01,A,12,5548.6,1090.2,171,0.774,0.196,8
2024-12-30,CL-MAD-02,A,14,6516.1,1043.3,219,0.763,0.16,7
2024-12-30,CL-MAD-03,A,13,6180.0,940.9,182,0.753,0.152,10
2024-12-30,CL-SEV-01,D,15,15727.2,5116.5,127,0.64,0.325,4
2024-12-30,CL-VLC-01,C,12,6107.2,1292.4,152,0.799,0.212,2
2024-12-30,CL-VLC-02,C,13,6519.5,1339.1,135,0.673,0.205,2
2024-12-31,CL-BCN-01,B,13,6702.4,1237.6,176,0.767,0.185,7
2024-12-31,CL-BCN-02,B,11,5631.0,1146.1,148,0.704,0.204,5
2024-12-31,CL-BIO-01,E,14,7055.8,852.0,171,0.924,0.121,2
2024-12-31,CL-MAD-01,A,11,4895.4,884.4,164,0.676,0.181,4
2024-12-31,CL-MAD-02,A,16,7467.7,1343.9,178,0.785,0.18,1
2024-12-31,CL-MAD-03,A,14,6278.0,1058.4,205,0.8,0.169,8
2024-12-31,CL-SEV-01,D,16,17680.2,5880.7,150,0.572,0.333,3
2024-12-31,CL-VLC-01,C,16,7735.4,2103.1,179,0.729,0.272,6
2024-12-31,CL-VLC-02,C,15,7430.3,2070.2,188,0.77,0.279,5
2025-01-01,CL-BCN-01,B,9,4360.5,888.6,87,0.906,0.204,2
2025-01-01,CL-BCN-02,B,11,5453.3,1353.7,146,0.722,0.248,6
2025-01-01,CL-BIO-01,E,9,4650.4,926.7,118,0.737,0.199,0
2025-01-01,CL-MAD-01,A,9,4291.4,905.6,131,0.689,0.211,7
2025-01-01,CL-MAD-02,A,10,4676.8,844.4,158,0.795,0.181,7
2025-01-01,CL-MAD-03,A,10,4397.4,826.1,136,0.788,0.188,6
2025-01-01,CL-SEV-01,D,8,,,57,0.579,,0
2025-01-01,CL-VLC-01,C,8,4105.3,1075.7,95,0.706,0.262,1
2025-01-01,CL-VLC-02,C,9,4478.4,796.5,118,0.77,0.178,6
2025-01-02,CL-BCN-01,B,9,4650.0,921.2,112,0.73,0.198,5
2025-01-02,CL-BCN-02,B,8,3976.1,687.9,126,0.762,0.173,3
2025-01-02,CL-BIO-01,E,10,4992.8,680.5,137,0.726,0.136,2
2025-01-02,CL-MAD-01,A,10,4484.6,922.2,140,0.741,0.206,3
2025-01-02,CL-MAD-02,A,9,4018.8,836.5,127,0.8,0.208,4
2025-01-02,CL-MAD-03,A,9,4140.0,828.5,104,0.754,0.2,4
2025-01-02,CL-SEV-01,D,9,9331.7,2817.6,83,0.56,0.302,2
2025-01-02,CL-VLC-01,C,10,4955.9,1223.2,140,0.733,0.247,2
2025-01-02,CL-VLC-02,C,8,4002.2,574.4,95,0.685,0.144,1
2025-01-03,CL-BCN-01,B,9,4352.0,1057.2,108,0.736,0.243,4
2025-01-03,CL-BCN-02,B,9,4309.1,858.2,102,0.797,0.199,0
2025-01-03,CL-BIO-01,E,9,4559.0,731.7,113,0.801,0.16,3
2025-01-03,CL-MAD-01,A,8,3836.5,704.0,121,0.792,0.184,4
2025-01-03,CL-MAD-02,A,8,3834.0,573.8,122,0.756,0.15,5
2025-01-03,CL-MAD-03,A,9,4336.9,786.3,141,0.827,0.181,8
2025-01-03,CL-SEV-01,D,8,8672.0,3023.4,51,0.561,0.349,1
2025-01-03,CL-VLC-01,C,8,4000.9,1028.8,77,0.778,0.257,1
2025-01-03,CL-VLC-02,C,9,4316.3,996.5,116,0.699,0.231,0
2025-01-04,CL-BCN-01,B,5,2658.5,491.2,53,0.827,0.185,3
2025-01-04,CL-BCN-02,B,7,3276.3,787.0,113,0.749,0.24,4
2025-01-04,CL-BIO-01,E,7,3465.3,453.6,97,0.811,0.131,0
2025-01-04,CL-MAD-01,A,7,2992.2,539.6,111,0.84,0.18,8
2025-01-04,CL-MAD-02,A,6,2909.5,463.2,70,0.835,0.159,3
2025-01-04,CL-MAD-03,A,6,,,53,0.818,,0
2025-01-04,CL-SEV-01,D,6,6387.5,2281.1,60,0.567,0.357,1
2025-01-04,CL-VLC-01,C,6,3127.5,868.1,67,0.758,0.278,1
2025-01-04,CL-VLC-02,C,7,3541.1,881.8,88,0.642,0.249,5
2025-01-05,CL-BCN-01,B,3,1410.3,315.2,38,0.767,0.223,1
2025-01-05,CL-BCN-02,B,3,1480.0,313.4,30,0.647,0.212,2
2025-01-05,CL-BIO-01,E,3,1462.5,269.9,38,0.801,0.185,3
2025-01-05,CL-MAD-01,A,3,1324.9,282.3,42,0.743,0.213,3
2025-01-05,CL-MAD-02,A,3,1337.0,231.3,36,0.699,0.173,0
2025-01-05,CL-MAD-03,A,3,1196.8,244.3,43,0.828,0.204,3
2025-01-05,CL-SEV-01,D,3,3175.1,1226.1,19,0.604,0.386,0
2025-01-05,CL-VLC-01,C,3,1296.4,307.4,33,0.743,0.237,1
2025-01-05,CL-VLC-02,C,3,1251.3,263.1,39,0.773,0.21,0
2025-01-06,CL-BCN-01,B,8,4150.4,926.1,103,0.8,0.223,5
2025-01-06,CL-BCN-02,B,9,4637.8,1020.7,130,0.689,0.22,6
2025-01-06,CL-BIO-01,E,8,3966.0,455.6,79,0.851,0.115,0
2025-01-06,CL-MAD-01,A,9,4300.1,664.1,116,0.669,0.154,5
2025-01-06,CL-MAD-02,A,8,3719.0,665.5,146,0.686,0.179,4
2025-01-06,CL-MAD-03,A,8,3677.5,739.0,119,0.736,0.201,8
2025-01-06,CL-SEV-01,D,10,11233.6,4252.5,68,0.588,0.379,1
2025-01-06,CL-VLC-01,C,9,4559.6,931.2,83,0.774,0.204,4
2025-01-06,CL-VLC-02,C,10,4966.9,1122.9,110,0.621,0.226,1
2025-01-07,CL-BCN-01,B,9,4514.5,887.8,113,0.721,0.197,1
2025-01-07,CL-BCN-02,B,9,4358.5,911.4,113,0.706,0.209,2
2025-01-07,CL-BIO-01,E,10,5328.9,577.9,119,0.838,0.108,2
2025-01-07,CL-MAD-01,A,9,4336.0,750.0,118,0.842,0.173,5
2025-01-07,CL-MAD-02,A,8,3639.3,753.6,117,0.782,0.207,2
2025-01-07,CL-MAD-03,A,9,3922.8,326.1,144,0.79,0.083,8
2025-01-07,CL-SEV-01,D,8,8791.6,2958.6,70,0.537,0.337,2
2025-01-07,CL-VLC-01,C,9,4408.8,854.9,118,0.673,0.194,2
2025-01-07,CL-VLC-02,C,9,4297.8,1226.4,115,0.642,0.285,2
2025-01-08,CL-BCN-01,B,9,4686.4,971.9,119,0.682,0.207,3
2025-01-08,CL-BCN-02,B,9,4312.6,844.1,121,0.703,0.196,7
2025-01-08,CL-BIO-01,E,9,4377.7,702.2,121,0.889,0.16,1
2025-01-08,CL-MAD-01,A,9,4296.2,573.3,121,0.843,0.133,3
2025-01-08,CL-MAD-02,A,8,3485.9,550.6,96,0.785,0.158,8
2025-01-08,CL-MAD-03,A,9,4325.1,754.3,110,0.772,0.174,3
2025-01-08,CL-SEV-01,D,9,9188.4,3530.0,60,0.66,0.384,1
2025-01-08,CL-VLC-01,C,9,4502.9,935.0,110,0.655,0.208,3
2025-01-08,CL-VLC-02,C,9,4486.4,891.8,102,0.652,0.199,3
2025-01-09,CL-BCN-01,B,8,4152.7,754.1,100,0.731,0.182,3
2025-01-09,CL-BCN-02,B,7,3654.7,808.6,110,0.775,0.221,2
2025-01-09,CL-BIO-01,E,9,4476.7,720.4,127,0.841,0.161,0
2025-01-09,CL-MAD-01,A,9,4122.2,675.2,132,0.727,0.164,4
2025-01-09,CL-MAD-02,A,7,3304.2,493.5,105,0.828,0.149,3
2025-01-09,CL-MAD-03,A,8,3898.1,663.8,123,0.819,0.17,2
2025-01-09,CL-SEV-01,D,9,9784.8,3470.5,74,0.582,0.355,2
2025-01-09,CL-VLC-01,C,9,4427.7,1137.5,107,0.784,0.257,1
2025-01-09,CL-VLC-02,C,8,3858.1,842.4,88,0.708,0.218,2
2025-01-10,CL-BCN-01,B,7,3564.2,765.8,92,0.733,0.215,5
2025-01-10,CL-BCN-02,B,9,4643.2,1142.2,112,0.748,0.246,2
2025-01-10,CL-BIO-01,E,8,3943.1,545.4,94,0.883,0.138,1
2025-01-10,CL-MAD-01,A,9,4129.6,712.3,130,0.806,0.172,7
2025-01-10,CL-MAD-02,A,10,4484.6,807.1,154,0.793,0.18,7
2025-01-10,CL-MAD-03,A,9,4157.5,704.2,120,0.874,0.169,5
2025-01-10,CL-SEV-01,D,10,10971.4,4279.7,36,0.682,0.39,0
2025-01-10,CL-VLC-01,C,10,4760.7,945.5,127,0.813,0.199,4
2025-01-10,CL-VLC-02,C,10,4701.4,1038.5,115,0.824,0.221,2
2025-01-11,CL-BCN-01,B,8,3816.0,783.9,108,0.718,0.205,2
2025-01-11,CL-BCN-02,B,6,2974.1,633.9,72,0.762,0.213,5
2025-01-11,CL-BIO-01,E,6,3181.0,470.8,80,0.797,0.148,0
2025-01-11,CL-MAD-01,A,7,3268.4,619.2,106,0.792,0.189,5
2025-01-11,CL-MAD-02,A,7,3247.6,606.4,109,0.819,0.187,9
2025-01-11,CL-MAD-03,A,6,2867.9,492.7,88,0.699,0.172,6
2025-01-11,CL-SEV-01,D,6,6572.9,2376.6,54,0.595,0.362,1
2025-01-11,CL-VLC-01,C,7,3192.1,757.2,69,0.7,0.237,0
2025-01-11,CL-VLC-02,C,6,2816.4,562.0,69,0.597,0.2,1
2025-01-12,CL-BCN-01,B,2,1177.1,189.7,25,0.679,0.161,0
2025-01-12,CL-BCN-02,B,3,1433.7,251.4,34,0.774,0.175,1
2025-01-12,CL-BIO-01,E,2,1250.4,174.8,21,0.849,0.14,0
2025-01-12,CL-MAD-01,A,2,1102.7,225.5,25,0.806,0.204,1
2025-01-12,CL-MAD-02,A,3,1182.6,200.0,42,0.811,0.169,3
2025-01-12,CL-MAD-03,A,2,1064.8,243.6,28,0.853,0.229,1
2025-01-12,CL-SEV-01,D,2,2494.4,704.2,18,0.578,0.282,0
2025-01-12,CL-VLC-01,C,3,1383.5,283.8,26,0.706,0.205,0
2025-01-12,CL-VLC-02,C,3,1329.9,243.2,38,0.76,0.183,0
2025-01-13,CL-BCN-01,B,10,4980.4,1212.1,133,0.74,0.243,6
2025-01-13,CL-BCN-02,B,9,4476.0,785.9,138,0.789,0.176,5
2025-01-13,CL-BIO-01,E,9,4749.7,757.9,94,0.739,0.16,4
2025-01-13,CL-MAD-01,A,8,3567.6,719.1,106,0.753,0.202,4
2025-01-13,CL-MAD-02,A,9,4232.3,692.8,115,0.81,0.164,3
2025-01-13,CL-MAD-03,A,9,4312.0,821.6,145,0.691,0.191,2
2025-01-13,CL-SEV-01,D,9,10135.3,2951.1,66,0.581,0.291,0
2025-01-13,CL-VLC-01,C,8,3949.5,822.0,111,0.677,0.208,4
2025-01-13,CL-VLC-02,C,9,4625.9,867.9,115,0.775,0.188,1
2025-01-14,CL-BCN-01,B,7,3736.1,655.0,85,0.696,0.175,5
2025-01-14,CL-BCN-02,B,10,4926.4,1174.8,130,0.699,0.238,2
2025-01-14,CL-BIO-01,E,8,3859.9,453.3,107,0.725,0.117,1
2025-01-14,CL-MAD-01,A,9,4018.0,903.1,130,0.735,0.225,3
2025-01-14,CL-MAD-02,A,8,3896.8,687.4,131,0.872,0.176,4
2025-01-14,CL-MAD-03,A,9,4353.4,782.5,114,0.745,0.18,3
2025-01-14,CL-SEV-01,D,9,9172.5,3021.6,65,0.573,0.329,1
2025-01-14,CL-VLC-01,C,9,4349.6,944.5,122,0.724,0.217,6
2025-01-14,CL-VLC-02,C,7,3488.4,872.2,81,0.69,0.25,0
2025-01-15,CL-BCN-01,B,11,5272.7,1277.8,122,0.829,0.242,3
2025-01-15,CL-BCN-02,B,10,4792.6,1001.8,114,0.789,0.209,3
2025-01-15,CL-BIO-01,E,10,4832.2,580.6,135,0.788,0.12,6
2025-01-15,CL-MAD-01,A,10,4473.1,675.3,125,0.816,0.151,10
2025-01-15,CL-MAD-02,A,9,4230.5,765.4,153,0.836,0.181,8
2025-01-15,CL-MAD-03,A,9,4277.3,723.8,134,0.836,0.169,7
2025-01-15,CL-SEV-01,D,9,9894.4,3166.3,76,0.523,0.32,2
2025-01-15,CL-VLC-01,C,8,3941.7,855.0,101,0.672,0.217,2
2025-01-15,CL-VLC-02,C,10,4646.4,1196.5,132,0.685,0.258,2
2025-01-16,CL-BCN-01,B,8,4071.2,900.8,103,0.737,0.221,3
2025-01-16,CL-BCN-02,B,10,4940.9,1231.0,135,0.732,0.249,3
2025-01-16,CL-BIO-01,E,10,4966.1,429.5,137,0.745,0.086,3
2025-01-16,CL-MAD-01,A,9,4166.8,748.2,154,0.676,0.18,5
2025-01-16,CL-MAD-02,A,10,4712.3,726.2,136,0.975,0.154,2
2025-01-16,CL-MAD-03,A,9,4211.5,763.3,168,0.756,0.181,8
2025-01-16,CL-SEV-01,D,9,9529.8,3277.0,50,0.645,0.344,1
2025-01-16,CL-VLC-01,C,9,4159.2,936.2,115,0.774,0.225,1
2025-01-16,CL-VLC-02,C,9,4299.3,1024.7,111,0.751,0.238,1
2025-01-17,CL-BCN-01,B,8,3988.5,823.2,129,0.798,0.206,5
2025-01-17,CL-BCN-02,B,10,4884.6,1261.3,134,0.779,0.258,3
2025-01-17,CL-BIO-01,E,9,4561.6,728.9,93,0.783,0.16,1
2025-01-17,CL-MAD-01,A,10,4413.8,951.5,161,0.781,0.216,5
2025-01-17,CL-MAD-02,A,9,4122.8,888.1,113,0.729,0.215,1
2025-01-17,CL-MAD-03,A,10,4479.1,880.4,146,0.674,0.197,7
2025-01-17,CL-SEV-01,D,8,9091.1,2701.8,61,0.581,0.297,1
2025-01-17,CL-VLC-01,C,8,3700.1,910.1,96,0.679,0.246,4
2025-01-17,CL-VLC-02,C,11,5181.0,1071.7,151,0.781,0.207,9
2025-01-18,CL-BCN-01,B,6,3146.9,609.0,81,0.643,0.194,2
2025-01-18,CL-BCN-02,B,6,3164.3,534.3,77,0.625,0.169,4
2025-01-18,CL-BIO-01,E,7,3539.1,437.5,81,0.86,0.124,0
2025-01-18,CL-MAD-01,A,5,2406.4,438.4,70,0.788,0.182,3
2025-01-18,CL-MAD-02,A,6,2597.4,427.1,86,0.726,0.164,3
2025-01-18,CL-MAD-03,A,7,3102.8,516.4,107,0.742,0.166,4
2025-01-18,CL-SEV-01,D,7,7616.3,2178.0,55,0.615,0.286,3
2025-01-18,CL-VLC-01,C,6,2895.7,705.9,77,0.656,0.244,3
2025-01-18,CL-VLC-02,C,7,3279.6,756.4,98,0.734,0.231,2
2025-01-19,CL-BCN-01,B,3,1397.6,437.4,38,0.771,0.313,0
2025-01-19,CL-BCN-02,B,3,1444.1,320.4,42,0.735,0.222,2
2025-01-19,CL-BIO-01,E,3,1530.9,177.8,33,0.857,0.116,0
2025-01-19,CL-MAD-01,A,2,1105.4,243.2,31,0.76,0.22,1
2025-01-19,CL-MAD-02,A,2,1074.3,179.1,26,0.738,0.167,4
2025-01-19,CL-MAD-03,A,3,1159.5,211.5,48,0.784,0.182,1
2025-01-19,CL-SEV-01,D,2,2683.8,861.8,13,0.55,0.321,0
2025-01-19,CL-VLC-01,C,3,1523.0,399.1,38,0.748,0.262,1
2025-01-19,CL-VLC-02,C,2,1116.7,243.8,29,0.682,0.218,0
2025-01-20,CL-BCN-01,B,8,4106.9,891.9,97,0.754,0.217,6
2025-01-20,CL-BCN-02,B,7,3709.5,816.9,93,0.752,0.22,3
2025-01-20,CL-BIO-01,E,10,5006.2,814.3,99,0.823,0.163,3
2025-01-20,CL-MAD-01,A,8,3498.6,743.0,105,0.808,0.212,2
2025-01-20,CL-MAD-02,A,10,4642.7,1025.1,127,0.857,0.221,3
2025-01-20,CL-MAD-03,A,9,3925.9,778.6,121,0.802,0.198,7
2025-01-20,CL-SEV-01,D,8,8660.6,2897.4,59,0.612,0.335,2
2025-01-20,CL-VLC-01,C,10,4730.4,1061.8,93,0.824,0.224,4
2025-01-20,CL-VLC-02,C,10,5071.1,1023.3,119,0.752,0.202,1
2025-01-21,CL-BCN-01,B,10,4754.2,917.9,148,0.744,0.193,5
2025-01-21,CL-BCN-02,B,8,4080.9,674.7,116,0.663,0.165,5
2025-01-21,CL-BIO-01,E,9,4650.9,628.4,106,0.83,0.135,4
2025-01-21,CL-MAD-01,A,9,4018.5,661.9,130,0.734,0.165,5
2025-01-21,CL-MAD-02,A,8,3452.4,546.0,102,0.764,0.158,6
2025-01-21,CL-MAD-03,A,9,4238.2,655.4,108,0.754,0.155,5
2025-01-21,CL-SEV-01,D,8,8572.6,2997.0,53,0.697,0.35,1
2025-01-21,CL-VLC-01,C,9,4527.0,1049.3,107,0.717,0.232,3
2025-01-21,CL-VLC-02,C,8,4081.5,785.8,101,0.647,0.193,0
2025-01-22,CL-BCN-01,B,9,4743.8,1108.6,125,0.677,0.234,2
2025-01-22,CL-BCN-02,B,9,4672.5,923.9,105,0.714,0.198,7
2025-01-22,CL-BIO-01,E,8,4200.4,465.1,100,0.868,0.111,4
2025-01-22,CL-MAD-01,A,10,4533.5,637.0,168,0.772,0.141,5
2025-01-22,CL-MAD-02,A,10,4650.9,703.7,125,0.821,0.151,6
2025-01-22,CL-MAD-03,A,10,4732.2,866.1,156,0.919,0.183,8
2025-01-22,CL-SEV-01,D,9,9484.2,3456.4,65,0.549,0.364,0
2025-01-22,CL-VLC-01,C,8,4100.5,873.1,96,0.675,0.213,3
2025-01-22,CL-VLC-02,C,7,3573.8,758.9,71,0.725,0.212,0
2025-01-23,CL-BCN-01,B,10,4909.7,1218.5,153,0.802,0.248,1
2025-01-23,CL-BCN-02,B,9,4475.3,1093.9,120,0.729,0.244,1
2025-01-23,CL-BIO-01,E,10,5004.3,640.6,108,0.796,0.128,0
2025-01-23,CL-MAD-01,A,10,4476.8,990.5,132,0.778,0.221,5
2025-01-23,CL-MAD-02,A,9,4309.9,820.9,126,0.794,0.19,4
2025-01-23,CL-MAD-03,A,10,4663.8,785.5,152,0.841,0.168,7
2025-01-23,CL-SEV-01,D,9,9278.5,3558.4,55,0.595,0.384,1
2025-01-23,CL-VLC-01,C,8,3957.2,797.0,107,0.727,0.201,5
2025-01-23,CL-VLC-02,C,9,4553.6,1019.2,93,0.788,0.224,0
2025-01-24,CL-BCN-01,B,8,3761.5,974.6,111,0.818,0.259,3
2025-01-24,CL-BCN-02,B,8,4167.1,903.3,118,0.708,0.217,2
2025-01-24,CL-BIO-01,E,11,5834.6,756.1,131,0.843,0.13,1
2025-01-24,CL-MAD-01,A,9,3993.5,825.7,116,0.857,0.207,5
2025-01-24,CL-MAD-02,A,9,4090.9,711.5,145,0.749,0.174,7
2025-01-24,CL-MAD-03,A,9,3984.1,725.8,113,0.729,0.182,7
2025-01-24,CL-SEV-01,D,8,8875.7,3032.9,66,0.571,0.342,1
2025-01-24,CL-VLC-01,C,8,4154.7,1045.1,79,0.644,0.252,2
2025-01-24,CL-VLC-02,C,8,4033.1,837.8,88,0.702,0.208,4
2025-01-25,CL-BCN-01,B,6,2971.8,525.2,76,0.78,0.177,4
2025-01-25,CL-BCN-02,B,5,2733.4,728.8,91,0.737,0.267,2
2025-01-25,CL-BIO-01,E,6,2946.7,510.3,67,0.844,0.173,1
2025-01-25,CL-MAD-01,A,6,2950.0,513.3,80,0.819,0.174,3
2025-01-25,CL-MAD-02,A,6,2977.4,334.8,76,0.797,0.112,3
2025-01-25,CL-MAD-03,A,6,2828.7,617.5,101,0.717,0.218,5
2025-01-25,CL-SEV-01,D,7,7085.8,2363.6,55,0.651,0.334,0
2025-01-25,CL-VLC-01,C,7,3195.2,749.3,98,0.813,0.235,3
2025-01-25,CL-VLC-02,C,7,3616.8,806.8,88,0.612,0.223,1
2025-01-26,CL-BCN-01,B,3,1260.0,236.1,39,0.798,0.187,4
2025-01-26,CL-BCN-02,B,3,1407.1,283.6,39,0.827,0.202,0
2025-01-26,CL-BIO-01,E,3,1357.4,210.4,29,0.83,0.155,0
2025-01-26,CL-MAD-01,A,3,1453.4,295.1,48,0.721,0.203,4
2025-01-26,CL-MAD-02,A,3,1223.3,157.5,38,0.866,0.129,1
2025-01-26,CL-MAD-03,A,3,1349.7,285.9,49,0.841,0.212,1
2025-01-26,CL-SEV-01,D,3,3084.4,1041.3,30,0.629,0.338,0
2025-01-26,CL-VLC-01,C,3,1413.9,374.3,39,0.75,0.265,3
2025-01-26,CL-VLC-02,C,3,1227.4,299.2,37,0.778,0.244,0
2025-01-27,CL-BCN-01,B,9,4577.8,1079.7,126,0.841,0.236,4
2025-01-27,CL-BCN-02,B,9,4473.4,1053.9,128,0.718,0.236,4
2025-01-27,CL-BIO-01,E,8,4166.2,518.1,82,0.908,0.124,1
2025-01-27,CL-MAD-01,A,10,4519.7,976.0,181,0.806,0.216,10
2025-01-27,CL-MAD-02,A,8,3441.3,602.2,123,0.891,0.175,6
2025-01-27,CL-MAD-03,A,8,3513.4,546.5,124,0.73,0.156,5
2025-01-27,CL-SEV-01,D,10,10602.3,3468.6,74,0.69,0.327,1
2025-01-27,CL-VLC-01,C,10,4952.7,1104.6,118,0.704,0.223,2
2025-01-27,CL-VLC-02,C,9,4367.4,1180.1,117,0.742,0.27,5
2025-01-28,CL-BCN-01,B,9,4370.5,991.7,126,0.708,0.227,5
2025-01-28,CL-BCN-02,B,9,4275.9,1031.5,119,0.657,0.241,4
2025-01-28,CL-BIO-01,E,10,4838.0,483.9,122,0.851,0.1,1
2025-01-28,CL-MAD-01,A,8,3766.2,789.7,88,0.837,0.21,4
2025-01-28,CL-MAD-02,A,10,4373.7,713.6,143,0.814,0.163,7
2025-01-28,CL-MAD-03,A,10,4775.9,1157.5,129,0.826,0.242,2
2025-01-28,CL-SEV-01,D,10,11171.9,3309.4,81,0.632,0.296,2
2025-01-28,CL-VLC-01,C,8,3995.8,1095.6,114,0.556,0.274,2
2025-01-28,CL-VLC-02,C,9,4169.0,992.4,99,0.645,0.238,2
2025-01-29,CL-BCN-01,B,8,4018.8,1044.9,119,0.77,0.26,6
2025-01-29,CL-BCN-02,B,9,4615.0,1004.0,84,0.748,0.218,3
2025-01-29,CL-BIO-01,E,8,3989.4,467.2,101,0.878,0.117,3
2025-01-29,CL-MAD-01,A,10,4471.3,734.3,121,0.907,0.164,3
2025-01-29,CL-MAD-02,A,9,4351.1,704.3,113,0.746,0.162,7
2025-01-29,CL-MAD-03,A,10,4465.8,1018.3,144,0.736,0.228,7
2025-01-29,CL-SEV-01,D,9,10019.0,2906.1,62,0.54,0.29,0
2025-01-29,CL-VLC-01,C,10,4701.0,1077.9,114,0.751,0.229,2
2025-01-29,CL-VLC-02,C,9,4310.6,936.8,95,0.714,0.217,2
2025-01-30,CL-BCN-01,B,9,4646.1,1215.4,119,0.775,0.262,6
2025-01-30,CL-BCN-02,B,7,3466.5,691.5,90,0.61,0.199,2
2025-01-30,CL-BIO-01,E,8,4269.7,660.2,83,0.93,0.155,0
2025-01-30,CL-MAD-01,A,9,,,119,0.812,,7
2025-01-30,CL-MAD-02,A,9,4075.3,784.8,123,0.728,0.193,3
2025-01-30,CL-MAD-03,A,9,4336.6,1047.7,128,0.676,0.242,6
2025-01-30,CL-SEV-01,D,9,10025.6,3670.2,50,0.741,0.366,2
2025-01-30,CL-VLC-01,C,9,4380.6,1042.9,102,0.739,0.238,6
2025-01-30,CL-VLC-02,C,9,4320.9,1107.4,96,0.744,0.256,2
2025-01-31,CL-BCN-01,B,8,4201.3,870.6,94,0.668,0.207,2
2025-01-31,CL-BCN-02,B,10,4857.6,1087.5,146,0.769,0.224,4
2025-01-31,CL-BIO-01,E,8,4169.7,375.2,110,0.928,0.09,2
2025-01-31,CL-MAD-01,A,9,4334.5,672.8,126,0.842,0.155,10
2025-01-31,CL-MAD-02,A,8,3726.3,627.0,109,0.863,0.168,4
2025-01-31,CL-MAD-03,A,9,3927.9,615.1,137,0.749,0.157,7
2025-01-31,CL-SEV-01,D,8,8553.3,2942.1,71,0.662,0.344,2
2025-01-31,CL-VLC-01,C,10,4761.0,1301.8,112,0.646,0.273,4
2025-01-31,CL-VLC-02,C,10,4836.8,1163.2,122,0.695,0.24,2
2025-02-01,CL-BCN-01,B,5,2742.3,664.5,62,0.703,0.242,2
2025-02-01,CL-BCN-02,B,5,2736.8,498.9,62,0.712,0.182,0
2025-02-01,CL-BIO-01,E,6,3133.4,411.2,67,0.816,0.131,0
2025-02-01,CL-MAD-01,A,7,3270.2,571.0,100,0.846,0.175,3
2025-02-01,CL-MAD-02,A,7,3232.9,704.7,102,0.696,0.218,3
2025-02-01,CL-MAD-03,A,7,3013.8,475.4,105,0.826,0.158,6
2025-02-01,CL-SEV-01,D,7,7191.6,2511.0,56,0.639,0.349,0
2025-02-01,CL-VLC-01,C,6,3150.4,775.1,56,0.752,0.246,3
2025-02-01,CL-VLC-02,C,7,3342.7,823.2,90,0.733,0.246,1
2025-02-02,CL-BCN-01,B,3,1366.3,203.2,39,0.741,0.149,3
2025-02-02,CL-BCN-02,B,3,1353.5,271.5,38,0.858,0.201,1
2025-02-02,CL-BIO-01,E,3,,,32,0.843,,0
2025-02-02,CL-MAD-01,A,2,1055.1,173.6,28,0.802,0.165,1
2025-02-02,CL-MAD-02,A,3,1258.4,244.6,40,0.817,0.194,2
2025-02-02,CL-MAD-03,A,2,1127.9,216.0,31,0.845,0.192,0
2025-02-02,CL-SEV-01,D,3,2965.7,966.6,26,0.685,0.326,0
2025-02-02,CL-VLC-01,C,2,1168.9,216.1,28,0.656,0.185,0
2025-02-02,CL-VLC-02,C,3,1437.1,345.6,39,0.679,0.24,0
2025-02-03,CL-BCN-01,B,9,4441.2,876.0,95,0.685,0.197,1
2025-02-03,CL-BCN-02,B,8,3986.2,913.0,127,0.729,0.229,3
2025-02-03,CL-BIO-01,E,8,4140.6,361.5,78,0.84,0.087,1
2025-02-03,CL-MAD-01,A,8,3641.7,684.4,112,0.916,0.188,6
2025-02-03,CL-MAD-02,A,10,4397.0,842.8,164,0.768,0.192,9
2025-02-03,CL-MAD-03,A,9,4056.1,847.9,144,0.694,0.209,2
2025-02-03,CL-SEV-01,D,10,10620.2,3611.1,95,0.499,0.34,1
2025-02-03,CL-VLC-01,C,8,3954.8,695.6,81,0.693,0.176,2
2025-02-03,CL-VLC-02,C,9,4344.2,779.5,116,0.703,0.179,7
2025-02-04,CL-BCN-01,B,10,4983.3,1392.1,116,0.669,0.279,5
2025-02-04,CL-BCN-02,B,10,,,156,0.671,,4
2025-02-04,CL-BIO-01,E,9,4332.0,542.8,119,0.682,0.125,2
2025-02-04,CL-MAD-01,A,11,5005.8,844.0,143,0.847,0.169,8
2025-02-04,CL-MAD-02,A,9,3950.1,864.8,97,0.739,0.219,7
2025-02-04,CL-MAD-03,A,8,3630.1,716.9,110,0.843,0.197,4
2025-02-04,CL-SEV-01,D,8,8590.2,3187.4,70,0.663,0.371,2
2025-02-04,CL-VLC-01,C,9,4178.8,955.1,114,0.779,0.229,1
2025-02-04,CL-VLC-02,C,8,4073.2,893.1,88,0.769,0.219,3
2025-02-05,CL-BCN-01,B,9,4480.9,942.2,107,0.791,0.21,2
2025-02-05,CL-BCN-02,B,8,4206.3,752.0,103,0.678,0.179,7
2025-02-05,CL-BIO-01,E,9,4316.4,822.7,109,0.779,0.191,1
2025-02-05,CL-MAD-01,A,9,4064.3,633.1,134,0.732,0.156,5
2025-02-05,CL-MAD-02,A,9,4169.7,761.8,101,0.805,0.183,7
2025-02-05,CL-MAD-03,A,8,3726.9,693.2,102,0.664,0.186,1
2025-02-05,CL-SEV-01,D,8,8943.8,2818.2,59,0.5,0.315,0
2025-02-05,CL-VLC-01,C,7,3546.3,876.6,77,0.679,0.247,4
2025-02-05,CL-VLC-02,C,10,4826.8,1239.8,154,0.778,0.257,4
2025-02-06,CL-BCN-01,B,9,4482.4,829.6,113,0.76,0.185,4
2025-02-06,CL-BCN-02,B,8,4166.6,1073.8,92,0.76,0.258,2
2025-02-06,CL-BIO-01,E,7,3614.0,529.2,76,0.709,0.146,1
2025-02-06,CL-MAD-01,A,8,3778.3,719.7,112,0.692,0.19,4
2025-02-06,CL-MAD-02,A,8,3469.2,802.7,129,0.741,0.231,2
2025-02-06,CL-MAD-03,A,8,3770.9,775.3,117,0.822,0.206,5
2025-02-06,CL-SEV-01,D,8,8450.6,3278.4,64,0.513,0.388,2
2025-02-06,CL-VLC-01,C,7,3283.0,853.2,90,0.669,0.26,4
2025-02-06,CL-VLC-02,C,8,4119.9,915.6,101,0.684,0.222,3
2025-02-07,CL-BCN-01,B,9,4683.9,774.3,106,0.882,0.165,5
2025-02-07,CL-BCN-02,B,7,3639.8,830.3,87,0.812,0.228,0
2025-02-07,CL-BIO-01,E,8,4199.5,488.4,112,0.812,0.116,1
2025-02-07,CL-MAD-01,A,7,3160.4,432.0,103,0.812,0.137,5
2025-02-07,CL-MAD-02,A,9,4073.8,791.9,115,0.683,0.194,10
2025-02-07,CL-MAD-03,A,9,3942.5,710.9,156,0.789,0.18,6
2025-02-07,CL-SEV-01,D,8,9028.9,2759.1,73,0.62,0.306,3
2025-02-07,CL-VLC-01,C,9,4517.0,1104.9,88,0.676,0.245,4
2025-02-07,CL-VLC-02,C,9,4493.5,1140.1,105,0.71,0.254,3
2025-02-08,CL-BCN-01,B,7,,,95,0.714,,3
2025-02-08,CL-BCN-02,B,7,3400.2,918.7,98,0.728,0.27,2
2025-02-08,CL-BIO-01,E,6,2901.4,468.2,87,0.809,0.161,2
2025-02-08,CL-MAD-01,A,6,2664.1,450.7,72,0.902,0.169,2
2025-02-08,CL-MAD-02,A,6,2582.8,432.5,69,0.764,0.167,4
2025-02-08,CL-MAD-03,A,7,3069.6,558.6,96,0.794,0.182,1
2025-02-08,CL-SEV-01,D,6,6559.7,2165.9,49,0.628,0.33,1
2025-02-08,CL-VLC-01,C,6,2854.2,605.9,72,0.703,0.212,5
2025-02-08,CL-VLC-02,C,6,2822.7,550.4,59,0.733,0.195,0
2025-02-09,CL-BCN-01,B,2,1188.3,197.1,25,0.762,0.166,3
2025-02-09,CL-BCN-02,B,2,1157.7,298.0,26,0.705,0.257,0
2025-02-09,CL-BIO-01,E,2,1266.7,203.0,21,0.81,0.16,0
2025-02-09,CL-MAD-01,A,3,1225.8,242.9,50,0.722,0.198,1
2025-02-09,CL-MAD-02,A,3,1182.6,214.9,43,0.849,0.182,1
2025-02-09,CL-MAD-03,A,3,1165.8,244.8,43,0.615,0.21,6
2025-02-09,CL-SEV-01,D,2,2530.6,721.0,14,0.668,0.285,0
2025-02-09,CL-VLC-01,C,3,1338.3,257.6,36,0.741,0.192,3
2025-02-09,CL-VLC-02,C,3,1315.8,261.2,39,0.728,0.199,1
2025-02-10,CL-BCN-01,B,9,4347.9,1139.4,94,0.714,0.262,6
2025-02-10,CL-BCN-02,B,9,4530.4,1071.5,132,0.734,0.237,4
2025-02-10,CL-BIO-01,E,10,5120.0,965.3,100,0.85,0.189,1
2025-02-10,CL-MAD-01,A,9,3973.0,695.7,124,0.63,0.175,1
2025-02-10,CL-MAD-02,A,9,4280.0,943.0,154,0.757,0.22,3
2025-02-10,CL-MAD-03,A,9,4340.2,1008.3,120,0.794,0.232,4
2025-02-10,CL-SEV-01,D,8,9017.8,3078.5,56,0.481,0.341,2
2025-02-10,CL-VLC-01,C,9,4273.6,1109.4,107,0.765,0.26,2
2025-02-10,CL-VLC-02,C,8,3780.6,892.0,89,0.685,0.236,2
2025-02-11,CL-BCN-01,B,10,4770.0,957.9,119,0.713,0.201,1
2025-02-11,CL-BCN-02,B,7,3509.6,790.9,102,0.749,0.225,1
2025-02-11,CL-BIO-01,E,9,4353.7,639.2,128,0.849,0.147,2
2025-02-11,CL-MAD-01,A,10,4604.0,927.2,126,0.847,0.201,6
2025-02-11,CL-MAD-02,A,9,4238.2,790.9,105,0.742,0.187,3
2025-02-11,CL-MAD-03,A,10,4525.0,734.1,149,0.851,0.162,6
2025-02-11,CL-SEV-01,D,10,10749.1,3429.5,97,0.645,0.319,1
2025-02-11,CL-VLC-01,C,9,4411.7,790.1,109,0.756,0.179,3
2025-02-11,CL-VLC-02,C,10,4997.1,1305.6,125,0.851,0.261,4
2025-02-12,CL-BCN-01,B,8,4103.1,908.2,86,0.739,0.221,3
2025-02-12,CL-BCN-02,B,9,4318.3,877.3,135,0.795,0.203,4
2025-02-12,CL-BIO-01,E,9,4541.4,490.3,115,0.865,0.108,1
2025-02-12,CL-MAD-01,A,8,3692.1,601.7,95,0.737,0.163,2
2025-02-12,CL-MAD-02,A,10,4359.5,710.4,130,0.743,0.163,8
2025-02-12,CL-MAD-03,A,10,4607.0,913.3,121,0.652,0.198,6
2025-02-12,CL-SEV-01,D,8,8116.5,2886.9,52,0.55,0.356,2
2025-02-12,CL-VLC-01,C,10,4921.8,1156.5,111,0.667,0.235,1
2025-02-12,CL-VLC-02,C,9,4392.1,869.6,115,0.688,0.198,1
2025-02-13,CL-BCN-01,B,8,3927.8,1023.3,116,0.804,0.261,4
2025-02-13,CL-BCN-02,B,10,4756.1,941.0,135,0.743,0.198,11
2025-02-13,CL-BIO-01,E,8,,,111,0.808,,0
2025-02-13,CL-MAD-01,A,9,4248.3,729.8,123,0.861,0.172,6
2025-02-13,CL-MAD-02,A,9,4251.5,760.5,112,0.755,0.179,5
2025-02-13,CL-MAD-03,A,8,3619.0,616.3,117,0.771,0.17,8
2025-02-13,CL-SEV-01,D,9,9510.4,3159.4,80,0.637,0.332,2
2025-02-13,CL-VLC-01,C,9,,,84,0.732,,2
2025-02-13,CL-VLC-02,C,9,4487.8,1090.3,131,0.653,0.243,1
2025-02-14,CL-BCN-01,B,8,3877.5,757.7,120,0.703,0.195,6
2025-02-14,CL-BCN-02,B,9,4323.5,831.8,105,0.729,0.192,0
2025-02-14,CL-BIO-01,E,10,4833.0,392.6,102,0.816,0.081,0
2025-02-14,CL-MAD-01,A,8,3709.3,703.2,97,0.82,0.19,4
2025-02-14,CL-MAD-02,A,10,4478.7,417.7,139,0.789,0.093,2
2025-02-14,CL-MAD-03,A,9,4083.8,772.6,125,0.719,0.189,9
2025-02-14,CL-SEV-01,D,9,10045.7,3093.5,52,0.56,0.308,1
2025-02-14,CL-VLC-01,C,9,4199.2,969.8,127,0.583,0.231,5
2025-02-14,CL-VLC-02,C,7,3552.0,891.8,79,0.699,0.251,1
2025-02-15,CL-BCN-01,B,6,2901.4,457.2,68,0.694,0.158,0
2025-02-15,CL-BCN-02,B,6,3056.8,595.0,93,0.735,0.195,2
2025-02-15,CL-BIO-01,E,7,,,90,0.853,,3
2025-02-15,CL-MAD-01,A,5,2410.9,472.0,67,0.79,0.196,3
2025-02-15,CL-MAD-02,A,5,2487.4,381.8,72,0.716,0.153,2
2025-02-15,CL-MAD-03,A,7,2996.7,544.1,110,0.876,0.182,4
2025-02-15,CL-SEV-01,D,6,6511.4,2263.0,52,0.607,0.348,1
2025-02-15,CL-VLC-01,C,6,2719.2,736.5,71,0.66,0.271,5
2025-02-15,CL-VLC-02,C,7,3405.2,703.8,90,0.734,0.207,2
2025-02-16,CL-BCN-01,B,2,1106.8,238.1,26,0.703,0.215,0
2025-02-16,CL-BCN-02,B,2,1215.8,326.3,29,0.785,0.268,1
2025-02-16,CL-BIO-01,E,3,1305.4,170.5,41,0.756,0.131,1
2025-02-16,CL-MAD-01,A,2,1053.6,250.3,28,0.79,0.238,2
2025-02-16,CL-MAD-02,A,2,1089.6,207.4,28,0.809,0.19,2
2025-02-16,CL-MAD-03,A,3,1150.7,225.6,42,0.756,0.196,3
2025-02-16,CL-SEV-01,D,3,3060.9,1081.6,27,0.54,0.353,0
2025-02-16,CL-VLC-01,C,2,1087.6,268.9,19,0.694,0.247,1
2025-02-16,CL-VLC-02,C,3,1327.7,355.9,43,0.555,0.268,1
2025-02-17,CL-BCN-01,B,9,4259.4,809.7,117,0.79,0.19,3
2025-02-17,CL-BCN-02,B,8,4133.7,812.6,119,0.769,0.197,3
2025-02-17,CL-BIO-01,E,8,4206.2,499.1,106,0.97,0.119,0
2025-02-17,CL-MAD-01,A,8,3695.6,416.7,111,0.692,0.113,1
2025-02-17,CL-MAD-02,A,9,4132.1,628.3,102,0.828,0.152,5
2025-02-17,CL-MAD-03,A,9,3914.1,676.3,107,0.901,0.173,2
2025-02-17,CL-SEV-01,D,9,9346.6,3144.0,97,0.65,0.336,3
2025-02-17,CL-VLC-01,C,10,4701.2,1203.0,118,0.726,0.256,2
2025-02-17,CL-VLC-02,C,9,4227.1,824.3,107,0.747,0.195,3
2025-02-18,CL-BCN-01,B,7,3636.3,709.6,77,0.731,0.195,1
2025-02-18,CL-BCN-02,B,7,3448.2,488.6,97,0.858,0.142,1
2025-02-18,CL-BIO-01,E,8,4004.5,361.0,85,0.743,0.09,3
2025-02-18,CL-MAD-01,A,8,3703.3,768.1,114,0.773,0.207,4
2025-02-18,CL-MAD-02,A,8,3590.3,442.9,118,0.835,0.123,6
2025-02-18,CL-MAD-03,A,9,4011.6,645.4,119,0.722,0.161,5
2025-02-18,CL-SEV-01,D,9,9558.0,3509.6,48,0.603,0.367,0
2025-02-18,CL-VLC-01,C,8,3685.4,738.0,96,0.618,0.2,4
2025-02-18,CL-VLC-02,C,8,4119.2,1009.4,69,0.674,0.245,0
2025-02-19,CL-BCN-01,B,8,4028.7,800.4,94,0.793,0.199,2
2025-02-19,CL-BCN-02,B,7,3437.8,739.3,102,0.715,0.215,4
2025-02-19,CL-BIO-01,E,9,4480.4,509.6,98,0.8,0.114,0
2025-02-19,CL-MAD-01,A,8,3843.6,898.8,120,0.846,0.234,4
2025-02-19,CL-MAD-02,A,8,3508.4,687.9,125,0.699,0.196,3
2025-02-19,CL-MAD-03,A,10,4390.7,1104.7,171,0.815,0.252,4
2025-02-19,CL-SEV-01,D,7,7638.0,2673.5,61,0.717,0.35,2
2025-02-19,CL-VLC-01,C,9,4499.7,883.4,71,0.744,0.196,1
2025-02-19,CL-VLC-02,C,9,4349.8,1089.7,105,0.769,0.251,0
2025-02-20,CL-BCN-01,B,8,4139.1,939.7,93,0.748,0.227,1
2025-02-20,CL-BCN-02,B,9,4576.0,865.8,107,0.767,0.189,4
2025-02-20,CL-BIO-01,E,8,4204.3,658.0,93,0.879,0.157,2
2025-02-20,CL-MAD-01,A,9,3909.1,902.0,123,0.898,0.231,9
2025-02-20,CL-MAD-02,A,9,,,135,0.719,,2
2025-02-20,CL-MAD-03,A,8,3894.5,620.3,113,0.689,0.159,3
2025-02-20,CL-SEV-01,D,10,10282.5,3409.0,98,0.566,0.332,2
2025-02-20,CL-VLC-01,C,8,,,90,0.744,,3
2025-02-20,CL-VLC-02,C,8,4123.8,865.0,100,0.793,0.21,3
2025-02-21,CL-BCN-01,B,8,3803.2,1042.5,109,0.796,0.274,8
2025-02-21,CL-BCN-02,B,7,3577.1,866.0,94,0.739,0.242,4
2025-02-21,CL-BIO-01,E,9,4345.9,588.9,93,0.906,0.136,1
2025-02-21,CL-MAD-01,A,10,4785.5,846.7,124,0.808,0.177,8
2025-02-21,CL-MAD-02,A,8,3623.3,654.3,111,0.772,0.181,5
2025-02-21,CL-MAD-03,A,9,4354.8,993.9,127,0.798,0.228,8
2025-02-21,CL-SEV-01,D,9,9697.0,3257.3,91,0.676,0.336,0
2025-02-21,CL-VLC-01,C,9,4234.0,1003.0,88,0.735,0.237,0
2025-02-21,CL-VLC-02,C,9,4460.1,994.6,117,0.723,0.223,0
2025-02-22,CL-BCN-01,B,5,2682.3,480.8,76,0.819,0.179,1
2025-02-22,CL-BCN-02,B,5,2735.5,568.9,75,0.68,0.208,0
2025-02-22,CL-BIO-01,E,7,3492.7,494.0,73,0.809,0.141,1
2025-02-22,CL-MAD-01,A,7,3157.0,506.0,101,0.904,0.16,6
2025-02-22,CL-MAD-02,A,6,2609.1,423.6,94,0.913,0.162,3
2025-02-22,CL-MAD-03,A,6,2724.0,702.4,82,0.76,0.258,3
2025-02-22,CL-SEV-01,D,6,6895.8,2422.6,58,0.73,0.351,2
2025-02-22,CL-VLC-01,C,6,3033.0,582.9,83,0.688,0.192,3
2025-02-22,CL-VLC-02,C,6,2870.7,620.5,73,0.727,0.216,1
2025-02-23,CL-BCN-01,B,3,1329.2,294.5,36,0.886,0.222,0
2025-02-23,CL-BCN-02,B,2,1174.3,211.4,28,0.84,0.18,0
2025-02-23,CL-BIO-01,E,3,1396.2,104.5,26,0.816,0.075,2
2025-02-23,CL-MAD-01,A,3,1170.2,194.2,34,0.781,0.166,1
2025-02-23,CL-MAD-02,A,2,1112.5,127.4,28,0.794,0.115,3
2025-02-23,CL-MAD-03,A,3,1290.9,164.2,42,0.804,0.127,1
2025-02-23,CL-SEV-01,D,2,2656.7,961.4,16,0.633,0.362,0
2025-02-23,CL-VLC-01,C,3,1411.3,361.0,31,0.796,0.256,0
2025-02-23,CL-VLC-02,C,3,1262.8,336.2,37,0.694,0.266,1
2025-02-24,CL-BCN-01,B,9,4575.9,975.2,119,0.855,0.213,4
2025-02-24,CL-BCN-02,B,8,3805.6,869.3,103,0.707,0.228,1
2025-02-24,CL-BIO-01,E,8,4100.5,698.3,97,0.868,0.17,0
2025-02-24,CL-MAD-01,A,9,3958.0,629.7,111,0.78,0.159,6
2025-02-24,CL-MAD-02,A,9,3918.8,437.9,99,0.794,0.112,4
2025-02-24,CL-MAD-03,A,10,4510.9,791.0,125,0.63,0.175,2
2025-02-24,CL-SEV-01,D,9,10159.5,3468.5,79,0.684,0.341,2
2025-02-24,CL-VLC-01,C,10,4746.4,961.8,122,0.754,0.203,3
2025-02-24,CL-VLC-02,C,8,4031.0,821.4,88,0.718,0.204,1
2025-02-25,CL-BCN-01,B,7,3627.6,830.3,89,0.758,0.229,2
2025-02-25,CL-BCN-02,B,8,4110.2,875.7,100,0.744,0.213,3
2025-02-25,CL-BIO-01,E,10,4851.1,611.8,142,0.869,0.126,3
2025-02-25,CL-MAD-01,A,8,3458.5,622.8,125,0.858,0.18,6
2025-02-25,CL-MAD-02,A,9,3911.2,777.1,115,0.87,0.199,4
2025-02-25,CL-MAD-03,A,9,4191.6,544.8,131,0.738,0.13,4
2025-02-25,CL-SEV-01,D,10,10522.6,3837.1,98,0.671,0.365,0
2025-02-25,CL-VLC-01,C,8,3893.3,570.9,108,0.701,0.147,1
2025-02-25,CL-VLC-02,C,8,3899.5,836.5,87,0.671,0.215,3
2025-02-26,CL-BCN-01,B,7,3514.0,842.9,88,0.747,0.24,1
2025-02-26,CL-BCN-02,B,10,5079.6,1311.2,122,0.737,0.258,5
2025-02-26,CL-BIO-01,E,8,4133.5,653.5,97,0.832,0.158,4
2025-02-26,CL-MAD-01,A,9,4246.4,708.3,132,0.793,0.167,7
2025-02-26,CL-MAD-02,A,9,4059.0,593.8,124,0.726,0.146,4
2025-02-26,CL-MAD-03,A,8,3808.7,695.0,101,0.837,0.182,5
2025-02-26,CL-SEV-01,D,9,10185.6,2997.6,64,0.545,0.294,1
2025-02-26,CL-VLC-01,C,8,3939.3,1042.4,114,0.664,0.265,1
2025-02-26,CL-VLC-02,C,9,4600.9,1069.0,126,0.739,0.232,9
2025-02-27,CL-BCN-01,B,9,4271.1,995.9,117,0.75,0.233,1
2025-02-27,CL-BCN-02,B,8,3987.5,767.7,97,0.704,0.193,7
2025-02-27,CL-BIO-01,E,9,4426.6,772.4,103,0.85,0.174,0
2025-02-27,CL-MAD-01,A,8,,,121,0.736,,5
2025-02-27,CL-MAD-02,A,8,3627.9,411.5,123,0.889,0.113,7
2025-02-27,CL-MAD-03,A,8,3558.5,623.3,95,0.822,0.175,5
2025-02-27,CL-SEV-01,D,9,9437.1,3310.4,55,0.645,0.351,2
2025-02-27,CL-VLC-01,C,7,3591.8,766.7,89,0.679,0.213,2
2025-02-27,CL-VLC-02,C,9,4455.1,974.3,109,0.79,0.219,3
2025-02-28,CL-BCN-01,B,8,4048.0,816.5,119,0.73,0.202,3
2025-02-28,CL-BCN-02,B,9,4347.8,758.6,104,0.769,0.174,3
2025-02-28,CL-BIO-01,E,8,4300.6,418.8,108,0.746,0.097,4
2025-02-28,CL-MAD-01,A,9,4116.3,591.5,122,0.876,0.144,4
2025-02-28,CL-MAD-02,A,8,3506.1,576.9,116,0.688,0.165,5
2025-02-28,CL-MAD-03,A,8,3747.8,815.9,116,0.772,0.218,8
2025-02-28,CL-SEV-01,D,9,9335.2,2991.2,90,0.643,0.32,1
2025-02-28,CL-VLC-01,C,9,4291.6,873.1,118,0.787,0.203,5
2025-02-28,CL-VLC-02,C,8,3982.2,979.6,98,0.611,0.246,2
2025-03-01,CL-BCN-01,B,7,3627.1,694.7,92,0.77,0.192,1
2025-03-01,CL-BCN-02,B,8,3832.6,676.8,104,0.741,0.177,2
2025-03-01,CL-BIO-01,E,7,3707.1,333.9,77,0.834,0.09,0
2025-03-01,CL-MAD-01,A,7,3408.8,546.3,114,0.761,0.16,5
2025-03-01,CL-MAD-02,A,6,2978.8,585.7,95,0.866,0.197,4
2025-03-01,CL-MAD-03,A,7,3251.9,662.9,85,0.782,0.204,2
2025-03-01,CL-SEV-01,D,7,7314.9,2256.7,40,0.463,0.309,2
2025-03-01,CL-VLC-01,C,7,3517.1,924.3,88,0.703,0.263,0
2025-03-01,CL-VLC-02,C,6,3148.4,704.0,77,0.807,0.224,0
2025-03-02,CL-BCN-01,B,3,1378.4,379.7,39,0.765,0.275,0
2025-03-02,CL-BCN-02,B,3,1738.1,375.1,40,0.859,0.216,2
2025-03-02,CL-BIO-01,E,3,1280.6,147.2,31,0.875,0.115,0
2025-03-02,CL-MAD-01,A,3,1362.5,214.5,41,0.691,0.157,1
2025-03-02,CL-MAD-02,A,3,1445.4,220.3,41,0.871,0.152,4
2025-03-02,CL-MAD-03,A,3,1235.9,178.8,30,0.776,0.145,1
2025-03-02,CL-SEV-01,D,3,,,22,0.649,,0
2025-03-02,CL-VLC-01,C,3,1344.4,288.4,29,0.765,0.215,1
2025-03-02,CL-VLC-02,C,3,1364.6,311.1,36,0.692,0.228,1
2025-03-03,CL-BCN-01,B,8,4028.3,924.0,105,0.848,0.229,2
2025-03-03,CL-BCN-02,B,10,5044.8,1324.5,129,0.756,0.263,4
2025-03-03,CL-BIO-01,E,9,4334.3,615.8,101,0.867,0.142,1
2025-03-03,CL-MAD-01,A,10,4679.4,879.6,164,0.827,0.188,4
2025-03-03,CL-MAD-02,A,10,4433.9,911.2,143,0.802,0.206,6
2025-03-03,CL-MAD-03,A,10,4541.1,806.3,143,0.789,0.178,9
2025-03-03,CL-SEV-01,D,10,10666.3,3671.6,61,0.634,0.344,0
2025-03-03,CL-VLC-01,C,11,5232.9,1147.5,136,0.743,0.219,2
2025-03-03,CL-VLC-02,C,10,4668.0,1063.9,102,0.707,0.228,1
2025-03-04,CL-BCN-01,B,10,5102.1,745.9,137,0.779,0.146,5
2025-03-04,CL-BCN-02,B,10,4957.7,855.3,112,0.798,0.173,1
2025-03-04,CL-BIO-01,E,11,5619.7,745.8,125,0.834,0.133,1
2025-03-04,CL-MAD-01,A,11,4849.9,914.0,168,0.655,0.188,5
2025-03-04,CL-MAD-02,A,11,5159.1,906.0,158,0.729,0.176,8
2025-03-04,CL-MAD-03,A,9,4261.3,707.7,120,0.755,0.166,8
2025-03-04,CL-SEV-01,D,9,10026.6,3248.1,65,0.594,0.324,0
2025-03-04,CL-VLC-01,C,10,5107.2,1216.9,124,0.672,0.238,2
2025-03-04,CL-VLC-02,C,9,4366.0,1068.1,136,0.636,0.245,6
2025-03-05,CL-BCN-01,B,9,4653.6,1032.5,99,0.798,0.222,7
2025-03-05,CL-BCN-02,B,10,4977.3,1065.8,138,0.857,0.214,2
2025-03-05,CL-BIO-01,E,8,4074.6,394.6,91,0.776,0.097,0
2025-03-05,CL-MAD-01,A,9,4338.3,730.7,126,0.802,0.168,7
2025-03-05,CL-MAD-02,A,8,3814.1,577.5,128,0.738,0.151,7
2025-03-05,CL-MAD-03,A,11,4908.2,887.4,173,0.692,0.181,4
2025-03-05,CL-SEV-01,D,9,9303.2,3159.4,69,0.558,0.34,1
2025-03-05,CL-VLC-01,C,10,4821.1,991.9,126,0.737,0.206,4
2025-03-05,CL-VLC-02,C,10,4758.1,1240.5,124,0.689,0.261,3
2025-03-06,CL-BCN-01,B,9,4593.1,1093.3,110,0.7,0.238,5
2025-03-06,CL-BCN-02,B,9,4499.3,1139.6,131,0.772,0.253,3
2025-03-06,CL-BIO-01,E,10,5063.6,742.3,126,0.829,0.147,1
2025-03-06,CL-MAD-01,A,11,4898.8,871.3,155,0.848,0.178,6
2025-03-06,CL-MAD-02,A,10,4652.9,852.7,132,0.752,0.183,7
2025-03-06,CL-MAD-03,A,10,4508.7,758.9,139,0.826,0.168,4
2025-03-06,CL-SEV-01,D,9,10025.1,3466.5,65,0.662,0.346,0
2025-03-06,CL-VLC-01,C,9,4285.3,1256.1,81,0.742,0.293,1
2025-03-06,CL-VLC-02,C,10,4900.6,1214.3,110,0.81,0.248,3
2025-03-07,CL-BCN-01,B,10,4937.3,993.6,121,0.756,0.201,3
2025-03-07,CL-BCN-02,B,11,5316.4,1059.1,141,0.736,0.199,3
2025-03-07,CL-BIO-01,E,9,4617.4,496.8,123,0.867,0.108,2
2025-03-07,CL-MAD-01,A,10,4538.8,892.7,121,0.743,0.197,8
2025-03-07,CL-MAD-02,A,10,4705.6,747.9,129,0.726,0.159,6
2025-03-07,CL-MAD-03,A,10,4424.6,578.5,116,0.79,0.131,1
2025-03-07,CL-SEV-01,D,10,11189.4,3773.5,72,0.668,0.337,0
2025-03-07,CL-VLC-01,C,10,4847.6,1091.8,96,0.746,0.225,4
2025-03-07,CL-VLC-02,C,12,5757.6,1345.0,151,0.806,0.234,4
2025-03-08,CL-BCN-01,B,7,3284.5,661.1,105,0.742,0.201,2
2025-03-08,CL-BCN-02,B,7,3299.0,792.6,92,0.791,0.24,0
2025-03-08,CL-BIO-01,E,6,3254.4,427.7,48,0.81,0.131,2
2025-03-08,CL-MAD-01,A,8,3445.5,693.8,120,0.859,0.201,2
2025-03-08,CL-MAD-02,A,7,3320.3,627.0,94,0.756,0.189,2
2025-03-08,CL-MAD-03,A,8,3585.3,737.8,121,0.662,0.206,4
2025-03-08,CL-SEV-01,D,7,7102.2,2304.4,61,0.594,0.324,2
2025-03-08,CL-VLC-01,C,7,3303.3,654.8,102,0.809,0.198,4
2025-03-08,CL-VLC-02,C,6,3027.1,699.1,73,0.759,0.231,3
2025-03-09,CL-BCN-01,B,3,1488.2,263.4,42,0.842,0.177,3
2025-03-09,CL-BCN-02,B,3,1427.5,351.1,45,0.825,0.246,2
2025-03-09,CL-BIO-01,E,3,1543.3,189.9,42,0.78,0.123,0
2025-03-09,CL-MAD-01,A,3,1514.9,240.5,43,0.829,0.159,2
2025-03-09,CL-MAD-02,A,3,1266.8,267.0,43,0.751,0.211,4
2025-03-09,CL-MAD-03,A,3,1427.8,282.4,40,0.81,0.198,1
2025-03-09,CL-SEV-01,D,3,3465.3,1199.0,20,0.617,0.346,1
2025-03-09,CL-VLC-01,C,3,1524.7,316.4,41,0.734,0.208,1
2025-03-09,CL-VLC-02,C,3,1451.7,323.7,39,0.748,0.223,1
2025-03-10,CL-BCN-01,B,9,4656.7,839.6,118,0.638,0.18,4
2025-03-10,CL-BCN-02,B,10,5006.8,1131.9,138,0.752,0.226,4
2025-03-10,CL-BIO-01,E,10,5232.9,355.4,84,0.703,0.068,1
2025-03-10,CL-MAD-01,A,9,4001.8,756.7,126,0.698,0.189,7
2025-03-10,CL-MAD-02,A,11,5061.3,996.5,153,0.64,0.197,3
2025-03-10,CL-MAD-03,A,10,4652.4,974.3,155,0.793,0.209,6
2025-03-10,CL-SEV-01,D,10,10500.1,3834.6,99,0.541,0.365,4
2025-03-10,CL-VLC-01,C,10,4674.8,1017.8,138,0.75,0.218,3
2025-03-10,CL-VLC-02,C,11,5395.5,1080.1,131,0.775,0.2,4
2025-03-11,CL-BCN-01,B,10,4801.5,1073.5,138,0.759,0.224,4
2025-03-11,CL-BCN-02,B,9,4509.5,1110.7,99,0.747,0.246,3
2025-03-11,CL-BIO-01,E,11,5604.4,787.6,142,0.821,0.141,0
2025-03-11,CL-MAD-01,A,11,4972.0,784.0,155,0.836,0.158,7
2025-03-11,CL-MAD-02,A,10,4383.1,818.9,139,0.776,0.187,5
2025-03-11,CL-MAD-03,A,9,4097.8,773.1,133,0.716,0.189,8
2025-03-11,CL-SEV-01,D,9,9358.0,3321.7,76,0.619,0.355,0
2025-03-11,CL-VLC-01,C,9,4276.6,934.3,127,0.706,0.218,2
2025-03-11,CL-VLC-02,C,11,5343.5,1162.7,98,0.745,0.218,5
2025-03-12,CL-BCN-01,B,10,4830.4,1002.4,126,0.788,0.208,3
2025-03-12,CL-BCN-02,B,11,5563.0,1361.3,154,0.793,0.245,6
2025-03-12,CL-BIO-01,E,11,5476.2,1000.1,141,0.877,0.183,1
2025-03-12,CL-MAD-01,A,11,5010.7,858.9,158,0.722,0.171,4
2025-03-12,CL-MAD-02,A,9,4311.5,953.4,124,0.757,0.221,5
2025-03-12,CL-MAD-03,A,9,4252.8,1026.7,116,0.761,0.241,2
2025-03-12,CL-SEV-01,D,10,11256.5,4203.3,80,0.515,0.373,2
2025-03-12,CL-VLC-01,C,8,4034.5,1188.7,95,0.73,0.295,2
2025-03-12,CL-VLC-02,C,9,4544.8,838.2,112,0.704,0.184,3
2025-03-13,CL-BCN-01,B,10,5220.4,944.2,129,0.731,0.181,8
2025-03-13,CL-BCN-02,B,12,5942.7,1250.2,144,0.647,0.21,4
2025-03-13,CL-BIO-01,E,11,,,144,0.969,,1
2025-03-13,CL-MAD-01,A,11,5034.3,766.8,131,0.775,0.152,2
2025-03-13,CL-MAD-02,A,9,4063.4,634.5,130,0.733,0.156,6
2025-03-13,CL-MAD-03,A,9,,,121,0.823,,7
2025-03-13,CL-SEV-01,D,9,10003.5,3090.3,57,0.654,0.309,0
2025-03-13,CL-VLC-01,C,10,4779.0,807.0,121,0.73,0.169,2
2025-03-13,CL-VLC-02,C,10,4710.4,1235.8,115,0.587,0.262,3
2025-03-14,CL-BCN-01,B,12,5929.8,1047.9,162,0.715,0.177,5
2025-03-14,CL-BCN-02,B,9,4537.4,727.7,117,0.777,0.16,1
2025-03-14,CL-BIO-01,E,10,5065.9,863.0,102,0.875,0.17,0
2025-03-14,CL-MAD-01,A,9,3963.4,826.6,124,0.807,0.209,6
2025-03-14,CL-MAD-02,A,11,5144.4,955.2,178,0.769,0.186,8
2025-03-14,CL-MAD-03,A,10,4564.7,804.5,159,0.757,0.176,7
2025-03-14,CL-SEV-01,D,11,12029.7,3850.4,70,0.605,0.32,1
2025-03-14,CL-VLC-01,C,9,4383.0,1094.1,99,0.696,0.25,1
2025-03-14,CL-VLC-02,C,10,4799.9,945.4,93,0.727,0.197,3
2025-03-15,CL-BCN-01,B,8,3767.7,761.3,100,0.682,0.202,1
2025-03-15,CL-BCN-02,B,8,3960.5,744.1,102,0.755,0.188,5
2025-03-15,CL-BIO-01,E,7,3708.9,516.0,89,0.841,0.139,1
2025-03-15,CL-MAD-01,A,7,3427.4,736.3,98,0.79,0.215,2
2025-03-15,CL-MAD-02,A,7,,,78,0.843,,1
2025-03-15,CL-MAD-03,A,6,2926.0,528.2,77,0.737,0.181,3
2025-03-15,CL-SEV-01,D,8,8358.2,3236.5,50,0.637,0.387,1
2025-03-15,CL-VLC-01,C,8,3715.4,796.5,95,0.759,0.214,2
2025-03-15,CL-VLC-02,C,7,3573.5,662.1,83,0.678,0.185,2
2025-03-16,CL-BCN-01,B,3,1553.1,268.2,41,0.768,0.173,0
2025-03-16,CL-BCN-02,B,3,1316.1,281.1,36,0.773,0.214,3
2025-03-16,CL-BIO-01,E,3,1507.3,156.7,42,0.9,0.104,0
2025-03-16,CL-MAD-01,A,3,1482.0,265.3,48,0.652,0.179,3
2025-03-16,CL-MAD-02,A,4,1634.6,257.4,58,0.732,0.157,3
2025-03-16,CL-MAD-03,A,3,1466.7,335.0,47,0.713,0.228,2
2025-03-16,CL-SEV-01,D,3,2899.4,832.9,20,0.616,0.287,1
2025-03-16,CL-VLC-01,C,3,1698.7,407.6,39,0.755,0.24,0
2025-03-16,CL-VLC-02,C,2,1204.0,246.2,23,0.758,0.204,1
2025-03-17,CL-BCN-01,B,10,5072.0,1022.4,115,0.731,0.202,12
2025-03-17,CL-BCN-02,B,10,4923.5,1115.8,151,0.711,0.227,9
2025-03-17,CL-BIO-01,E,10,,,147,0.9,,1
2025-03-17,CL-MAD-01,A,9,4101.4,694.0,100,0.893,0.169,7
2025-03-17,CL-MAD-02,A,11,5061.1,949.8,147,0.777,0.188,7
2025-03-17,CL-MAD-03,A,10,4552.3,633.2,171,0.78,0.139,8
2025-03-17,CL-SEV-01,D,10,10525.8,3789.9,51,0.649,0.36,2
2025-03-17,CL-VLC-01,C,9,4267.1,1085.6,128,0.649,0.254,4
2025-03-17,CL-VLC-02,C,8,3863.5,890.6,65,0.725,0.231,6
2025-03-18,CL-BCN-01,B,8,4211.3,1055.9,87,0.746,0.251,2
2025-03-18,CL-BCN-02,B,10,4956.9,1111.3,128,0.645,0.224,5
2025-03-18,CL-BIO-01,E,11,5655.5,828.4,148,0.791,0.146,1
2025-03-18,CL-MAD-01,A,11,5151.6,893.3,150,0.735,0.173,5
2025-03-18,CL-MAD-02,A,11,4869.5,917.7,162,0.743,0.188,5
2025-03-18,CL-MAD-03,A,9,4235.0,571.9,103,0.782,0.135,5
2025-03-18,CL-SEV-01,D,9,9570.4,2998.3,70,0.573,0.313,0
2025-03-18,CL-VLC-01,C,11,5208.9,1225.0,137,0.702,0.235,6
2025-03-18,CL-VLC-02,C,10,4778.8,1264.9,124,0.744,0.265,2
2025-03-19,CL-BCN-01,B,11,5669.8,1197.4,148,0.739,0.211,6
2025-03-19,CL-BCN-02,B,10,4877.4,854.0,115,0.725,0.175,4
2025-03-19,CL-BIO-01,E,9,4634.8,569.9,112,0.747,0.123,1
2025-03-19,CL-MAD-01,A,9,4137.7,505.6,126,0.725,0.122,6
2025-03-19,CL-MAD-02,A,11,4908.8,722.9,142,0.809,0.147,6
2025-03-19,CL-MAD-03,A,10,4434.8,864.6,116,0.833,0.195,7
2025-03-19,CL-SEV-01,D,10,11220.8,3983.8,81,0.6,0.355,2
2025-03-19,CL-VLC-01,C,10,4956.0,862.1,122,0.778,0.174,2
2025-03-19,CL-VLC-02,C,9,4428.7,952.8,82,0.721,0.215,0
2025-03-20,CL-BCN-01,B,10,4936.6,1073.0,110,0.821,0.217,6
2025-03-20,CL-BCN-02,B,9,4582.4,913.0,119,0.692,0.199,4
2025-03-20,CL-BIO-01,E,11,5617.7,799.3,125,0.865,0.142,2
2025-03-20,CL-MAD-01,A,9,4248.3,793.4,139,0.806,0.187,11
2025-03-20,CL-MAD-02,A,10,4460.4,693.8,144,0.786,0.156,8
2025-03-20,CL-MAD-03,A,9,4209.7,475.8,128,0.681,0.113,8
2025-03-20,CL-SEV-01,D,9,10129.3,3625.8,80,0.582,0.358,3
2025-03-20,CL-VLC-01,C,10,4969.0,969.3,134,0.674,0.195,1
2025-03-20,CL-VLC-02,C,9,4529.0,774.1,102,0.674,0.171,3
2025-03-21,CL-BCN-01,B,10,5039.7,955.1,168,0.802,0.19,3
2025-03-21,CL-BCN-02,B,10,5012.0,870.1,134,0.801,0.174,6
2025-03-21,CL-BIO-01,E,10,4934.6,624.4,101,0.815,0.127,1
2025-03-21,CL-MAD-01,A,9,4177.7,705.4,117,0.848,0.169,6
2025-03-21,CL-MAD-02,A,10,4765.9,774.4,131,0.765,0.162,2
2025-03-21,CL-MAD-03,A,9,4068.8,865.4,124,0.785,0.213,3
2025-03-21,CL-SEV-01,D,11,11333.8,4282.4,90,0.61,0.378,1
2025-03-21,CL-VLC-01,C,10,4925.2,1169.0,132,0.726,0.237,2
2025-03-21,CL-VLC-02,C,9,4250.8,752.3,104,0.754,0.177,2
2025-03-22,CL-BCN-01,B,7,3454.2,751.1,91,0.759,0.217,3
2025-03-22,CL-BCN-02,B,9,4642.2,1214.5,106,0.647,0.262,2
2025-03-22,CL-BIO-01,E,7,3359.0,524.4,92,0.775,0.156,0
2025-03-22,CL-MAD-01,A,8,3456.4,725.1,118,0.751,0.21,9
2025-03-22,CL-MAD-02,A,7,3016.1,582.0,88,0.815,0.193,2
2025-03-22,CL-MAD-03,A,7,3116.2,624.8,100,0.761,0.201,4
2025-03-22,CL-SEV-01,D,7,7050.5,2114.2,55,0.648,0.3,2
2025-03-22,CL-VLC-01,C,7,3395.9,830.4,83,0.682,0.245,0
2025-03-22,CL-VLC-02,C,7,3577.6,680.8,86,0.582,0.19,2
2025-03-23,CL-BCN-01,B,3,1566.1,277.8,49,0.806,0.177,1
2025-03-23,CL-BCN-02,B,3,1425.7,308.6,32,0.829,0.216,1
2025-03-23,CL-BIO-01,E,2,1237.6,92.0,24,0.772,0.074,0
2025-03-23,CL-MAD-01,A,3,1392.7,242.5,43,0.753,0.174,1
2025-03-23,CL-MAD-02,A,3,1365.9,229.3,40,0.77,0.168,0
2025-03-23,CL-MAD-03,A,3,1320.8,277.9,38,0.812,0.21,1
2025-03-23,CL-SEV-01,D,3,3195.3,1086.3,20,0.535,0.34,0
2025-03-23,CL-VLC-01,C,3,1395.0,385.8,42,0.751,0.277,1
2025-03-23,CL-VLC-02,C,3,1279.5,311.0,31,0.724,0.243,1
2025-03-24,CL-BCN-01,B,10,4878.4,1030.7,136,0.822,0.211,5
2025-03-24,CL-BCN-02,B,9,4414.3,1004.4,141,0.809,0.228,6
2025-03-24,CL-BIO-01,E,9,4453.0,734.5,86,0.974,0.165,1
2025-03-24,CL-MAD-01,A,10,4698.3,1062.0,148,0.701,0.226,8
2025-03-24,CL-MAD-02,A,10,4537.1,812.6,151,0.871,0.179,12
2025-03-24,CL-MAD-03,A,10,4550.6,777.8,152,0.685,0.171,14
2025-03-24,CL-SEV-01,D,12,12797.0,3961.2,123,0.679,0.31,3
2025-03-24,CL-VLC-01,C,9,4176.7,951.4,105,0.761,0.228,0
2025-03-24,CL-VLC-02,C,10,4688.0,1178.6,149,0.72,0.251,2
2025-03-25,CL-BCN-01,B,10,5217.4,854.0,151,0.687,0.164,6
2025-03-25,CL-BCN-02,B,10,4980.1,1145.5,101,0.672,0.23,5
2025-03-25,CL-BIO-01,E,9,4571.1,730.0,98,0.897,0.16,2
2025-03-25,CL-MAD-01,A,10,4426.0,833.6,144,0.764,0.188,7
2025-03-25,CL-MAD-02,A,9,4081.1,745.7,138,0.733,0.183,4
2025-03-25,CL-MAD-03,A,9,4262.5,839.8,111,0.796,0.197,4
2025-03-25,CL-SEV-01,D,10,10619.6,3443.3,86,0.523,0.324,1
2025-03-25,CL-VLC-01,C,10,4886.0,1081.9,133,0.76,0.221,2
2025-03-25,CL-VLC-02,C,10,4843.5,1440.0,107,0.771,0.297,3
2025-03-26,CL-BCN-01,B,9,4346.8,852.9,118,0.771,0.196,9
2025-03-26,CL-BCN-02,B,10,5204.0,1086.4,136,0.798,0.209,5
2025-03-26,CL-BIO-01,E,11,5359.4,838.4,127,0.925,0.156,0
2025-03-26,CL-MAD-01,A,8,3781.1,675.2,114,0.723,0.179,3
2025-03-26,CL-MAD-02,A,9,3923.6,796.7,100,0.819,0.203,1
2025-03-26,CL-MAD-03,A,11,5108.3,746.4,132,0.731,0.146,5
2025-03-26,CL-SEV-01,D,9,10192.0,3704.6,96,0.567,0.363,2
2025-03-26,CL-VLC-01,C,8,3749.4,919.4,77,0.72,0.245,1
2025-03-26,CL-VLC-02,C,11,5181.2,1025.0,131,0.82,0.198,3
2025-03-27,CL-BCN-01,B,10,4845.9,773.0,153,0.789,0.16,2
2025-03-27,CL-BCN-02,B,10,4888.9,1167.0,127,0.727,0.239,3
2025-03-27,CL-BIO-01,E,10,5120.8,815.2,120,0.855,0.159,1
2025-03-27,CL-MAD-01,A,10,4499.5,840.0,161,0.835,0.187,4
2025-03-27,CL-MAD-02,A,10,4779.8,648.4,135,0.813,0.136,3
2025-03-27,CL-MAD-03,A,11,4941.1,1030.7,144,0.614,0.209,4
2025-03-27,CL-SEV-01,D,10,10497.5,3362.3,85,0.431,0.32,2
2025-03-27,CL-VLC-01,C,11,5225.3,1266.5,133,0.747,0.242,1
2025-03-27,CL-VLC-02,C,11,5366.5,1298.0,147,0.688,0.242,5
2025-03-28,CL-BCN-01,B,11,5387.4,855.5,150,0.723,0.159,9
2025-03-28,CL-BCN-02,B,9,4411.2,1194.7,126,0.799,0.271,4
2025-03-28,CL-BIO-01,E,8,4009.3,424.6,80,0.824,0.106,0
2025-03-28,CL-MAD-01,A,9,4333.6,709.9,155,0.703,0.164,11
2025-03-28,CL-MAD-02,A,8,3720.2,748.5,90,0.81,0.201,3
2025-03-28,CL-MAD-03,A,11,5103.3,1162.2,161,0.693,0.228,8
2025-03-28,CL-SEV-01,D,10,11025.3,3218.2,98,0.579,0.292,1
2025-03-28,CL-VLC-01,C,10,,,109,0.729,,1
2025-03-28,CL-VLC-02,C,9,4426.6,1007.3,90,0.729,0.228,4
2025-03-29,CL-BCN-01,B,8,3959.9,772.8,106,0.776,0.195,2
2025-03-29,CL-BCN-02,B,7,3464.1,650.0,89,0.768,0.188,7
2025-03-29,CL-BIO-01,E,7,3775.0,498.6,83,0.795,0.132,0
2025-03-29,CL-MAD-01,A,8,3595.7,665.0,116,0.855,0.185,9
2025-03-29,CL-MAD-02,A,7,3018.8,276.5,99,0.771,0.092,6
2025-03-29,CL-MAD-03,A,7,3062.1,584.0,104,0.865,0.191,2
2025-03-29,CL-SEV-01,D,6,6364.3,2203.5,43,0.618,0.346,0
2025-03-29,CL-VLC-01,C,7,3229.7,771.8,85,0.71,0.239,2
2025-03-29,CL-VLC-02,C,8,3833.8,887.4,108,0.783,0.231,1
2025-03-30,CL-BCN-01,B,3,1686.1,397.5,38,0.783,0.236,1
2025-03-30,CL-BCN-02,B,3,1388.8,308.3,44,0.797,0.222,1
2025-03-30,CL-BIO-01,E,3,1543.1,180.3,41,0.859,0.117,2
2025-03-30,CL-MAD-01,A,3,1321.3,237.9,49,0.731,0.18,4
2025-03-30,CL-MAD-02,A,3,1335.6,293.4,48,0.99,0.22,2
2025-03-30,CL-MAD-03,A,3,1539.0,329.1,42,0.733,0.214,3
2025-03-30,CL-SEV-01,D,3,3187.3,1051.1,29,0.483,0.33,0
2025-03-30,CL-VLC-01,C,3,1272.1,345.2,39,0.655,0.271,1
2025-03-30,CL-VLC-02,C,3,1245.5,313.1,38,0.586,0.251,2
2025-03-31,CL-BCN-01,B,10,4808.9,1258.4,141,0.739,0.262,4
2025-03-31,CL-BCN-02,B,8,4135.8,1118.1,111,0.725,0.27,3
2025-03-31,CL-BIO-01,E,9,4565.0,719.1,102,0.827,0.158,1
2025-03-31,CL-MAD-01,A,9,4233.5,478.3,135,0.655,0.113,4
2025-03-31,CL-MAD-02,A,11,5108.6,878.7,158,0.817,0.172,7
2025-03-31,CL-MAD-03,A,8,3836.2,703.3,104,0.83,0.183,5
2025-03-31,CL-SEV-01,D,9,10158.4,3876.3,74,0.645,0.382,3
2025-03-31,CL-VLC-01,C,9,4156.4,774.5,107,0.711,0.186,1
2025-03-31,CL-VLC-02,C,10,4989.2,1228.5,127,0.762,0.246,6
2025-04-01,CL-BCN-01,B,11,5721.6,1184.6,137,0.77,0.207,2
2025-04-01,CL-BCN-02,B,10,4785.9,857.5,122,0.701,0.179,1
2025-04-01,CL-BIO-01,E,9,4440.7,525.6,110,0.723,0.118,2
2025-04-01,CL-MAD-01,A,11,4828.3,878.8,164,0.771,0.182,6
2025-04-01,CL-MAD-02,A,10,4752.4,931.2,145,0.863,0.196,6
2025-04-01,CL-MAD-03,A,9,4065.2,755.1,145,0.677,0.186,5
2025-04-01,CL-SEV-01,D,11,11323.3,3214.3,86,0.535,0.284,2
2025-04-01,CL-VLC-01,C,9,4598.2,1037.6,106,0.617,0.226,0
2025-04-01,CL-VLC-02,C,11,5418.1,1426.0,123,0.731,0.263,2
2025-04-02,CL-BCN-01,B,9,4630.9,1210.2,131,0.779,0.261,7
2025-04-02,CL-BCN-02,B,11,5468.4,1001.0,145,0.65,0.183,3
2025-04-02,CL-BIO-01,E,9,4427.5,468.5,111,0.883,0.106,1
2025-04-02,CL-MAD-01,A,9,3989.5,808.7,112,0.671,0.203,4
2025-04-02,CL-MAD-02,A,12,5411.7,973.9,164,0.809,0.18,6
2025-04-02,CL-MAD-03,A,10,4699.8,770.9,118,0.797,0.164,3
2025-04-02,CL-SEV-01,D,11,11578.7,3730.5,85,0.586,0.322,0
2025-04-02,CL-VLC-01,C,11,5138.9,1244.3,124,0.66,0.242,5
2025-04-02,CL-VLC-02,C,11,5190.0,1197.6,128,0.684,0.231,5
2025-04-03,CL-BCN-01,B,9,4481.5,691.8,121,0.688,0.154,3
2025-04-03,CL-BCN-02,B,10,5047.5,1065.5,151,0.763,0.211,6
2025-04-03,CL-BIO-01,E,10,5080.6,468.3,146,0.792,0.092,5
2025-04-03,CL-MAD-01,A,10,4546.1,777.4,124,0.746,0.171,2
2025-04-03,CL-MAD-02,A,10,4774.0,656.6,156,0.764,0.138,3
2025-04-03,CL-MAD-03,A,11,4899.6,636.6,162,0.722,0.13,4
2025-04-03,CL-SEV-01,D,10,10829.3,3926.7,60,0.539,0.363,2
2025-04-03,CL-VLC-01,C,11,5192.2,1282.6,152,0.793,0.247,3
2025-04-03,CL-VLC-02,C,9,4440.6,1074.4,101,0.703,0.242,2
2025-04-04,CL-BCN-01,B,10,4762.2,911.2,140,0.783,0.191,4
2025-04-04,CL-BCN-02,B,9,4656.2,985.0,96,0.72,0.212,2
2025-04-04,CL-BIO-01,E,10,5274.7,737.6,111,0.831,0.14,1
2025-04-04,CL-MAD-01,A,10,4657.6,760.4,125,0.813,0.163,7
2025-04-04,CL-MAD-02,A,9,4044.5,662.8,118,0.793,0.164,6
2025-04-04,CL-MAD-03,A,11,4949.5,757.9,145,0.776,0.153,5
2025-04-04,CL-SEV-01,D,10,11291.0,3750.0,80,0.71,0.332,3
2025-04-04,CL-VLC-01,C,12,5731.4,1264.5,148,0.768,0.221,7
2025-04-04,CL-VLC-02,C,10,4666.8,1248.3,123,0.67,0.267,2
2025-04-05,CL-BCN-01,B,8,3895.2,698.9,106,0.747,0.179,3
2025-04-05,CL-BCN-02,B,7,3640.5,770.3,97,0.788,0.212,3
2025-04-05,CL-BIO-01,E,8,3921.2,724.7,88,0.768,0.185,0
2025-04-05,CL-MAD-01,A,7,3366.1,628.3,80,0.732,0.187,7
2025-04-05,CL-MAD-02,A,8,3814.6,823.1,118,0.794,0.216,9
2025-04-05,CL-MAD-03,A,7,3368.0,779.8,101,0.705,0.232,5
2025-04-05,CL-SEV-01,D,8,8759.6,2861.9,62,0.55,0.327,1
2025-04-05,CL-VLC-01,C,7,3424.5,585.1,80,0.702,0.171,1
2025-04-05,CL-VLC-02,C,8,3990.8,799.0,97,0.671,0.2,0
2025-04-06,CL-BCN-01,B,3,1378.1,233.7,34,0.733,0.17,1
2025-04-06,CL-BCN-02,B,3,1557.6,267.7,38,0.784,0.172,1
2025-04-06,CL-BIO-01,E,3,1606.4,267.8,45,0.831,0.167,0
2025-04-06,CL-MAD-01,A,3,1355.3,284.6,49,0.73,0.21,3
2025-04-06,CL-MAD-02,A,3,1482.6,306.4,39,0.685,0.207,3
2025-04-06,CL-MAD-03,A,3,1244.0,184.4,38,0.778,0.148,2
2025-04-06,CL-SEV-01,D,3,3763.5,1454.9,25,0.66,0.387,0
2025-04-06,CL-VLC-01,C,3,1609.3,364.8,31,0.664,0.227,0
2025-04-06,CL-VLC-02,C,3,1572.1,308.8,32,0.816,0.196,1
2025-04-07,CL-BCN-01,B,11,5530.6,1098.8,144,0.712,0.199,4
2025-04-07,CL-BCN-02,B,11,5371.3,1278.4,136,0.737,0.238,6
2025-04-07,CL-BIO-01,E,9,4772.4,640.8,87,0.877,0.134,0
2025-04-07,CL-MAD-01,A,10,4636.1,772.1,134,0.766,0.167,6
2025-04-07,CL-MAD-02,A,12,5353.1,671.5,193,0.713,0.125,12
2025-04-07,CL-MAD-03,A,12,5402.3,1101.7,176,0.808,0.204,14
2025-04-07,CL-SEV-01,D,11,11396.6,3923.9,83,0.556,0.344,4
2025-04-07,CL-VLC-01,C,9,4602.1,1155.4,122,0.667,0.251,1
2025-04-07,CL-VLC-02,C,11,5184.5,1396.1,177,0.71,0.269,4
2025-04-08,CL-BCN-01,B,12,6057.3,1484.1,166,0.713,0.245,9
2025-04-08,CL-BCN-02,B,9,4675.5,1075.6,108,0.852,0.23,4
2025-04-08,CL-BIO-01,E,9,4449.8,412.1,104,0.79,0.093,1
2025-04-08,CL-MAD-01,A,12,5705.6,914.0,180,0.805,0.16,9
2025-04-08,CL-MAD-02,A,13,5758.5,1126.6,179,0.797,0.196,8
2025-04-08,CL-MAD-03,A,11,4883.8,1025.7,149,0.713,0.21,4
2025-04-08,CL-SEV-01,D,9,10066.9,3720.3,75,0.555,0.37,4
2025-04-08,CL-VLC-01,C,10,4941.3,1054.0,114,0.775,0.213,2
2025-04-08,CL-VLC-02,C,11,5276.8,1250.4,125,0.616,0.237,3
2025-04-09,CL-BCN-01,B,11,5532.7,1507.6,121,0.715,0.272,4
2025-04-09,CL-BCN-02,B,10,4818.6,833.0,124,0.761,0.173,3
2025-04-09,CL-BIO-01,E,10,4950.1,759.5,129,0.806,0.153,3
2025-04-09,CL-MAD-01,A,11,4864.5,933.8,168,0.777,0.192,5
2025-04-09,CL-MAD-02,A,11,5258.3,875.4,171,0.779,0.166,11
2025-04-09,CL-MAD-03,A,11,5126.9,817.2,157,0.649,0.159,5
2025-04-09,CL-SEV-01,D,9,9788.3,3578.5,63,0.582,0.366,1
2025-04-09,CL-VLC-01,C,11,5306.1,1064.2,132,0.67,0.201,4
2025-04-09,CL-VLC-02,C,11,5423.4,1263.7,143,0.712,0.233,6
2025-04-10,CL-BCN-01,B,10,4966.0,1359.9,146,0.716,0.274,4
2025-04-10,CL-BCN-02,B,10,4834.6,1038.9,104,0.738,0.215,1
2025-04-10,CL-BIO-01,E,9,4574.0,539.4,138,0.953,0.118,0
2025-04-10,CL-MAD-01,A,11,5092.1,1068.4,163,0.71,0.21,8
2025-04-10,CL-MAD-02,A,12,5581.7,1071.0,170,0.883,0.192,9
2025-04-10,CL-MAD-03,A,9,4221.0,899.2,105,0.829,0.213,7
2025-04-10,CL-SEV-01,D,10,10411.2,3355.2,79,0.623,0.322,1
2025-04-10,CL-VLC-01,C,11,5376.9,1331.0,113,0.66,0.248,2
2025-04-10,CL-VLC-02,C,9,4593.9,999.3,105,0.604,0.218,3
2025-04-11,CL-BCN-01,B,12,5791.4,1354.5,168,0.639,0.234,0
2025-04-11,CL-BCN-02,B,11,5399.6,1189.1,160,0.784,0.22,5
2025-04-11,CL-BIO-01,E,10,5228.2,706.0,123,0.935,0.135,2
2025-04-11,CL-MAD-01,A,11,5193.7,901.3,125,0.828,0.174,7
2025-04-11,CL-MAD-02,A,10,4731.3,639.1,147,0.806,0.135,4
2025-04-11,CL-MAD-03,A,11,4877.2,857.8,143,0.727,0.176,6
2025-04-11,CL-SEV-01,D,11,11705.3,4382.0,53,0.5,0.374,0
2025-04-11,CL-VLC-01,C,9,4546.0,1273.4,112,0.667,0.28,3
2025-04-11,CL-VLC-02,C,10,4806.0,1177.4,129,0.711,0.245,3
2025-04-12,CL-BCN-01,B,7,3519.0,660.3,83,0.765,0.188,1
2025-04-12,CL-BCN-02,B,9,4388.9,782.1,123,0.729,0.178,2
2025-04-12,CL-BIO-01,E,7,3551.4,583.8,74,0.736,0.164,2
2025-04-12,CL-MAD-01,A,8,3747.4,603.0,113,0.772,0.161,11
2025-04-12,CL-MAD-02,A,8,3504.6,738.7,123,0.837,0.211,3
2025-04-12,CL-MAD-03,A,8,3891.1,706.1,121,0.794,0.181,5
2025-04-12,CL-SEV-01,D,7,8040.0,2578.8,56,0.627,0.321,2
2025-04-12,CL-VLC-01,C,7,3657.3,905.0,93,0.688,0.247,0
2025-04-12,CL-VLC-02,C,8,3743.1,969.9,93,0.755,0.259,2
2025-04-13,CL-BCN-01,B,3,1514.4,279.7,43,0.725,0.185,1
2025-04-13,CL-BCN-02,B,3,1724.5,310.0,38,0.827,0.18,2
2025-04-13,CL-BIO-01,E,3,1474.3,182.1,35,0.856,0.124,0
2025-04-13,CL-MAD-01,A,3,1267.0,216.0,46,0.767,0.17,0
2025-04-13,CL-MAD-02,A,3,1483.4,250.0,41,0.745,0.169,2
2025-04-13,CL-MAD-03,A,3,1306.2,263.7,43,0.778,0.202,0
2025-04-13,CL-SEV-01,D,3,3745.7,1208.3,22,0.572,0.323,0
2025-04-13,CL-VLC-01,C,3,1558.1,338.7,34,0.62,0.217,1
2025-04-13,CL-VLC-02,C,3,1339.0,323.9,32,0.787,0.242,1
2025-04-14,CL-BCN-01,B,11,5386.0,962.5,153,0.783,0.179,6
2025-04-14,CL-BCN-02,B,10,4767.0,986.4,99,0.786,0.207,6
2025-04-14,CL-BIO-01,E,11,5451.1,747.0,162,0.656,0.137,1
2025-04-14,CL-MAD-01,A,11,5165.0,885.1,134,0.835,0.171,4
2025-04-14,CL-MAD-02,A,10,4419.7,484.9,144,0.725,0.11,10
2025-04-14,CL-MAD-03,A,11,5151.5,818.0,182,0.764,0.159,5
2025-04-14,CL-SEV-01,D,10,10564.8,3692.2,99,0.605,0.349,2
2025-04-14,CL-VLC-01,C,10,4996.8,1076.9,108,0.709,0.216,1
2025-04-14,CL-VLC-02,C,9,4424.4,732.4,107,0.809,0.166,5
2025-04-15,CL-BCN-01,B,9,4574.7,1186.1,118,0.872,0.259,1
2025-04-15,CL-BCN-02,B,12,5947.1,1234.8,137,0.851,0.208,2
2025-04-15,CL-BIO-01,E,11,5690.2,401.2,146,0.848,0.071,0
2025-04-15,CL-MAD-01,A,11,4961.7,691.0,152,0.774,0.139,8
2025-04-15,CL-MAD-02,A,9,4354.0,753.9,119,0.826,0.173,7
2025-04-15,CL-MAD-03,A,10,4655.8,806.3,143,0.85,0.173,6
2025-04-15,CL-SEV-01,D,8,8968.5,2953.8,60,0.706,0.329,0
2025-04-15,CL-VLC-01,C,10,4876.3,1008.0,108,0.717,0.207,2
2025-04-15,CL-VLC-02,C,11,5560.1,1291.9,124,0.706,0.232,2
2025-04-16,CL-BCN-01,B,9,4658.3,1208.8,111,0.765,0.259,5
2025-04-16,CL-BCN-02,B,13,6492.4,1112.1,149,0.716,0.171,4
2025-04-16,CL-BIO-01,E,11,,,121,0.847,,3
2025-04-16,CL-MAD-01,A,9,4028.3,669.2,126,0.835,0.166,4
2025-04-16,CL-MAD-02,A,11,4900.6,1026.2,143,0.78,0.209,5
2025-04-16,CL-MAD-03,A,10,4364.5,853.0,105,0.779,0.195,2
2025-04-16,CL-SEV-01,D,12,12655.6,3858.5,133,0.554,0.305,2
2025-04-16,CL-VLC-01,C,10,4972.8,1434.6,129,0.645,0.288,1
2025-04-16,CL-VLC-02,C,12,5958.3,1207.5,105,0.716,0.203,1
2025-04-17,CL-BCN-01,B,10,4986.1,832.3,138,0.935,0.167,1
2025-04-17,CL-BCN-02,B,11,5595.4,1078.8,155,0.781,0.193,6
2025-04-17,CL-BIO-01,E,10,5293.8,705.1,132,0.79,0.133,2
2025-04-17,CL-MAD-01,A,11,5133.9,709.7,154,0.746,0.138,3
2025-04-17,CL-MAD-02,A,11,4908.9,959.3,167,0.886,0.195,8
2025-04-17,CL-MAD-03,A,11,,,142,0.81,,3
2025-04-17,CL-SEV-01,D,10,10407.9,3517.6,92,0.621,0.338,0
2025-04-17,CL-VLC-01,C,10,4938.5,1071.7,135,0.732,0.217,5
2025-04-17,CL-VLC-02,C,10,5133.1,1052.9,133,0.699,0.205,4
2025-04-18,CL-BCN-01,B,9,4406.2,753.6,117,0.622,0.171,2
2025-04-18,CL-BCN-02,B,11,5618.4,1144.3,168,0.725,0.204,7
2025-04-18,CL-BIO-01,E,12,6077.3,903.8,152,0.737,0.149,0
2025-04-18,CL-MAD-01,A,12,5609.6,1249.2,202,0.726,0.223,4
2025-04-18,CL-MAD-02,A,12,5724.5,901.6,148,0.699,0.157,7
2025-04-18,CL-MAD-03,A,9,4307.6,782.9,127,0.873,0.182,10
2025-04-18,CL-SEV-01,D,10,10788.7,4077.3,92,0.593,0.378,2
2025-04-18,CL-VLC-01,C,11,5146.9,1138.2,144,0.724,0.221,4
2025-04-18,CL-VLC-02,C,11,5198.5,1114.8,152,0.722,0.214,2
2025-04-19,CL-BCN-01,B,8,3954.5,1026.3,100,0.86,0.26,4
2025-04-19,CL-BCN-02,B,7,3596.8,737.4,78,0.625,0.205,4
2025-04-19,CL-BIO-01,E,9,4681.4,581.4,81,0.864,0.124,1
2025-04-19,CL-MAD-01,A,8,3819.1,796.5,114,0.851,0.209,7
2025-04-19,CL-MAD-02,A,9,4166.1,762.1,110,0.631,0.183,5
2025-04-19,CL-MAD-03,A,9,4038.2,794.8,125,0.71,0.197,6
2025-04-19,CL-SEV-01,D,8,8914.8,2262.2,58,0.59,0.254,0
2025-04-19,CL-VLC-01,C,7,3485.1,632.9,70,0.699,0.182,1
2025-04-19,CL-VLC-02,C,8,4057.3,886.0,100,0.802,0.218,2
2025-04-20,CL-BCN-01,B,3,1606.2,306.7,40,0.771,0.191,0
2025-04-20,CL-BCN-02,B,3,1453.5,354.5,34,0.757,0.244,2
2025-04-20,CL-BIO-01,E,3,1488.9,166.9,38,0.845,0.112,2
2025-04-20,CL-MAD-01,A,3,1384.0,234.7,38,0.756,0.17,1
2025-04-20,CL-MAD-02,A,3,1348.9,260.4,50,0.82,0.193,3
2025-04-20,CL-MAD-03,A,4,1605.3,257.3,51,0.765,0.16,2
2025-04-20,CL-SEV-01,D,3,3765.3,1344.6,25,0.533,0.357,0
2025-04-20,CL-VLC-01,C,4,1737.2,406.2,41,0.676,0.234,1
2025-04-20,CL-VLC-02,C,3,1383.7,300.4,43,0.673,0.217,1
2025-04-21,CL-BCN-01,B,11,5654.4,1258.6,150,0.742,0.223,3
2025-04-21,CL-BCN-02,B,10,4932.7,1096.2,116,0.8,0.222,1
2025-04-21,CL-BIO-01,E,11,5557.4,1116.8,135,0.842,0.201,1
2025-04-21,CL-MAD-01,A,11,5050.7,1043.6,168,0.815,0.207,5
2025-04-21,CL-MAD-02,A,9,4053.8,664.9,107,0.852,0.164,1
2025-04-21,CL-MAD-03,A,11,5210.8,538.6,151,0.731,0.103,6
2025-04-21,CL-SEV-01,D,10,10754.9,3555.6,59,0.7,0.331,2
2025-04-21,CL-VLC-01,C,10,4755.1,1163.3,119,0.71,0.245,6
2025-04-21,CL-VLC-02,C,12,5916.7,1258.9,125,0.77,0.213,0
2025-04-22,CL-BCN-01,B,10,5230.4,850.1,153,0.765,0.163,2
2025-04-22,CL-BCN-02,B,11,5514.5,1169.2,136,0.721,0.212,6
2025-04-22,CL-BIO-01,E,10,4848.6,981.7,133,0.83,0.202,1
2025-04-22,CL-MAD-01,A,10,4639.0,894.9,152,0.775,0.193,4
2025-04-22,CL-MAD-02,A,10,4477.4,679.8,135,0.774,0.152,4
2025-04-22,CL-MAD-03,A,11,4963.4,788.5,154,0.817,0.159,8
2025-04-22,CL-SEV-01,D,11,11327.1,4320.8,82,0.604,0.381,1
2025-04-22,CL-VLC-01,C,11,5593.2,1273.6,130,0.532,0.228,6
2025-04-22,CL-VLC-02,C,12,5774.9,1288.7,136,0.732,0.223,2
2025-04-23,CL-BCN-01,B,10,5121.1,1115.0,136,0.814,0.218,6
2025-04-23,CL-BCN-02,B,10,5005.4,1051.6,122,0.78,0.21,5
2025-04-23,CL-BIO-01,E,11,5793.7,706.5,132,0.879,0.122,1
2025-04-23,CL-MAD-01,A,11,5182.5,1025.0,162,0.73,0.198,10
2025-04-23,CL-MAD-02,A,13,5777.2,793.7,181,0.7,0.137,4
2025-04-23,CL-MAD-03,A,10,4691.6,804.5,144,0.844,0.171,9
2025-04-23,CL-SEV-01,D,11,11606.1,4215.2,82,0.602,0.363,2
2025-04-23,CL-VLC-01,C,12,5658.5,1498.1,140,0.693,0.265,2
2025-04-23,CL-VLC-02,C,10,4902.0,756.6,118,0.736,0.154,1
2025-04-24,CL-BCN-01,B,10,5204.2,657.7,123,0.588,0.126,6
2025-04-24,CL-BCN-02,B,12,5770.7,1045.3,161,0.78,0.181,8
2025-04-24,CL-BIO-01,E,9,4326.5,666.0,101,0.757,0.154,2
2025-04-24,CL-MAD-01,A,11,5228.6,948.7,139,0.755,0.181,5
2025-04-24,CL-MAD-02,A,9,4140.0,976.1,140,0.754,0.236,4
2025-04-24,CL-MAD-03,A,9,4241.7,722.6,126,0.807,0.17,5
2025-04-24,CL-SEV-01,D,11,11534.1,4747.9,81,0.584,0.412,2
2025-04-24,CL-VLC-01,C,11,5297.7,1420.7,136,0.66,0.268,3
2025-04-24,CL-VLC-02,C,11,5279.3,1395.7,141,0.7,0.264,5
2025-04-25,CL-BCN-01,B,8,4152.6,847.0,102,0.727,0.204,6
2025-04-25,CL-BCN-02,B,12,5763.4,1158.3,145,0.786,0.201,2
2025-04-25,CL-BIO-01,E,10,5229.5,1009.2,127,0.754,0.193,1
2025-04-25,CL-MAD-01,A,9,4041.6,754.1,140,0.821,0.187,6
2025-04-25,CL-MAD-02,A,11,5048.4,1235.5,170,0.795,0.245,10
2025-04-25,CL-MAD-03,A,13,5883.2,973.1,196,0.896,0.165,9
2025-04-25,CL-SEV-01,D,10,10709.8,3809.3,87,0.624,0.356,0
2025-04-25,CL-VLC-01,C,11,5530.9,1302.6,135,0.716,0.236,2
2025-04-25,CL-VLC-02,C,10,4804.6,945.3,120,0.691,0.197,2
2025-04-26,CL-BCN-01,B,8,3776.3,955.7,83,0.839,0.253,1
2025-04-26,CL-BCN-02,B,8,3930.4,1055.8,96,0.788,0.269,3
2025-04-26,CL-BIO-01,E,9,4342.9,811.7,106,0.851,0.187,2
2025-04-26,CL-MAD-01,A,7,3396.2,638.6,92,0.716,0.188,5
2025-04-26,CL-MAD-02,A,7,3280.4,672.6,88,0.701,0.205,5
2025-04-26,CL-MAD-03,A,8,3598.7,533.3,111,0.7,0.148,8
2025-04-26,CL-SEV-01,D,9,9280.1,3643.6,54,0.469,0.393,0
2025-04-26,CL-VLC-01,C,9,4324.9,969.2,118,0.691,0.224,2
2025-04-26,CL-VLC-02,C,8,4134.9,960.5,89,0.726,0.232,2
2025-04-27,CL-BCN-01,B,3,1579.1,408.8,42,0.715,0.259,2
2025-04-27,CL-BCN-02,B,4,1849.2,319.1,57,0.61,0.173,2
2025-04-27,CL-BIO-01,E,3,1536.6,195.2,36,0.795,0.127,2
2025-04-27,CL-MAD-01,A,3,1255.6,246.4,34,0.803,0.196,1
2025-04-27,CL-MAD-02,A,3,1417.5,195.3,30,0.789,0.138,1
2025-04-27,CL-MAD-03,A,3,1497.0,247.8,38,0.828,0.166,0
2025-04-27,CL-SEV-01,D,3,2871.5,827.2,19,0.588,0.288,1
2025-04-27,CL-VLC-01,C,3,1656.3,373.4,39,0.676,0.225,1
2025-04-27,CL-VLC-02,C,3,1515.4,387.2,30,0.715,0.256,1
2025-04-28,CL-BCN-01,B,12,5992.2,1136.2,154,0.78,0.19,3
2025-04-28,CL-BCN-02,B,10,4900.7,1163.9,115,0.837,0.237,6
2025-04-28,CL-BIO-01,E,12,5990.5,909.9,146,0.801,0.152,2
2025-04-28,CL-MAD-01,A,12,5400.9,1085.5,170,0.856,0.201,7
2025-04-28,CL-MAD-02,A,11,5203.3,996.2,152,0.811,0.191,10
2025-04-28,CL-MAD-03,A,9,4314.3,771.6,114,0.641,0.179,2
2025-04-28,CL-SEV-01,D,11,11851.7,3736.4,95,0.562,0.315,0
2025-04-28,CL-VLC-01,C,10,4750.5,1179.1,126,0.791,0.248,3
2025-04-28,CL-VLC-02,C,9,4495.8,1176.6,108,0.702,0.262,3
2025-04-29,CL-BCN-01,B,12,6005.8,1326.5,155,0.76,0.221,3
2025-04-29,CL-BCN-02,B,9,4519.0,1052.0,122,0.76,0.233,6
2025-04-29,CL-BIO-01,E,12,5857.9,676.4,116,0.903,0.115,0
2025-04-29,CL-MAD-01,A,11,4891.4,981.1,153,0.82,0.201,5
2025-04-29,CL-MAD-02,A,10,4693.1,732.8,118,0.86,0.156,1
2025-04-29,CL-MAD-03,A,9,4288.7,861.2,130,0.743,0.201,4
2025-04-29,CL-SEV-01,D,11,11787.3,4110.4,98,0.573,0.349,4
2025-04-29,CL-VLC-01,C,10,4993.7,959.1,138,0.747,0.192,5
2025-04-29,CL-VLC-02,C,10,4903.3,1459.5,122,0.71,0.298,3
2025-04-30,CL-BCN-01,B,11,5578.6,1176.3,161,0.761,0.211,3
2025-04-30,CL-BCN-02,B,10,4781.1,1047.0,113,0.715,0.219,3
2025-04-30,CL-BIO-01,E,12,6009.6,629.3,134,0.773,0.105,1
2025-04-30,CL-MAD-01,A,12,5292.9,1255.0,168,0.731,0.237,3
2025-04-30,CL-MAD-02,A,10,4797.0,845.1,126,0.74,0.176,5
2025-04-30,CL-MAD-03,A,9,4058.1,734.0,131,0.836,0.181,7
2025-04-30,CL-SEV-01,D,9,9667.3,3165.1,77,0.7,0.327,0
2025-04-30,CL-VLC-01,C,11,5299.9,1275.1,139,0.728,0.241,4
2025-04-30,CL-VLC-02,C,11,5473.9,1208.6,183,0.702,0.221,5
2025-05-01,CL-BCN-01,B,10,4885.3,959.3,129,0.756,0.196,7
2025-05-01,CL-BCN-02,B,10,5022.2,1199.2,127,0.707,0.239,5
2025-05-01,CL-BIO-01,E,10,5113.2,312.5,117,0.763,0.061,1
2025-05-01,CL-MAD-01,A,11,4929.4,723.7,150,0.74,0.147,8
2025-05-01,CL-MAD-02,A,9,4109.7,834.6,127,0.734,0.203,7
2025-05-01,CL-MAD-03,A,10,4401.2,885.4,108,0.812,0.201,5
2025-05-01,CL-SEV-01,D,11,12364.4,3810.9,114,0.564,0.308,1
2025-05-01,CL-VLC-01,C,11,5467.6,1364.9,136,0.607,0.25,0
2025-05-01,CL-VLC-02,C,9,4556.9,1114.4,121,0.851,0.245,0
2025-05-02,CL-BCN-01,B,11,5469.7,1017.2,140,0.737,0.186,2
2025-05-02,CL-BCN-02,B,12,5770.0,1130.2,128,0.871,0.196,4
2025-05-02,CL-BIO-01,E,10,5143.0,787.5,130,0.912,0.153,6
2025-05-02,CL-MAD-01,A,11,5132.4,1124.3,143,0.769,0.219,6
2025-05-02,CL-MAD-02,A,11,5081.9,875.1,137,0.761,0.172,9
2025-05-02,CL-MAD-03,A,10,4760.9,1078.4,111,0.768,0.227,6
2025-05-02,CL-SEV-01,D,8,8550.8,2962.6,59,0.605,0.346,1
2025-05-02,CL-VLC-01,C,9,4283.6,1133.3,96,0.805,0.265,0
2025-05-02,CL-VLC-02,C,10,5113.5,811.2,124,0.793,0.159,2
2025-05-03,CL-BCN-01,B,7,3713.7,768.9,96,0.766,0.207,5
2025-05-03,CL-BCN-02,B,7,3731.7,586.1,79,0.781,0.157,4
2025-05-03,CL-BIO-01,E,7,3654.6,524.6,101,0.839,0.144,0
2025-05-03,CL-MAD-01,A,8,3785.7,761.7,116,0.743,0.201,7
2025-05-03,CL-MAD-02,A,7,3238.5,525.5,90,0.826,0.162,1
2025-05-03,CL-MAD-03,A,9,3904.9,913.0,108,0.789,0.234,3
2025-05-03,CL-SEV-01,D,6,6404.9,2076.9,45,0.616,0.324,1
2025-05-03,CL-VLC-01,C,8,3740.3,719.8,82,0.714,0.192,3
2025-05-03,CL-VLC-02,C,7,3539.5,797.6,100,0.726,0.225,3
2025-05-04,CL-BCN-01,B,3,1563.9,257.6,42,0.705,0.165,0
2025-05-04,CL-BCN-02,B,3,1626.5,316.4,36,0.614,0.195,4
2025-05-04,CL-BIO-01,E,3,1374.2,175.0,35,0.847,0.127,0
2025-05-04,CL-MAD-01,A,3,1578.6,322.8,39,0.671,0.204,0
2025-05-04,CL-MAD-02,A,3,1579.4,327.4,43,0.785,0.207,1
2025-05-04,CL-MAD-03,A,3,1434.0,298.7,35,0.743,0.208,0
2025-05-04,CL-SEV-01,D,3,2915.4,944.9,22,0.58,0.324,0
2025-05-04,CL-VLC-01,C,3,1490.7,401.5,43,0.703,0.269,1
2025-05-04,CL-VLC-02,C,3,1489.9,336.4,36,0.649,0.226,0
2025-05-05,CL-BCN-01,B,12,6049.5,1093.7,132,0.776,0.181,6
2025-05-05,CL-BCN-02,B,11,5494.6,1123.3,141,0.826,0.204,3
2025-05-05,CL-BIO-01,E,10,5190.7,877.7,123,0.834,0.169,1
2025-05-05,CL-MAD-01,A,10,4572.4,960.0,152,0.751,0.21,5
2025-05-05,CL-MAD-02,A,10,4708.4,1062.8,144,0.713,0.226,5
2025-05-05,CL-MAD-03,A,11,4963.1,975.4,176,0.738,0.197,7
2025-05-05,CL-SEV-01,D,10,10623.1,3446.5,94,0.682,0.324,0
2025-05-05,CL-VLC-01,C,11,5318.7,1053.5,163,0.747,0.198,7
2025-05-05,CL-VLC-02,C,10,4759.1,1143.3,133,0.636,0.24,2
2025-05-06,CL-BCN-01,B,10,5082.5,1077.3,120,0.755,0.212,6
2025-05-06,CL-BCN-02,B,13,6536.6,1428.8,155,0.766,0.219,7
2025-05-06,CL-BIO-01,E,10,5218.9,772.7,112,0.845,0.148,2
2025-05-06,CL-MAD-01,A,10,4541.5,804.3,125,0.76,0.177,6
2025-05-06,CL-MAD-02,A,11,5114.8,859.6,159,0.764,0.168,4
2025-05-06,CL-MAD-03,A,9,4245.9,665.8,120,0.719,0.157,3
2025-05-06,CL-SEV-01,D,10,10799.8,3239.1,104,0.784,0.3,3
2025-05-06,CL-VLC-01,C,11,5564.7,1281.6,106,0.688,0.23,5
2025-05-06,CL-VLC-02,C,9,4454.9,1069.7,131,0.716,0.24,5
2025-05-07,CL-BCN-01,B,10,4805.1,1075.8,139,0.737,0.224,3
2025-05-07,CL-BCN-02,B,9,4665.0,1002.0,136,0.716,0.215,7
2025-05-07,CL-BIO-01,E,10,4937.7,596.2,150,0.889,0.121,1
2025-05-07,CL-MAD-01,A,10,4595.8,925.0,118,0.886,0.201,2
2025-05-07,CL-MAD-02,A,11,5235.7,1328.5,170,0.759,0.254,8
2025-05-07,CL-MAD-03,A,9,4263.7,976.9,116,0.729,0.229,6
2025-05-07,CL-SEV-01,D,11,12273.9,3742.5,62,0.63,0.305,4
2025-05-07,CL-VLC-01,C,11,5272.0,1202.7,111,0.729,0.228,1
2025-05-07,CL-VLC-02,C,11,5322.3,1337.5,131,0.7,0.251,2
2025-05-08,CL-BCN-01,B,9,4716.4,1157.1,102,0.673,0.245,5
2025-05-08,CL-BCN-02,B,10,5197.7,984.1,139,0.79,0.189,3
2025-05-08,CL-BIO-01,E,10,4985.0,676.3,145,0.828,0.136,3
2025-05-08,CL-MAD-01,A,10,4771.8,952.7,136,0.761,0.2,3
2025-05-08,CL-MAD-02,A,10,4791.7,731.1,137,0.86,0.153,6
2025-05-08,CL-MAD-03,A,12,5565.1,713.9,187,0.76,0.128,5
2025-05-08,CL-SEV-01,D,11,11869.7,3563.9,67,0.67,0.3,2
2025-05-08,CL-VLC-01,C,8,3851.9,1142.1,104,0.749,0.297,2
2025-05-08,CL-VLC-02,C,11,5518.1,1313.0,128,0.806,0.238,3
2025-05-09,CL-BCN-01,B,11,5574.0,910.8,157,0.821,0.163,7
2025-05-09,CL-BCN-02,B,12,5849.4,1146.2,145,0.705,0.196,1
2025-05-09,CL-BIO-01,E,9,4538.3,850.9,91,0.87,0.187,2
2025-05-09,CL-MAD-01,A,10,4705.8,828.9,151,0.759,0.176,9
2025-05-09,CL-MAD-02,A,8,3886.7,636.4,124,0.687,0.164,5
2025-05-09,CL-MAD-03,A,11,5166.2,858.8,139,0.782,0.166,7
2025-05-09,CL-SEV-01,D,10,10493.4,3361.4,73,0.61,0.32,1
2025-05-09,CL-VLC-01,C,10,4865.0,1033.3,107,0.616,0.212,1
2025-05-09,CL-VLC-02,C,10,4769.6,1085.1,115,0.772,0.228,1
2025-05-10,CL-BCN-01,B,8,4151.6,844.3,97,0.828,0.203,3
2025-05-10,CL-BCN-02,B,8,4015.7,818.2,90,0.732,0.204,3
2025-05-10,CL-BIO-01,E,8,3955.2,504.9,105,0.826,0.128,3
2025-05-10,CL-MAD-01,A,8,3722.8,621.3,107,0.898,0.167,2
2025-05-10,CL-MAD-02,A,7,3026.7,740.2,90,0.682,0.245,6
2025-05-10,CL-MAD-03,A,7,3419.3,551.1,102,0.804,0.161,7
2025-05-10,CL-SEV-01,D,8,9147.5,2350.6,58,0.488,0.257,1
2025-05-10,CL-VLC-01,C,7,3368.5,991.7,82,0.794,0.294,2
2025-05-10,CL-VLC-02,C,8,3754.9,819.8,90,0.746,0.218,4
2025-05-11,CL-BCN-01,B,3,1681.9,333.2,39,0.775,0.198,1
2025-05-11,CL-BCN-02,B,3,1593.4,316.3,36,0.752,0.199,0
2025-05-11,CL-BIO-01,E,3,1434.9,174.7,33,0.873,0.122,1
2025-05-11,CL-MAD-01,A,3,1370.7,246.1,43,0.749,0.18,2
2025-05-11,CL-MAD-02,A,3,1459.7,298.1,44,0.726,0.204,1
2025-05-11,CL-MAD-03,A,3,1491.8,242.3,45,0.849,0.162,1
2025-05-11,CL-SEV-01,D,3,3103.5,1009.2,23,0.607,0.325,0
2025-05-11,CL-VLC-01,C,3,1564.3,295.8,41,0.66,0.189,2
2025-05-11,CL-VLC-02,C,3,1524.1,254.3,32,0.781,0.167,1
2025-05-12,CL-BCN-01,B,11,,,142,0.713,,6
2025-05-12,CL-BCN-02,B,10,4844.9,825.6,119,0.751,0.17,4
2025-05-12,CL-BIO-01,E,10,4886.5,655.1,134,0.773,0.134,3
2025-05-12,CL-MAD-01,A,10,4626.2,697.9,144,0.724,0.151,8
2025-05-12,CL-MAD-02,A,10,4792.9,720.6,136,0.721,0.15,2
2025-05-12,CL-MAD-03,A,10,4711.9,652.8,147,0.647,0.139,5
2025-05-12,CL-SEV-01,D,11,12007.8,4220.0,102,0.572,0.351,3
2025-05-12,CL-VLC-01,C,10,4720.2,1115.8,113,0.653,0.236,3
2025-05-12,CL-VLC-02,C,10,5022.9,1399.0,105,0.707,0.279,2
2025-05-13,CL-BCN-01,B,11,5386.1,1125.0,119,0.861,0.209,3
2025-05-13,CL-BCN-02,B,10,5133.8,1330.8,140,0.721,0.259,5
2025-05-13,CL-BIO-01,E,12,6261.3,707.7,126,0.895,0.113,1
2025-05-13,CL-MAD-01,A,10,4616.3,604.6,142,0.789,0.131,4
2025-05-13,CL-MAD-02,A,9,4336.6,507.5,151,0.829,0.117,6
2025-05-13,CL-MAD-03,A,11,4861.5,882.5,155,0.761,0.182,3
2025-05-13,CL-SEV-01,D,11,11704.7,4496.7,55,0.533,0.384,2
2025-05-13,CL-VLC-01,C,8,4027.9,867.1,106,0.843,0.215,3
2025-05-13,CL-VLC-02,C,11,5253.6,1425.4,132,0.788,0.271,4
2025-05-14,CL-BCN-01,B,9,4576.8,907.3,110,0.732,0.198,4
2025-05-14,CL-BCN-02,B,10,4791.9,1054.6,122,0.791,0.22,5
2025-05-14,CL-BIO-01,E,11,5336.2,805.7,106,0.885,0.151,1
2025-05-14,CL-MAD-01,A,9,4157.1,812.0,136,0.791,0.195,9
2025-05-14,CL-MAD-02,A,11,4931.4,1001.2,147,0.695,0.203,7
2025-05-14,CL-MAD-03,A,11,5149.8,885.8,135,0.789,0.172,7
2025-05-14,CL-SEV-01,D,10,11064.0,3397.8,63,0.703,0.307,1
2025-05-14,CL-VLC-01,C,10,5069.5,1078.8,116,0.668,0.213,2
2025-05-14,CL-VLC-02,C,11,5168.9,1215.3,143,0.703,0.235,1
2025-05-15,CL-BCN-01,B,11,5626.5,1085.5,168,0.709,0.193,4
2025-05-15,CL-BCN-02,B,11,5703.2,1013.4,155,0.684,0.178,5
2025-05-15,CL-BIO-01,E,10,4875.4,665.1,123,0.871,0.136,0
2025-05-15,CL-MAD-01,A,11,5101.9,947.9,161,0.753,0.186,5
2025-05-15,CL-MAD-02,A,10,4466.3,997.0,142,0.802,0.223,7
2025-05-15,CL-MAD-03,A,11,4818.4,725.4,147,0.789,0.151,5
2025-05-15,CL-SEV-01,D,10,10743.0,3674.6,67,0.57,0.342,0
2025-05-15,CL-VLC-01,C,10,4825.6,1075.9,134,0.751,0.223,4
2025-05-15,CL-VLC-02,C,11,5349.6,1517.8,133,0.763,0.284,6
2025-05-16,CL-BCN-01,B,12,5898.9,1504.5,136,0.714,0.255,6
2025-05-16,CL-BCN-02,B,9,4590.0,1014.1,126,0.726,0.221,4
2025-05-16,CL-BIO-01,E,10,5177.8,465.0,117,0.816,0.09,0
2025-05-16,CL-MAD-01,A,12,5473.9,1086.6,152,0.806,0.199,4
2025-05-16,CL-MAD-02,A,10,4622.9,701.4,174,0.741,0.152,9
2025-05-16,CL-MAD-03,A,10,4623.2,944.8,134,0.709,0.204,7
2025-05-16,CL-SEV-01,D,11,11825.0,3609.5,88,0.69,0.305,3
2025-05-16,CL-VLC-01,C,11,5308.7,1233.7,149,0.637,0.232,2
2025-05-16,CL-VLC-02,C,10,4712.3,1019.5,114,0.62,0.216,0
2025-05-17,CL-BCN-01,B,6,3181.6,855.0,78,0.709,0.269,4
2025-05-17,CL-BCN-02,B,8,3961.9,760.4,121,0.838,0.192,6
2025-05-17,CL-BIO-01,E,8,4219.5,711.5,96,0.782,0.169,3
2025-05-17,CL-MAD-01,A,6,2922.8,422.7,86,0.859,0.145,1
2025-05-17,CL-MAD-02,A,8,3482.5,554.2,115,0.759,0.159,1
2025-05-17,CL-MAD-03,A,6,2867.0,394.5,90,0.802,0.138,3
2025-05-17,CL-SEV-01,D,8,8816.7,2774.7,87,0.55,0.315,3
2025-05-17,CL-VLC-01,C,8,4104.5,853.4,85,0.723,0.208,0
2025-05-17,CL-VLC-02,C,8,3910.4,917.1,94,0.835,0.235,3
2025-05-18,CL-BCN-01,B,3,1662.8,307.2,40,0.821,0.185,1
2025-05-18,CL-BCN-02,B,3,1559.7,355.1,44,0.799,0.228,2
2025-05-18,CL-BIO-01,E,3,1612.9,276.9,37,0.896,0.172,0
2025-05-18,CL-MAD-01,A,3,1309.5,194.3,49,0.885,0.148,5
2025-05-18,CL-MAD-02,A,3,1193.3,211.0,38,0.796,0.177,1
2025-05-18,CL-MAD-03,A,3,1290.4,135.1,42,0.718,0.105,4
2025-05-18,CL-SEV-01,D,3,3658.2,1441.6,22,0.593,0.394,0
2025-05-18,CL-VLC-01,C,4,1748.9,350.7,46,0.743,0.201,0
2025-05-18,CL-VLC-02,C,3,1709.2,421.5,42,0.749,0.247,0
2025-05-19,CL-BCN-01,B,9,4725.2,694.7,96,0.689,0.147,6
2025-05-19,CL-BCN-02,B,11,5319.9,1016.4,160,0.684,0.191,5
2025-05-19,CL-BIO-01,E,10,5052.5,540.1,111,0.772,0.107,2
2025-05-19,CL-MAD-01,A,10,4678.6,1051.4,164,0.741,0.225,9
2025-05-19,CL-MAD-02,A,9,4191.9,502.6,117,0.79,0.12,5
2025-05-19,CL-MAD-03,A,11,5059.6,820.3,166,0.821,0.162,4
2025-05-19,CL-SEV-01,D,10,10307.3,3208.3,94,0.637,0.311,1
2025-05-19,CL-VLC-01,C,11,,,136,0.727,,4
2025-05-19,CL-VLC-02,C,10,4688.2,1001.4,133,0.8,0.214,3
2025-05-20,CL-BCN-01,B,12,6170.7,1565.6,178,0.687,0.254,8
2025-05-20,CL-BCN-02,B,11,5286.1,1243.2,182,0.753,0.235,8
2025-05-20,CL-BIO-01,E,11,5583.6,782.0,138,0.924,0.14,2
2025-05-20,CL-MAD-01,A,11,5062.0,912.5,131,0.832,0.18,4
2025-05-20,CL-MAD-02,A,11,4821.4,1004.0,146,0.735,0.208,7
2025-05-20,CL-MAD-03,A,11,4932.5,837.7,142,0.6,0.17,2
2025-05-20,CL-SEV-01,D,10,11077.7,3928.8,63,0.635,0.355,0
2025-05-20,CL-VLC-01,C,10,4961.7,1175.4,127,0.618,0.237,3
2025-05-20,CL-VLC-02,C,10,4940.2,1300.5,141,0.734,0.263,6
2025-05-21,CL-BCN-01,B,11,5263.9,1222.6,144,0.681,0.232,4
2025-05-21,CL-BCN-02,B,11,5327.6,1374.7,159,0.736,0.258,5
2025-05-21,CL-BIO-01,E,10,5179.4,968.7,115,0.8,0.187,1
2025-05-21,CL-MAD-01,A,10,4530.2,1069.0,121,0.799,0.236,5
2025-05-21,CL-MAD-02,A,9,4272.2,949.9,129,0.782,0.222,3
2025-05-21,CL-MAD-03,A,10,4626.9,655.6,126,0.826,0.142,4
2025-05-21,CL-SEV-01,D,9,9747.1,3134.5,85,0.544,0.322,3
2025-05-21,CL-VLC-01,C,10,5108.2,1114.2,115,0.577,0.218,3
2025-05-21,CL-VLC-02,C,11,5552.3,1158.0,109,0.823,0.209,1
2025-05-22,CL-BCN-01,B,10,4965.9,1142.9,116,0.713,0.23,9
2025-05-22,CL-BCN-02,B,8,4152.4,796.9,113,0.755,0.192,10
2025-05-22,CL-BIO-01,E,8,4192.5,608.9,119,0.799,0.145,2
2025-05-22,CL-MAD-01,A,11,4943.3,853.7,148,0.812,0.173,4
2025-05-22,CL-MAD-02,A,10,4376.1,920.0,137,0.846,0.21,5
2025-05-22,CL-MAD-03,A,10,4420.7,920.6,173,0.68,0.208,4
2025-05-22,CL-SEV-01,D,11,11650.9,4056.2,91,0.613,0.348,1
2025-05-22,CL-VLC-01,C,10,4697.2,1235.7,123,0.706,0.263,1
2025-05-22,CL-VLC-02,C,12,5879.7,1528.2,124,0.77,0.26,3
2025-05-23,CL-BCN-01,B,10,4917.2,945.4,113,0.852,0.192,2
2025-05-23,CL-BCN-02,B,10,5176.2,932.5,154,0.767,0.18,4
2025-05-23,CL-BIO-01,E,10,4836.4,762.0,120,0.795,0.158,1
2025-05-23,CL-MAD-01,A,10,4603.7,675.7,127,0.783,0.147,4
2025-05-23,CL-MAD-02,A,9,4050.8,666.4,127,0.881,0.165,10
2025-05-23,CL-MAD-03,A,10,4558.5,926.7,129,0.833,0.203,3
2025-05-23,CL-SEV-01,D,10,10243.6,3472.7,78,0.64,0.339,0
2025-05-23,CL-VLC-01,C,9,4202.4,886.1,122,0.674,0.211,3
2025-05-23,CL-VLC-02,C,11,5188.4,1221.2,115,0.728,0.235,1
2025-05-24,CL-BCN-01,B,8,3955.0,803.4,99,0.736,0.203,5
2025-05-24,CL-BCN-02,B,7,3672.2,666.3,92,0.754,0.181,3
2025-05-24,CL-BIO-01,E,8,4148.2,499.7,96,0.857,0.12,2
2025-05-24,CL-MAD-01,A,7,3212.3,522.8,88,0.763,0.163,2
2025-05-24,CL-MAD-02,A,8,3804.8,768.2,120,0.824,0.202,4
2025-05-24,CL-MAD-03,A,8,3718.7,702.8,106,0.715,0.189,10
2025-05-24,CL-SEV-01,D,7,7547.8,2870.0,38,0.58,0.38,1
2025-05-24,CL-VLC-01,C,7,3397.4,886.2,81,0.631,0.261,1
2025-05-24,CL-VLC-02,C,8,3792.5,823.0,79,0.873,0.217,4
2025-05-25,CL-BCN-01,B,3,1555.9,264.7,40,0.795,0.17,2
2025-05-25,CL-BCN-02,B,3,1460.7,309.3,35,0.702,0.212,3
2025-05-25,CL-BIO-01,E,3,1574.4,239.1,45,0.879,0.152,0
2025-05-25,CL-MAD-01,A,3,1439.6,218.4,40,0.934,0.152,3
2025-05-25,CL-MAD-02,A,4,1722.5,419.7,49,0.826,0.244,0
2025-05-25,CL-MAD-03,A,3,1351.1,270.8,41,0.832,0.2,2
2025-05-25,CL-SEV-01,D,3,,,21,0.61,,0
2025-05-25,CL-VLC-01,C,3,1439.7,323.2,34,0.681,0.224,0
2025-05-25,CL-VLC-02,C,3,1537.9,415.1,30,0.634,0.27,3
2025-05-26,CL-BCN-01,B,9,4529.5,819.1,115,0.719,0.181,4
2025-05-26,CL-BCN-02,B,9,4748.4,845.6,92,0.801,0.178,2
2025-05-26,CL-BIO-01,E,10,5073.4,807.9,138,0.807,0.159,1
2025-05-26,CL-MAD-01,A,10,4444.8,982.4,145,0.914,0.221,5
2025-05-26,CL-MAD-02,A,9,4201.5,920.6,84,0.762,0.219,3
2025-05-26,CL-MAD-03,A,9,4269.3,706.0,121,0.656,0.165,3
2025-05-26,CL-SEV-01,D,9,,,71,0.639,,3
2025-05-26,CL-VLC-01,C,11,5146.6,1247.9,99,0.721,0.242,3
2025-05-26,CL-VLC-02,C,10,4996.5,1271.6,112,0.717,0.254,9
2025-05-27,CL-BCN-01,B,11,5264.5,1160.8,142,0.813,0.22,5
2025-05-27,CL-BCN-02,B,10,5021.7,1079.0,123,0.741,0.215,4
2025-05-27,CL-BIO-01,E,10,5158.2,722.8,126,0.809,0.14,0
2025-05-27,CL-MAD-01,A,9,4182.2,843.4,120,0.765,0.202,1
2025-05-27,CL-MAD-02,A,9,4203.8,730.4,132,0.737,0.174,5
2025-05-27,CL-MAD-03,A,10,4633.8,820.9,125,0.777,0.177,4
2025-05-27,CL-SEV-01,D,11,11316.4,4212.3,88,0.601,0.372,1
2025-05-27,CL-VLC-01,C,11,5327.4,1360.1,122,0.674,0.255,2
2025-05-27,CL-VLC-02,C,10,5039.5,1330.5,117,0.781,0.264,4
2025-05-28,CL-BCN-01,B,9,4519.3,898.9,113,0.7,0.199,4
2025-05-28,CL-BCN-02,B,10,5045.7,971.5,138,0.809,0.193,4
2025-05-28,CL-BIO-01,E,10,5260.9,953.8,102,0.796,0.181,0
2025-05-28,CL-MAD-01,A,10,4409.4,616.0,148,0.76,0.14,6
2025-05-28,CL-MAD-02,A,10,4780.2,1121.6,142,0.823,0.235,4
2025-05-28,CL-MAD-03,A,12,5533.1,1021.2,172,0.723,0.185,8
2025-05-28,CL-SEV-01,D,11,11440.0,4036.6,92,0.567,0.353,1
2025-05-28,CL-VLC-01,C,10,4697.4,1299.2,99,0.766,0.277,4
2025-05-28,CL-VLC-02,C,10,4818.3,1188.4,112,0.7,0.247,1
2025-05-29,CL-BCN-01,B,11,5441.1,1139.6,122,0.659,0.209,2
2025-05-29,CL-BCN-02,B,10,4897.5,1266.8,133,0.642,0.259,3
2025-05-29,CL-BIO-01,E,11,5334.8,388.5,128,0.775,0.073,3
2025-05-29,CL-MAD-01,A,11,5181.9,910.4,131,0.713,0.176,3
2025-05-29,CL-MAD-02,A,11,5030.7,853.7,132,0.875,0.17,7
2025-05-29,CL-MAD-03,A,10,4435.5,963.6,111,0.727,0.217,7
2025-05-29,CL-SEV-01,D,9,10128.4,3636.1,64,0.605,0.359,1
2025-05-29,CL-VLC-01,C,11,5341.9,1498.9,112,0.736,0.281,3
2025-05-29,CL-VLC-02,C,11,5526.3,1386.2,167,0.646,0.251,0
2025-05-30,CL-BCN-01,B,9,4654.2,922.9,110,0.706,0.198,3
2025-05-30,CL-BCN-02,B,11,5271.6,1070.1,124,0.69,0.203,4
2025-05-30,CL-BIO-01,E,10,5195.5,409.3,127,0.793,0.079,1
2025-05-30,CL-MAD-01,A,10,4557.0,722.7,112,0.808,0.159,8
2025-05-30,CL-MAD-02,A,9,4336.3,958.6,120,0.738,0.221,6
2025-05-30,CL-MAD-03,A,11,4863.0,853.9,165,0.792,0.176,5
2025-05-30,CL-SEV-01,D,9,,,68,0.531,,2
2025-05-30,CL-VLC-01,C,9,4371.8,996.0,135,0.707,0.228,3
2025-05-30,CL-VLC-02,C,11,5543.4,1450.2,122,0.746,0.262,2
2025-05-31,CL-BCN-01,B,8,3761.0,667.6,93,0.63,0.178,7
2025-05-31,CL-BCN-02,B,8,4176.5,813.1,95,0.682,0.195,4
2025-05-31,CL-BIO-01,E,6,3034.4,572.9,82,0.793,0.189,2
2025-05-31,CL-MAD-01,A,6,2895.7,301.8,80,0.761,0.104,3
2025-05-31,CL-MAD-02,A,8,3754.2,529.0,123,0.756,0.141,2
2025-05-31,CL-MAD-03,A,8,3484.6,551.4,111,0.836,0.158,5
2025-05-31,CL-SEV-01,D,9,9371.3,3177.0,72,0.772,0.339,2
2025-05-31,CL-VLC-01,C,8,3715.9,688.6,95,0.735,0.185,5
2025-05-31,CL-VLC-02,C,7,3304.9,735.8,82,0.715,0.223,2
2025-06-01,CL-BCN-01,B,3,1582.5,380.2,44,0.765,0.24,4
2025-06-01,CL-BCN-02,B,3,1405.0,322.7,47,0.753,0.23,3
2025-06-01,CL-BIO-01,E,3,1685.7,250.3,34,0.718,0.148,0
2025-06-01,CL-MAD-01,A,3,1398.5,191.6,47,0.76,0.137,2
2025-06-01,CL-MAD-02,A,4,1614.8,299.1,52,0.827,0.185,2
2025-06-01,CL-MAD-03,A,3,1527.5,308.0,44,0.787,0.202,2
2025-06-01,CL-SEV-01,D,3,3598.8,1208.9,20,0.644,0.336,0
2025-06-01,CL-VLC-01,C,3,,,32,0.731,,1
2025-06-01,CL-VLC-02,C,3,1226.5,259.2,35,0.698,0.211,1
2025-06-02,CL-BCN-01,B,11,5455.5,959.0,157,0.673,0.176,5
2025-06-02,CL-BCN-02,B,10,5010.8,1032.8,109,0.793,0.206,3
2025-06-02,CL-BIO-01,E,11,5353.7,965.0,147,0.848,0.18,2
2025-06-02,CL-MAD-01,A,10,4546.3,895.0,156,0.849,0.197,9
2025-06-02,CL-MAD-02,A,10,4670.4,552.1,151,0.85,0.118,7
2025-06-02,CL-MAD-03,A,9,4021.4,751.7,136,0.747,0.187,3
2025-06-02,CL-SEV-01,D,11,,,55,0.632,,1
2025-06-02,CL-VLC-01,C,11,5562.1,1451.6,128,0.687,0.261,4
2025-06-02,CL-VLC-02,C,10,4654.9,952.6,89,0.688,0.205,1
2025-06-03,CL-BCN-01,B,11,5683.4,1405.8,114,0.774,0.247,3
2025-06-03,CL-BCN-02,B,10,5212.4,1296.0,142,0.777,0.249,8
2025-06-03,CL-BIO-01,E,9,4671.6,698.8,113,0.806,0.15,3
2025-06-03,CL-MAD-01,A,13,5782.3,876.2,164,0.819,0.152,5
2025-06-03,CL-MAD-02,A,13,6056.2,1166.1,187,0.918,0.193,14
2025-06-03,CL-MAD-03,A,11,5060.2,1138.3,145,0.805,0.225,6
2025-06-03,CL-SEV-01,D,11,12310.1,3975.3,117,0.635,0.323,3
2025-06-03,CL-VLC-01,C,11,5158.4,1361.7,130,0.749,0.264,5
2025-06-03,CL-VLC-02,C,12,5639.3,1306.2,148,0.745,0.232,1
2025-06-04,CL-BCN-01,B,13,6597.3,897.0,114,0.813,0.136,4
2025-06-04,CL-BCN-02,B,9,4556.2,880.8,134,0.749,0.193,6
2025-06-04,CL-BIO-01,E,9,4657.5,619.8,120,0.83,0.133,0
2025-06-04,CL-MAD-01,A,11,4885.5,985.0,172,0.809,0.202,8
2025-06-04,CL-MAD-02,A,11,5081.7,1021.4,136,0.719,0.201,7
2025-06-04,CL-MAD-03,A,10,4755.9,962.1,147,0.861,0.202,5
2025-06-04,CL-SEV-01,D,11,12122.8,4430.8,81,0.626,0.365,1
2025-06-04,CL-VLC-01,C,10,5042.6,1303.4,125,0.775,0.258,2
2025-06-04,CL-VLC-02,C,11,5589.4,1356.6,117,0.746,0.243,3
2025-06-05,CL-BCN-01,B,12,6080.7,1346.1,177,0.865,0.221,6
2025-06-05,CL-BCN-02,B,10,4883.5,1210.7,130,0.838,0.248,3
2025-06-05,CL-BIO-01,E,10,4909.3,716.7,107,0.872,0.146,1
2025-06-05,CL-MAD-01,A,10,4682.7,736.0,151,0.758,0.157,7
2025-06-05,CL-MAD-02,A,10,4584.2,876.5,167,0.773,0.191,3
2025-06-05,CL-MAD-03,A,11,5011.0,791.8,148,0.624,0.158,4
2025-06-05,CL-SEV-01,D,11,12196.2,4434.2,100,0.579,0.364,3
2025-06-05,CL-VLC-01,C,11,5237.7,1213.4,94,0.769,0.232,2
2025-06-05,CL-VLC-02,C,10,5097.9,1079.1,118,0.678,0.212,2
2025-06-06,CL-BCN-01,B,11,5451.8,1045.5,145,0.815,0.192,5
2025-06-06,CL-BCN-02,B,9,4647.0,1022.8,124,0.815,0.22,5
2025-06-06,CL-BIO-01,E,12,6014.2,612.5,144,0.907,0.102,1
2025-06-06,CL-MAD-01,A,12,5570.3,1082.1,182,0.765,0.194,10
2025-06-06,CL-MAD-02,A,12,5479.6,1249.6,169,0.702,0.228,6
2025-06-06,CL-MAD-03,A,9,4286.3,784.0,113,0.707,0.183,5
2025-06-06,CL-SEV-01,D,11,11386.7,4049.5,93,0.615,0.356,2
2025-06-06,CL-VLC-01,C,12,5693.9,1392.2,120,0.78,0.245,1
2025-06-06,CL-VLC-02,C,10,5050.3,1089.0,124,0.829,0.216,2
2025-06-07,CL-BCN-01,B,8,3876.0,693.5,95,0.593,0.179,3
2025-06-07,CL-BCN-02,B,8,4055.8,805.9,112,0.779,0.199,3
2025-06-07,CL-BIO-01,E,7,3723.1,343.0,94,0.872,0.092,1
2025-06-07,CL-MAD-01,A,8,3672.1,504.6,105,0.778,0.137,5
2025-06-07,CL-MAD-02,A,7,,,76,0.64,,2
2025-06-07,CL-MAD-03,A,8,3720.8,610.2,108,0.813,0.164,9
2025-06-07,CL-SEV-01,D,8,8519.0,2643.5,83,0.658,0.31,1
2025-06-07,CL-VLC-01,C,8,3884.9,945.3,119,0.689,0.243,2
2025-06-07,CL-VLC-02,C,9,4346.1,882.5,96,0.714,0.203,2
2025-06-08,CL-BCN-01,B,3,1479.9,328.6,41,0.714,0.222,2
2025-06-08,CL-BCN-02,B,3,1416.7,302.9,42,0.767,0.214,2
2025-06-08,CL-BIO-01,E,3,1729.7,271.3,34,0.877,0.157,0
2025-06-08,CL-MAD-01,A,3,1422.3,248.2,41,0.746,0.175,4
2025-06-08,CL-MAD-02,A,3,1459.6,236.5,46,0.729,0.162,2
2025-06-08,CL-MAD-03,A,3,1322.2,193.5,40,0.843,0.146,1
2025-06-08,CL-SEV-01,D,3,3384.2,1050.5,33,0.687,0.31,1
2025-06-08,CL-VLC-01,C,4,1719.9,488.5,36,0.669,0.284,0
2025-06-08,CL-VLC-02,C,4,1784.9,473.5,47,0.814,0.265,1
2025-06-09,CL-BCN-01,B,10,4749.8,898.8,147,0.836,0.189,2
2025-06-09,CL-BCN-02,B,10,4863.2,694.7,144,0.786,0.143,3
2025-06-09,CL-BIO-01,E,11,5543.0,913.4,118,0.802,0.165,1
2025-06-09,CL-MAD-01,A,11,4948.5,895.3,134,0.711,0.181,4
2025-06-09,CL-MAD-02,A,11,4969.0,818.7,141,0.747,0.165,6
2025-06-09,CL-MAD-03,A,10,4690.5,806.6,136,0.762,0.172,5
2025-06-09,CL-SEV-01,D,11,11766.5,3442.2,89,0.68,0.293,1
2025-06-09,CL-VLC-01,C,11,5492.2,1363.1,128,0.669,0.248,0
2025-06-09,CL-VLC-02,C,9,4364.8,657.3,113,0.694,0.151,3
2025-06-10,CL-BCN-01,B,11,5488.3,1669.9,155,0.734,0.304,9
2025-06-10,CL-BCN-02,B,10,4923.3,841.2,85,0.629,0.171,4
2025-06-10,CL-BIO-01,E,9,4471.8,684.6,93,0.863,0.153,1
2025-06-10,CL-MAD-01,A,11,4991.7,1018.8,154,0.781,0.204,5
2025-06-10,CL-MAD-02,A,10,4743.9,871.0,139,0.78,0.184,5
2025-06-10,CL-MAD-03,A,10,4667.3,844.9,132,0.795,0.181,8
2025-06-10,CL-SEV-01,D,12,12522.1,3992.5,101,0.559,0.319,1
2025-06-10,CL-VLC-01,C,11,5141.6,1403.1,135,0.684,0.273,1
2025-06-10,CL-VLC-02,C,12,5638.7,1586.2,177,0.601,0.281,5
2025-06-11,CL-BCN-01,B,11,5342.4,928.6,142,0.781,0.174,4
2025-06-11,CL-BCN-02,B,10,5122.2,1030.9,152,0.702,0.201,8
2025-06-11,CL-BIO-01,E,10,5216.2,924.8,155,0.723,0.177,1
2025-06-11,CL-MAD-01,A,10,4518.4,995.9,148,0.803,0.22,6
2025-06-11,CL-MAD-02,A,11,5182.1,1069.2,173,0.714,0.206,6
2025-06-11,CL-MAD-03,A,12,5583.5,1059.7,157,0.818,0.19,5
2025-06-11,CL-SEV-01,D,10,11031.1,3666.6,73,0.602,0.332,0
2025-06-11,CL-VLC-01,C,11,5297.4,1163.7,129,0.593,0.22,1
2025-06-11,CL-VLC-02,C,11,5605.1,1177.9,127,0.698,0.21,3
2025-06-12,CL-BCN-01,B,12,6193.1,955.7,157,0.692,0.154,8
2025-06-12,CL-BCN-02,B,11,5737.9,1176.2,149,0.722,0.205,3
2025-06-12,CL-BIO-01,E,10,5082.4,725.8,115,0.818,0.143,3
2025-06-12,CL-MAD-01,A,11,5263.1,816.9,152,0.761,0.155,4
2025-06-12,CL-MAD-02,A,10,4774.0,796.6,141,0.912,0.167,5
2025-06-12,CL-MAD-03,A,11,5254.5,857.9,139,0.738,0.163,10
2025-06-12,CL-SEV-01,D,11,11401.6,3775.6,94,0.56,0.331,2
2025-06-12,CL-VLC-01,C,11,,,126,0.819,,3
2025-06-12,CL-VLC-02,C,11,5247.9,1433.8,122,0.744,0.273,0
2025-06-13,CL-BCN-01,B,10,5106.8,1026.5,131,0.731,0.201,2
2025-06-13,CL-BCN-02,B,11,5430.1,1124.2,151,0.754,0.207,5
2025-06-13,CL-BIO-01,E,10,5066.8,762.9,136,0.802,0.151,2
2025-06-13,CL-MAD-01,A,10,4762.7,741.9,139,0.811,0.156,6
2025-06-13,CL-MAD-02,A,9,4240.2,783.4,112,0.748,0.185,2
2025-06-13,CL-MAD-03,A,10,4659.7,710.5,156,0.82,0.152,8
2025-06-13,CL-SEV-01,D,10,10271.1,3689.5,45,0.63,0.359,0
2025-06-13,CL-VLC-01,C,11,5297.4,1161.8,129,0.7,0.219,3
2025-06-13,CL-VLC-02,C,11,5273.2,1403.4,144,0.713,0.266,5
2025-06-14,CL-BCN-01,B,7,3409.5,583.1,83,0.761,0.171,2
2025-06-14,CL-BCN-02,B,7,3482.8,782.3,99,0.8,0.225,4
2025-06-14,CL-BIO-01,E,7,3683.2,400.7,84,0.851,0.109,1
2025-06-14,CL-MAD-01,A,7,3285.1,739.7,101,0.811,0.225,7
2025-06-14,CL-MAD-02,A,10,4496.7,757.8,161,0.738,0.169,8
2025-06-14,CL-MAD-03,A,8,3713.8,425.6,104,0.857,0.115,1
2025-06-14,CL-SEV-01,D,9,9544.8,2958.5,48,0.577,0.31,0
2025-06-14,CL-VLC-01,C,7,3371.6,811.8,92,0.596,0.241,3
2025-06-14,CL-VLC-02,C,9,4279.6,961.2,107,0.71,0.225,3
2025-06-15,CL-BCN-01,B,3,1712.4,285.1,36,0.682,0.166,3
2025-06-15,CL-BCN-02,B,3,1630.6,272.4,44,0.752,0.167,0
2025-06-15,CL-BIO-01,E,3,1607.2,282.8,42,0.762,0.176,0
2025-06-15,CL-MAD-01,A,3,1388.0,256.5,40,0.821,0.185,1
2025-06-15,CL-MAD-02,A,3,1561.6,334.0,44,0.798,0.214,1
2025-06-15,CL-MAD-03,A,4,1623.9,393.6,57,0.695,0.242,1
2025-06-15,CL-SEV-01,D,3,3438.7,1088.9,20,0.592,0.317,0
2025-06-15,CL-VLC-01,C,3,,,43,0.693,,0
2025-06-15,CL-VLC-02,C,3,1620.5,403.8,36,0.705,0.249,1
2025-06-16,CL-BCN-01,B,10,5201.8,938.9,122,0.737,0.18,3
2025-06-16,CL-BCN-02,B,13,6298.4,1022.0,183,0.757,0.162,4
2025-06-16,CL-BIO-01,E,11,5732.1,504.7,136,0.881,0.088,1
2025-06-16,CL-MAD-01,A,11,4936.7,848.0,149,0.833,0.172,3
2025-06-16,CL-MAD-02,A,12,5410.3,1061.3,182,0.776,0.196,6
2025-06-16,CL-MAD-03,A,12,5507.6,1244.7,160,0.673,0.226,5
2025-06-16,CL-SEV-01,D,9,9665.5,3830.6,47,0.737,0.396,2
2025-06-16,CL-VLC-01,C,11,5191.9,1292.8,130,0.75,0.249,1
2025-06-16,CL-VLC-02,C,10,5089.3,1213.3,108,0.686,0.238,2
2025-06-17,CL-BCN-01,B,9,4419.4,770.5,140,0.728,0.174,4
2025-06-17,CL-BCN-02,B,10,4892.6,1096.3,128,0.741,0.224,5
2025-06-17,CL-BIO-01,E,10,5308.0,740.8,99,0.83,0.14,2
2025-06-17,CL-MAD-01,A,11,4985.1,731.6,141,0.786,0.147,7
2025-06-17,CL-MAD-02,A,10,4634.3,855.6,158,0.714,0.185,5
2025-06-17,CL-MAD-03,A,9,4311.2,752.9,114,0.816,0.175,1
2025-06-17,CL-SEV-01,D,11,11814.5,3948.3,97,0.633,0.334,0
2025-06-17,CL-VLC-01,C,10,4945.1,1022.8,133,0.721,0.207,2
2025-06-17,CL-VLC-02,C,10,4891.4,1497.1,141,0.851,0.306,4
2025-06-18,CL-BCN-01,B,8,4227.4,768.3,104,0.723,0.182,1
2025-06-18,CL-BCN-02,B,11,5465.6,958.0,150,0.664,0.175,7
2025-06-18,CL-BIO-01,E,10,5243.4,597.2,114,0.878,0.114,1
2025-06-18,CL-MAD-01,A,11,5120.8,998.9,157,0.714,0.195,4
2025-06-18,CL-MAD-02,A,13,5833.9,941.8,195,0.896,0.161,6
2025-06-18,CL-MAD-03,A,9,4319.8,956.5,129,0.795,0.221,7
2025-06-18,CL-SEV-01,D,12,12469.8,4596.8,100,0.564,0.369,2
2025-06-18,CL-VLC-01,C,9,4620.7,959.8,92,0.765,0.208,5
2025-06-18,CL-VLC-02,C,10,5091.7,1240.4,99,0.751,0.244,0
2025-06-19,CL-BCN-01,B,12,5930.0,1316.4,137,0.653,0.222,10
2025-06-19,CL-BCN-02,B,10,5053.9,973.0,118,0.823,0.193,5
2025-06-19,CL-BIO-01,E,12,6052.3,909.4,166,0.763,0.15,2
2025-06-19,CL-MAD-01,A,10,4448.8,674.8,150,0.738,0.152,1
2025-06-19,CL-MAD-02,A,11,,,167,0.851,,7
2025-06-19,CL-MAD-03,A,11,5058.4,617.4,167,0.677,0.122,9
2025-06-19,CL-SEV-01,D,12,12610.6,3837.4,109,0.626,0.304,2
2025-06-19,CL-VLC-01,C,10,4800.4,1153.6,109,0.605,0.24,5
2025-06-19,CL-VLC-02,C,12,5651.0,1183.8,128,0.679,0.209,4
2025-06-20,CL-BCN-01,B,11,5431.7,1332.0,150,0.741,0.245,5
2025-06-20,CL-BCN-02,B,10,5109.5,1278.2,120,0.791,0.25,2
2025-06-20,CL-BIO-01,E,9,4800.6,503.7,115,0.814,0.105,1
2025-06-20,CL-MAD-01,A,10,4447.8,788.1,115,0.79,0.177,6
2025-06-20,CL-MAD-02,A,11,5157.5,1044.0,146,0.773,0.202,3
2025-06-20,CL-MAD-03,A,12,5721.8,1101.6,144,0.738,0.193,7
2025-06-20,CL-SEV-01,D,13,14509.1,4951.6,86,0.553,0.341,0
2025-06-20,CL-VLC-01,C,10,5047.9,1132.6,129,0.673,0.224,6
2025-06-20,CL-VLC-02,C,11,,,125,0.739,,4
2025-06-21,CL-BCN-01,B,7,,,94,0.89,,4
2025-06-21,CL-BCN-02,B,9,4337.6,1040.5,108,0.773,0.24,1
2025-06-21,CL-BIO-01,E,7,3661.4,657.1,93,0.798,0.179,3
2025-06-21,CL-MAD-01,A,8,3524.1,695.5,121,0.855,0.197,6
2025-06-21,CL-MAD-02,A,7,3262.6,697.1,95,0.841,0.214,6
2025-06-21,CL-MAD-03,A,8,3443.3,810.6,105,0.764,0.235,6
2025-06-21,CL-SEV-01,D,7,7603.7,2700.1,65,0.544,0.355,1
2025-06-21,CL-VLC-01,C,9,4375.0,1108.6,104,0.721,0.253,1
2025-06-21,CL-VLC-02,C,8,3803.3,777.9,128,0.739,0.205,2
2025-06-22,CL-BCN-01,B,2,1209.5,290.6,30,0.791,0.24,1
2025-06-22,CL-BCN-02,B,3,1593.6,342.5,44,0.767,0.215,3
2025-06-22,CL-BIO-01,E,3,1332.0,192.6,38,0.781,0.145,0
2025-06-22,CL-MAD-01,A,3,1391.5,246.8,40,0.762,0.177,3
2025-06-22,CL-MAD-02,A,4,1705.5,232.2,64,0.792,0.136,4
2025-06-22,CL-MAD-03,A,3,1444.6,242.5,46,0.88,0.168,2
2025-06-22,CL-SEV-01,D,4,3896.1,1172.9,40,0.588,0.301,0
2025-06-22,CL-VLC-01,C,3,1654.1,343.1,36,0.719,0.207,1
2025-06-22,CL-VLC-02,C,3,1388.9,296.7,33,0.666,0.214,0
2025-06-23,CL-BCN-01,B,10,4981.1,1168.8,109,0.777,0.235,2
2025-06-23,CL-BCN-02,B,10,5187.1,1130.3,163,0.761,0.218,8
2025-06-23,CL-BIO-01,E,10,4959.3,529.1,134,0.748,0.107,0
2025-06-23,CL-MAD-01,A,10,4518.9,727.2,128,0.772,0.161,4
2025-06-23,CL-MAD-02,A,10,4457.3,654.3,166,0.832,0.147,6
2025-06-23,CL-MAD-03,A,10,4642.0,909.0,119,0.698,0.196,6
2025-06-23,CL-SEV-01,D,12,12527.8,4340.6,90,0.61,0.346,4
2025-06-23,CL-VLC-01,C,10,4748.2,1319.0,108,0.706,0.278,1
2025-06-23,CL-VLC-02,C,9,4270.4,1015.2,102,0.723,0.238,3
2025-06-24,CL-BCN-01,B,11,5674.1,1252.2,152,0.702,0.221,13
2025-06-24,CL-BCN-02,B,11,5248.6,1104.6,102,0.753,0.21,1
2025-06-24,CL-BIO-01,E,10,5279.3,680.7,121,0.821,0.129,3
2025-06-24,CL-MAD-01,A,11,,,215,0.762,,10
2025-06-24,CL-MAD-02,A,9,4339.0,938.6,127,0.83,0.216,6
2025-06-24,CL-MAD-03,A,11,5173.9,764.3,149,0.833,0.148,10
2025-06-24,CL-SEV-01,D,10,10329.8,3355.4,79,0.617,0.325,3
2025-06-24,CL-VLC-01,C,11,5180.0,975.3,149,0.666,0.188,2
2025-06-24,CL-VLC-02,C,11,5326.6,1288.2,107,0.7,0.242,2
2025-06-25,CL-BCN-01,B,11,5520.4,1198.0,141,0.745,0.217,3
2025-06-25,CL-BCN-02,B,11,5687.3,1255.1,152,0.738,0.221,6
2025-06-25,CL-BIO-01,E,12,5983.9,753.8,121,0.86,0.126,0
2025-06-25,CL-MAD-01,A,11,5166.6,780.1,164,0.706,0.151,6
2025-06-25,CL-MAD-02,A,9,4248.5,890.8,116,0.772,0.21,6
2025-06-25,CL-MAD-03,A,11,5126.9,945.8,136,0.806,0.184,11
2025-06-25,CL-SEV-01,D,11,11625.5,4429.3,127,0.706,0.381,1
2025-06-25,CL-VLC-01,C,12,5965.8,1168.3,129,0.789,0.196,2
2025-06-25,CL-VLC-02,C,10,5000.4,1148.9,98,0.652,0.23,0
2025-06-26,CL-BCN-01,B,12,5994.9,1172.7,178,0.759,0.196,4
2025-06-26,CL-BCN-02,B,12,5999.3,1550.9,119,0.723,0.259,2
2025-06-26,CL-BIO-01,E,11,5702.0,720.7,141,0.892,0.126,3
2025-06-26,CL-MAD-01,A,12,5528.7,1033.3,184,0.754,0.187,7
2025-06-26,CL-MAD-02,A,11,5115.2,1049.2,150,0.795,0.205,5
2025-06-26,CL-MAD-03,A,11,5160.6,1136.7,156,0.743,0.22,11
2025-06-26,CL-SEV-01,D,10,11194.1,3782.1,86,0.601,0.338,1
2025-06-26,CL-VLC-01,C,9,4559.6,1205.8,98,0.72,0.264,2
2025-06-26,CL-VLC-02,C,10,5127.1,880.7,121,0.666,0.172,0
2025-06-27,CL-BCN-01,B,11,5590.5,942.9,155,0.779,0.169,7
2025-06-27,CL-BCN-02,B,11,5694.6,1051.2,139,0.877,0.185,2
2025-06-27,CL-BIO-01,E,11,5412.6,435.8,117,0.932,0.081,5
2025-06-27,CL-MAD-01,A,11,4839.1,771.3,131,0.861,0.159,6
2025-06-27,CL-MAD-02,A,11,4858.8,936.6,154,0.851,0.193,6
2025-06-27,CL-MAD-03,A,12,5698.1,1024.1,132,0.839,0.18,9
2025-06-27,CL-SEV-01,D,12,12872.3,3808.4,142,0.629,0.296,3
2025-06-27,CL-VLC-01,C,10,4974.6,865.3,130,0.793,0.174,5
2025-06-27,CL-VLC-02,C,11,5355.1,1395.7,158,0.723,0.261,6
2025-06-28,CL-BCN-01,B,8,4102.2,920.8,103,0.899,0.224,3
2025-06-28,CL-BCN-02,B,8,3857.4,861.4,101,0.749,0.223,2
2025-06-28,CL-BIO-01,E,10,5271.0,686.2,135,0.825,0.13,2
2025-06-28,CL-MAD-01,A,8,3566.5,693.8,135,0.73,0.195,5
2025-06-28,CL-MAD-02,A,8,3838.3,611.4,102,0.773,0.159,5
2025-06-28,CL-MAD-03,A,7,3362.5,734.9,77,0.811,0.219,4
2025-06-28,CL-SEV-01,D,7,7967.0,2600.9,68,0.702,0.326,0
2025-06-28,CL-VLC-01,C,7,3505.2,782.7,83,0.693,0.223,2
2025-06-28,CL-VLC-02,C,9,4173.3,1033.1,131,0.639,0.248,3
2025-06-29,CL-BCN-01,B,3,1635.6,415.9,42,0.673,0.254,1
2025-06-29,CL-BCN-02,B,3,1672.3,327.3,36,0.718,0.196,4
2025-06-29,CL-BIO-01,E,4,1859.3,278.6,52,0.789,0.15,1
2025-06-29,CL-MAD-01,A,3,1443.2,257.5,50,0.769,0.178,3
2025-06-29,CL-MAD-02,A,3,1518.3,198.0,38,0.835,0.13,3
2025-06-29,CL-MAD-03,A,3,1454.0,282.8,43,0.825,0.194,0
2025-06-29,CL-SEV-01,D,3,3153.5,1162.8,27,0.617,0.369,0
2025-06-29,CL-VLC-01,C,3,1506.8,352.3,38,0.77,0.234,0
2025-06-29,CL-VLC-02,C,3,1606.2,366.6,33,0.704,0.228,1
2025-06-30,CL-BCN-01,B,9,4594.1,763.3,112,0.609,0.166,2
2025-06-30,CL-BCN-02,B,12,5893.3,1514.9,149,0.687,0.257,7
2025-06-30,CL-BIO-01,E,10,5083.3,896.2,103,0.869,0.176,0
2025-06-30,CL-MAD-01,A,10,4530.0,847.1,139,0.804,0.187,3
2025-06-30,CL-MAD-02,A,12,5728.5,1180.7,150,0.793,0.206,7
2025-06-30,CL-MAD-03,A,11,4921.5,899.3,176,0.855,0.183,4
2025-06-30,CL-SEV-01,D,12,12426.3,4049.5,79,0.604,0.326,3
2025-06-30,CL-VLC-01,C,9,4326.7,1090.5,85,0.621,0.252,0
2025-06-30,CL-VLC-02,C,10,4680.2,1001.2,110,0.723,0.214,2
2025-07-01,CL-BCN-01,B,12,5969.0,1388.1,137,0.766,0.233,5
2025-07-01,CL-BCN-02,B,12,5804.7,1130.7,147,0.735,0.195,5
2025-07-01,CL-BIO-01,E,11,5654.8,871.3,145,0.946,0.154,3
2025-07-01,CL-MAD-01,A,12,5299.9,1102.8,126,0.824,0.208,6
2025-07-01,CL-MAD-02,A,12,5375.4,887.7,169,0.808,0.165,9
2025-07-01,CL-MAD-03,A,14,6376.3,1135.0,172,0.768,0.178,7
2025-07-01,CL-SEV-01,D,11,11901.9,3898.4,89,0.62,0.328,1
2025-07-01,CL-VLC-01,C,10,5043.1,1392.8,124,0.737,0.276,7
2025-07-01,CL-VLC-02,C,9,4638.0,880.8,107,0.755,0.19,2
2025-07-02,CL-BCN-01,B,12,6152.6,1274.2,167,0.826,0.207,7
2025-07-02,CL-BCN-02,B,12,5935.2,1478.3,154,0.735,0.249,5
2025-07-02,CL-BIO-01,E,11,5596.5,609.3,120,0.835,0.109,0
2025-07-02,CL-MAD-01,A,11,5255.2,889.8,175,0.852,0.169,12
2025-07-02,CL-MAD-02,A,13,5740.9,825.8,166,0.675,0.144,8
2025-07-02,CL-MAD-03,A,11,4966.8,759.8,143,0.647,0.153,5
2025-07-02,CL-SEV-01,D,11,11408.0,4430.5,101,0.706,0.388,2
2025-07-02,CL-VLC-01,C,13,6235.9,1459.2,145,0.65,0.234,1
2025-07-02,CL-VLC-02,C,11,5598.8,1230.3,151,0.578,0.22,3
2025-07-03,CL-BCN-01,B,14,7229.8,1632.7,154,0.726,0.226,2
2025-07-03,CL-BCN-02,B,12,6044.8,1337.5,147,0.705,0.221,4
2025-07-03,CL-BIO-01,E,11,5820.6,721.4,147,0.878,0.124,0
2025-07-03,CL-MAD-01,A,11,4852.5,820.6,153,0.847,0.169,8
2025-07-03,CL-MAD-02,A,12,5380.5,1019.2,134,0.758,0.189,11
2025-07-03,CL-MAD-03,A,12,5518.9,1084.3,152,0.679,0.196,9
2025-07-03,CL-SEV-01,D,12,12542.1,4745.3,74,0.623,0.378,2
2025-07-03,CL-VLC-01,C,9,4511.7,991.8,119,0.616,0.22,4
2025-07-03,CL-VLC-02,C,10,4797.0,1332.6,129,0.746,0.278,2
2025-07-04,CL-BCN-01,B,13,6550.5,1301.2,168,0.781,0.199,8
2025-07-04,CL-BCN-02,B,10,4964.3,1131.1,139,0.767,0.228,2
2025-07-04,CL-BIO-01,E,10,4954.8,839.6,148,0.822,0.169,2
2025-07-04,CL-MAD-01,A,11,5199.3,816.0,169,0.734,0.157,10
2025-07-04,CL-MAD-02,A,11,5113.4,769.8,157,0.792,0.151,6
2025-07-04,CL-MAD-03,A,13,5733.2,1141.8,158,0.795,0.199,7
2025-07-04,CL-SEV-01,D,13,13498.2,4433.6,117,0.625,0.328,1
2025-07-04,CL-VLC-01,C,13,6332.2,1644.7,157,0.693,0.26,4
2025-07-04,CL-VLC-02,C,11,5497.3,1273.9,137,0.639,0.232,1
2025-07-05,CL-BCN-01,B,9,4581.7,931.7,120,0.629,0.203,2
2025-07-05,CL-BCN-02,B,8,3852.2,897.9,106,0.766,0.233,4
2025-07-05,CL-BIO-01,E,8,3812.9,546.2,99,0.865,0.143,1
2025-07-05,CL-MAD-01,A,8,3545.2,699.1,121,0.786,0.197,3
2025-07-05,CL-MAD-02,A,9,3944.4,750.7,125,0.833,0.19,4
2025-07-05,CL-MAD-03,A,8,3827.6,615.3,109,0.864,0.161,2
2025-07-05,CL-SEV-01,D,10,10451.1,3613.5,64,0.615,0.346,0
2025-07-05,CL-VLC-01,C,8,4082.9,887.3,87,0.629,0.217,2
2025-07-05,CL-VLC-02,C,9,4159.2,971.9,100,0.721,0.234,1
2025-07-06,CL-BCN-01,B,4,1808.3,276.4,51,0.807,0.153,1
2025-07-06,CL-BCN-02,B,4,1750.1,434.6,50,0.682,0.248,2
2025-07-06,CL-BIO-01,E,4,1981.7,262.9,45,0.818,0.133,2
2025-07-06,CL-MAD-01,A,3,1588.5,379.1,41,0.853,0.239,1
2025-07-06,CL-MAD-02,A,3,1454.0,278.3,43,0.803,0.191,1
2025-07-06,CL-MAD-03,A,4,1824.7,341.0,52,0.794,0.187,3
2025-07-06,CL-SEV-01,D,4,4046.2,1125.1,26,0.627,0.278,0
2025-07-06,CL-VLC-01,C,3,1615.6,371.0,32,0.708,0.23,0
2025-07-06,CL-VLC-02,C,4,1850.1,379.9,47,0.772,0.205,2
2025-07-07,CL-BCN-01,B,11,5652.9,924.8,170,0.795,0.164,3
2025-07-07,CL-BCN-02,B,11,5289.6,1085.2,141,0.764,0.205,6
2025-07-07,CL-BIO-01,E,12,6157.9,659.4,159,0.805,0.107,2
2025-07-07,CL-MAD-01,A,12,5375.8,789.3,151,0.714,0.147,8
2025-07-07,CL-MAD-02,A,11,5077.8,1049.6,171,0.734,0.207,8
2025-07-07,CL-MAD-03,A,11,4896.1,1029.3,151,0.704,0.21,7
2025-07-07,CL-SEV-01,D,10,10794.1,4015.5,85,0.608,0.372,2
2025-07-07,CL-VLC-01,C,12,5798.7,1198.6,146,0.738,0.207,5
2025-07-07,CL-VLC-02,C,13,6117.0,1549.2,176,0.661,0.253,4
2025-07-08,CL-BCN-01,B,10,5163.8,1077.3,108,0.734,0.209,3
2025-07-08,CL-BCN-02,B,13,6255.5,1043.6,177,0.701,0.167,10
2025-07-08,CL-BIO-01,E,11,5437.6,817.8,122,0.772,0.15,0
2025-07-08,CL-MAD-01,A,12,,,201,0.812,,5
2025-07-08,CL-MAD-02,A,11,4939.0,1165.2,160,0.758,0.236,8
2025-07-08,CL-MAD-03,A,12,5491.2,786.7,164,0.776,0.143,14
2025-07-08,CL-SEV-01,D,11,11790.4,3502.4,99,0.548,0.297,1
2025-07-08,CL-VLC-01,C,11,,,107,0.732,,0
2025-07-08,CL-VLC-02,C,13,6382.3,1598.2,171,0.626,0.25,4
2025-07-09,CL-BCN-01,B,12,6130.4,1157.8,163,0.696,0.189,9
2025-07-09,CL-BCN-02,B,13,6435.8,1256.3,164,0.694,0.195,6
2025-07-09,CL-BIO-01,E,10,5195.7,1123.3,108,0.989,0.216,0
2025-07-09,CL-MAD-01,A,11,4840.0,819.5,164,0.779,0.169,6
2025-07-09,CL-MAD-02,A,10,4796.3,794.0,111,0.811,0.166,4
2025-07-09,CL-MAD-03,A,9,4083.3,655.0,120,0.853,0.16,4
2025-07-09,CL-SEV-01,D,10,10842.3,4059.9,87,0.614,0.374,3
2025-07-09,CL-VLC-01,C,12,5680.4,1218.5,131,0.707,0.215,2
2025-07-09,CL-VLC-02,C,11,5211.2,1239.8,123,0.722,0.238,1
2025-07-10,CL-BCN-01,B,12,5767.9,1033.9,156,0.756,0.179,3
2025-07-10,CL-BCN-02,B,13,6289.5,1092.8,146,0.727,0.174,0
2025-07-10,CL-BIO-01,E,10,5140.4,841.0,108,0.777,0.164,0
2025-07-10,CL-MAD-01,A,11,4870.6,931.5,123,0.768,0.191,0
2025-07-10,CL-MAD-02,A,10,4579.9,834.9,156,0.827,0.182,7
2025-07-10,CL-MAD-03,A,11,5110.5,949.5,168,0.831,0.186,4
2025-07-10,CL-SEV-01,D,11,12304.1,4153.6,96,0.601,0.338,1
2025-07-10,CL-VLC-01,C,13,6258.2,1423.1,162,0.611,0.227,4
2025-07-10,CL-VLC-02,C,10,4783.5,1161.4,116,0.678,0.243,2
2025-07-11,CL-BCN-01,B,9,4471.7,1022.2,134,0.828,0.229,1
2025-07-11,CL-BCN-02,B,10,5188.1,889.9,131,0.695,0.172,6
2025-07-11,CL-BIO-01,E,12,6252.7,908.1,169,0.952,0.145,5
2025-07-11,CL-MAD-01,A,10,4682.8,943.7,133,0.691,0.202,6
2025-07-11,CL-MAD-02,A,11,5146.7,607.2,176,0.724,0.118,3
2025-07-11,CL-MAD-03,A,12,5660.6,829.7,183,0.722,0.147,8
2025-07-11,CL-SEV-01,D,12,12811.9,3866.4,114,0.643,0.302,2
2025-07-11,CL-VLC-01,C,9,4544.7,1281.5,106,0.634,0.282,2
2025-07-11,CL-VLC-02,C,11,5297.4,1233.9,129,0.749,0.233,2
2025-07-12,CL-BCN-01,B,7,3548.1,753.2,94,0.749,0.212,2
2025-07-12,CL-BCN-02,B,8,3929.9,879.9,106,0.773,0.224,3
2025-07-12,CL-BIO-01,E,9,4589.0,527.9,108,0.87,0.115,1
2025-07-12,CL-MAD-01,A,9,3993.8,705.6,140,0.713,0.177,9
2025-07-12,CL-MAD-02,A,9,4266.4,734.4,123,0.754,0.172,4
2025-07-12,CL-MAD-03,A,9,4006.3,737.7,133,0.806,0.184,5
2025-07-12,CL-SEV-01,D,7,7631.4,2661.1,53,0.661,0.349,0
2025-07-12,CL-VLC-01,C,8,3783.5,571.9,102,0.758,0.151,4
2025-07-12,CL-VLC-02,C,9,4287.6,971.8,118,0.71,0.227,2
2025-07-13,CL-BCN-01,B,3,1733.4,317.9,48,0.63,0.183,2
2025-07-13,CL-BCN-02,B,3,1663.5,321.8,44,0.84,0.193,0
2025-07-13,CL-BIO-01,E,4,1784.0,194.9,48,0.925,0.109,1
2025-07-13,CL-MAD-01,A,4,1683.4,365.2,52,0.786,0.217,4
2025-07-13,CL-MAD-02,A,4,1848.5,351.3,45,0.751,0.19,2
2025-07-13,CL-MAD-03,A,3,1566.7,229.2,41,0.772,0.146,2
2025-07-13,CL-SEV-01,D,3,3294.5,1158.3,23,0.679,0.352,0
2025-07-13,CL-VLC-01,C,3,1471.3,370.1,31,0.824,0.252,0
2025-07-13,CL-VLC-02,C,4,1799.7,347.5,51,0.707,0.193,1
2025-07-14,CL-BCN-01,B,12,5927.2,1460.9,132,0.819,0.246,2
2025-07-14,CL-BCN-02,B,11,5638.1,1210.0,158,0.806,0.215,5
2025-07-14,CL-BIO-01,E,13,6417.5,1006.9,151,0.87,0.157,3
2025-07-14,CL-MAD-01,A,9,4059.1,723.9,138,0.735,0.178,10
2025-07-14,CL-MAD-02,A,14,6323.8,1262.4,220,0.867,0.2,4
2025-07-14,CL-MAD-03,A,11,5007.1,977.6,149,0.802,0.195,8
2025-07-14,CL-SEV-01,D,12,13386.9,4718.9,85,0.679,0.353,0
2025-07-14,CL-VLC-01,C,10,4660.4,952.4,126,0.705,0.204,4
2025-07-14,CL-VLC-02,C,11,5178.7,1342.0,179,0.708,0.259,3
2025-07-15,CL-BCN-01,B,10,4896.0,1062.7,148,0.641,0.217,6
2025-07-15,CL-BCN-02,B,11,5515.6,1028.7,121,0.724,0.187,3
2025-07-15,CL-BIO-01,E,12,6094.1,829.4,112,0.789,0.136,1
2025-07-15,CL-MAD-01,A,12,5609.3,907.0,149,0.77,0.162,5
2025-07-15,CL-MAD-02,A,10,4370.7,480.9,141,0.659,0.11,7
2025-07-15,CL-MAD-03,A,12,5645.7,1014.6,149,0.823,0.18,6
2025-07-15,CL-SEV-01,D,11,12028.0,4120.8,87,0.52,0.343,1
2025-07-15,CL-VLC-01,C,11,5452.4,1270.5,136,0.686,0.233,2
2025-07-15,CL-VLC-02,C,12,5989.3,1418.9,153,0.774,0.237,6
2025-07-16,CL-BCN-01,B,12,6097.1,1003.5,185,0.758,0.165,12
2025-07-16,CL-BCN-02,B,13,6399.5,1521.5,191,0.805,0.238,2
2025-07-16,CL-BIO-01,E,10,,,123,0.945,,2
2025-07-16,CL-MAD-01,A,13,6044.1,1133.0,172,0.877,0.187,11
2025-07-16,CL-MAD-02,A,11,5225.9,773.8,148,0.664,0.148,8
2025-07-16,CL-MAD-03,A,12,5573.7,1269.8,153,0.78,0.228,8
2025-07-16,CL-SEV-01,D,13,13729.6,4748.3,91,0.584,0.346,1
2025-07-16,CL-VLC-01,C,12,5947.5,1255.3,156,0.678,0.211,4
2025-07-16,CL-VLC-02,C,12,5877.3,1460.0,139,0.697,0.248,2
2025-07-17,CL-BCN-01,B,11,5458.4,916.0,155,0.759,0.168,4
2025-07-17,CL-BCN-02,B,12,5902.1,1511.7,140,0.766,0.256,4
2025-07-17,CL-BIO-01,E,12,5891.7,800.2,141,0.802,0.136,0
2025-07-17,CL-MAD-01,A,12,5462.2,819.1,200,0.819,0.15,6
2025-07-17,CL-MAD-02,A,10,4499.1,733.0,140,0.826,0.163,7
2025-07-17,CL-MAD-03,A,11,5159.0,700.4,183,0.778,0.136,9
2025-07-17,CL-SEV-01,D,13,14071.1,4153.8,98,0.627,0.295,2
2025-07-17,CL-VLC-01,C,10,4949.2,957.3,92,0.733,0.193,3
2025-07-17,CL-VLC-02,C,10,4975.2,944.5,115,0.703,0.19,5
2025-07-18,CL-BCN-01,B,11,5715.4,1255.7,132,0.821,0.22,8
2025-07-18,CL-BCN-02,B,12,6033.7,1240.6,129,0.801,0.206,3
2025-07-18,CL-BIO-01,E,12,5916.8,1009.4,142,0.814,0.171,2
2025-07-18,CL-MAD-01,A,11,4847.6,803.3,127,0.741,0.166,1
2025-07-18,CL-MAD-02,A,12,5428.0,1222.5,148,0.743,0.225,5
2025-07-18,CL-MAD-03,A,11,5029.2,925.1,134,0.664,0.184,3
2025-07-18,CL-SEV-01,D,11,12064.8,4564.8,98,0.562,0.378,1
2025-07-18,CL-VLC-01,C,14,6772.3,1651.2,166,0.765,0.244,2
2025-07-18,CL-VLC-02,C,11,5432.1,1323.8,120,0.755,0.244,3
2025-07-19,CL-BCN-01,B,8,4089.1,896.0,106,0.73,0.219,2
2025-07-19,CL-BCN-02,B,9,4338.0,710.2,105,0.755,0.164,1
2025-07-19,CL-BIO-01,E,9,4675.3,908.3,130,0.88,0.194,1
2025-07-19,CL-MAD-01,A,8,3808.6,438.5,123,0.719,0.115,2
2025-07-19,CL-MAD-02,A,9,4060.5,659.2,121,0.697,0.162,7
2025-07-19,CL-MAD-03,A,9,4082.8,784.7,115,0.754,0.192,4
2025-07-19,CL-SEV-01,D,9,9611.2,3201.0,63,0.679,0.333,1
2025-07-19,CL-VLC-01,C,9,4513.6,1038.8,122,0.682,0.23,5
2025-07-19,CL-VLC-02,C,8,3932.7,925.3,105,0.714,0.235,5
2025-07-20,CL-BCN-01,B,4,1935.0,312.7,56,0.809,0.162,0
2025-07-20,CL-BCN-02,B,4,1784.4,294.2,43,0.772,0.165,1
2025-07-20,CL-BIO-01,E,3,1720.1,171.0,40,0.887,0.099,0
2025-07-20,CL-MAD-01,A,3,1221.4,242.9,36,0.726,0.199,0
2025-07-20,CL-MAD-02,A,3,1586.4,279.2,44,0.7,0.176,1
2025-07-20,CL-MAD-03,A,3,1579.6,290.6,46,0.815,0.184,3
2025-07-20,CL-SEV-01,D,4,4284.8,1543.6,34,0.614,0.36,0
2025-07-20,CL-VLC-01,C,4,1918.1,442.9,52,0.816,0.231,1
2025-07-20,CL-VLC-02,C,3,1694.1,388.0,37,0.841,0.229,3
2025-07-21,CL-BCN-01,B,12,6147.0,1334.9,148,0.73,0.217,6
2025-07-21,CL-BCN-02,B,10,5142.0,1100.3,130,0.808,0.214,3
2025-07-21,CL-BIO-01,E,11,5557.3,704.6,111,0.796,0.127,1
2025-07-21,CL-MAD-01,A,12,5497.0,1056.7,186,0.775,0.192,3
2025-07-21,CL-MAD-02,A,13,5899.9,987.9,196,0.841,0.167,6
2025-07-21,CL-MAD-03,A,11,5131.5,871.5,151,0.811,0.17,6
2025-07-21,CL-SEV-01,D,10,10943.9,3638.8,112,0.632,0.332,1
2025-07-21,CL-VLC-01,C,12,5821.4,1274.6,143,0.661,0.219,4
2025-07-21,CL-VLC-02,C,11,,,143,0.846,,1
2025-07-22,CL-BCN-01,B,11,5272.3,1137.4,152,0.67,0.216,9
2025-07-22,CL-BCN-02,B,11,5667.7,1306.2,144,0.689,0.23,4
2025-07-22,CL-BIO-01,E,11,5535.2,979.1,151,0.737,0.177,0
2025-07-22,CL-MAD-01,A,11,5085.4,961.0,169,0.816,0.189,10
2025-07-22,CL-MAD-02,A,12,5552.6,796.2,185,0.722,0.143,7
2025-07-22,CL-MAD-03,A,10,4815.2,734.5,135,0.735,0.153,6
2025-07-22,CL-SEV-01,D,11,11898.2,4307.2,113,0.542,0.362,4
2025-07-22,CL-VLC-01,C,11,5239.6,1009.7,133,0.715,0.193,0
2025-07-22,CL-VLC-02,C,10,4652.3,1307.5,127,0.777,0.281,0
2025-07-23,CL-BCN-01,B,11,5270.3,883.0,138,0.66,0.168,6
2025-07-23,CL-BCN-02,B,12,5794.2,742.7,157,0.746,0.128,5
2025-07-23,CL-BIO-01,E,12,6140.5,818.5,137,0.886,0.133,2
2025-07-23,CL-MAD-01,A,10,4696.0,960.7,166,0.84,0.205,7
2025-07-23,CL-MAD-02,A,10,4616.8,596.1,125,0.854,0.129,3
2025-07-23,CL-MAD-03,A,11,5157.6,1098.5,167,0.824,0.213,9
2025-07-23,CL-SEV-01,D,11,11794.7,4597.7,96,0.59,0.39,2
2025-07-23,CL-VLC-01,C,13,6388.2,1277.4,163,0.703,0.2,2
2025-07-23,CL-VLC-02,C,11,5249.6,1398.2,116,0.616,0.266,4
2025-07-24,CL-BCN-01,B,10,5206.5,763.4,131,0.712,0.147,3
2025-07-24,CL-BCN-02,B,11,,,177,0.77,,5
2025-07-24,CL-BIO-01,E,12,6127.2,991.4,159,0.896,0.162,3
2025-07-24,CL-MAD-01,A,11,5229.8,953.3,183,0.779,0.182,9
2025-07-24,CL-MAD-02,A,12,5442.0,1564.1,168,0.7,0.287,7
2025-07-24,CL-MAD-03,A,11,4817.4,709.9,167,0.774,0.147,10
2025-07-24,CL-SEV-01,D,12,12750.4,3840.7,86,0.729,0.301,2
2025-07-24,CL-VLC-01,C,13,6303.2,1398.7,151,0.585,0.222,1
2025-07-24,CL-VLC-02,C,10,5129.3,1186.2,159,0.684,0.231,2
2025-07-25,CL-BCN-01,B,12,5929.2,1299.3,183,0.741,0.219,1
2025-07-25,CL-BCN-02,B,11,5400.1,1099.4,183,0.704,0.204,8
2025-07-25,CL-BIO-01,E,11,5537.9,717.4,153,0.835,0.13,1
2025-07-25,CL-MAD-01,A,12,5329.3,1010.9,182,0.73,0.19,8
2025-07-25,CL-MAD-02,A,13,5807.4,1297.2,169,0.81,0.223,6
2025-07-25,CL-MAD-03,A,12,5395.0,1042.9,182,0.708,0.193,9
2025-07-25,CL-SEV-01,D,9,9543.7,3149.5,88,0.708,0.33,3
2025-07-25,CL-VLC-01,C,13,6276.8,1319.0,152,0.628,0.21,5
2025-07-25,CL-VLC-02,C,10,4723.2,1150.5,148,0.716,0.244,2
2025-07-26,CL-BCN-01,B,8,3902.2,860.2,91,0.699,0.22,1
2025-07-26,CL-BCN-02,B,9,4443.6,968.7,147,0.761,0.218,4
2025-07-26,CL-BIO-01,E,9,4487.9,491.6,103,0.815,0.11,1
2025-07-26,CL-MAD-01,A,9,3939.7,638.0,147,0.77,0.162,7
2025-07-26,CL-MAD-02,A,8,3673.0,789.3,84,0.776,0.215,2
2025-07-26,CL-MAD-03,A,9,,,117,0.784,,4
2025-07-26,CL-SEV-01,D,10,10284.9,2776.6,106,0.566,0.27,2
2025-07-26,CL-VLC-01,C,9,4280.3,882.3,92,0.77,0.206,0
2025-07-26,CL-VLC-02,C,8,,,116,0.664,,3
2025-07-27,CL-BCN-01,B,4,1870.3,493.4,50,0.787,0.264,2
2025-07-27,CL-BCN-02,B,3,1547.9,425.5,39,0.708,0.275,0
2025-07-27,CL-BIO-01,E,4,1780.7,260.8,45,0.719,0.146,0
2025-07-27,CL-MAD-01,A,4,1642.1,300.0,59,0.814,0.183,4
2025-07-27,CL-MAD-02,A,4,1786.3,378.1,49,0.757,0.212,2
2025-07-27,CL-MAD-03,A,3,1547.9,334.5,39,0.784,0.216,1
2025-07-27,CL-SEV-01,D,3,3625.0,1262.2,34,0.54,0.348,1
2025-07-27,CL-VLC-01,C,4,1893.3,451.2,41,0.789,0.238,1
2025-07-27,CL-VLC-02,C,3,1683.1,419.7,36,0.766,0.249,0
2025-07-28,CL-BCN-01,B,12,5767.8,1354.2,145,0.784,0.235,2
2025-07-28,CL-BCN-02,B,13,6700.4,1410.0,153,0.761,0.21,6
2025-07-28,CL-BIO-01,E,12,6110.4,799.4,132,0.859,0.131,1
2025-07-28,CL-MAD-01,A,10,4811.2,910.2,166,0.813,0.189,7
2025-07-28,CL-MAD-02,A,12,5361.1,903.0,186,0.72,0.168,4
2025-07-28,CL-MAD-03,A,11,5001.4,860.5,140,0.752,0.172,4
2025-07-28,CL-SEV-01,D,13,13469.6,4515.8,108,0.621,0.335,3
2025-07-28,CL-VLC-01,C,10,5070.3,1305.0,107,0.772,0.257,2
2025-07-28,CL-VLC-02,C,9,4344.3,1102.4,117,0.664,0.254,1
2025-07-29,CL-BCN-01,B,12,5824.7,1149.6,152,0.767,0.197,2
2025-07-29,CL-BCN-02,B,10,5206.4,1147.4,125,0.706,0.22,2
2025-07-29,CL-BIO-01,E,13,6402.9,781.2,147,0.826,0.122,4
2025-07-29,CL-MAD-01,A,13,6076.9,789.5,173,0.754,0.13,9
2025-07-29,CL-MAD-02,A,12,5451.8,794.5,185,0.769,0.146,5
2025-07-29,CL-MAD-03,A,12,5660.7,1136.2,171,0.751,0.201,9
2025-07-29,CL-SEV-01,D,11,12356.6,3865.0,64,0.614,0.313,1
2025-07-29,CL-VLC-01,C,11,5513.2,1269.1,119,0.704,0.23,3
2025-07-29,CL-VLC-02,C,10,4920.8,1072.0,112,0.706,0.218,2
2025-07-30,CL-BCN-01,B,11,5709.9,1096.2,158,0.721,0.192,8
2025-07-30,CL-BCN-02,B,9,4678.4,804.7,142,0.799,0.172,1
2025-07-30,CL-BIO-01,E,10,4907.3,650.5,137,0.892,0.133,2
2025-07-30,CL-MAD-01,A,12,5600.0,1009.2,186,0.766,0.18,3
2025-07-30,CL-MAD-02,A,11,5154.8,960.1,157,0.798,0.186,6
2025-07-30,CL-MAD-03,A,11,4887.8,667.6,160,0.787,0.137,7
2025-07-30,CL-SEV-01,D,11,11910.7,4202.4,108,0.636,0.353,0
2025-07-30,CL-VLC-01,C,11,5567.6,1431.7,106,0.683,0.257,4
2025-07-30,CL-VLC-02,C,11,5569.2,1137.3,149,0.715,0.204,1
2025-07-31,CL-BCN-01,B,13,6430.2,1103.2,189,0.784,0.172,10
2025-07-31,CL-BCN-02,B,11,5699.4,1227.5,142,0.796,0.215,4
2025-07-31,CL-BIO-01,E,10,5080.5,910.7,137,0.909,0.179,1
2025-07-31,CL-MAD-01,A,13,5826.2,1280.5,239,0.699,0.22,14
2025-07-31,CL-MAD-02,A,12,5387.3,917.7,176,0.64,0.17,8
2025-07-31,CL-MAD-03,A,11,4908.3,1043.3,153,0.764,0.213,11
2025-07-31,CL-SEV-01,D,12,13405.1,4207.5,95,0.616,0.314,1
2025-07-31,CL-VLC-01,C,11,5322.1,1173.7,125,0.767,0.221,4
2025-07-31,CL-VLC-02,C,10,4919.8,1082.7,104,0.713,0.22,0
2025-08-01,CL-BCN-01,B,10,5105.0,998.4,129,0.692,0.196,8
2025-08-01,CL-BCN-02,B,10,4798.8,1002.5,118,0.797,0.209,5
2025-08-01,CL-BIO-01,E,9,4760.0,737.8,103,0.926,0.155,0
2025-08-01,CL-MAD-01,A,9,4089.1,837.8,131,0.641,0.205,9
2025-08-01,CL-MAD-02,A,10,4643.2,1083.3,166,0.868,0.233,3
2025-08-01,CL-MAD-03,A,10,4403.6,618.1,144,0.873,0.14,3
2025-08-01,CL-SEV-01,D,9,9441.6,3121.4,47,0.64,0.331,0
2025-08-01,CL-VLC-01,C,11,5372.5,1294.6,115,0.691,0.241,3
2025-08-01,CL-VLC-02,C,11,5478.4,832.7,93,0.688,0.152,5
2025-08-02,CL-BCN-01,B,6,3166.4,565.2,79,0.726,0.178,1
2025-08-02,CL-BCN-02,B,7,3524.7,873.8,90,0.817,0.248,1
2025-08-02,CL-BIO-01,E,7,3675.6,342.2,89,0.886,0.093,1
2025-08-02,CL-MAD-01,A,8,3501.1,717.2,114,0.853,0.205,5
2025-08-02,CL-MAD-02,A,7,3355.5,414.8,84,0.873,0.124,6
2025-08-02,CL-MAD-03,A,7,3228.6,562.8,99,0.717,0.174,0
2025-08-02,CL-SEV-01,D,8,8082.6,2686.5,71,0.781,0.332,2
2025-08-02,CL-VLC-01,C,7,3477.2,799.7,66,0.689,0.23,2
2025-08-02,CL-VLC-02,C,7,3574.0,784.1,97,0.741,0.219,2
2025-08-03,CL-BCN-01,B,3,1410.5,312.5,34,0.822,0.222,2
2025-08-03,CL-BCN-02,B,4,1879.7,435.2,46,0.721,0.232,1
2025-08-03,CL-BIO-01,E,3,1492.7,212.7,37,0.797,0.142,0
2025-08-03,CL-MAD-01,A,3,1391.9,312.7,41,0.667,0.225,1
2025-08-03,CL-MAD-02,A,3,1296.1,246.5,38,0.817,0.19,4
2025-08-03,CL-MAD-03,A,3,1429.8,270.2,33,0.792,0.189,0
2025-08-03,CL-SEV-01,D,3,3158.7,1046.2,26,0.559,0.331,0
2025-08-03,CL-VLC-01,C,2,1118.0,232.9,21,0.714,0.208,0
2025-08-03,CL-VLC-02,C,2,1146.3,257.5,23,0.757,0.225,2
2025-08-04,CL-BCN-01,B,9,4622.3,787.4,131,0.806,0.17,4
2025-08-04,CL-BCN-02,B,10,5182.7,900.7,96,0.722,0.174,5
2025-08-04,CL-BIO-01,E,9,4673.7,426.1,104,0.773,0.091,0
2025-08-04,CL-MAD-01,A,8,3803.8,685.0,105,0.783,0.18,8
2025-08-04,CL-MAD-02,A,9,4167.0,639.8,148,0.761,0.154,6
2025-08-04,CL-MAD-03,A,11,4913.6,771.5,160,0.867,0.157,3
2025-08-04,CL-SEV-01,D,9,9513.1,3030.4,57,0.525,0.319,2
2025-08-04,CL-VLC-01,C,9,4380.9,950.6,124,0.7,0.217,1
2025-08-04,CL-VLC-02,C,10,4951.1,1073.6,109,0.775,0.217,2
2025-08-05,CL-BCN-01,B,12,5916.5,1335.6,131,0.797,0.226,2
2025-08-05,CL-BCN-02,B,9,4699.9,1095.3,136,0.787,0.233,2
2025-08-05,CL-BIO-01,E,10,5198.5,878.6,140,0.757,0.169,3
2025-08-05,CL-MAD-01,A,10,4727.7,952.7,149,0.778,0.202,6
2025-08-05,CL-MAD-02,A,10,4503.5,908.1,143,0.773,0.202,4
2025-08-05,CL-MAD-03,A,10,4768.6,777.0,137,0.755,0.163,8
2025-08-05,CL-SEV-01,D,11,11435.0,4463.9,88,0.517,0.39,2
2025-08-05,CL-VLC-01,C,10,4923.2,1016.5,114,0.683,0.206,3
2025-08-05,CL-VLC-02,C,10,5047.0,1281.4,103,0.691,0.254,4
2025-08-06,CL-BCN-01,B,9,4721.0,996.0,107,0.7,0.211,4
2025-08-06,CL-BCN-02,B,11,5422.7,1155.0,129,0.719,0.213,4
2025-08-06,CL-BIO-01,E,10,4861.8,739.3,99,0.822,0.152,3
2025-08-06,CL-MAD-01,A,10,4430.2,930.3,143,0.73,0.21,6
2025-08-06,CL-MAD-02,A,8,3790.8,650.7,106,0.808,0.172,4
2025-08-06,CL-MAD-03,A,11,4838.7,1235.3,187,0.878,0.255,7
2025-08-06,CL-SEV-01,D,9,9415.2,3165.6,67,0.623,0.336,0
2025-08-06,CL-VLC-01,C,10,5000.1,1098.1,112,0.652,0.22,4
2025-08-06,CL-VLC-02,C,10,4920.0,1268.0,86,0.712,0.258,1
2025-08-07,CL-BCN-01,B,10,4859.6,944.6,138,0.706,0.194,3
2025-08-07,CL-BCN-02,B,10,4838.0,1063.3,132,0.66,0.22,4
2025-08-07,CL-BIO-01,E,10,5285.6,794.4,140,0.734,0.15,1
2025-08-07,CL-MAD-01,A,8,,,125,0.838,,4
2025-08-07,CL-MAD-02,A,9,4045.5,646.8,117,0.736,0.16,2
2025-08-07,CL-MAD-03,A,11,5045.3,1090.1,145,0.71,0.216,7
2025-08-07,CL-SEV-01,D,9,9587.7,3027.0,71,0.618,0.316,1
2025-08-07,CL-VLC-01,C,9,4290.2,1014.9,112,0.792,0.237,1
2025-08-07,CL-VLC-02,C,9,4286.8,758.3,124,0.762,0.177,3
2025-08-08,CL-BCN-01,B,11,5289.6,977.7,134,0.837,0.185,4
2025-08-08,CL-BCN-02,B,9,4272.9,881.6,122,0.631,0.206,5
2025-08-08,CL-BIO-01,E,10,5028.6,550.2,124,0.885,0.109,0
2025-08-08,CL-MAD-01,A,9,4072.8,705.3,148,0.814,0.173,11
2025-08-08,CL-MAD-02,A,9,4175.8,889.9,106,0.931,0.213,5
2025-08-08,CL-MAD-03,A,10,4784.9,892.7,126,0.748,0.187,9
2025-08-08,CL-SEV-01,D,10,10951.4,3977.2,43,0.606,0.363,0
2025-08-08,CL-VLC-01,C,8,3755.5,941.2,90,0.71,0.251,4
2025-08-08,CL-VLC-02,C,9,4187.1,968.3,104,0.791,0.231,3
2025-08-09,CL-BCN-01,B,7,3325.4,822.4,112,0.726,0.247,5
2025-08-09,CL-BCN-02,B,7,3649.7,575.2,94,0.747,0.158,4
2025-08-09,CL-BIO-01,E,6,3227.3,567.5,69,0.729,0.176,1
2025-08-09,CL-MAD-01,A,7,3215.9,721.7,123,0.791,0.224,4
2025-08-09,CL-MAD-02,A,8,3463.1,552.4,118,0.75,0.16,3
2025-08-09,CL-MAD-03,A,7,3114.1,706.4,98,0.75,0.227,7
2025-08-09,CL-SEV-01,D,7,7373.7,2600.0,49,0.618,0.353,1
2025-08-09,CL-VLC-01,C,7,3486.0,729.4,94,0.696,0.209,4
2025-08-09,CL-VLC-02,C,7,3250.2,638.5,98,0.754,0.196,3
2025-08-10,CL-BCN-01,B,3,1522.8,262.6,44,0.722,0.172,3
2025-08-10,CL-BCN-02,B,3,1403.2,287.5,44,0.821,0.205,0
2025-08-10,CL-BIO-01,E,3,1465.9,303.9,36,0.843,0.207,1
2025-08-10,CL-MAD-01,A,2,1122.1,257.4,31,0.831,0.229,1
2025-08-10,CL-MAD-02,A,3,1376.1,284.0,37,0.739,0.206,0
2025-08-10,CL-MAD-03,A,2,1131.3,183.0,33,0.838,0.162,2
2025-08-10,CL-SEV-01,D,3,3175.2,932.9,17,0.682,0.294,3
2025-08-10,CL-VLC-01,C,3,1563.0,373.5,40,0.689,0.239,0
2025-08-10,CL-VLC-02,C,3,1508.1,359.4,33,0.723,0.238,1
2025-08-11,CL-BCN-01,B,11,5666.7,1207.5,111,0.827,0.213,2
2025-08-11,CL-BCN-02,B,11,5295.4,1107.7,153,0.773,0.209,3
2025-08-11,CL-BIO-01,E,10,4886.0,604.4,112,0.887,0.124,4
2025-08-11,CL-MAD-01,A,10,4374.2,868.8,114,0.815,0.199,3
2025-08-11,CL-MAD-02,A,10,4500.0,717.8,141,0.8,0.16,2
2025-08-11,CL-MAD-03,A,9,4188.2,777.2,145,0.768,0.186,6
2025-08-11,CL-SEV-01,D,8,8324.8,2870.0,48,0.739,0.345,1
2025-08-11,CL-VLC-01,C,9,4168.4,987.0,107,0.797,0.237,0
2025-08-11,CL-VLC-02,C,11,5509.0,1228.1,165,0.714,0.223,6
2025-08-12,CL-BCN-01,B,10,4983.3,1113.1,114,0.843,0.223,3
2025-08-12,CL-BCN-02,B,10,4859.2,1022.2,128,0.634,0.21,2
2025-08-12,CL-BIO-01,E,9,4572.2,434.4,114,0.799,0.095,1
2025-08-12,CL-MAD-01,A,10,4419.2,895.7,152,0.794,0.203,4
2025-08-12,CL-MAD-02,A,10,4563.9,494.3,124,0.811,0.108,8
2025-08-12,CL-MAD-03,A,9,4142.1,598.5,141,0.763,0.144,2
2025-08-12,CL-SEV-01,D,9,10045.0,3815.7,71,0.612,0.38,0
2025-08-12,CL-VLC-01,C,10,4665.7,1113.2,119,0.672,0.239,2
2025-08-12,CL-VLC-02,C,8,4074.2,864.8,103,0.701,0.212,2
2025-08-13,CL-BCN-01,B,11,5435.3,1355.7,159,0.777,0.249,9
2025-08-13,CL-BCN-02,B,11,5518.3,962.2,104,0.808,0.174,2
2025-08-13,CL-BIO-01,E,9,4750.7,752.7,103,0.852,0.158,2
2025-08-13,CL-MAD-01,A,9,4229.7,831.2,118,0.751,0.197,8
2025-08-13,CL-MAD-02,A,9,4188.9,1002.7,135,0.826,0.239,4
2025-08-13,CL-MAD-03,A,10,4667.2,1026.6,157,0.779,0.22,9
2025-08-13,CL-SEV-01,D,10,10873.4,3918.6,73,0.592,0.36,1
2025-08-13,CL-VLC-01,C,10,4989.0,1285.9,111,0.752,0.258,2
2025-08-13,CL-VLC-02,C,9,4634.4,995.4,90,0.791,0.215,3
2025-08-14,CL-BCN-01,B,12,5772.4,1155.5,163,0.741,0.2,5
2025-08-14,CL-BCN-02,B,9,4297.4,1096.1,110,0.786,0.255,6
2025-08-14,CL-BIO-01,E,10,4922.6,707.6,133,0.777,0.144,1
2025-08-14,CL-MAD-01,A,11,,,141,0.791,,7
2025-08-14,CL-MAD-02,A,9,4032.6,662.1,133,0.765,0.164,5
2025-08-14,CL-MAD-03,A,9,4346.6,825.3,118,0.665,0.19,5
2025-08-14,CL-SEV-01,D,8,8317.2,3088.5,58,0.648,0.371,1
2025-08-14,CL-VLC-01,C,10,4688.9,912.2,95,0.68,0.195,2
2025-08-14,CL-VLC-02,C,9,4641.1,774.5,105,0.833,0.167,1
2025-08-15,CL-BCN-01,B,8,4170.3,817.0,127,0.803,0.196,8
2025-08-15,CL-BCN-02,B,10,5247.3,904.4,141,0.746,0.172,5
2025-08-15,CL-BIO-01,E,10,4899.5,730.8,116,0.846,0.149,3
2025-08-15,CL-MAD-01,A,10,4383.2,755.3,122,0.706,0.172,8
2025-08-15,CL-MAD-02,A,8,3781.3,619.4,116,0.765,0.164,9
2025-08-15,CL-MAD-03,A,10,4416.3,785.8,155,0.771,0.178,6
2025-08-15,CL-SEV-01,D,7,7890.5,2113.4,53,0.529,0.268,0
2025-08-15,CL-VLC-01,C,11,5524.5,1298.1,141,0.739,0.235,4
2025-08-15,CL-VLC-02,C,9,4589.9,1308.4,107,0.736,0.285,0
2025-08-16,CL-BCN-01,B,7,3500.3,887.2,76,0.712,0.253,1
2025-08-16,CL-BCN-02,B,7,3403.3,687.5,93,0.79,0.202,2
2025-08-16,CL-BIO-01,E,7,3401.0,397.9,82,0.777,0.117,2
2025-08-16,CL-MAD-01,A,8,3620.3,639.5,110,0.747,0.177,5
2025-08-16,CL-MAD-02,A,8,3486.0,517.1,116,0.791,0.148,4
2025-08-16,CL-MAD-03,A,8,3498.4,393.8,105,0.714,0.113,6
2025-08-16,CL-SEV-01,D,7,7821.9,2761.0,63,0.537,0.353,2
2025-08-16,CL-VLC-01,C,7,3434.7,712.5,83,0.758,0.207,1
2025-08-16,CL-VLC-02,C,7,3575.3,932.4,70,0.642,0.261,0
2025-08-17,CL-BCN-01,B,3,1383.8,331.4,38,0.702,0.239,3
2025-08-17,CL-BCN-02,B,3,1492.0,312.5,37,0.858,0.209,1
2025-08-17,CL-BIO-01,E,3,1679.1,240.3,28,0.747,0.143,1
2025-08-17,CL-MAD-01,A,3,1418.6,231.7,46,0.744,0.163,0
2025-08-17,CL-MAD-02,A,3,1598.4,237.6,39,0.785,0.149,0
2025-08-17,CL-MAD-03,A,3,1520.2,252.5,41,0.711,0.166,1
2025-08-17,CL-SEV-01,D,2,2583.5,964.1,16,0.599,0.373,0
2025-08-17,CL-VLC-01,C,3,1494.4,353.3,29,0.803,0.236,0
2025-08-17,CL-VLC-02,C,3,1486.3,325.8,40,0.791,0.219,2
2025-08-18,CL-BCN-01,B,11,5322.6,1246.0,142,0.679,0.234,4
2025-08-18,CL-BCN-02,B,11,5451.3,1129.7,145,0.71,0.207,2
2025-08-18,CL-BIO-01,E,7,3663.6,442.7,87,0.871,0.121,1
2025-08-18,CL-MAD-01,A,8,3859.0,749.3,117,0.867,0.194,4
2025-08-18,CL-MAD-02,A,8,3882.6,661.0,105,0.737,0.17,5
2025-08-18,CL-MAD-03,A,8,3679.7,650.2,115,0.825,0.177,4
2025-08-18,CL-SEV-01,D,9,9781.4,3680.9,76,0.656,0.376,1
2025-08-18,CL-VLC-01,C,9,4628.7,845.2,112,0.759,0.183,2
2025-08-18,CL-VLC-02,C,10,4922.3,1011.2,121,0.747,0.205,3
2025-08-19,CL-BCN-01,B,10,4972.7,651.6,129,0.673,0.131,9
2025-08-19,CL-BCN-02,B,10,4935.8,1090.3,140,0.728,0.221,3
2025-08-19,CL-BIO-01,E,10,5206.8,754.1,108,0.856,0.145,1
2025-08-19,CL-MAD-01,A,8,3833.8,618.6,105,0.708,0.161,4
2025-08-19,CL-MAD-02,A,8,3820.7,570.0,143,0.661,0.149,9
2025-08-19,CL-MAD-03,A,9,4180.0,692.3,139,0.855,0.166,8
2025-08-19,CL-SEV-01,D,10,10449.6,3515.0,89,0.554,0.336,1
2025-08-19,CL-VLC-01,C,9,4604.3,1043.1,105,0.865,0.227,0
2025-08-19,CL-VLC-02,C,11,5358.4,1369.2,156,0.747,0.256,1
2025-08-20,CL-BCN-01,B,8,4112.4,852.8,95,0.684,0.207,0
2025-08-20,CL-BCN-02,B,10,5094.9,902.1,127,0.704,0.177,4
2025-08-20,CL-BIO-01,E,9,4507.5,902.9,109,0.843,0.2,5
2025-08-20,CL-MAD-01,A,9,4228.9,633.8,116,0.786,0.15,4
2025-08-20,CL-MAD-02,A,8,3859.2,668.0,110,0.744,0.173,5
2025-08-20,CL-MAD-03,A,11,4996.2,1064.2,155,0.8,0.213,8
2025-08-20,CL-SEV-01,D,9,9295.2,2814.2,60,0.533,0.303,0
2025-08-20,CL-VLC-01,C,9,4233.0,961.9,89,0.799,0.227,2
2025-08-20,CL-VLC-02,C,11,5285.0,872.0,133,0.731,0.165,3
2025-08-21,CL-BCN-01,B,8,4164.9,1018.0,108,0.769,0.244,3
2025-08-21,CL-BCN-02,B,11,5452.7,940.7,135,0.859,0.173,4
2025-08-21,CL-BIO-01,E,9,4776.7,629.7,110,0.81,0.132,2
2025-08-21,CL-MAD-01,A,8,3858.0,738.6,96,0.855,0.191,3
2025-08-21,CL-MAD-02,A,9,4092.5,741.3,143,0.705,0.181,7
2025-08-21,CL-MAD-03,A,10,4383.0,896.3,126,0.842,0.204,4
2025-08-21,CL-SEV-01,D,9,9284.0,2880.7,69,0.654,0.31,0
2025-08-21,CL-VLC-01,C,10,4879.0,1128.4,116,0.749,0.231,3
2025-08-21,CL-VLC-02,C,10,5000.3,1118.1,125,0.72,0.224,2
2025-08-22,CL-BCN-01,B,10,4892.2,1062.0,95,0.791,0.217,5
2025-08-22,CL-BCN-02,B,11,5618.7,1349.6,127,0.799,0.24,8
2025-08-22,CL-BIO-01,E,10,5023.8,717.7,125,0.871,0.143,0
2025-08-22,CL-MAD-01,A,10,4602.5,811.9,147,0.788,0.176,7
2025-08-22,CL-MAD-02,A,9,3965.6,758.0,125,0.777,0.191,5
2025-08-22,CL-MAD-03,A,9,4180.5,627.0,121,0.67,0.15,5
2025-08-22,CL-SEV-01,D,10,10239.7,3415.1,80,0.571,0.334,0
2025-08-22,CL-VLC-01,C,9,4536.5,1160.3,89,0.698,0.256,3
2025-08-22,CL-VLC-02,C,8,3719.7,760.3,90,0.763,0.204,1
2025-08-23,CL-BCN-01,B,7,3733.1,792.8,91,0.707,0.212,2
2025-08-23,CL-BCN-02,B,8,3926.8,891.1,105,0.711,0.227,6
2025-08-23,CL-BIO-01,E,9,4478.4,728.8,97,0.866,0.163,3
2025-08-23,CL-MAD-01,A,8,3585.3,547.8,114,0.779,0.153,3
2025-08-23,CL-MAD-02,A,6,2922.5,495.5,85,0.761,0.17,3
2025-08-23,CL-MAD-03,A,6,2682.2,471.1,81,0.683,0.176,1
2025-08-23,CL-SEV-01,D,7,7439.1,2348.6,46,0.583,0.316,1
2025-08-23,CL-VLC-01,C,9,4361.0,1075.2,102,0.622,0.247,2
2025-08-23,CL-VLC-02,C,7,3285.7,874.9,63,0.668,0.266,0
2025-08-24,CL-BCN-01,B,3,1289.2,203.2,46,0.823,0.158,1
2025-08-24,CL-BCN-02,B,3,1414.6,317.4,43,0.748,0.224,1
2025-08-24,CL-BIO-01,E,3,1665.7,219.0,40,0.793,0.131,1
2025-08-24,CL-MAD-01,A,3,1257.4,224.9,35,0.773,0.179,3
2025-08-24,CL-MAD-02,A,3,1424.4,152.3,45,0.75,0.107,2
2025-08-24,CL-MAD-03,A,3,1381.3,272.8,40,0.655,0.197,1
2025-08-24,CL-SEV-01,D,3,3340.0,1069.1,16,0.596,0.32,0
2025-08-24,CL-VLC-01,C,3,1350.1,343.7,34,0.713,0.255,0
2025-08-24,CL-VLC-02,C,3,1649.1,457.6,30,0.722,0.277,1
2025-08-25,CL-BCN-01,B,9,4640.7,936.8,108,0.63,0.202,5
2025-08-25,CL-BCN-02,B,9,4613.4,904.8,106,0.728,0.196,1
2025-08-25,CL-BIO-01,E,9,4697.0,791.2,128,0.844,0.168,0
2025-08-25,CL-MAD-01,A,10,4587.0,914.7,154,0.799,0.199,7
2025-08-25,CL-MAD-02,A,11,5051.5,791.0,173,0.693,0.157,4
2025-08-25,CL-MAD-03,A,10,4518.2,607.0,154,0.808,0.134,4
2025-08-25,CL-SEV-01,D,10,,,74,0.57,,0
2025-08-25,CL-VLC-01,C,9,4331.5,858.9,121,0.612,0.198,4
2025-08-25,CL-VLC-02,C,11,5325.6,1289.0,135,0.67,0.242,3
2025-08-26,CL-BCN-01,B,10,5141.7,1379.3,112,0.894,0.268,4
2025-08-26,CL-BCN-02,B,10,5081.6,1212.1,163,0.617,0.239,8
2025-08-26,CL-BIO-01,E,9,4343.7,671.8,117,0.816,0.155,2
2025-08-26,CL-MAD-01,A,10,4615.4,784.1,125,0.751,0.17,13
2025-08-26,CL-MAD-02,A,9,4245.6,804.8,107,0.719,0.19,4
2025-08-26,CL-MAD-03,A,10,4716.4,746.8,152,0.767,0.158,5
2025-08-26,CL-SEV-01,D,10,10682.1,3585.0,58,0.555,0.336,0
2025-08-26,CL-VLC-01,C,9,4618.5,1201.2,91,0.691,0.26,2
2025-08-26,CL-VLC-02,C,10,5040.0,1509.4,116,0.715,0.299,3
2025-08-27,CL-BCN-01,B,9,4640.6,851.7,119,0.803,0.184,1
2025-08-27,CL-BCN-02,B,10,4879.0,662.4,150,0.821,0.136,7
2025-08-27,CL-BIO-01,E,9,4360.1,417.6,113,0.914,0.096,0
2025-08-27,CL-MAD-01,A,9,4340.5,574.6,127,0.816,0.132,6
2025-08-27,CL-MAD-02,A,9,4118.6,618.5,138,0.646,0.15,10
2025-08-27,CL-MAD-03,A,11,4951.6,965.1,167,0.723,0.195,6
2025-08-27,CL-SEV-01,D,10,10745.9,3571.3,98,0.616,0.332,2
2025-08-27,CL-VLC-01,C,9,4411.4,1160.9,93,0.776,0.263,1
2025-08-27,CL-VLC-02,C,11,5141.8,1439.9,154,0.587,0.28,3
2025-08-28,CL-BCN-01,B,10,5117.9,997.6,134,0.749,0.195,1
2025-08-28,CL-BCN-02,B,10,5130.6,1072.8,111,0.761,0.209,2
2025-08-28,CL-BIO-01,E,11,5559.5,963.2,141,0.836,0.173,0
2025-08-28,CL-MAD-01,A,10,4675.3,675.9,121,0.813,0.145,4
2025-08-28,CL-MAD-02,A,9,4320.5,791.9,115,0.733,0.183,1
2025-08-28,CL-MAD-03,A,8,3475.8,598.3,117,0.779,0.172,5
2025-08-28,CL-SEV-01,D,10,10804.7,3241.5,64,0.521,0.3,0
2025-08-28,CL-VLC-01,C,10,5052.4,1138.2,126,0.701,0.225,4
2025-08-28,CL-VLC-02,C,9,4370.4,995.5,118,0.804,0.228,1
2025-08-29,CL-BCN-01,B,9,4291.3,972.1,112,0.771,0.227,6
2025-08-29,CL-BCN-02,B,9,4488.6,1041.0,118,0.626,0.232,2
2025-08-29,CL-BIO-01,E,9,4588.4,586.9,113,0.805,0.128,2
2025-08-29,CL-MAD-01,A,9,4183.9,618.0,123,0.745,0.148,6
2025-08-29,CL-MAD-02,A,8,3814.6,663.3,98,0.79,0.174,8
2025-08-29,CL-MAD-03,A,11,5147.7,1061.2,140,0.857,0.206,8
2025-08-29,CL-SEV-01,D,9,9343.3,2893.3,54,0.572,0.31,2
2025-08-29,CL-VLC-01,C,10,4970.7,1225.0,113,0.772,0.246,2
2025-08-29,CL-VLC-02,C,8,4150.6,1018.2,92,0.708,0.245,3
2025-08-30,CL-BCN-01,B,8,3815.8,802.5,92,0.727,0.21,4
2025-08-30,CL-BCN-02,B,7,3424.3,667.8,91,0.741,0.195,5
2025-08-30,CL-BIO-01,E,7,,,83,0.837,,2
2025-08-30,CL-MAD-01,A,7,3213.7,693.4,85,0.718,0.216,0
2025-08-30,CL-MAD-02,A,7,3072.8,510.6,84,0.762,0.166,3
2025-08-30,CL-MAD-03,A,7,3255.6,519.0,95,0.734,0.159,6
2025-08-30,CL-SEV-01,D,7,7944.3,2730.6,43,0.602,0.344,2
2025-08-30,CL-VLC-01,C,7,3419.3,912.2,89,0.683,0.267,3
2025-08-30,CL-VLC-02,C,7,3508.7,893.0,78,0.683,0.255,0
2025-08-31,CL-BCN-01,B,3,1623.3,354.5,44,0.738,0.218,0
2025-08-31,CL-BCN-02,B,3,1251.8,240.4,33,0.712,0.192,1
2025-08-31,CL-BIO-01,E,3,1575.7,227.0,30,0.841,0.144,1
2025-08-31,CL-MAD-01,A,3,1189.9,215.8,37,0.754,0.181,0
2025-08-31,CL-MAD-02,A,2,1113.7,262.7,26,0.797,0.236,1
2025-08-31,CL-MAD-03,A,3,1483.2,292.5,42,0.818,0.197,3
2025-08-31,CL-SEV-01,D,3,3696.5,1361.5,30,0.662,0.368,0
2025-08-31,CL-VLC-01,C,3,1248.2,269.5,33,0.781,0.216,1
2025-08-31,CL-VLC-02,C,3,1256.6,279.9,32,0.693,0.223,1
2025-09-01,CL-BCN-01,B,12,5790.5,1258.3,163,0.793,0.217,6
2025-09-01,CL-BCN-02,B,11,5589.4,1112.1,149,0.841,0.199,5
2025-09-01,CL-BIO-01,E,9,4628.8,423.8,101,0.853,0.092,0
2025-09-01,CL-MAD-01,A,10,4652.3,764.7,127,0.75,0.164,5
2025-09-01,CL-MAD-02,A,11,5020.1,894.3,161,0.744,0.178,6
2025-09-01,CL-MAD-03,A,10,4662.4,1000.6,142,0.733,0.215,2
2025-09-01,CL-SEV-01,D,10,10563.6,3987.9,101,0.653,0.378,0
2025-09-01,CL-VLC-01,C,12,5670.9,1213.1,120,0.661,0.214,2
2025-09-01,CL-VLC-02,C,11,5188.0,1189.3,127,0.711,0.229,5
2025-09-02,CL-BCN-01,B,10,4808.6,1160.4,130,0.814,0.241,6
2025-09-02,CL-BCN-02,B,11,5632.2,1110.8,158,0.769,0.197,2
2025-09-02,CL-BIO-01,E,10,5056.5,728.9,98,0.783,0.144,1
2025-09-02,CL-MAD-01,A,10,4448.8,743.8,121,0.641,0.167,2
2025-09-02,CL-MAD-02,A,8,3549.8,482.5,119,0.889,0.136,2
2025-09-02,CL-MAD-03,A,12,5342.3,981.6,179,0.888,0.184,11
2025-09-02,CL-SEV-01,D,11,11602.5,3988.6,89,0.693,0.344,3
2025-09-02,CL-VLC-01,C,10,5020.8,1386.0,96,0.65,0.276,3
2025-09-02,CL-VLC-02,C,11,5321.8,1321.6,118,0.642,0.248,6
2025-09-03,CL-BCN-01,B,10,4854.6,882.0,148,0.752,0.182,5
2025-09-03,CL-BCN-02,B,10,4932.4,1143.4,145,0.795,0.232,6
2025-09-03,CL-BIO-01,E,11,5434.0,1080.7,141,0.918,0.199,1
2025-09-03,CL-MAD-01,A,13,5809.0,1020.4,179,0.818,0.176,11
2025-09-03,CL-MAD-02,A,11,5024.0,953.5,137,0.814,0.19,5
2025-09-03,CL-MAD-03,A,12,5391.6,1066.3,163,0.694,0.198,7
2025-09-03,CL-SEV-01,D,11,11431.3,4396.4,103,0.577,0.385,1
2025-09-03,CL-VLC-01,C,10,4721.3,770.3,146,0.74,0.163,4
2025-09-03,CL-VLC-02,C,11,5614.3,1390.4,128,0.705,0.248,2
2025-09-04,CL-BCN-01,B,10,5163.2,1366.8,117,0.773,0.265,4
2025-09-04,CL-BCN-02,B,8,4075.8,682.9,106,0.799,0.168,6
2025-09-04,CL-BIO-01,E,11,5561.1,844.9,120,0.788,0.152,2
2025-09-04,CL-MAD-01,A,9,3937.0,721.8,123,0.762,0.183,2
2025-09-04,CL-MAD-02,A,11,5063.7,802.3,157,0.688,0.158,8
2025-09-04,CL-MAD-03,A,11,5218.4,850.7,163,0.829,0.163,8
2025-09-04,CL-SEV-01,D,10,10852.6,3857.1,86,0.619,0.355,2
2025-09-04,CL-VLC-01,C,11,,,139,0.736,,3
2025-09-04,CL-VLC-02,C,9,4538.3,927.9,136,0.681,0.204,2
2025-09-05,CL-BCN-01,B,11,5542.5,1191.0,141,0.757,0.215,2
2025-09-05,CL-BCN-02,B,10,5083.2,830.6,130,0.898,0.163,5
2025-09-05,CL-BIO-01,E,10,5060.0,476.1,120,0.836,0.094,3
2025-09-05,CL-MAD-01,A,11,5130.8,1051.0,156,0.667,0.205,6
2025-09-05,CL-MAD-02,A,12,5466.4,1163.7,152,0.89,0.213,10
2025-09-05,CL-MAD-03,A,10,4440.0,714.5,130,0.745,0.161,5
2025-09-05,CL-SEV-01,D,10,10910.2,3991.9,49,0.639,0.366,0
2025-09-05,CL-VLC-01,C,12,5720.6,1398.3,173,0.848,0.244,4
2025-09-05,CL-VLC-02,C,10,5021.3,1034.4,149,0.744,0.206,3
2025-09-06,CL-BCN-01,B,7,3615.0,807.3,93,0.765,0.223,5
2025-09-06,CL-BCN-02,B,8,4013.2,946.7,97,0.79,0.236,1
2025-09-06,CL-BIO-01,E,8,4114.1,609.9,88,0.838,0.148,2
2025-09-06,CL-MAD-01,A,7,3436.3,543.7,112,0.773,0.158,4
2025-09-06,CL-MAD-02,A,7,3243.7,625.9,96,0.805,0.193,1
2025-09-06,CL-MAD-03,A,7,3378.9,617.4,96,0.683,0.183,1
2025-09-06,CL-SEV-01,D,7,7716.3,2484.6,76,0.581,0.322,1
2025-09-06,CL-VLC-01,C,8,4003.2,738.6,90,0.773,0.185,3
2025-09-06,CL-VLC-02,C,7,3577.1,831.1,82,0.715,0.232,2
2025-09-07,CL-BCN-01,B,3,1545.0,321.6,38,0.822,0.208,0
2025-09-07,CL-BCN-02,B,3,1472.3,304.1,34,0.641,0.207,0
2025-09-07,CL-BIO-01,E,3,1512.0,196.3,32,0.718,0.13,0
2025-09-07,CL-MAD-01,A,3,1406.7,248.1,38,0.748,0.176,3
2025-09-07,CL-MAD-02,A,3,1413.0,284.6,38,0.784,0.201,0
2025-09-07,CL-MAD-03,A,3,1343.2,207.1,41,0.691,0.154,1
2025-09-07,CL-SEV-01,D,3,3751.6,1305.1,20,0.654,0.348,0
2025-09-07,CL-VLC-01,C,3,,,38,0.68,,0
2025-09-07,CL-VLC-02,C,4,1746.9,330.7,42,0.775,0.189,0
2025-09-08,CL-BCN-01,B,9,4482.0,947.1,122,0.633,0.211,4
2025-09-08,CL-BCN-02,B,10,5093.4,944.1,147,0.678,0.185,4
2025-09-08,CL-BIO-01,E,11,5396.9,822.6,116,0.868,0.152,1
2025-09-08,CL-MAD-01,A,10,4738.5,686.9,131,0.737,0.145,1
2025-09-08,CL-MAD-02,A,10,,,136,0.875,,6
2025-09-08,CL-MAD-03,A,10,4761.0,787.2,128,0.677,0.165,7
2025-09-08,CL-SEV-01,D,10,10386.7,4056.8,66,0.467,0.391,0
2025-09-08,CL-VLC-01,C,11,5201.8,1288.3,157,0.633,0.248,4
2025-09-08,CL-VLC-02,C,11,5225.3,894.9,149,0.693,0.171,5
2025-09-09,CL-BCN-01,B,10,4899.1,1282.6,124,0.813,0.262,4
2025-09-09,CL-BCN-02,B,10,,,126,0.715,,4
2025-09-09,CL-BIO-01,E,10,5213.2,767.0,113,0.852,0.147,1
2025-09-09,CL-MAD-01,A,10,4564.1,717.8,134,0.885,0.157,5
2025-09-09,CL-MAD-02,A,12,,,189,0.755,,4
2025-09-09,CL-MAD-03,A,11,4940.6,969.8,144,0.76,0.196,5
2025-09-09,CL-SEV-01,D,9,9605.2,3562.0,98,0.571,0.371,2
2025-09-09,CL-VLC-01,C,9,4596.8,1086.2,104,0.753,0.236,2
2025-09-09,CL-VLC-02,C,10,4886.1,1151.5,121,0.785,0.236,2
2025-09-10,CL-BCN-01,B,11,5277.3,982.1,188,0.741,0.186,10
2025-09-10,CL-BCN-02,B,11,5417.4,1065.7,146,0.671,0.197,5
2025-09-10,CL-BIO-01,E,9,4388.3,622.1,99,0.792,0.142,1
2025-09-10,CL-MAD-01,A,10,4440.3,1048.0,138,0.722,0.236,7
2025-09-10,CL-MAD-02,A,11,5013.0,975.9,160,0.811,0.195,5
2025-09-10,CL-MAD-03,A,10,4758.0,1030.1,147,0.855,0.216,6
2025-09-10,CL-SEV-01,D,10,10709.2,3751.1,86,0.547,0.35,3
2025-09-10,CL-VLC-01,C,10,4810.3,1079.0,121,0.75,0.224,4
2025-09-10,CL-VLC-02,C,9,4312.6,901.7,121,0.736,0.209,2
2025-09-11,CL-BCN-01,B,11,5257.9,1312.7,151,0.755,0.25,4
2025-09-11,CL-BCN-02,B,12,5909.2,1238.3,146,0.814,0.21,5
2025-09-11,CL-BIO-01,E,11,5619.9,745.0,129,0.854,0.133,2
2025-09-11,CL-MAD-01,A,11,5047.4,966.4,152,0.716,0.191,4
2025-09-11,CL-MAD-02,A,11,5262.5,1106.9,157,0.844,0.21,4
2025-09-11,CL-MAD-03,A,10,4530.5,754.0,121,0.747,0.166,2
2025-09-11,CL-SEV-01,D,10,10674.9,3392.3,90,0.598,0.318,1
2025-09-11,CL-VLC-01,C,9,4480.3,957.8,118,0.7,0.214,1
2025-09-11,CL-VLC-02,C,10,4877.2,1231.0,113,0.86,0.252,3
2025-09-12,CL-BCN-01,B,11,5403.8,991.2,140,0.688,0.183,12
2025-09-12,CL-BCN-02,B,9,4407.6,821.8,137,0.755,0.186,7
2025-09-12,CL-BIO-01,E,10,5195.5,852.0,123,0.794,0.164,1
2025-09-12,CL-MAD-01,A,9,4214.0,743.0,140,0.797,0.176,7
2025-09-12,CL-MAD-02,A,10,4421.2,796.9,122,0.882,0.18,6
2025-09-12,CL-MAD-03,A,9,4258.3,757.0,141,0.611,0.178,3
2025-09-12,CL-SEV-01,D,11,11601.1,3666.0,93,0.555,0.316,4
2025-09-12,CL-VLC-01,C,10,4834.4,1218.0,123,0.609,0.252,5
2025-09-12,CL-VLC-02,C,10,5130.4,1159.6,125,0.647,0.226,2
2025-09-13,CL-BCN-01,B,9,4258.1,845.1,115,0.71,0.198,4
2025-09-13,CL-BCN-02,B,8,4019.2,834.2,104,0.754,0.208,2
2025-09-13,CL-BIO-01,E,7,3682.5,609.3,88,0.875,0.165,1
2025-09-13,CL-MAD-01,A,8,3726.2,687.9,100,0.635,0.185,2
2025-09-13,CL-MAD-02,A,8,3544.9,707.0,116,0.755,0.199,2
2025-09-13,CL-MAD-03,A,7,3359.1,583.4,69,0.777,0.174,0
2025-09-13,CL-SEV-01,D,8,9062.4,3253.5,64,0.705,0.359,0
2025-09-13,CL-VLC-01,C,9,4261.7,931.5,108,0.825,0.219,2
2025-09-13,CL-VLC-02,C,8,3751.8,964.8,93,0.694,0.257,3
2025-09-14,CL-BCN-01,B,4,1936.4,489.2,55,0.709,0.253,4
2025-09-14,CL-BCN-02,B,3,1534.0,304.9,49,0.682,0.199,3
2025-09-14,CL-BIO-01,E,3,1717.9,229.9,39,0.921,0.134,0
2025-09-14,CL-MAD-01,A,3,1258.0,281.5,47,0.761,0.224,1
2025-09-14,CL-MAD-02,A,3,1434.8,265.5,43,0.815,0.185,4
2025-09-14,CL-MAD-03,A,3,1603.4,225.1,42,0.698,0.14,1
2025-09-14,CL-SEV-01,D,3,3442.6,1184.5,24,0.638,0.344,0
2025-09-14,CL-VLC-01,C,3,1512.7,370.8,39,0.832,0.245,1
2025-09-14,CL-VLC-02,C,4,1745.7,406.1,41,0.788,0.233,1
2025-09-15,CL-BCN-01,B,11,5326.6,979.2,118,0.843,0.184,8
2025-09-15,CL-BCN-02,B,10,4750.6,943.1,127,0.774,0.199,3
2025-09-15,CL-BIO-01,E,10,5031.2,790.3,143,0.823,0.157,2
2025-09-15,CL-MAD-01,A,9,4227.4,875.5,138,0.798,0.207,3
2025-09-15,CL-MAD-02,A,9,4334.6,830.9,135,0.831,0.192,5
2025-09-15,CL-MAD-03,A,10,4362.2,863.3,155,0.727,0.198,5
2025-09-15,CL-SEV-01,D,12,12387.6,4171.3,115,0.694,0.337,2
2025-09-15,CL-VLC-01,C,11,5478.8,1078.8,125,0.657,0.197,2
2025-09-15,CL-VLC-02,C,12,5833.6,943.5,153,0.682,0.162,3
2025-09-16,CL-BCN-01,B,11,5476.3,1114.1,134,0.658,0.203,5
2025-09-16,CL-BCN-02,B,12,5890.3,1252.1,168,0.725,0.213,2
2025-09-16,CL-BIO-01,E,11,5346.3,503.6,146,0.793,0.094,0
2025-09-16,CL-MAD-01,A,10,4753.9,1026.1,146,0.724,0.216,4
2025-09-16,CL-MAD-02,A,9,4184.1,881.9,114,0.823,0.211,8
2025-09-16,CL-MAD-03,A,8,3806.4,760.4,103,0.8,0.2,6
2025-09-16,CL-SEV-01,D,12,13209.7,4381.3,101,0.609,0.332,4
2025-09-16,CL-VLC-01,C,12,5656.6,1104.6,142,0.797,0.195,4
2025-09-16,CL-VLC-02,C,10,4969.8,1414.9,142,0.646,0.285,2
2025-09-17,CL-BCN-01,B,10,5157.7,1301.8,113,0.774,0.252,5
2025-09-17,CL-BCN-02,B,11,5265.3,1341.7,173,0.744,0.255,9
2025-09-17,CL-BIO-01,E,9,4817.3,733.2,92,0.939,0.152,0
2025-09-17,CL-MAD-01,A,9,4294.9,774.2,149,0.773,0.18,6
2025-09-17,CL-MAD-02,A,11,4851.8,1084.7,139,0.905,0.224,2
2025-09-17,CL-MAD-03,A,9,4339.3,867.2,106,0.773,0.2,5
2025-09-17,CL-SEV-01,D,8,9099.5,3073.4,68,0.537,0.338,1
2025-09-17,CL-VLC-01,C,11,5172.3,1001.0,128,0.668,0.194,4
2025-09-17,CL-VLC-02,C,11,5243.8,1477.5,122,0.781,0.282,3
2025-09-18,CL-BCN-01,B,11,5292.3,1062.1,128,0.769,0.201,5
2025-09-18,CL-BCN-02,B,11,5586.8,1164.6,143,0.782,0.208,5
2025-09-18,CL-BIO-01,E,12,6256.1,584.6,157,0.779,0.093,0
2025-09-18,CL-MAD-01,A,10,4488.0,822.0,151,0.849,0.183,8
2025-09-18,CL-MAD-02,A,9,4353.4,793.5,130,0.736,0.182,6
2025-09-18,CL-MAD-03,A,12,5398.9,964.9,140,0.867,0.179,6
2025-09-18,CL-SEV-01,D,10,10837.2,3489.9,45,0.526,0.322,0
2025-09-18,CL-VLC-01,C,9,4525.8,1088.4,82,0.688,0.24,0
2025-09-18,CL-VLC-02,C,11,5324.6,1432.4,137,0.695,0.269,3
2025-09-19,CL-BCN-01,B,10,5047.2,1227.6,114,0.72,0.243,4
2025-09-19,CL-BCN-02,B,10,4947.1,1057.0,132,0.69,0.214,10
2025-09-19,CL-BIO-01,E,10,5116.6,462.9,128,0.797,0.09,2
2025-09-19,CL-MAD-01,A,9,3985.9,641.9,115,0.803,0.161,6
2025-09-19,CL-MAD-02,A,10,4486.9,854.5,135,0.844,0.19,6
2025-09-19,CL-MAD-03,A,12,5378.4,1061.5,159,0.684,0.197,3
2025-09-19,CL-SEV-01,D,9,9216.3,3122.1,73,0.556,0.339,0
2025-09-19,CL-VLC-01,C,10,4938.6,1156.0,119,0.778,0.234,4
2025-09-19,CL-VLC-02,C,10,4801.6,1148.8,120,0.736,0.239,7
2025-09-20,CL-BCN-01,B,8,4023.7,769.9,104,0.754,0.191,5
2025-09-20,CL-BCN-02,B,7,3674.0,824.2,84,0.682,0.224,2
2025-09-20,CL-BIO-01,E,8,4082.7,693.6,101,0.726,0.17,1
2025-09-20,CL-MAD-01,A,9,4036.6,736.0,124,0.735,0.182,5
2025-09-20,CL-MAD-02,A,7,3417.8,635.3,94,0.701,0.186,1
2025-09-20,CL-MAD-03,A,9,4022.8,643.4,117,0.822,0.16,5
2025-09-20,CL-SEV-01,D,7,7245.8,2570.3,47,0.608,0.355,2
2025-09-20,CL-VLC-01,C,8,3855.3,988.0,65,0.746,0.256,1
2025-09-20,CL-VLC-02,C,7,3655.1,872.6,101,0.679,0.239,2
2025-09-21,CL-BCN-01,B,3,1444.3,273.6,39,0.768,0.189,1
2025-09-21,CL-BCN-02,B,4,1761.9,385.7,51,0.672,0.219,3
2025-09-21,CL-BIO-01,E,3,1625.1,122.1,38,0.834,0.075,1
2025-09-21,CL-MAD-01,A,3,1442.1,228.4,32,0.81,0.158,2
2025-09-21,CL-MAD-02,A,3,1396.9,259.6,43,0.825,0.186,2
2025-09-21,CL-MAD-03,A,3,1589.6,304.7,41,0.76,0.192,1
2025-09-21,CL-SEV-01,D,4,3833.5,1414.7,29,0.518,0.369,1
2025-09-21,CL-VLC-01,C,4,1712.6,370.5,59,0.692,0.216,1
2025-09-21,CL-VLC-02,C,3,,,34,0.721,,1
2025-09-22,CL-BCN-01,B,10,4787.5,925.8,106,0.759,0.193,5
2025-09-22,CL-BCN-02,B,10,5150.7,1139.4,146,0.744,0.221,8
2025-09-22,CL-BIO-01,E,11,5681.7,546.0,121,0.888,0.096,1
2025-09-22,CL-MAD-01,A,11,5109.6,999.2,149,0.752,0.196,4
2025-09-22,CL-MAD-02,A,10,4612.2,978.3,114,0.822,0.212,6
2025-09-22,CL-MAD-03,A,9,4199.0,734.9,143,0.755,0.175,5
2025-09-22,CL-SEV-01,D,10,10986.7,4110.2,85,0.702,0.374,0
2025-09-22,CL-VLC-01,C,10,4767.4,1074.5,108,0.679,0.225,1
2025-09-22,CL-VLC-02,C,9,4300.5,974.0,76,0.675,0.226,1
2025-09-23,CL-BCN-01,B,10,4872.9,982.4,135,0.688,0.202,4
2025-09-23,CL-BCN-02,B,12,5999.6,1316.0,192,0.742,0.219,4
2025-09-23,CL-BIO-01,E,12,5995.9,801.1,142,0.787,0.134,2
2025-09-23,CL-MAD-01,A,10,4412.3,926.4,162,0.722,0.21,7
2025-09-23,CL-MAD-02,A,10,4650.3,759.8,128,0.791,0.163,6
2025-09-23,CL-MAD-03,A,10,4593.4,873.6,110,0.807,0.19,5
2025-09-23,CL-SEV-01,D,9,9743.6,3766.6,85,0.638,0.387,0
2025-09-23,CL-VLC-01,C,11,5547.5,1497.6,155,0.689,0.27,3
2025-09-23,CL-VLC-02,C,11,5147.5,1159.5,120,0.668,0.225,2
2025-09-24,CL-BCN-01,B,10,5071.4,923.4,142,0.778,0.182,7
2025-09-24,CL-BCN-02,B,11,5271.2,1367.5,131,0.756,0.259,6
2025-09-24,CL-BIO-01,E,9,4406.7,768.7,99,0.814,0.174,2
2025-09-24,CL-MAD-01,A,10,4751.4,793.9,153,0.747,0.167,5
2025-09-24,CL-MAD-02,A,11,5055.2,873.1,134,0.771,0.173,7
2025-09-24,CL-MAD-03,A,10,4696.6,942.9,147,0.773,0.201,3
2025-09-24,CL-SEV-01,D,11,12133.8,4314.7,90,0.565,0.356,1
2025-09-24,CL-VLC-01,C,10,5078.5,984.8,113,0.681,0.194,0
2025-09-24,CL-VLC-02,C,10,4973.7,1120.9,110,0.77,0.225,2
2025-09-25,CL-BCN-01,B,11,5368.0,1369.1,118,0.746,0.255,1
2025-09-25,CL-BCN-02,B,9,4470.7,756.3,96,0.829,0.169,1
2025-09-25,CL-BIO-01,E,10,5238.6,727.0,123,0.841,0.139,2
2025-09-25,CL-MAD-01,A,10,4754.4,855.7,167,0.733,0.18,4
2025-09-25,CL-MAD-02,A,10,4529.5,1005.1,153,0.804,0.222,5
2025-09-25,CL-MAD-03,A,10,4386.5,1055.0,133,0.855,0.241,8
2025-09-25,CL-SEV-01,D,12,13116.6,4052.3,93,0.639,0.309,0
2025-09-25,CL-VLC-01,C,10,5042.3,875.6,104,0.749,0.174,3
2025-09-25,CL-VLC-02,C,11,5409.5,1107.5,134,0.647,0.205,1
2025-09-26,CL-BCN-01,B,10,5196.3,1221.1,137,0.767,0.235,4
2025-09-26,CL-BCN-02,B,11,5428.2,1194.7,119,0.679,0.22,6
2025-09-26,CL-BIO-01,E,10,4936.2,839.0,102,0.839,0.17,1
2025-09-26,CL-MAD-01,A,11,4852.9,1071.7,170,0.798,0.221,4
2025-09-26,CL-MAD-02,A,11,5047.2,630.4,133,0.774,0.125,4
2025-09-26,CL-MAD-03,A,10,4744.0,956.9,137,0.796,0.202,5
2025-09-26,CL-SEV-01,D,11,11880.9,4497.1,70,0.656,0.379,2
2025-09-26,CL-VLC-01,C,9,4460.1,1005.3,96,0.674,0.225,0
2025-09-26,CL-VLC-02,C,12,5763.0,1390.1,146,0.778,0.241,2
2025-09-27,CL-BCN-01,B,9,4511.4,810.0,129,0.759,0.18,5
2025-09-27,CL-BCN-02,B,8,3886.4,714.4,101,0.767,0.184,3
2025-09-27,CL-BIO-01,E,7,3785.4,454.1,96,0.833,0.12,1
2025-09-27,CL-MAD-01,A,7,3287.1,708.5,107,0.883,0.216,5
2025-09-27,CL-MAD-02,A,7,3173.6,653.4,101,0.694,0.206,5
2025-09-27,CL-MAD-03,A,8,3553.0,833.8,104,0.839,0.235,2
2025-09-27,CL-SEV-01,D,7,7996.6,2353.2,48,0.493,0.294,0
2025-09-27,CL-VLC-01,C,7,3653.9,787.8,93,0.764,0.216,3
2025-09-27,CL-VLC-02,C,7,3601.1,824.8,65,0.783,0.229,3
2025-09-28,CL-BCN-01,B,3,1667.8,361.9,38,0.828,0.217,3
2025-09-28,CL-BCN-02,B,4,2014.2,375.3,53,0.881,0.186,1
2025-09-28,CL-BIO-01,E,3,1621.1,250.4,37,0.721,0.154,0
2025-09-28,CL-MAD-01,A,3,1521.1,257.0,39,0.812,0.169,1
2025-09-28,CL-MAD-02,A,3,1279.8,254.1,45,0.802,0.199,2
2025-09-28,CL-MAD-03,A,3,1425.1,234.7,41,0.745,0.165,1
2025-09-28,CL-SEV-01,D,3,3668.4,1178.5,20,0.562,0.321,0
2025-09-28,CL-VLC-01,C,3,1687.4,412.6,36,0.771,0.245,0
2025-09-28,CL-VLC-02,C,3,1541.6,374.8,34,0.789,0.243,1
2025-09-29,CL-BCN-01,B,10,5195.3,1156.2,166,0.638,0.223,9
2025-09-29,CL-BCN-02,B,11,5316.6,1254.5,137,0.742,0.236,6
2025-09-29,CL-BIO-01,E,9,4694.4,608.3,108,0.776,0.13,1
2025-09-29,CL-MAD-01,A,11,5040.9,774.7,138,0.773,0.154,6
2025-09-29,CL-MAD-02,A,10,4443.4,776.7,128,0.826,0.175,7
2025-09-29,CL-MAD-03,A,10,4583.4,728.1,170,0.782,0.159,10
2025-09-29,CL-SEV-01,D,11,11609.1,3510.5,100,0.71,0.302,1
2025-09-29,CL-VLC-01,C,12,5656.3,1262.6,163,0.724,0.223,6
2025-09-29,CL-VLC-02,C,12,5857.9,1311.8,160,0.812,0.224,5
2025-09-30,CL-BCN-01,B,9,4705.8,775.5,119,0.76,0.165,3
2025-09-30,CL-BCN-02,B,10,4869.4,816.0,127,0.702,0.168,6
2025-09-30,CL-BIO-01,E,9,4416.9,515.6,98,0.769,0.117,0
2025-09-30,CL-MAD-01,A,10,4472.6,717.3,128,0.795,0.16,5
2025-09-30,CL-MAD-02,A,9,4293.2,819.3,139,0.72,0.191,7
2025-09-30,CL-MAD-03,A,11,4962.5,978.3,135,0.854,0.197,5
2025-09-30,CL-SEV-01,D,11,12351.6,4441.6,94,0.553,0.36,0
2025-09-30,CL-VLC-01,C,10,4936.0,1093.2,122,0.678,0.221,2
2025-09-30,CL-VLC-02,C,10,4924.0,1231.7,114,0.757,0.25,4
2025-10-01,CL-BCN-01,B,9,4384.7,955.0,151,0.941,0.218,4
2025-10-01,CL-BCN-02,B,11,5458.8,1187.7,147,0.693,0.218,4
2025-10-01,CL-BIO-01,E,9,4672.9,612.0,90,0.892,0.131,4
2025-10-01,CL-MAD-01,A,10,4575.6,783.9,128,0.738,0.171,3
2025-10-01,CL-MAD-02,A,11,4938.9,947.0,168,0.738,0.192,12
2025-10-01,CL-MAD-03,A,11,5048.4,1024.4,137,0.712,0.203,4
2025-10-01,CL-SEV-01,D,10,10237.0,3131.3,85,0.631,0.306,0
2025-10-01,CL-VLC-01,C,10,5033.9,1170.0,127,0.678,0.232,3
2025-10-01,CL-VLC-02,C,10,5045.1,1130.3,97,0.768,0.224,3
2025-10-02,CL-BCN-01,B,10,5069.5,1133.1,121,0.754,0.224,5
2025-10-02,CL-BCN-02,B,10,5166.6,1011.0,109,0.68,0.196,6
2025-10-02,CL-BIO-01,E,9,4549.8,735.2,111,0.846,0.162,4
2025-10-02,CL-MAD-01,A,10,4508.8,636.2,140,0.76,0.141,3
2025-10-02,CL-MAD-02,A,11,4870.0,649.0,174,0.767,0.133,8
2025-10-02,CL-MAD-03,A,10,4727.3,931.4,135,0.825,0.197,4
2025-10-02,CL-SEV-01,D,10,11207.1,4410.3,76,0.661,0.394,4
2025-10-02,CL-VLC-01,C,11,5467.4,1494.0,147,0.651,0.273,2
2025-10-02,CL-VLC-02,C,12,5939.4,1267.6,130,0.657,0.213,4
2025-10-03,CL-BCN-01,B,10,5246.7,1162.9,150,0.732,0.222,4
2025-10-03,CL-BCN-02,B,12,5962.7,1364.8,146,0.727,0.229,4
2025-10-03,CL-BIO-01,E,12,5882.6,1000.9,139,0.917,0.17,1
2025-10-03,CL-MAD-01,A,10,4438.5,762.4,126,0.831,0.172,1
2025-10-03,CL-MAD-02,A,10,4391.5,821.0,122,0.71,0.187,1
2025-10-03,CL-MAD-03,A,10,4359.6,645.9,169,0.757,0.148,6
2025-10-03,CL-SEV-01,D,10,10969.7,3277.7,84,0.484,0.299,2
2025-10-03,CL-VLC-01,C,8,4071.7,806.3,107,0.657,0.198,2
2025-10-03,CL-VLC-02,C,10,5047.3,1271.7,102,0.729,0.252,4
2025-10-04,CL-BCN-01,B,8,3884.7,615.6,92,0.634,0.158,3
2025-10-04,CL-BCN-02,B,8,4009.7,746.9,88,0.683,0.186,5
2025-10-04,CL-BIO-01,E,7,3772.8,402.7,101,0.818,0.107,0
2025-10-04,CL-MAD-01,A,8,3586.9,524.3,109,0.733,0.146,5
2025-10-04,CL-MAD-02,A,8,,,116,0.758,,1
2025-10-04,CL-MAD-03,A,8,3700.5,762.3,124,0.742,0.206,3
2025-10-04,CL-SEV-01,D,7,7679.5,2600.7,53,0.657,0.339,0
2025-10-04,CL-VLC-01,C,8,3801.0,785.7,113,0.651,0.207,2
2025-10-04,CL-VLC-02,C,8,3741.5,891.7,93,0.704,0.238,2
2025-10-05,CL-BCN-01,B,3,1606.8,412.8,41,0.731,0.257,1
2025-10-05,CL-BCN-02,B,2,1186.4,208.8,25,0.687,0.176,2
2025-10-05,CL-BIO-01,E,3,1532.8,200.8,29,0.889,0.131,0
2025-10-05,CL-MAD-01,A,3,1436.1,330.2,38,0.712,0.23,2
2025-10-05,CL-MAD-02,A,3,1433.2,319.6,52,0.73,0.223,3
2025-10-05,CL-MAD-03,A,3,1325.7,274.5,33,0.718,0.207,2
2025-10-05,CL-SEV-01,D,3,3471.8,1101.0,20,0.601,0.317,0
2025-10-05,CL-VLC-01,C,3,1428.5,306.2,33,0.679,0.214,1
2025-10-05,CL-VLC-02,C,3,1642.8,270.6,42,0.728,0.165,1
2025-10-06,CL-BCN-01,B,10,5112.6,1006.6,136,0.775,0.197,4
2025-10-06,CL-BCN-02,B,8,4243.0,920.8,118,0.67,0.217,3
2025-10-06,CL-BIO-01,E,10,5312.3,748.7,106,0.858,0.141,0
2025-10-06,CL-MAD-01,A,10,4784.3,1175.8,175,0.793,0.246,10
2025-10-06,CL-MAD-02,A,11,4886.3,652.0,156,0.695,0.133,10
2025-10-06,CL-MAD-03,A,10,4722.5,723.5,147,0.864,0.153,9
2025-10-06,CL-SEV-01,D,11,11728.7,4373.9,57,0.595,0.373,2
2025-10-06,CL-VLC-01,C,11,5166.3,1171.8,162,0.855,0.227,10
2025-10-06,CL-VLC-02,C,10,4756.1,1064.1,111,0.692,0.224,2
2025-10-07,CL-BCN-01,B,10,4952.0,1009.3,125,0.771,0.204,4
2025-10-07,CL-BCN-02,B,10,5075.8,1195.8,96,0.776,0.236,4
2025-10-07,CL-BIO-01,E,11,5738.3,628.5,145,0.842,0.11,3
2025-10-07,CL-MAD-01,A,10,4562.5,876.7,156,0.763,0.192,5
2025-10-07,CL-MAD-02,A,8,3616.2,602.3,128,0.811,0.167,1
2025-10-07,CL-MAD-03,A,11,4941.3,1023.3,151,0.796,0.207,7
2025-10-07,CL-SEV-01,D,11,11422.3,3963.1,86,0.594,0.347,5
2025-10-07,CL-VLC-01,C,10,4835.2,904.6,147,0.708,0.187,2
2025-10-07,CL-VLC-02,C,9,4514.2,1027.7,137,0.677,0.228,2
2025-10-08,CL-BCN-01,B,9,4380.8,743.2,120,0.721,0.17,5
2025-10-08,CL-BCN-02,B,11,5358.6,1186.6,143,0.794,0.221,8
2025-10-08,CL-BIO-01,E,12,6183.7,960.8,143,0.825,0.155,2
2025-10-08,CL-MAD-01,A,11,5140.2,904.5,160,0.691,0.176,6
2025-10-08,CL-MAD-02,A,9,4154.7,888.3,119,0.771,0.214,8
2025-10-08,CL-MAD-03,A,10,4367.4,832.4,139,0.845,0.191,4
2025-10-08,CL-SEV-01,D,10,10970.4,4059.0,52,0.679,0.37,1
2025-10-08,CL-VLC-01,C,9,4292.9,955.8,117,0.746,0.223,2
2025-10-08,CL-VLC-02,C,11,5169.0,1234.7,157,0.632,0.239,1
2025-10-09,CL-BCN-01,B,11,5380.0,1179.5,110,0.685,0.219,6
2025-10-09,CL-BCN-02,B,12,6029.3,1092.5,189,0.754,0.181,3
2025-10-09,CL-BIO-01,E,10,4981.0,729.0,88,0.708,0.146,0
2025-10-09,CL-MAD-01,A,9,4214.6,587.2,91,0.742,0.139,4
2025-10-09,CL-MAD-02,A,10,4769.1,771.5,155,0.715,0.162,15
2025-10-09,CL-MAD-03,A,8,3520.0,588.4,121,0.873,0.167,4
2025-10-09,CL-SEV-01,D,11,11872.7,4517.1,94,0.642,0.38,4
2025-10-09,CL-VLC-01,C,9,4506.9,1065.3,129,0.763,0.236,1
2025-10-09,CL-VLC-02,C,10,4667.3,1030.2,115,0.753,0.221,1
2025-10-10,CL-BCN-01,B,11,5498.8,1243.6,145,0.713,0.226,7
2025-10-10,CL-BCN-02,B,8,4246.8,779.8,113,0.748,0.184,4
2025-10-10,CL-BIO-01,E,9,4381.2,419.6,84,0.841,0.096,0
2025-10-10,CL-MAD-01,A,11,4872.6,720.2,148,0.88,0.148,2
2025-10-10,CL-MAD-02,A,10,4504.4,719.9,124,0.626,0.16,3
2025-10-10,CL-MAD-03,A,9,3993.3,727.9,135,0.633,0.182,2
2025-10-10,CL-SEV-01,D,10,10630.0,4102.4,74,0.64,0.386,4
2025-10-10,CL-VLC-01,C,9,4334.4,1185.3,95,0.85,0.273,2
2025-10-10,CL-VLC-02,C,11,5421.2,1275.6,103,0.662,0.235,2
2025-10-11,CL-BCN-01,B,8,4175.7,953.7,95,0.787,0.228,2
2025-10-11,CL-BCN-02,B,8,4220.9,918.8,101,0.689,0.218,5
2025-10-11,CL-BIO-01,E,7,3553.9,403.1,95,0.903,0.113,2
2025-10-11,CL-MAD-01,A,8,3535.6,594.9,127,0.751,0.168,3
2025-10-11,CL-MAD-02,A,8,3569.0,682.4,107,0.816,0.191,5
2025-10-11,CL-MAD-03,A,7,3353.8,560.9,100,0.759,0.167,6
2025-10-11,CL-SEV-01,D,7,7468.0,2323.2,59,0.65,0.311,1
2025-10-11,CL-VLC-01,C,7,3609.3,986.5,83,0.648,0.273,0
2025-10-11,CL-VLC-02,C,8,3928.1,748.1,104,0.655,0.19,2
2025-10-12,CL-BCN-01,B,2,1218.1,209.4,24,0.752,0.172,1
2025-10-12,CL-BCN-02,B,3,1419.6,323.3,43,0.761,0.228,2
2025-10-12,CL-BIO-01,E,3,1711.9,250.3,36,0.881,0.146,0
2025-10-12,CL-MAD-01,A,3,1186.6,198.5,38,0.659,0.167,1
2025-10-12,CL-MAD-02,A,3,1368.7,152.0,40,0.773,0.111,1
2025-10-12,CL-MAD-03,A,3,1266.6,224.8,37,0.643,0.177,1
2025-10-12,CL-SEV-01,D,3,3196.1,938.6,27,0.612,0.294,1
2025-10-12,CL-VLC-01,C,3,1468.1,350.5,30,0.642,0.239,0
2025-10-12,CL-VLC-02,C,3,1529.7,363.0,38,0.786,0.237,0
2025-10-13,CL-BCN-01,B,10,4829.3,809.3,109,0.665,0.168,3
2025-10-13,CL-BCN-02,B,9,4542.6,868.6,99,0.749,0.191,6
2025-10-13,CL-BIO-01,E,9,4688.1,356.9,125,0.91,0.076,1
2025-10-13,CL-MAD-01,A,10,4789.3,803.9,117,0.726,0.168,2
2025-10-13,CL-MAD-02,A,11,5041.7,626.5,187,0.792,0.124,7
2025-10-13,CL-MAD-03,A,10,4624.4,805.6,118,0.724,0.174,5
2025-10-13,CL-SEV-01,D,10,10452.4,3376.2,73,0.591,0.323,1
2025-10-13,CL-VLC-01,C,11,5187.7,658.6,147,0.789,0.127,1
2025-10-13,CL-VLC-02,C,11,5298.0,1023.1,144,0.768,0.193,3
2025-10-14,CL-BCN-01,B,10,4903.8,1089.8,140,0.822,0.222,2
2025-10-14,CL-BCN-02,B,11,5404.7,891.5,144,0.936,0.165,5
2025-10-14,CL-BIO-01,E,11,5738.9,751.4,106,0.815,0.131,2
2025-10-14,CL-MAD-01,A,11,4887.5,810.6,134,0.895,0.166,3
2025-10-14,CL-MAD-02,A,12,5332.4,898.5,145,0.794,0.168,6
2025-10-14,CL-MAD-03,A,11,4844.0,956.2,128,0.787,0.197,3
2025-10-14,CL-SEV-01,D,9,9777.8,3087.1,64,0.711,0.316,0
2025-10-14,CL-VLC-01,C,10,4950.1,940.9,114,0.71,0.19,2
2025-10-14,CL-VLC-02,C,10,4720.3,1217.6,111,0.763,0.258,2
2025-10-15,CL-BCN-01,B,10,4993.2,1404.1,100,0.783,0.281,2
2025-10-15,CL-BCN-02,B,9,4533.6,984.9,97,0.71,0.217,1
2025-10-15,CL-BIO-01,E,9,,,104,0.823,,0
2025-10-15,CL-MAD-01,A,12,5450.2,1111.8,196,0.784,0.204,4
2025-10-15,CL-MAD-02,A,10,4733.4,1040.3,131,0.737,0.22,8
2025-10-15,CL-MAD-03,A,10,4784.1,969.6,132,0.755,0.203,7
2025-10-15,CL-SEV-01,D,10,10722.0,3657.6,60,0.562,0.341,0
2025-10-15,CL-VLC-01,C,12,5945.4,1389.3,136,0.704,0.234,2
2025-10-15,CL-VLC-02,C,11,5140.4,1266.4,103,0.694,0.246,2
2025-10-16,CL-BCN-01,B,8,4191.7,986.5,123,0.812,0.235,3
2025-10-16,CL-BCN-02,B,11,5331.0,1099.1,138,0.621,0.206,5
2025-10-16,CL-BIO-01,E,9,4560.0,555.0,99,0.775,0.122,1
2025-10-16,CL-MAD-01,A,10,4686.2,882.4,135,0.654,0.188,7
2025-10-16,CL-MAD-02,A,8,3700.2,417.8,134,0.746,0.113,6
2025-10-16,CL-MAD-03,A,11,4888.9,909.1,180,0.691,0.186,3
2025-10-16,CL-SEV-01,D,10,10615.8,3770.9,92,0.652,0.355,3
2025-10-16,CL-VLC-01,C,10,5093.3,1239.7,75,0.723,0.243,0
2025-10-16,CL-VLC-02,C,11,5537.9,1233.8,131,0.761,0.223,1
2025-10-17,CL-BCN-01,B,10,4824.0,929.2,130,0.734,0.193,5
2025-10-17,CL-BCN-02,B,10,4855.1,1066.8,137,0.708,0.22,2
2025-10-17,CL-BIO-01,E,11,5718.0,917.5,114,0.792,0.16,5
2025-10-17,CL-MAD-01,A,10,4507.0,788.3,144,0.765,0.175,3
2025-10-17,CL-MAD-02,A,12,5480.6,1013.5,180,0.756,0.185,8
2025-10-17,CL-MAD-03,A,10,4555.9,712.2,165,0.762,0.156,4
2025-10-17,CL-SEV-01,D,10,11251.8,3977.0,94,0.646,0.353,2
2025-10-17,CL-VLC-01,C,9,4162.3,915.9,91,0.73,0.22,0
2025-10-17,CL-VLC-02,C,10,5085.9,1315.6,139,0.802,0.259,3
2025-10-18,CL-BCN-01,B,8,4050.7,854.4,112,0.693,0.211,3
2025-10-18,CL-BCN-02,B,6,3018.7,867.2,69,0.823,0.287,2
2025-10-18,CL-BIO-01,E,7,3687.3,740.1,107,0.84,0.201,1
2025-10-18,CL-MAD-01,A,7,3265.9,623.6,95,0.801,0.191,3
2025-10-18,CL-MAD-02,A,7,3286.2,536.9,98,0.85,0.163,5
2025-10-18,CL-MAD-03,A,7,3372.0,655.4,106,0.691,0.194,4
2025-10-18,CL-SEV-01,D,8,8452.4,3013.3,61,0.571,0.357,1
2025-10-18,CL-VLC-01,C,8,3766.6,751.0,98,0.678,0.199,2
2025-10-18,CL-VLC-02,C,8,3863.3,909.5,98,0.685,0.235,3
2025-10-19,CL-BCN-01,B,3,1730.6,343.3,36,0.797,0.198,1
2025-10-19,CL-BCN-02,B,3,1499.0,240.3,31,0.792,0.16,1
2025-10-19,CL-BIO-01,E,3,1464.1,166.0,40,0.84,0.113,1
2025-10-19,CL-MAD-01,A,3,1259.7,244.5,45,0.792,0.194,3
2025-10-19,CL-MAD-02,A,3,1374.9,265.6,40,0.73,0.193,2
2025-10-19,CL-MAD-03,A,3,1470.4,255.1,40,0.745,0.173,1
2025-10-19,CL-SEV-01,D,3,3431.9,1265.8,20,0.592,0.369,0
2025-10-19,CL-VLC-01,C,3,1538.7,304.7,32,0.71,0.198,0
2025-10-19,CL-VLC-02,C,3,1520.8,382.1,40,0.65,0.251,1
2025-10-20,CL-BCN-01,B,10,5172.3,1085.0,119,0.825,0.21,3
2025-10-20,CL-BCN-02,B,11,5371.7,1317.6,153,0.682,0.245,7
2025-10-20,CL-BIO-01,E,11,5364.7,545.1,129,0.784,0.102,1
2025-10-20,CL-MAD-01,A,12,5395.9,711.6,148,0.775,0.132,11
2025-10-20,CL-MAD-02,A,10,4737.7,566.5,111,0.846,0.12,4
2025-10-20,CL-MAD-03,A,10,4424.2,658.3,159,0.736,0.149,9
2025-10-20,CL-SEV-01,D,9,10092.2,3207.2,80,0.548,0.318,0
2025-10-20,CL-VLC-01,C,10,4931.4,1073.1,125,0.675,0.218,0
2025-10-20,CL-VLC-02,C,9,4318.2,1017.6,108,0.736,0.236,2
2025-10-21,CL-BCN-01,B,9,4719.7,1206.6,131,0.753,0.256,3
2025-10-21,CL-BCN-02,B,8,4192.1,1026.1,97,0.715,0.245,6
2025-10-21,CL-BIO-01,E,12,5951.4,849.3,158,0.766,0.143,0
2025-10-21,CL-MAD-01,A,10,4787.3,696.5,120,0.73,0.145,6
2025-10-21,CL-MAD-02,A,9,4235.3,610.8,122,0.73,0.144,4
2025-10-21,CL-MAD-03,A,10,4528.2,781.0,99,0.816,0.172,5
2025-10-21,CL-SEV-01,D,9,9809.0,3077.9,75,0.587,0.314,0
2025-10-21,CL-VLC-01,C,9,4534.2,626.2,103,0.75,0.138,3
2025-10-21,CL-VLC-02,C,10,4768.8,1019.1,92,0.703,0.214,5
2025-10-22,CL-BCN-01,B,10,4960.3,938.4,126,0.791,0.189,2
2025-10-22,CL-BCN-02,B,12,5809.9,1024.6,164,0.732,0.176,7
2025-10-22,CL-BIO-01,E,13,6580.3,857.6,187,0.741,0.13,1
2025-10-22,CL-MAD-01,A,10,4640.9,900.0,140,0.849,0.194,7
2025-10-22,CL-MAD-02,A,11,5056.6,1040.7,162,0.848,0.206,6
2025-10-22,CL-MAD-03,A,12,5556.0,1205.0,136,0.751,0.217,8
2025-10-22,CL-SEV-01,D,11,11831.4,3741.2,86,0.533,0.316,2
2025-10-22,CL-VLC-01,C,10,4700.9,1363.6,99,0.701,0.29,3
2025-10-22,CL-VLC-02,C,10,4661.7,931.1,119,0.706,0.2,4
2025-10-23,CL-BCN-01,B,11,5360.6,798.5,142,0.698,0.149,4
2025-10-23,CL-BCN-02,B,10,5228.8,1131.9,137,0.723,0.216,4
2025-10-23,CL-BIO-01,E,11,5337.8,854.0,97,0.805,0.16,1
2025-10-23,CL-MAD-01,A,11,5210.4,1008.8,165,0.839,0.194,9
2025-10-23,CL-MAD-02,A,9,4247.4,688.9,129,0.71,0.162,6
2025-10-23,CL-MAD-03,A,11,5075.4,811.1,140,0.809,0.16,6
2025-10-23,CL-SEV-01,D,11,11534.5,4689.4,85,0.68,0.407,3
2025-10-23,CL-VLC-01,C,11,5267.6,1264.9,116,0.835,0.24,0
2025-10-23,CL-VLC-02,C,9,4571.8,887.4,85,0.769,0.194,1
2025-10-24,CL-BCN-01,B,10,4814.4,1098.4,121,0.776,0.228,4
2025-10-24,CL-BCN-02,B,9,4489.2,1021.3,107,0.86,0.228,4
2025-10-24,CL-BIO-01,E,9,4421.6,552.2,128,0.86,0.125,1
2025-10-24,CL-MAD-01,A,10,4685.7,775.7,140,0.879,0.166,3
2025-10-24,CL-MAD-02,A,11,4851.9,688.0,167,0.855,0.142,7
2025-10-24,CL-MAD-03,A,11,4963.8,1364.1,147,0.695,0.275,11
2025-10-24,CL-SEV-01,D,11,11378.0,3989.6,89,0.545,0.351,0
2025-10-24,CL-VLC-01,C,9,4258.8,952.3,107,0.634,0.224,4
2025-10-24,CL-VLC-02,C,10,4888.1,1189.3,107,0.736,0.243,2
2025-10-25,CL-BCN-01,B,8,3839.0,839.4,123,0.776,0.219,4
2025-10-25,CL-BCN-02,B,8,4178.5,930.4,122,0.788,0.223,2
2025-10-25,CL-BIO-01,E,7,3752.8,378.9,95,0.781,0.101,2
2025-10-25,CL-MAD-01,A,8,3807.9,807.0,102,0.857,0.212,2
2025-10-25,CL-MAD-02,A,10,4401.2,874.6,130,0.877,0.199,6
2025-10-25,CL-MAD-03,A,7,3045.7,542.4,80,0.822,0.178,2
2025-10-25,CL-SEV-01,D,8,8136.1,2733.8,60,0.453,0.336,1
2025-10-25,CL-VLC-01,C,8,4024.3,766.3,95,0.797,0.19,3
2025-10-25,CL-VLC-02,C,8,3798.2,859.6,99,0.694,0.226,1
2025-10-26,CL-BCN-01,B,3,1551.3,400.3,42,0.643,0.258,2
2025-10-26,CL-BCN-02,B,3,1575.3,382.0,37,0.785,0.242,0
2025-10-26,CL-BIO-01,E,3,1532.6,270.9,34,0.733,0.177,0
2025-10-26,CL-MAD-01,A,3,1354.2,241.4,41,0.748,0.178,1
2025-10-26,CL-MAD-02,A,3,1469.6,228.0,40,0.932,0.155,2
2025-10-26,CL-MAD-03,A,3,1373.9,291.3,36,0.878,0.212,2
2025-10-26,CL-SEV-01,D,4,3893.8,1391.8,35,0.601,0.357,1
2025-10-26,CL-VLC-01,C,3,1532.6,274.5,31,0.748,0.179,1
2025-10-26,CL-VLC-02,C,3,1509.2,313.4,34,0.752,0.208,0
2025-10-27,CL-BCN-01,B,10,4866.8,939.7,129,0.791,0.193,3
2025-10-27,CL-BCN-02,B,9,4610.6,904.7,108,0.701,0.196,3
2025-10-27,CL-BIO-01,E,9,4700.9,668.9,112,0.858,0.142,2
2025-10-27,CL-MAD-01,A,9,4004.3,468.4,131,0.778,0.117,4
2025-10-27,CL-MAD-02,A,10,4460.4,833.0,132,0.81,0.187,7
2025-10-27,CL-MAD-03,A,9,4337.2,716.6,144,0.74,0.165,5
2025-10-27,CL-SEV-01,D,9,9231.6,2968.5,91,0.662,0.322,0
2025-10-27,CL-VLC-01,C,10,4796.7,1087.6,116,0.656,0.227,3
2025-10-27,CL-VLC-02,C,8,3705.0,863.6,98,0.731,0.233,1
2025-10-28,CL-BCN-01,B,11,5374.4,1128.1,136,0.732,0.21,4
2025-10-28,CL-BCN-02,B,9,4568.8,1198.8,101,0.806,0.262,6
2025-10-28,CL-BIO-01,E,10,4989.1,676.8,132,0.776,0.136,4
2025-10-28,CL-MAD-01,A,10,,,147,0.755,,8
2025-10-28,CL-MAD-02,A,11,5053.2,879.8,127,0.747,0.174,7
2025-10-28,CL-MAD-03,A,11,4943.9,921.9,153,0.65,0.186,5
2025-10-28,CL-SEV-01,D,10,10286.2,3737.2,92,0.593,0.363,1
2025-10-28,CL-VLC-01,C,10,4866.3,955.9,139,0.681,0.196,0
2025-10-28,CL-VLC-02,C,13,6317.8,959.7,150,0.73,0.152,2
2025-10-29,CL-BCN-01,B,10,5215.6,1208.2,139,0.8,0.232,4
2025-10-29,CL-BCN-02,B,10,4850.9,1144.0,109,0.708,0.236,1
2025-10-29,CL-BIO-01,E,9,4646.5,531.9,135,0.896,0.114,3
2025-10-29,CL-MAD-01,A,8,3889.8,737.3,102,0.873,0.19,5
2025-10-29,CL-MAD-02,A,9,3901.2,726.1,139,0.931,0.186,4
2025-10-29,CL-MAD-03,A,10,4541.7,742.7,156,0.807,0.164,5
2025-10-29,CL-SEV-01,D,11,11355.8,3734.7,48,0.594,0.329,0
2025-10-29,CL-VLC-01,C,10,4904.4,1106.5,115,0.76,0.226,4
2025-10-29,CL-VLC-02,C,10,5058.0,1224.0,97,0.782,0.242,3
2025-10-30,CL-BCN-01,B,11,5730.3,1393.1,122,0.736,0.243,6
2025-10-30,CL-BCN-02,B,11,5545.6,1164.2,121,0.642,0.21,4
2025-10-30,CL-BIO-01,E,10,5240.8,728.9,113,0.896,0.139,0
2025-10-30,CL-MAD-01,A,11,5153.2,1151.9,180,0.737,0.224,13
2025-10-30,CL-MAD-02,A,10,4463.4,551.4,168,0.767,0.124,6
2025-10-30,CL-MAD-03,A,10,4699.4,623.4,158,0.701,0.133,5
2025-10-30,CL-SEV-01,D,11,11334.3,3961.3,135,0.578,0.349,6
2025-10-30,CL-VLC-01,C,11,5236.8,1088.7,160,0.719,0.208,2
2025-10-30,CL-VLC-02,C,10,4750.2,1004.6,115,0.735,0.211,5
2025-10-31,CL-BCN-01,B,10,5150.9,942.0,142,0.831,0.183,6
2025-10-31,CL-BCN-02,B,10,5130.3,866.7,137,0.695,0.169,5
2025-10-31,CL-BIO-01,E,10,4911.7,549.1,103,0.822,0.112,1
2025-10-31,CL-MAD-01,A,10,,,118,0.737,,3
2025-10-31,CL-MAD-02,A,11,4983.5,954.0,146,0.872,0.191,9
2025-10-31,CL-MAD-03,A,10,4649.9,853.2,115,0.853,0.183,7
2025-10-31,CL-SEV-01,D,10,,,82,0.538,,1
2025-10-31,CL-VLC-01,C,10,5010.3,1308.7,135,0.646,0.261,5
2025-10-31,CL-VLC-02,C,11,5138.0,1153.8,143,0.753,0.225,3
2025-11-01,CL-BCN-01,B,8,3895.8,872.3,119,0.728,0.224,3
2025-11-01,CL-BCN-02,B,8,4142.4,999.9,110,0.776,0.241,4
2025-11-01,CL-BIO-01,E,8,3873.5,630.0,85,0.92,0.163,0
2025-11-01,CL-MAD-01,A,8,3686.8,648.5,118,0.757,0.176,5
2025-11-01,CL-MAD-02,A,7,3262.5,575.6,86,0.771,0.176,6
2025-11-01,CL-MAD-03,A,7,3236.9,557.4,105,0.799,0.172,9
2025-11-01,CL-SEV-01,D,6,6959.5,2069.4,38,0.705,0.297,1
2025-11-01,CL-VLC-01,C,9,4371.0,700.0,128,0.714,0.16,4
2025-11-01,CL-VLC-02,C,7,3610.4,705.1,83,0.744,0.195,3
2025-11-02,CL-BCN-01,B,4,1787.5,345.0,50,0.782,0.193,1
2025-11-02,CL-BCN-02,B,3,1406.5,281.6,29,0.71,0.2,1
2025-11-02,CL-BIO-01,E,3,1696.3,165.5,34,0.674,0.098,0
2025-11-02,CL-MAD-01,A,2,1125.1,185.9,28,0.843,0.165,3
2025-11-02,CL-MAD-02,A,4,1803.2,311.6,59,0.736,0.173,1
2025-11-02,CL-MAD-03,A,4,1681.3,345.0,52,0.867,0.205,1
2025-11-02,CL-SEV-01,D,3,3287.2,1264.4,30,0.629,0.385,0
2025-11-02,CL-VLC-01,C,4,1795.3,457.0,47,0.765,0.255,0
2025-11-02,CL-VLC-02,C,3,1322.5,277.3,39,0.66,0.21,0
2025-11-03,CL-BCN-01,B,12,6014.2,1320.8,172,0.756,0.22,8
2025-11-03,CL-BCN-02,B,13,6361.1,1462.1,202,0.69,0.23,12
2025-11-03,CL-BIO-01,E,10,5045.4,846.4,132,0.809,0.168,1
2025-11-03,CL-MAD-01,A,12,5400.2,903.0,164,0.755,0.167,6
2025-11-03,CL-MAD-02,A,12,5324.6,695.1,143,0.72,0.131,8
2025-11-03,CL-MAD-03,A,11,5001.3,704.7,156,0.806,0.141,6
2025-11-03,CL-SEV-01,D,10,11128.5,4011.6,100,0.537,0.36,2
2025-11-03,CL-VLC-01,C,10,4821.9,1220.5,106,0.67,0.253,1
2025-11-03,CL-VLC-02,C,11,5602.8,1304.3,116,0.724,0.233,3
2025-11-04,CL-BCN-01,B,10,5197.1,1189.7,133,0.833,0.229,9
2025-11-04,CL-BCN-02,B,10,4998.3,1155.3,141,0.672,0.231,5
2025-11-04,CL-BIO-01,E,10,5206.8,557.9,113,0.946,0.107,0
2025-11-04,CL-MAD-01,A,11,5009.8,891.4,152,0.772,0.178,11
2025-11-04,CL-MAD-02,A,12,5414.7,943.1,206,0.841,0.174,9
2025-11-04,CL-MAD-03,A,10,4443.4,778.2,131,0.787,0.175,3
2025-11-04,CL-SEV-01,D,10,10394.4,3422.6,73,0.625,0.329,1
2025-11-04,CL-VLC-01,C,7,3562.4,825.4,99,0.781,0.232,1
2025-11-04,CL-VLC-02,C,11,5608.0,1250.0,133,0.772,0.223,3
2025-11-05,CL-BCN-01,B,9,4671.8,956.5,137,0.943,0.205,9
2025-11-05,CL-BCN-02,B,10,5049.0,971.1,131,0.738,0.192,6
2025-11-05,CL-BIO-01,E,11,5531.4,659.8,132,0.814,0.119,0
2025-11-05,CL-MAD-01,A,11,5231.1,830.3,152,0.866,0.159,7
2025-11-05,CL-MAD-02,A,11,5163.5,695.4,159,0.869,0.135,4
2025-11-05,CL-MAD-03,A,8,3787.6,708.9,114,0.872,0.187,6
2025-11-05,CL-SEV-01,D,11,12289.6,4664.6,107,0.632,0.38,0
2025-11-05,CL-VLC-01,C,12,5798.4,1390.1,154,0.736,0.24,1
2025-11-05,CL-VLC-02,C,11,5316.9,1160.9,120,0.684,0.218,2
2025-11-06,CL-BCN-01,B,12,5932.2,1561.5,172,0.783,0.263,3
2025-11-06,CL-BCN-02,B,11,5586.6,1542.8,153,0.694,0.276,5
2025-11-06,CL-BIO-01,E,11,5459.5,1152.5,152,0.919,0.211,3
2025-11-06,CL-MAD-01,A,12,5415.7,660.1,172,0.83,0.122,5
2025-11-06,CL-MAD-02,A,11,5106.0,729.7,154,0.753,0.143,7
2025-11-06,CL-MAD-03,A,11,5122.4,946.0,159,0.72,0.185,6
2025-11-06,CL-SEV-01,D,10,10836.5,2995.9,63,0.493,0.276,0
2025-11-06,CL-VLC-01,C,11,5521.7,1421.5,144,0.728,0.257,3
2025-11-06,CL-VLC-02,C,11,5541.3,1268.4,122,0.627,0.229,3
2025-11-07,CL-BCN-01,B,10,4849.5,955.4,129,0.698,0.197,8
2025-11-07,CL-BCN-02,B,11,,,171,0.744,,8
2025-11-07,CL-BIO-01,E,11,5477.1,623.4,162,0.866,0.114,1
2025-11-07,CL-MAD-01,A,10,4594.5,1039.8,150,0.831,0.226,5
2025-11-07,CL-MAD-02,A,11,4827.5,957.0,158,0.701,0.198,7
2025-11-07,CL-MAD-03,A,10,4649.9,631.4,144,0.781,0.136,8
2025-11-07,CL-SEV-01,D,10,10550.3,3430.5,82,0.581,0.325,0
2025-11-07,CL-VLC-01,C,10,4838.8,1189.4,128,0.681,0.246,1
2025-11-07,CL-VLC-02,C,11,5194.4,1084.8,135,0.726,0.209,1
2025-11-08,CL-BCN-01,B,9,4322.8,805.0,128,0.812,0.186,4
2025-11-08,CL-BCN-02,B,7,3509.6,930.3,98,0.683,0.265,5
2025-11-08,CL-BIO-01,E,9,4695.8,769.6,97,0.94,0.164,2
2025-11-08,CL-MAD-01,A,9,4165.4,664.4,126,0.666,0.16,6
2025-11-08,CL-MAD-02,A,8,3765.5,738.9,101,0.768,0.196,7
2025-11-08,CL-MAD-03,A,7,3411.5,594.8,95,0.83,0.174,8
2025-11-08,CL-SEV-01,D,8,8265.8,2600.2,70,0.494,0.315,0
2025-11-08,CL-VLC-01,C,9,4273.3,888.9,127,0.717,0.208,1
2025-11-08,CL-VLC-02,C,8,4019.6,856.0,85,0.688,0.213,1
2025-11-09,CL-BCN-01,B,4,1774.7,408.3,51,0.802,0.23,2
2025-11-09,CL-BCN-02,B,3,1638.1,309.1,35,0.796,0.189,0
2025-11-09,CL-BIO-01,E,3,1556.7,268.4,35,0.829,0.172,0
2025-11-09,CL-MAD-01,A,4,1775.1,232.8,60,0.752,0.131,0
2025-11-09,CL-MAD-02,A,3,1423.7,291.5,38,0.755,0.205,0
2025-11-09,CL-MAD-03,A,4,1729.7,374.9,57,0.771,0.217,1
2025-11-09,CL-SEV-01,D,3,2921.6,981.5,28,0.534,0.336,0
2025-11-09,CL-VLC-01,C,3,1573.2,382.3,38,0.611,0.243,1
2025-11-09,CL-VLC-02,C,4,1733.6,469.2,47,0.711,0.271,2
2025-11-10,CL-BCN-01,B,8,4104.8,809.5,116,0.658,0.197,3
2025-11-10,CL-BCN-02,B,11,5463.3,836.5,137,0.66,0.153,6
2025-11-10,CL-BIO-01,E,12,6064.8,954.4,164,0.872,0.157,2
2025-11-10,CL-MAD-01,A,10,4538.7,523.8,165,0.82,0.115,9
2025-11-10,CL-MAD-02,A,9,4301.2,834.3,128,0.744,0.194,6
2025-11-10,CL-MAD-03,A,9,4198.5,785.5,148,0.852,0.187,5
2025-11-10,CL-SEV-01,D,10,10963.8,3267.0,81,0.59,0.298,3
2025-11-10,CL-VLC-01,C,9,4573.6,932.8,115,0.731,0.204,3
2025-11-10,CL-VLC-02,C,11,5359.9,1435.1,135,0.752,0.268,1
2025-11-11,CL-BCN-01,B,12,,,173,0.676,,3
2025-11-11,CL-BCN-02,B,11,5537.0,1310.8,123,0.795,0.237,3
2025-11-11,CL-BIO-01,E,11,5424.6,967.0,131,0.906,0.178,3
2025-11-11,CL-MAD-01,A,12,5498.8,1124.6,172,0.704,0.205,11
2025-11-11,CL-MAD-02,A,11,5196.6,1167.8,154,0.796,0.225,6
2025-11-11,CL-MAD-03,A,11,4927.4,593.0,157,0.716,0.12,5
2025-11-11,CL-SEV-01,D,11,12112.4,4459.1,54,0.572,0.368,0
2025-11-11,CL-VLC-01,C,11,5154.0,1429.1,139,0.697,0.277,5
2025-11-11,CL-VLC-02,C,11,5527.4,1317.3,142,0.692,0.238,0
2025-11-12,CL-BCN-01,B,12,5978.9,1406.7,197,0.711,0.235,6
2025-11-12,CL-BCN-02,B,11,5463.8,1077.6,128,0.759,0.197,3
2025-11-12,CL-BIO-01,E,11,5781.8,649.8,162,0.859,0.112,2
2025-11-12,CL-MAD-01,A,11,5252.5,785.9,122,0.711,0.15,4
2025-11-12,CL-MAD-02,A,12,5398.6,1124.8,164,0.863,0.208,5
2025-11-12,CL-MAD-03,A,10,4694.0,752.0,137,0.777,0.16,7
2025-11-12,CL-SEV-01,D,11,12275.1,3954.4,80,0.537,0.322,1
2025-11-12,CL-VLC-01,C,11,5252.9,1062.8,142,0.813,0.202,4
2025-11-12,CL-VLC-02,C,12,5680.0,1347.4,147,0.649,0.237,3
2025-11-13,CL-BCN-01,B,9,4587.2,1088.7,126,0.719,0.237,3
2025-11-13,CL-BCN-02,B,11,5374.9,1167.9,122,0.728,0.217,5
2025-11-13,CL-BIO-01,E,12,5929.2,790.6,118,0.822,0.133,4
2025-11-13,CL-MAD-01,A,10,4603.5,855.1,143,0.698,0.186,8
2025-11-13,CL-MAD-02,A,11,5260.8,687.2,163,0.709,0.131,7
2025-11-13,CL-MAD-03,A,9,4125.3,445.4,126,0.718,0.108,9
2025-11-13,CL-SEV-01,D,10,11146.7,3559.9,73,0.655,0.319,0
2025-11-13,CL-VLC-01,C,11,5299.8,1258.1,101,0.763,0.237,2
2025-11-13,CL-VLC-02,C,11,5277.5,1057.0,109,0.758,0.2,2
2025-11-14,CL-BCN-01,B,11,5701.8,1062.3,159,0.678,0.186,4
2025-11-14,CL-BCN-02,B,11,5669.7,1062.7,127,0.754,0.187,2
2025-11-14,CL-BIO-01,E,10,5024.6,946.5,133,0.811,0.188,2
2025-11-14,CL-MAD-01,A,12,5319.4,856.9,157,0.722,0.161,3
2025-11-14,CL-MAD-02,A,11,5245.7,972.4,142,0.752,0.185,4
2025-11-14,CL-MAD-03,A,11,4870.6,613.9,150,0.919,0.126,8
2025-11-14,CL-SEV-01,D,10,10864.9,3745.2,70,0.617,0.345,0
2025-11-14,CL-VLC-01,C,10,4969.3,1273.1,115,0.683,0.256,5
2025-11-14,CL-VLC-02,C,11,5451.2,1469.9,118,0.645,0.27,3
2025-11-15,CL-BCN-01,B,8,3959.7,817.4,115,0.86,0.206,3
2025-11-15,CL-BCN-02,B,9,4332.4,998.2,112,0.705,0.23,3
2025-11-15,CL-BIO-01,E,9,4341.5,842.8,104,0.848,0.194,1
2025-11-15,CL-MAD-01,A,8,3821.8,594.4,120,0.72,0.156,4
2025-11-15,CL-MAD-02,A,8,3859.9,578.4,110,0.694,0.15,3
2025-11-15,CL-MAD-03,A,8,3526.8,654.6,101,0.76,0.186,5
2025-11-15,CL-SEV-01,D,8,8787.2,3128.2,53,0.511,0.356,0
2025-11-15,CL-VLC-01,C,8,3839.6,909.7,95,0.647,0.237,2
2025-11-15,CL-VLC-02,C,8,3851.8,1027.5,107,0.815,0.267,2
2025-11-16,CL-BCN-01,B,4,1942.0,308.0,54,0.731,0.159,2
2025-11-16,CL-BCN-02,B,3,1474.9,372.3,31,0.647,0.252,0
2025-11-16,CL-BIO-01,E,3,1514.2,228.2,35,0.881,0.151,1
2025-11-16,CL-MAD-01,A,4,1668.7,335.5,64,0.775,0.201,5
2025-11-16,CL-MAD-02,A,3,1458.2,194.3,39,0.89,0.133,5
2025-11-16,CL-MAD-03,A,4,1606.9,327.6,58,0.711,0.204,1
2025-11-16,CL-SEV-01,D,4,3790.5,1164.3,27,0.591,0.307,0
2025-11-16,CL-VLC-01,C,3,1531.7,358.6,27,0.796,0.234,0
2025-11-16,CL-VLC-02,C,3,1319.9,318.6,43,0.73,0.241,1
2025-11-17,CL-BCN-01,B,12,6058.0,1291.5,197,0.683,0.213,8
2025-11-17,CL-BCN-02,B,12,5828.2,1506.6,176,0.817,0.259,8
2025-11-17,CL-BIO-01,E,10,5161.3,818.9,113,0.834,0.159,2
2025-11-17,CL-MAD-01,A,11,4889.0,997.8,144,0.727,0.204,12
2025-11-17,CL-MAD-02,A,12,5328.2,1049.2,175,0.748,0.197,5
2025-11-17,CL-MAD-03,A,11,5209.4,872.4,144,0.808,0.167,4
2025-11-17,CL-SEV-01,D,12,12764.2,4766.5,89,0.713,0.373,2
2025-11-17,CL-VLC-01,C,10,5113.3,917.1,99,0.702,0.179,1
2025-11-17,CL-VLC-02,C,11,5491.1,1422.0,158,0.801,0.259,6
2025-11-18,CL-BCN-01,B,12,6028.8,1250.4,172,0.761,0.207,2
2025-11-18,CL-BCN-02,B,10,4959.6,862.1,137,0.797,0.174,4
2025-11-18,CL-BIO-01,E,9,4695.6,644.8,95,0.875,0.137,0
2025-11-18,CL-MAD-01,A,11,4909.1,1248.3,166,0.742,0.254,4
2025-11-18,CL-MAD-02,A,9,4310.0,776.6,144,0.793,0.18,7
2025-11-18,CL-MAD-03,A,10,4640.5,913.5,158,0.722,0.197,4
2025-11-18,CL-SEV-01,D,10,11015.8,3415.3,65,0.653,0.31,1
2025-11-18,CL-VLC-01,C,11,5414.2,1420.4,133,0.749,0.262,6
2025-11-18,CL-VLC-02,C,11,5488.1,1417.1,111,0.764,0.258,2
2025-11-19,CL-BCN-01,B,10,4903.0,979.3,143,0.643,0.2,7
2025-11-19,CL-BCN-02,B,8,4195.0,927.7,119,0.692,0.221,2
2025-11-19,CL-BIO-01,E,11,5748.0,989.0,119,0.837,0.172,3
2025-11-19,CL-MAD-01,A,12,5356.7,1067.1,153,0.748,0.199,7
2025-11-19,CL-MAD-02,A,10,4678.6,860.8,167,0.802,0.184,9
2025-11-19,CL-MAD-03,A,11,,,134,0.719,,6
2025-11-19,CL-SEV-01,D,10,11290.7,3702.5,78,0.54,0.328,2
2025-11-19,CL-VLC-01,C,10,4871.9,984.8,124,0.656,0.202,3
2025-11-19,CL-VLC-02,C,10,4828.7,643.8,117,0.702,0.133,3
2025-11-20,CL-BCN-01,B,10,5074.2,1280.0,114,0.702,0.252,2
2025-11-20,CL-BCN-02,B,11,5368.5,1265.8,135,0.816,0.236,3
2025-11-20,CL-BIO-01,E,12,6073.6,918.4,158,0.952,0.151,2
2025-11-20,CL-MAD-01,A,12,5732.2,1140.1,171,0.763,0.199,8
2025-11-20,CL-MAD-02,A,11,5021.2,869.6,136,0.799,0.173,5
2025-11-20,CL-MAD-03,A,10,4784.0,921.8,162,0.708,0.193,7
2025-11-20,CL-SEV-01,D,10,10675.3,3365.8,77,0.512,0.315,1
2025-11-20,CL-VLC-01,C,11,5341.8,1130.3,111,0.634,0.212,2
2025-11-20,CL-VLC-02,C,12,5941.5,1422.6,136,0.784,0.239,1
2025-11-21,CL-BCN-01,B,9,4502.0,767.3,131,0.686,0.17,5
2025-11-21,CL-BCN-02,B,10,4783.3,817.6,147,0.757,0.171,1
2025-11-21,CL-BIO-01,E,12,6298.2,798.6,188,0.772,0.127,4
2025-11-21,CL-MAD-01,A,10,4496.2,818.1,160,0.645,0.182,9
2025-11-21,CL-MAD-02,A,11,5047.2,900.4,139,0.86,0.178,9
2025-11-21,CL-MAD-03,A,10,4449.8,983.9,128,0.737,0.221,2
2025-11-21,CL-SEV-01,D,11,11557.1,3968.3,103,0.515,0.343,1
2025-11-21,CL-VLC-01,C,11,5455.1,1333.6,157,0.647,0.244,4
2025-11-21,CL-VLC-02,C,11,5185.6,1066.3,136,0.711,0.206,3
2025-11-22,CL-BCN-01,B,8,3990.5,900.1,108,0.682,0.226,3
2025-11-22,CL-BCN-02,B,8,3937.3,790.2,100,0.728,0.201,3
2025-11-22,CL-BIO-01,E,8,4063.2,686.5,100,0.931,0.169,3
2025-11-22,CL-MAD-01,A,8,3832.9,739.0,120,0.789,0.193,9
2025-11-22,CL-MAD-02,A,7,3297.9,511.2,83,0.786,0.155,5
2025-11-22,CL-MAD-03,A,8,3638.6,796.6,122,0.858,0.219,6
2025-11-22,CL-SEV-01,D,6,6785.0,2396.8,53,0.504,0.353,1
2025-11-22,CL-VLC-01,C,8,3727.5,926.9,73,0.717,0.249,3
2025-11-22,CL-VLC-02,C,8,4000.8,931.1,90,0.729,0.233,0
2025-11-23,CL-BCN-01,B,3,1398.7,326.0,33,0.62,0.233,0
2025-11-23,CL-BCN-02,B,3,1393.4,374.4,38,0.804,0.269,0
2025-11-23,CL-BIO-01,E,3,1569.1,221.2,33,0.779,0.141,1
2025-11-23,CL-MAD-01,A,3,1472.4,316.3,41,0.722,0.215,0
2025-11-23,CL-MAD-02,A,3,1277.7,157.2,50,0.838,0.123,1
2025-11-23,CL-MAD-03,A,3,1415.0,261.6,42,0.762,0.185,0
2025-11-23,CL-SEV-01,D,3,3513.5,1334.8,28,0.619,0.38,0
2025-11-23,CL-VLC-01,C,3,1631.5,311.9,42,0.718,0.191,3
2025-11-23,CL-VLC-02,C,3,1706.0,321.8,41,0.782,0.189,0
2025-11-24,CL-BCN-01,B,11,5506.1,1394.3,133,0.765,0.253,5
2025-11-24,CL-BCN-02,B,9,4445.2,1184.8,118,0.73,0.267,5
2025-11-24,CL-BIO-01,E,11,5563.9,1156.3,132,0.832,0.208,0
2025-11-24,CL-MAD-01,A,9,4216.9,530.4,91,0.843,0.126,7
2025-11-24,CL-MAD-02,A,11,5045.9,899.3,178,0.797,0.178,8
2025-11-24,CL-MAD-03,A,10,4493.4,737.0,169,0.731,0.164,5
2025-11-24,CL-SEV-01,D,11,11862.1,4173.5,53,0.619,0.352,1
2025-11-24,CL-VLC-01,C,11,5361.7,1270.9,176,0.785,0.237,4
2025-11-24,CL-VLC-02,C,10,4715.0,1222.8,95,0.542,0.259,3
2025-11-25,CL-BCN-01,B,10,5241.8,1059.4,152,0.727,0.202,2
2025-11-25,CL-BCN-02,B,11,5581.3,1458.9,168,0.719,0.261,2
2025-11-25,CL-BIO-01,E,12,5971.1,1002.6,128,0.917,0.168,0
2025-11-25,CL-MAD-01,A,10,4774.7,914.1,144,0.673,0.191,7
2025-11-25,CL-MAD-02,A,10,4814.7,774.3,116,0.774,0.161,7
2025-11-25,CL-MAD-03,A,11,4917.7,1017.7,136,0.815,0.207,4
2025-11-25,CL-SEV-01,D,11,11511.3,3725.8,98,0.631,0.324,1
2025-11-25,CL-VLC-01,C,10,4761.3,1070.0,115,0.701,0.225,1
2025-11-25,CL-VLC-02,C,10,4848.4,1046.7,129,0.722,0.216,2
2025-11-26,CL-BCN-01,B,10,4870.7,1193.4,115,0.761,0.245,3
2025-11-26,CL-BCN-02,B,9,4538.0,890.7,124,0.662,0.196,7
2025-11-26,CL-BIO-01,E,10,4846.6,722.9,135,0.877,0.149,4
2025-11-26,CL-MAD-01,A,11,,,158,0.699,,9
2025-11-26,CL-MAD-02,A,11,4827.8,887.2,138,0.781,0.184,7
2025-11-26,CL-MAD-03,A,11,4969.1,796.9,155,0.796,0.16,13
2025-11-26,CL-SEV-01,D,11,12371.7,4333.6,100,0.597,0.35,2
2025-11-26,CL-VLC-01,C,11,5315.0,1151.4,143,0.645,0.217,2
2025-11-26,CL-VLC-02,C,13,6250.4,1340.6,143,0.731,0.214,5
2025-11-27,CL-BCN-01,B,12,6137.1,1053.7,157,0.817,0.172,4
2025-11-27,CL-BCN-02,B,10,5021.5,993.6,146,0.83,0.198,1
2025-11-27,CL-BIO-01,E,11,5784.2,602.4,151,0.93,0.104,2
2025-11-27,CL-MAD-01,A,12,5497.4,960.3,177,0.788,0.175,7
2025-11-27,CL-MAD-02,A,11,5055.8,765.8,123,0.764,0.151,7
2025-11-27,CL-MAD-03,A,10,4475.9,777.7,150,0.804,0.174,2
2025-11-27,CL-SEV-01,D,10,10290.0,3950.4,92,0.568,0.384,0
2025-11-27,CL-VLC-01,C,11,5161.7,1433.3,124,0.782,0.278,4
2025-11-27,CL-VLC-02,C,10,4894.5,1591.7,112,0.701,0.325,2
2025-11-28,CL-BCN-01,B,11,5469.4,1027.8,161,0.691,0.188,9
2025-11-28,CL-BCN-02,B,12,5894.7,1211.0,137,0.761,0.205,5
2025-11-28,CL-BIO-01,E,10,5201.9,755.1,107,0.9,0.145,1
2025-11-28,CL-MAD-01,A,11,5143.2,872.5,146,0.782,0.17,9
2025-11-28,CL-MAD-02,A,10,,,141,0.859,,4
2025-11-28,CL-MAD-03,A,12,5282.5,1236.3,166,0.66,0.234,6
2025-11-28,CL-SEV-01,D,10,11002.3,3906.6,65,0.635,0.355,2
2025-11-28,CL-VLC-01,C,12,5684.6,1320.3,145,0.729,0.232,1
2025-11-28,CL-VLC-02,C,11,5370.4,1246.0,132,0.874,0.232,1
2025-11-29,CL-BCN-01,B,8,3889.2,760.0,111,0.861,0.195,7
2025-11-29,CL-BCN-02,B,8,3877.4,666.1,117,0.786,0.172,4
2025-11-29,CL-BIO-01,E,6,3274.1,584.4,64,0.781,0.178,3
2025-11-29,CL-MAD-01,A,8,3888.4,823.2,120,0.743,0.212,4
2025-11-29,CL-MAD-02,A,7,,,99,0.768,,5
2025-11-29,CL-MAD-03,A,8,3710.9,802.0,124,0.778,0.216,4
2025-11-29,CL-SEV-01,D,7,7979.7,2752.9,59,0.629,0.345,4
2025-11-29,CL-VLC-01,C,9,4211.7,781.4,113,0.764,0.186,7
2025-11-29,CL-VLC-02,C,7,3600.1,848.4,73,0.709,0.236,1
2025-11-30,CL-BCN-01,B,3,1739.7,343.3,27,0.824,0.197,0
2025-11-30,CL-BCN-02,B,4,2013.8,569.1,52,0.779,0.283,0
2025-11-30,CL-BIO-01,E,4,1902.5,270.4,56,0.907,0.142,3
2025-11-30,CL-MAD-01,A,3,1312.3,237.4,44,0.737,0.181,2
2025-11-30,CL-MAD-02,A,3,1476.6,312.7,43,0.732,0.212,2
2025-11-30,CL-MAD-03,A,3,1361.7,212.8,44,0.913,0.156,0
2025-11-30,CL-SEV-01,D,3,3238.9,1140.9,20,0.566,0.352,0
2025-11-30,CL-VLC-01,C,3,1489.1,360.7,34,0.643,0.242,1
2025-11-30,CL-VLC-02,C,3,1315.0,324.6,43,0.692,0.247,0
2025-12-01,CL-BCN-01,B,14,7051.4,1268.9,190,0.711,0.18,8
2025-12-01,CL-BCN-02,B,12,6158.2,1555.9,147,0.729,0.253,5
2025-12-01,CL-BIO-01,E,13,,,148,0.631,,0
2025-12-01,CL-MAD-01,A,14,6400.4,1090.5,184,0.738,0.17,14
2025-12-01,CL-MAD-02,A,13,6002.7,1267.4,159,0.822,0.211,6
2025-12-01,CL-MAD-03,A,15,7084.3,1622.9,210,0.815,0.229,10
2025-12-01,CL-SEV-01,D,15,16598.7,4831.7,123,0.579,0.291,1
2025-12-01,CL-VLC-01,C,13,6497.3,1638.4,124,0.728,0.252,2
2025-12-01,CL-VLC-02,C,11,5582.3,1137.9,95,0.775,0.204,2
2025-12-02,CL-BCN-01,B,13,6359.9,1114.7,159,0.793,0.175,7
2025-12-02,CL-BCN-02,B,14,6880.9,1746.3,208,0.818,0.254,6
2025-12-02,CL-BIO-01,E,14,7330.7,755.0,145,0.904,0.103,3
2025-12-02,CL-MAD-01,A,17,7785.1,1756.7,267,0.889,0.226,10
2025-12-02,CL-MAD-02,A,15,6713.5,1306.9,187,0.721,0.195,11
2025-12-02,CL-MAD-03,A,13,6115.7,1099.9,196,0.645,0.18,5
2025-12-02,CL-SEV-01,D,12,12761.6,4190.6,75,0.562,0.328,0
2025-12-02,CL-VLC-01,C,17,8087.7,1497.2,184,0.881,0.185,5
2025-12-02,CL-VLC-02,C,15,7364.8,1920.1,145,0.885,0.261,1
2025-12-03,CL-BCN-01,B,13,6647.0,1562.0,151,0.675,0.235,3
2025-12-03,CL-BCN-02,B,14,7167.5,1250.5,181,0.748,0.174,5
2025-12-03,CL-BIO-01,E,14,6894.1,777.9,175,0.902,0.113,2
2025-12-03,CL-MAD-01,A,14,6359.5,1252.1,201,0.721,0.197,6
2025-12-03,CL-MAD-02,A,15,7013.5,1449.4,220,0.837,0.207,2
2025-12-03,CL-MAD-03,A,13,6034.2,1009.1,156,0.816,0.167,10
2025-12-03,CL-SEV-01,D,13,14045.2,5162.8,105,0.628,0.368,2
2025-12-03,CL-VLC-01,C,14,6671.3,1512.1,153,0.75,0.227,1
2025-12-03,CL-VLC-02,C,13,6356.5,1142.2,185,0.706,0.18,2
2025-12-04,CL-BCN-01,B,14,7128.3,1768.1,197,0.754,0.248,1
2025-12-04,CL-BCN-02,B,13,6538.6,1879.1,170,0.819,0.287,3
2025-12-04,CL-BIO-01,E,13,6597.0,983.6,163,0.832,0.149,3
2025-12-04,CL-MAD-01,A,14,6584.4,1156.1,239,0.753,0.176,11
2025-12-04,CL-MAD-02,A,14,6450.0,1286.6,227,0.783,0.199,14
2025-12-04,CL-MAD-03,A,16,7447.3,1343.2,225,0.84,0.18,6
2025-12-04,CL-SEV-01,D,16,17183.9,5107.7,128,0.636,0.297,3
2025-12-04,CL-VLC-01,C,16,7596.2,2111.3,228,0.708,0.278,8
2025-12-04,CL-VLC-02,C,13,6307.1,1495.8,105,0.638,0.237,3
2025-12-05,CL-BCN-01,B,12,6059.1,1060.7,148,0.778,0.175,6
2025-12-05,CL-BCN-02,B,14,7175.1,1114.7,156,0.803,0.155,4
2025-12-05,CL-BIO-01,E,13,6655.4,817.2,154,0.761,0.123,3
2025-12-05,CL-MAD-01,A,14,6203.1,788.5,210,0.871,0.127,12
2025-12-05,CL-MAD-02,A,13,5945.5,1306.8,226,0.78,0.22,6
2025-12-05,CL-MAD-03,A,14,6531.0,1420.0,212,0.757,0.217,10
2025-12-05,CL-SEV-01,D,15,15630.5,5826.9,121,0.607,0.373,1
2025-12-05,CL-VLC-01,C,14,6827.8,1531.2,134,0.716,0.224,2
2025-12-05,CL-VLC-02,C,16,7597.3,1770.6,209,0.589,0.233,3
2025-12-06,CL-BCN-01,B,11,5600.2,1361.5,135,0.742,0.243,4
2025-12-06,CL-BCN-02,B,12,5906.1,1251.3,154,0.749,0.212,3
2025-12-06,CL-BIO-01,E,11,5700.0,753.6,152,0.88,0.132,5
2025-12-06,CL-MAD-01,A,11,4926.9,683.0,134,0.819,0.139,7
2025-12-06,CL-MAD-02,A,12,5415.0,925.5,201,0.826,0.171,8
2025-12-06,CL-MAD-03,A,11,4912.6,750.5,161,0.822,0.153,5
2025-12-06,CL-SEV-01,D,10,11293.1,3664.9,104,0.587,0.325,1
2025-12-06,CL-VLC-01,C,10,4978.9,1124.2,122,0.754,0.226,4
2025-12-06,CL-VLC-02,C,10,5066.6,1146.1,111,0.677,0.226,2
2025-12-07,CL-BCN-01,B,4,1847.5,402.9,47,0.753,0.218,1
2025-12-07,CL-BCN-02,B,4,2196.4,386.1,57,0.703,0.176,3
2025-12-07,CL-BIO-01,E,4,2253.0,287.3,52,0.893,0.128,0
2025-12-07,CL-MAD-01,A,4,1920.0,327.7,50,0.898,0.171,1
2025-12-07,CL-MAD-02,A,4,1734.9,319.5,67,0.801,0.184,2
2025-12-07,CL-MAD-03,A,4,2063.8,431.4,62,0.751,0.209,2
2025-12-07,CL-SEV-01,D,5,5155.6,1775.3,39,0.616,0.344,0
2025-12-07,CL-VLC-01,C,5,2233.1,529.5,53,0.762,0.237,0
2025-12-07,CL-VLC-02,C,4,1822.2,377.0,45,0.713,0.207,0
2025-12-08,CL-BCN-01,B,16,8171.9,1938.9,226,0.736,0.237,11
2025-12-08,CL-BCN-02,B,13,6636.1,1550.5,191,0.743,0.234,6
2025-12-08,CL-BIO-01,E,16,7903.3,1550.6,213,0.832,0.196,3
2025-12-08,CL-MAD-01,A,14,6531.8,817.7,216,0.775,0.125,4
2025-12-08,CL-MAD-02,A,13,6143.3,1257.9,185,0.76,0.205,7
2025-12-08,CL-MAD-03,A,17,7601.1,1300.1,231,0.742,0.171,9
2025-12-08,CL-SEV-01,D,16,16907.8,6344.1,119,0.568,0.375,2
2025-12-08,CL-VLC-01,C,13,6585.4,1483.9,130,0.671,0.225,1
2025-12-08,CL-VLC-02,C,15,7189.4,1404.2,158,0.724,0.195,2
2025-12-09,CL-BCN-01,B,14,6797.5,965.8,155,0.667,0.142,4
2025-12-09,CL-BCN-02,B,15,7349.7,2034.3,187,0.756,0.277,5
2025-12-09,CL-BIO-01,E,14,7302.1,1338.6,169,0.856,0.183,3
2025-12-09,CL-MAD-01,A,11,5224.4,919.4,185,0.737,0.176,11
2025-12-09,CL-MAD-02,A,13,6136.4,1094.6,185,0.735,0.178,5
2025-12-09,CL-MAD-03,A,17,7786.2,1778.4,258,0.708,0.228,7
2025-12-09,CL-SEV-01,D,17,18200.1,6442.5,123,0.61,0.354,4
2025-12-09,CL-VLC-01,C,15,7133.7,1433.1,165,0.836,0.201,6
2025-12-09,CL-VLC-02,C,11,5246.8,1202.8,120,0.639,0.229,3
2025-12-10,CL-BCN-01,B,13,6480.5,1239.5,171,0.789,0.191,5
2025-12-10,CL-BCN-02,B,13,6664.5,1418.9,204,0.727,0.213,10
2025-12-10,CL-BIO-01,E,15,7673.4,1023.4,178,0.795,0.133,1
2025-12-10,CL-MAD-01,A,15,6783.8,1393.9,196,0.784,0.205,14
2025-12-10,CL-MAD-02,A,13,5847.6,1201.2,178,0.809,0.205,6
2025-12-10,CL-MAD-03,A,15,7029.1,1348.6,204,0.767,0.192,9
2025-12-10,CL-SEV-01,D,12,12431.2,4424.1,123,0.623,0.356,3
2025-12-10,CL-VLC-01,C,13,6599.7,1908.4,165,0.789,0.289,5
2025-12-10,CL-VLC-02,C,15,7513.0,1900.7,191,0.775,0.253,5
2025-12-11,CL-BCN-01,B,11,5700.4,1052.0,163,0.893,0.185,5
2025-12-11,CL-BCN-02,B,12,6099.2,1089.5,163,0.566,0.179,6
2025-12-11,CL-BIO-01,E,13,6778.5,877.3,184,0.858,0.129,2
2025-12-11,CL-MAD-01,A,14,6315.4,848.1,182,0.651,0.134,6
2025-12-11,CL-MAD-02,A,14,6206.8,1015.1,190,0.78,0.164,5
2025-12-11,CL-MAD-03,A,14,6202.4,1045.9,219,0.777,0.169,7
2025-12-11,CL-SEV-01,D,14,15472.6,4702.1,140,0.63,0.304,1
2025-12-11,CL-VLC-01,C,14,6748.5,1649.6,180,0.681,0.244,4
2025-12-11,CL-VLC-02,C,15,7242.0,1511.7,172,0.743,0.209,1
2025-12-12,CL-BCN-01,B,15,7253.2,1512.2,181,0.638,0.208,10
2025-12-12,CL-BCN-02,B,14,7065.8,1236.0,187,0.686,0.175,6
2025-12-12,CL-BIO-01,E,14,6972.5,1006.4,148,0.793,0.144,5
2025-12-12,CL-MAD-01,A,13,5957.9,1193.8,198,0.736,0.2,7
2025-12-12,CL-MAD-02,A,12,5523.3,887.4,157,0.793,0.161,4
2025-12-12,CL-MAD-03,A,14,6460.1,1542.1,242,0.789,0.239,12
2025-12-12,CL-SEV-01,D,15,16085.5,5723.6,134,0.608,0.356,1
2025-12-12,CL-VLC-01,C,15,7327.9,1534.3,188,0.738,0.209,6
2025-12-12,CL-VLC-02,C,14,6908.7,1425.6,209,0.723,0.206,1
2025-12-13,CL-BCN-01,B,11,5304.9,802.0,157,0.919,0.151,7
2025-12-13,CL-BCN-02,B,11,5518.5,1220.8,128,0.704,0.221,3
2025-12-13,CL-BIO-01,E,11,5774.6,759.8,121,0.923,0.132,3
2025-12-13,CL-MAD-01,A,12,5388.6,1168.1,175,0.699,0.217,9
2025-12-13,CL-MAD-02,A,12,5318.0,639.6,176,0.835,0.12,11
2025-12-13,CL-MAD-03,A,10,4454.8,443.9,128,0.788,0.1,3
2025-12-13,CL-SEV-01,D,12,12384.7,4492.3,58,0.636,0.363,2
2025-12-13,CL-VLC-01,C,11,5244.7,1283.8,147,0.657,0.245,8
2025-12-13,CL-VLC-02,C,11,5610.0,1453.8,106,0.689,0.259,1
2025-12-14,CL-BCN-01,B,4,2058.7,324.1,47,0.775,0.157,1
2025-12-14,CL-BCN-02,B,4,2026.4,381.3,38,0.673,0.188,1
2025-12-14,CL-BIO-01,E,5,2362.7,251.9,51,0.864,0.107,1
2025-12-14,CL-MAD-01,A,4,1889.3,269.6,62,0.78,0.143,4
2025-12-14,CL-MAD-02,A,5,2239.8,466.2,66,0.788,0.208,4
2025-12-14,CL-MAD-03,A,4,1936.4,356.2,65,0.85,0.184,4
2025-12-14,CL-SEV-01,D,4,3973.1,1464.3,28,0.562,0.369,0
2025-12-14,CL-VLC-01,C,4,2103.9,416.8,53,0.726,0.198,1
2025-12-14,CL-VLC-02,C,4,2018.7,434.9,46,0.658,0.215,0
2025-12-15,CL-BCN-01,B,13,6708.7,1446.7,194,0.75,0.216,7
2025-12-15,CL-BCN-02,B,12,5901.3,1018.7,162,0.766,0.173,6
2025-12-15,CL-BIO-01,E,15,7614.4,807.3,179,0.925,0.106,3
2025-12-15,CL-MAD-01,A,15,6906.6,1265.4,232,0.809,0.183,12
2025-12-15,CL-MAD-02,A,14,6521.7,1039.8,181,0.825,0.159,6
2025-12-15,CL-MAD-03,A,14,6599.0,971.6,189,0.74,0.147,6
2025-12-15,CL-SEV-01,D,14,15417.9,5802.0,87,0.685,0.376,2
2025-12-15,CL-VLC-01,C,16,7923.3,2228.5,157,0.84,0.281,2
2025-12-15,CL-VLC-02,C,13,6235.9,1504.1,156,0.631,0.241,5
2025-12-16,CL-BCN-01,B,14,6815.4,1462.8,200,0.74,0.215,7
2025-12-16,CL-BCN-02,B,15,7673.7,1889.8,207,0.81,0.246,6
2025-12-16,CL-BIO-01,E,13,6355.3,711.3,183,0.825,0.112,2
2025-12-16,CL-MAD-01,A,14,6461.8,1077.8,212,0.818,0.167,10
2025-12-16,CL-MAD-02,A,17,7672.4,851.6,209,0.748,0.111,7
2025-12-16,CL-MAD-03,A,14,6530.8,1499.4,170,0.799,0.23,6
2025-12-16,CL-SEV-01,D,13,14214.8,4973.1,58,0.5,0.35,2
2025-12-16,CL-VLC-01,C,14,6973.8,1989.1,138,0.634,0.285,3
2025-12-16,CL-VLC-02,C,11,5419.4,999.9,114,0.666,0.185,2
2025-12-17,CL-BCN-01,B,14,6917.4,1670.1,163,0.76,0.241,6
2025-12-17,CL-BCN-02,B,13,6251.6,1354.9,102,0.773,0.217,4
2025-12-17,CL-BIO-01,E,13,6803.2,1251.4,163,0.803,0.184,5
2025-12-17,CL-MAD-01,A,15,6658.8,1387.4,223,0.797,0.208,10
2025-12-17,CL-MAD-02,A,13,6037.2,1034.5,193,0.8,0.171,3
2025-12-17,CL-MAD-03,A,12,5436.4,881.9,172,0.725,0.162,6
2025-12-17,CL-SEV-01,D,12,13086.2,4690.3,99,0.625,0.358,1
2025-12-17,CL-VLC-01,C,14,6754.8,1829.2,166,0.815,0.271,5
2025-12-17,CL-VLC-02,C,13,6558.8,1522.3,161,0.82,0.232,4
2025-12-18,CL-BCN-01,B,14,6784.3,1738.4,189,0.622,0.256,5
2025-12-18,CL-BCN-02,B,14,6907.2,1547.2,188,0.782,0.224,7
2025-12-18,CL-BIO-01,E,14,6987.4,1370.5,158,0.84,0.196,5
2025-12-18,CL-MAD-01,A,15,6890.1,1350.0,230,0.913,0.196,15
2025-12-18,CL-MAD-02,A,13,5797.7,851.0,188,0.746,0.147,11
2025-12-18,CL-MAD-03,A,14,6256.3,1068.7,145,0.729,0.171,3
2025-12-18,CL-SEV-01,D,12,13246.1,3782.1,86,0.678,0.286,0
2025-12-18,CL-VLC-01,C,14,6641.4,1624.5,158,0.747,0.245,5
2025-12-18,CL-VLC-02,C,13,6468.8,1365.3,170,0.686,0.211,2
2025-12-19,CL-BCN-01,B,15,7250.8,1753.1,159,0.655,0.242,4
2025-12-19,CL-BCN-02,B,16,7924.6,1525.1,169,0.813,0.192,7
2025-12-19,CL-BIO-01,E,15,7609.3,376.5,162,0.882,0.049,3
2025-12-19,CL-MAD-01,A,15,6983.4,1411.6,224,0.753,0.202,5
2025-12-19,CL-MAD-02,A,15,6797.0,1487.4,204,0.773,0.219,5
2025-12-19,CL-MAD-03,A,13,5824.5,1148.4,216,0.873,0.197,6
2025-12-19,CL-SEV-01,D,15,16525.4,5602.9,123,0.716,0.339,2
2025-12-19,CL-VLC-01,C,13,6476.6,1286.8,153,0.706,0.199,4
2025-12-19,CL-VLC-02,C,14,7052.5,1687.4,128,0.684,0.239,4
2025-12-20,CL-BCN-01,B,10,5007.4,959.4,120,0.686,0.192,2
2025-12-20,CL-BCN-02,B,10,,,156,0.76,,3
2025-12-20,CL-BIO-01,E,10,5290.9,560.6,113,0.834,0.106,0
2025-12-20,CL-MAD-01,A,11,5126.8,952.1,174,0.784,0.186,8
2025-12-20,CL-MAD-02,A,11,5129.6,1000.8,151,0.771,0.195,7
2025-12-20,CL-MAD-03,A,11,5033.0,818.8,153,0.732,0.163,8
2025-12-20,CL-SEV-01,D,9,10078.3,3646.9,64,0.638,0.362,1
2025-12-20,CL-VLC-01,C,11,5190.0,1293.7,142,0.831,0.249,3
2025-12-20,CL-VLC-02,C,11,5547.3,1252.9,141,0.712,0.226,3
2025-12-21,CL-BCN-01,B,5,2272.8,457.9,67,0.767,0.201,3
2025-12-21,CL-BCN-02,B,4,2124.0,479.0,43,0.718,0.226,2
2025-12-21,CL-BIO-01,E,4,1890.1,274.8,46,0.786,0.145,0
2025-12-21,CL-MAD-01,A,4,1902.7,359.6,56,0.759,0.189,2
2025-12-21,CL-MAD-02,A,4,,,53,0.726,,2
2025-12-21,CL-MAD-03,A,4,1888.3,362.7,56,0.758,0.192,2
2025-12-21,CL-SEV-01,D,5,5147.8,1676.3,50,0.554,0.326,0
2025-12-21,CL-VLC-01,C,5,2283.9,487.7,59,0.696,0.214,1
2025-12-21,CL-VLC-02,C,4,2017.5,556.0,43,0.693,0.276,2
2025-12-22,CL-BCN-01,B,14,6771.3,1184.7,200,0.705,0.175,4
2025-12-22,CL-BCN-02,B,15,7736.8,1881.8,177,0.698,0.243,5
2025-12-22,CL-BIO-01,E,13,6425.4,801.5,158,0.717,0.125,1
2025-12-22,CL-MAD-01,A,13,5769.8,1004.9,164,0.741,0.174,8
2025-12-22,CL-MAD-02,A,13,6071.8,1364.9,206,0.686,0.225,9
2025-12-22,CL-MAD-03,A,16,7314.0,961.6,218,0.795,0.131,15
2025-12-22,CL-SEV-01,D,14,14573.5,5506.0,133,0.555,0.378,2
2025-12-22,CL-VLC-01,C,15,7119.6,1384.9,184,0.668,0.195,5
2025-12-22,CL-VLC-02,C,12,6036.5,1664.8,119,0.543,0.276,0
2025-12-23,CL-BCN-01,B,16,8005.2,1362.5,168,0.778,0.17,2
2025-12-23,CL-BCN-02,B,18,8983.9,1802.6,209,0.742,0.201,8
2025-12-23,CL-BIO-01,E,15,7723.5,1058.7,219,0.846,0.137,1
2025-12-23,CL-MAD-01,A,15,6733.7,1059.4,244,0.735,0.157,8
2025-12-23,CL-MAD-02,A,12,5480.5,1000.3,173,0.694,0.183,3
2025-12-23,CL-MAD-03,A,14,6206.1,939.4,190,0.723,0.151,9
2025-12-23,CL-SEV-01,D,16,17384.8,5510.7,129,0.525,0.317,1
2025-12-23,CL-VLC-01,C,16,7831.9,1912.4,189,0.685,0.244,1
2025-12-23,CL-VLC-02,C,13,6182.9,1525.3,130,0.788,0.247,1
2025-12-24,CL-BCN-01,B,13,6573.1,1480.7,192,0.765,0.225,10
2025-12-24,CL-BCN-02,B,13,6651.3,1292.9,163,0.755,0.194,9
2025-12-24,CL-BIO-01,E,12,6182.4,789.9,182,0.855,0.128,3
2025-12-24,CL-MAD-01,A,12,5510.3,987.9,165,0.797,0.179,10
2025-12-24,CL-MAD-02,A,15,6813.2,838.1,246,0.746,0.123,6
2025-12-24,CL-MAD-03,A,14,6512.3,1037.2,183,0.69,0.159,4
2025-12-24,CL-SEV-01,D,15,16103.8,5073.8,104,0.62,0.315,2
2025-12-24,CL-VLC-01,C,15,7302.7,1744.9,160,0.85,0.239,2
2025-12-24,CL-VLC-02,C,15,7478.3,2326.7,117,0.748,0.311,2
2025-12-25,CL-BCN-01,B,13,6287.8,1610.3,185,0.739,0.256,4
2025-12-25,CL-BCN-02,B,14,,,162,0.72,,4
2025-12-25,CL-BIO-01,E,13,6846.8,699.1,157,0.801,0.102,4
2025-12-25,CL-MAD-01,A,13,6008.0,1154.9,192,0.749,0.192,10
2025-12-25,CL-MAD-02,A,14,6326.8,807.8,166,0.766,0.128,7
2025-12-25,CL-MAD-03,A,14,6641.5,1247.3,192,0.76,0.188,8
2025-12-25,CL-SEV-01,D,15,16164.0,5928.8,124,0.713,0.367,4
2025-12-25,CL-VLC-01,C,12,6059.5,1353.6,159,0.661,0.223,2
2025-12-25,CL-VLC-02,C,13,6326.6,1405.4,195,0.62,0.222,4
2025-12-26,CL-BCN-01,B,13,6542.9,1006.1,162,0.719,0.154,5
2025-12-26,CL-BCN-02,B,13,6679.0,1483.4,161,0.837,0.222,6
2025-12-26,CL-BIO-01,E,14,6969.6,1304.2,196,0.72,0.187,0
2025-12-26,CL-MAD-01,A,16,7219.9,863.7,198,0.634,0.12,3
2025-12-26,CL-MAD-02,A,13,5742.6,1277.4,173,0.721,0.222,8
2025-12-26,CL-MAD-03,A,12,5482.2,1177.3,175,0.816,0.215,3
2025-12-26,CL-SEV-01,D,14,15040.2,5053.1,101,0.619,0.336,3
2025-12-26,CL-VLC-01,C,11,5487.7,1217.5,137,0.734,0.222,2
2025-12-26,CL-VLC-02,C,11,5506.5,1222.8,100,0.682,0.222,1
2025-12-27,CL-BCN-01,B,10,4931.9,1146.2,109,0.591,0.232,3
2025-12-27,CL-BCN-02,B,11,5261.3,1182.9,140,0.673,0.225,2
2025-12-27,CL-BIO-01,E,10,5115.7,813.9,149,0.833,0.159,1
2025-12-27,CL-MAD-01,A,11,4964.2,1104.0,153,0.807,0.222,9
2025-12-27,CL-MAD-02,A,10,4642.8,689.1,133,0.762,0.148,8
2025-12-27,CL-MAD-03,A,9,3976.5,788.1,144,0.749,0.198,7
2025-12-27,CL-SEV-01,D,10,10796.8,3563.5,91,0.538,0.33,0
2025-12-27,CL-VLC-01,C,11,5196.3,1128.1,128,0.679,0.217,1
2025-12-27,CL-VLC-02,C,9,4343.5,1055.7,117,0.925,0.243,2
2025-12-28,CL-BCN-01,B,4,2151.1,482.0,58,0.675,0.224,1
2025-12-28,CL-BCN-02,B,4,2151.3,451.4,59,0.657,0.21,2
2025-12-28,CL-BIO-01,E,5,2430.6,404.7,64,0.824,0.167,3
2025-12-28,CL-MAD-01,A,4,1883.0,334.6,56,0.847,0.178,4
2025-12-28,CL-MAD-02,A,5,,,69,0.696,,8
2025-12-28,CL-MAD-03,A,4,1881.8,273.2,55,0.857,0.145,6
2025-12-28,CL-SEV-01,D,5,5262.5,1964.8,33,0.643,0.373,1
2025-12-28,CL-VLC-01,C,5,2235.4,528.5,58,0.807,0.236,1
2025-12-28,CL-VLC-02,C,5,2236.6,455.9,70,0.754,0.204,1
2025-12-29,CL-BCN-01,B,11,5478.6,1326.1,118,0.578,0.242,2
2025-12-29,CL-BCN-02,B,14,7054.2,1466.3,189,0.778,0.208,1
2025-12-29,CL-BIO-01,E,16,8051.9,811.6,191,0.787,0.101,1
2025-12-29,CL-MAD-01,A,16,7350.1,1184.3,206,0.75,0.161,11
2025-12-29,CL-MAD-02,A,17,7589.8,1226.5,276,0.712,0.162,6
2025-12-29,CL-MAD-03,A,15,6732.2,1193.2,229,0.861,0.177,14
2025-12-29,CL-SEV-01,D,14,14877.1,4346.9,115,0.519,0.292,0
2025-12-29,CL-VLC-01,C,15,7186.8,1784.8,155,0.698,0.248,1
2025-12-29,CL-VLC-02,C,14,7029.9,1843.8,171,0.738,0.262,2
2025-12-30,CL-BCN-01,B,15,7618.8,1529.1,219,0.736,0.201,10
2025-12-30,CL-BCN-02,B,14,7034.5,1631.2,193,0.756,0.232,8
2025-12-30,CL-BIO-01,E,13,6396.2,1086.4,145,0.734,0.17,3
2025-12-30,CL-MAD-01,A,15,6943.9,1202.6,220,0.872,0.173,8
2025-12-30,CL-MAD-02,A,14,6358.7,1073.1,213,0.791,0.169,13
2025-12-30,CL-MAD-03,A,14,6565.2,1108.8,209,0.741,0.169,7
2025-12-30,CL-SEV-01,D,16,17483.2,5338.3,156,0.676,0.305,4
2025-12-30,CL-VLC-01,C,14,6871.5,1445.7,171,0.708,0.21,2
2025-12-30,CL-VLC-02,C,14,7080.8,1517.6,181,0.691,0.214,3
2025-12-31,CL-BCN-01,B,14,7034.1,1820.2,182,0.661,0.259,2
2025-12-31,CL-BCN-02,B,14,6970.1,1047.4,165,0.75,0.15,7
2025-12-31,CL-BIO-01,E,15,7466.4,856.0,165,0.906,0.115,2
2025-12-31,CL-MAD-01,A,13,6077.1,991.3,174,0.882,0.163,8
2025-12-31,CL-MAD-02,A,16,7248.8,1152.3,241,0.928,0.159,13
2025-12-31,CL-MAD-03,A,13,6016.4,1161.6,170,0.719,0.193,5
2025-12-31,CL-SEV-01,D,15,15872.5,6156.2,116,0.671,0.388,0
2025-12-31,CL-VLC-01,C,16,8064.4,1893.0,192,0.629,0.235,2
2025-12-31,CL-VLC-02,C,14,6625.5,1338.1,139,0.711,0.202,4
