mes,codigo_tienda,grupo,categoria,nombre_categoria,ventas_eur
2024-01-01,RN-BCN-CV01,B,moda_belleza,Moda y Belleza,9852.8
2024-01-01,RN-BCN-CV01,B,hogar_electronica,"Hogar, Electrónica y Electrodomésticos",21773.52
2024-01-01,RN-BCN-CV01,B,alimentacion_hosteleria,Alimentación y Hostelería,122440.2
2024-01-01,RN-BCN-CV02,B,moda_belleza,Moda y Belleza,10403.57
2024-01-01,RN-BCN-CV02,B,hogar_electronica,"Hogar, Electrónica y Electrodomésticos",22990.65
2024-01-01,RN-BCN-CV02,B,alimentacion_hosteleria,Alimentación y Hostelería,129284.54
2024-01-01,RN-BCN-CV03,B,moda_belleza,Moda y Belleza,10926.52
2024-01-01,RN-BCN-CV03,B,hogar_electronica,"Hogar, Electrónica y Electrodomésticos",24146.31
2024-01-01,RN-BCN-CV03,B,alimentacion_hosteleria,Alimentación y Hostelería,135783.27
2024-01-01,RN-BCN-CV04,B,moda_belleza,Moda y Belleza,8456.66
2024-01-01,RN-BCN-CV04,B,hogar_electronica,"Hogar, Electrónica y Electrodomésticos",18688.22
2024-01-01,RN-BCN-CV04,B,alimentacion_hosteleria,Alimentación y Hostelería,105090.47
2024-01-01,RN-BCN-CV05,B,moda_belleza,Moda y Belleza,8936.38
2024-01-01,RN-BCN-CV05,B,hogar_electronica,"Hogar, Electrónica y Electrodomésticos",19748.33
2024-01-01,RN-BCN-CV05,B,alimentacion_hosteleria,Alimentación y Hostelería,111051.84
2024-01-01,RN-BCN-CV06,B,moda_belleza,Moda y Belleza,9410.21
2024-01-01,RN-BCN-CV06,B,hogar_electronica,"Hogar, Electrónica y Electrodomésticos",20795.45
2024-01-01,RN-BCN-CV06,B,alimentacion_hosteleria,Alimentación y Hostelería,116940.16
2024-01-01,RN-BCN-CV07,B,moda_belleza,Moda y Belleza,9411.9
2024-01-01,RN-BCN-CV07,B,hogar_electronica,"Hogar, Electrónica y Electrodomésticos",20799.17
2024-01-01,RN-BCN-CV07,B,alimentacion_hosteleria,Alimentación y Hostelería,116961.11
2024-01-01,RN-BCN-CV08,B,moda_belleza,Moda y Belleza,9342.69
2024-01-01,RN-BCN-CV08,B,hogar_electronica,"Hogar, Electrónica y Electrodomésticos",20646.23
2024-01-01,RN-BCN-CV08,B,alimentacion_hosteleria,Alimentación y Hostelería,116101.06
2024-01-01,RN-BCN-ES01,B,moda_belleza,Moda y Belleza,180176.26
2024-01-01,RN-BCN-ES01,B,hogar_electronica,"Hogar, Electrónica y Electrodomésticos",30164.25
2024-01-01,RN-BCN-ES01,B,alimentacion_hosteleria,Alimentación y Hostelería,3592.04
2024-01-01,RN-BCN-ES02,B,moda_belleza,Moda y Belleza,211045.02
2024-01-01,RN-BCN-ES02,B,hogar_electronica,"Hogar, Electrónica y Electrodomésticos",35332.15
2024-01-01,RN-BCN-ES02,B,alimentacion_hosteleria,Alimentación y Hostelería,4207.45
2024-01-01,RN-BCN-ES03,B,moda_belleza,Moda y Belleza,217296.18
2024-01-01,RN-BCN-ES03,B,hogar_electronica,"Hogar, Electrónica y Electrodomésticos",36378.69
2024-01-01,RN-BCN-ES03,B,alimentacion_hosteleria,Alimentación y Hostelería,4332.08
2024-01-01,RN-BCN-ES04,B,moda_belleza,Moda y Belleza,204366.51
2024-01-01,RN-BCN-ES04,B,hogar_electronica,"Hogar, Electrónica y Electrodomésticos",34214.06
2024-01-01,RN-BCN-ES04,B,alimentacion_hosteleria,Alimentación y Hostelería,4074.31
2024-01-01,RN-BCN-ES05,B,moda_belleza,Moda y Belleza,221712.41
2024-01-01,RN-BCN-ES05,B,hogar_electronica,"Hogar, Electrónica y Electrodomésticos",37118.03
2024-01-01,RN-BCN-ES05,B,alimentacion_hosteleria,Alimentación y Hostelería,4420.12
2024-01-01,RN-BCN-ES06,B,moda_belleza,Moda y Belleza,212527.07
2024-01-01,RN-BCN-ES06,B,hogar_electronica,"Hogar, Electrónica y Electrodomésticos",35580.27
2024-01-01,RN-BCN-ES06,B,alimentacion_hosteleria,Alimentación y Hostelería,4237.0
2024-01-01,RN-BCN-ES07,B,moda_belleza,Moda y Belleza,206701.66
2024-01-01,RN-BCN-ES07,B,hogar_electronica,"Hogar, Electrónica y Electrodomésticos",34605.0
2024-01-01,RN-BCN-ES07,B,alimentacion_hosteleria,Alimentación y Hostelería,4120.86
2024-01-01,RN-BCN-ES08,B,moda_belleza,Moda y Belleza,165707.61
2024-01-01,RN-BCN-ES08,B,hogar_electronica,"Hogar, Electrónica y Electrodomésticos",27741.98
2024-01-01,RN-BCN-ES08,B,alimentacion_hosteleria,Alimentación y Hostelería,3303.59
2024-01-01,RN-BCN-ES09,B,moda_belleza,Moda y Belleza,217144.54
2024-01-01,RN-BCN-ES09,B,hogar_electronica,"Hogar, Electrónica y Electrodomésticos",36353.3
2024-01-01,RN-BCN-ES09,B,alimentacion_hosteleria,Alimentación y Hostelería,4329.05
2024-01-01,RN-BCN-ES10,B,moda_belleza,Moda y Belleza,200914.56
2024-01-01,RN-BCN-ES10,B,hogar_electronica,"Hogar, Electrónica y Electrodomésticos",33636.16
2024-01-01,RN-BCN-ES10,B,alimentacion_hosteleria,Alimentación y Hostelería,4005.49
2024-01-01,RN-BCN-ES11,B,moda_belleza,Moda y Belleza,207818.19
2024-01-01,RN-BCN-ES11,B,hogar_electronica,"Hogar, Electrónica y Electrodomésticos",34791.93
2024-01-01,RN-BCN-ES11,B,alimentacion_hosteleria,Alimentación y Hostelería,4143.12
2024-01-01,RN-BCN-ES12,B,moda_belleza,Moda y Belleza,186173.78
2024-01-01,RN-BCN-ES12,B,hogar_electronica,"Hogar, Electrónica y Electrodomésticos",31168.33
2024-01-01,RN-BCN-ES12,B,alimentacion_hosteleria,Alimentación y Hostelería,3711.61
2024-01-01,RN-BCN-ES13,B,moda_belleza,Moda y Belleza,212636.01
2024-01-01,RN-BCN-ES13,B,hogar_electronica,"Hogar, Electrónica y Electrodomésticos",35598.51
2024-01-01,RN-BCN-ES13,B,alimentacion_hosteleria,Alimentación y Hostelería,4239.17
2024-01-01,RN-BCN-ES14,B,moda_belleza,Moda y Belleza,234246.39
2024-01-01,RN-BCN-ES14,B,hogar_electronica,"Hogar, Electrónica y Electrodomésticos",39216.41
2024-01-01,RN-BCN-ES14,B,alimentacion_hosteleria,Alimentación y Hostelería,4670.0
2024-01-01,RN-BCN-GA01,B,moda_belleza,Moda y Belleza,1390965.61
2024-01-01,RN-BCN-GA01,B,hogar_electronica,"Hogar, Electrónica y Electrodomésticos",1692855.06
2024-01-01,RN-BCN-GA01,B,alimentacion_hosteleria,Alimentación y Hostelería,424399.79
2024-01-01,RN-BCN-GA02,B,moda_belleza,Moda y Belleza,1591045.13
2024-01-01,RN-BCN-GA02,B,hogar_electronica,"Hogar, Electrónica y Electrodomésticos",1936359.02
2024-01-01,RN-BCN-GA02,B,alimentacion_hosteleria,Alimentación y Hostelería,485446.38
2024-01-01,RN-BCN-HI01,B,moda_belleza,Moda y Belleza,52015.93
2024-01-01,RN-BCN-HI01,B,hogar_electronica,"Hogar, Electrónica y Electrodomésticos",134107.18
2024-01-01,RN-BCN-HI01,B,alimentacion_hosteleria,Alimentación y Hostelería,444874.58
2024-01-01,RN-BCN-HI02,B,moda_belleza,Moda y Belleza,76738.62
2024-01-01,RN-BCN-HI02,B,hogar_electronica,"Hogar, Electrónica y Electrodomésticos",197847.08
2024-01-01,RN-BCN-HI02,B,alimentacion_hosteleria,Alimentación y Hostelería,656319.35
2024-01-01,RN-BCN-HI03,B,moda_belleza,Moda y Belleza,52031.56
2024-01-01,RN-BCN-HI03,B,hogar_electronica,"Hogar, Electrónica y Electrodomésticos",134147.48
2024-01-01,RN-BCN-HI03,B,alimentacion_hosteleria,Alimentación y Hostelería,445008.27
2024-01-01,RN-BCN-HI04,B,moda_belleza,Moda y Belleza,64312.08
2024-01-01,RN-BCN-HI04,B,hogar_electronica,"Hogar, Electrónica y Electrodomésticos",165809.05
2024-01-01,RN-BCN-HI04,B,alimentacion_hosteleria,Alimentación y Hostelería,550039.4
2024-01-01,RN-BIO-CV01,E,moda_belleza,Moda y Belleza,9204.57
2024-01-01,RN-BIO-CV01,E,hogar_electronica,"Hogar, Electrónica y Electrodomésticos",24469.51
2024-01-01,RN-BIO-CV01,E,alimentacion_hosteleria,Alimentación y Hostelería,123630.48
2024-01-01,RN-BIO-CV02,E,moda_belleza,Moda y Belleza,9333.99
2024-01-01,RN-BIO-CV02,E,hogar_electronica,"Hogar, Electrónica y Electrodomésticos",24813.54
2024-01-01,RN-BIO-CV02,E,alimentacion_hosteleria,Alimentación y Hostelería,125368.66
2024-01-01,RN-BIO-CV03,E,moda_belleza,Moda y Belleza,8543.83
2024-01-01,RN-BIO-CV03,E,hogar_electronica,"Hogar, Electrónica y Electrodomésticos",22712.97
2024-01-01,RN-BIO-CV03,E,alimentacion_hosteleria,Alimentación y Hostelería,114755.72
2024-01-01,RN-BIO-CV04,E,moda_belleza,Moda y Belleza,10196.44
2024-01-01,RN-BIO-CV04,E,hogar_electronica,"Hogar, Electrónica y Electrodomésticos",27106.3
2024-01-01,RN-BIO-CV04,E,alimentacion_hosteleria,Alimentación y Hostelería,136952.68
2024-01-01,RN-BIO-ES01,E,moda_belleza,Moda y Belleza,185111.81
2024-01-01,RN-BIO-ES01,E,hogar_electronica,"Hogar, Electrónica y Electrodomésticos",37280.5
2024-01-01,RN-BIO-ES01,E,alimentacion_hosteleria,Alimentación y Hostelería,3988.74
2024-01-01,RN-BIO-ES02,E,moda_belleza,Moda y Belleza,163975.83
2024-01-01,RN-BIO-ES02,E,hogar_electronica,"Hogar, Electrónica y Electrodomésticos",33023.83
2024-01-01,RN-BIO-ES02,E,alimentacion_hosteleria,Alimentación y Hostelería,3533.31
2024-01-01,RN-BIO-ES03,E,moda_belleza,Moda y Belleza,245946.23
2024-01-01,RN-BIO-ES03,E,hogar_electronica,"Hogar, Electrónica y Electrodomésticos",49532.22
2024-01-01,RN-BIO-ES03,E,alimentacion_hosteleria,Alimentación y Hostelería,5299.58
2024-01-01,RN-BIO-ES04,E,moda_belleza,Moda y Belleza,213693.16
2024-01-01,RN-BIO-ES04,E,hogar_electronica,"Hogar, Electrónica y Electrodomésticos",43036.63
2024-01-01,RN-BIO-ES04,E,alimentacion_hosteleria,Alimentación y Hostelería,4604.6
2024-01-01,RN-BIO-ES05,E,moda_belleza,Moda y Belleza,197616.43
2024-01-01,RN-BIO-ES05,E,hogar_electronica,"Hogar, Electrónica y Electrodomésticos",39798.86
2024-01-01,RN-BIO-ES05,E,alimentacion_hosteleria,Alimentación y Hostelería,4258.19
2024-01-01,RN-BIO-ES06,E,moda_belleza,Moda y Belleza,236716.57
2024-01-01,RN-BIO-ES06,E,hogar_electronica,"Hogar, Electrónica y Electrodomésticos",47673.41
2024-01-01,RN-BIO-ES06,E,alimentacion_hosteleria,Alimentación y Hostelería,5100.7
2024-01-01,RN-BIO-ES07,E,moda_belleza,Moda y Belleza,205247.31
2024-01-01,RN-BIO-ES07,E,hogar_electronica,"Hogar, Electrónica y Electrodomésticos",41335.68
2024-01-01,RN-BIO-ES07,E,alimentacion_hosteleria,Alimentación y Hostelería,4422.61
2024-01-01,RN-BIO-GA01,E,moda_belleza,Moda y Belleza,895432.49
2024-01-01,RN-BIO-GA01,E,hogar_electronica,"Hogar, Electrónica y Electrodomésticos",1310958.3
2024-01-01,RN-BIO-GA01,E,alimentacion_hosteleria,Alimentación y Hostelería,295290.3
2024-01-01,RN-BIO-HI01,E,moda_belleza,Moda y Belleza,60443.66
2024-01-01,RN-BIO-HI01,E,hogar_electronica,"Hogar, Electrónica y Electrodomésticos",187464.51
2024-01-01,RN-BIO-HI01,E,alimentacion_hosteleria,Alimentación y Hostelería,558739.71
2024-01-01,RN-BIO-HI02,E,moda_belleza,Moda y Belleza,46297.93
2024-01-01,RN-BIO-HI02,E,hogar_electronica,"Hogar, Electrónica y Electrodomésticos",143591.88
2024-01-01,RN-BIO-HI02,E,alimentacion_hosteleria,Alimentación y Hostelería,427976.94
2024-01-01,RN-MAD-CV01,A,moda_belleza,Moda y Belleza,9952.33
2024-01-01,RN-MAD-CV01,A,hogar_electronica,"Hogar, Electrónica y Electrodomésticos",19578.0
2024-01-01,RN-MAD-CV01,A,alimentacion_hosteleria,Alimentación y Hostelería,119263.4
2024-01-01,RN-MAD-CV02,A,moda_belleza,Moda y Belleza,10913.55
2024-01-01,RN-MAD-CV02,A,hogar_electronica,"Hogar, Electrónica y Electrodomésticos",21468.89
2024-01-01,RN-MAD-CV02,A,alimentacion_hosteleria,Alimentación y Hostelería,130782.1
2024-01-01,RN-MAD-CV03,A,moda_belleza,Moda y Belleza,9987.74
2024-01-01,RN-MAD-CV03,A,hogar_electronica,"Hogar, Electrónica y Electrodomésticos",19647.65
2024-01-01,RN-MAD-CV03,A,alimentacion_hosteleria,Alimentación y Hostelería,119687.7
2024-01-01,RN-MAD-CV04,A,moda_belleza,Moda y Belleza,11785.34
2024-01-01,RN-MAD-CV04,A,hogar_electronica,"Hogar, Electrónica y Electrodomésticos",23183.85
2024-01-01,RN-MAD-CV04,A,alimentacion_hosteleria,Alimentación y Hostelería,141229.14
2024-01-01,RN-MAD-CV05,A,moda_belleza,Moda y Belleza,8681.39
2024-01-01,RN-MAD-CV05,A,hogar_electronica,"Hogar, Electrónica y Electrodomésticos",17077.84
2024-01-01,RN-MAD-CV05,A,alimentacion_hosteleria,Alimentación y Hostelería,104033.15
2024-01-01,RN-MAD-CV06,A,moda_belleza,Moda y Belleza,9758.9
2024-01-01,RN-MAD-CV06,A,hogar_electronica,"Hogar, Electrónica y Electrodomésticos",19197.48
2024-01-01,RN-MAD-CV06,A,alimentacion_hosteleria,Alimentación y Hostelería,116945.39
2024-01-01,RN-MAD-CV07,A,moda_belleza,Moda y Belleza,9291.79
2024-01-01,RN-MAD-CV07,A,hogar_electronica,"Hogar, Electrónica y Electrodomésticos",18278.59
2024-01-01,RN-MAD-CV07,A,alimentacion_hosteleria,Alimentación y Hostelería,111347.76
2024-01-01,RN-MAD-CV08,A,moda_belleza,Moda y Belleza,11687.67
2024-01-01,RN-MAD-CV08,A,hogar_electronica,"Hogar, Electrónica y Electrodomésticos",22991.71
2024-01-01,RN-MAD-CV08,A,alimentacion_hosteleria,Alimentación y Hostelería,140058.72
2024-01-01,RN-MAD-CV09,A,moda_belleza,Moda y Belleza,11576.93
2024-01-01,RN-MAD-CV09,A,hogar_electronica,"Hogar, Electrónica y Electrodomésticos",22773.87
2024-01-01,RN-MAD-CV09,A,alimentacion_hosteleria,Alimentación y Hostelería,138731.69
2024-01-01,RN-MAD-CV10,A,moda_belleza,Moda y Belleza,10737.52
2024-01-01,RN-MAD-CV10,A,hogar_electronica,"Hogar, Electrónica y Electrodomésticos",21122.6
2024-01-01,RN-MAD-CV10,A,alimentacion_hosteleria,Alimentación y Hostelería,128672.61
2024-01-01,RN-MAD-ES01,A,moda_belleza,Moda y Belleza,274212.21
2024-01-01,RN-MAD-ES01,A,hogar_electronica,"Hogar, Electrónica y Electrodomésticos",40865.46
2024-01-01,RN-MAD-ES01,A,alimentacion_hosteleria,Alimentación y Hostelería,5271.68
2024-01-01,RN-MAD-ES02,A,moda_belleza,Moda y Belleza,188091.38
2024-01-01,RN-MAD-ES02,A,hogar_electronica,"Hogar, Electrónica y Electrodomésticos",28030.99
2024-01-01,RN-MAD-ES02,A,alimentacion_hosteleria,Alimentación y Hostelería,3616.02
2024-01-01,RN-MAD-ES03,A,moda_belleza,Moda y Belleza,233866.03
2024-01-01,RN-MAD-ES03,A,hogar_electronica,"Hogar, Electrónica y Electrodomésticos",34852.72
2024-01-01,RN-MAD-ES03,A,alimentacion_hosteleria,Alimentación y Hostelería,4496.03
2024-01-01,RN-MAD-ES04,A,moda_belleza,Moda y Belleza,238929.39
2024-01-01,RN-MAD-ES04,A,hogar_electronica,"Hogar, Electrónica y Electrodomésticos",35607.31
2024-01-01,RN-MAD-ES04,A,alimentacion_hosteleria,Alimentación y Hostelería,4593.37
2024-01-01,RN-MAD-ES05,A,moda_belleza,Moda y Belleza,203509.34
2024-01-01,RN-MAD-ES05,A,hogar_electronica,"Hogar, Electrónica y Electrodomésticos",30328.71
2024-01-01,RN-MAD-ES05,A,alimentacion_hosteleria,Alimentación y Hostelería,3912.43
2024-01-01,RN-MAD-ES06,A,moda_belleza,Moda y Belleza,235708.55
2024-01-01,RN-MAD-ES06,A,hogar_electronica,"Hogar, Electrónica y Electrodomésticos",35127.31
2024-01-01,RN-MAD-ES06,A,alimentacion_hosteleria,Alimentación y Hostelería,4531.45
2024-01-01,RN-MAD-ES07,A,moda_belleza,Moda y Belleza,247374.72
2024-01-01,RN-MAD-ES07,A,hogar_electronica,"Hogar, Electrónica y Electrodomésticos",36865.9
2024-01-01,RN-MAD-ES07,A,alimentacion_hosteleria,Alimentación y Hostelería,4755.73
2024-01-01,RN-MAD-ES08,A,moda_belleza,Moda y Belleza,246785.16
2024-01-01,RN-MAD-ES08,A,hogar_electronica,"Hogar, Electrónica y Electrodomésticos",36778.04
2024-01-01,RN-MAD-ES08,A,alimentacion_hosteleria,Alimentación y Hostelería,4744.4
2024-01-01,RN-MAD-ES09,A,moda_belleza,Moda y Belleza,223256.32
2024-01-01,RN-MAD-ES09,A,hogar_electronica,"Hogar, Electrónica y Electrodomésticos",33271.57
2024-01-01,RN-MAD-ES09,A,alimentacion_hosteleria,Alimentación y Hostelería,4292.06
2024-01-01,RN-MAD-ES10,A,moda_belleza,Moda y Belleza,242028.31
2024-01-01,RN-MAD-ES10,A,hogar_electronica,"Hogar, Electrónica y Electrodomésticos",36069.14
2024-01-01,RN-MAD-ES10,A,alimentacion_hosteleria,Alimentación y Hostelería,4652.95
2024-01-01,RN-MAD-ES11,A,moda_belleza,Moda y Belleza,195057.77
2024-01-01,RN-MAD-ES11,A,hogar_electronica,"Hogar, Electrónica y Electrodomésticos",29069.18
2024-01-01,RN-MAD-ES11,A,alimentacion_hosteleria,Alimentación y Hostelería,3749.95
2024-01-01,RN-MAD-ES12,A,moda_belleza,Moda y Belleza,245664.23
2024-01-01,RN-MAD-ES12,A,hogar_electronica,"Hogar, Electrónica y Electrodomésticos",36610.99
2024-01-01,RN-MAD-ES12,A,alimentacion_hosteleria,Alimentación y Hostelería,4722.85
2024-01-01,RN-MAD-ES13,A,moda_belleza,Moda y Belleza,231046.68
2024-01-01,RN-MAD-ES13,A,hogar_electronica,"Hogar, Electrónica y Electrodomésticos",34432.56
2024-01-01,RN-MAD-ES13,A,alimentacion_hosteleria,Alimentación y Hostelería,4441.83
2024-01-01,RN-MAD-ES14,A,moda_belleza,Moda y Belleza,184180.86
2024-01-01,RN-MAD-ES14,A,hogar_electronica,"Hogar, Electrónica y Electrodomésticos",27448.21
2024-01-01,RN-MAD-ES14,A,alimentacion_hosteleria,Alimentación y Hostelería,3540.84
2024-01-01,RN-MAD-ES15,A,moda_belleza,Moda y Belleza,214175.89
2024-01-01,RN-MAD-ES15,A,hogar_electronica,"Hogar, Electrónica y Electrodomésticos",31918.33
2024-01-01,RN-MAD-ES15,A,alimentacion_hosteleria,Alimentación y Hostelería,4117.49
2024-01-01,RN-MAD-ES16,A,moda_belleza,Moda y Belleza,223594.73
2024-01-01,RN-MAD-ES16,A,hogar_electronica,"Hogar, Electrónica y Electrodomésticos",33322.01
2024-01-01,RN-MAD-ES16,A,alimentacion_hosteleria,Alimentación y Hostelería,4298.57
2024-01-01,RN-MAD-ES17,A,moda_belleza,Moda y Belleza,221353.08
2024-01-01,RN-MAD-ES17,A,hogar_electronica,"Hogar, Electrónica y Electrodomésticos",32987.94
2024-01-01,RN-MAD-ES17,A,alimentacion_hosteleria,Alimentación y Hostelería,4255.47
2024-01-01,RN-MAD-ES18,A,moda_belleza,Moda y Belleza,259351.34
2024-01-01,RN-MAD-ES18,A,hogar_electronica,"Hogar, Electrónica y Electrodomésticos",38650.76
2024-01-01,RN-MAD-ES18,A,alimentacion_hosteleria,Alimentación y Hostelería,4985.98
2024-01-01,RN-MAD-ES19,A,moda_belleza,Moda y Belleza,230012.29
2024-01-01,RN-MAD-ES19,A,hogar_electronica,"Hogar, Electrónica y Electrodomésticos",34278.41
2024-01-01,RN-MAD-ES19,A,alimentacion_hosteleria,Alimentación y Hostelería,4421.94
2024-01-01,RN-MAD-ES20,A,moda_belleza,Moda y Belleza,225478.79
2024-01-01,RN-MAD-ES20,A,hogar_electronica,"Hogar, Electrónica y Electrodomésticos",33602.78
2024-01-01,RN-MAD-ES20,A,alimentacion_hosteleria,Alimentación y Hostelería,4334.79
2024-01-01,RN-MAD-GA01,A,moda_belleza,Moda y Belleza,2046695.85
2024-01-01,RN-MAD-GA01,A,hogar_electronica,"Hogar, Electrónica y Electrodomésticos",2217334.99
2024-01-01,RN-MAD-GA01,A,alimentacion_hosteleria,Alimentación y Hostelería,602185.21
2024-01-01,RN-MAD-GA02,A,moda_belleza,Moda y Belleza,1430189.85
2024-01-01,RN-MAD-GA02,A,hogar_electronica,"Hogar, Electrónica y Electrodomésticos",1549429.04
2024-01-01,RN-MAD-GA02,A,alimentacion_hosteleria,Alimentación y Hostelería,420794.9
2024-01-01,RN-MAD-GA03,A,moda_belleza,Moda y Belleza,1587242.44
2024-01-01,RN-MAD-GA03,A,hogar_electronica,"Hogar, Electrónica y Electrodomésticos",1719575.57
2024-01-01,RN-MAD-GA03,A,alimentacion_hosteleria,Alimentación y Hostelería,467003.4
2024-01-01,RN-MAD-HI01,A,moda_belleza,Moda y Belleza,66453.97
2024-01-01,RN-MAD-HI01,A,hogar_electronica,"Hogar, Electrónica y Electrodomésticos",152514.52
2024-01-01,RN-MAD-HI01,A,alimentacion_hosteleria,Alimentación y Hostelería,548075.19
2024-01-01,RN-MAD-HI02,A,moda_belleza,Moda y Belleza,62041.79
2024-01-01,RN-MAD-HI02,A,hogar_electronica,"Hogar, Electrónica y Electrodomésticos",142388.39
2024-01-01,RN-MAD-HI02,A,alimentacion_hosteleria,Alimentación y Hostelería,511686.02
2024-01-01,RN-MAD-HI03,A,moda_belleza,Moda y Belleza,67937.94
2024-01-01,RN-MAD-HI03,A,hogar_electronica,"Hogar, Electrónica y Electrodomésticos",155920.3
2024-01-01,RN-MAD-HI03,A,alimentacion_hosteleria,Alimentación y Hostelería,560314.18
2024-01-01,RN-MAD-HI04,A,moda_belleza,Moda y Belleza,75952.16
2024-01-01,RN-MAD-HI04,A,hogar_electronica,"Hogar, Electrónica y Electrodomésticos",174313.25
2024-01-01,RN-MAD-HI04,A,alimentacion_hosteleria,Alimentación y Hostelería,626410.96
2024-01-01,RN-MAD-HI05,A,moda_belleza,Moda y Belleza,72379.01
2024-01-01,RN-MAD-HI05,A,hogar_electronica,"Hogar, Electrónica y Electrodomésticos",166112.72
2024-01-01,RN-MAD-HI05,A,alimentacion_hosteleria,Alimentación y Hostelería,596941.61
2024-01-01,RN-SEV-CV01,D,moda_belleza,Moda y Belleza,9076.87
2024-01-01,RN-SEV-CV01,D,hogar_electronica,"Hogar, Electrónica y Electrodomésticos",26577.85
2024-01-01,RN-SEV-CV01,D,alimentacion_hosteleria,Alimentación y Hostelería,87903.52
2024-01-01,RN-SEV-CV02,D,moda_belleza,Moda y Belleza,10954.59
2024-01-01,RN-SEV-CV02,D,hogar_electronica,"Hogar, Electrónica y Electrodomésticos",32075.97
2024-01-01,RN-SEV-CV02,D,alimentacion_hosteleria,Alimentación y Hostelería,106088.0
2024-01-01,RN-SEV-CV03,D,moda_belleza,Moda y Belleza,8632.73
2024-01-01,RN-SEV-CV03,D,hogar_electronica,"Hogar, Electrónica y Electrodomésticos",25277.36
2024-01-01,RN-SEV-CV03,D,alimentacion_hosteleria,Alimentación y Hostelería,83602.27
2024-01-01,RN-SEV-CV04,D,moda_belleza,Moda y Belleza,8516.59
2024-01-01,RN-SEV-CV04,D,hogar_electronica,"Hogar, Electrónica y Electrodomésticos",24937.29
2024-01-01,RN-SEV-CV04,D,alimentacion_hosteleria,Alimentación y Hostelería,82477.52
2024-01-01,RN-SEV-CV05,D,moda_belleza,Moda y Belleza,7829.57
2024-01-01,RN-SEV-CV05,D,hogar_electronica,"Hogar, Electrónica y Electrodomésticos",22925.64
2024-01-01,RN-SEV-CV05,D,alimentacion_hosteleria,Alimentación y Hostelería,75824.22
2024-01-01,RN-SEV-CV06,D,moda_belleza,Moda y Belleza,9112.51
2024-01-01,RN-SEV-CV06,D,hogar_electronica,"Hogar, Electrónica y Electrodomésticos",26682.19
2024-01-01,RN-SEV-CV06,D,alimentacion_hosteleria,Alimentación y Hostelería,88248.62
2024-01-01,RN-SEV-CV07,D,moda_belleza,Moda y Belleza,8873.21
2024-01-01,RN-SEV-CV07,D,hogar_electronica,"Hogar, Electrónica y Electrodomésticos",25981.52
2024-01-01,RN-SEV-CV07,D,alimentacion_hosteleria,Alimentación y Hostelería,85931.23
2024-01-01,RN-SEV-CV08,D,moda_belleza,Moda y Belleza,9776.1
2024-01-01,RN-SEV-CV08,D,hogar_electronica,"Hogar, Electrónica y Electrodomésticos",28625.25
2024-01-01,RN-SEV-CV08,D,alimentacion_hosteleria,Alimentación y Hostelería,94675.09
2024-01-01,RN-SEV-CV09,D,moda_belleza,Moda y Belleza,9842.53
2024-01-01,RN-SEV-CV09,D,hogar_electronica,"Hogar, Electrónica y Electrodomésticos",28819.77
2024-01-01,RN-SEV-CV09,D,alimentacion_hosteleria,Alimentación y Hostelería,95318.45
2024-01-01,RN-SEV-CV10,D,moda_belleza,Moda y Belleza,9668.77
2024-01-01,RN-SEV-CV10,D,hogar_electronica,"Hogar, Electrónica y Electrodomésticos",28310.98
2024-01-01,RN-SEV-CV10,D,alimentacion_hosteleria,Alimentación y Hostelería,93635.66
2024-01-01,RN-SEV-ES01,D,moda_belleza,Moda y Belleza,185459.64
2024-01-01,RN-SEV-ES01,D,hogar_electronica,"Hogar, Electrónica y Electrodomésticos",41139.52
2024-01-01,RN-SEV-ES01,D,alimentacion_hosteleria,Alimentación y Hostelería,2881.37
2024-01-01,RN-SEV-ES02,D,moda_belleza,Moda y Belleza,161663.86
2024-01-01,RN-SEV-ES02,D,hogar_electronica,"Hogar, Electrónica y Electrodomésticos",35861.03
2024-01-01,RN-SEV-ES02,D,alimentacion_hosteleria,Alimentación y Hostelería,2511.67
2024-01-01,RN-SEV-ES03,D,moda_belleza,Moda y Belleza,176927.06
2024-01-01,RN-SEV-ES03,D,hogar_electronica,"Hogar, Electrónica y Electrodomésticos",39246.78
2024-01-01,RN-SEV-ES03,D,alimentacion_hosteleria,Alimentación y Hostelería,2748.81
2024-01-01,RN-SEV-ES04,D,moda_belleza,Moda y Belleza,140485.4
2024-01-01,RN-SEV-ES04,D,hogar_electronica,"Hogar, Electrónica y Electrodomésticos",31163.12
2024-01-01,RN-SEV-ES04,D,alimentacion_hosteleria,Alimentación y Hostelería,2182.63
2024-01-01,RN-SEV-ES05,D,moda_belleza,Moda y Belleza,134258.96
2024-01-01,RN-SEV-ES05,D,hogar_electronica,"Hogar, Electrónica y Electrodomésticos",29781.94
2024-01-01,RN-SEV-ES05,D,alimentacion_hosteleria,Alimentación y Hostelería,2085.9
2024-01-01,RN-SEV-ES06,D,moda_belleza,Moda y Belleza,184401.98
2024-01-01,RN-SEV-ES06,D,hogar_electronica,"Hogar, Electrónica y Electrodomésticos",40904.9
2024-01-01,RN-SEV-ES06,D,alimentacion_hosteleria,Alimentación y Hostelería,2864.94
2024-01-01,RN-SEV-ES07,D,moda_belleza,Moda y Belleza,191344.82
2024-01-01,RN-SEV-ES07,D,hogar_electronica,"Hogar, Electrónica y Electrodomésticos",42444.99
2024-01-01,RN-SEV-ES07,D,alimentacion_hosteleria,Alimentación y Hostelería,2972.81
2024-01-01,RN-SEV-ES08,D,moda_belleza,Moda y Belleza,177545.94
2024-01-01,RN-SEV-ES08,D,hogar_electronica,"Hogar, Electrónica y Electrodomésticos",39384.06
2024-01-01,RN-SEV-ES08,D,alimentacion_hosteleria,Alimentación y Hostelería,2758.42
2024-01-01,RN-SEV-ES09,D,moda_belleza,Moda y Belleza,162940.34
2024-01-01,RN-SEV-ES09,D,hogar_electronica,"Hogar, Electrónica y Electrodomésticos",36144.18
2024-01-01,RN-SEV-ES09,D,alimentacion_hosteleria,Alimentación y Hostelería,2531.5
2024-01-01,RN-SEV-ES10,D,moda_belleza,Moda y Belleza,168785.8
2024-01-01,RN-SEV-ES10,D,hogar_electronica,"Hogar, Electrónica y Electrodomésticos",37440.85
2024-01-01,RN-SEV-ES10,D,alimentacion_hosteleria,Alimentación y Hostelería,2622.32
2024-01-01,RN-SEV-ES11,D,moda_belleza,Moda y Belleza,166072.82
2024-01-01,RN-SEV-ES11,D,hogar_electronica,"Hogar, Electrónica y Electrodomésticos",36839.04
2024-01-01,RN-SEV-ES11,D,alimentacion_hosteleria,Alimentación y Hostelería,2580.17
2024-01-01,RN-SEV-ES12,D,moda_belleza,Moda y Belleza,152144.03
2024-01-01,RN-SEV-ES12,D,hogar_electronica,"Hogar, Electrónica y Electrodomésticos",33749.29
2024-01-01,RN-SEV-ES12,D,alimentacion_hosteleria,Alimentación y Hostelería,2363.77
2024-01-01,RN-SEV-GA01,D,moda_belleza,Moda y Belleza,677811.74
2024-01-01,RN-SEV-GA01,D,hogar_electronica,"Hogar, Electrónica y Electrodomésticos",1093017.91
2024-01-01,RN-SEV-GA01,D,alimentacion_hosteleria,Alimentación y Hostelería,161166.09
2024-01-01,RN-SEV-HI01,D,moda_belleza,Moda y Belleza,45967.92
2024-01-01,RN-SEV-HI01,D,hogar_electronica,"Hogar, Electrónica y Electrodomésticos",157030.96
2024-01-01,RN-SEV-HI01,D,alimentacion_hosteleria,Alimentación y Hostelería,306381.01
2024-01-01,RN-SEV-HI02,D,moda_belleza,Moda y Belleza,49512.73
2024-01-01,RN-SEV-HI02,D,hogar_electronica,"Hogar, Electrónica y Electrodomésticos",169140.39
2024-01-01,RN-SEV-HI02,D,alimentacion_hosteleria,Alimentación y Hostelería,330007.57
2024-01-01,RN-SEV-HI03,D,moda_belleza,Moda y Belleza,43547.02
2024-01-01,RN-SEV-HI03,D,hogar_electronica,"Hogar, Electrónica y Electrodomésticos",148760.95
2024-01-01,RN-SEV-HI03,D,alimentacion_hosteleria,Alimentación y Hostelería,290245.51
2024-01-01,RN-SEV-HI04,D,moda_belleza,Moda y Belleza,56607.92
2024-01-01,RN-SEV-HI04,D,hogar_electronica,"Hogar, Electrónica y Electrodomésticos",193378.26
2024-01-01,RN-SEV-HI04,D,alimentacion_hosteleria,Alimentación y Hostelería,377297.74
2024-01-01,RN-VLC-CV01,C,moda_belleza,Moda y Belleza,6062.62
2024-01-01,RN-VLC-CV01,C,hogar_electronica,"Hogar, Electrónica y Electrodomésticos",12727.43
2024-01-01,RN-VLC-CV01,C,alimentacion_hosteleria,Alimentación y Hostelería,114966.41
2024-01-01,RN-VLC-CV02,C,moda_belleza,Moda y Belleza,6441.04
2024-01-01,RN-VLC-CV02,C,hogar_electronica,"Hogar, Electrónica y Electrodomésticos",13521.85
2024-01-01,RN-VLC-CV02,C,alimentacion_hosteleria,Alimentación y Hostelería,122142.38
2024-01-01,RN-VLC-CV03,C,moda_belleza,Moda y Belleza,7035.58
2024-01-01,RN-VLC-CV03,C,hogar_electronica,"Hogar, Electrónica y Electrodomésticos",14770.0
2024-01-01,RN-VLC-CV03,C,alimentacion_hosteleria,Alimentación y Hostelería,133416.85
2024-01-01,RN-VLC-CV04,C,moda_belleza,Moda y Belleza,5644.52
2024-01-01,RN-VLC-CV04,C,hogar_electronica,"Hogar, Electrónica y Electrodomésticos",11849.7
2024-01-01,RN-VLC-CV04,C,alimentacion_hosteleria,Alimentación y Hostelería,107037.85
2024-01-01,RN-VLC-CV05,C,moda_belleza,Moda y Belleza,4912.52
2024-01-01,RN-VLC-CV05,C,hogar_electronica,"Hogar, Electrónica y Electrodomésticos",10313.0
2024-01-01,RN-VLC-CV05,C,alimentacion_hosteleria,Alimentación y Hostelería,93156.88
2024-01-01,RN-VLC-CV06,C,moda_belleza,Moda y Belleza,7044.53
2024-01-01,RN-VLC-CV06,C,hogar_electronica,"Hogar, Electrónica y Electrodomésticos",14788.78
2024-01-01,RN-VLC-CV06,C,alimentacion_hosteleria,Alimentación y Hostelería,133586.43
2024-01-01,RN-VLC-CV07,C,moda_belleza,Moda y Belleza,5843.48
2024-01-01,RN-VLC-CV07,C,hogar_electronica,"Hogar, Electrónica y Electrodomésticos",12267.39
2024-01-01,RN-VLC-CV07,C,alimentacion_hosteleria,Alimentación y Hostelería,110810.89
2024-01-01,RN-VLC-CV08,C,moda_belleza,Moda y Belleza,5152.09
2024-01-01,RN-VLC-CV08,C,hogar_electronica,"Hogar, Electrónica y Electrodomésticos",10815.93
2024-01-01,RN-VLC-CV08,C,alimentacion_hosteleria,Alimentación y Hostelería,97699.89
2024-01-01,RN-VLC-CV09,C,moda_belleza,Moda y Belleza,5379.26
2024-01-01,RN-VLC-CV09,C,hogar_electronica,"Hogar, Electrónica y Electrodomésticos",11292.83
2024-01-01,RN-VLC-CV09,C,alimentacion_hosteleria,Alimentación y Hostelería,102007.68
2024-01-01,RN-VLC-ES01,C,moda_belleza,Moda y Belleza,191126.08
2024-01-01,RN-VLC-ES01,C,hogar_electronica,"Hogar, Electrónica y Electrodomésticos",30396.7
2024-01-01,RN-VLC-ES01,C,alimentacion_hosteleria,Alimentación y Hostelería,5814.47
2024-01-01,RN-VLC-ES02,C,moda_belleza,Moda y Belleza,140763.71
2024-01-01,RN-VLC-ES02,C,hogar_electronica,"Hogar, Electrónica y Electrodomésticos",22387.07
2024-01-01,RN-VLC-ES02,C,alimentacion_hosteleria,Alimentación y Hostelería,4282.34
2024-01-01,RN-VLC-ES03,C,moda_belleza,Moda y Belleza,161221.04
2024-01-01,RN-VLC-ES03,C,hogar_electronica,"Hogar, Electrónica y Electrodomésticos",25640.6
2024-01-01,RN-VLC-ES03,C,alimentacion_hosteleria,Alimentación y Hostelería,4904.69
2024-01-01,RN-VLC-ES04,C,moda_belleza,Moda y Belleza,177009.71
2024-01-01,RN-VLC-ES04,C,hogar_electronica,"Hogar, Electrónica y Electrodomésticos",28151.63
2024-01-01,RN-VLC-ES04,C,alimentacion_hosteleria,Alimentación y Hostelería,5385.02
2024-01-01,RN-VLC-ES05,C,moda_belleza,Moda y Belleza,172327.92
2024-01-01,RN-VLC-ES05,C,hogar_electronica,"Hogar, Electrónica y Electrodomésticos",27407.04
2024-01-01,RN-VLC-ES05,C,alimentacion_hosteleria,Alimentación y Hostelería,5242.59
2024-01-01,RN-VLC-ES06,C,moda_belleza,Moda y Belleza,139391.99
2024-01-01,RN-VLC-ES06,C,hogar_electronica,"Hogar, Electrónica y Electrodomésticos",22168.91
2024-01-01,RN-VLC-ES06,C,alimentacion_hosteleria,Alimentación y Hostelería,4240.61
2024-01-01,RN-VLC-ES07,C,moda_belleza,Moda y Belleza,165499.5
2024-01-01,RN-VLC-ES07,C,hogar_electronica,"Hogar, Electrónica y Electrodomésticos",26321.05
2024-01-01,RN-VLC-ES07,C,alimentacion_hosteleria,Alimentación y Hostelería,5034.85
2024-01-01,RN-VLC-ES08,C,moda_belleza,Moda y Belleza,193218.0
2024-01-01,RN-VLC-ES08,C,hogar_electronica,"Hogar, Electrónica y Electrodomésticos",30729.4
2024-01-01,RN-VLC-ES08,C,alimentacion_hosteleria,Alimentación y Hostelería,5878.11
2024-01-01,RN-VLC-ES09,C,moda_belleza,Moda y Belleza,169816.84
2024-01-01,RN-VLC-ES09,C,hogar_electronica,"Hogar, Electrónica y Electrodomésticos",27007.68
2024-01-01,RN-VLC-ES09,C,alimentacion_hosteleria,Alimentación y Hostelería,5166.2
2024-01-01,RN-VLC-ES10,C,moda_belleza,Moda y Belleza,150189.84
2024-01-01,RN-VLC-ES10,C,hogar_electronica,"Hogar, Electrónica y Electrodomésticos",23886.2
2024-01-01,RN-VLC-ES10,C,alimentacion_hosteleria,Alimentación y Hostelería,4569.1
2024-01-01,RN-VLC-GA01,C,moda_belleza,Moda y Belleza,1115429.73
2024-01-01,RN-VLC-GA01,C,hogar_electronica,"Hogar, Electrónica y Electrodomésticos",1289606.36
2024-01-01,RN-VLC-GA01,C,alimentacion_hosteleria,Alimentación y Hostelería,519334.57
2024-01-01,RN-VLC-HI01,C,moda_belleza,Moda y Belleza,42207.91
2024-01-01,RN-VLC-HI01,C,hogar_electronica,"Hogar, Electrónica y Electrodomésticos",103376.31
2024-01-01,RN-VLC-HI01,C,alimentacion_hosteleria,Alimentación y Hostelería,550860.06
2024-01-01,RN-VLC-HI02,C,moda_belleza,Moda y Belleza,46003.13
2024-01-01,RN-VLC-HI02,C,hogar_electronica,"Hogar, Electrónica y Electrodomésticos",112671.64
2024-01-01,RN-VLC-HI02,C,alimentacion_hosteleria,Alimentación y Hostelería,600391.94
2024-01-01,RN-VLC-HI03,C,moda_belleza,Moda y Belleza,47112.33
2024-01-01,RN-VLC-HI03,C,hogar_electronica,"Hogar, Electrónica y Electrodomésticos",115388.32
2024-01-01,RN-VLC-HI03,C,alimentacion_hosteleria,Alimentación y Hostelería,614868.28
2024-01-01,RN-VLC-HI04,C,moda_belleza,Moda y Belleza,40825.11
2024-01-01,RN-VLC-HI04,C,hogar_electronica,"Hogar, Electrónica y Electrodomésticos",99989.55
2024-01-01,RN-VLC-HI04,C,alimentacion_hosteleria,Alimentación y Hostelería,532813.05
2024-01-01,RN-VLC-HI05,C,moda_belleza,Moda y Belleza,43321.72
2024-01-01,RN-VLC-HI05,C,hogar_electronica,"Hogar, Electrónica y Electrodomésticos",106104.3
2024-01-01,RN-VLC-HI05,C,alimentacion_hosteleria,Alimentación y Hostelería,565396.63
2024-01-01,RN-VLC-HI06,C,moda_belleza,Moda y Belleza,41337.48
2024-01-01,RN-VLC-HI06,C,hogar_electronica,"Hogar, Electrónica y Electrodomésticos",101244.46
2024-01-01,RN-VLC-HI06,C,alimentacion_hosteleria,Alimentación y Hostelería,539500.1
2024-01-01,RN-VLC-HI07,C,moda_belleza,Moda y Belleza,33101.09
2024-01-01,RN-VLC-HI07,C,hogar_electronica,"Hogar, Electrónica y Electrodomésticos",81071.75
2024-01-01,RN-VLC-HI07,C,alimentacion_hosteleria,Alimentación y Hostelería,432006.02
2024-02-01,RN-BCN-CV01,B,moda_belleza,Moda y Belleza,8786.61
2024-02-01,RN-BCN-CV01,B,hogar_electronica,"Hogar, Electrónica y Electrodomésticos",19417.37
2024-02-01,RN-BCN-CV01,B,alimentacion_hosteleria,Alimentación y Hostelería,109190.72
2024-02-01,RN-BCN-CV02,B,moda_belleza,Moda y Belleza,9427.02
2024-02-01,RN-BCN-CV02,B,hogar_electronica,"Hogar, Electrónica y Electrodomésticos",20832.59
2024-02-01,RN-BCN-CV02,B,alimentacion_hosteleria,Alimentación y Hostelería,117149.0
2024-02-01,RN-BCN-CV03,B,moda_belleza,Moda y Belleza,10393.63
2024-02-01,RN-BCN-CV03,B,hogar_electronica,"Hogar, Electrónica y Electrodomésticos",22968.68
2024-02-01,RN-BCN-CV03,B,alimentacion_hosteleria,Alimentación y Hostelería,129161.03
2024-02-01,RN-BCN-CV04,B,moda_belleza,Moda y Belleza,7542.47
2024-02-01,RN-BCN-CV04,B,hogar_electronica,"Hogar, Electrónica y Electrodomésticos",16667.96
2024-02-01,RN-BCN-CV04,B,alimentacion_hosteleria,Alimentación y Hostelería,93729.86
2024-02-01,RN-BCN-CV05,B,moda_belleza,Moda y Belleza,7778.59
2024-02-01,RN-BCN-CV05,B,hogar_electronica,"Hogar, Electrónica y Electrodomésticos",17189.76
2024-02-01,RN-BCN-CV05,B,alimentacion_hosteleria,Alimentación y Hostelería,96664.12
2024-02-01,RN-BCN-CV06,B,moda_belleza,Moda y Belleza,8319.55
2024-02-01,RN-BCN-CV06,B,hogar_electronica,"Hogar, Electrónica y Electrodomésticos",18385.21
2024-02-01,RN-BCN-CV06,B,alimentacion_hosteleria,Alimentación y Hostelería,103386.53
2024-02-01,RN-BCN-CV07,B,moda_belleza,Moda y Belleza,8519.39
2024-02-01,RN-BCN-CV07,B,hogar_electronica,"Hogar, Electrónica y Electrodomésticos",18826.85
2024-02-01,RN-BCN-CV07,B,alimentacion_hosteleria,Alimentación y Hostelería,105870.01
2024-02-01,RN-BCN-CV08,B,moda_belleza,Moda y Belleza,8481.74
2024-02-01,RN-BCN-CV08,B,hogar_electronica,"Hogar, Electrónica y Electrodomésticos",18743.63
2024-02-01,RN-BCN-CV08,B,alimentacion_hosteleria,Alimentación y Hostelería,105402.08
2024-02-01,RN-BCN-ES01,B,moda_belleza,Moda y Belleza,157965.18
2024-02-01,RN-BCN-ES01,B,hogar_electronica,"Hogar, Electrónica y Electrodomésticos",26445.78
2024-02-01,RN-BCN-ES01,B,alimentacion_hosteleria,Alimentación y Hostelería,3149.24
2024-02-01,RN-BCN-ES02,B,moda_belleza,Moda y Belleza,179036.35
2024-02-01,RN-BCN-ES02,B,hogar_electronica,"Hogar, Electrónica y Electrodomésticos",29973.41
2024-02-01,RN-BCN-ES02,B,alimentacion_hosteleria,Alimentación y Hostelería,3569.32
2024-02-01,RN-BCN-ES03,B,moda_belleza,Moda y Belleza,183844.45
2024-02-01,RN-BCN-ES03,B,hogar_electronica,"Hogar, Electrónica y Electrodomésticos",30778.36
2024-02-01,RN-BCN-ES03,B,alimentacion_hosteleria,Alimentación y Hostelería,3665.17
2024-02-01,RN-BCN-ES04,B,moda_belleza,Moda y Belleza,178431.34
2024-02-01,RN-BCN-ES04,B,hogar_electronica,"Hogar, Electrónica y Electrodomésticos",29872.12
2024-02-01,RN-BCN-ES04,B,alimentacion_hosteleria,Alimentación y Hostelería,3557.26
2024-02-01,RN-BCN-ES05,B,moda_belleza,Moda y Belleza,183877.82
2024-02-01,RN-BCN-ES05,B,hogar_electronica,"Hogar, Electrónica y Electrodomésticos",30783.95
2024-02-01,RN-BCN-ES05,B,alimentacion_hosteleria,Alimentación y Hostelería,3665.84
2024-02-01,RN-BCN-ES06,B,moda_belleza,Moda y Belleza,186392.74
2024-02-01,RN-BCN-ES06,B,hogar_electronica,"Hogar, Electrónica y Electrodomésticos",31204.98
2024-02-01,RN-BCN-ES06,B,alimentacion_hosteleria,Alimentación y Hostelería,3715.98
2024-02-01,RN-BCN-ES07,B,moda_belleza,Moda y Belleza,185860.51
2024-02-01,RN-BCN-ES07,B,hogar_electronica,"Hogar, Electrónica y Electrodomésticos",31115.88
2024-02-01,RN-BCN-ES07,B,alimentacion_hosteleria,Alimentación y Hostelería,3705.37
2024-02-01,RN-BCN-ES08,B,moda_belleza,Moda y Belleza,145606.56
2024-02-01,RN-BCN-ES08,B,hogar_electronica,"Hogar, Electrónica y Electrodomésticos",24376.76
2024-02-01,RN-BCN-ES08,B,alimentacion_hosteleria,Alimentación y Hostelería,2902.85
2024-02-01,RN-BCN-ES09,B,moda_belleza,Moda y Belleza,186523.13
2024-02-01,RN-BCN-ES09,B,hogar_electronica,"Hogar, Electrónica y Electrodomésticos",31226.81
2024-02-01,RN-BCN-ES09,B,alimentacion_hosteleria,Alimentación y Hostelería,3718.58
2024-02-01,RN-BCN-ES10,B,moda_belleza,Moda y Belleza,173201.36
2024-02-01,RN-BCN-ES10,B,hogar_electronica,"Hogar, Electrónica y Electrodomésticos",28996.54
2024-02-01,RN-BCN-ES10,B,alimentacion_hosteleria,Alimentación y Hostelería,3452.99
2024-02-01,RN-BCN-ES11,B,moda_belleza,Moda y Belleza,185869.26
2024-02-01,RN-BCN-ES11,B,hogar_electronica,"Hogar, Electrónica y Electrodomésticos",31117.34
2024-02-01,RN-BCN-ES11,B,alimentacion_hosteleria,Alimentación y Hostelería,3705.54
2024-02-01,RN-BCN-ES12,B,moda_belleza,Moda y Belleza,161290.15
2024-02-01,RN-BCN-ES12,B,hogar_electronica,"Hogar, Electrónica y Electrodomésticos",27002.43
2024-02-01,RN-BCN-ES12,B,alimentacion_hosteleria,Alimentación y Hostelería,3215.52
2024-02-01,RN-BCN-ES13,B,moda_belleza,Moda y Belleza,186718.53
2024-02-01,RN-BCN-ES13,B,hogar_electronica,"Hogar, Electrónica y Electrodomésticos",31259.53
2024-02-01,RN-BCN-ES13,B,alimentacion_hosteleria,Alimentación y Hostelería,3722.47
2024-02-01,RN-BCN-ES14,B,moda_belleza,Moda y Belleza,207184.51
2024-02-01,RN-BCN-ES14,B,hogar_electronica,"Hogar, Electrónica y Electrodomésticos",34685.84
2024-02-01,RN-BCN-ES14,B,alimentacion_hosteleria,Alimentación y Hostelería,4130.49
2024-02-01,RN-BCN-GA01,B,moda_belleza,Moda y Belleza,1229666.6
2024-02-01,RN-BCN-GA01,B,hogar_electronica,"Hogar, Electrónica y Electrodomésticos",1496548.38
2024-02-01,RN-BCN-GA01,B,alimentacion_hosteleria,Alimentación y Hostelería,375185.59
2024-02-01,RN-BCN-GA02,B,moda_belleza,Moda y Belleza,1432988.18
2024-02-01,RN-BCN-GA02,B,hogar_electronica,"Hogar, Electrónica y Electrodomésticos",1743998.04
2024-02-01,RN-BCN-GA02,B,alimentacion_hosteleria,Alimentación y Hostelería,437221.36
2024-02-01,RN-BCN-HI01,B,moda_belleza,Moda y Belleza,46558.9
2024-02-01,RN-BCN-HI01,B,hogar_electronica,"Hogar, Electrónica y Electrodomésticos",120037.91
2024-02-01,RN-BCN-HI01,B,alimentacion_hosteleria,Alimentación y Hostelería,398202.49
2024-02-01,RN-BCN-HI02,B,moda_belleza,Moda y Belleza,69516.75
2024-02-01,RN-BCN-HI02,B,hogar_electronica,"Hogar, Electrónica y Electrodomésticos",179227.7
2024-02-01,RN-BCN-HI02,B,alimentacion_hosteleria,Alimentación y Hostelería,594553.17
2024-02-01,RN-BCN-HI03,B,moda_belleza,Moda y Belleza,46688.9
2024-02-01,RN-BCN-HI03,B,hogar_electronica,"Hogar, Electrónica y Electrodomésticos",120373.07
2024-02-01,RN-BCN-HI03,B,alimentacion_hosteleria,Alimentación y Hostelería,399314.33
2024-02-01,RN-BCN-HI04,B,moda_belleza,Moda y Belleza,59201.79
2024-02-01,RN-BCN-HI04,B,hogar_electronica,"Hogar, Electrónica y Electrodomésticos",152633.74
2024-02-01,RN-BCN-HI04,B,alimentacion_hosteleria,Alimentación y Hostelería,506332.85
2024-02-01,RN-BIO-CV01,E,moda_belleza,Moda y Belleza,8786.95
2024-02-01,RN-BIO-CV01,E,hogar_electronica,"Hogar, Electrónica y Electrodomésticos",23359.29
2024-02-01,RN-BIO-CV01,E,alimentacion_hosteleria,Alimentación y Hostelería,118021.2
2024-02-01,RN-BIO-CV02,E,moda_belleza,Moda y Belleza,8601.38
2024-02-01,RN-BIO-CV02,E,hogar_electronica,"Hogar, Electrónica y Electrodomésticos",22865.96
2024-02-01,RN-BIO-CV02,E,alimentacion_hosteleria,Alimentación y Hostelería,115528.68
2024-02-01,RN-BIO-CV03,E,moda_belleza,Moda y Belleza,8179.77
2024-02-01,RN-BIO-CV03,E,hogar_electronica,"Hogar, Electrónica y Electrodomésticos",21745.17
2024-02-01,RN-BIO-CV03,E,alimentacion_hosteleria,Alimentación y Hostelería,109865.96
2024-02-01,RN-BIO-CV04,E,moda_belleza,Moda y Belleza,9096.96
2024-02-01,RN-BIO-CV04,E,hogar_electronica,"Hogar, Electrónica y Electrodomésticos",24183.43
2024-02-01,RN-BIO-CV04,E,alimentacion_hosteleria,Alimentación y Hostelería,122185.07
2024-02-01,RN-BIO-ES01,E,moda_belleza,Moda y Belleza,158043.16
2024-02-01,RN-BIO-ES01,E,hogar_electronica,"Hogar, Electrónica y Electrodomésticos",31829.02
2024-02-01,RN-BIO-ES01,E,alimentacion_hosteleria,Alimentación y Hostelería,3405.47
2024-02-01,RN-BIO-ES02,E,moda_belleza,Moda y Belleza,144356.53
2024-02-01,RN-BIO-ES02,E,hogar_electronica,"Hogar, Electrónica y Electrodomésticos",29072.61
2024-02-01,RN-BIO-ES02,E,alimentacion_hosteleria,Alimentación y Hostelería,3110.56
2024-02-01,RN-BIO-ES03,E,moda_belleza,Moda y Belleza,208581.91
2024-02-01,RN-BIO-ES03,E,hogar_electronica,"Hogar, Electrónica y Electrodomésticos",42007.25
2024-02-01,RN-BIO-ES03,E,alimentacion_hosteleria,Alimentación y Hostelería,4494.47
2024-02-01,RN-BIO-ES04,E,moda_belleza,Moda y Belleza,187956.57
2024-02-01,RN-BIO-ES04,E,hogar_electronica,"Hogar, Electrónica y Electrodomésticos",37853.42
2024-02-01,RN-BIO-ES04,E,alimentacion_hosteleria,Alimentación y Hostelería,4050.04
2024-02-01,RN-BIO-ES05,E,moda_belleza,Moda y Belleza,179568.21
2024-02-01,RN-BIO-ES05,E,hogar_electronica,"Hogar, Electrónica y Electrodomésticos",36164.05
2024-02-01,RN-BIO-ES05,E,alimentacion_hosteleria,Alimentación y Hostelería,3869.29
2024-02-01,RN-BIO-ES06,E,moda_belleza,Moda y Belleza,208233.0
2024-02-01,RN-BIO-ES06,E,hogar_electronica,"Hogar, Electrónica y Electrodomésticos",41936.98
2024-02-01,RN-BIO-ES06,E,alimentacion_hosteleria,Alimentación y Hostelería,4486.95
2024-02-01,RN-BIO-ES07,E,moda_belleza,Moda y Belleza,178498.61
2024-02-01,RN-BIO-ES07,E,hogar_electronica,"Hogar, Electrónica y Electrodomésticos",35948.64
2024-02-01,RN-BIO-ES07,E,alimentacion_hosteleria,Alimentación y Hostelería,3846.24
2024-02-01,RN-BIO-GA01,E,moda_belleza,Moda y Belleza,820374.27
2024-02-01,RN-BIO-GA01,E,hogar_electronica,"Hogar, Electrónica y Electrodomésticos",1201069.28
2024-02-01,RN-BIO-GA01,E,alimentacion_hosteleria,Alimentación y Hostelería,270538.05
2024-02-01,RN-BIO-HI01,E,moda_belleza,Moda y Belleza,53337.27
2024-02-01,RN-BIO-HI01,E,hogar_electronica,"Hogar, Electrónica y Electrodomésticos",165424.23
2024-02-01,RN-BIO-HI01,E,alimentacion_hosteleria,Alimentación y Hostelería,493048.46
2024-02-01,RN-BIO-HI02,E,moda_belleza,Moda y Belleza,42148.63
2024-02-01,RN-BIO-HI02,E,hogar_electronica,"Hogar, Electrónica y Electrodomésticos",130722.92
2024-02-01,RN-BIO-HI02,E,alimentacion_hosteleria,Alimentación y Hostelería,389620.87
2024-02-01,RN-MAD-CV01,A,moda_belleza,Moda y Belleza,8860.88
2024-02-01,RN-MAD-CV01,A,hogar_electronica,"Hogar, Electrónica y Electrodomésticos",17430.91
2024-02-01,RN-MAD-CV01,A,alimentacion_hosteleria,Alimentación y Hostelería,106183.97
2024-02-01,RN-MAD-CV02,A,moda_belleza,Moda y Belleza,9569.47
2024-02-01,RN-MAD-CV02,A,hogar_electronica,"Hogar, Electrónica y Electrodomésticos",18824.85
2024-02-01,RN-MAD-CV02,A,alimentacion_hosteleria,Alimentación y Hostelería,114675.39
2024-02-01,RN-MAD-CV03,A,moda_belleza,Moda y Belleza,8810.86
2024-02-01,RN-MAD-CV03,A,hogar_electronica,"Hogar, Electrónica y Electrodomésticos",17332.53
2024-02-01,RN-MAD-CV03,A,alimentacion_hosteleria,Alimentación y Hostelería,105584.62
2024-02-01,RN-MAD-CV04,A,moda_belleza,Moda y Belleza,10397.58
2024-02-01,RN-MAD-CV04,A,hogar_electronica,"Hogar, Electrónica y Electrodomésticos",20453.87
2024-02-01,RN-MAD-CV04,A,alimentacion_hosteleria,Alimentación y Hostelería,124598.95
2024-02-01,RN-MAD-CV05,A,moda_belleza,Moda y Belleza,7828.88
2024-02-01,RN-MAD-CV05,A,hogar_electronica,"Hogar, Electrónica y Electrodomésticos",15400.79
2024-02-01,RN-MAD-CV05,A,alimentacion_hosteleria,Alimentación y Hostelería,93817.04
2024-02-01,RN-MAD-CV06,A,moda_belleza,Moda y Belleza,9035.69
2024-02-01,RN-MAD-CV06,A,hogar_electronica,"Hogar, Electrónica y Electrodomésticos",17774.81
2024-02-01,RN-MAD-CV06,A,alimentacion_hosteleria,Alimentación y Hostelería,108278.89
2024-02-01,RN-MAD-CV07,A,moda_belleza,Moda y Belleza,8579.5
2024-02-01,RN-MAD-CV07,A,hogar_electronica,"Hogar, Electrónica y Electrodomésticos",16877.39
2024-02-01,RN-MAD-CV07,A,alimentacion_hosteleria,Alimentación y Hostelería,102812.06
2024-02-01,RN-MAD-CV08,A,moda_belleza,Moda y Belleza,10417.87
2024-02-01,RN-MAD-CV08,A,hogar_electronica,"Hogar, Electrónica y Electrodomésticos",20493.8
2024-02-01,RN-MAD-CV08,A,alimentacion_hosteleria,Alimentación y Hostelería,124842.14
2024-02-01,RN-MAD-CV09,A,moda_belleza,Moda y Belleza,10647.22
2024-02-01,RN-MAD-CV09,A,hogar_electronica,"Hogar, Electrónica y Electrodomésticos",20944.96
2024-02-01,RN-MAD-CV09,A,alimentacion_hosteleria,Alimentación y Hostelería,127590.5
2024-02-01,RN-MAD-CV10,A,moda_belleza,Moda y Belleza,9956.72
2024-02-01,RN-MAD-CV10,A,hogar_electronica,"Hogar, Electrónica y Electrodomésticos",19586.63
2024-02-01,RN-MAD-CV10,A,alimentacion_hosteleria,Alimentación y Hostelería,119315.94
2024-02-01,RN-MAD-ES01,A,moda_belleza,Moda y Belleza,234232.58
2024-02-01,RN-MAD-ES01,A,hogar_electronica,"Hogar, Electrónica y Electrodomésticos",34907.35
2024-02-01,RN-MAD-ES01,A,alimentacion_hosteleria,Alimentación y Hostelería,4503.08
2024-02-01,RN-MAD-ES02,A,moda_belleza,Moda y Belleza,164776.15
2024-02-01,RN-MAD-ES02,A,hogar_electronica,"Hogar, Electrónica y Electrodomésticos",24556.36
2024-02-01,RN-MAD-ES02,A,alimentacion_hosteleria,Alimentación y Hostelería,3167.79
2024-02-01,RN-MAD-ES03,A,moda_belleza,Moda y Belleza,199886.66
2024-02-01,RN-MAD-ES03,A,hogar_electronica,"Hogar, Electrónica y Electrodomésticos",29788.83
2024-02-01,RN-MAD-ES03,A,alimentacion_hosteleria,Alimentación y Hostelería,3842.78
2024-02-01,RN-MAD-ES04,A,moda_belleza,Moda y Belleza,201196.36
2024-02-01,RN-MAD-ES04,A,hogar_electronica,"Hogar, Electrónica y Electrodomésticos",29984.01
2024-02-01,RN-MAD-ES04,A,alimentacion_hosteleria,Alimentación y Hostelería,3867.96
2024-02-01,RN-MAD-ES05,A,moda_belleza,Moda y Belleza,181459.74
2024-02-01,RN-MAD-ES05,A,hogar_electronica,"Hogar, Electrónica y Electrodomésticos",27042.69
2024-02-01,RN-MAD-ES05,A,alimentacion_hosteleria,Alimentación y Hostelería,3488.53
2024-02-01,RN-MAD-ES06,A,moda_belleza,Moda y Belleza,210183.56
2024-02-01,RN-MAD-ES06,A,hogar_electronica,"Hogar, Electrónica y Electrodomésticos",31323.36
2024-02-01,RN-MAD-ES06,A,alimentacion_hosteleria,Alimentación y Hostelería,4040.74
2024-02-01,RN-MAD-ES07,A,moda_belleza,Moda y Belleza,211035.73
2024-02-01,RN-MAD-ES07,A,hogar_electronica,"Hogar, Electrónica y Electrodomésticos",31450.36
2024-02-01,RN-MAD-ES07,A,alimentacion_hosteleria,Alimentación y Hostelería,4057.12
2024-02-01,RN-MAD-ES08,A,moda_belleza,Moda y Belleza,215847.73
2024-02-01,RN-MAD-ES08,A,hogar_electronica,"Hogar, Electrónica y Electrodomésticos",32167.48
2024-02-01,RN-MAD-ES08,A,alimentacion_hosteleria,Alimentación y Hostelería,4149.63
2024-02-01,RN-MAD-ES09,A,moda_belleza,Moda y Belleza,199890.74
2024-02-01,RN-MAD-ES09,A,hogar_electronica,"Hogar, Electrónica y Electrodomésticos",29789.43
2024-02-01,RN-MAD-ES09,A,alimentacion_hosteleria,Alimentación y Hostelería,3842.86
2024-02-01,RN-MAD-ES10,A,moda_belleza,Moda y Belleza,207149.85
2024-02-01,RN-MAD-ES10,A,hogar_electronica,"Hogar, Electrónica y Electrodomésticos",30871.25
2024-02-01,RN-MAD-ES10,A,alimentacion_hosteleria,Alimentación y Hostelería,3982.42
2024-02-01,RN-MAD-ES11,A,moda_belleza,Moda y Belleza,169368.24
2024-02-01,RN-MAD-ES11,A,hogar_electronica,"Hogar, Electrónica y Electrodomésticos",25240.71
2024-02-01,RN-MAD-ES11,A,alimentacion_hosteleria,Alimentación y Hostelería,3256.07
2024-02-01,RN-MAD-ES12,A,moda_belleza,Moda y Belleza,208945.78
2024-02-01,RN-MAD-ES12,A,hogar_electronica,"Hogar, Electrónica y Electrodomésticos",31138.89
2024-02-01,RN-MAD-ES12,A,alimentacion_hosteleria,Alimentación y Hostelería,4016.94
2024-02-01,RN-MAD-ES13,A,moda_belleza,Moda y Belleza,206243.75
2024-02-01,RN-MAD-ES13,A,hogar_electronica,"Hogar, Electrónica y Electrodomésticos",30736.21
2024-02-01,RN-MAD-ES13,A,alimentacion_hosteleria,Alimentación y Hostelería,3965.0
2024-02-01,RN-MAD-ES14,A,moda_belleza,Moda y Belleza,168117.8
2024-02-01,RN-MAD-ES14,A,hogar_electronica,"Hogar, Electrónica y Electrodomésticos",25054.36
2024-02-01,RN-MAD-ES14,A,alimentacion_hosteleria,Alimentación y Hostelería,3232.03
2024-02-01,RN-MAD-ES15,A,moda_belleza,Moda y Belleza,182893.72
2024-02-01,RN-MAD-ES15,A,hogar_electronica,"Hogar, Electrónica y Electrodomésticos",27256.39
2024-02-01,RN-MAD-ES15,A,alimentacion_hosteleria,Alimentación y Hostelería,3516.1
2024-02-01,RN-MAD-ES16,A,moda_belleza,Moda y Belleza,186191.09
2024-02-01,RN-MAD-ES16,A,hogar_electronica,"Hogar, Electrónica y Electrodomésticos",27747.79
2024-02-01,RN-MAD-ES16,A,alimentacion_hosteleria,Alimentación y Hostelería,3579.49
2024-02-01,RN-MAD-ES17,A,moda_belleza,Moda y Belleza,201013.88
2024-02-01,RN-MAD-ES17,A,hogar_electronica,"Hogar, Electrónica y Electrodomésticos",29956.81
2024-02-01,RN-MAD-ES17,A,alimentacion_hosteleria,Alimentación y Hostelería,3864.45
2024-02-01,RN-MAD-ES18,A,moda_belleza,Moda y Belleza,217224.16
2024-02-01,RN-MAD-ES18,A,hogar_electronica,"Hogar, Electrónica y Electrodomésticos",32372.61
2024-02-01,RN-MAD-ES18,A,alimentacion_hosteleria,Alimentación y Hostelería,4176.09
2024-02-01,RN-MAD-ES19,A,moda_belleza,Moda y Belleza,206737.68
2024-02-01,RN-MAD-ES19,A,hogar_electronica,"Hogar, Electrónica y Electrodomésticos",30809.82
2024-02-01,RN-MAD-ES19,A,alimentacion_hosteleria,Alimentación y Hostelería,3974.49
2024-02-01,RN-MAD-ES20,A,moda_belleza,Moda y Belleza,192538.68
2024-02-01,RN-MAD-ES20,A,hogar_electronica,"Hogar, Electrónica y Electrodomésticos",28693.77
2024-02-01,RN-MAD-ES20,A,alimentacion_hosteleria,Alimentación y Hostelería,3701.52
2024-02-01,RN-MAD-GA01,A,moda_belleza,Moda y Belleza,1831992.97
2024-02-01,RN-MAD-GA01,A,hogar_electronica,"Hogar, Electrónica y Electrodomésticos",1984731.69
2024-02-01,RN-MAD-GA01,A,alimentacion_hosteleria,Alimentación y Hostelería,539014.66
2024-02-01,RN-MAD-GA02,A,moda_belleza,Moda y Belleza,1212751.67
2024-02-01,RN-MAD-GA02,A,hogar_electronica,"Hogar, Electrónica y Electrodomésticos",1313862.4
2024-02-01,RN-MAD-GA02,A,alimentacion_hosteleria,Alimentación y Hostelería,356819.56
2024-02-01,RN-MAD-GA03,A,moda_belleza,Moda y Belleza,1432415.02
2024-02-01,RN-MAD-GA03,A,hogar_electronica,"Hogar, Electrónica y Electrodomésticos",1551839.73
2024-02-01,RN-MAD-GA03,A,alimentacion_hosteleria,Alimentación y Hostelería,421449.59
2024-02-01,RN-MAD-HI01,A,moda_belleza,Moda y Belleza,63280.94
2024-02-01,RN-MAD-HI01,A,hogar_electronica,"Hogar, Electrónica y Electrodomésticos",145232.29
2024-02-01,RN-MAD-HI01,A,alimentacion_hosteleria,Alimentación y Hostelería,521905.81
2024-02-01,RN-MAD-HI02,A,moda_belleza,Moda y Belleza,54520.37
2024-02-01,RN-MAD-HI02,A,hogar_electronica,"Hogar, Electrónica y Electrodomésticos",125126.44
2024-02-01,RN-MAD-HI02,A,alimentacion_hosteleria,Alimentación y Hostelería,449653.56
2024-02-01,RN-MAD-HI03,A,moda_belleza,Moda y Belleza,61871.12
2024-02-01,RN-MAD-HI03,A,hogar_electronica,"Hogar, Electrónica y Electrodomésticos",141996.7
2024-02-01,RN-MAD-HI03,A,alimentacion_hosteleria,Alimentación y Hostelería,510278.41
2024-02-01,RN-MAD-HI04,A,moda_belleza,Moda y Belleza,66204.83
2024-02-01,RN-MAD-HI04,A,hogar_electronica,"Hogar, Electrónica y Electrodomésticos",151942.74
2024-02-01,RN-MAD-HI04,A,alimentacion_hosteleria,Alimentación y Hostelería,546020.44
2024-02-01,RN-MAD-HI05,A,moda_belleza,Moda y Belleza,66304.08
2024-02-01,RN-MAD-HI05,A,hogar_electronica,"Hogar, Electrónica y Electrodomésticos",152170.53
2024-02-01,RN-MAD-HI05,A,alimentacion_hosteleria,Alimentación y Hostelería,546839.03
2024-02-01,RN-SEV-CV01,D,moda_belleza,Moda y Belleza,8434.52
2024-02-01,RN-SEV-CV01,D,hogar_electronica,"Hogar, Electrónica y Electrodomésticos",24697.0
2024-02-01,RN-SEV-CV01,D,alimentacion_hosteleria,Alimentación y Hostelería,81682.8
2024-02-01,RN-SEV-CV02,D,moda_belleza,Moda y Belleza,9922.25
2024-02-01,RN-SEV-CV02,D,hogar_electronica,"Hogar, Electrónica y Electrodomésticos",29053.19
2024-02-01,RN-SEV-CV02,D,alimentacion_hosteleria,Alimentación y Hostelería,96090.46
2024-02-01,RN-SEV-CV03,D,moda_belleza,Moda y Belleza,7672.83
2024-02-01,RN-SEV-CV03,D,hogar_electronica,"Hogar, Electrónica y Electrodomésticos",22466.71
2024-02-01,RN-SEV-CV03,D,alimentacion_hosteleria,Alimentación y Hostelería,74306.35
2024-02-01,RN-SEV-CV04,D,moda_belleza,Moda y Belleza,7442.93
2024-02-01,RN-SEV-CV04,D,hogar_electronica,"Hogar, Electrónica y Electrodomésticos",21793.53
2024-02-01,RN-SEV-CV04,D,alimentacion_hosteleria,Alimentación y Hostelería,72079.87
2024-02-01,RN-SEV-CV05,D,moda_belleza,Moda y Belleza,7101.19
2024-02-01,RN-SEV-CV05,D,hogar_electronica,"Hogar, Electrónica y Electrodomésticos",20792.89
2024-02-01,RN-SEV-CV05,D,alimentacion_hosteleria,Alimentación y Hostelería,68770.37
2024-02-01,RN-SEV-CV06,D,moda_belleza,Moda y Belleza,8121.97
2024-02-01,RN-SEV-CV06,D,hogar_electronica,"Hogar, Electrónica y Electrodomésticos",23781.82
2024-02-01,RN-SEV-CV06,D,alimentacion_hosteleria,Alimentación y Hostelería,78655.92
2024-02-01,RN-SEV-CV07,D,moda_belleza,Moda y Belleza,8194.89
2024-02-01,RN-SEV-CV07,D,hogar_electronica,"Hogar, Electrónica y Electrodomésticos",23995.33
2024-02-01,RN-SEV-CV07,D,alimentacion_hosteleria,Alimentación y Hostelería,79362.11
2024-02-01,RN-SEV-CV08,D,moda_belleza,Moda y Belleza,9173.47
2024-02-01,RN-SEV-CV08,D,hogar_electronica,"Hogar, Electrónica y Electrodomésticos",26860.71
2024-02-01,RN-SEV-CV08,D,alimentacion_hosteleria,Alimentación y Hostelería,88839.05
2024-02-01,RN-SEV-CV09,D,moda_belleza,Moda y Belleza,8847.44
2024-02-01,RN-SEV-CV09,D,hogar_electronica,"Hogar, Electrónica y Electrodomésticos",25906.05
2024-02-01,RN-SEV-CV09,D,alimentacion_hosteleria,Alimentación y Hostelería,85681.61
2024-02-01,RN-SEV-CV10,D,moda_belleza,Moda y Belleza,8750.35
2024-02-01,RN-SEV-CV10,D,hogar_electronica,"Hogar, Electrónica y Electrodomésticos",25621.78
2024-02-01,RN-SEV-CV10,D,alimentacion_hosteleria,Alimentación y Hostelería,84741.41
2024-02-01,RN-SEV-ES01,D,moda_belleza,Moda y Belleza,160941.19
2024-02-01,RN-SEV-ES01,D,hogar_electronica,"Hogar, Electrónica y Electrodomésticos",35700.72
2024-02-01,RN-SEV-ES01,D,alimentacion_hosteleria,Alimentación y Hostelería,2500.44
2024-02-01,RN-SEV-ES02,D,moda_belleza,Moda y Belleza,141555.97
2024-02-01,RN-SEV-ES02,D,hogar_electronica,"Hogar, Electrónica y Electrodomésticos",31400.6
2024-02-01,RN-SEV-ES02,D,alimentacion_hosteleria,Alimentación y Hostelería,2199.27
2024-02-01,RN-SEV-ES03,D,moda_belleza,Moda y Belleza,152635.79
2024-02-01,RN-SEV-ES03,D,hogar_electronica,"Hogar, Electrónica y Electrodomésticos",33858.38
2024-02-01,RN-SEV-ES03,D,alimentacion_hosteleria,Alimentación y Hostelería,2371.41
2024-02-01,RN-SEV-ES04,D,moda_belleza,Moda y Belleza,127788.19
2024-02-01,RN-SEV-ES04,D,hogar_electronica,"Hogar, Electrónica y Electrodomésticos",28346.57
2024-02-01,RN-SEV-ES04,D,alimentacion_hosteleria,Alimentación y Hostelería,1985.37
2024-02-01,RN-SEV-ES05,D,moda_belleza,Moda y Belleza,119548.68
2024-02-01,RN-SEV-ES05,D,hogar_electronica,"Hogar, Electrónica y Electrodomésticos",26518.84
2024-02-01,RN-SEV-ES05,D,alimentacion_hosteleria,Alimentación y Hostelería,1857.35
2024-02-01,RN-SEV-ES06,D,moda_belleza,Moda y Belleza,162722.31
2024-02-01,RN-SEV-ES06,D,hogar_electronica,"Hogar, Electrónica y Electrodomésticos",36095.82
2024-02-01,RN-SEV-ES06,D,alimentacion_hosteleria,Alimentación y Hostelería,2528.12
2024-02-01,RN-SEV-ES07,D,moda_belleza,Moda y Belleza,159787.83
2024-02-01,RN-SEV-ES07,D,hogar_electronica,"Hogar, Electrónica y Electrodomésticos",35444.88
2024-02-01,RN-SEV-ES07,D,alimentacion_hosteleria,Alimentación y Hostelería,2482.52
2024-02-01,RN-SEV-ES08,D,moda_belleza,Moda y Belleza,152558.27
2024-02-01,RN-SEV-ES08,D,hogar_electronica,"Hogar, Electrónica y Electrodomésticos",33841.18
2024-02-01,RN-SEV-ES08,D,alimentacion_hosteleria,Alimentación y Hostelería,2370.2
2024-02-01,RN-SEV-ES09,D,moda_belleza,Moda y Belleza,146610.71
2024-02-01,RN-SEV-ES09,D,hogar_electronica,"Hogar, Electrónica y Electrodomésticos",32521.87
2024-02-01,RN-SEV-ES09,D,alimentacion_hosteleria,Alimentación y Hostelería,2277.8
2024-02-01,RN-SEV-ES10,D,moda_belleza,Moda y Belleza,145040.02
2024-02-01,RN-SEV-ES10,D,hogar_electronica,"Hogar, Electrónica y Electrodomésticos",32173.45
2024-02-01,RN-SEV-ES10,D,alimentacion_hosteleria,Alimentación y Hostelería,2253.4
2024-02-01,RN-SEV-ES11,D,moda_belleza,Moda y Belleza,145804.98
2024-02-01,RN-SEV-ES11,D,hogar_electronica,"Hogar, Electrónica y Electrodomésticos",32343.14
2024-02-01,RN-SEV-ES11,D,alimentacion_hosteleria,Alimentación y Hostelería,2265.28
2024-02-01,RN-SEV-ES12,D,moda_belleza,Moda y Belleza,129376.52
2024-02-01,RN-SEV-ES12,D,hogar_electronica,"Hogar, Electrónica y Electrodomésticos",28698.9
2024-02-01,RN-SEV-ES12,D,alimentacion_hosteleria,Alimentación y Hostelería,2010.04
2024-02-01,RN-SEV-GA01,D,moda_belleza,Moda y Belleza,583193.13
2024-02-01,RN-SEV-GA01,D,hogar_electronica,"Hogar, Electrónica y Electrodomésticos",940438.91
2024-02-01,RN-SEV-GA01,D,alimentacion_hosteleria,Alimentación y Hostelería,138668.23
2024-02-01,RN-SEV-HI01,D,moda_belleza,Moda y Belleza,40274.01
2024-02-01,RN-SEV-HI01,D,hogar_electronica,"Hogar, Electrónica y Electrodomésticos",137580.03
2024-02-01,RN-SEV-HI01,D,alimentacion_hosteleria,Alimentación y Hostelería,268430.56
2024-02-01,RN-SEV-HI02,D,moda_belleza,Moda y Belleza,45024.82
2024-02-01,RN-SEV-HI02,D,hogar_electronica,"Hogar, Electrónica y Electrodomésticos",153809.27
2024-02-01,RN-SEV-HI02,D,alimentacion_hosteleria,Alimentación y Hostelería,300095.21
2024-02-01,RN-SEV-HI03,D,moda_belleza,Moda y Belleza,41027.65
2024-02-01,RN-SEV-HI03,D,hogar_electronica,"Hogar, Electrónica y Electrodomésticos",140154.51
2024-02-01,RN-SEV-HI03,D,alimentacion_hosteleria,Alimentación y Hostelería,273453.59
2024-02-01,RN-SEV-HI04,D,moda_belleza,Moda y Belleza,52861.55
2024-02-01,RN-SEV-HI04,D,hogar_electronica,"Hogar, Electrónica y Electrodomésticos",180580.3
2024-02-01,RN-SEV-HI04,D,alimentacion_hosteleria,Alimentación y Hostelería,352327.81
2024-02-01,RN-VLC-CV01,C,moda_belleza,Moda y Belleza,5700.98
2024-02-01,RN-VLC-CV01,C,hogar_electronica,"Hogar, Electrónica y Electrodomésticos",11968.24
2024-02-01,RN-VLC-CV01,C,alimentacion_hosteleria,Alimentación y Hostelería,108108.62
2024-02-01,RN-VLC-CV02,C,moda_belleza,Moda y Belleza,5715.88
2024-02-01,RN-VLC-CV02,C,hogar_electronica,"Hogar, Electrónica y Electrodomésticos",11999.52
2024-02-01,RN-VLC-CV02,C,alimentacion_hosteleria,Alimentación y Hostelería,108391.15
2024-02-01,RN-VLC-CV03,C,moda_belleza,Moda y Belleza,6365.99
2024-02-01,RN-VLC-CV03,C,hogar_electronica,"Hogar, Electrónica y Electrodomésticos",13364.31
2024-02-01,RN-VLC-CV03,C,alimentacion_hosteleria,Alimentación y Hostelería,120719.3
2024-02-01,RN-VLC-CV04,C,moda_belleza,Moda y Belleza,5432.82
2024-02-01,RN-VLC-CV04,C,hogar_electronica,"Hogar, Electrónica y Electrodomésticos",11405.28
2024-02-01,RN-VLC-CV04,C,alimentacion_hosteleria,Alimentación y Hostelería,103023.41
2024-02-01,RN-VLC-CV05,C,moda_belleza,Moda y Belleza,4517.84
2024-02-01,RN-VLC-CV05,C,hogar_electronica,"Hogar, Electrónica y Electrodomésticos",9484.43
2024-02-01,RN-VLC-CV05,C,alimentacion_hosteleria,Alimentación y Hostelería,85672.49
2024-02-01,RN-VLC-CV06,C,moda_belleza,Moda y Belleza,6380.26
2024-02-01,RN-VLC-CV06,C,hogar_electronica,"Hogar, Electrónica y Electrodomésticos",13394.25
2024-02-01,RN-VLC-CV06,C,alimentacion_hosteleria,Alimentación y Hostelería,120989.75
2024-02-01,RN-VLC-CV07,C,moda_belleza,Moda y Belleza,5270.45
2024-02-01,RN-VLC-CV07,C,hogar_electronica,"Hogar, Electrónica y Electrodomésticos",11064.41
2024-02-01,RN-VLC-CV07,C,alimentacion_hosteleria,Alimentación y Hostelería,99944.41
2024-02-01,RN-VLC-CV08,C,moda_belleza,Moda y Belleza,4629.87
2024-02-01,RN-VLC-CV08,C,hogar_electronica,"Hogar, Electrónica y Electrodomésticos",9719.62
2024-02-01,RN-VLC-CV08,C,alimentacion_hosteleria,Alimentación y Hostelería,87796.94
2024-02-01,RN-VLC-CV09,C,moda_belleza,Moda y Belleza,4859.0
2024-02-01,RN-VLC-CV09,C,hogar_electronica,"Hogar, Electrónica y Electrodomésticos",10200.63
2024-02-01,RN-VLC-CV09,C,alimentacion_hosteleria,Alimentación y Hostelería,92141.88
2024-02-01,RN-VLC-ES01,C,moda_belleza,Moda y Belleza,162895.2
2024-02-01,RN-VLC-ES01,C,hogar_electronica,"Hogar, Electrónica y Electrodomésticos",25906.86
2024-02-01,RN-VLC-ES01,C,alimentacion_hosteleria,Alimentación y Hostelería,4955.63
2024-02-01,RN-VLC-ES02,C,moda_belleza,Moda y Belleza,120095.61
2024-02-01,RN-VLC-ES02,C,hogar_electronica,"Hogar, Electrónica y Electrodomésticos",19100.01
2024-02-01,RN-VLC-ES02,C,alimentacion_hosteleria,Alimentación y Hostelería,3653.57
2024-02-01,RN-VLC-ES03,C,moda_belleza,Moda y Belleza,142205.68
2024-02-01,RN-VLC-ES03,C,hogar_electronica,"Hogar, Electrónica y Electrodomésticos",22616.4
2024-02-01,RN-VLC-ES03,C,alimentacion_hosteleria,Alimentación y Hostelería,4326.21
2024-02-01,RN-VLC-ES04,C,moda_belleza,Moda y Belleza,154137.46
2024-02-01,RN-VLC-ES04,C,hogar_electronica,"Hogar, Electrónica y Electrodomésticos",24514.03
2024-02-01,RN-VLC-ES04,C,alimentacion_hosteleria,Alimentación y Hostelería,4689.2
2024-02-01,RN-VLC-ES05,C,moda_belleza,Moda y Belleza,148178.3
2024-02-01,RN-VLC-ES05,C,hogar_electronica,"Hogar, Electrónica y Electrodomésticos",23566.28
2024-02-01,RN-VLC-ES05,C,alimentacion_hosteleria,Alimentación y Hostelería,4507.91
2024-02-01,RN-VLC-ES06,C,moda_belleza,Moda y Belleza,119243.26
2024-02-01,RN-VLC-ES06,C,hogar_electronica,"Hogar, Electrónica y Electrodomésticos",18964.45
2024-02-01,RN-VLC-ES06,C,alimentacion_hosteleria,Alimentación y Hostelería,3627.64
2024-02-01,RN-VLC-ES07,C,moda_belleza,Moda y Belleza,141623.6
2024-02-01,RN-VLC-ES07,C,hogar_electronica,"Hogar, Electrónica y Electrodomésticos",22523.82
2024-02-01,RN-VLC-ES07,C,alimentacion_hosteleria,Alimentación y Hostelería,4308.5
2024-02-01,RN-VLC-ES08,C,moda_belleza,Moda y Belleza,168018.64
2024-02-01,RN-VLC-ES08,C,hogar_electronica,"Hogar, Electrónica y Electrodomésticos",26721.69
2024-02-01,RN-VLC-ES08,C,alimentacion_hosteleria,Alimentación y Hostelería,5111.49
2024-02-01,RN-VLC-ES09,C,moda_belleza,Moda y Belleza,149555.33
2024-02-01,RN-VLC-ES09,C,hogar_electronica,"Hogar, Electrónica y Electrodomésticos",23785.29
2024-02-01,RN-VLC-ES09,C,alimentacion_hosteleria,Alimentación y Hostelería,4549.8
2024-02-01,RN-VLC-ES10,C,moda_belleza,Moda y Belleza,126453.27
2024-02-01,RN-VLC-ES10,C,hogar_electronica,"Hogar, Electrónica y Electrodomésticos",20111.14
2024-02-01,RN-VLC-ES10,C,alimentacion_hosteleria,Alimentación y Hostelería,3846.98
2024-02-01,RN-VLC-GA01,C,moda_belleza,Moda y Belleza,1006786.26
2024-02-01,RN-VLC-GA01,C,hogar_electronica,"Hogar, Electrónica y Electrodomésticos",1163997.99
2024-02-01,RN-VLC-GA01,C,alimentacion_hosteleria,Alimentación y Hostelería,468751.1
2024-02-01,RN-VLC-HI01,C,moda_belleza,Moda y Belleza,38653.16
2024-02-01,RN-VLC-HI01,C,hogar_electronica,"Hogar, Electrónica y Electrodomésticos",94669.97
2024-02-01,RN-VLC-HI01,C,alimentacion_hosteleria,Alimentación y Hostelería,504466.67
2024-02-01,RN-VLC-HI02,C,moda_belleza,Moda y Belleza,39686.62
2024-02-01,RN-VLC-HI02,C,hogar_electronica,"Hogar, Electrónica y Electrodomésticos",97201.15
2024-02-01,RN-VLC-HI02,C,alimentacion_hosteleria,Alimentación y Hostelería,517954.53
2024-02-01,RN-VLC-HI03,C,moda_belleza,Moda y Belleza,43870.71
2024-02-01,RN-VLC-HI03,C,hogar_electronica,"Hogar, Electrónica y Electrodomésticos",107448.88
2024-02-01,RN-VLC-HI03,C,alimentacion_hosteleria,Alimentación y Hostelería,572561.5
2024-02-01,RN-VLC-HI04,C,moda_belleza,Moda y Belleza,37900.76
2024-02-01,RN-VLC-HI04,C,hogar_electronica,"Hogar, Electrónica y Electrodomésticos",92827.18
2024-02-01,RN-VLC-HI04,C,alimentacion_hosteleria,Alimentación y Hostelería,494647.04
2024-02-01,RN-VLC-HI05,C,moda_belleza,Moda y Belleza,39959.23
2024-02-01,RN-VLC-HI05,C,hogar_electronica,"Hogar, Electrónica y Electrodomésticos",97868.81
2024-02-01,RN-VLC-HI05,C,alimentacion_hosteleria,Alimentación y Hostelería,521512.3
2024-02-01,RN-VLC-HI06,C,moda_belleza,Moda y Belleza,38787.56
2024-02-01,RN-VLC-HI06,C,hogar_electronica,"Hogar, Electrónica y Electrodomésticos",94999.14
2024-02-01,RN-VLC-HI06,C,alimentacion_hosteleria,Alimentación y Hostelería,506220.72
2024-02-01,RN-VLC-HI07,C,moda_belleza,Moda y Belleza,31176.51
2024-02-01,RN-VLC-HI07,C,hogar_electronica,"Hogar, Electrónica y Electrodomésticos",76358.03
2024-02-01,RN-VLC-HI07,C,alimentacion_hosteleria,Alimentación y Hostelería,406888.1
2024-03-01,RN-BCN-CV01,B,moda_belleza,Moda y Belleza,10788.59
2024-03-01,RN-BCN-CV01,B,hogar_electronica,"Hogar, Electrónica y Electrodomésticos",23841.51
2024-03-01,RN-BCN-CV01,B,alimentacion_hosteleria,Alimentación y Hostelería,134069.24
2024-03-01,RN-BCN-CV02,B,moda_belleza,Moda y Belleza,11900.23
2024-03-01,RN-BCN-CV02,B,hogar_electronica,"Hogar, Electrónica y Electrodomésticos",26298.09
2024-03-01,RN-BCN-CV02,B,alimentacion_hosteleria,Alimentación y Hostelería,147883.48
2024-03-01,RN-BCN-CV03,B,moda_belleza,Moda y Belleza,12262.47
2024-03-01,RN-BCN-CV03,B,hogar_electronica,"Hogar, Electrónica y Electrodomésticos",27098.59
2024-03-01,RN-BCN-CV03,B,alimentacion_hosteleria,Alimentación y Hostelería,152384.98
2024-03-01,RN-BCN-CV04,B,moda_belleza,Moda y Belleza,9461.27
2024-03-01,RN-BCN-CV04,B,hogar_electronica,"Hogar, Electrónica y Electrodomésticos",20908.28
2024-03-01,RN-BCN-CV04,B,alimentacion_hosteleria,Alimentación y Hostelería,117574.68
2024-03-01,RN-BCN-CV05,B,moda_belleza,Moda y Belleza,10181.77
2024-03-01,RN-BCN-CV05,B,hogar_electronica,"Hogar, Electrónica y Electrodomésticos",22500.51
2024-03-01,RN-BCN-CV05,B,alimentacion_hosteleria,Alimentación y Hostelería,126528.33
2024-03-01,RN-BCN-CV06,B,moda_belleza,Moda y Belleza,10533.1
2024-03-01,RN-BCN-CV06,B,hogar_electronica,"Hogar, Electrónica y Electrodomésticos",23276.89
2024-03-01,RN-BCN-CV06,B,alimentacion_hosteleria,Alimentación y Hostelería,130894.17
2024-03-01,RN-BCN-CV07,B,moda_belleza,Moda y Belleza,10451.23
2024-03-01,RN-BCN-CV07,B,hogar_electronica,"Hogar, Electrónica y Electrodomésticos",23095.97
2024-03-01,RN-BCN-CV07,B,alimentacion_hosteleria,Alimentación y Hostelería,129876.8
2024-03-01,RN-BCN-CV08,B,moda_belleza,Moda y Belleza,10896.3
2024-03-01,RN-BCN-CV08,B,hogar_electronica,"Hogar, Electrónica y Electrodomésticos",24079.52
2024-03-01,RN-BCN-CV08,B,alimentacion_hosteleria,Alimentación y Hostelería,135407.69
2024-03-01,RN-BCN-ES01,B,moda_belleza,Moda y Belleza,184662.06
2024-03-01,RN-BCN-ES01,B,hogar_electronica,"Hogar, Electrónica y Electrodomésticos",30915.24
2024-03-01,RN-BCN-ES01,B,alimentacion_hosteleria,Alimentación y Hostelería,3681.47
2024-03-01,RN-BCN-ES02,B,moda_belleza,Moda y Belleza,208326.49
2024-03-01,RN-BCN-ES02,B,hogar_electronica,"Hogar, Electrónica y Electrodomésticos",34877.03
2024-03-01,RN-BCN-ES02,B,alimentacion_hosteleria,Alimentación y Hostelería,4153.25
2024-03-01,RN-BCN-ES03,B,moda_belleza,Moda y Belleza,213330.74
2024-03-01,RN-BCN-ES03,B,hogar_electronica,"Hogar, Electrónica y Electrodomésticos",35714.81
2024-03-01,RN-BCN-ES03,B,alimentacion_hosteleria,Alimentación y Hostelería,4253.02
2024-03-01,RN-BCN-ES04,B,moda_belleza,Moda y Belleza,201482.83
2024-03-01,RN-BCN-ES04,B,hogar_electronica,"Hogar, Electrónica y Electrodomésticos",33731.29
2024-03-01,RN-BCN-ES04,B,alimentacion_hosteleria,Alimentación y Hostelería,4016.82
2024-03-01,RN-BCN-ES05,B,moda_belleza,Moda y Belleza,218136.28
2024-03-01,RN-BCN-ES05,B,hogar_electronica,"Hogar, Electrónica y Electrodomésticos",36519.33
2024-03-01,RN-BCN-ES05,B,alimentacion_hosteleria,Alimentación y Hostelería,4348.82
2024-03-01,RN-BCN-ES06,B,moda_belleza,Moda y Belleza,214876.72
2024-03-01,RN-BCN-ES06,B,hogar_electronica,"Hogar, Electrónica y Electrodomésticos",35973.63
2024-03-01,RN-BCN-ES06,B,alimentacion_hosteleria,Alimentación y Hostelería,4283.84
2024-03-01,RN-BCN-ES07,B,moda_belleza,Moda y Belleza,214279.67
2024-03-01,RN-BCN-ES07,B,hogar_electronica,"Hogar, Electrónica y Electrodomésticos",35873.68
2024-03-01,RN-BCN-ES07,B,alimentacion_hosteleria,Alimentación y Hostelería,4271.94
2024-03-01,RN-BCN-ES08,B,moda_belleza,Moda y Belleza,166161.39
2024-03-01,RN-BCN-ES08,B,hogar_electronica,"Hogar, Electrónica y Electrodomésticos",27817.95
2024-03-01,RN-BCN-ES08,B,alimentacion_hosteleria,Alimentación y Hostelería,3312.64
2024-03-01,RN-BCN-ES09,B,moda_belleza,Moda y Belleza,216999.76
2024-03-01,RN-BCN-ES09,B,hogar_electronica,"Hogar, Electrónica y Electrodomésticos",36329.06
2024-03-01,RN-BCN-ES09,B,alimentacion_hosteleria,Alimentación y Hostelería,4326.17
2024-03-01,RN-BCN-ES10,B,moda_belleza,Moda y Belleza,203875.31
2024-03-01,RN-BCN-ES10,B,hogar_electronica,"Hogar, Electrónica y Electrodomésticos",34131.83
2024-03-01,RN-BCN-ES10,B,alimentacion_hosteleria,Alimentación y Hostelería,4064.51
2024-03-01,RN-BCN-ES11,B,moda_belleza,Moda y Belleza,209177.24
2024-03-01,RN-BCN-ES11,B,hogar_electronica,"Hogar, Electrónica y Electrodomésticos",35019.45
2024-03-01,RN-BCN-ES11,B,alimentacion_hosteleria,Alimentación y Hostelería,4170.21
2024-03-01,RN-BCN-ES12,B,moda_belleza,Moda y Belleza,179257.62
2024-03-01,RN-BCN-ES12,B,hogar_electronica,"Hogar, Electrónica y Electrodomésticos",30010.45
2024-03-01,RN-BCN-ES12,B,alimentacion_hosteleria,Alimentación y Hostelería,3573.73
2024-03-01,RN-BCN-ES13,B,moda_belleza,Moda y Belleza,220788.73
2024-03-01,RN-BCN-ES13,B,hogar_electronica,"Hogar, Electrónica y Electrodomésticos",36963.39
2024-03-01,RN-BCN-ES13,B,alimentacion_hosteleria,Alimentación y Hostelería,4401.7
2024-03-01,RN-BCN-ES14,B,moda_belleza,Moda y Belleza,228756.5
2024-03-01,RN-BCN-ES14,B,hogar_electronica,"Hogar, Electrónica y Electrodomésticos",38297.32
2024-03-01,RN-BCN-ES14,B,alimentacion_hosteleria,Alimentación y Hostelería,4560.55
2024-03-01,RN-BCN-GA01,B,moda_belleza,Moda y Belleza,1459526.12
2024-03-01,RN-BCN-GA01,B,hogar_electronica,"Hogar, Electrónica y Electrodomésticos",1776295.67
2024-03-01,RN-BCN-GA01,B,alimentacion_hosteleria,Alimentación y Hostelería,445318.4
2024-03-01,RN-BCN-GA02,B,moda_belleza,Moda y Belleza,1728270.41
2024-03-01,RN-BCN-GA02,B,hogar_electronica,"Hogar, Electrónica y Electrodomésticos",2103367.12
2024-03-01,RN-BCN-GA02,B,alimentacion_hosteleria,Alimentación y Hostelería,527315.41
2024-03-01,RN-BCN-HI01,B,moda_belleza,Moda y Belleza,58302.31
2024-03-01,RN-BCN-HI01,B,hogar_electronica,"Hogar, Electrónica y Electrodomésticos",150314.69
2024-03-01,RN-BCN-HI01,B,alimentacion_hosteleria,Alimentación y Hostelería,498639.85
2024-03-01,RN-BCN-HI02,B,moda_belleza,Moda y Belleza,89129.41
2024-03-01,RN-BCN-HI02,B,hogar_electronica,"Hogar, Electrónica y Electrodomésticos",229792.94
2024-03-01,RN-BCN-HI02,B,alimentacion_hosteleria,Alimentación y Hostelería,762293.55
2024-03-01,RN-BCN-HI03,B,moda_belleza,Moda y Belleza,59466.84
2024-03-01,RN-BCN-HI03,B,hogar_electronica,"Hogar, Electrónica y Electrodomésticos",153317.08
2024-03-01,RN-BCN-HI03,B,alimentacion_hosteleria,Alimentación y Hostelería,508599.71
2024-03-01,RN-BCN-HI04,B,moda_belleza,Moda y Belleza,72461.16
2024-03-01,RN-BCN-HI04,B,hogar_electronica,"Hogar, Electrónica y Electrodomésticos",186818.96
2024-03-01,RN-BCN-HI04,B,alimentacion_hosteleria,Alimentación y Hostelería,619735.69
2024-03-01,RN-BIO-CV01,E,moda_belleza,Moda y Belleza,10692.78
2024-03-01,RN-BIO-CV01,E,hogar_electronica,"Hogar, Electrónica y Electrodomésticos",28425.77
2024-03-01,RN-BIO-CV01,E,alimentacion_hosteleria,Alimentación y Hostelería,143619.23
2024-03-01,RN-BIO-CV02,E,moda_belleza,Moda y Belleza,9995.58
2024-03-01,RN-BIO-CV02,E,hogar_electronica,"Hogar, Electrónica y Electrodomésticos",26572.33
2024-03-01,RN-BIO-CV02,E,alimentacion_hosteleria,Alimentación y Hostelería,134254.85
2024-03-01,RN-BIO-CV03,E,moda_belleza,Moda y Belleza,9884.94
2024-03-01,RN-BIO-CV03,E,hogar_electronica,"Hogar, Electrónica y Electrodomésticos",26278.2
2024-03-01,RN-BIO-CV03,E,alimentacion_hosteleria,Alimentación y Hostelería,132768.78
2024-03-01,RN-BIO-CV04,E,moda_belleza,Moda y Belleza,11374.91
2024-03-01,RN-BIO-CV04,E,hogar_electronica,"Hogar, Electrónica y Electrodomésticos",30239.14
2024-03-01,RN-BIO-CV04,E,alimentacion_hosteleria,Alimentación y Hostelería,152781.13
2024-03-01,RN-BIO-ES01,E,moda_belleza,Moda y Belleza,183476.83
2024-03-01,RN-BIO-ES01,E,hogar_electronica,"Hogar, Electrónica y Electrodomésticos",36951.22
2024-03-01,RN-BIO-ES01,E,alimentacion_hosteleria,Alimentación y Hostelería,3953.51
2024-03-01,RN-BIO-ES02,E,moda_belleza,Moda y Belleza,167567.47
2024-03-01,RN-BIO-ES02,E,hogar_electronica,"Hogar, Electrónica y Electrodomésticos",33747.17
2024-03-01,RN-BIO-ES02,E,alimentacion_hosteleria,Alimentación y Hostelería,3610.7
2024-03-01,RN-BIO-ES03,E,moda_belleza,Moda y Belleza,246935.09
2024-03-01,RN-BIO-ES03,E,hogar_electronica,"Hogar, Electrónica y Electrodomésticos",49731.37
2024-03-01,RN-BIO-ES03,E,alimentacion_hosteleria,Alimentación y Hostelería,5320.89
2024-03-01,RN-BIO-ES04,E,moda_belleza,Moda y Belleza,215336.13
2024-03-01,RN-BIO-ES04,E,hogar_electronica,"Hogar, Electrónica y Electrodomésticos",43367.51
2024-03-01,RN-BIO-ES04,E,alimentacion_hosteleria,Alimentación y Hostelería,4640.0
2024-03-01,RN-BIO-ES05,E,moda_belleza,Moda y Belleza,200792.39
2024-03-01,RN-BIO-ES05,E,hogar_electronica,"Hogar, Electrónica y Electrodomésticos",40438.48
2024-03-01,RN-BIO-ES05,E,alimentacion_hosteleria,Alimentación y Hostelería,4326.62
2024-03-01,RN-BIO-ES06,E,moda_belleza,Moda y Belleza,239380.39
2024-03-01,RN-BIO-ES06,E,hogar_electronica,"Hogar, Electrónica y Electrodomésticos",48209.89
2024-03-01,RN-BIO-ES06,E,alimentacion_hosteleria,Alimentación y Hostelería,5158.1
2024-03-01,RN-BIO-ES07,E,moda_belleza,Moda y Belleza,199355.44
2024-03-01,RN-BIO-ES07,E,hogar_electronica,"Hogar, Electrónica y Electrodomésticos",40149.09
2024-03-01,RN-BIO-ES07,E,alimentacion_hosteleria,Alimentación y Hostelería,4295.66
2024-03-01,RN-BIO-GA01,E,moda_belleza,Moda y Belleza,1006845.4
2024-03-01,RN-BIO-GA01,E,hogar_electronica,"Hogar, Electrónica y Electrodomésticos",1474072.41
2024-03-01,RN-BIO-GA01,E,alimentacion_hosteleria,Alimentación y Hostelería,332031.37
2024-03-01,RN-BIO-HI01,E,moda_belleza,Moda y Belleza,68658.02
2024-03-01,RN-BIO-HI01,E,hogar_electronica,"Hogar, Electrónica y Electrodomésticos",212941.15
2024-03-01,RN-BIO-HI01,E,alimentacion_hosteleria,Alimentación y Hostelería,634673.06
2024-03-01,RN-BIO-HI02,E,moda_belleza,Moda y Belleza,50726.36
2024-03-01,RN-BIO-HI02,E,hogar_electronica,"Hogar, Electrónica y Electrodomésticos",157326.53
2024-03-01,RN-BIO-HI02,E,alimentacion_hosteleria,Alimentación y Hostelería,468913.19
2024-03-01,RN-MAD-CV01,A,moda_belleza,Moda y Belleza,11033.56
2024-03-01,RN-MAD-CV01,A,hogar_electronica,"Hogar, Electrónica y Electrodomésticos",21704.97
2024-03-01,RN-MAD-CV01,A,alimentacion_hosteleria,Alimentación y Hostelería,132220.25
2024-03-01,RN-MAD-CV02,A,moda_belleza,Moda y Belleza,11574.29
2024-03-01,RN-MAD-CV02,A,hogar_electronica,"Hogar, Electrónica y Electrodomésticos",22768.67
2024-03-01,RN-MAD-CV02,A,alimentacion_hosteleria,Alimentación y Hostelería,138700.01
2024-03-01,RN-MAD-CV03,A,moda_belleza,Moda y Belleza,10778.65
2024-03-01,RN-MAD-CV03,A,hogar_electronica,"Hogar, Electrónica y Electrodomésticos",21203.52
2024-03-01,RN-MAD-CV03,A,alimentacion_hosteleria,Alimentación y Hostelería,129165.56
2024-03-01,RN-MAD-CV04,A,moda_belleza,Moda y Belleza,12837.75
2024-03-01,RN-MAD-CV04,A,hogar_electronica,"Hogar, Electrónica y Electrodomésticos",25254.12
2024-03-01,RN-MAD-CV04,A,alimentacion_hosteleria,Alimentación y Hostelería,153840.66
2024-03-01,RN-MAD-CV05,A,moda_belleza,Moda y Belleza,9665.89
2024-03-01,RN-MAD-CV05,A,hogar_electronica,"Hogar, Electrónica y Electrodomésticos",19014.53
2024-03-01,RN-MAD-CV05,A,alimentacion_hosteleria,Alimentación y Hostelería,115830.88
2024-03-01,RN-MAD-CV06,A,moda_belleza,Moda y Belleza,11067.54
2024-03-01,RN-MAD-CV06,A,hogar_electronica,"Hogar, Electrónica y Electrodomésticos",21771.81
2024-03-01,RN-MAD-CV06,A,alimentacion_hosteleria,Alimentación y Hostelería,132627.42
2024-03-01,RN-MAD-CV07,A,moda_belleza,Moda y Belleza,10673.63
2024-03-01,RN-MAD-CV07,A,hogar_electronica,"Hogar, Electrónica y Electrodomésticos",20996.92
2024-03-01,RN-MAD-CV07,A,alimentacion_hosteleria,Alimentación y Hostelería,127907.0
2024-03-01,RN-MAD-CV08,A,moda_belleza,Moda y Belleza,13021.21
2024-03-01,RN-MAD-CV08,A,hogar_electronica,"Hogar, Electrónica y Electrodomésticos",25615.03
2024-03-01,RN-MAD-CV08,A,alimentacion_hosteleria,Alimentación y Hostelería,156039.21
2024-03-01,RN-MAD-CV09,A,moda_belleza,Moda y Belleza,13167.71
2024-03-01,RN-MAD-CV09,A,hogar_electronica,"Hogar, Electrónica y Electrodomésticos",25903.22
2024-03-01,RN-MAD-CV09,A,alimentacion_hosteleria,Alimentación y Hostelería,157794.77
2024-03-01,RN-MAD-CV10,A,moda_belleza,Moda y Belleza,12517.94
2024-03-01,RN-MAD-CV10,A,hogar_electronica,"Hogar, Electrónica y Electrodomésticos",24625.01
2024-03-01,RN-MAD-CV10,A,alimentacion_hosteleria,Alimentación y Hostelería,150008.28
2024-03-01,RN-MAD-ES01,A,moda_belleza,Moda y Belleza,275001.73
2024-03-01,RN-MAD-ES01,A,hogar_electronica,"Hogar, Electrónica y Electrodomésticos",40983.12
2024-03-01,RN-MAD-ES01,A,alimentacion_hosteleria,Alimentación y Hostelería,5286.85
2024-03-01,RN-MAD-ES02,A,moda_belleza,Moda y Belleza,186455.18
2024-03-01,RN-MAD-ES02,A,hogar_electronica,"Hogar, Electrónica y Electrodomésticos",27787.15
2024-03-01,RN-MAD-ES02,A,alimentacion_hosteleria,Alimentación y Hostelería,3584.56
2024-03-01,RN-MAD-ES03,A,moda_belleza,Moda y Belleza,230868.41
2024-03-01,RN-MAD-ES03,A,hogar_electronica,"Hogar, Electrónica y Electrodomésticos",34405.99
2024-03-01,RN-MAD-ES03,A,alimentacion_hosteleria,Alimentación y Hostelería,4438.4
2024-03-01,RN-MAD-ES04,A,moda_belleza,Moda y Belleza,234755.85
2024-03-01,RN-MAD-ES04,A,hogar_electronica,"Hogar, Electrónica y Electrodomésticos",34985.33
2024-03-01,RN-MAD-ES04,A,alimentacion_hosteleria,Alimentación y Hostelería,4513.14
2024-03-01,RN-MAD-ES05,A,moda_belleza,Moda y Belleza,204439.21
2024-03-01,RN-MAD-ES05,A,hogar_electronica,"Hogar, Electrónica y Electrodomésticos",30467.29
2024-03-01,RN-MAD-ES05,A,alimentacion_hosteleria,Alimentación y Hostelería,3930.3
2024-03-01,RN-MAD-ES06,A,moda_belleza,Moda y Belleza,235267.53
2024-03-01,RN-MAD-ES06,A,hogar_electronica,"Hogar, Electrónica y Electrodomésticos",35061.59
2024-03-01,RN-MAD-ES06,A,alimentacion_hosteleria,Alimentación y Hostelería,4522.97
2024-03-01,RN-MAD-ES07,A,moda_belleza,Moda y Belleza,243144.97
2024-03-01,RN-MAD-ES07,A,hogar_electronica,"Hogar, Electrónica y Electrodomésticos",36235.55
2024-03-01,RN-MAD-ES07,A,alimentacion_hosteleria,Alimentación y Hostelería,4674.41
2024-03-01,RN-MAD-ES08,A,moda_belleza,Moda y Belleza,237371.48
2024-03-01,RN-MAD-ES08,A,hogar_electronica,"Hogar, Electrónica y Electrodomésticos",35375.14
2024-03-01,RN-MAD-ES08,A,alimentacion_hosteleria,Alimentación y Hostelería,4563.42
2024-03-01,RN-MAD-ES09,A,moda_belleza,Moda y Belleza,221157.06
2024-03-01,RN-MAD-ES09,A,hogar_electronica,"Hogar, Electrónica y Electrodomésticos",32958.72
2024-03-01,RN-MAD-ES09,A,alimentacion_hosteleria,Alimentación y Hostelería,4251.7
2024-03-01,RN-MAD-ES10,A,moda_belleza,Moda y Belleza,241039.55
2024-03-01,RN-MAD-ES10,A,hogar_electronica,"Hogar, Electrónica y Electrodomésticos",35921.78
2024-03-01,RN-MAD-ES10,A,alimentacion_hosteleria,Alimentación y Hostelería,4633.94
2024-03-01,RN-MAD-ES11,A,moda_belleza,Moda y Belleza,194052.4
2024-03-01,RN-MAD-ES11,A,hogar_electronica,"Hogar, Electrónica y Electrodomésticos",28919.35
2024-03-01,RN-MAD-ES11,A,alimentacion_hosteleria,Alimentación y Hostelería,3730.62
2024-03-01,RN-MAD-ES12,A,moda_belleza,Moda y Belleza,251092.57
2024-03-01,RN-MAD-ES12,A,hogar_electronica,"Hogar, Electrónica y Electrodomésticos",37419.97
2024-03-01,RN-MAD-ES12,A,alimentacion_hosteleria,Alimentación y Hostelería,4827.21
2024-03-01,RN-MAD-ES13,A,moda_belleza,Moda y Belleza,224542.37
2024-03-01,RN-MAD-ES13,A,hogar_electronica,"Hogar, Electrónica y Electrodomésticos",33463.23
2024-03-01,RN-MAD-ES13,A,alimentacion_hosteleria,Alimentación y Hostelería,4316.78
2024-03-01,RN-MAD-ES14,A,moda_belleza,Moda y Belleza,188207.13
2024-03-01,RN-MAD-ES14,A,hogar_electronica,"Hogar, Electrónica y Electrodomésticos",28048.24
2024-03-01,RN-MAD-ES14,A,alimentacion_hosteleria,Alimentación y Hostelería,3618.25
2024-03-01,RN-MAD-ES15,A,moda_belleza,Moda y Belleza,207189.61
2024-03-01,RN-MAD-ES15,A,hogar_electronica,"Hogar, Electrónica y Electrodomésticos",30877.17
2024-03-01,RN-MAD-ES15,A,alimentacion_hosteleria,Alimentación y Hostelería,3983.18
2024-03-01,RN-MAD-ES16,A,moda_belleza,Moda y Belleza,211863.7
2024-03-01,RN-MAD-ES16,A,hogar_electronica,"Hogar, Electrónica y Electrodomésticos",31573.75
2024-03-01,RN-MAD-ES16,A,alimentacion_hosteleria,Alimentación y Hostelería,4073.04
2024-03-01,RN-MAD-ES17,A,moda_belleza,Moda y Belleza,230252.46
2024-03-01,RN-MAD-ES17,A,hogar_electronica,"Hogar, Electrónica y Electrodomésticos",34314.2
2024-03-01,RN-MAD-ES17,A,alimentacion_hosteleria,Alimentación y Hostelería,4426.56
2024-03-01,RN-MAD-ES18,A,moda_belleza,Moda y Belleza,251043.48
2024-03-01,RN-MAD-ES18,A,hogar_electronica,"Hogar, Electrónica y Electrodomésticos",37412.65
2024-03-01,RN-MAD-ES18,A,alimentacion_hosteleria,Alimentación y Hostelería,4826.26
2024-03-01,RN-MAD-ES19,A,moda_belleza,Moda y Belleza,237144.56
2024-03-01,RN-MAD-ES19,A,hogar_electronica,"Hogar, Electrónica y Electrodomésticos",35341.32
2024-03-01,RN-MAD-ES19,A,alimentacion_hosteleria,Alimentación y Hostelería,4559.06
2024-03-01,RN-MAD-ES20,A,moda_belleza,Moda y Belleza,221439.94
2024-03-01,RN-MAD-ES20,A,hogar_electronica,"Hogar, Electrónica y Electrodomésticos",33000.88
2024-03-01,RN-MAD-ES20,A,alimentacion_hosteleria,Alimentación y Hostelería,4257.14
2024-03-01,RN-MAD-GA01,A,moda_belleza,Moda y Belleza,2173454.16
2024-03-01,RN-MAD-GA01,A,hogar_electronica,"Hogar, Electrónica y Electrodomésticos",2354661.52
2024-03-01,RN-MAD-GA01,A,alimentacion_hosteleria,Alimentación y Hostelería,639480.43
2024-03-01,RN-MAD-GA02,A,moda_belleza,Moda y Belleza,1449165.42
2024-03-01,RN-MAD-GA02,A,hogar_electronica,"Hogar, Electrónica y Electrodomésticos",1569986.67
2024-03-01,RN-MAD-GA02,A,alimentacion_hosteleria,Alimentación y Hostelería,426377.95
2024-03-01,RN-MAD-GA03,A,moda_belleza,Moda y Belleza,1709760.29
2024-03-01,RN-MAD-GA03,A,hogar_electronica,"Hogar, Electrónica y Electrodomésticos",1852308.1
2024-03-01,RN-MAD-GA03,A,alimentacion_hosteleria,Alimentación y Hostelería,503050.98
2024-03-01,RN-MAD-HI01,A,moda_belleza,Moda y Belleza,77012.56
2024-03-01,RN-MAD-HI01,A,hogar_electronica,"Hogar, Electrónica y Electrodomésticos",176746.91
2024-03-01,RN-MAD-HI01,A,alimentacion_hosteleria,Alimentación y Hostelería,635156.55
2024-03-01,RN-MAD-HI02,A,moda_belleza,Moda y Belleza,67963.15
2024-03-01,RN-MAD-HI02,A,hogar_electronica,"Hogar, Electrónica y Electrodomésticos",155978.15
2024-03-01,RN-MAD-HI02,A,alimentacion_hosteleria,Alimentación y Hostelería,560522.07
2024-03-01,RN-MAD-HI03,A,moda_belleza,Moda y Belleza,77876.55
2024-03-01,RN-MAD-HI03,A,hogar_electronica,"Hogar, Electrónica y Electrodomésticos",178729.81
2024-03-01,RN-MAD-HI03,A,alimentacion_hosteleria,Alimentación y Hostelería,642282.28
2024-03-01,RN-MAD-HI04,A,moda_belleza,Moda y Belleza,80112.03
2024-03-01,RN-MAD-HI04,A,hogar_electronica,"Hogar, Electrónica y Electrodomésticos",183860.31
2024-03-01,RN-MAD-HI04,A,alimentacion_hosteleria,Alimentación y Hostelería,660719.24
2024-03-01,RN-MAD-HI05,A,moda_belleza,Moda y Belleza,78971.47
2024-03-01,RN-MAD-HI05,A,hogar_electronica,"Hogar, Electrónica y Electrodomésticos",181242.69
2024-03-01,RN-MAD-HI05,A,alimentacion_hosteleria,Alimentación y Hostelería,651312.55
2024-03-01,RN-SEV-CV01,D,moda_belleza,Moda y Belleza,9961.99
2024-03-01,RN-SEV-CV01,D,hogar_electronica,"Hogar, Electrónica y Electrodomésticos",29169.57
2024-03-01,RN-SEV-CV01,D,alimentacion_hosteleria,Alimentación y Hostelería,96475.35
2024-03-01,RN-SEV-CV02,D,moda_belleza,Moda y Belleza,12028.96
2024-03-01,RN-SEV-CV02,D,hogar_electronica,"Hogar, Electrónica y Electrodomésticos",35221.81
2024-03-01,RN-SEV-CV02,D,alimentacion_hosteleria,Alimentación y Hostelería,116492.54
2024-03-01,RN-SEV-CV03,D,moda_belleza,Moda y Belleza,9877.08
2024-03-01,RN-SEV-CV03,D,hogar_electronica,"Hogar, Electrónica y Electrodomésticos",28920.94
2024-03-01,RN-SEV-CV03,D,alimentacion_hosteleria,Alimentación y Hostelería,95653.05
2024-03-01,RN-SEV-CV04,D,moda_belleza,Moda y Belleza,9424.54
2024-03-01,RN-SEV-CV04,D,hogar_electronica,"Hogar, Electrónica y Electrodomésticos",27595.84
2024-03-01,RN-SEV-CV04,D,alimentacion_hosteleria,Alimentación y Hostelería,91270.42
2024-03-01,RN-SEV-CV05,D,moda_belleza,Moda y Belleza,8940.81
2024-03-01,RN-SEV-CV05,D,hogar_electronica,"Hogar, Electrónica y Electrodomésticos",26179.45
2024-03-01,RN-SEV-CV05,D,alimentacion_hosteleria,Alimentación y Hostelería,86585.84
2024-03-01,RN-SEV-CV06,D,moda_belleza,Moda y Belleza,10069.21
2024-03-01,RN-SEV-CV06,D,hogar_electronica,"Hogar, Electrónica y Electrodomésticos",29483.5
2024-03-01,RN-SEV-CV06,D,alimentacion_hosteleria,Alimentación y Hostelería,97513.67
2024-03-01,RN-SEV-CV07,D,moda_belleza,Moda y Belleza,9808.22
2024-03-01,RN-SEV-CV07,D,hogar_electronica,"Hogar, Electrónica y Electrodomésticos",28719.31
2024-03-01,RN-SEV-CV07,D,alimentacion_hosteleria,Alimentación y Hostelería,94986.18
2024-03-01,RN-SEV-CV08,D,moda_belleza,Moda y Belleza,11523.94
2024-03-01,RN-SEV-CV08,D,hogar_electronica,"Hogar, Electrónica y Electrodomésticos",33743.09
2024-03-01,RN-SEV-CV08,D,alimentacion_hosteleria,Alimentación y Hostelería,111601.82
2024-03-01,RN-SEV-CV09,D,moda_belleza,Moda y Belleza,10407.26
2024-03-01,RN-SEV-CV09,D,hogar_electronica,"Hogar, Electrónica y Electrodomésticos",30473.36
2024-03-01,RN-SEV-CV09,D,alimentacion_hosteleria,Alimentación y Hostelería,100787.51
2024-03-01,RN-SEV-CV10,D,moda_belleza,Moda y Belleza,11010.19
2024-03-01,RN-SEV-CV10,D,hogar_electronica,"Hogar, Electrónica y Electrodomésticos",32238.78
2024-03-01,RN-SEV-CV10,D,alimentacion_hosteleria,Alimentación y Hostelería,106626.47
2024-03-01,RN-SEV-ES01,D,moda_belleza,Moda y Belleza,186630.15
2024-03-01,RN-SEV-ES01,D,hogar_electronica,"Hogar, Electrónica y Electrodomésticos",41399.16
2024-03-01,RN-SEV-ES01,D,alimentacion_hosteleria,Alimentación y Hostelería,2899.56
2024-03-01,RN-SEV-ES02,D,moda_belleza,Moda y Belleza,166989.29
2024-03-01,RN-SEV-ES02,D,hogar_electronica,"Hogar, Electrónica y Electrodomésticos",37042.34
2024-03-01,RN-SEV-ES02,D,alimentacion_hosteleria,Alimentación y Hostelería,2594.41
2024-03-01,RN-SEV-ES03,D,moda_belleza,Moda y Belleza,168733.01
2024-03-01,RN-SEV-ES03,D,hogar_electronica,"Hogar, Electrónica y Electrodomésticos",37429.14
2024-03-01,RN-SEV-ES03,D,alimentacion_hosteleria,Alimentación y Hostelería,2621.5
2024-03-01,RN-SEV-ES04,D,moda_belleza,Moda y Belleza,140611.33
2024-03-01,RN-SEV-ES04,D,hogar_electronica,"Hogar, Electrónica y Electrodomésticos",31191.06
2024-03-01,RN-SEV-ES04,D,alimentacion_hosteleria,Alimentación y Hostelería,2184.59
2024-03-01,RN-SEV-ES05,D,moda_belleza,Moda y Belleza,134152.57
2024-03-01,RN-SEV-ES05,D,hogar_electronica,"Hogar, Electrónica y Electrodomésticos",29758.34
2024-03-01,RN-SEV-ES05,D,alimentacion_hosteleria,Alimentación y Hostelería,2084.24
2024-03-01,RN-SEV-ES06,D,moda_belleza,Moda y Belleza,182495.21
2024-03-01,RN-SEV-ES06,D,hogar_electronica,"Hogar, Electrónica y Electrodomésticos",40481.93
2024-03-01,RN-SEV-ES06,D,alimentacion_hosteleria,Alimentación y Hostelería,2835.31
2024-03-01,RN-SEV-ES07,D,moda_belleza,Moda y Belleza,187055.93
2024-03-01,RN-SEV-ES07,D,hogar_electronica,"Hogar, Electrónica y Electrodomésticos",41493.61
2024-03-01,RN-SEV-ES07,D,alimentacion_hosteleria,Alimentación y Hostelería,2906.17
2024-03-01,RN-SEV-ES08,D,moda_belleza,Moda y Belleza,177624.57
2024-03-01,RN-SEV-ES08,D,hogar_electronica,"Hogar, Electrónica y Electrodomésticos",39401.5
2024-03-01,RN-SEV-ES08,D,alimentacion_hosteleria,Alimentación y Hostelería,2759.64
2024-03-01,RN-SEV-ES09,D,moda_belleza,Moda y Belleza,169085.97
2024-03-01,RN-SEV-ES09,D,hogar_electronica,"Hogar, Electrónica y Electrodomésticos",37507.43
2024-03-01,RN-SEV-ES09,D,alimentacion_hosteleria,Alimentación y Hostelería,2626.98
2024-03-01,RN-SEV-ES10,D,moda_belleza,Moda y Belleza,165005.34
2024-03-01,RN-SEV-ES10,D,hogar_electronica,"Hogar, Electrónica y Electrodomésticos",36602.25
2024-03-01,RN-SEV-ES10,D,alimentacion_hosteleria,Alimentación y Hostelería,2563.59
2024-03-01,RN-SEV-ES11,D,moda_belleza,Moda y Belleza,170746.22
2024-03-01,RN-SEV-ES11,D,hogar_electronica,"Hogar, Electrónica y Electrodomésticos",37875.72
2024-03-01,RN-SEV-ES11,D,alimentacion_hosteleria,Alimentación y Hostelería,2652.78
2024-03-01,RN-SEV-ES12,D,moda_belleza,Moda y Belleza,148242.58
2024-03-01,RN-SEV-ES12,D,hogar_electronica,"Hogar, Electrónica y Electrodomésticos",32883.86
2024-03-01,RN-SEV-ES12,D,alimentacion_hosteleria,Alimentación y Hostelería,2303.15
2024-03-01,RN-SEV-GA01,D,moda_belleza,Moda y Belleza,702043.65
2024-03-01,RN-SEV-GA01,D,hogar_electronica,"Hogar, Electrónica y Electrodomésticos",1132093.52
2024-03-01,RN-SEV-GA01,D,alimentacion_hosteleria,Alimentación y Hostelería,166927.81
2024-03-01,RN-SEV-HI01,D,moda_belleza,Moda y Belleza,51169.32
2024-03-01,RN-SEV-HI01,D,hogar_electronica,"Hogar, Electrónica y Electrodomésticos",174799.48
2024-03-01,RN-SEV-HI01,D,alimentacion_hosteleria,Alimentación y Hostelería,341048.93
2024-03-01,RN-SEV-HI02,D,moda_belleza,Moda y Belleza,56470.68
2024-03-01,RN-SEV-HI02,D,hogar_electronica,"Hogar, Electrónica y Electrodomésticos",192909.43
2024-03-01,RN-SEV-HI02,D,alimentacion_hosteleria,Alimentación y Hostelería,376383.02
2024-03-01,RN-SEV-HI03,D,moda_belleza,Moda y Belleza,50114.83
2024-03-01,RN-SEV-HI03,D,hogar_electronica,"Hogar, Electrónica y Electrodomésticos",171197.23
2024-03-01,RN-SEV-HI03,D,alimentacion_hosteleria,Alimentación y Hostelería,334020.63
2024-03-01,RN-SEV-HI04,D,moda_belleza,Moda y Belleza,67438.16
2024-03-01,RN-SEV-HI04,D,hogar_electronica,"Hogar, Electrónica y Electrodomésticos",230375.44
2024-03-01,RN-SEV-HI04,D,alimentacion_hosteleria,Alimentación y Hostelería,449482.46
2024-03-01,RN-VLC-CV01,C,moda_belleza,Moda y Belleza,7033.76
2024-03-01,RN-VLC-CV01,C,hogar_electronica,"Hogar, Electrónica y Electrodomésticos",14766.17
2024-03-01,RN-VLC-CV01,C,alimentacion_hosteleria,Alimentación y Hostelería,133382.25
2024-03-01,RN-VLC-CV02,C,moda_belleza,Moda y Belleza,7235.58
2024-03-01,RN-VLC-CV02,C,hogar_electronica,"Hogar, Electrónica y Electrodomésticos",15189.85
2024-03-01,RN-VLC-CV02,C,alimentacion_hosteleria,Alimentación y Hostelería,137209.33
2024-03-01,RN-VLC-CV03,C,moda_belleza,Moda y Belleza,7709.3
2024-03-01,RN-VLC-CV03,C,hogar_electronica,"Hogar, Electrónica y Electrodomésticos",16184.35
2024-03-01,RN-VLC-CV03,C,alimentacion_hosteleria,Alimentación y Hostelería,146192.64
2024-03-01,RN-VLC-CV04,C,moda_belleza,Moda y Belleza,6819.42
2024-03-01,RN-VLC-CV04,C,hogar_electronica,"Hogar, Electrónica y Electrodomésticos",14316.21
2024-03-01,RN-VLC-CV04,C,alimentacion_hosteleria,Alimentación y Hostelería,129317.78
2024-03-01,RN-VLC-CV05,C,moda_belleza,Moda y Belleza,5551.22
2024-03-01,RN-VLC-CV05,C,hogar_electronica,"Hogar, Electrónica y Electrodomésticos",11653.84
2024-03-01,RN-VLC-CV05,C,alimentacion_hosteleria,Alimentación y Hostelería,105268.69
2024-03-01,RN-VLC-CV06,C,moda_belleza,Moda y Belleza,8081.07
2024-03-01,RN-VLC-CV06,C,hogar_electronica,"Hogar, Electrónica y Electrodomésticos",16964.81
2024-03-01,RN-VLC-CV06,C,alimentacion_hosteleria,Alimentación y Hostelería,153242.5
2024-03-01,RN-VLC-CV07,C,moda_belleza,Moda y Belleza,6825.42
2024-03-01,RN-VLC-CV07,C,hogar_electronica,"Hogar, Electrónica y Electrodomésticos",14328.79
2024-03-01,RN-VLC-CV07,C,alimentacion_hosteleria,Alimentación y Hostelería,129431.41
2024-03-01,RN-VLC-CV08,C,moda_belleza,Moda y Belleza,5921.35
2024-03-01,RN-VLC-CV08,C,hogar_electronica,"Hogar, Electrónica y Electrodomésticos",12430.85
2024-03-01,RN-VLC-CV08,C,alimentacion_hosteleria,Alimentación y Hostelería,112287.38
2024-03-01,RN-VLC-CV09,C,moda_belleza,Moda y Belleza,6153.17
2024-03-01,RN-VLC-CV09,C,hogar_electronica,"Hogar, Electrónica y Electrodomésticos",12917.53
2024-03-01,RN-VLC-CV09,C,alimentacion_hosteleria,Alimentación y Hostelería,116683.5
2024-03-01,RN-VLC-ES01,C,moda_belleza,Moda y Belleza,189445.65
2024-03-01,RN-VLC-ES01,C,hogar_electronica,"Hogar, Electrónica y Electrodomésticos",30129.45
2024-03-01,RN-VLC-ES01,C,alimentacion_hosteleria,Alimentación y Hostelería,5763.35
2024-03-01,RN-VLC-ES02,C,moda_belleza,Moda y Belleza,143475.43
2024-03-01,RN-VLC-ES02,C,hogar_electronica,"Hogar, Electrónica y Electrodomésticos",22818.34
2024-03-01,RN-VLC-ES02,C,alimentacion_hosteleria,Alimentación y Hostelería,4364.83
2024-03-01,RN-VLC-ES03,C,moda_belleza,Moda y Belleza,159858.68
2024-03-01,RN-VLC-ES03,C,hogar_electronica,"Hogar, Electrónica y Electrodomésticos",25423.93
2024-03-01,RN-VLC-ES03,C,alimentacion_hosteleria,Alimentación y Hostelería,4863.25
2024-03-01,RN-VLC-ES04,C,moda_belleza,Moda y Belleza,171184.2
2024-03-01,RN-VLC-ES04,C,hogar_electronica,"Hogar, Electrónica y Electrodomésticos",27225.14
2024-03-01,RN-VLC-ES04,C,alimentacion_hosteleria,Alimentación y Hostelería,5207.79
2024-03-01,RN-VLC-ES05,C,moda_belleza,Moda y Belleza,168980.74
2024-03-01,RN-VLC-ES05,C,hogar_electronica,"Hogar, Electrónica y Electrodomésticos",26874.71
2024-03-01,RN-VLC-ES05,C,alimentacion_hosteleria,Alimentación y Hostelería,5140.76
2024-03-01,RN-VLC-ES06,C,moda_belleza,Moda y Belleza,137020.92
2024-03-01,RN-VLC-ES06,C,hogar_electronica,"Hogar, Electrónica y Electrodomésticos",21791.81
2024-03-01,RN-VLC-ES06,C,alimentacion_hosteleria,Alimentación y Hostelería,4168.47
2024-03-01,RN-VLC-ES07,C,moda_belleza,Moda y Belleza,158604.41
2024-03-01,RN-VLC-ES07,C,hogar_electronica,"Hogar, Electrónica y Electrodomésticos",25224.45
2024-03-01,RN-VLC-ES07,C,alimentacion_hosteleria,Alimentación y Hostelería,4825.09
2024-03-01,RN-VLC-ES08,C,moda_belleza,Moda y Belleza,192604.86
2024-03-01,RN-VLC-ES08,C,hogar_electronica,"Hogar, Electrónica y Electrodomésticos",30631.89
2024-03-01,RN-VLC-ES08,C,alimentacion_hosteleria,Alimentación y Hostelería,5859.46
2024-03-01,RN-VLC-ES09,C,moda_belleza,Moda y Belleza,165035.61
2024-03-01,RN-VLC-ES09,C,hogar_electronica,"Hogar, Electrónica y Electrodomésticos",26247.27
2024-03-01,RN-VLC-ES09,C,alimentacion_hosteleria,Alimentación y Hostelería,5020.74
2024-03-01,RN-VLC-ES10,C,moda_belleza,Moda y Belleza,150936.66
2024-03-01,RN-VLC-ES10,C,hogar_electronica,"Hogar, Electrónica y Electrodomésticos",24004.97
2024-03-01,RN-VLC-ES10,C,alimentacion_hosteleria,Alimentación y Hostelería,4591.82
2024-03-01,RN-VLC-GA01,C,moda_belleza,Moda y Belleza,1211355.71
2024-03-01,RN-VLC-GA01,C,hogar_electronica,"Hogar, Electrónica y Electrodomésticos",1400511.37
2024-03-01,RN-VLC-GA01,C,alimentacion_hosteleria,Alimentación y Hostelería,563996.89
2024-03-01,RN-VLC-HI01,C,moda_belleza,Moda y Belleza,47307.61
2024-03-01,RN-VLC-HI01,C,hogar_electronica,"Hogar, Electrónica y Electrodomésticos",115866.58
2024-03-01,RN-VLC-HI01,C,alimentacion_hosteleria,Alimentación y Hostelería,617416.82
2024-03-01,RN-VLC-HI02,C,moda_belleza,Moda y Belleza,52871.47
2024-03-01,RN-VLC-HI02,C,hogar_electronica,"Hogar, Electrónica y Electrodomésticos",129493.69
2024-03-01,RN-VLC-HI02,C,alimentacion_hosteleria,Alimentación y Hostelería,690031.39
2024-03-01,RN-VLC-HI03,C,moda_belleza,Moda y Belleza,55404.46
2024-03-01,RN-VLC-HI03,C,hogar_electronica,"Hogar, Electrónica y Electrodomésticos",135697.53
2024-03-01,RN-VLC-HI03,C,alimentacion_hosteleria,Alimentación y Hostelería,723089.71
2024-03-01,RN-VLC-HI04,C,moda_belleza,Moda y Belleza,45812.88
2024-03-01,RN-VLC-HI04,C,hogar_electronica,"Hogar, Electrónica y Electrodomésticos",112205.66
2024-03-01,RN-VLC-HI04,C,alimentacion_hosteleria,Alimentación y Hostelería,597908.92
2024-03-01,RN-VLC-HI05,C,moda_belleza,Moda y Belleza,49853.07
2024-03-01,RN-VLC-HI05,C,hogar_electronica,"Hogar, Electrónica y Electrodomésticos",122100.99
2024-03-01,RN-VLC-HI05,C,alimentacion_hosteleria,Alimentación y Hostelería,650637.99
2024-03-01,RN-VLC-HI06,C,moda_belleza,Moda y Belleza,48407.54
2024-03-01,RN-VLC-HI06,C,hogar_electronica,"Hogar, Electrónica y Electrodomésticos",118560.55
2024-03-01,RN-VLC-HI06,C,alimentacion_hosteleria,Alimentación y Hostelería,631772.13
2024-03-01,RN-VLC-HI07,C,moda_belleza,Moda y Belleza,38819.66
2024-03-01,RN-VLC-HI07,C,hogar_electronica,"Hogar, Electrónica y Electrodomésticos",95077.77
2024-03-01,RN-VLC-HI07,C,alimentacion_hosteleria,Alimentación y Hostelería,506639.7
2024-04-01,RN-BCN-CV01,B,moda_belleza,Moda y Belleza,10774.11
2024-04-01,RN-BCN-CV01,B,hogar_electronica,"Hogar, Electrónica y Electrodomésticos",23809.5
2024-04-01,RN-BCN-CV01,B,alimentacion_hosteleria,Alimentación y Hostelería,133889.24
2024-04-01,RN-BCN-CV02,B,moda_belleza,Moda y Belleza,11338.11
2024-04-01,RN-BCN-CV02,B,hogar_electronica,"Hogar, Electrónica y Electrodomésticos",25055.88
2024-04-01,RN-BCN-CV02,B,alimentacion_hosteleria,Alimentación y Hostelería,140898.07
2024-04-01,RN-BCN-CV03,B,moda_belleza,Moda y Belleza,12719.79
2024-04-01,RN-BCN-CV03,B,hogar_electronica,"Hogar, Electrónica y Electrodomésticos",28109.22
2024-04-01,RN-BCN-CV03,B,alimentacion_hosteleria,Alimentación y Hostelería,158068.07
2024-04-01,RN-BCN-CV04,B,moda_belleza,Moda y Belleza,9870.29
2024-04-01,RN-BCN-CV04,B,hogar_electronica,"Hogar, Electrónica y Electrodomésticos",21812.18
2024-04-01,RN-BCN-CV04,B,alimentacion_hosteleria,Alimentación y Hostelería,122657.59
2024-04-01,RN-BCN-CV05,B,moda_belleza,Moda y Belleza,9883.94
2024-04-01,RN-BCN-CV05,B,hogar_electronica,"Hogar, Electrónica y Electrodomésticos",21842.34
2024-04-01,RN-BCN-CV05,B,alimentacion_hosteleria,Alimentación y Hostelería,122827.21
2024-04-01,RN-BCN-CV06,B,moda_belleza,Moda y Belleza,10224.23
2024-04-01,RN-BCN-CV06,B,hogar_electronica,"Hogar, Electrónica y Electrodomésticos",22594.34
2024-04-01,RN-BCN-CV06,B,alimentacion_hosteleria,Alimentación y Hostelería,127055.96
2024-04-01,RN-BCN-CV07,B,moda_belleza,Moda y Belleza,10638.46
2024-04-01,RN-BCN-CV07,B,hogar_electronica,"Hogar, Electrónica y Electrodomésticos",23509.73
2024-04-01,RN-BCN-CV07,B,alimentacion_hosteleria,Alimentación y Hostelería,132203.51
2024-04-01,RN-BCN-CV08,B,moda_belleza,Moda y Belleza,10309.73
2024-04-01,RN-BCN-CV08,B,hogar_electronica,"Hogar, Electrónica y Electrodomésticos",22783.27
2024-04-01,RN-BCN-CV08,B,alimentacion_hosteleria,Alimentación y Hostelería,128118.37
2024-04-01,RN-BCN-ES01,B,moda_belleza,Moda y Belleza,181990.57
2024-04-01,RN-BCN-ES01,B,hogar_electronica,"Hogar, Electrónica y Electrodomésticos",30467.99
2024-04-01,RN-BCN-ES01,B,alimentacion_hosteleria,Alimentación y Hostelería,3628.21
2024-04-01,RN-BCN-ES02,B,moda_belleza,Moda y Belleza,211231.54
2024-04-01,RN-BCN-ES02,B,hogar_electronica,"Hogar, Electrónica y Electrodomésticos",35363.37
2024-04-01,RN-BCN-ES02,B,alimentacion_hosteleria,Alimentación y Hostelería,4211.17
2024-04-01,RN-BCN-ES03,B,moda_belleza,Moda y Belleza,218643.96
2024-04-01,RN-BCN-ES03,B,hogar_electronica,"Hogar, Electrónica y Electrodomésticos",36604.33
2024-04-01,RN-BCN-ES03,B,alimentacion_hosteleria,Alimentación y Hostelería,4358.95
2024-04-01,RN-BCN-ES04,B,moda_belleza,Moda y Belleza,198875.04
2024-04-01,RN-BCN-ES04,B,hogar_electronica,"Hogar, Electrónica y Electrodomésticos",33294.71
2024-04-01,RN-BCN-ES04,B,alimentacion_hosteleria,Alimentación y Hostelería,3964.83
2024-04-01,RN-BCN-ES05,B,moda_belleza,Moda y Belleza,218888.52
2024-04-01,RN-BCN-ES05,B,hogar_electronica,"Hogar, Electrónica y Electrodomésticos",36645.27
2024-04-01,RN-BCN-ES05,B,alimentacion_hosteleria,Alimentación y Hostelería,4363.82
2024-04-01,RN-BCN-ES06,B,moda_belleza,Moda y Belleza,215836.63
2024-04-01,RN-BCN-ES06,B,hogar_electronica,"Hogar, Electrónica y Electrodomésticos",36134.34
2024-04-01,RN-BCN-ES06,B,alimentacion_hosteleria,Alimentación y Hostelería,4302.98
2024-04-01,RN-BCN-ES07,B,moda_belleza,Moda y Belleza,216840.6
2024-04-01,RN-BCN-ES07,B,hogar_electronica,"Hogar, Electrónica y Electrodomésticos",36302.42
2024-04-01,RN-BCN-ES07,B,alimentacion_hosteleria,Alimentación y Hostelería,4322.99
2024-04-01,RN-BCN-ES08,B,moda_belleza,Moda y Belleza,160004.34
2024-04-01,RN-BCN-ES08,B,hogar_electronica,"Hogar, Electrónica y Electrodomésticos",26787.16
2024-04-01,RN-BCN-ES08,B,alimentacion_hosteleria,Alimentación y Hostelería,3189.89
2024-04-01,RN-BCN-ES09,B,moda_belleza,Moda y Belleza,217118.44
2024-04-01,RN-BCN-ES09,B,hogar_electronica,"Hogar, Electrónica y Electrodomésticos",36348.93
2024-04-01,RN-BCN-ES09,B,alimentacion_hosteleria,Alimentación y Hostelería,4328.53
2024-04-01,RN-BCN-ES10,B,moda_belleza,Moda y Belleza,202523.09
2024-04-01,RN-BCN-ES10,B,hogar_electronica,"Hogar, Electrónica y Electrodomésticos",33905.45
2024-04-01,RN-BCN-ES10,B,alimentacion_hosteleria,Alimentación y Hostelería,4037.56
2024-04-01,RN-BCN-ES11,B,moda_belleza,Moda y Belleza,209077.95
2024-04-01,RN-BCN-ES11,B,hogar_electronica,"Hogar, Electrónica y Electrodomésticos",35002.83
2024-04-01,RN-BCN-ES11,B,alimentacion_hosteleria,Alimentación y Hostelería,4168.23
2024-04-01,RN-BCN-ES12,B,moda_belleza,Moda y Belleza,177935.84
2024-04-01,RN-BCN-ES12,B,hogar_electronica,"Hogar, Electrónica y Electrodomésticos",29789.17
2024-04-01,RN-BCN-ES12,B,alimentacion_hosteleria,Alimentación y Hostelería,3547.38
2024-04-01,RN-BCN-ES13,B,moda_belleza,Moda y Belleza,215149.45
2024-04-01,RN-BCN-ES13,B,hogar_electronica,"Hogar, Electrónica y Electrodomésticos",36019.29
2024-04-01,RN-BCN-ES13,B,alimentacion_hosteleria,Alimentación y Hostelería,4289.28
2024-04-01,RN-BCN-ES14,B,moda_belleza,Moda y Belleza,226976.07
2024-04-01,RN-BCN-ES14,B,hogar_electronica,"Hogar, Electrónica y Electrodomésticos",37999.25
2024-04-01,RN-BCN-ES14,B,alimentacion_hosteleria,Alimentación y Hostelería,4525.06
2024-04-01,RN-BCN-GA01,B,moda_belleza,Moda y Belleza,1426896.52
2024-04-01,RN-BCN-GA01,B,hogar_electronica,"Hogar, Electrónica y Electrodomésticos",1736584.28
2024-04-01,RN-BCN-GA01,B,alimentacion_hosteleria,Alimentación y Hostelería,435362.73
2024-04-01,RN-BCN-GA02,B,moda_belleza,Moda y Belleza,1690273.5
2024-04-01,RN-BCN-GA02,B,hogar_electronica,"Hogar, Electrónica y Electrodomésticos",2057123.51
2024-04-01,RN-BCN-GA02,B,alimentacion_hosteleria,Alimentación y Hostelería,515722.11
2024-04-01,RN-BCN-HI01,B,moda_belleza,Moda y Belleza,56615.98
2024-04-01,RN-BCN-HI01,B,hogar_electronica,"Hogar, Electrónica y Electrodomésticos",145967.0
2024-04-01,RN-BCN-HI01,B,alimentacion_hosteleria,Alimentación y Hostelería,484217.25
2024-04-01,RN-BCN-HI02,B,moda_belleza,Moda y Belleza,85487.15
2024-04-01,RN-BCN-HI02,B,hogar_electronica,"Hogar, Electrónica y Electrodomésticos",220402.5
2024-04-01,RN-BCN-HI02,B,alimentacion_hosteleria,Alimentación y Hostelería,731142.59
2024-04-01,RN-BCN-HI03,B,moda_belleza,Moda y Belleza,59004.0
2024-04-01,RN-BCN-HI03,B,hogar_electronica,"Hogar, Electrónica y Electrodomésticos",152123.78
2024-04-01,RN-BCN-HI03,B,alimentacion_hosteleria,Alimentación y Hostelería,504641.18
2024-04-01,RN-BCN-HI04,B,moda_belleza,Moda y Belleza,73866.93
2024-04-01,RN-BCN-HI04,B,hogar_electronica,"Hogar, Electrónica y Electrodomésticos",190443.32
2024-04-01,RN-BCN-HI04,B,alimentacion_hosteleria,Alimentación y Hostelería,631758.8
2024-04-01,RN-BIO-CV01,E,moda_belleza,Moda y Belleza,10631.35
2024-04-01,RN-BIO-CV01,E,hogar_electronica,"Hogar, Electrónica y Electrodomésticos",28262.45
2024-04-01,RN-BIO-CV01,E,alimentacion_hosteleria,Alimentación y Hostelería,142794.07
2024-04-01,RN-BIO-CV02,E,moda_belleza,Moda y Belleza,10465.62
2024-04-01,RN-BIO-CV02,E,hogar_electronica,"Hogar, Electrónica y Electrodomésticos",27821.89
2024-04-01,RN-BIO-CV02,E,alimentacion_hosteleria,Alimentación y Hostelería,140568.16
2024-04-01,RN-BIO-CV03,E,moda_belleza,Moda y Belleza,9858.31
2024-04-01,RN-BIO-CV03,E,hogar_electronica,"Hogar, Electrónica y Electrodomésticos",26207.4
2024-04-01,RN-BIO-CV03,E,alimentacion_hosteleria,Alimentación y Hostelería,132411.05
2024-04-01,RN-BIO-CV04,E,moda_belleza,Moda y Belleza,11287.96
2024-04-01,RN-BIO-CV04,E,hogar_electronica,"Hogar, Electrónica y Electrodomésticos",30008.0
2024-04-01,RN-BIO-CV04,E,alimentacion_hosteleria,Alimentación y Hostelería,151613.3
2024-04-01,RN-BIO-ES01,E,moda_belleza,Moda y Belleza,177315.2
2024-04-01,RN-BIO-ES01,E,hogar_electronica,"Hogar, Electrónica y Electrodomésticos",35710.31
2024-04-01,RN-BIO-ES01,E,alimentacion_hosteleria,Alimentación y Hostelería,3820.74
2024-04-01,RN-BIO-ES02,E,moda_belleza,Moda y Belleza,164806.46
2024-04-01,RN-BIO-ES02,E,hogar_electronica,"Hogar, Electrónica y Electrodomésticos",33191.11
2024-04-01,RN-BIO-ES02,E,alimentacion_hosteleria,Alimentación y Hostelería,3551.2
2024-04-01,RN-BIO-ES03,E,moda_belleza,Moda y Belleza,252465.26
2024-04-01,RN-BIO-ES03,E,hogar_electronica,"Hogar, Electrónica y Electrodomésticos",50845.11
2024-04-01,RN-BIO-ES03,E,alimentacion_hosteleria,Alimentación y Hostelería,5440.05
2024-04-01,RN-BIO-ES04,E,moda_belleza,Moda y Belleza,203433.45
2024-04-01,RN-BIO-ES04,E,hogar_electronica,"Hogar, Electrónica y Electrodomésticos",40970.38
2024-04-01,RN-BIO-ES04,E,alimentacion_hosteleria,Alimentación y Hostelería,4383.53
2024-04-01,RN-BIO-ES05,E,moda_belleza,Moda y Belleza,201301.68
2024-04-01,RN-BIO-ES05,E,hogar_electronica,"Hogar, Electrónica y Electrodomésticos",40541.05
2024-04-01,RN-BIO-ES05,E,alimentacion_hosteleria,Alimentación y Hostelería,4337.59
2024-04-01,RN-BIO-ES06,E,moda_belleza,Moda y Belleza,232299.4
2024-04-01,RN-BIO-ES06,E,hogar_electronica,"Hogar, Electrónica y Electrodomésticos",46783.82
2024-04-01,RN-BIO-ES06,E,alimentacion_hosteleria,Alimentación y Hostelería,5005.52
2024-04-01,RN-BIO-ES07,E,moda_belleza,Moda y Belleza,199526.16
2024-04-01,RN-BIO-ES07,E,hogar_electronica,"Hogar, Electrónica y Electrodomésticos",40183.47
2024-04-01,RN-BIO-ES07,E,alimentacion_hosteleria,Alimentación y Hostelería,4299.34
2024-04-01,RN-BIO-GA01,E,moda_belleza,Moda y Belleza,967558.86
2024-04-01,RN-BIO-GA01,E,hogar_electronica,"Hogar, Electrónica y Electrodomésticos",1416554.93
2024-04-01,RN-BIO-GA01,E,alimentacion_hosteleria,Alimentación y Hostelería,319075.69
2024-04-01,RN-BIO-HI01,E,moda_belleza,Moda y Belleza,68796.82
2024-04-01,RN-BIO-HI01,E,hogar_electronica,"Hogar, Electrónica y Electrodomésticos",213371.62
2024-04-01,RN-BIO-HI01,E,alimentacion_hosteleria,Alimentación y Hostelería,635956.09
2024-04-01,RN-BIO-HI02,E,moda_belleza,Moda y Belleza,51119.04
2024-04-01,RN-BIO-HI02,E,hogar_electronica,"Hogar, Electrónica y Electrodomésticos",158544.42
2024-04-01,RN-BIO-HI02,E,alimentacion_hosteleria,Alimentación y Hostelería,472543.11
2024-04-01,RN-MAD-CV01,A,moda_belleza,Moda y Belleza,11392.96
2024-04-01,RN-MAD-CV01,A,hogar_electronica,"Hogar, Electrónica y Electrodomésticos",22411.98
2024-04-01,RN-MAD-CV01,A,alimentacion_hosteleria,Alimentación y Hostelería,136527.15
2024-04-01,RN-MAD-CV02,A,moda_belleza,Moda y Belleza,11387.83
2024-04-01,RN-MAD-CV02,A,hogar_electronica,"Hogar, Electrónica y Electrodomésticos",22401.88
2024-04-01,RN-MAD-CV02,A,alimentacion_hosteleria,Alimentación y Hostelería,136465.6
2024-04-01,RN-MAD-CV03,A,moda_belleza,Moda y Belleza,10988.47
2024-04-01,RN-MAD-CV03,A,hogar_electronica,"Hogar, Electrónica y Electrodomésticos",21616.26
2024-04-01,RN-MAD-CV03,A,alimentacion_hosteleria,Alimentación y Hostelería,131679.86
2024-04-01,RN-MAD-CV04,A,moda_belleza,Moda y Belleza,12885.31
2024-04-01,RN-MAD-CV04,A,hogar_electronica,"Hogar, Electrónica y Electrodomésticos",25347.69
2024-04-01,RN-MAD-CV04,A,alimentacion_hosteleria,Alimentación y Hostelería,154410.64
2024-04-01,RN-MAD-CV05,A,moda_belleza,Moda y Belleza,9474.51
2024-04-01,RN-MAD-CV05,A,hogar_electronica,"Hogar, Electrónica y Electrodomésticos",18638.04
2024-04-01,RN-MAD-CV05,A,alimentacion_hosteleria,Alimentación y Hostelería,113537.41
2024-04-01,RN-MAD-CV06,A,moda_belleza,Moda y Belleza,10906.22
2024-04-01,RN-MAD-CV06,A,hogar_electronica,"Hogar, Electrónica y Electrodomésticos",21454.46
2024-04-01,RN-MAD-CV06,A,alimentacion_hosteleria,Alimentación y Hostelería,130694.22
2024-04-01,RN-MAD-CV07,A,moda_belleza,Moda y Belleza,10728.07
2024-04-01,RN-MAD-CV07,A,hogar_electronica,"Hogar, Electrónica y Electrodomésticos",21104.02
2024-04-01,RN-MAD-CV07,A,alimentacion_hosteleria,Alimentación y Hostelería,128559.44
2024-04-01,RN-MAD-CV08,A,moda_belleza,Moda y Belleza,13269.17
2024-04-01,RN-MAD-CV08,A,hogar_electronica,"Hogar, Electrónica y Electrodomésticos",26102.81
2024-04-01,RN-MAD-CV08,A,alimentacion_hosteleria,Alimentación y Hostelería,159010.61
2024-04-01,RN-MAD-CV09,A,moda_belleza,Moda y Belleza,13419.83
2024-04-01,RN-MAD-CV09,A,hogar_electronica,"Hogar, Electrónica y Electrodomésticos",26399.18
2024-04-01,RN-MAD-CV09,A,alimentacion_hosteleria,Alimentación y Hostelería,160816.02
2024-04-01,RN-MAD-CV10,A,moda_belleza,Moda y Belleza,12142.33
2024-04-01,RN-MAD-CV10,A,hogar_electronica,"Hogar, Electrónica y Electrodomésticos",23886.12
2024-04-01,RN-MAD-CV10,A,alimentacion_hosteleria,Alimentación y Hostelería,145507.19
2024-04-01,RN-MAD-ES01,A,moda_belleza,Moda y Belleza,265023.46
2024-04-01,RN-MAD-ES01,A,hogar_electronica,"Hogar, Electrónica y Electrodomésticos",39496.07
2024-04-01,RN-MAD-ES01,A,alimentacion_hosteleria,Alimentación y Hostelería,5095.02
2024-04-01,RN-MAD-ES02,A,moda_belleza,Moda y Belleza,188837.5
2024-04-01,RN-MAD-ES02,A,hogar_electronica,"Hogar, Electrónica y Electrodomésticos",28142.18
2024-04-01,RN-MAD-ES02,A,alimentacion_hosteleria,Alimentación y Hostelería,3630.36
2024-04-01,RN-MAD-ES03,A,moda_belleza,Moda y Belleza,230542.6
2024-04-01,RN-MAD-ES03,A,hogar_electronica,"Hogar, Electrónica y Electrodomésticos",34357.44
2024-04-01,RN-MAD-ES03,A,alimentacion_hosteleria,Alimentación y Hostelería,4432.14
2024-04-01,RN-MAD-ES04,A,moda_belleza,Moda y Belleza,235877.73
2024-04-01,RN-MAD-ES04,A,hogar_electronica,"Hogar, Electrónica y Electrodomésticos",35152.52
2024-04-01,RN-MAD-ES04,A,alimentacion_hosteleria,Alimentación y Hostelería,4534.7
2024-04-01,RN-MAD-ES05,A,moda_belleza,Moda y Belleza,195399.92
2024-04-01,RN-MAD-ES05,A,hogar_electronica,"Hogar, Electrónica y Electrodomésticos",29120.17
2024-04-01,RN-MAD-ES05,A,alimentacion_hosteleria,Alimentación y Hostelería,3756.53
2024-04-01,RN-MAD-ES06,A,moda_belleza,Moda y Belleza,235272.41
2024-04-01,RN-MAD-ES06,A,hogar_electronica,"Hogar, Electrónica y Electrodomésticos",35062.31
2024-04-01,RN-MAD-ES06,A,alimentacion_hosteleria,Alimentación y Hostelería,4523.07
2024-04-01,RN-MAD-ES07,A,moda_belleza,Moda y Belleza,248332.64
2024-04-01,RN-MAD-ES07,A,hogar_electronica,"Hogar, Electrónica y Electrodomésticos",37008.66
2024-04-01,RN-MAD-ES07,A,alimentacion_hosteleria,Alimentación y Hostelería,4774.15
2024-04-01,RN-MAD-ES08,A,moda_belleza,Moda y Belleza,245288.23
2024-04-01,RN-MAD-ES08,A,hogar_electronica,"Hogar, Electrónica y Electrodomésticos",36554.96
2024-04-01,RN-MAD-ES08,A,alimentacion_hosteleria,Alimentación y Hostelería,4715.62
2024-04-01,RN-MAD-ES09,A,moda_belleza,Moda y Belleza,225722.15
2024-04-01,RN-MAD-ES09,A,hogar_electronica,"Hogar, Electrónica y Electrodomésticos",33639.05
2024-04-01,RN-MAD-ES09,A,alimentacion_hosteleria,Alimentación y Hostelería,4339.46
2024-04-01,RN-MAD-ES10,A,moda_belleza,Moda y Belleza,231219.91
2024-04-01,RN-MAD-ES10,A,hogar_electronica,"Hogar, Electrónica y Electrodomésticos",34458.37
2024-04-01,RN-MAD-ES10,A,alimentacion_hosteleria,Alimentación y Hostelería,4445.16
2024-04-01,RN-MAD-ES11,A,moda_belleza,Moda y Belleza,196951.79
2024-04-01,RN-MAD-ES11,A,hogar_electronica,"Hogar, Electrónica y Electrodomésticos",29351.45
2024-04-01,RN-MAD-ES11,A,alimentacion_hosteleria,Alimentación y Hostelería,3786.36
2024-04-01,RN-MAD-ES12,A,moda_belleza,Moda y Belleza,235926.14
2024-04-01,RN-MAD-ES12,A,hogar_electronica,"Hogar, Electrónica y Electrodomésticos",35159.74
2024-04-01,RN-MAD-ES12,A,alimentacion_hosteleria,Alimentación y Hostelería,4535.63
2024-04-01,RN-MAD-ES13,A,moda_belleza,Moda y Belleza,232466.06
2024-04-01,RN-MAD-ES13,A,hogar_electronica,"Hogar, Electrónica y Electrodomésticos",34644.09
2024-04-01,RN-MAD-ES13,A,alimentacion_hosteleria,Alimentación y Hostelería,4469.11
2024-04-01,RN-MAD-ES14,A,moda_belleza,Moda y Belleza,190540.16
2024-04-01,RN-MAD-ES14,A,hogar_electronica,"Hogar, Electrónica y Electrodomésticos",28395.93
2024-04-01,RN-MAD-ES14,A,alimentacion_hosteleria,Alimentación y Hostelería,3663.1
2024-04-01,RN-MAD-ES15,A,moda_belleza,Moda y Belleza,211074.81
2024-04-01,RN-MAD-ES15,A,hogar_electronica,"Hogar, Electrónica y Electrodomésticos",31456.18
2024-04-01,RN-MAD-ES15,A,alimentacion_hosteleria,Alimentación y Hostelería,4057.87
2024-04-01,RN-MAD-ES16,A,moda_belleza,Moda y Belleza,218000.74
2024-04-01,RN-MAD-ES16,A,hogar_electronica,"Hogar, Electrónica y Electrodomésticos",32488.34
2024-04-01,RN-MAD-ES16,A,alimentacion_hosteleria,Alimentación y Hostelería,4191.02
2024-04-01,RN-MAD-ES17,A,moda_belleza,Moda y Belleza,236867.04
2024-04-01,RN-MAD-ES17,A,hogar_electronica,"Hogar, Electrónica y Electrodomésticos",35299.96
2024-04-01,RN-MAD-ES17,A,alimentacion_hosteleria,Alimentación y Hostelería,4553.72
2024-04-01,RN-MAD-ES18,A,moda_belleza,Moda y Belleza,252798.54
2024-04-01,RN-MAD-ES18,A,hogar_electronica,"Hogar, Electrónica y Electrodomésticos",37674.21
2024-04-01,RN-MAD-ES18,A,alimentacion_hosteleria,Alimentación y Hostelería,4860.0
2024-04-01,RN-MAD-ES19,A,moda_belleza,Moda y Belleza,232854.96
2024-04-01,RN-MAD-ES19,A,hogar_electronica,"Hogar, Electrónica y Electrodomésticos",34702.04
2024-04-01,RN-MAD-ES19,A,alimentacion_hosteleria,Alimentación y Hostelería,4476.59
2024-04-01,RN-MAD-ES20,A,moda_belleza,Moda y Belleza,230925.5
2024-04-01,RN-MAD-ES20,A,hogar_electronica,"Hogar, Electrónica y Electrodomésticos",34414.5
2024-04-01,RN-MAD-ES20,A,alimentacion_hosteleria,Alimentación y Hostelería,4439.5
2024-04-01,RN-MAD-GA01,A,moda_belleza,Moda y Belleza,2084337.26
2024-04-01,RN-MAD-GA01,A,hogar_electronica,"Hogar, Electrónica y Electrodomésticos",2258114.67
2024-04-01,RN-MAD-GA01,A,alimentacion_hosteleria,Alimentación y Hostelería,613260.18
2024-04-01,RN-MAD-GA02,A,moda_belleza,Moda y Belleza,1456438.2
2024-04-01,RN-MAD-GA02,A,hogar_electronica,"Hogar, Electrónica y Electrodomésticos",1577865.8
2024-04-01,RN-MAD-GA02,A,alimentacion_hosteleria,Alimentación y Hostelería,428517.77
2024-04-01,RN-MAD-GA03,A,moda_belleza,Moda y Belleza,1775799.95
2024-04-01,RN-MAD-GA03,A,hogar_electronica,"Hogar, Electrónica y Electrodomésticos",1923853.69
2024-04-01,RN-MAD-GA03,A,alimentacion_hosteleria,Alimentación y Hostelería,522481.37
2024-04-01,RN-MAD-HI01,A,moda_belleza,Moda y Belleza,78039.93
2024-04-01,RN-MAD-HI01,A,hogar_electronica,"Hogar, Electrónica y Electrodomésticos",179104.78
2024-04-01,RN-MAD-HI01,A,alimentacion_hosteleria,Alimentación y Hostelería,643629.76
2024-04-01,RN-MAD-HI02,A,moda_belleza,Moda y Belleza,69243.81
2024-04-01,RN-MAD-HI02,A,hogar_electronica,"Hogar, Electrónica y Electrodomésticos",158917.32
2024-04-01,RN-MAD-HI02,A,alimentacion_hosteleria,Alimentación y Hostelería,571084.25
2024-04-01,RN-MAD-HI03,A,moda_belleza,Moda y Belleza,77244.16
2024-04-01,RN-MAD-HI03,A,hogar_electronica,"Hogar, Electrónica y Electrodomésticos",177278.46
2024-04-01,RN-MAD-HI03,A,alimentacion_hosteleria,Alimentación y Hostelería,637066.72
2024-04-01,RN-MAD-HI04,A,moda_belleza,Moda y Belleza,83956.1
2024-04-01,RN-MAD-HI04,A,hogar_electronica,"Hogar, Electrónica y Electrodomésticos",192682.61
2024-04-01,RN-MAD-HI04,A,alimentacion_hosteleria,Alimentación y Hostelería,692422.99
2024-04-01,RN-MAD-HI05,A,moda_belleza,Moda y Belleza,80601.62
2024-04-01,RN-MAD-HI05,A,hogar_electronica,"Hogar, Electrónica y Electrodomésticos",184983.95
2024-04-01,RN-MAD-HI05,A,alimentacion_hosteleria,Alimentación y Hostelería,664757.14
2024-04-01,RN-SEV-CV01,D,moda_belleza,Moda y Belleza,10167.78
2024-04-01,RN-SEV-CV01,D,hogar_electronica,"Hogar, Electrónica y Electrodomésticos",29772.13
2024-04-01,RN-SEV-CV01,D,alimentacion_hosteleria,Alimentación y Hostelería,98468.27
2024-04-01,RN-SEV-CV02,D,moda_belleza,Moda y Belleza,12430.35
2024-04-01,RN-SEV-CV02,D,hogar_electronica,"Hogar, Electrónica y Electrodomésticos",36397.12
2024-04-01,RN-SEV-CV02,D,alimentacion_hosteleria,Alimentación y Hostelería,120379.75
2024-04-01,RN-SEV-CV03,D,moda_belleza,Moda y Belleza,9782.05
2024-04-01,RN-SEV-CV03,D,hogar_electronica,"Hogar, Electrónica y Electrodomésticos",28642.68
2024-04-01,RN-SEV-CV03,D,alimentacion_hosteleria,Alimentación y Hostelería,94732.74
2024-04-01,RN-SEV-CV04,D,moda_belleza,Moda y Belleza,9602.31
2024-04-01,RN-SEV-CV04,D,hogar_electronica,"Hogar, Electrónica y Electrodomésticos",28116.38
2024-04-01,RN-SEV-CV04,D,alimentacion_hosteleria,Alimentación y Hostelería,92992.06
2024-04-01,RN-SEV-CV05,D,moda_belleza,Moda y Belleza,8949.82
2024-04-01,RN-SEV-CV05,D,hogar_electronica,"Hogar, Electrónica y Electrodomésticos",26205.83
2024-04-01,RN-SEV-CV05,D,alimentacion_hosteleria,Alimentación y Hostelería,86673.1
2024-04-01,RN-SEV-CV06,D,moda_belleza,Moda y Belleza,10227.62
2024-04-01,RN-SEV-CV06,D,hogar_electronica,"Hogar, Electrónica y Electrodomésticos",29947.34
2024-04-01,RN-SEV-CV06,D,alimentacion_hosteleria,Alimentación y Hostelería,99047.77
2024-04-01,RN-SEV-CV07,D,moda_belleza,Moda y Belleza,10093.97
2024-04-01,RN-SEV-CV07,D,hogar_electronica,"Hogar, Electrónica y Electrodomésticos",29556.0
2024-04-01,RN-SEV-CV07,D,alimentacion_hosteleria,Alimentación y Hostelería,97753.43
2024-04-01,RN-SEV-CV08,D,moda_belleza,Moda y Belleza,11161.32
2024-04-01,RN-SEV-CV08,D,hogar_electronica,"Hogar, Electrónica y Electrodomésticos",32681.3
2024-04-01,RN-SEV-CV08,D,alimentacion_hosteleria,Alimentación y Hostelería,108090.06
2024-04-01,RN-SEV-CV09,D,moda_belleza,Moda y Belleza,10766.81
2024-04-01,RN-SEV-CV09,D,hogar_electronica,"Hogar, Electrónica y Electrodomésticos",31526.13
2024-04-01,RN-SEV-CV09,D,alimentacion_hosteleria,Alimentación y Hostelería,104269.46
2024-04-01,RN-SEV-CV10,D,moda_belleza,Moda y Belleza,10953.55
2024-04-01,RN-SEV-CV10,D,hogar_electronica,"Hogar, Electrónica y Electrodomésticos",32072.92
2024-04-01,RN-SEV-CV10,D,alimentacion_hosteleria,Alimentación y Hostelería,106077.92
2024-04-01,RN-SEV-ES01,D,moda_belleza,Moda y Belleza,186673.38
2024-04-01,RN-SEV-ES01,D,hogar_electronica,"Hogar, Electrónica y Electrodomésticos",41408.75
2024-04-01,RN-SEV-ES01,D,alimentacion_hosteleria,Alimentación y Hostelería,2900.23
2024-04-01,RN-SEV-ES02,D,moda_belleza,Moda y Belleza,158092.42
2024-04-01,RN-SEV-ES02,D,hogar_electronica,"Hogar, Electrónica y Electrodomésticos",35068.79
2024-04-01,RN-SEV-ES02,D,alimentacion_hosteleria,Alimentación y Hostelería,2456.18
2024-04-01,RN-SEV-ES03,D,moda_belleza,Moda y Belleza,170255.06
2024-04-01,RN-SEV-ES03,D,hogar_electronica,"Hogar, Electrónica y Electrodomésticos",37766.76
2024-04-01,RN-SEV-ES03,D,alimentacion_hosteleria,Alimentación y Hostelería,2645.15
2024-04-01,RN-SEV-ES04,D,moda_belleza,Moda y Belleza,142927.25
2024-04-01,RN-SEV-ES04,D,hogar_electronica,"Hogar, Electrónica y Electrodomésticos",31704.78
2024-04-01,RN-SEV-ES04,D,alimentacion_hosteleria,Alimentación y Hostelería,2220.57
2024-04-01,RN-SEV-ES05,D,moda_belleza,Moda y Belleza,137165.14
2024-04-01,RN-SEV-ES05,D,hogar_electronica,"Hogar, Electrónica y Electrodomésticos",30426.6
2024-04-01,RN-SEV-ES05,D,alimentacion_hosteleria,Alimentación y Hostelería,2131.05
2024-04-01,RN-SEV-ES06,D,moda_belleza,Moda y Belleza,185287.06
2024-04-01,RN-SEV-ES06,D,hogar_electronica,"Hogar, Electrónica y Electrodomésticos",41101.23
2024-04-01,RN-SEV-ES06,D,alimentacion_hosteleria,Alimentación y Hostelería,2878.69
2024-04-01,RN-SEV-ES07,D,moda_belleza,Moda y Belleza,191427.64
2024-04-01,RN-SEV-ES07,D,hogar_electronica,"Hogar, Electrónica y Electrodomésticos",42463.37
2024-04-01,RN-SEV-ES07,D,alimentacion_hosteleria,Alimentación y Hostelería,2974.09
2024-04-01,RN-SEV-ES08,D,moda_belleza,Moda y Belleza,176088.62
2024-04-01,RN-SEV-ES08,D,hogar_electronica,"Hogar, Electrónica y Electrodomésticos",39060.79
2024-04-01,RN-SEV-ES08,D,alimentacion_hosteleria,Alimentación y Hostelería,2735.78
2024-04-01,RN-SEV-ES09,D,moda_belleza,Moda y Belleza,165060.04
2024-04-01,RN-SEV-ES09,D,hogar_electronica,"Hogar, Electrónica y Electrodomésticos",36614.38
2024-04-01,RN-SEV-ES09,D,alimentacion_hosteleria,Alimentación y Hostelería,2564.44
2024-04-01,RN-SEV-ES10,D,moda_belleza,Moda y Belleza,165927.33
2024-04-01,RN-SEV-ES10,D,hogar_electronica,"Hogar, Electrónica y Electrodomésticos",36806.77
2024-04-01,RN-SEV-ES10,D,alimentacion_hosteleria,Alimentación y Hostelería,2577.91
2024-04-01,RN-SEV-ES11,D,moda_belleza,Moda y Belleza,166879.08
2024-04-01,RN-SEV-ES11,D,hogar_electronica,"Hogar, Electrónica y Electrodomésticos",37017.89
2024-04-01,RN-SEV-ES11,D,alimentacion_hosteleria,Alimentación y Hostelería,2592.7
2024-04-01,RN-SEV-ES12,D,moda_belleza,Moda y Belleza,152257.0
2024-04-01,RN-SEV-ES12,D,hogar_electronica,"Hogar, Electrónica y Electrodomésticos",33774.35
2024-04-01,RN-SEV-ES12,D,alimentacion_hosteleria,Alimentación y Hostelería,2365.52
2024-04-01,RN-SEV-GA01,D,moda_belleza,Moda y Belleza,707520.0
2024-04-01,RN-SEV-GA01,D,hogar_electronica,"Hogar, Electrónica y Electrodomésticos",1140924.52
2024-04-01,RN-SEV-GA01,D,alimentacion_hosteleria,Alimentación y Hostelería,168229.94
2024-04-01,RN-SEV-HI01,D,moda_belleza,Moda y Belleza,50742.39
2024-04-01,RN-SEV-HI01,D,hogar_electronica,"Hogar, Electrónica y Electrodomésticos",173341.04
2024-04-01,RN-SEV-HI01,D,alimentacion_hosteleria,Alimentación y Hostelería,338203.39
2024-04-01,RN-SEV-HI02,D,moda_belleza,Moda y Belleza,55018.04
2024-04-01,RN-SEV-HI02,D,hogar_electronica,"Hogar, Electrónica y Electrodomésticos",187947.1
2024-04-01,RN-SEV-HI02,D,alimentacion_hosteleria,Alimentación y Hostelería,366701.08
2024-04-01,RN-SEV-HI03,D,moda_belleza,Moda y Belleza,49543.55
2024-04-01,RN-SEV-HI03,D,hogar_electronica,"Hogar, Electrónica y Electrodomésticos",169245.68
2024-04-01,RN-SEV-HI03,D,alimentacion_hosteleria,Alimentación y Hostelería,330212.99
2024-04-01,RN-SEV-HI04,D,moda_belleza,Moda y Belleza,66958.87
2024-04-01,RN-SEV-HI04,D,hogar_electronica,"Hogar, Electrónica y Electrodomésticos",228738.14
2024-04-01,RN-SEV-HI04,D,alimentacion_hosteleria,Alimentación y Hostelería,446287.94
2024-04-01,RN-VLC-CV01,C,moda_belleza,Moda y Belleza,6800.22
2024-04-01,RN-VLC-CV01,C,hogar_electronica,"Hogar, Electrónica y Electrodomésticos",14275.9
2024-04-01,RN-VLC-CV01,C,alimentacion_hosteleria,Alimentación y Hostelería,128953.6
2024-04-01,RN-VLC-CV02,C,moda_belleza,Moda y Belleza,7294.84
2024-04-01,RN-VLC-CV02,C,hogar_electronica,"Hogar, Electrónica y Electrodomésticos",15314.26
2024-04-01,RN-VLC-CV02,C,alimentacion_hosteleria,Alimentación y Hostelería,138333.09
2024-04-01,RN-VLC-CV03,C,moda_belleza,Moda y Belleza,8032.23
2024-04-01,RN-VLC-CV03,C,hogar_electronica,"Hogar, Electrónica y Electrodomésticos",16862.28
2024-04-01,RN-VLC-CV03,C,alimentacion_hosteleria,Alimentación y Hostelería,152316.31
2024-04-01,RN-VLC-CV04,C,moda_belleza,Moda y Belleza,6471.83
2024-04-01,RN-VLC-CV04,C,hogar_electronica,"Hogar, Electrónica y Electrodomésticos",13586.49
2024-04-01,RN-VLC-CV04,C,alimentacion_hosteleria,Alimentación y Hostelería,122726.27
2024-04-01,RN-VLC-CV05,C,moda_belleza,Moda y Belleza,5647.98
2024-04-01,RN-VLC-CV05,C,hogar_electronica,"Hogar, Electrónica y Electrodomésticos",11856.97
2024-04-01,RN-VLC-CV05,C,alimentacion_hosteleria,Alimentación y Hostelería,107103.51
2024-04-01,RN-VLC-CV06,C,moda_belleza,Moda y Belleza,8179.15
2024-04-01,RN-VLC-CV06,C,hogar_electronica,"Hogar, Electrónica y Electrodomésticos",17170.72
2024-04-01,RN-VLC-CV06,C,alimentacion_hosteleria,Alimentación y Hostelería,155102.47
2024-04-01,RN-VLC-CV07,C,moda_belleza,Moda y Belleza,6577.49
2024-04-01,RN-VLC-CV07,C,hogar_electronica,"Hogar, Electrónica y Electrodomésticos",13808.31
2024-04-01,RN-VLC-CV07,C,alimentacion_hosteleria,Alimentación y Hostelería,124729.95
2024-04-01,RN-VLC-CV08,C,moda_belleza,Moda y Belleza,5890.23
2024-04-01,RN-VLC-CV08,C,hogar_electronica,"Hogar, Electrónica y Electrodomésticos",12365.52
2024-04-01,RN-VLC-CV08,C,alimentacion_hosteleria,Alimentación y Hostelería,111697.28
2024-04-01,RN-VLC-CV09,C,moda_belleza,Moda y Belleza,6001.16
2024-04-01,RN-VLC-CV09,C,hogar_electronica,"Hogar, Electrónica y Electrodomésticos",12598.42
2024-04-01,RN-VLC-CV09,C,alimentacion_hosteleria,Alimentación y Hostelería,113800.99
2024-04-01,RN-VLC-ES01,C,moda_belleza,Moda y Belleza,189386.09
2024-04-01,RN-VLC-ES01,C,hogar_electronica,"Hogar, Electrónica y Electrodomésticos",30119.97
2024-04-01,RN-VLC-ES01,C,alimentacion_hosteleria,Alimentación y Hostelería,5761.54
2024-04-01,RN-VLC-ES02,C,moda_belleza,Moda y Belleza,138633.05
2024-04-01,RN-VLC-ES02,C,hogar_electronica,"Hogar, Electrónica y Electrodomésticos",22048.21
2024-04-01,RN-VLC-ES02,C,alimentacion_hosteleria,Alimentación y Hostelería,4217.52
2024-04-01,RN-VLC-ES03,C,moda_belleza,Moda y Belleza,156240.78
2024-04-01,RN-VLC-ES03,C,hogar_electronica,"Hogar, Electrónica y Electrodomésticos",24848.54
2024-04-01,RN-VLC-ES03,C,alimentacion_hosteleria,Alimentación y Hostelería,4753.18
2024-04-01,RN-VLC-ES04,C,moda_belleza,Moda y Belleza,173978.1
2024-04-01,RN-VLC-ES04,C,hogar_electronica,"Hogar, Electrónica y Electrodomésticos",27669.49
2024-04-01,RN-VLC-ES04,C,alimentacion_hosteleria,Alimentación y Hostelería,5292.79
2024-04-01,RN-VLC-ES05,C,moda_belleza,Moda y Belleza,177325.67
2024-04-01,RN-VLC-ES05,C,hogar_electronica,"Hogar, Electrónica y Electrodomésticos",28201.88
2024-04-01,RN-VLC-ES05,C,alimentacion_hosteleria,Alimentación y Hostelería,5394.63
2024-04-01,RN-VLC-ES06,C,moda_belleza,Moda y Belleza,136788.51
2024-04-01,RN-VLC-ES06,C,hogar_electronica,"Hogar, Electrónica y Electrodomésticos",21754.85
2024-04-01,RN-VLC-ES06,C,alimentacion_hosteleria,Alimentación y Hostelería,4161.4
2024-04-01,RN-VLC-ES07,C,moda_belleza,Moda y Belleza,163160.25
2024-04-01,RN-VLC-ES07,C,hogar_electronica,"Hogar, Electrónica y Electrodomésticos",25949.01
2024-04-01,RN-VLC-ES07,C,alimentacion_hosteleria,Alimentación y Hostelería,4963.69
2024-04-01,RN-VLC-ES08,C,moda_belleza,Moda y Belleza,195451.94
2024-04-01,RN-VLC-ES08,C,hogar_electronica,"Hogar, Electrónica y Electrodomésticos",31084.69
2024-04-01,RN-VLC-ES08,C,alimentacion_hosteleria,Alimentación y Hostelería,5946.07
2024-04-01,RN-VLC-ES09,C,moda_belleza,Moda y Belleza,171878.82
2024-04-01,RN-VLC-ES09,C,hogar_electronica,"Hogar, Electrónica y Electrodomésticos",27335.62
2024-04-01,RN-VLC-ES09,C,alimentacion_hosteleria,Alimentación y Hostelería,5228.93
2024-04-01,RN-VLC-ES10,C,moda_belleza,Moda y Belleza,149842.03
2024-04-01,RN-VLC-ES10,C,hogar_electronica,"Hogar, Electrónica y Electrodomésticos",23830.89
2024-04-01,RN-VLC-ES10,C,alimentacion_hosteleria,Alimentación y Hostelería,4558.52
2024-04-01,RN-VLC-GA01,C,moda_belleza,Moda y Belleza,1221356.38
2024-04-01,RN-VLC-GA01,C,hogar_electronica,"Hogar, Electrónica y Electrodomésticos",1412073.67
2024-04-01,RN-VLC-GA01,C,alimentacion_hosteleria,Alimentación y Hostelería,568653.12
2024-04-01,RN-VLC-HI01,C,moda_belleza,Moda y Belleza,48839.49
2024-04-01,RN-VLC-HI01,C,hogar_electronica,"Hogar, Electrónica y Electrodomésticos",119618.51
2024-04-01,RN-VLC-HI01,C,alimentacion_hosteleria,Alimentación y Hostelería,637409.64
2024-04-01,RN-VLC-HI02,C,moda_belleza,Moda y Belleza,50785.48
2024-04-01,RN-VLC-HI02,C,hogar_electronica,"Hogar, Electrónica y Electrodomésticos",124384.64
2024-04-01,RN-VLC-HI02,C,alimentacion_hosteleria,Alimentación y Hostelería,662806.88
2024-04-01,RN-VLC-HI03,C,moda_belleza,Moda y Belleza,52695.83
2024-04-01,RN-VLC-HI03,C,hogar_electronica,"Hogar, Electrónica y Electrodomésticos",129063.51
2024-04-01,RN-VLC-HI03,C,alimentacion_hosteleria,Alimentación y Hostelería,687739.11
2024-04-01,RN-VLC-HI04,C,moda_belleza,Moda y Belleza,45511.27
2024-04-01,RN-VLC-HI04,C,hogar_electronica,"Hogar, Electrónica y Electrodomésticos",111466.96
2024-04-01,RN-VLC-HI04,C,alimentacion_hosteleria,Alimentación y Hostelería,593972.62
2024-04-01,RN-VLC-HI05,C,moda_belleza,Moda y Belleza,52930.09
2024-04-01,RN-VLC-HI05,C,hogar_electronica,"Hogar, Electrónica y Electrodomésticos",129637.28
2024-04-01,RN-VLC-HI05,C,alimentacion_hosteleria,Alimentación y Hostelería,690796.55
2024-04-01,RN-VLC-HI06,C,moda_belleza,Moda y Belleza,48633.83
2024-04-01,RN-VLC-HI06,C,hogar_electronica,"Hogar, Electrónica y Electrodomésticos",119114.8
2024-04-01,RN-VLC-HI06,C,alimentacion_hosteleria,Alimentación y Hostelería,634725.53
2024-04-01,RN-VLC-HI07,C,moda_belleza,Moda y Belleza,39176.92
2024-04-01,RN-VLC-HI07,C,hogar_electronica,"Hogar, Electrónica y Electrodomésticos",95952.78
2024-04-01,RN-VLC-HI07,C,alimentacion_hosteleria,Alimentación y Hostelería,511302.38
2024-05-01,RN-BCN-CV01,B,moda_belleza,Moda y Belleza,10953.73
2024-05-01,RN-BCN-CV01,B,hogar_electronica,"Hogar, Electrónica y Electrodomésticos",24206.44
2024-05-01,RN-BCN-CV01,B,alimentacion_hosteleria,Alimentación y Hostelería,136121.36
2024-05-01,RN-BCN-CV02,B,moda_belleza,Moda y Belleza,12108.87
2024-05-01,RN-BCN-CV02,B,hogar_electronica,"Hogar, Electrónica y Electrodomésticos",26759.15
2024-05-01,RN-BCN-CV02,B,alimentacion_hosteleria,Alimentación y Hostelería,150476.18
2024-05-01,RN-BCN-CV03,B,moda_belleza,Moda y Belleza,13096.58
2024-05-01,RN-BCN-CV03,B,hogar_electronica,"Hogar, Electrónica y Electrodomésticos",28941.88
2024-05-01,RN-BCN-CV03,B,alimentacion_hosteleria,Alimentación y Hostelería,162750.43
2024-05-01,RN-BCN-CV04,B,moda_belleza,Moda y Belleza,9925.21
2024-05-01,RN-BCN-CV04,B,hogar_electronica,"Hogar, Electrónica y Electrodomésticos",21933.54
2024-05-01,RN-BCN-CV04,B,alimentacion_hosteleria,Alimentación y Hostelería,123340.04
2024-05-01,RN-BCN-CV05,B,moda_belleza,Moda y Belleza,10357.11
2024-05-01,RN-BCN-CV05,B,hogar_electronica,"Hogar, Electrónica y Electrodomésticos",22887.98
2024-05-01,RN-BCN-CV05,B,alimentacion_hosteleria,Alimentación y Hostelería,128707.19
2024-05-01,RN-BCN-CV06,B,moda_belleza,Moda y Belleza,10735.46
2024-05-01,RN-BCN-CV06,B,hogar_electronica,"Hogar, Electrónica y Electrodomésticos",23724.09
2024-05-01,RN-BCN-CV06,B,alimentacion_hosteleria,Alimentación y Hostelería,133408.94
2024-05-01,RN-BCN-CV07,B,moda_belleza,Moda y Belleza,10807.8
2024-05-01,RN-BCN-CV07,B,hogar_electronica,"Hogar, Electrónica y Electrodomésticos",23883.94
2024-05-01,RN-BCN-CV07,B,alimentacion_hosteleria,Alimentación y Hostelería,134307.85
2024-05-01,RN-BCN-CV08,B,moda_belleza,Moda y Belleza,10721.74
2024-05-01,RN-BCN-CV08,B,hogar_electronica,"Hogar, Electrónica y Electrodomésticos",23693.77
2024-05-01,RN-BCN-CV08,B,alimentacion_hosteleria,Alimentación y Hostelería,133238.46
2024-05-01,RN-BCN-ES01,B,moda_belleza,Moda y Belleza,189316.66
2024-05-01,RN-BCN-ES01,B,hogar_electronica,"Hogar, Electrónica y Electrodomésticos",31694.49
2024-05-01,RN-BCN-ES01,B,alimentacion_hosteleria,Alimentación y Hostelería,3774.27
2024-05-01,RN-BCN-ES02,B,moda_belleza,Moda y Belleza,215999.2
2024-05-01,RN-BCN-ES02,B,hogar_electronica,"Hogar, Electrónica y Electrodomésticos",36161.55
2024-05-01,RN-BCN-ES02,B,alimentacion_hosteleria,Alimentación y Hostelería,4306.22
2024-05-01,RN-BCN-ES03,B,moda_belleza,Moda y Belleza,225774.46
2024-05-01,RN-BCN-ES03,B,hogar_electronica,"Hogar, Electrónica y Electrodomésticos",37798.08
2024-05-01,RN-BCN-ES03,B,alimentacion_hosteleria,Alimentación y Hostelería,4501.1
2024-05-01,RN-BCN-ES04,B,moda_belleza,Moda y Belleza,206671.5
2024-05-01,RN-BCN-ES04,B,hogar_electronica,"Hogar, Electrónica y Electrodomésticos",34599.96
2024-05-01,RN-BCN-ES04,B,alimentacion_hosteleria,Alimentación y Hostelería,4120.26
2024-05-01,RN-BCN-ES05,B,moda_belleza,Moda y Belleza,231503.02
2024-05-01,RN-BCN-ES05,B,hogar_electronica,"Hogar, Electrónica y Electrodomésticos",38757.13
2024-05-01,RN-BCN-ES05,B,alimentacion_hosteleria,Alimentación y Hostelería,4615.31
2024-05-01,RN-BCN-ES06,B,moda_belleza,Moda y Belleza,214596.38
2024-05-01,RN-BCN-ES06,B,hogar_electronica,"Hogar, Electrónica y Electrodomésticos",35926.7
2024-05-01,RN-BCN-ES06,B,alimentacion_hosteleria,Alimentación y Hostelería,4278.25
2024-05-01,RN-BCN-ES07,B,moda_belleza,Moda y Belleza,211732.42
2024-05-01,RN-BCN-ES07,B,hogar_electronica,"Hogar, Electrónica y Electrodomésticos",35447.23
2024-05-01,RN-BCN-ES07,B,alimentacion_hosteleria,Alimentación y Hostelería,4221.16
2024-05-01,RN-BCN-ES08,B,moda_belleza,Moda y Belleza,167694.68
2024-05-01,RN-BCN-ES08,B,hogar_electronica,"Hogar, Electrónica y Electrodomésticos",28074.64
2024-05-01,RN-BCN-ES08,B,alimentacion_hosteleria,Alimentación y Hostelería,3343.21
2024-05-01,RN-BCN-ES09,B,moda_belleza,Moda y Belleza,215787.04
2024-05-01,RN-BCN-ES09,B,hogar_electronica,"Hogar, Electrónica y Electrodomésticos",36126.04
2024-05-01,RN-BCN-ES09,B,alimentacion_hosteleria,Alimentación y Hostelería,4301.99
2024-05-01,RN-BCN-ES10,B,moda_belleza,Moda y Belleza,198367.7
2024-05-01,RN-BCN-ES10,B,hogar_electronica,"Hogar, Electrónica y Electrodomésticos",33209.77
2024-05-01,RN-BCN-ES10,B,alimentacion_hosteleria,Alimentación y Hostelería,3954.71
2024-05-01,RN-BCN-ES11,B,moda_belleza,Moda y Belleza,209814.27
2024-05-01,RN-BCN-ES11,B,hogar_electronica,"Hogar, Electrónica y Electrodomésticos",35126.1
2024-05-01,RN-BCN-ES11,B,alimentacion_hosteleria,Alimentación y Hostelería,4182.91
2024-05-01,RN-BCN-ES12,B,moda_belleza,Moda y Belleza,186634.34
2024-05-01,RN-BCN-ES12,B,hogar_electronica,"Hogar, Electrónica y Electrodomésticos",31245.43
2024-05-01,RN-BCN-ES12,B,alimentacion_hosteleria,Alimentación y Hostelería,3720.79
2024-05-01,RN-BCN-ES13,B,moda_belleza,Moda y Belleza,221026.3
2024-05-01,RN-BCN-ES13,B,hogar_electronica,"Hogar, Electrónica y Electrodomésticos",37003.17
2024-05-01,RN-BCN-ES13,B,alimentacion_hosteleria,Alimentación y Hostelería,4406.44
2024-05-01,RN-BCN-ES14,B,moda_belleza,Moda y Belleza,238687.41
2024-05-01,RN-BCN-ES14,B,hogar_electronica,"Hogar, Electrónica y Electrodomésticos",39959.91
2024-05-01,RN-BCN-ES14,B,alimentacion_hosteleria,Alimentación y Hostelería,4758.54
2024-05-01,RN-BCN-GA01,B,moda_belleza,Moda y Belleza,1534397.13
2024-05-01,RN-BCN-GA01,B,hogar_electronica,"Hogar, Electrónica y Electrodomésticos",1867416.37
2024-05-01,RN-BCN-GA01,B,alimentacion_hosteleria,Alimentación y Hostelería,468162.41
2024-05-01,RN-BCN-GA02,B,moda_belleza,Moda y Belleza,1751400.07
2024-05-01,RN-BCN-GA02,B,hogar_electronica,"Hogar, Electrónica y Electrodomésticos",2131516.74
2024-05-01,RN-BCN-GA02,B,alimentacion_hosteleria,Alimentación y Hostelería,534372.54
2024-05-01,RN-BCN-HI01,B,moda_belleza,Moda y Belleza,59832.48
2024-05-01,RN-BCN-HI01,B,hogar_electronica,"Hogar, Electrónica y Electrodomésticos",154259.77
2024-05-01,RN-BCN-HI01,B,alimentacion_hosteleria,Alimentación y Hostelería,511726.89
2024-05-01,RN-BCN-HI02,B,moda_belleza,Moda y Belleza,93569.23
2024-05-01,RN-BCN-HI02,B,hogar_electronica,"Hogar, Electrónica y Electrodomésticos",241239.67
2024-05-01,RN-BCN-HI02,B,alimentacion_hosteleria,Alimentación y Hostelería,800265.86
2024-05-01,RN-BCN-HI03,B,moda_belleza,Moda y Belleza,59016.64
2024-05-01,RN-BCN-HI03,B,hogar_electronica,"Hogar, Electrónica y Electrodomésticos",152156.37
2024-05-01,RN-BCN-HI03,B,alimentacion_hosteleria,Alimentación y Hostelería,504749.29
2024-05-01,RN-BCN-HI04,B,moda_belleza,Moda y Belleza,75119.97
2024-05-01,RN-BCN-HI04,B,hogar_electronica,"Hogar, Electrónica y Electrodomésticos",193673.88
2024-05-01,RN-BCN-HI04,B,alimentacion_hosteleria,Alimentación y Hostelería,642475.57
2024-05-01,RN-BIO-CV01,E,moda_belleza,Moda y Belleza,11021.46
2024-05-01,RN-BIO-CV01,E,hogar_electronica,"Hogar, Electrónica y Electrodomésticos",29299.52
2024-05-01,RN-BIO-CV01,E,alimentacion_hosteleria,Alimentación y Hostelería,148033.77
2024-05-01,RN-BIO-CV02,E,moda_belleza,Moda y Belleza,10919.57
2024-05-01,RN-BIO-CV02,E,hogar_electronica,"Hogar, Electrónica y Electrodomésticos",29028.66
2024-05-01,RN-BIO-CV02,E,alimentacion_hosteleria,Alimentación y Hostelería,146665.29
2024-05-01,RN-BIO-CV03,E,moda_belleza,Moda y Belleza,10049.62
2024-05-01,RN-BIO-CV03,E,hogar_electronica,"Hogar, Electrónica y Electrodomésticos",26715.97
2024-05-01,RN-BIO-CV03,E,alimentacion_hosteleria,Alimentación y Hostelería,134980.6
2024-05-01,RN-BIO-CV04,E,moda_belleza,Moda y Belleza,11583.22
2024-05-01,RN-BIO-CV04,E,hogar_electronica,"Hogar, Electrónica y Electrodomésticos",30792.93
2024-05-01,RN-BIO-CV04,E,alimentacion_hosteleria,Alimentación y Hostelería,155579.13
2024-05-01,RN-BIO-ES01,E,moda_belleza,Moda y Belleza,187359.21
2024-05-01,RN-BIO-ES01,E,hogar_electronica,"Hogar, Electrónica y Electrodomésticos",37733.11
2024-05-01,RN-BIO-ES01,E,alimentacion_hosteleria,Alimentación y Hostelería,4037.17
2024-05-01,RN-BIO-ES02,E,moda_belleza,Moda y Belleza,166543.17
2024-05-01,RN-BIO-ES02,E,hogar_electronica,"Hogar, Electrónica y Electrodomésticos",33540.88
2024-05-01,RN-BIO-ES02,E,alimentacion_hosteleria,Alimentación y Hostelería,3588.63
2024-05-01,RN-BIO-ES03,E,moda_belleza,Moda y Belleza,255520.76
2024-05-01,RN-BIO-ES03,E,hogar_electronica,"Hogar, Electrónica y Electrodomésticos",51460.47
2024-05-01,RN-BIO-ES03,E,alimentacion_hosteleria,Alimentación y Hostelería,5505.89
2024-05-01,RN-BIO-ES04,E,moda_belleza,Moda y Belleza,218442.9
2024-05-01,RN-BIO-ES04,E,hogar_electronica,"Hogar, Electrónica y Electrodomésticos",43993.2
2024-05-01,RN-BIO-ES04,E,alimentacion_hosteleria,Alimentación y Hostelería,4706.95
2024-05-01,RN-BIO-ES05,E,moda_belleza,Moda y Belleza,209281.29
2024-05-01,RN-BIO-ES05,E,hogar_electronica,"Hogar, Electrónica y Electrodomésticos",42148.1
2024-05-01,RN-BIO-ES05,E,alimentacion_hosteleria,Alimentación y Hostelería,4509.54
2024-05-01,RN-BIO-ES06,E,moda_belleza,Moda y Belleza,249714.48
2024-05-01,RN-BIO-ES06,E,hogar_electronica,"Hogar, Electrónica y Electrodomésticos",50291.12
2024-05-01,RN-BIO-ES06,E,alimentacion_hosteleria,Alimentación y Hostelería,5380.78
2024-05-01,RN-BIO-ES07,E,moda_belleza,Moda y Belleza,207284.12
2024-05-01,RN-BIO-ES07,E,hogar_electronica,"Hogar, Electrónica y Electrodomésticos",41745.88
2024-05-01,RN-BIO-ES07,E,alimentacion_hosteleria,Alimentación y Hostelería,4466.5
2024-05-01,RN-BIO-GA01,E,moda_belleza,Moda y Belleza,1006334.06
2024-05-01,RN-BIO-GA01,E,hogar_electronica,"Hogar, Electrónica y Electrodomésticos",1473323.78
2024-05-01,RN-BIO-GA01,E,alimentacion_hosteleria,Alimentación y Hostelería,331862.74
2024-05-01,RN-BIO-HI01,E,moda_belleza,Moda y Belleza,69252.01
2024-05-01,RN-BIO-HI01,E,hogar_electronica,"Hogar, Electrónica y Electrodomésticos",214783.38
2024-05-01,RN-BIO-HI01,E,alimentacion_hosteleria,Alimentación y Hostelería,640163.85
2024-05-01,RN-BIO-HI02,E,moda_belleza,Moda y Belleza,52865.55
2024-05-01,RN-BIO-HI02,E,hogar_electronica,"Hogar, Electrónica y Electrodomésticos",163961.18
2024-05-01,RN-BIO-HI02,E,alimentacion_hosteleria,Alimentación y Hostelería,488687.83
2024-05-01,RN-MAD-CV01,A,moda_belleza,Moda y Belleza,11594.58
2024-05-01,RN-MAD-CV01,A,hogar_electronica,"Hogar, Electrónica y Electrodomésticos",22808.6
2024-05-01,RN-MAD-CV01,A,alimentacion_hosteleria,Alimentación y Hostelería,138943.22
2024-05-01,RN-MAD-CV02,A,moda_belleza,Moda y Belleza,12021.79
2024-05-01,RN-MAD-CV02,A,hogar_electronica,"Hogar, Electrónica y Electrodomésticos",23648.99
2024-05-01,RN-MAD-CV02,A,alimentacion_hosteleria,Alimentación y Hostelería,144062.63
2024-05-01,RN-MAD-CV03,A,moda_belleza,Moda y Belleza,11342.83
2024-05-01,RN-MAD-CV03,A,hogar_electronica,"Hogar, Electrónica y Electrodomésticos",22313.35
2024-05-01,RN-MAD-CV03,A,alimentacion_hosteleria,Alimentación y Hostelería,135926.36
2024-05-01,RN-MAD-CV04,A,moda_belleza,Moda y Belleza,13463.6
2024-05-01,RN-MAD-CV04,A,hogar_electronica,"Hogar, Electrónica y Electrodomésticos",26485.29
2024-05-01,RN-MAD-CV04,A,alimentacion_hosteleria,Alimentación y Hostelería,161340.58
2024-05-01,RN-MAD-CV05,A,moda_belleza,Moda y Belleza,9606.23
2024-05-01,RN-MAD-CV05,A,hogar_electronica,"Hogar, Electrónica y Electrodomésticos",18897.16
2024-05-01,RN-MAD-CV05,A,alimentacion_hosteleria,Alimentación y Hostelería,115115.92
2024-05-01,RN-MAD-CV06,A,moda_belleza,Moda y Belleza,11178.38
2024-05-01,RN-MAD-CV06,A,hogar_electronica,"Hogar, Electrónica y Electrodomésticos",21989.86
2024-05-01,RN-MAD-CV06,A,alimentacion_hosteleria,Alimentación y Hostelería,133955.72
2024-05-01,RN-MAD-CV07,A,moda_belleza,Moda y Belleza,10894.32
2024-05-01,RN-MAD-CV07,A,hogar_electronica,"Hogar, Electrónica y Electrodomésticos",21431.06
2024-05-01,RN-MAD-CV07,A,alimentacion_hosteleria,Alimentación y Hostelería,130551.68
2024-05-01,RN-MAD-CV08,A,moda_belleza,Moda y Belleza,13790.41
2024-05-01,RN-MAD-CV08,A,hogar_electronica,"Hogar, Electrónica y Electrodomésticos",27128.19
2024-05-01,RN-MAD-CV08,A,alimentacion_hosteleria,Alimentación y Hostelería,165256.89
2024-05-01,RN-MAD-CV09,A,moda_belleza,Moda y Belleza,13441.86
2024-05-01,RN-MAD-CV09,A,hogar_electronica,"Hogar, Electrónica y Electrodomésticos",26442.53
2024-05-01,RN-MAD-CV09,A,alimentacion_hosteleria,Alimentación y Hostelería,161080.04
2024-05-01,RN-MAD-CV10,A,moda_belleza,Moda y Belleza,12571.87
2024-05-01,RN-MAD-CV10,A,hogar_electronica,"Hogar, Electrónica y Electrodomésticos",24731.09
2024-05-01,RN-MAD-CV10,A,alimentacion_hosteleria,Alimentación y Hostelería,150654.49
2024-05-01,RN-MAD-ES01,A,moda_belleza,Moda y Belleza,277786.06
2024-05-01,RN-MAD-ES01,A,hogar_electronica,"Hogar, Electrónica y Electrodomésticos",41398.06
2024-05-01,RN-MAD-ES01,A,alimentacion_hosteleria,Alimentación y Hostelería,5340.38
2024-05-01,RN-MAD-ES02,A,moda_belleza,Moda y Belleza,190285.16
2024-05-01,RN-MAD-ES02,A,hogar_electronica,"Hogar, Electrónica y Electrodomésticos",28357.93
2024-05-01,RN-MAD-ES02,A,alimentacion_hosteleria,Alimentación y Hostelería,3658.2
2024-05-01,RN-MAD-ES03,A,moda_belleza,Moda y Belleza,238509.91
2024-05-01,RN-MAD-ES03,A,hogar_electronica,"Hogar, Electrónica y Electrodomésticos",35544.79
2024-05-01,RN-MAD-ES03,A,alimentacion_hosteleria,Alimentación y Hostelería,4585.31
2024-05-01,RN-MAD-ES04,A,moda_belleza,Moda y Belleza,236564.16
2024-05-01,RN-MAD-ES04,A,hogar_electronica,"Hogar, Electrónica y Electrodomésticos",35254.82
2024-05-01,RN-MAD-ES04,A,alimentacion_hosteleria,Alimentación y Hostelería,4547.9
2024-05-01,RN-MAD-ES05,A,moda_belleza,Moda y Belleza,198445.43
2024-05-01,RN-MAD-ES05,A,hogar_electronica,"Hogar, Electrónica y Electrodomésticos",29574.04
2024-05-01,RN-MAD-ES05,A,alimentacion_hosteleria,Alimentación y Hostelería,3815.07
2024-05-01,RN-MAD-ES06,A,moda_belleza,Moda y Belleza,236102.14
2024-05-01,RN-MAD-ES06,A,hogar_electronica,"Hogar, Electrónica y Electrodomésticos",35185.97
2024-05-01,RN-MAD-ES06,A,alimentacion_hosteleria,Alimentación y Hostelería,4539.02
2024-05-01,RN-MAD-ES07,A,moda_belleza,Moda y Belleza,249789.52
2024-05-01,RN-MAD-ES07,A,hogar_electronica,"Hogar, Electrónica y Electrodomésticos",37225.78
2024-05-01,RN-MAD-ES07,A,alimentacion_hosteleria,Alimentación y Hostelería,4802.15
2024-05-01,RN-MAD-ES08,A,moda_belleza,Moda y Belleza,242098.64
2024-05-01,RN-MAD-ES08,A,hogar_electronica,"Hogar, Electrónica y Electrodomésticos",36079.62
2024-05-01,RN-MAD-ES08,A,alimentacion_hosteleria,Alimentación y Hostelería,4654.3
2024-05-01,RN-MAD-ES09,A,moda_belleza,Moda y Belleza,235515.16
2024-05-01,RN-MAD-ES09,A,hogar_electronica,"Hogar, Electrónica y Electrodomésticos",35098.49
2024-05-01,RN-MAD-ES09,A,alimentacion_hosteleria,Alimentación y Hostelería,4527.73
2024-05-01,RN-MAD-ES10,A,moda_belleza,Moda y Belleza,241813.94
2024-05-01,RN-MAD-ES10,A,hogar_electronica,"Hogar, Electrónica y Electrodomésticos",36037.19
2024-05-01,RN-MAD-ES10,A,alimentacion_hosteleria,Alimentación y Hostelería,4648.83
2024-05-01,RN-MAD-ES11,A,moda_belleza,Moda y Belleza,189851.78
2024-05-01,RN-MAD-ES11,A,hogar_electronica,"Hogar, Electrónica y Electrodomésticos",28293.34
2024-05-01,RN-MAD-ES11,A,alimentacion_hosteleria,Alimentación y Hostelería,3649.86
2024-05-01,RN-MAD-ES12,A,moda_belleza,Moda y Belleza,250588.13
2024-05-01,RN-MAD-ES12,A,hogar_electronica,"Hogar, Electrónica y Electrodomésticos",37344.79
2024-05-01,RN-MAD-ES12,A,alimentacion_hosteleria,Alimentación y Hostelería,4817.51
2024-05-01,RN-MAD-ES13,A,moda_belleza,Moda y Belleza,233908.93
2024-05-01,RN-MAD-ES13,A,hogar_electronica,"Hogar, Electrónica y Electrodomésticos",34859.12
2024-05-01,RN-MAD-ES13,A,alimentacion_hosteleria,Alimentación y Hostelería,4496.85
2024-05-01,RN-MAD-ES14,A,moda_belleza,Moda y Belleza,188119.53
2024-05-01,RN-MAD-ES14,A,hogar_electronica,"Hogar, Electrónica y Electrodomésticos",28035.19
2024-05-01,RN-MAD-ES14,A,alimentacion_hosteleria,Alimentación y Hostelería,3616.56
2024-05-01,RN-MAD-ES15,A,moda_belleza,Moda y Belleza,221649.81
2024-05-01,RN-MAD-ES15,A,hogar_electronica,"Hogar, Electrónica y Electrodomésticos",33032.16
2024-05-01,RN-MAD-ES15,A,alimentacion_hosteleria,Alimentación y Hostelería,4261.17
2024-05-01,RN-MAD-ES16,A,moda_belleza,Moda y Belleza,221995.62
2024-05-01,RN-MAD-ES16,A,hogar_electronica,"Hogar, Electrónica y Electrodomésticos",33083.69
2024-05-01,RN-MAD-ES16,A,alimentacion_hosteleria,Alimentación y Hostelería,4267.82
2024-05-01,RN-MAD-ES17,A,moda_belleza,Moda y Belleza,239111.53
2024-05-01,RN-MAD-ES17,A,hogar_electronica,"Hogar, Electrónica y Electrodomésticos",35634.45
2024-05-01,RN-MAD-ES17,A,alimentacion_hosteleria,Alimentación y Hostelería,4596.87
2024-05-01,RN-MAD-ES18,A,moda_belleza,Moda y Belleza,257550.53
2024-05-01,RN-MAD-ES18,A,hogar_electronica,"Hogar, Electrónica y Electrodomésticos",38382.39
2024-05-01,RN-MAD-ES18,A,alimentacion_hosteleria,Alimentación y Hostelería,4951.36
2024-05-01,RN-MAD-ES19,A,moda_belleza,Moda y Belleza,236211.76
2024-05-01,RN-MAD-ES19,A,hogar_electronica,"Hogar, Electrónica y Electrodomésticos",35202.3
2024-05-01,RN-MAD-ES19,A,alimentacion_hosteleria,Alimentación y Hostelería,4541.13
2024-05-01,RN-MAD-ES20,A,moda_belleza,Moda y Belleza,228215.19
2024-05-01,RN-MAD-ES20,A,hogar_electronica,"Hogar, Electrónica y Electrodomésticos",34010.59
2024-05-01,RN-MAD-ES20,A,alimentacion_hosteleria,Alimentación y Hostelería,4387.39
2024-05-01,RN-MAD-GA01,A,moda_belleza,Moda y Belleza,2226192.43
2024-05-01,RN-MAD-GA01,A,hogar_electronica,"Hogar, Electrónica y Electrodomésticos",2411796.73
2024-05-01,RN-MAD-GA01,A,alimentacion_hosteleria,Alimentación y Hostelería,654997.25
2024-05-01,RN-MAD-GA02,A,moda_belleza,Moda y Belleza,1539434.97
2024-05-01,RN-MAD-GA02,A,hogar_electronica,"Hogar, Electrónica y Electrodomésticos",1667782.26
2024-05-01,RN-MAD-GA02,A,alimentacion_hosteleria,Alimentación y Hostelería,452937.34
2024-05-01,RN-MAD-GA03,A,moda_belleza,Moda y Belleza,1740297.39
2024-05-01,RN-MAD-GA03,A,hogar_electronica,"Hogar, Electrónica y Electrodomésticos",1885391.18
2024-05-01,RN-MAD-GA03,A,alimentacion_hosteleria,Alimentación y Hostelería,512035.7
2024-05-01,RN-MAD-HI01,A,moda_belleza,Moda y Belleza,75969.66
2024-05-01,RN-MAD-HI01,A,hogar_electronica,"Hogar, Electrónica y Electrodomésticos",174353.42
2024-05-01,RN-MAD-HI01,A,alimentacion_hosteleria,Alimentación y Hostelería,626555.32
2024-05-01,RN-MAD-HI02,A,moda_belleza,Moda y Belleza,67240.79
2024-05-01,RN-MAD-HI02,A,hogar_electronica,"Hogar, Electrónica y Electrodomésticos",154320.31
2024-05-01,RN-MAD-HI02,A,alimentacion_hosteleria,Alimentación y Hostelería,554564.46
2024-05-01,RN-MAD-HI03,A,moda_belleza,Moda y Belleza,78634.69
2024-05-01,RN-MAD-HI03,A,hogar_electronica,"Hogar, Electrónica y Electrodomésticos",180469.76
2024-05-01,RN-MAD-HI03,A,alimentacion_hosteleria,Alimentación y Hostelería,648534.96
2024-05-01,RN-MAD-HI04,A,moda_belleza,Moda y Belleza,85221.85
2024-05-01,RN-MAD-HI04,A,hogar_electronica,"Hogar, Electrónica y Electrodomésticos",195587.57
2024-05-01,RN-MAD-HI04,A,alimentacion_hosteleria,Alimentación y Hostelería,702862.24
2024-05-01,RN-MAD-HI05,A,moda_belleza,Moda y Belleza,83535.63
2024-05-01,RN-MAD-HI05,A,hogar_electronica,"Hogar, Electrónica y Electrodomésticos",191717.63
2024-05-01,RN-MAD-HI05,A,alimentacion_hosteleria,Alimentación y Hostelería,688955.24
2024-05-01,RN-SEV-CV01,D,moda_belleza,Moda y Belleza,10176.87
2024-05-01,RN-SEV-CV01,D,hogar_electronica,"Hogar, Electrónica y Electrodomésticos",29798.73
2024-05-01,RN-SEV-CV01,D,alimentacion_hosteleria,Alimentación y Hostelería,98556.26
2024-05-01,RN-SEV-CV02,D,moda_belleza,Moda y Belleza,12405.48
2024-05-01,RN-SEV-CV02,D,hogar_electronica,"Hogar, Electrónica y Electrodomésticos",36324.29
2024-05-01,RN-SEV-CV02,D,alimentacion_hosteleria,Alimentación y Hostelería,120138.89
2024-05-01,RN-SEV-CV03,D,moda_belleza,Moda y Belleza,9986.43
2024-05-01,RN-SEV-CV03,D,hogar_electronica,"Hogar, Electrónica y Electrodomésticos",29241.11
2024-05-01,RN-SEV-CV03,D,alimentacion_hosteleria,Alimentación y Hostelería,96711.97
2024-05-01,RN-SEV-CV04,D,moda_belleza,Moda y Belleza,9958.83
2024-05-01,RN-SEV-CV04,D,hogar_electronica,"Hogar, Electrónica y Electrodomésticos",29160.3
2024-05-01,RN-SEV-CV04,D,alimentacion_hosteleria,Alimentación y Hostelería,96444.7
2024-05-01,RN-SEV-CV05,D,moda_belleza,Moda y Belleza,9163.26
2024-05-01,RN-SEV-CV05,D,hogar_electronica,"Hogar, Electrónica y Electrodomésticos",26830.8
2024-05-01,RN-SEV-CV05,D,alimentacion_hosteleria,Alimentación y Hostelería,88740.12
2024-05-01,RN-SEV-CV06,D,moda_belleza,Moda y Belleza,10384.51
2024-05-01,RN-SEV-CV06,D,hogar_electronica,"Hogar, Electrónica y Electrodomésticos",30406.73
2024-05-01,RN-SEV-CV06,D,alimentacion_hosteleria,Alimentación y Hostelería,100567.14
2024-05-01,RN-SEV-CV07,D,moda_belleza,Moda y Belleza,9941.35
2024-05-01,RN-SEV-CV07,D,hogar_electronica,"Hogar, Electrónica y Electrodomésticos",29109.13
2024-05-01,RN-SEV-CV07,D,alimentacion_hosteleria,Alimentación y Hostelería,96275.46
2024-05-01,RN-SEV-CV08,D,moda_belleza,Moda y Belleza,11140.13
2024-05-01,RN-SEV-CV08,D,hogar_electronica,"Hogar, Electrónica y Electrodomésticos",32619.26
2024-05-01,RN-SEV-CV08,D,alimentacion_hosteleria,Alimentación y Hostelería,107884.86
2024-05-01,RN-SEV-CV09,D,moda_belleza,Moda y Belleza,11478.42
2024-05-01,RN-SEV-CV09,D,hogar_electronica,"Hogar, Electrónica y Electrodomésticos",33609.8
2024-05-01,RN-SEV-CV09,D,alimentacion_hosteleria,Alimentación y Hostelería,111160.97
2024-05-01,RN-SEV-CV10,D,moda_belleza,Moda y Belleza,10923.77
2024-05-01,RN-SEV-CV10,D,hogar_electronica,"Hogar, Electrónica y Electrodomésticos",31985.73
2024-05-01,RN-SEV-CV10,D,alimentacion_hosteleria,Alimentación y Hostelería,105789.53
2024-05-01,RN-SEV-ES01,D,moda_belleza,Moda y Belleza,183969.58
2024-05-01,RN-SEV-ES01,D,hogar_electronica,"Hogar, Electrónica y Electrodomésticos",40808.98
2024-05-01,RN-SEV-ES01,D,alimentacion_hosteleria,Alimentación y Hostelería,2858.22
2024-05-01,RN-SEV-ES02,D,moda_belleza,Moda y Belleza,166257.64
2024-05-01,RN-SEV-ES02,D,hogar_electronica,"Hogar, Electrónica y Electrodomésticos",36880.04
2024-05-01,RN-SEV-ES02,D,alimentacion_hosteleria,Alimentación y Hostelería,2583.04
2024-05-01,RN-SEV-ES03,D,moda_belleza,Moda y Belleza,178141.02
2024-05-01,RN-SEV-ES03,D,hogar_electronica,"Hogar, Electrónica y Electrodomésticos",39516.06
2024-05-01,RN-SEV-ES03,D,alimentacion_hosteleria,Alimentación y Hostelería,2767.67
2024-05-01,RN-SEV-ES04,D,moda_belleza,Moda y Belleza,144437.7
2024-05-01,RN-SEV-ES04,D,hogar_electronica,"Hogar, Electrónica y Electrodomésticos",32039.84
2024-05-01,RN-SEV-ES04,D,alimentacion_hosteleria,Alimentación y Hostelería,2244.04
2024-05-01,RN-SEV-ES05,D,moda_belleza,Moda y Belleza,137306.0
2024-05-01,RN-SEV-ES05,D,hogar_electronica,"Hogar, Electrónica y Electrodomésticos",30457.85
2024-05-01,RN-SEV-ES05,D,alimentacion_hosteleria,Alimentación y Hostelería,2133.24
2024-05-01,RN-SEV-ES06,D,moda_belleza,Moda y Belleza,188828.01
2024-05-01,RN-SEV-ES06,D,hogar_electronica,"Hogar, Electrónica y Electrodomésticos",41886.7
2024-05-01,RN-SEV-ES06,D,alimentacion_hosteleria,Alimentación y Hostelería,2933.7
2024-05-01,RN-SEV-ES07,D,moda_belleza,Moda y Belleza,200071.28
2024-05-01,RN-SEV-ES07,D,hogar_electronica,"Hogar, Electrónica y Electrodomésticos",44380.74
2024-05-01,RN-SEV-ES07,D,alimentacion_hosteleria,Alimentación y Hostelería,3108.38
2024-05-01,RN-SEV-ES08,D,moda_belleza,Moda y Belleza,187965.72
2024-05-01,RN-SEV-ES08,D,hogar_electronica,"Hogar, Electrónica y Electrodomésticos",41695.42
2024-05-01,RN-SEV-ES08,D,alimentacion_hosteleria,Alimentación y Hostelería,2920.31
2024-05-01,RN-SEV-ES09,D,moda_belleza,Moda y Belleza,169295.13
2024-05-01,RN-SEV-ES09,D,hogar_electronica,"Hogar, Electrónica y Electrodomésticos",37553.83
2024-05-01,RN-SEV-ES09,D,alimentacion_hosteleria,Alimentación y Hostelería,2630.23
2024-05-01,RN-SEV-ES10,D,moda_belleza,Moda y Belleza,175592.31
2024-05-01,RN-SEV-ES10,D,hogar_electronica,"Hogar, Electrónica y Electrodomésticos",38950.7
2024-05-01,RN-SEV-ES10,D,alimentacion_hosteleria,Alimentación y Hostelería,2728.07
2024-05-01,RN-SEV-ES11,D,moda_belleza,Moda y Belleza,166552.99
2024-05-01,RN-SEV-ES11,D,hogar_electronica,"Hogar, Electrónica y Electrodomésticos",36945.56
2024-05-01,RN-SEV-ES11,D,alimentacion_hosteleria,Alimentación y Hostelería,2587.63
2024-05-01,RN-SEV-ES12,D,moda_belleza,Moda y Belleza,156113.5
2024-05-01,RN-SEV-ES12,D,hogar_electronica,"Hogar, Electrónica y Electrodomésticos",34629.82
2024-05-01,RN-SEV-ES12,D,alimentacion_hosteleria,Alimentación y Hostelería,2425.44
2024-05-01,RN-SEV-GA01,D,moda_belleza,Moda y Belleza,757780.41
2024-05-01,RN-SEV-GA01,D,hogar_electronica,"Hogar, Electrónica y Electrodomésticos",1221972.87
2024-05-01,RN-SEV-GA01,D,alimentacion_hosteleria,Alimentación y Hostelería,180180.57
2024-05-01,RN-SEV-HI01,D,moda_belleza,Moda y Belleza,53226.27
2024-05-01,RN-SEV-HI01,D,hogar_electronica,"Hogar, Electrónica y Electrodomésticos",181826.21
2024-05-01,RN-SEV-HI01,D,alimentacion_hosteleria,Alimentación y Hostelería,354758.7
2024-05-01,RN-SEV-HI02,D,moda_belleza,Moda y Belleza,57906.66
2024-05-01,RN-SEV-HI02,D,hogar_electronica,"Hogar, Electrónica y Electrodomésticos",197814.89
2024-05-01,RN-SEV-HI02,D,alimentacion_hosteleria,Alimentación y Hostelería,385954.0
2024-05-01,RN-SEV-HI03,D,moda_belleza,Moda y Belleza,51639.08
2024-05-01,RN-SEV-HI03,D,hogar_electronica,"Hogar, Electrónica y Electrodomésticos",176404.21
2024-05-01,RN-SEV-HI03,D,alimentacion_hosteleria,Alimentación y Hostelería,344179.9
2024-05-01,RN-SEV-HI04,D,moda_belleza,Moda y Belleza,67214.37
2024-05-01,RN-SEV-HI04,D,hogar_electronica,"Hogar, Electrónica y Electrodomésticos",229610.97
2024-05-01,RN-SEV-HI04,D,alimentacion_hosteleria,Alimentación y Hostelería,447990.9
2024-05-01,RN-VLC-CV01,C,moda_belleza,Moda y Belleza,7379.22
2024-05-01,RN-VLC-CV01,C,hogar_electronica,"Hogar, Electrónica y Electrodomésticos",15491.41
2024-05-01,RN-VLC-CV01,C,alimentacion_hosteleria,Alimentación y Hostelería,139933.33
2024-05-01,RN-VLC-CV02,C,moda_belleza,Moda y Belleza,7583.6
2024-05-01,RN-VLC-CV02,C,hogar_electronica,"Hogar, Electrónica y Electrodomésticos",15920.47
2024-05-01,RN-VLC-CV02,C,alimentacion_hosteleria,Alimentación y Hostelería,143808.94
2024-05-01,RN-VLC-CV03,C,moda_belleza,Moda y Belleza,7885.18
2024-05-01,RN-VLC-CV03,C,hogar_electronica,"Hogar, Electrónica y Electrodomésticos",16553.59
2024-05-01,RN-VLC-CV03,C,alimentacion_hosteleria,Alimentación y Hostelería,149527.9
2024-05-01,RN-VLC-CV04,C,moda_belleza,Moda y Belleza,6707.9
2024-05-01,RN-VLC-CV04,C,hogar_electronica,"Hogar, Electrónica y Electrodomésticos",14082.1
2024-05-01,RN-VLC-CV04,C,alimentacion_hosteleria,Alimentación y Hostelería,127203.03
2024-05-01,RN-VLC-CV05,C,moda_belleza,Moda y Belleza,5770.99
2024-05-01,RN-VLC-CV05,C,hogar_electronica,"Hogar, Electrónica y Electrodomésticos",12115.2
2024-05-01,RN-VLC-CV05,C,alimentacion_hosteleria,Alimentación y Hostelería,109436.13
2024-05-01,RN-VLC-CV06,C,moda_belleza,Moda y Belleza,8258.72
2024-05-01,RN-VLC-CV06,C,hogar_electronica,"Hogar, Electrónica y Electrodomésticos",17337.78
2024-05-01,RN-VLC-CV06,C,alimentacion_hosteleria,Alimentación y Hostelería,156611.45
2024-05-01,RN-VLC-CV07,C,moda_belleza,Moda y Belleza,6771.98
2024-05-01,RN-VLC-CV07,C,hogar_electronica,"Hogar, Electrónica y Electrodomésticos",14216.61
2024-05-01,RN-VLC-CV07,C,alimentacion_hosteleria,Alimentación y Hostelería,128418.07
2024-05-01,RN-VLC-CV08,C,moda_belleza,Moda y Belleza,5973.44
2024-05-01,RN-VLC-CV08,C,hogar_electronica,"Hogar, Electrónica y Electrodomésticos",12540.21
2024-05-01,RN-VLC-CV08,C,alimentacion_hosteleria,Alimentación y Hostelería,113275.2
2024-05-01,RN-VLC-CV09,C,moda_belleza,Moda y Belleza,6192.12
2024-05-01,RN-VLC-CV09,C,hogar_electronica,"Hogar, Electrónica y Electrodomésticos",12999.29
2024-05-01,RN-VLC-CV09,C,alimentacion_hosteleria,Alimentación y Hostelería,117422.03
2024-05-01,RN-VLC-ES01,C,moda_belleza,Moda y Belleza,189028.93
2024-05-01,RN-VLC-ES01,C,hogar_electronica,"Hogar, Electrónica y Electrodomésticos",30063.17
2024-05-01,RN-VLC-ES01,C,alimentacion_hosteleria,Alimentación y Hostelería,5750.67
2024-05-01,RN-VLC-ES02,C,moda_belleza,Moda y Belleza,141205.83
2024-05-01,RN-VLC-ES02,C,hogar_electronica,"Hogar, Electrónica y Electrodomésticos",22457.38
2024-05-01,RN-VLC-ES02,C,alimentacion_hosteleria,Alimentación y Hostelería,4295.79
2024-05-01,RN-VLC-ES03,C,moda_belleza,Moda y Belleza,163400.76
2024-05-01,RN-VLC-ES03,C,hogar_electronica,"Hogar, Electrónica y Electrodomésticos",25987.27
2024-05-01,RN-VLC-ES03,C,alimentacion_hosteleria,Alimentación y Hostelería,4971.01
2024-05-01,RN-VLC-ES04,C,moda_belleza,Moda y Belleza,177842.84
2024-05-01,RN-VLC-ES04,C,hogar_electronica,"Hogar, Electrónica y Electrodomésticos",28284.13
2024-05-01,RN-VLC-ES04,C,alimentacion_hosteleria,Alimentación y Hostelería,5410.37
2024-05-01,RN-VLC-ES05,C,moda_belleza,Moda y Belleza,175853.57
2024-05-01,RN-VLC-ES05,C,hogar_electronica,"Hogar, Electrónica y Electrodomésticos",27967.76
2024-05-01,RN-VLC-ES05,C,alimentacion_hosteleria,Alimentación y Hostelería,5349.85
2024-05-01,RN-VLC-ES06,C,moda_belleza,Moda y Belleza,140891.64
2024-05-01,RN-VLC-ES06,C,hogar_electronica,"Hogar, Electrónica y Electrodomésticos",22407.41
2024-05-01,RN-VLC-ES06,C,alimentacion_hosteleria,Alimentación y Hostelería,4286.23
2024-05-01,RN-VLC-ES07,C,moda_belleza,Moda y Belleza,166414.44
2024-05-01,RN-VLC-ES07,C,hogar_electronica,"Hogar, Electrónica y Electrodomésticos",26466.56
2024-05-01,RN-VLC-ES07,C,alimentacion_hosteleria,Alimentación y Hostelería,5062.69
2024-05-01,RN-VLC-ES08,C,moda_belleza,Moda y Belleza,196043.39
2024-05-01,RN-VLC-ES08,C,hogar_electronica,"Hogar, Electrónica y Electrodomésticos",31178.75
2024-05-01,RN-VLC-ES08,C,alimentacion_hosteleria,Alimentación y Hostelería,5964.07
2024-05-01,RN-VLC-ES09,C,moda_belleza,Moda y Belleza,170589.13
2024-05-01,RN-VLC-ES09,C,hogar_electronica,"Hogar, Electrónica y Electrodomésticos",27130.5
2024-05-01,RN-VLC-ES09,C,alimentacion_hosteleria,Alimentación y Hostelería,5189.69
2024-05-01,RN-VLC-ES10,C,moda_belleza,Moda y Belleza,148201.99
2024-05-01,RN-VLC-ES10,C,hogar_electronica,"Hogar, Electrónica y Electrodomésticos",23570.05
2024-05-01,RN-VLC-ES10,C,alimentacion_hosteleria,Alimentación y Hostelería,4508.63
2024-05-01,RN-VLC-GA01,C,moda_belleza,Moda y Belleza,1191897.32
2024-05-01,RN-VLC-GA01,C,hogar_electronica,"Hogar, Electrónica y Electrodomésticos",1378014.52
2024-05-01,RN-VLC-GA01,C,alimentacion_hosteleria,Alimentación y Hostelería,554937.23
2024-05-01,RN-VLC-HI01,C,moda_belleza,Moda y Belleza,49034.44
2024-05-01,RN-VLC-HI01,C,hogar_electronica,"Hogar, Electrónica y Electrodomésticos",120095.97
2024-05-01,RN-VLC-HI01,C,alimentacion_hosteleria,Alimentación y Hostelería,639953.87
2024-05-01,RN-VLC-HI02,C,moda_belleza,Moda y Belleza,51164.47
2024-05-01,RN-VLC-HI02,C,hogar_electronica,"Hogar, Electrónica y Electrodomésticos",125312.89
2024-05-01,RN-VLC-HI02,C,alimentacion_hosteleria,Alimentación y Hostelería,667753.22
2024-05-01,RN-VLC-HI03,C,moda_belleza,Moda y Belleza,56553.66
2024-05-01,RN-VLC-HI03,C,hogar_electronica,"Hogar, Electrónica y Electrodomésticos",138512.16
2024-05-01,RN-VLC-HI03,C,alimentacion_hosteleria,Alimentación y Hostelería,738088.04
2024-05-01,RN-VLC-HI04,C,moda_belleza,Moda y Belleza,45107.55
2024-05-01,RN-VLC-HI04,C,hogar_electronica,"Hogar, Electrónica y Electrodomésticos",110478.17
2024-05-01,RN-VLC-HI04,C,alimentacion_hosteleria,Alimentación y Hostelería,588703.62
2024-05-01,RN-VLC-HI05,C,moda_belleza,Moda y Belleza,54113.8
2024-05-01,RN-VLC-HI05,C,hogar_electronica,"Hogar, Electrónica y Electrodomésticos",132536.43
2024-05-01,RN-VLC-HI05,C,alimentacion_hosteleria,Alimentación y Hostelería,706245.24
2024-05-01,RN-VLC-HI06,C,moda_belleza,Moda y Belleza,49138.7
2024-05-01,RN-VLC-HI06,C,hogar_electronica,"Hogar, Electrónica y Electrodomésticos",120351.34
2024-05-01,RN-VLC-HI06,C,alimentacion_hosteleria,Alimentación y Hostelería,641314.66
2024-05-01,RN-VLC-HI07,C,moda_belleza,Moda y Belleza,40286.34
2024-05-01,RN-VLC-HI07,C,hogar_electronica,"Hogar, Electrónica y Electrodomésticos",98669.97
2024-05-01,RN-VLC-HI07,C,alimentacion_hosteleria,Alimentación y Hostelería,525781.44
2024-06-01,RN-BCN-CV01,B,moda_belleza,Moda y Belleza,10586.02
2024-06-01,RN-BCN-CV01,B,hogar_electronica,"Hogar, Electrónica y Electrodomésticos",23393.85
2024-06-01,RN-BCN-CV01,B,alimentacion_hosteleria,Alimentación y Hostelería,131551.92
2024-06-01,RN-BCN-CV02,B,moda_belleza,Moda y Belleza,12450.54
2024-06-01,RN-BCN-CV02,B,hogar_electronica,"Hogar, Electrónica y Electrodomésticos",27514.21
2024-06-01,RN-BCN-CV02,B,alimentacion_hosteleria,Alimentación y Hostelería,154722.12
2024-06-01,RN-BCN-CV03,B,moda_belleza,Moda y Belleza,12549.77
2024-06-01,RN-BCN-CV03,B,hogar_electronica,"Hogar, Electrónica y Electrodomésticos",27733.51
2024-06-01,RN-BCN-CV03,B,alimentacion_hosteleria,Alimentación y Hostelería,155955.32
2024-06-01,RN-BCN-CV04,B,moda_belleza,Moda y Belleza,9881.02
2024-06-01,RN-BCN-CV04,B,hogar_electronica,"Hogar, Electrónica y Electrodomésticos",21835.89
2024-06-01,RN-BCN-CV04,B,alimentacion_hosteleria,Alimentación y Hostelería,122790.92
2024-06-01,RN-BCN-CV05,B,moda_belleza,Moda y Belleza,10575.85
2024-06-01,RN-BCN-CV05,B,hogar_electronica,"Hogar, Electrónica y Electrodomésticos",23371.37
2024-06-01,RN-BCN-CV05,B,alimentacion_hosteleria,Alimentación y Hostelería,131425.47
2024-06-01,RN-BCN-CV06,B,moda_belleza,Moda y Belleza,10796.93
2024-06-01,RN-BCN-CV06,B,hogar_electronica,"Hogar, Electrónica y Electrodomésticos",23859.94
2024-06-01,RN-BCN-CV06,B,alimentacion_hosteleria,Alimentación y Hostelería,134172.87
2024-06-01,RN-BCN-CV07,B,moda_belleza,Moda y Belleza,11046.34
2024-06-01,RN-BCN-CV07,B,hogar_electronica,"Hogar, Electrónica y Electrodomésticos",24411.09
2024-06-01,RN-BCN-CV07,B,alimentacion_hosteleria,Alimentación y Hostelería,137272.19
2024-06-01,RN-BCN-CV08,B,moda_belleza,Moda y Belleza,10941.93
2024-06-01,RN-BCN-CV08,B,hogar_electronica,"Hogar, Electrónica y Electrodomésticos",24180.37
2024-06-01,RN-BCN-CV08,B,alimentacion_hosteleria,Alimentación y Hostelería,135974.77
2024-06-01,RN-BCN-ES01,B,moda_belleza,Moda y Belleza,187030.85
2024-06-01,RN-BCN-ES01,B,hogar_electronica,"Hogar, Electrónica y Electrodomésticos",31311.81
2024-06-01,RN-BCN-ES01,B,alimentacion_hosteleria,Alimentación y Hostelería,3728.7
2024-06-01,RN-BCN-ES02,B,moda_belleza,Moda y Belleza,215864.45
2024-06-01,RN-BCN-ES02,B,hogar_electronica,"Hogar, Electrónica y Electrodomésticos",36139.0
2024-06-01,RN-BCN-ES02,B,alimentacion_hosteleria,Alimentación y Hostelería,4303.53
2024-06-01,RN-BCN-ES03,B,moda_belleza,Moda y Belleza,224516.41
2024-06-01,RN-BCN-ES03,B,hogar_electronica,"Hogar, Electrónica y Electrodomésticos",37587.46
2024-06-01,RN-BCN-ES03,B,alimentacion_hosteleria,Alimentación y Hostelería,4476.02
2024-06-01,RN-BCN-ES04,B,moda_belleza,Moda y Belleza,208311.52
2024-06-01,RN-BCN-ES04,B,hogar_electronica,"Hogar, Electrónica y Electrodomésticos",34874.52
2024-06-01,RN-BCN-ES04,B,alimentacion_hosteleria,Alimentación y Hostelería,4152.96
2024-06-01,RN-BCN-ES05,B,moda_belleza,Moda y Belleza,230370.19
2024-06-01,RN-BCN-ES05,B,hogar_electronica,"Hogar, Electrónica y Electrodomésticos",38567.48
2024-06-01,RN-BCN-ES05,B,alimentacion_hosteleria,Alimentación y Hostelería,4592.72
2024-06-01,RN-BCN-ES06,B,moda_belleza,Moda y Belleza,213518.42
2024-06-01,RN-BCN-ES06,B,hogar_electronica,"Hogar, Electrónica y Electrodomésticos",35746.23
2024-06-01,RN-BCN-ES06,B,alimentacion_hosteleria,Alimentación y Hostelería,4256.76
2024-06-01,RN-BCN-ES07,B,moda_belleza,Moda y Belleza,216751.35
2024-06-01,RN-BCN-ES07,B,hogar_electronica,"Hogar, Electrónica y Electrodomésticos",36287.48
2024-06-01,RN-BCN-ES07,B,alimentacion_hosteleria,Alimentación y Hostelería,4321.21
2024-06-01,RN-BCN-ES08,B,moda_belleza,Moda y Belleza,162590.94
2024-06-01,RN-BCN-ES08,B,hogar_electronica,"Hogar, Electrónica y Electrodomésticos",27220.2
2024-06-01,RN-BCN-ES08,B,alimentacion_hosteleria,Alimentación y Hostelería,3241.46
2024-06-01,RN-BCN-ES09,B,moda_belleza,Moda y Belleza,227320.08
2024-06-01,RN-BCN-ES09,B,hogar_electronica,"Hogar, Electrónica y Electrodomésticos",38056.84
2024-06-01,RN-BCN-ES09,B,alimentacion_hosteleria,Alimentación y Hostelería,4531.91
2024-06-01,RN-BCN-ES10,B,moda_belleza,Moda y Belleza,202183.97
2024-06-01,RN-BCN-ES10,B,hogar_electronica,"Hogar, Electrónica y Electrodomésticos",33848.67
2024-06-01,RN-BCN-ES10,B,alimentacion_hosteleria,Alimentación y Hostelería,4030.79
2024-06-01,RN-BCN-ES11,B,moda_belleza,Moda y Belleza,208882.22
2024-06-01,RN-BCN-ES11,B,hogar_electronica,"Hogar, Electrónica y Electrodomésticos",34970.06
2024-06-01,RN-BCN-ES11,B,alimentacion_hosteleria,Alimentación y Hostelería,4164.33
2024-06-01,RN-BCN-ES12,B,moda_belleza,Moda y Belleza,192737.69
2024-06-01,RN-BCN-ES12,B,hogar_electronica,"Hogar, Electrónica y Electrodomésticos",32267.22
2024-06-01,RN-BCN-ES12,B,alimentacion_hosteleria,Alimentación y Hostelería,3842.47
2024-06-01,RN-BCN-ES13,B,moda_belleza,Moda y Belleza,212647.74
2024-06-01,RN-BCN-ES13,B,hogar_electronica,"Hogar, Electrónica y Electrodomésticos",35600.47
2024-06-01,RN-BCN-ES13,B,alimentacion_hosteleria,Alimentación y Hostelería,4239.4
2024-06-01,RN-BCN-ES14,B,moda_belleza,Moda y Belleza,235045.76
2024-06-01,RN-BCN-ES14,B,hogar_electronica,"Hogar, Electrónica y Electrodomésticos",39350.24
2024-06-01,RN-BCN-ES14,B,alimentacion_hosteleria,Alimentación y Hostelería,4685.94
2024-06-01,RN-BCN-GA01,B,moda_belleza,Moda y Belleza,1513042.33
2024-06-01,RN-BCN-GA01,B,hogar_electronica,"Hogar, Electrónica y Electrodomésticos",1841426.81
2024-06-01,RN-BCN-GA01,B,alimentacion_hosteleria,Alimentación y Hostelería,461646.82
2024-06-01,RN-BCN-GA02,B,moda_belleza,Moda y Belleza,1792710.15
2024-06-01,RN-BCN-GA02,B,hogar_electronica,"Hogar, Electrónica y Electrodomésticos",2181792.59
2024-06-01,RN-BCN-GA02,B,alimentacion_hosteleria,Alimentación y Hostelería,546976.72
2024-06-01,RN-BCN-HI01,B,moda_belleza,Moda y Belleza,60880.96
2024-06-01,RN-BCN-HI01,B,hogar_electronica,"Hogar, Electrónica y Electrodomésticos",156962.96
2024-06-01,RN-BCN-HI01,B,alimentacion_hosteleria,Alimentación y Hostelería,520694.2
2024-06-01,RN-BCN-HI02,B,moda_belleza,Moda y Belleza,87868.36
2024-06-01,RN-BCN-HI02,B,hogar_electronica,"Hogar, Electrónica y Electrodomésticos",226541.72
2024-06-01,RN-BCN-HI02,B,alimentacion_hosteleria,Alimentación y Hostelería,751508.24
2024-06-01,RN-BCN-HI03,B,moda_belleza,Moda y Belleza,59533.06
2024-06-01,RN-BCN-HI03,B,hogar_electronica,"Hogar, Electrónica y Electrodomésticos",153487.8
2024-06-01,RN-BCN-HI03,B,alimentacion_hosteleria,Alimentación y Hostelería,509166.05
2024-06-01,RN-BCN-HI04,B,moda_belleza,Moda y Belleza,72724.05
2024-06-01,RN-BCN-HI04,B,hogar_electronica,"Hogar, Electrónica y Electrodomésticos",187496.75
2024-06-01,RN-BCN-HI04,B,alimentacion_hosteleria,Alimentación y Hostelería,621984.13
2024-06-01,RN-BIO-CV01,E,moda_belleza,Moda y Belleza,11346.69
2024-06-01,RN-BIO-CV01,E,hogar_electronica,"Hogar, Electrónica y Electrodomésticos",30164.11
2024-06-01,RN-BIO-CV01,E,alimentacion_hosteleria,Alimentación y Hostelería,152402.06
2024-06-01,RN-BIO-CV02,E,moda_belleza,Moda y Belleza,10814.92
2024-06-01,RN-BIO-CV02,E,hogar_electronica,"Hogar, Electrónica y Electrodomésticos",28750.47
2024-06-01,RN-BIO-CV02,E,alimentacion_hosteleria,Alimentación y Hostelería,145259.75
2024-06-01,RN-BIO-CV03,E,moda_belleza,Moda y Belleza,10106.83
2024-06-01,RN-BIO-CV03,E,hogar_electronica,"Hogar, Electrónica y Electrodomésticos",26868.06
2024-06-01,RN-BIO-CV03,E,alimentacion_hosteleria,Alimentación y Hostelería,135749.02
2024-06-01,RN-BIO-CV04,E,moda_belleza,Moda y Belleza,11493.14
2024-06-01,RN-BIO-CV04,E,hogar_electronica,"Hogar, Electrónica y Electrodomésticos",30553.44
2024-06-01,RN-BIO-CV04,E,alimentacion_hosteleria,Alimentación y Hostelería,154369.12
2024-06-01,RN-BIO-ES01,E,moda_belleza,Moda y Belleza,183668.94
2024-06-01,RN-BIO-ES01,E,hogar_electronica,"Hogar, Electrónica y Electrodomésticos",36989.91
2024-06-01,RN-BIO-ES01,E,alimentacion_hosteleria,Alimentación y Hostelería,3957.65
2024-06-01,RN-BIO-ES02,E,moda_belleza,Moda y Belleza,165998.78
2024-06-01,RN-BIO-ES02,E,hogar_electronica,"Hogar, Electrónica y Electrodomésticos",33431.24
2024-06-01,RN-BIO-ES02,E,alimentacion_hosteleria,Alimentación y Hostelería,3576.9
2024-06-01,RN-BIO-ES03,E,moda_belleza,Moda y Belleza,259999.82
2024-06-01,RN-BIO-ES03,E,hogar_electronica,"Hogar, Electrónica y Electrodomésticos",52362.53
2024-06-01,RN-BIO-ES03,E,alimentacion_hosteleria,Alimentación y Hostelería,5602.41
2024-06-01,RN-BIO-ES04,E,moda_belleza,Moda y Belleza,209927.26
2024-06-01,RN-BIO-ES04,E,hogar_electronica,"Hogar, Electrónica y Electrodomésticos",42278.19
2024-06-01,RN-BIO-ES04,E,alimentacion_hosteleria,Alimentación y Hostelería,4523.46
2024-06-01,RN-BIO-ES05,E,moda_belleza,Moda y Belleza,212493.95
2024-06-01,RN-BIO-ES05,E,hogar_electronica,"Hogar, Electrónica y Electrodomésticos",42795.11
2024-06-01,RN-BIO-ES05,E,alimentacion_hosteleria,Alimentación y Hostelería,4578.76
2024-06-01,RN-BIO-ES06,E,moda_belleza,Moda y Belleza,250318.63
2024-06-01,RN-BIO-ES06,E,hogar_electronica,"Hogar, Electrónica y Electrodomésticos",50412.79
2024-06-01,RN-BIO-ES06,E,alimentacion_hosteleria,Alimentación y Hostelería,5393.8
2024-06-01,RN-BIO-ES07,E,moda_belleza,Moda y Belleza,209530.6
2024-06-01,RN-BIO-ES07,E,hogar_electronica,"Hogar, Electrónica y Electrodomésticos",42198.31
2024-06-01,RN-BIO-ES07,E,alimentacion_hosteleria,Alimentación y Hostelería,4514.91
2024-06-01,RN-BIO-GA01,E,moda_belleza,Moda y Belleza,1020942.44
2024-06-01,RN-BIO-GA01,E,hogar_electronica,"Hogar, Electrónica y Electrodomésticos",1494711.19
2024-06-01,RN-BIO-GA01,E,alimentacion_hosteleria,Alimentación y Hostelería,336680.21
2024-06-01,RN-BIO-HI01,E,moda_belleza,Moda y Belleza,69143.52
2024-06-01,RN-BIO-HI01,E,hogar_electronica,"Hogar, Electrónica y Electrodomésticos",214446.9
2024-06-01,RN-BIO-HI01,E,alimentacion_hosteleria,Alimentación y Hostelería,639160.97
2024-06-01,RN-BIO-HI02,E,moda_belleza,Moda y Belleza,55954.66
2024-06-01,RN-BIO-HI02,E,hogar_electronica,"Hogar, Electrónica y Electrodomésticos",173541.98
2024-06-01,RN-BIO-HI02,E,alimentacion_hosteleria,Alimentación y Hostelería,517243.48
2024-06-01,RN-MAD-CV01,A,moda_belleza,Moda y Belleza,11868.02
2024-06-01,RN-MAD-CV01,A,hogar_electronica,"Hogar, Electrónica y Electrodomésticos",23346.51
2024-06-01,RN-MAD-CV01,A,alimentacion_hosteleria,Alimentación y Hostelería,142220.01
2024-06-01,RN-MAD-CV02,A,moda_belleza,Moda y Belleza,12239.85
2024-06-01,RN-MAD-CV02,A,hogar_electronica,"Hogar, Electrónica y Electrodomésticos",24077.96
2024-06-01,RN-MAD-CV02,A,alimentacion_hosteleria,Alimentación y Hostelería,146675.78
2024-06-01,RN-MAD-CV03,A,moda_belleza,Moda y Belleza,11501.33
2024-06-01,RN-MAD-CV03,A,hogar_electronica,"Hogar, Electrónica y Electrodomésticos",22625.15
2024-06-01,RN-MAD-CV03,A,alimentacion_hosteleria,Alimentación y Hostelería,137825.72
2024-06-01,RN-MAD-CV04,A,moda_belleza,Moda y Belleza,12983.67
2024-06-01,RN-MAD-CV04,A,hogar_electronica,"Hogar, Electrónica y Electrodomésticos",25541.19
2024-06-01,RN-MAD-CV04,A,alimentacion_hosteleria,Alimentación y Hostelería,155589.36
2024-06-01,RN-MAD-CV05,A,moda_belleza,Moda y Belleza,9937.42
2024-06-01,RN-MAD-CV05,A,hogar_electronica,"Hogar, Electrónica y Electrodomésticos",19548.66
2024-06-01,RN-MAD-CV05,A,alimentacion_hosteleria,Alimentación y Hostelería,119084.67
2024-06-01,RN-MAD-CV06,A,moda_belleza,Moda y Belleza,11061.75
2024-06-01,RN-MAD-CV06,A,hogar_electronica,"Hogar, Electrónica y Electrodomésticos",21760.43
2024-06-01,RN-MAD-CV06,A,alimentacion_hosteleria,Alimentación y Hostelería,132558.1
2024-06-01,RN-MAD-CV07,A,moda_belleza,Moda y Belleza,11199.83
2024-06-01,RN-MAD-CV07,A,hogar_electronica,"Hogar, Electrónica y Electrodomésticos",22032.05
2024-06-01,RN-MAD-CV07,A,alimentacion_hosteleria,Alimentación y Hostelería,134212.71
2024-06-01,RN-MAD-CV08,A,moda_belleza,Moda y Belleza,13707.05
2024-06-01,RN-MAD-CV08,A,hogar_electronica,"Hogar, Electrónica y Electrodomésticos",26964.19
2024-06-01,RN-MAD-CV08,A,alimentacion_hosteleria,Alimentación y Hostelería,164257.86
2024-06-01,RN-MAD-CV09,A,moda_belleza,Moda y Belleza,13043.27
2024-06-01,RN-MAD-CV09,A,hogar_electronica,"Hogar, Electrónica y Electrodomésticos",25658.42
2024-06-01,RN-MAD-CV09,A,alimentacion_hosteleria,Alimentación y Hostelería,156303.5
2024-06-01,RN-MAD-CV10,A,moda_belleza,Moda y Belleza,12220.26
2024-06-01,RN-MAD-CV10,A,hogar_electronica,"Hogar, Electrónica y Electrodomésticos",24039.42
2024-06-01,RN-MAD-CV10,A,alimentacion_hosteleria,Alimentación y Hostelería,146441.01
2024-06-01,RN-MAD-ES01,A,moda_belleza,Moda y Belleza,285812.26
2024-06-01,RN-MAD-ES01,A,hogar_electronica,"Hogar, Electrónica y Electrodomésticos",42594.2
2024-06-01,RN-MAD-ES01,A,alimentacion_hosteleria,Alimentación y Hostelería,5494.68
2024-06-01,RN-MAD-ES02,A,moda_belleza,Moda y Belleza,194277.96
2024-06-01,RN-MAD-ES02,A,hogar_electronica,"Hogar, Electrónica y Electrodomésticos",28952.97
2024-06-01,RN-MAD-ES02,A,alimentacion_hosteleria,Alimentación y Hostelería,3734.96
2024-06-01,RN-MAD-ES03,A,moda_belleza,Moda y Belleza,235423.23
2024-06-01,RN-MAD-ES03,A,hogar_electronica,"Hogar, Electrónica y Electrodomésticos",35084.79
2024-06-01,RN-MAD-ES03,A,alimentacion_hosteleria,Alimentación y Hostelería,4525.97
2024-06-01,RN-MAD-ES04,A,moda_belleza,Moda y Belleza,234270.98
2024-06-01,RN-MAD-ES04,A,hogar_electronica,"Hogar, Electrónica y Electrodomésticos",34913.07
2024-06-01,RN-MAD-ES04,A,alimentacion_hosteleria,Alimentación y Hostelería,4503.81
2024-06-01,RN-MAD-ES05,A,moda_belleza,Moda y Belleza,205581.37
2024-06-01,RN-MAD-ES05,A,hogar_electronica,"Hogar, Electrónica y Electrodomésticos",30637.5
2024-06-01,RN-MAD-ES05,A,alimentacion_hosteleria,Alimentación y Hostelería,3952.26
2024-06-01,RN-MAD-ES06,A,moda_belleza,Moda y Belleza,248749.12
2024-06-01,RN-MAD-ES06,A,hogar_electronica,"Hogar, Electrónica y Electrodomésticos",37070.73
2024-06-01,RN-MAD-ES06,A,alimentacion_hosteleria,Alimentación y Hostelería,4782.15
2024-06-01,RN-MAD-ES07,A,moda_belleza,Moda y Belleza,247359.53
2024-06-01,RN-MAD-ES07,A,hogar_electronica,"Hogar, Electrónica y Electrodomésticos",36863.64
2024-06-01,RN-MAD-ES07,A,alimentacion_hosteleria,Alimentación y Hostelería,4755.44
2024-06-01,RN-MAD-ES08,A,moda_belleza,Moda y Belleza,254343.42
2024-06-01,RN-MAD-ES08,A,hogar_electronica,"Hogar, Electrónica y Electrodomésticos",37904.44
2024-06-01,RN-MAD-ES08,A,alimentacion_hosteleria,Alimentación y Hostelería,4889.7
2024-06-01,RN-MAD-ES09,A,moda_belleza,Moda y Belleza,224896.9
2024-06-01,RN-MAD-ES09,A,hogar_electronica,"Hogar, Electrónica y Electrodomésticos",33516.07
2024-06-01,RN-MAD-ES09,A,alimentacion_hosteleria,Alimentación y Hostelería,4323.6
2024-06-01,RN-MAD-ES10,A,moda_belleza,Moda y Belleza,239377.73
2024-06-01,RN-MAD-ES10,A,hogar_electronica,"Hogar, Electrónica y Electrodomésticos",35674.12
2024-06-01,RN-MAD-ES10,A,alimentacion_hosteleria,Alimentación y Hostelería,4601.99
2024-06-01,RN-MAD-ES11,A,moda_belleza,Moda y Belleza,201466.69
2024-06-01,RN-MAD-ES11,A,hogar_electronica,"Hogar, Electrónica y Electrodomésticos",30024.29
2024-06-01,RN-MAD-ES11,A,alimentacion_hosteleria,Alimentación y Hostelería,3873.16
2024-06-01,RN-MAD-ES12,A,moda_belleza,Moda y Belleza,253944.82
2024-06-01,RN-MAD-ES12,A,hogar_electronica,"Hogar, Electrónica y Electrodomésticos",37845.04
2024-06-01,RN-MAD-ES12,A,alimentacion_hosteleria,Alimentación y Hostelería,4882.04
2024-06-01,RN-MAD-ES13,A,moda_belleza,Moda y Belleza,237762.03
2024-06-01,RN-MAD-ES13,A,hogar_electronica,"Hogar, Electrónica y Electrodomésticos",35433.34
2024-06-01,RN-MAD-ES13,A,alimentacion_hosteleria,Alimentación y Hostelería,4570.93
2024-06-01,RN-MAD-ES14,A,moda_belleza,Moda y Belleza,194382.79
2024-06-01,RN-MAD-ES14,A,hogar_electronica,"Hogar, Electrónica y Electrodomésticos",28968.59
2024-06-01,RN-MAD-ES14,A,alimentacion_hosteleria,Alimentación y Hostelería,3736.97
2024-06-01,RN-MAD-ES15,A,moda_belleza,Moda y Belleza,213290.48
2024-06-01,RN-MAD-ES15,A,hogar_electronica,"Hogar, Electrónica y Electrodomésticos",31786.38
2024-06-01,RN-MAD-ES15,A,alimentacion_hosteleria,Alimentación y Hostelería,4100.47
2024-06-01,RN-MAD-ES16,A,moda_belleza,Moda y Belleza,220542.41
2024-06-01,RN-MAD-ES16,A,hogar_electronica,"Hogar, Electrónica y Electrodomésticos",32867.12
2024-06-01,RN-MAD-ES16,A,alimentacion_hosteleria,Alimentación y Hostelería,4239.88
2024-06-01,RN-MAD-ES17,A,moda_belleza,Moda y Belleza,241337.4
2024-06-01,RN-MAD-ES17,A,hogar_electronica,"Hogar, Electrónica y Electrodomésticos",35966.17
2024-06-01,RN-MAD-ES17,A,alimentacion_hosteleria,Alimentación y Hostelería,4639.66
2024-06-01,RN-MAD-ES18,A,moda_belleza,Moda y Belleza,254428.66
2024-06-01,RN-MAD-ES18,A,hogar_electronica,"Hogar, Electrónica y Electrodomésticos",37917.14
2024-06-01,RN-MAD-ES18,A,alimentacion_hosteleria,Alimentación y Hostelería,4891.34
2024-06-01,RN-MAD-ES19,A,moda_belleza,Moda y Belleza,244678.39
2024-06-01,RN-MAD-ES19,A,hogar_electronica,"Hogar, Electrónica y Electrodomésticos",36464.07
2024-06-01,RN-MAD-ES19,A,alimentacion_hosteleria,Alimentación y Hostelería,4703.89
2024-06-01,RN-MAD-ES20,A,moda_belleza,Moda y Belleza,218044.23
2024-06-01,RN-MAD-ES20,A,hogar_electronica,"Hogar, Electrónica y Electrodomésticos",32494.82
2024-06-01,RN-MAD-ES20,A,alimentacion_hosteleria,Alimentación y Hostelería,4191.86
2024-06-01,RN-MAD-GA01,A,moda_belleza,Moda y Belleza,2247121.25
2024-06-01,RN-MAD-GA01,A,hogar_electronica,"Hogar, Electrónica y Electrodomésticos",2434470.44
2024-06-01,RN-MAD-GA01,A,alimentacion_hosteleria,Alimentación y Hostelería,661154.99
2024-06-01,RN-MAD-GA02,A,moda_belleza,Moda y Belleza,1537913.9
2024-06-01,RN-MAD-GA02,A,hogar_electronica,"Hogar, Electrónica y Electrodomésticos",1666134.37
2024-06-01,RN-MAD-GA02,A,alimentacion_hosteleria,Alimentación y Hostelería,452489.8
2024-06-01,RN-MAD-GA03,A,moda_belleza,Moda y Belleza,1734719.54
2024-06-01,RN-MAD-GA03,A,hogar_electronica,"Hogar, Electrónica y Electrodomésticos",1879348.29
2024-06-01,RN-MAD-GA03,A,alimentacion_hosteleria,Alimentación y Hostelería,510394.57
2024-06-01,RN-MAD-HI01,A,moda_belleza,Moda y Belleza,79655.13
2024-06-01,RN-MAD-HI01,A,hogar_electronica,"Hogar, Electrónica y Electrodomésticos",182811.73
2024-06-01,RN-MAD-HI01,A,alimentacion_hosteleria,Alimentación y Hostelería,656951.04
2024-06-01,RN-MAD-HI02,A,moda_belleza,Moda y Belleza,68817.51
2024-06-01,RN-MAD-HI02,A,hogar_electronica,"Hogar, Electrónica y Electrodomésticos",157938.95
2024-06-01,RN-MAD-HI02,A,alimentacion_hosteleria,Alimentación y Hostelería,567568.38
2024-06-01,RN-MAD-HI03,A,moda_belleza,Moda y Belleza,80973.86
2024-06-01,RN-MAD-HI03,A,hogar_electronica,"Hogar, Electrónica y Electrodomésticos",185838.27
2024-06-01,RN-MAD-HI03,A,alimentacion_hosteleria,Alimentación y Hostelería,667827.21
2024-06-01,RN-MAD-HI04,A,moda_belleza,Moda y Belleza,85819.87
2024-06-01,RN-MAD-HI04,A,hogar_electronica,"Hogar, Electrónica y Electrodomésticos",196960.04
2024-06-01,RN-MAD-HI04,A,alimentacion_hosteleria,Alimentación y Hostelería,707794.31
2024-06-01,RN-MAD-HI05,A,moda_belleza,Moda y Belleza,84565.28
2024-06-01,RN-MAD-HI05,A,hogar_electronica,"Hogar, Electrónica y Electrodomésticos",194080.71
2024-06-01,RN-MAD-HI05,A,alimentacion_hosteleria,Alimentación y Hostelería,697447.2
2024-06-01,RN-SEV-CV01,D,moda_belleza,Moda y Belleza,10684.4
2024-06-01,RN-SEV-CV01,D,hogar_electronica,"Hogar, Electrónica y Electrodomésticos",31284.84
2024-06-01,RN-SEV-CV01,D,alimentacion_hosteleria,Alimentación y Hostelería,103471.4
2024-06-01,RN-SEV-CV02,D,moda_belleza,Moda y Belleza,12348.54
2024-06-01,RN-SEV-CV02,D,hogar_electronica,"Hogar, Electrónica y Electrodomésticos",36157.57
2024-06-01,RN-SEV-CV02,D,alimentacion_hosteleria,Alimentación y Hostelería,119587.46
2024-06-01,RN-SEV-CV03,D,moda_belleza,Moda y Belleza,10121.04
2024-06-01,RN-SEV-CV03,D,hogar_electronica,"Hogar, Electrónica y Electrodomésticos",29635.27
2024-06-01,RN-SEV-CV03,D,alimentacion_hosteleria,Alimentación y Hostelería,98015.62
2024-06-01,RN-SEV-CV04,D,moda_belleza,Moda y Belleza,9705.17
2024-06-01,RN-SEV-CV04,D,hogar_electronica,"Hogar, Electrónica y Electrodomésticos",28417.55
2024-06-01,RN-SEV-CV04,D,alimentacion_hosteleria,Alimentación y Hostelería,93988.14
2024-06-01,RN-SEV-CV05,D,moda_belleza,Moda y Belleza,9233.12
2024-06-01,RN-SEV-CV05,D,hogar_electronica,"Hogar, Electrónica y Electrodomésticos",27035.36
2024-06-01,RN-SEV-CV05,D,alimentacion_hosteleria,Alimentación y Hostelería,89416.7
2024-06-01,RN-SEV-CV06,D,moda_belleza,Moda y Belleza,10691.32
2024-06-01,RN-SEV-CV06,D,hogar_electronica,"Hogar, Electrónica y Electrodomésticos",31305.08
2024-06-01,RN-SEV-CV06,D,alimentacion_hosteleria,Alimentación y Hostelería,103538.36
2024-06-01,RN-SEV-CV07,D,moda_belleza,Moda y Belleza,10324.92
2024-06-01,RN-SEV-CV07,D,hogar_electronica,"Hogar, Electrónica y Electrodomésticos",30232.24
2024-06-01,RN-SEV-CV07,D,alimentacion_hosteleria,Alimentación y Hostelería,99990.03
2024-06-01,RN-SEV-CV08,D,moda_belleza,Moda y Belleza,11420.2
2024-06-01,RN-SEV-CV08,D,hogar_electronica,"Hogar, Electrónica y Electrodomésticos",33439.31
2024-06-01,RN-SEV-CV08,D,alimentacion_hosteleria,Alimentación y Hostelería,110597.11
2024-06-01,RN-SEV-CV09,D,moda_belleza,Moda y Belleza,11280.97
2024-06-01,RN-SEV-CV09,D,hogar_electronica,"Hogar, Electrónica y Electrodomésticos",33031.65
2024-06-01,RN-SEV-CV09,D,alimentacion_hosteleria,Alimentación y Hostelería,109248.8
2024-06-01,RN-SEV-CV10,D,moda_belleza,Moda y Belleza,11271.02
2024-06-01,RN-SEV-CV10,D,hogar_electronica,"Hogar, Electrónica y Electrodomésticos",33002.5
2024-06-01,RN-SEV-CV10,D,alimentacion_hosteleria,Alimentación y Hostelería,109152.39
2024-06-01,RN-SEV-ES01,D,moda_belleza,Moda y Belleza,185910.71
2024-06-01,RN-SEV-ES01,D,hogar_electronica,"Hogar, Electrónica y Electrodomésticos",41239.57
2024-06-01,RN-SEV-ES01,D,alimentacion_hosteleria,Alimentación y Hostelería,2888.38
2024-06-01,RN-SEV-ES02,D,moda_belleza,Moda y Belleza,170167.72
2024-06-01,RN-SEV-ES02,D,hogar_electronica,"Hogar, Electrónica y Electrodomésticos",37747.39
2024-06-01,RN-SEV-ES02,D,alimentacion_hosteleria,Alimentación y Hostelería,2643.79
2024-06-01,RN-SEV-ES03,D,moda_belleza,Moda y Belleza,182469.79
2024-06-01,RN-SEV-ES03,D,hogar_electronica,"Hogar, Electrónica y Electrodomésticos",40476.29
2024-06-01,RN-SEV-ES03,D,alimentacion_hosteleria,Alimentación y Hostelería,2834.92
2024-06-01,RN-SEV-ES04,D,moda_belleza,Moda y Belleza,143437.93
2024-06-01,RN-SEV-ES04,D,hogar_electronica,"Hogar, Electrónica y Electrodomésticos",31818.06
2024-06-01,RN-SEV-ES04,D,alimentacion_hosteleria,Alimentación y Hostelería,2228.51
2024-06-01,RN-SEV-ES05,D,moda_belleza,Moda y Belleza,140226.0
2024-06-01,RN-SEV-ES05,D,hogar_electronica,"Hogar, Electrónica y Electrodomésticos",31105.58
2024-06-01,RN-SEV-ES05,D,alimentacion_hosteleria,Alimentación y Hostelería,2178.6
2024-06-01,RN-SEV-ES06,D,moda_belleza,Moda y Belleza,192094.03
2024-06-01,RN-SEV-ES06,D,hogar_electronica,"Hogar, Electrónica y Electrodomésticos",42611.19
2024-06-01,RN-SEV-ES06,D,alimentacion_hosteleria,Alimentación y Hostelería,2984.45
2024-06-01,RN-SEV-ES07,D,moda_belleza,Moda y Belleza,196245.01
2024-06-01,RN-SEV-ES07,D,hogar_electronica,"Hogar, Electrónica y Electrodomésticos",43531.98
2024-06-01,RN-SEV-ES07,D,alimentacion_hosteleria,Alimentación y Hostelería,3048.94
2024-06-01,RN-SEV-ES08,D,moda_belleza,Moda y Belleza,181895.38
2024-06-01,RN-SEV-ES08,D,hogar_electronica,"Hogar, Electrónica y Electrodomésticos",40348.87
2024-06-01,RN-SEV-ES08,D,alimentacion_hosteleria,Alimentación y Hostelería,2826.0
2024-06-01,RN-SEV-ES09,D,moda_belleza,Moda y Belleza,169793.64
2024-06-01,RN-SEV-ES09,D,hogar_electronica,"Hogar, Electrónica y Electrodomésticos",37664.41
2024-06-01,RN-SEV-ES09,D,alimentacion_hosteleria,Alimentación y Hostelería,2637.98
2024-06-01,RN-SEV-ES10,D,moda_belleza,Moda y Belleza,169690.16
2024-06-01,RN-SEV-ES10,D,hogar_electronica,"Hogar, Electrónica y Electrodomésticos",37641.46
2024-06-01,RN-SEV-ES10,D,alimentacion_hosteleria,Alimentación y Hostelería,2636.37
2024-06-01,RN-SEV-ES11,D,moda_belleza,Moda y Belleza,173279.78
2024-06-01,RN-SEV-ES11,D,hogar_electronica,"Hogar, Electrónica y Electrodomésticos",38437.72
2024-06-01,RN-SEV-ES11,D,alimentacion_hosteleria,Alimentación y Hostelería,2692.14
2024-06-01,RN-SEV-ES12,D,moda_belleza,Moda y Belleza,155132.88
2024-06-01,RN-SEV-ES12,D,hogar_electronica,"Hogar, Electrónica y Electrodomésticos",34412.29
2024-06-01,RN-SEV-ES12,D,alimentacion_hosteleria,Alimentación y Hostelería,2410.2
2024-06-01,RN-SEV-GA01,D,moda_belleza,Moda y Belleza,766639.83
2024-06-01,RN-SEV-GA01,D,hogar_electronica,"Hogar, Electrónica y Electrodomésticos",1236259.3
2024-06-01,RN-SEV-GA01,D,alimentacion_hosteleria,Alimentación y Hostelería,182287.11
2024-06-01,RN-SEV-HI01,D,moda_belleza,Moda y Belleza,53573.11
2024-06-01,RN-SEV-HI01,D,hogar_electronica,"Hogar, Electrónica y Electrodomésticos",183011.05
2024-06-01,RN-SEV-HI01,D,alimentacion_hosteleria,Alimentación y Hostelería,357070.42
2024-06-01,RN-SEV-HI02,D,moda_belleza,Moda y Belleza,58319.06
2024-06-01,RN-SEV-HI02,D,hogar_electronica,"Hogar, Electrónica y Electrodomésticos",199223.68
2024-06-01,RN-SEV-HI02,D,alimentacion_hosteleria,Alimentación y Hostelería,388702.67
2024-06-01,RN-SEV-HI03,D,moda_belleza,Moda y Belleza,51670.98
2024-06-01,RN-SEV-HI03,D,hogar_electronica,"Hogar, Electrónica y Electrodomésticos",176513.19
2024-06-01,RN-SEV-HI03,D,alimentacion_hosteleria,Alimentación y Hostelería,344392.54
2024-06-01,RN-SEV-HI04,D,moda_belleza,Moda y Belleza,67510.21
2024-06-01,RN-SEV-HI04,D,hogar_electronica,"Hogar, Electrónica y Electrodomésticos",230621.58
2024-06-01,RN-SEV-HI04,D,alimentacion_hosteleria,Alimentación y Hostelería,449962.7
2024-06-01,RN-VLC-CV01,C,moda_belleza,Moda y Belleza,6937.41
2024-06-01,RN-VLC-CV01,C,hogar_electronica,"Hogar, Electrónica y Electrodomésticos",14563.91
2024-06-01,RN-VLC-CV01,C,alimentacion_hosteleria,Alimentación y Hostelería,131555.24
2024-06-01,RN-VLC-CV02,C,moda_belleza,Moda y Belleza,7629.43
2024-06-01,RN-VLC-CV02,C,hogar_electronica,"Hogar, Electrónica y Electrodomésticos",16016.67
2024-06-01,RN-VLC-CV02,C,alimentacion_hosteleria,Alimentación y Hostelería,144677.98
2024-06-01,RN-VLC-CV03,C,moda_belleza,Moda y Belleza,8286.0
2024-06-01,RN-VLC-CV03,C,hogar_electronica,"Hogar, Electrónica y Electrodomésticos",17395.03
2024-06-01,RN-VLC-CV03,C,alimentacion_hosteleria,Alimentación y Hostelería,157128.61
2024-06-01,RN-VLC-CV04,C,moda_belleza,Moda y Belleza,7017.42
2024-06-01,RN-VLC-CV04,C,hogar_electronica,"Hogar, Electrónica y Electrodomésticos",14731.87
2024-06-01,RN-VLC-CV04,C,alimentacion_hosteleria,Alimentación y Hostelería,133072.41
2024-06-01,RN-VLC-CV05,C,moda_belleza,Moda y Belleza,5817.21
2024-06-01,RN-VLC-CV05,C,hogar_electronica,"Hogar, Electrónica y Electrodomésticos",12212.24
2024-06-01,RN-VLC-CV05,C,alimentacion_hosteleria,Alimentación y Hostelería,110312.67
2024-06-01,RN-VLC-CV06,C,moda_belleza,Moda y Belleza,8470.65
2024-06-01,RN-VLC-CV06,C,hogar_electronica,"Hogar, Electrónica y Electrodomésticos",17782.67
2024-06-01,RN-VLC-CV06,C,alimentacion_hosteleria,Alimentación y Hostelería,160630.16
2024-06-01,RN-VLC-CV07,C,moda_belleza,Moda y Belleza,6784.42
2024-06-01,RN-VLC-CV07,C,hogar_electronica,"Hogar, Electrónica y Electrodomésticos",14242.73
2024-06-01,RN-VLC-CV07,C,alimentacion_hosteleria,Alimentación y Hostelería,128654.03
2024-06-01,RN-VLC-CV08,C,moda_belleza,Moda y Belleza,6017.55
2024-06-01,RN-VLC-CV08,C,hogar_electronica,"Hogar, Electrónica y Electrodomésticos",12632.81
2024-06-01,RN-VLC-CV08,C,alimentacion_hosteleria,Alimentación y Hostelería,114111.72
2024-06-01,RN-VLC-CV09,C,moda_belleza,Moda y Belleza,6333.32
2024-06-01,RN-VLC-CV09,C,hogar_electronica,"Hogar, Electrónica y Electrodomésticos",13295.73
2024-06-01,RN-VLC-CV09,C,alimentacion_hosteleria,Alimentación y Hostelería,120099.77
2024-06-01,RN-VLC-ES01,C,moda_belleza,Moda y Belleza,189702.75
2024-06-01,RN-VLC-ES01,C,hogar_electronica,"Hogar, Electrónica y Electrodomésticos",30170.34
2024-06-01,RN-VLC-ES01,C,alimentacion_hosteleria,Alimentación y Hostelería,5771.17
2024-06-01,RN-VLC-ES02,C,moda_belleza,Moda y Belleza,150080.66
2024-06-01,RN-VLC-ES02,C,hogar_electronica,"Hogar, Electrónica y Electrodomésticos",23868.84
2024-06-01,RN-VLC-ES02,C,alimentacion_hosteleria,Alimentación y Hostelería,4565.78
2024-06-01,RN-VLC-ES03,C,moda_belleza,Moda y Belleza,164905.1
2024-06-01,RN-VLC-ES03,C,hogar_electronica,"Hogar, Electrónica y Electrodomésticos",26226.52
2024-06-01,RN-VLC-ES03,C,alimentacion_hosteleria,Alimentación y Hostelería,5016.77
2024-06-01,RN-VLC-ES04,C,moda_belleza,Moda y Belleza,179553.3
2024-06-01,RN-VLC-ES04,C,hogar_electronica,"Hogar, Electrónica y Electrodomésticos",28556.17
2024-06-01,RN-VLC-ES04,C,alimentacion_hosteleria,Alimentación y Hostelería,5462.4
2024-06-01,RN-VLC-ES05,C,moda_belleza,Moda y Belleza,177099.41
2024-06-01,RN-VLC-ES05,C,hogar_electronica,"Hogar, Electrónica y Electrodomésticos",28165.9
2024-06-01,RN-VLC-ES05,C,alimentacion_hosteleria,Alimentación y Hostelería,5387.75
2024-06-01,RN-VLC-ES06,C,moda_belleza,Moda y Belleza,131106.87
2024-06-01,RN-VLC-ES06,C,hogar_electronica,"Hogar, Electrónica y Electrodomésticos",20851.24
2024-06-01,RN-VLC-ES06,C,alimentacion_hosteleria,Alimentación y Hostelería,3988.56
2024-06-01,RN-VLC-ES07,C,moda_belleza,Moda y Belleza,164778.6
2024-06-01,RN-VLC-ES07,C,hogar_electronica,"Hogar, Electrónica y Electrodomésticos",26206.4
2024-06-01,RN-VLC-ES07,C,alimentacion_hosteleria,Alimentación y Hostelería,5012.92
2024-06-01,RN-VLC-ES08,C,moda_belleza,Moda y Belleza,195747.38
2024-06-01,RN-VLC-ES08,C,hogar_electronica,"Hogar, Electrónica y Electrodomésticos",31131.67
2024-06-01,RN-VLC-ES08,C,alimentacion_hosteleria,Alimentación y Hostelería,5955.06
2024-06-01,RN-VLC-ES09,C,moda_belleza,Moda y Belleza,172006.01
2024-06-01,RN-VLC-ES09,C,hogar_electronica,"Hogar, Electrónica y Electrodomésticos",27355.84
2024-06-01,RN-VLC-ES09,C,alimentacion_hosteleria,Alimentación y Hostelería,5232.8
2024-06-01,RN-VLC-ES10,C,moda_belleza,Moda y Belleza,149311.05
2024-06-01,RN-VLC-ES10,C,hogar_electronica,"Hogar, Electrónica y Electrodomésticos",23746.44
2024-06-01,RN-VLC-ES10,C,alimentacion_hosteleria,Alimentación y Hostelería,4542.37
2024-06-01,RN-VLC-GA01,C,moda_belleza,Moda y Belleza,1221673.74
2024-06-01,RN-VLC-GA01,C,hogar_electronica,"Hogar, Electrónica y Electrodomésticos",1412440.59
2024-06-01,RN-VLC-GA01,C,alimentacion_hosteleria,Alimentación y Hostelería,568800.88
2024-06-01,RN-VLC-HI01,C,moda_belleza,Moda y Belleza,51489.81
2024-06-01,RN-VLC-HI01,C,hogar_electronica,"Hogar, Electrónica y Electrodomésticos",126109.72
2024-06-01,RN-VLC-HI01,C,alimentacion_hosteleria,Alimentación y Hostelería,671999.29
2024-06-01,RN-VLC-HI02,C,moda_belleza,Moda y Belleza,53913.66
2024-06-01,RN-VLC-HI02,C,hogar_electronica,"Hogar, Electrónica y Electrodomésticos",132046.24
2024-06-01,RN-VLC-HI02,C,alimentacion_hosteleria,Alimentación y Hostelería,703633.17
2024-06-01,RN-VLC-HI03,C,moda_belleza,Moda y Belleza,56387.02
2024-06-01,RN-VLC-HI03,C,hogar_electronica,"Hogar, Electrónica y Electrodomésticos",138104.03
2024-06-01,RN-VLC-HI03,C,alimentacion_hosteleria,Alimentación y Hostelería,735913.22
2024-06-01,RN-VLC-HI04,C,moda_belleza,Moda y Belleza,46818.56
2024-06-01,RN-VLC-HI04,C,hogar_electronica,"Hogar, Electrónica y Electrodomésticos",114668.8
2024-06-01,RN-VLC-HI04,C,alimentacion_hosteleria,Alimentación y Hostelería,611034.23
2024-06-01,RN-VLC-HI05,C,moda_belleza,Moda y Belleza,52390.74
2024-06-01,RN-VLC-HI05,C,hogar_electronica,"Hogar, Electrónica y Electrodomésticos",128316.28
2024-06-01,RN-VLC-HI05,C,alimentacion_hosteleria,Alimentación y Hostelería,683757.34
2024-06-01,RN-VLC-HI06,C,moda_belleza,Moda y Belleza,48223.27
2024-06-01,RN-VLC-HI06,C,hogar_electronica,"Hogar, Electrónica y Electrodomésticos",118109.24
2024-06-01,RN-VLC-HI06,C,alimentacion_hosteleria,Alimentación y Hostelería,629367.25
2024-06-01,RN-VLC-HI07,C,moda_belleza,Moda y Belleza,38760.77
2024-06-01,RN-VLC-HI07,C,hogar_electronica,"Hogar, Electrónica y Electrodomésticos",94933.53
2024-06-01,RN-VLC-HI07,C,alimentacion_hosteleria,Alimentación y Hostelería,505871.12
2024-07-01,RN-BCN-CV01,B,moda_belleza,Moda y Belleza,13052.34
2024-07-01,RN-BCN-CV01,B,hogar_electronica,"Hogar, Electrónica y Electrodomésticos",28844.11
2024-07-01,RN-BCN-CV01,B,alimentacion_hosteleria,Alimentación y Hostelería,162200.64
2024-07-01,RN-BCN-CV02,B,moda_belleza,Moda y Belleza,13528.04
2024-07-01,RN-BCN-CV02,B,hogar_electronica,"Hogar, Electrónica y Electrodomésticos",29895.36
2024-07-01,RN-BCN-CV02,B,alimentacion_hosteleria,Alimentación y Hostelería,168112.21
2024-07-01,RN-BCN-CV03,B,moda_belleza,Moda y Belleza,15892.18
2024-07-01,RN-BCN-CV03,B,hogar_electronica,"Hogar, Electrónica y Electrodomésticos",35119.82
2024-07-01,RN-BCN-CV03,B,alimentacion_hosteleria,Alimentación y Hostelería,197491.19
2024-07-01,RN-BCN-CV04,B,moda_belleza,Moda y Belleza,11454.39
2024-07-01,RN-BCN-CV04,B,hogar_electronica,"Hogar, Electrónica y Electrodomésticos",25312.83
2024-07-01,RN-BCN-CV04,B,alimentacion_hosteleria,Alimentación y Hostelería,142342.99
2024-07-01,RN-BCN-CV05,B,moda_belleza,Moda y Belleza,12123.97
2024-07-01,RN-BCN-CV05,B,hogar_electronica,"Hogar, Electrónica y Electrodomésticos",26792.54
2024-07-01,RN-BCN-CV05,B,alimentacion_hosteleria,Alimentación y Hostelería,150663.92
2024-07-01,RN-BCN-CV06,B,moda_belleza,Moda y Belleza,12578.63
2024-07-01,RN-BCN-CV06,B,hogar_electronica,"Hogar, Electrónica y Electrodomésticos",27797.27
2024-07-01,RN-BCN-CV06,B,alimentacion_hosteleria,Alimentación y Hostelería,156313.88
2024-07-01,RN-BCN-CV07,B,moda_belleza,Moda y Belleza,12469.63
2024-07-01,RN-BCN-CV07,B,hogar_electronica,"Hogar, Electrónica y Electrodomésticos",27556.39
2024-07-01,RN-BCN-CV07,B,alimentacion_hosteleria,Alimentación y Hostelería,154959.33
2024-07-01,RN-BCN-CV08,B,moda_belleza,Moda y Belleza,13020.7
2024-07-01,RN-BCN-CV08,B,hogar_electronica,"Hogar, Electrónica y Electrodomésticos",28774.2
2024-07-01,RN-BCN-CV08,B,alimentacion_hosteleria,Alimentación y Hostelería,161807.53
2024-07-01,RN-BCN-ES01,B,moda_belleza,Moda y Belleza,265735.56
2024-07-01,RN-BCN-ES01,B,hogar_electronica,"Hogar, Electrónica y Electrodomésticos",44488.18
2024-07-01,RN-BCN-ES01,B,alimentacion_hosteleria,Alimentación y Hostelería,5297.78
2024-07-01,RN-BCN-ES02,B,moda_belleza,Moda y Belleza,307789.02
2024-07-01,RN-BCN-ES02,B,hogar_electronica,"Hogar, Electrónica y Electrodomésticos",51528.57
2024-07-01,RN-BCN-ES02,B,alimentacion_hosteleria,Alimentación y Hostelería,6136.17
2024-07-01,RN-BCN-ES03,B,moda_belleza,Moda y Belleza,318832.67
2024-07-01,RN-BCN-ES03,B,hogar_electronica,"Hogar, Electrónica y Electrodomésticos",53377.44
2024-07-01,RN-BCN-ES03,B,alimentacion_hosteleria,Alimentación y Hostelería,6356.33
2024-07-01,RN-BCN-ES04,B,moda_belleza,Moda y Belleza,293128.51
2024-07-01,RN-BCN-ES04,B,hogar_electronica,"Hogar, Electrónica y Electrodomésticos",49074.18
2024-07-01,RN-BCN-ES04,B,alimentacion_hosteleria,Alimentación y Hostelería,5843.89
2024-07-01,RN-BCN-ES05,B,moda_belleza,Moda y Belleza,315501.43
2024-07-01,RN-BCN-ES05,B,hogar_electronica,"Hogar, Electrónica y Electrodomésticos",52819.74
2024-07-01,RN-BCN-ES05,B,alimentacion_hosteleria,Alimentación y Hostelería,6289.92
2024-07-01,RN-BCN-ES06,B,moda_belleza,Moda y Belleza,315521.43
2024-07-01,RN-BCN-ES06,B,hogar_electronica,"Hogar, Electrónica y Electrodomésticos",52823.09
2024-07-01,RN-BCN-ES06,B,alimentacion_hosteleria,Alimentación y Hostelería,6290.32
2024-07-01,RN-BCN-ES07,B,moda_belleza,Moda y Belleza,283133.67
2024-07-01,RN-BCN-ES07,B,hogar_electronica,"Hogar, Electrónica y Electrodomésticos",47400.89
2024-07-01,RN-BCN-ES07,B,alimentacion_hosteleria,Alimentación y Hostelería,5644.63
2024-07-01,RN-BCN-ES08,B,moda_belleza,Moda y Belleza,234064.69
2024-07-01,RN-BCN-ES08,B,hogar_electronica,"Hogar, Electrónica y Electrodomésticos",39185.99
2024-07-01,RN-BCN-ES08,B,alimentacion_hosteleria,Alimentación y Hostelería,4666.38
2024-07-01,RN-BCN-ES09,B,moda_belleza,Moda y Belleza,316800.62
2024-07-01,RN-BCN-ES09,B,hogar_electronica,"Hogar, Electrónica y Electrodomésticos",53037.25
2024-07-01,RN-BCN-ES09,B,alimentacion_hosteleria,Alimentación y Hostelería,6315.82
2024-07-01,RN-BCN-ES10,B,moda_belleza,Moda y Belleza,276548.58
2024-07-01,RN-BCN-ES10,B,hogar_electronica,"Hogar, Electrónica y Electrodomésticos",46298.44
2024-07-01,RN-BCN-ES10,B,alimentacion_hosteleria,Alimentación y Hostelería,5513.35
2024-07-01,RN-BCN-ES11,B,moda_belleza,Moda y Belleza,303124.47
2024-07-01,RN-BCN-ES11,B,hogar_electronica,"Hogar, Electrónica y Electrodomésticos",50747.65
2024-07-01,RN-BCN-ES11,B,alimentacion_hosteleria,Alimentación y Hostelería,6043.17
2024-07-01,RN-BCN-ES12,B,moda_belleza,Moda y Belleza,263855.22
2024-07-01,RN-BCN-ES12,B,hogar_electronica,"Hogar, Electrónica y Electrodomésticos",44173.38
2024-07-01,RN-BCN-ES12,B,alimentacion_hosteleria,Alimentación y Hostelería,5260.29
2024-07-01,RN-BCN-ES13,B,moda_belleza,Moda y Belleza,309672.62
2024-07-01,RN-BCN-ES13,B,hogar_electronica,"Hogar, Electrónica y Electrodomésticos",51843.91
2024-07-01,RN-BCN-ES13,B,alimentacion_hosteleria,Alimentación y Hostelería,6173.72
2024-07-01,RN-BCN-ES14,B,moda_belleza,Moda y Belleza,324907.42
2024-07-01,RN-BCN-ES14,B,hogar_electronica,"Hogar, Electrónica y Electrodomésticos",54394.45
2024-07-01,RN-BCN-ES14,B,alimentacion_hosteleria,Alimentación y Hostelería,6477.44
2024-07-01,RN-BCN-GA01,B,moda_belleza,Moda y Belleza,1848413.44
2024-07-01,RN-BCN-GA01,B,hogar_electronica,"Hogar, Electrónica y Electrodomésticos",2249585.49
2024-07-01,RN-BCN-GA01,B,alimentacion_hosteleria,Alimentación y Hostelería,563972.44
2024-07-01,RN-BCN-GA02,B,moda_belleza,Moda y Belleza,2222823.45
2024-07-01,RN-BCN-GA02,B,hogar_electronica,"Hogar, Electrónica y Electrodomésticos",2705255.91
2024-07-01,RN-BCN-GA02,B,alimentacion_hosteleria,Alimentación y Hostelería,678209.29
2024-07-01,RN-BCN-HI01,B,moda_belleza,Moda y Belleza,70690.33
2024-07-01,RN-BCN-HI01,B,hogar_electronica,"Hogar, Electrónica y Electrodomésticos",182253.4
2024-07-01,RN-BCN-HI01,B,alimentacion_hosteleria,Alimentación y Hostelería,604590.35
2024-07-01,RN-BCN-HI02,B,moda_belleza,Moda y Belleza,106208.1
2024-07-01,RN-BCN-HI02,B,hogar_electronica,"Hogar, Electrónica y Electrodomésticos",273825.13
2024-07-01,RN-BCN-HI02,B,alimentacion_hosteleria,Alimentación y Hostelería,908361.8
2024-07-01,RN-BCN-HI03,B,moda_belleza,Moda y Belleza,72258.05
2024-07-01,RN-BCN-HI03,B,hogar_electronica,"Hogar, Electrónica y Electrodomésticos",186295.3
2024-07-01,RN-BCN-HI03,B,alimentacion_hosteleria,Alimentación y Hostelería,617998.57
2024-07-01,RN-BCN-HI04,B,moda_belleza,Moda y Belleza,89683.27
2024-07-01,RN-BCN-HI04,B,hogar_electronica,"Hogar, Electrónica y Electrodomésticos",231220.92
2024-07-01,RN-BCN-HI04,B,alimentacion_hosteleria,Alimentación y Hostelería,767030.58
2024-07-01,RN-BIO-CV01,E,moda_belleza,Moda y Belleza,11993.07
2024-07-01,RN-BIO-CV01,E,hogar_electronica,"Hogar, Electrónica y Electrodomésticos",31882.47
2024-07-01,RN-BIO-CV01,E,alimentacion_hosteleria,Alimentación y Hostelería,161083.96
2024-07-01,RN-BIO-CV02,E,moda_belleza,Moda y Belleza,11503.28
2024-07-01,RN-BIO-CV02,E,hogar_electronica,"Hogar, Electrónica y Electrodomésticos",30580.42
2024-07-01,RN-BIO-CV02,E,alimentacion_hosteleria,Alimentación y Hostelería,154505.42
2024-07-01,RN-BIO-CV03,E,moda_belleza,Moda y Belleza,11197.58
2024-07-01,RN-BIO-CV03,E,hogar_electronica,"Hogar, Electrónica y Electrodomésticos",29767.72
2024-07-01,RN-BIO-CV03,E,alimentacion_hosteleria,Alimentación y Hostelería,150399.34
2024-07-01,RN-BIO-CV04,E,moda_belleza,Moda y Belleza,12815.0
2024-07-01,RN-BIO-CV04,E,hogar_electronica,"Hogar, Electrónica y Electrodomésticos",34067.48
2024-07-01,RN-BIO-CV04,E,alimentacion_hosteleria,Alimentación y Hostelería,172123.56
2024-07-01,RN-BIO-ES01,E,moda_belleza,Moda y Belleza,249576.3
2024-07-01,RN-BIO-ES01,E,hogar_electronica,"Hogar, Electrónica y Electrodomésticos",50263.29
2024-07-01,RN-BIO-ES01,E,alimentacion_hosteleria,Alimentación y Hostelería,5377.8
2024-07-01,RN-BIO-ES02,E,moda_belleza,Moda y Belleza,226450.61
2024-07-01,RN-BIO-ES02,E,hogar_electronica,"Hogar, Electrónica y Electrodomésticos",45605.91
2024-07-01,RN-BIO-ES02,E,alimentacion_hosteleria,Alimentación y Hostelería,4879.5
2024-07-01,RN-BIO-ES03,E,moda_belleza,Moda y Belleza,342689.47
2024-07-01,RN-BIO-ES03,E,hogar_electronica,"Hogar, Electrónica y Electrodomésticos",69015.77
2024-07-01,RN-BIO-ES03,E,alimentacion_hosteleria,Alimentación y Hostelería,7384.18
2024-07-01,RN-BIO-ES04,E,moda_belleza,Moda y Belleza,288187.49
2024-07-01,RN-BIO-ES04,E,hogar_electronica,"Hogar, Electrónica y Electrodomésticos",58039.37
2024-07-01,RN-BIO-ES04,E,alimentacion_hosteleria,Alimentación y Hostelería,6209.79
2024-07-01,RN-BIO-ES05,E,moda_belleza,Moda y Belleza,268839.2
2024-07-01,RN-BIO-ES05,E,hogar_electronica,"Hogar, Electrónica y Electrodomésticos",54142.73
2024-07-01,RN-BIO-ES05,E,alimentacion_hosteleria,Alimentación y Hostelería,5792.87
2024-07-01,RN-BIO-ES06,E,moda_belleza,Moda y Belleza,325312.37
2024-07-01,RN-BIO-ES06,E,hogar_electronica,"Hogar, Electrónica y Electrodomésticos",65516.12
2024-07-01,RN-BIO-ES06,E,alimentacion_hosteleria,Alimentación y Hostelería,7009.74
2024-07-01,RN-BIO-ES07,E,moda_belleza,Moda y Belleza,282583.55
2024-07-01,RN-BIO-ES07,E,hogar_electronica,"Hogar, Electrónica y Electrodomésticos",56910.77
2024-07-01,RN-BIO-ES07,E,alimentacion_hosteleria,Alimentación y Hostelería,6089.03
2024-07-01,RN-BIO-GA01,E,moda_belleza,Moda y Belleza,1183834.86
2024-07-01,RN-BIO-GA01,E,hogar_electronica,"Hogar, Electrónica y Electrodomésticos",1733193.9
2024-07-01,RN-BIO-GA01,E,alimentacion_hosteleria,Alimentación y Hostelería,390397.88
2024-07-01,RN-BIO-HI01,E,moda_belleza,Moda y Belleza,76945.68
2024-07-01,RN-BIO-HI01,E,hogar_electronica,"Hogar, Electrónica y Electrodomésticos",238645.12
2024-07-01,RN-BIO-HI01,E,alimentacion_hosteleria,Alimentación y Hostelería,711283.99
2024-07-01,RN-BIO-HI02,E,moda_belleza,Moda y Belleza,57912.0
2024-07-01,RN-BIO-HI02,E,hogar_electronica,"Hogar, Electrónica y Electrodomésticos",179612.64
2024-07-01,RN-BIO-HI02,E,alimentacion_hosteleria,Alimentación y Hostelería,535337.13
2024-07-01,RN-MAD-CV01,A,moda_belleza,Moda y Belleza,11950.04
2024-07-01,RN-MAD-CV01,A,hogar_electronica,"Hogar, Electrónica y Electrodomésticos",23507.85
2024-07-01,RN-MAD-CV01,A,alimentacion_hosteleria,Alimentación y Hostelería,143202.84
2024-07-01,RN-MAD-CV02,A,moda_belleza,Moda y Belleza,12715.82
2024-07-01,RN-MAD-CV02,A,hogar_electronica,"Hogar, Electrónica y Electrodomésticos",25014.27
2024-07-01,RN-MAD-CV02,A,alimentacion_hosteleria,Alimentación y Hostelería,152379.51
2024-07-01,RN-MAD-CV03,A,moda_belleza,Moda y Belleza,12065.15
2024-07-01,RN-MAD-CV03,A,hogar_electronica,"Hogar, Electrónica y Electrodomésticos",23734.28
2024-07-01,RN-MAD-CV03,A,alimentacion_hosteleria,Alimentación y Hostelería,144582.22
2024-07-01,RN-MAD-CV04,A,moda_belleza,Moda y Belleza,13824.41
2024-07-01,RN-MAD-CV04,A,hogar_electronica,"Hogar, Electrónica y Electrodomésticos",27195.06
2024-07-01,RN-MAD-CV04,A,alimentacion_hosteleria,Alimentación y Hostelería,165664.27
2024-07-01,RN-MAD-CV05,A,moda_belleza,Moda y Belleza,10244.44
2024-07-01,RN-MAD-CV05,A,hogar_electronica,"Hogar, Electrónica y Electrodomésticos",20152.63
2024-07-01,RN-MAD-CV05,A,alimentacion_hosteleria,Alimentación y Hostelería,122763.87
2024-07-01,RN-MAD-CV06,A,moda_belleza,Moda y Belleza,11750.6
2024-07-01,RN-MAD-CV06,A,hogar_electronica,"Hogar, Electrónica y Electrodomésticos",23115.51
2024-07-01,RN-MAD-CV06,A,alimentacion_hosteleria,Alimentación y Hostelería,140812.84
2024-07-01,RN-MAD-CV07,A,moda_belleza,Moda y Belleza,11479.58
2024-07-01,RN-MAD-CV07,A,hogar_electronica,"Hogar, Electrónica y Electrodomésticos",22582.36
2024-07-01,RN-MAD-CV07,A,alimentacion_hosteleria,Alimentación y Hostelería,137565.08
2024-07-01,RN-MAD-CV08,A,moda_belleza,Moda y Belleza,13710.42
2024-07-01,RN-MAD-CV08,A,hogar_electronica,"Hogar, Electrónica y Electrodomésticos",26970.82
2024-07-01,RN-MAD-CV08,A,alimentacion_hosteleria,Alimentación y Hostelería,164298.28
2024-07-01,RN-MAD-CV09,A,moda_belleza,Moda y Belleza,14544.52
2024-07-01,RN-MAD-CV09,A,hogar_electronica,"Hogar, Electrónica y Electrodomésticos",28611.65
2024-07-01,RN-MAD-CV09,A,alimentacion_hosteleria,Alimentación y Hostelería,174293.73
2024-07-01,RN-MAD-CV10,A,moda_belleza,Moda y Belleza,13439.69
2024-07-01,RN-MAD-CV10,A,hogar_electronica,"Hogar, Electrónica y Electrodomésticos",26438.26
2024-07-01,RN-MAD-CV10,A,alimentacion_hosteleria,Alimentación y Hostelería,161054.04
2024-07-01,RN-MAD-ES01,A,moda_belleza,Moda y Belleza,352232.79
2024-07-01,RN-MAD-ES01,A,hogar_electronica,"Hogar, Electrónica y Electrodomésticos",52492.75
2024-07-01,RN-MAD-ES01,A,alimentacion_hosteleria,Alimentación y Hostelería,6771.61
2024-07-01,RN-MAD-ES02,A,moda_belleza,Moda y Belleza,239747.75
2024-07-01,RN-MAD-ES02,A,hogar_electronica,"Hogar, Electrónica y Electrodomésticos",35729.27
2024-07-01,RN-MAD-ES02,A,alimentacion_hosteleria,Alimentación y Hostelería,4609.1
2024-07-01,RN-MAD-ES03,A,moda_belleza,Moda y Belleza,286724.34
2024-07-01,RN-MAD-ES03,A,hogar_electronica,"Hogar, Electrónica y Electrodomésticos",42730.12
2024-07-01,RN-MAD-ES03,A,alimentacion_hosteleria,Alimentación y Hostelería,5512.22
2024-07-01,RN-MAD-ES04,A,moda_belleza,Moda y Belleza,292766.55
2024-07-01,RN-MAD-ES04,A,hogar_electronica,"Hogar, Electrónica y Electrodomésticos",43630.58
2024-07-01,RN-MAD-ES04,A,alimentacion_hosteleria,Alimentación y Hostelería,5628.38
2024-07-01,RN-MAD-ES05,A,moda_belleza,Moda y Belleza,261416.71
2024-07-01,RN-MAD-ES05,A,hogar_electronica,"Hogar, Electrónica y Electrodomésticos",38958.56
2024-07-01,RN-MAD-ES05,A,alimentacion_hosteleria,Alimentación y Hostelería,5025.69
2024-07-01,RN-MAD-ES06,A,moda_belleza,Moda y Belleza,295832.82
2024-07-01,RN-MAD-ES06,A,hogar_electronica,"Hogar, Electrónica y Electrodomésticos",44087.54
2024-07-01,RN-MAD-ES06,A,alimentacion_hosteleria,Alimentación y Hostelería,5687.33
2024-07-01,RN-MAD-ES07,A,moda_belleza,Moda y Belleza,308715.13
2024-07-01,RN-MAD-ES07,A,hogar_electronica,"Hogar, Electrónica y Electrodomésticos",46007.38
2024-07-01,RN-MAD-ES07,A,alimentacion_hosteleria,Alimentación y Hostelería,5934.99
2024-07-01,RN-MAD-ES08,A,moda_belleza,Moda y Belleza,310389.49
2024-07-01,RN-MAD-ES08,A,hogar_electronica,"Hogar, Electrónica y Electrodomésticos",46256.9
2024-07-01,RN-MAD-ES08,A,alimentacion_hosteleria,Alimentación y Hostelería,5967.18
2024-07-01,RN-MAD-ES09,A,moda_belleza,Moda y Belleza,290283.46
2024-07-01,RN-MAD-ES09,A,hogar_electronica,"Hogar, Electrónica y Electrodomésticos",43260.53
2024-07-01,RN-MAD-ES09,A,alimentacion_hosteleria,Alimentación y Hostelería,5580.64
2024-07-01,RN-MAD-ES10,A,moda_belleza,Moda y Belleza,294927.12
2024-07-01,RN-MAD-ES10,A,hogar_electronica,"Hogar, Electrónica y Electrodomésticos",43952.57
2024-07-01,RN-MAD-ES10,A,alimentacion_hosteleria,Alimentación y Hostelería,5669.92
2024-07-01,RN-MAD-ES11,A,moda_belleza,Moda y Belleza,249491.92
2024-07-01,RN-MAD-ES11,A,hogar_electronica,"Hogar, Electrónica y Electrodomésticos",37181.43
2024-07-01,RN-MAD-ES11,A,alimentacion_hosteleria,Alimentación y Hostelería,4796.43
2024-07-01,RN-MAD-ES12,A,moda_belleza,Moda y Belleza,322271.26
2024-07-01,RN-MAD-ES12,A,hogar_electronica,"Hogar, Electrónica y Electrodomésticos",48027.63
2024-07-01,RN-MAD-ES12,A,alimentacion_hosteleria,Alimentación y Hostelería,6195.6
2024-07-01,RN-MAD-ES13,A,moda_belleza,Moda y Belleza,297161.04
2024-07-01,RN-MAD-ES13,A,hogar_electronica,"Hogar, Electrónica y Electrodomésticos",44285.49
2024-07-01,RN-MAD-ES13,A,alimentacion_hosteleria,Alimentación y Hostelería,5712.86
2024-07-01,RN-MAD-ES14,A,moda_belleza,Moda y Belleza,239840.02
2024-07-01,RN-MAD-ES14,A,hogar_electronica,"Hogar, Electrónica y Electrodomésticos",35743.02
2024-07-01,RN-MAD-ES14,A,alimentacion_hosteleria,Alimentación y Hostelería,4610.88
2024-07-01,RN-MAD-ES15,A,moda_belleza,Moda y Belleza,273353.28
2024-07-01,RN-MAD-ES15,A,hogar_electronica,"Hogar, Electrónica y Electrodomésticos",40737.45
2024-07-01,RN-MAD-ES15,A,alimentacion_hosteleria,Alimentación y Hostelería,5255.16
2024-07-01,RN-MAD-ES16,A,moda_belleza,Moda y Belleza,270195.84
2024-07-01,RN-MAD-ES16,A,hogar_electronica,"Hogar, Electrónica y Electrodomésticos",40266.9
2024-07-01,RN-MAD-ES16,A,alimentacion_hosteleria,Alimentación y Hostelería,5194.46
2024-07-01,RN-MAD-ES17,A,moda_belleza,Moda y Belleza,283928.41
2024-07-01,RN-MAD-ES17,A,hogar_electronica,"Hogar, Electrónica y Electrodomésticos",42313.45
2024-07-01,RN-MAD-ES17,A,alimentacion_hosteleria,Alimentación y Hostelería,5458.47
2024-07-01,RN-MAD-ES18,A,moda_belleza,Moda y Belleza,320193.42
2024-07-01,RN-MAD-ES18,A,hogar_electronica,"Hogar, Electrónica y Electrodomésticos",47717.97
2024-07-01,RN-MAD-ES18,A,alimentacion_hosteleria,Alimentación y Hostelería,6155.66
2024-07-01,RN-MAD-ES19,A,moda_belleza,Moda y Belleza,298647.03
2024-07-01,RN-MAD-ES19,A,hogar_electronica,"Hogar, Electrónica y Electrodomésticos",44506.94
2024-07-01,RN-MAD-ES19,A,alimentacion_hosteleria,Alimentación y Hostelería,5741.43
2024-07-01,RN-MAD-ES20,A,moda_belleza,Moda y Belleza,291488.56
2024-07-01,RN-MAD-ES20,A,hogar_electronica,"Hogar, Electrónica y Electrodomésticos",43440.13
2024-07-01,RN-MAD-ES20,A,alimentacion_hosteleria,Alimentación y Hostelería,5603.81
2024-07-01,RN-MAD-GA01,A,moda_belleza,Moda y Belleza,2533631.35
2024-07-01,RN-MAD-GA01,A,hogar_electronica,"Hogar, Electrónica y Electrodomésticos",2744867.74
2024-07-01,RN-MAD-GA01,A,alimentacion_hosteleria,Alimentación y Hostelería,745452.88
2024-07-01,RN-MAD-GA02,A,moda_belleza,Moda y Belleza,1672764.1
2024-07-01,RN-MAD-GA02,A,hogar_electronica,"Hogar, Electrónica y Electrodomésticos",1812227.43
2024-07-01,RN-MAD-GA02,A,alimentacion_hosteleria,Alimentación y Hostelería,492165.85
2024-07-01,RN-MAD-GA03,A,moda_belleza,Moda y Belleza,1944323.38
2024-07-01,RN-MAD-GA03,A,hogar_electronica,"Hogar, Electrónica y Electrodomésticos",2106427.42
2024-07-01,RN-MAD-GA03,A,alimentacion_hosteleria,Alimentación y Hostelería,572064.86
2024-07-01,RN-MAD-HI01,A,moda_belleza,Moda y Belleza,82040.09
2024-07-01,RN-MAD-HI01,A,hogar_electronica,"Hogar, Electrónica y Electrodomésticos",188285.3
2024-07-01,RN-MAD-HI01,A,alimentacion_hosteleria,Alimentación y Hostelería,676620.85
2024-07-01,RN-MAD-HI02,A,moda_belleza,Moda y Belleza,72568.18
2024-07-01,RN-MAD-HI02,A,hogar_electronica,"Hogar, Electrónica y Electrodomésticos",166546.89
2024-07-01,RN-MAD-HI02,A,alimentacion_hosteleria,Alimentación y Hostelería,598501.83
2024-07-01,RN-MAD-HI03,A,moda_belleza,Moda y Belleza,81722.46
2024-07-01,RN-MAD-HI03,A,hogar_electronica,"Hogar, Electrónica y Electrodomésticos",187556.32
2024-07-01,RN-MAD-HI03,A,alimentacion_hosteleria,Alimentación y Hostelería,674001.19
2024-07-01,RN-MAD-HI04,A,moda_belleza,Moda y Belleza,88631.9
2024-07-01,RN-MAD-HI04,A,hogar_electronica,"Hogar, Electrónica y Electrodomésticos",203413.77
2024-07-01,RN-MAD-HI04,A,alimentacion_hosteleria,Alimentación y Hostelería,730986.4
2024-07-01,RN-MAD-HI05,A,moda_belleza,Moda y Belleza,85509.1
2024-07-01,RN-MAD-HI05,A,hogar_electronica,"Hogar, Electrónica y Electrodomésticos",196246.81
2024-07-01,RN-MAD-HI05,A,alimentacion_hosteleria,Alimentación y Hostelería,705231.26
2024-07-01,RN-SEV-CV01,D,moda_belleza,Moda y Belleza,13363.51
2024-07-01,RN-SEV-CV01,D,hogar_electronica,"Hogar, Electrónica y Electrodomésticos",39129.5
2024-07-01,RN-SEV-CV01,D,alimentacion_hosteleria,Alimentación y Hostelería,129416.83
2024-07-01,RN-SEV-CV02,D,moda_belleza,Moda y Belleza,15621.02
2024-07-01,RN-SEV-CV02,D,hogar_electronica,"Hogar, Electrónica y Electrodomésticos",45739.69
2024-07-01,RN-SEV-CV02,D,alimentacion_hosteleria,Alimentación y Hostelería,151279.33
2024-07-01,RN-SEV-CV03,D,moda_belleza,Moda y Belleza,12831.09
2024-07-01,RN-SEV-CV03,D,hogar_electronica,"Hogar, Electrónica y Electrodomésticos",37570.53
2024-07-01,RN-SEV-CV03,D,alimentacion_hosteleria,Alimentación y Hostelería,124260.69
2024-07-01,RN-SEV-CV04,D,moda_belleza,Moda y Belleza,12574.77
2024-07-01,RN-SEV-CV04,D,hogar_electronica,"Hogar, Electrónica y Electrodomésticos",36820.0
2024-07-01,RN-SEV-CV04,D,alimentacion_hosteleria,Alimentación y Hostelería,121778.37
2024-07-01,RN-SEV-CV05,D,moda_belleza,Moda y Belleza,11593.64
2024-07-01,RN-SEV-CV05,D,hogar_electronica,"Hogar, Electrónica y Electrodomésticos",33947.16
2024-07-01,RN-SEV-CV05,D,alimentacion_hosteleria,Alimentación y Hostelería,112276.75
2024-07-01,RN-SEV-CV06,D,moda_belleza,Moda y Belleza,13467.5
2024-07-01,RN-SEV-CV06,D,hogar_electronica,"Hogar, Electrónica y Electrodomésticos",39434.0
2024-07-01,RN-SEV-CV06,D,alimentacion_hosteleria,Alimentación y Hostelería,130423.91
2024-07-01,RN-SEV-CV07,D,moda_belleza,Moda y Belleza,13571.16
2024-07-01,RN-SEV-CV07,D,hogar_electronica,"Hogar, Electrónica y Electrodomésticos",39737.52
2024-07-01,RN-SEV-CV07,D,alimentacion_hosteleria,Alimentación y Hostelería,131427.77
2024-07-01,RN-SEV-CV08,D,moda_belleza,Moda y Belleza,14740.87
2024-07-01,RN-SEV-CV08,D,hogar_electronica,"Hogar, Electrónica y Electrodomésticos",43162.53
2024-07-01,RN-SEV-CV08,D,alimentacion_hosteleria,Alimentación y Hostelería,142755.65
2024-07-01,RN-SEV-CV09,D,moda_belleza,Moda y Belleza,14492.53
2024-07-01,RN-SEV-CV09,D,hogar_electronica,"Hogar, Electrónica y Electrodomésticos",42435.35
2024-07-01,RN-SEV-CV09,D,alimentacion_hosteleria,Alimentación y Hostelería,140350.57
2024-07-01,RN-SEV-CV10,D,moda_belleza,Moda y Belleza,14589.84
2024-07-01,RN-SEV-CV10,D,hogar_electronica,"Hogar, Electrónica y Electrodomésticos",42720.29
2024-07-01,RN-SEV-CV10,D,alimentacion_hosteleria,Alimentación y Hostelería,141292.98
2024-07-01,RN-SEV-ES01,D,moda_belleza,Moda y Belleza,287681.95
2024-07-01,RN-SEV-ES01,D,hogar_electronica,"Hogar, Electrónica y Electrodomésticos",63814.94
2024-07-01,RN-SEV-ES01,D,alimentacion_hosteleria,Alimentación y Hostelería,4469.54
2024-07-01,RN-SEV-ES02,D,moda_belleza,Moda y Belleza,255597.57
2024-07-01,RN-SEV-ES02,D,hogar_electronica,"Hogar, Electrónica y Electrodomésticos",56697.83
2024-07-01,RN-SEV-ES02,D,alimentacion_hosteleria,Alimentación y Hostelería,3971.06
2024-07-01,RN-SEV-ES03,D,moda_belleza,Moda y Belleza,272351.72
2024-07-01,RN-SEV-ES03,D,hogar_electronica,"Hogar, Electrónica y Electrodomésticos",60414.32
2024-07-01,RN-SEV-ES03,D,alimentacion_hosteleria,Alimentación y Hostelería,4231.36
2024-07-01,RN-SEV-ES04,D,moda_belleza,Moda y Belleza,221261.43
2024-07-01,RN-SEV-ES04,D,hogar_electronica,"Hogar, Electrónica y Electrodomésticos",49081.23
2024-07-01,RN-SEV-ES04,D,alimentacion_hosteleria,Alimentación y Hostelería,3437.6
2024-07-01,RN-SEV-ES05,D,moda_belleza,Moda y Belleza,208365.31
2024-07-01,RN-SEV-ES05,D,hogar_electronica,"Hogar, Electrónica y Electrodomésticos",46220.56
2024-07-01,RN-SEV-ES05,D,alimentacion_hosteleria,Alimentación y Hostelería,3237.24
2024-07-01,RN-SEV-ES06,D,moda_belleza,Moda y Belleza,284405.99
2024-07-01,RN-SEV-ES06,D,hogar_electronica,"Hogar, Electrónica y Electrodomésticos",63088.25
2024-07-01,RN-SEV-ES06,D,alimentacion_hosteleria,Alimentación y Hostelería,4418.64
2024-07-01,RN-SEV-ES07,D,moda_belleza,Moda y Belleza,298938.87
2024-07-01,RN-SEV-ES07,D,hogar_electronica,"Hogar, Electrónica y Electrodomésticos",66312.0
2024-07-01,RN-SEV-ES07,D,alimentacion_hosteleria,Alimentación y Hostelería,4644.43
2024-07-01,RN-SEV-ES08,D,moda_belleza,Moda y Belleza,278717.83
2024-07-01,RN-SEV-ES08,D,hogar_electronica,"Hogar, Electrónica y Electrodomésticos",61826.48
2024-07-01,RN-SEV-ES08,D,alimentacion_hosteleria,Alimentación y Hostelería,4330.27
2024-07-01,RN-SEV-ES09,D,moda_belleza,Moda y Belleza,254725.59
2024-07-01,RN-SEV-ES09,D,hogar_electronica,"Hogar, Electrónica y Electrodomésticos",56504.41
2024-07-01,RN-SEV-ES09,D,alimentacion_hosteleria,Alimentación y Hostelería,3957.51
2024-07-01,RN-SEV-ES10,D,moda_belleza,Moda y Belleza,263984.6
2024-07-01,RN-SEV-ES10,D,hogar_electronica,"Hogar, Electrónica y Electrodomésticos",58558.28
2024-07-01,RN-SEV-ES10,D,alimentacion_hosteleria,Alimentación y Hostelería,4101.36
2024-07-01,RN-SEV-ES11,D,moda_belleza,Moda y Belleza,256065.65
2024-07-01,RN-SEV-ES11,D,hogar_electronica,"Hogar, Electrónica y Electrodomésticos",56801.67
2024-07-01,RN-SEV-ES11,D,alimentacion_hosteleria,Alimentación y Hostelería,3978.33
2024-07-01,RN-SEV-ES12,D,moda_belleza,Moda y Belleza,240800.64
2024-07-01,RN-SEV-ES12,D,hogar_electronica,"Hogar, Electrónica y Electrodomésticos",53415.51
2024-07-01,RN-SEV-ES12,D,alimentacion_hosteleria,Alimentación y Hostelería,3741.17
2024-07-01,RN-SEV-GA01,D,moda_belleza,Moda y Belleza,1025082.15
2024-07-01,RN-SEV-GA01,D,hogar_electronica,"Hogar, Electrónica y Electrodomésticos",1653015.27
2024-07-01,RN-SEV-GA01,D,alimentacion_hosteleria,Alimentación y Hostelería,243738.0
2024-07-01,RN-SEV-HI01,D,moda_belleza,Moda y Belleza,66114.03
2024-07-01,RN-SEV-HI01,D,hogar_electronica,"Hogar, Electrónica y Electrodomésticos",225852.08
2024-07-01,RN-SEV-HI01,D,alimentacion_hosteleria,Alimentación y Hostelería,440656.98
2024-07-01,RN-SEV-HI02,D,moda_belleza,Moda y Belleza,73998.88
2024-07-01,RN-SEV-HI02,D,hogar_electronica,"Hogar, Electrónica y Electrodomésticos",252787.5
2024-07-01,RN-SEV-HI02,D,alimentacion_hosteleria,Alimentación y Hostelería,493210.33
2024-07-01,RN-SEV-HI03,D,moda_belleza,Moda y Belleza,65571.87
2024-07-01,RN-SEV-HI03,D,hogar_electronica,"Hogar, Electrónica y Electrodomésticos",224000.01
2024-07-01,RN-SEV-HI03,D,alimentacion_hosteleria,Alimentación y Hostelería,437043.44
2024-07-01,RN-SEV-HI04,D,moda_belleza,Moda y Belleza,87935.18
2024-07-01,RN-SEV-HI04,D,hogar_electronica,"Hogar, Electrónica y Electrodomésticos",300395.28
2024-07-01,RN-SEV-HI04,D,alimentacion_hosteleria,Alimentación y Hostelería,586097.23
2024-07-01,RN-VLC-CV01,C,moda_belleza,Moda y Belleza,9432.02
2024-07-01,RN-VLC-CV01,C,hogar_electronica,"Hogar, Electrónica y Electrodomésticos",19800.92
2024-07-01,RN-VLC-CV01,C,alimentacion_hosteleria,Alimentación y Hostelería,178860.88
2024-07-01,RN-VLC-CV02,C,moda_belleza,Moda y Belleza,9733.76
2024-07-01,RN-VLC-CV02,C,hogar_electronica,"Hogar, Electrónica y Electrodomésticos",20434.36
2024-07-01,RN-VLC-CV02,C,alimentacion_hosteleria,Alimentación y Hostelería,184582.72
2024-07-01,RN-VLC-CV03,C,moda_belleza,Moda y Belleza,10627.07
2024-07-01,RN-VLC-CV03,C,hogar_electronica,"Hogar, Electrónica y Electrodomésticos",22309.7
2024-07-01,RN-VLC-CV03,C,alimentacion_hosteleria,Alimentación y Hostelería,201522.68
2024-07-01,RN-VLC-CV04,C,moda_belleza,Moda y Belleza,8725.81
2024-07-01,RN-VLC-CV04,C,hogar_electronica,"Hogar, Electrónica y Electrodomésticos",18318.35
2024-07-01,RN-VLC-CV04,C,alimentacion_hosteleria,Alimentación y Hostelería,165468.94
2024-07-01,RN-VLC-CV05,C,moda_belleza,Moda y Belleza,7386.48
2024-07-01,RN-VLC-CV05,C,hogar_electronica,"Hogar, Electrónica y Electrodomésticos",15506.64
2024-07-01,RN-VLC-CV05,C,alimentacion_hosteleria,Alimentación y Hostelería,140070.87
2024-07-01,RN-VLC-CV06,C,moda_belleza,Moda y Belleza,11162.86
2024-07-01,RN-VLC-CV06,C,hogar_electronica,"Hogar, Electrónica y Electrodomésticos",23434.51
2024-07-01,RN-VLC-CV06,C,alimentacion_hosteleria,Alimentación y Hostelería,211682.96
2024-07-01,RN-VLC-CV07,C,moda_belleza,Moda y Belleza,9151.3
2024-07-01,RN-VLC-CV07,C,hogar_electronica,"Hogar, Electrónica y Electrodomésticos",19211.58
2024-07-01,RN-VLC-CV07,C,alimentacion_hosteleria,Alimentación y Hostelería,173537.45
2024-07-01,RN-VLC-CV08,C,moda_belleza,Moda y Belleza,7897.97
2024-07-01,RN-VLC-CV08,C,hogar_electronica,"Hogar, Electrónica y Electrodomésticos",16580.44
2024-07-01,RN-VLC-CV08,C,alimentacion_hosteleria,Alimentación y Hostelería,149770.42
2024-07-01,RN-VLC-CV09,C,moda_belleza,Moda y Belleza,8137.95
2024-07-01,RN-VLC-CV09,C,hogar_electronica,"Hogar, Electrónica y Electrodomésticos",17084.23
2024-07-01,RN-VLC-CV09,C,alimentacion_hosteleria,Alimentación y Hostelería,154321.13
2024-07-01,RN-VLC-ES01,C,moda_belleza,Moda y Belleza,300634.05
2024-07-01,RN-VLC-ES01,C,hogar_electronica,"Hogar, Electrónica y Electrodomésticos",47812.85
2024-07-01,RN-VLC-ES01,C,alimentacion_hosteleria,Alimentación y Hostelería,9145.94
2024-07-01,RN-VLC-ES02,C,moda_belleza,Moda y Belleza,223890.51
2024-07-01,RN-VLC-ES02,C,hogar_electronica,"Hogar, Electrónica y Electrodomésticos",35607.56
2024-07-01,RN-VLC-ES02,C,alimentacion_hosteleria,Alimentación y Hostelería,6811.24
2024-07-01,RN-VLC-ES03,C,moda_belleza,Moda y Belleza,260315.35
2024-07-01,RN-VLC-ES03,C,hogar_electronica,"Hogar, Electrónica y Electrodomésticos",41400.57
2024-07-01,RN-VLC-ES03,C,alimentacion_hosteleria,Alimentación y Hostelería,7919.36
2024-07-01,RN-VLC-ES04,C,moda_belleza,Moda y Belleza,280621.26
2024-07-01,RN-VLC-ES04,C,hogar_electronica,"Hogar, Electrónica y Electrodomésticos",44630.02
2024-07-01,RN-VLC-ES04,C,alimentacion_hosteleria,Alimentación y Hostelería,8537.11
2024-07-01,RN-VLC-ES05,C,moda_belleza,Moda y Belleza,278073.86
2024-07-01,RN-VLC-ES05,C,hogar_electronica,"Hogar, Electrónica y Electrodomésticos",44224.88
2024-07-01,RN-VLC-ES05,C,alimentacion_hosteleria,Alimentación y Hostelería,8459.61
2024-07-01,RN-VLC-ES06,C,moda_belleza,Moda y Belleza,215175.6
2024-07-01,RN-VLC-ES06,C,hogar_electronica,"Hogar, Electrónica y Electrodomésticos",34221.54
2024-07-01,RN-VLC-ES06,C,alimentacion_hosteleria,Alimentación y Hostelería,6546.11
2024-07-01,RN-VLC-ES07,C,moda_belleza,Moda y Belleza,265886.79
2024-07-01,RN-VLC-ES07,C,hogar_electronica,"Hogar, Electrónica y Electrodomésticos",42286.65
2024-07-01,RN-VLC-ES07,C,alimentacion_hosteleria,Alimentación y Hostelería,8088.85
2024-07-01,RN-VLC-ES08,C,moda_belleza,Moda y Belleza,310862.84
2024-07-01,RN-VLC-ES08,C,hogar_electronica,"Hogar, Electrónica y Electrodomésticos",49439.64
2024-07-01,RN-VLC-ES08,C,alimentacion_hosteleria,Alimentación y Hostelería,9457.12
2024-07-01,RN-VLC-ES09,C,moda_belleza,Moda y Belleza,267609.3
2024-07-01,RN-VLC-ES09,C,hogar_electronica,"Hogar, Electrónica y Electrodomésticos",42560.6
2024-07-01,RN-VLC-ES09,C,alimentacion_hosteleria,Alimentación y Hostelería,8141.26
2024-07-01,RN-VLC-ES10,C,moda_belleza,Moda y Belleza,247683.3
2024-07-01,RN-VLC-ES10,C,hogar_electronica,"Hogar, Electrónica y Electrodomésticos",39391.57
2024-07-01,RN-VLC-ES10,C,alimentacion_hosteleria,Alimentación y Hostelería,7535.06
2024-07-01,RN-VLC-GA01,C,moda_belleza,Moda y Belleza,1745015.87
2024-07-01,RN-VLC-GA01,C,hogar_electronica,"Hogar, Electrónica y Electrodomésticos",2017503.66
2024-07-01,RN-VLC-GA01,C,alimentacion_hosteleria,Alimentación y Hostelería,812464.52
2024-07-01,RN-VLC-HI01,C,moda_belleza,Moda y Belleza,66233.57
2024-07-01,RN-VLC-HI01,C,hogar_electronica,"Hogar, Electrónica y Electrodomésticos",162220.36
2024-07-01,RN-VLC-HI01,C,alimentacion_hosteleria,Alimentación y Hostelería,864421.62
2024-07-01,RN-VLC-HI02,C,moda_belleza,Moda y Belleza,70265.54
2024-07-01,RN-VLC-HI02,C,hogar_electronica,"Hogar, Electrónica y Electrodomésticos",172095.55
2024-07-01,RN-VLC-HI02,C,alimentacion_hosteleria,Alimentación y Hostelería,917043.39
2024-07-01,RN-VLC-HI03,C,moda_belleza,Moda y Belleza,76115.94
2024-07-01,RN-VLC-HI03,C,hogar_electronica,"Hogar, Electrónica y Electrodomésticos",186424.44
2024-07-01,RN-VLC-HI03,C,alimentacion_hosteleria,Alimentación y Hostelería,993397.58
2024-07-01,RN-VLC-HI04,C,moda_belleza,Moda y Belleza,62756.54
2024-07-01,RN-VLC-HI04,C,hogar_electronica,"Hogar, Electrónica y Electrodomésticos",153704.38
2024-07-01,RN-VLC-HI04,C,alimentacion_hosteleria,Alimentación y Hostelería,819042.58
2024-07-01,RN-VLC-HI05,C,moda_belleza,Moda y Belleza,71572.31
2024-07-01,RN-VLC-HI05,C,hogar_electronica,"Hogar, Electrónica y Electrodomésticos",175296.1
2024-07-01,RN-VLC-HI05,C,alimentacion_hosteleria,Alimentación y Hostelería,934098.15
2024-07-01,RN-VLC-HI06,C,moda_belleza,Moda y Belleza,66117.9
2024-07-01,RN-VLC-HI06,C,hogar_electronica,"Hogar, Electrónica y Electrodomésticos",161937.07
2024-07-01,RN-VLC-HI06,C,alimentacion_hosteleria,Alimentación y Hostelería,862912.03
2024-07-01,RN-VLC-HI07,C,moda_belleza,Moda y Belleza,52549.32
2024-07-01,RN-VLC-HI07,C,hogar_electronica,"Hogar, Electrónica y Electrodomésticos",128704.68
2024-07-01,RN-VLC-HI07,C,alimentacion_hosteleria,Alimentación y Hostelería,685827.0
2024-08-01,RN-BCN-CV01,B,moda_belleza,Moda y Belleza,11022.81
2024-08-01,RN-BCN-CV01,B,hogar_electronica,"Hogar, Electrónica y Electrodomésticos",24359.1
2024-08-01,RN-BCN-CV01,B,alimentacion_hosteleria,Alimentación y Hostelería,136979.84
2024-08-01,RN-BCN-CV02,B,moda_belleza,Moda y Belleza,12604.35
2024-08-01,RN-BCN-CV02,B,hogar_electronica,"Hogar, Electrónica y Electrodomésticos",27854.11
2024-08-01,RN-BCN-CV02,B,alimentacion_hosteleria,Alimentación y Hostelería,156633.5
2024-08-01,RN-BCN-CV03,B,moda_belleza,Moda y Belleza,13301.68
2024-08-01,RN-BCN-CV03,B,hogar_electronica,"Hogar, Electrónica y Electrodomésticos",29395.12
2024-08-01,RN-BCN-CV03,B,alimentacion_hosteleria,Alimentación y Hostelería,165299.19
2024-08-01,RN-BCN-CV04,B,moda_belleza,Moda y Belleza,10014.18
2024-08-01,RN-BCN-CV04,B,hogar_electronica,"Hogar, Electrónica y Electrodomésticos",22130.14
2024-08-01,RN-BCN-CV04,B,alimentacion_hosteleria,Alimentación y Hostelería,124445.64
2024-08-01,RN-BCN-CV05,B,moda_belleza,Moda y Belleza,10391.39
2024-08-01,RN-BCN-CV05,B,hogar_electronica,"Hogar, Electrónica y Electrodomésticos",22963.73
2024-08-01,RN-BCN-CV05,B,alimentacion_hosteleria,Alimentación y Hostelería,129133.17
2024-08-01,RN-BCN-CV06,B,moda_belleza,Moda y Belleza,10604.04
2024-08-01,RN-BCN-CV06,B,hogar_electronica,"Hogar, Electrónica y Electrodomésticos",23433.66
2024-08-01,RN-BCN-CV06,B,alimentacion_hosteleria,Alimentación y Hostelería,131775.74
2024-08-01,RN-BCN-CV07,B,moda_belleza,Moda y Belleza,10767.15
2024-08-01,RN-BCN-CV07,B,hogar_electronica,"Hogar, Electrónica y Electrodomésticos",23794.12
2024-08-01,RN-BCN-CV07,B,alimentacion_hosteleria,Alimentación y Hostelería,133802.74
2024-08-01,RN-BCN-CV08,B,moda_belleza,Moda y Belleza,11170.22
2024-08-01,RN-BCN-CV08,B,hogar_electronica,"Hogar, Electrónica y Electrodomésticos",24684.87
2024-08-01,RN-BCN-CV08,B,alimentacion_hosteleria,Alimentación y Hostelería,138811.73
2024-08-01,RN-BCN-ES01,B,moda_belleza,Moda y Belleza,186545.78
2024-08-01,RN-BCN-ES01,B,hogar_electronica,"Hogar, Electrónica y Electrodomésticos",31230.6
2024-08-01,RN-BCN-ES01,B,alimentacion_hosteleria,Alimentación y Hostelería,3719.03
2024-08-01,RN-BCN-ES02,B,moda_belleza,Moda y Belleza,214190.46
2024-08-01,RN-BCN-ES02,B,hogar_electronica,"Hogar, Electrónica y Electrodomésticos",35858.74
2024-08-01,RN-BCN-ES02,B,alimentacion_hosteleria,Alimentación y Hostelería,4270.16
2024-08-01,RN-BCN-ES03,B,moda_belleza,Moda y Belleza,220528.98
2024-08-01,RN-BCN-ES03,B,hogar_electronica,"Hogar, Electrónica y Electrodomésticos",36919.91
2024-08-01,RN-BCN-ES03,B,alimentacion_hosteleria,Alimentación y Hostelería,4396.53
2024-08-01,RN-BCN-ES04,B,moda_belleza,Moda y Belleza,207881.68
2024-08-01,RN-BCN-ES04,B,hogar_electronica,"Hogar, Electrónica y Electrodomésticos",34802.56
2024-08-01,RN-BCN-ES04,B,alimentacion_hosteleria,Alimentación y Hostelería,4144.39
2024-08-01,RN-BCN-ES05,B,moda_belleza,Moda y Belleza,234787.79
2024-08-01,RN-BCN-ES05,B,hogar_electronica,"Hogar, Electrónica y Electrodomésticos",39307.05
2024-08-01,RN-BCN-ES05,B,alimentacion_hosteleria,Alimentación y Hostelería,4680.79
2024-08-01,RN-BCN-ES06,B,moda_belleza,Moda y Belleza,221242.55
2024-08-01,RN-BCN-ES06,B,hogar_electronica,"Hogar, Electrónica y Electrodomésticos",37039.37
2024-08-01,RN-BCN-ES06,B,alimentacion_hosteleria,Alimentación y Hostelería,4410.75
2024-08-01,RN-BCN-ES07,B,moda_belleza,Moda y Belleza,225969.72
2024-08-01,RN-BCN-ES07,B,hogar_electronica,"Hogar, Electrónica y Electrodomésticos",37830.77
2024-08-01,RN-BCN-ES07,B,alimentacion_hosteleria,Alimentación y Hostelería,4504.99
2024-08-01,RN-BCN-ES08,B,moda_belleza,Moda y Belleza,174868.55
2024-08-01,RN-BCN-ES08,B,hogar_electronica,"Hogar, Electrónica y Electrodomésticos",29275.66
2024-08-01,RN-BCN-ES08,B,alimentacion_hosteleria,Alimentación y Hostelería,3486.23
2024-08-01,RN-BCN-ES09,B,moda_belleza,Moda y Belleza,219217.39
2024-08-01,RN-BCN-ES09,B,hogar_electronica,"Hogar, Electrónica y Electrodomésticos",36700.33
2024-08-01,RN-BCN-ES09,B,alimentacion_hosteleria,Alimentación y Hostelería,4370.38
2024-08-01,RN-BCN-ES10,B,moda_belleza,Moda y Belleza,201315.38
2024-08-01,RN-BCN-ES10,B,hogar_electronica,"Hogar, Electrónica y Electrodomésticos",33703.26
2024-08-01,RN-BCN-ES10,B,alimentacion_hosteleria,Alimentación y Hostelería,4013.48
2024-08-01,RN-BCN-ES11,B,moda_belleza,Moda y Belleza,215706.64
2024-08-01,RN-BCN-ES11,B,hogar_electronica,"Hogar, Electrónica y Electrodomésticos",36112.58
2024-08-01,RN-BCN-ES11,B,alimentacion_hosteleria,Alimentación y Hostelería,4300.39
2024-08-01,RN-BCN-ES12,B,moda_belleza,Moda y Belleza,193298.62
2024-08-01,RN-BCN-ES12,B,hogar_electronica,"Hogar, Electrónica y Electrodomésticos",32361.13
2024-08-01,RN-BCN-ES12,B,alimentacion_hosteleria,Alimentación y Hostelería,3853.65
2024-08-01,RN-BCN-ES13,B,moda_belleza,Moda y Belleza,223178.94
2024-08-01,RN-BCN-ES13,B,hogar_electronica,"Hogar, Electrónica y Electrodomésticos",37363.55
2024-08-01,RN-BCN-ES13,B,alimentacion_hosteleria,Alimentación y Hostelería,4449.36
2024-08-01,RN-BCN-ES14,B,moda_belleza,Moda y Belleza,241632.57
2024-08-01,RN-BCN-ES14,B,hogar_electronica,"Hogar, Electrónica y Electrodomésticos",40452.97
2024-08-01,RN-BCN-ES14,B,alimentacion_hosteleria,Alimentación y Hostelería,4817.25
2024-08-01,RN-BCN-GA01,B,moda_belleza,Moda y Belleza,1511954.65
2024-08-01,RN-BCN-GA01,B,hogar_electronica,"Hogar, Electrónica y Electrodomésticos",1840103.07
2024-08-01,RN-BCN-GA01,B,alimentacion_hosteleria,Alimentación y Hostelería,461314.95
2024-08-01,RN-BCN-GA02,B,moda_belleza,Moda y Belleza,1780708.34
2024-08-01,RN-BCN-GA02,B,hogar_electronica,"Hogar, Electrónica y Electrodomésticos",2167185.96
2024-08-01,RN-BCN-GA02,B,alimentacion_hosteleria,Alimentación y Hostelería,543314.83
2024-08-01,RN-BCN-HI01,B,moda_belleza,Moda y Belleza,60997.86
2024-08-01,RN-BCN-HI01,B,hogar_electronica,"Hogar, Electrónica y Electrodomésticos",157264.36
2024-08-01,RN-BCN-HI01,B,alimentacion_hosteleria,Alimentación y Hostelería,521694.03
2024-08-01,RN-BCN-HI02,B,moda_belleza,Moda y Belleza,90587.76
2024-08-01,RN-BCN-HI02,B,hogar_electronica,"Hogar, Electrónica y Electrodomésticos",233552.87
2024-08-01,RN-BCN-HI02,B,alimentacion_hosteleria,Alimentación y Hostelería,774766.37
2024-08-01,RN-BCN-HI03,B,moda_belleza,Moda y Belleza,59879.98
2024-08-01,RN-BCN-HI03,B,hogar_electronica,"Hogar, Electrónica y Electrodomésticos",154382.24
2024-08-01,RN-BCN-HI03,B,alimentacion_hosteleria,Alimentación y Hostelería,512133.18
2024-08-01,RN-BCN-HI04,B,moda_belleza,Moda y Belleza,76521.28
2024-08-01,RN-BCN-HI04,B,hogar_electronica,"Hogar, Electrónica y Electrodomésticos",197286.75
2024-08-01,RN-BCN-HI04,B,alimentacion_hosteleria,Alimentación y Hostelería,654460.56
2024-08-01,RN-BIO-CV01,E,moda_belleza,Moda y Belleza,10632.54
2024-08-01,RN-BIO-CV01,E,hogar_electronica,"Hogar, Electrónica y Electrodomésticos",28265.62
2024-08-01,RN-BIO-CV01,E,alimentacion_hosteleria,Alimentación y Hostelería,142810.06
2024-08-01,RN-BIO-CV02,E,moda_belleza,Moda y Belleza,9997.15
2024-08-01,RN-BIO-CV02,E,hogar_electronica,"Hogar, Electrónica y Electrodomésticos",26576.49
2024-08-01,RN-BIO-CV02,E,alimentacion_hosteleria,Alimentación y Hostelería,134275.85
2024-08-01,RN-BIO-CV03,E,moda_belleza,Moda y Belleza,9593.7
2024-08-01,RN-BIO-CV03,E,hogar_electronica,"Hogar, Electrónica y Electrodomésticos",25503.96
2024-08-01,RN-BIO-CV03,E,alimentacion_hosteleria,Alimentación y Hostelería,128857.0
2024-08-01,RN-BIO-CV04,E,moda_belleza,Moda y Belleza,11051.64
2024-08-01,RN-BIO-CV04,E,hogar_electronica,"Hogar, Electrónica y Electrodomésticos",29379.76
2024-08-01,RN-BIO-CV04,E,alimentacion_hosteleria,Alimentación y Hostelería,148439.19
2024-08-01,RN-BIO-ES01,E,moda_belleza,Moda y Belleza,177418.52
2024-08-01,RN-BIO-ES01,E,hogar_electronica,"Hogar, Electrónica y Electrodomésticos",35731.11
2024-08-01,RN-BIO-ES01,E,alimentacion_hosteleria,Alimentación y Hostelería,3822.97
2024-08-01,RN-BIO-ES02,E,moda_belleza,Moda y Belleza,154207.65
2024-08-01,RN-BIO-ES02,E,hogar_electronica,"Hogar, Electrónica y Electrodomésticos",31056.57
2024-08-01,RN-BIO-ES02,E,alimentacion_hosteleria,Alimentación y Hostelería,3322.82
2024-08-01,RN-BIO-ES03,E,moda_belleza,Moda y Belleza,239886.8
2024-08-01,RN-BIO-ES03,E,hogar_electronica,"Hogar, Electrónica y Electrodomésticos",48311.88
2024-08-01,RN-BIO-ES03,E,alimentacion_hosteleria,Alimentación y Hostelería,5169.02
2024-08-01,RN-BIO-ES04,E,moda_belleza,Moda y Belleza,208265.29
2024-08-01,RN-BIO-ES04,E,hogar_electronica,"Hogar, Electrónica y Electrodomésticos",41943.48
2024-08-01,RN-BIO-ES04,E,alimentacion_hosteleria,Alimentación y Hostelería,4487.64
2024-08-01,RN-BIO-ES05,E,moda_belleza,Moda y Belleza,192757.13
2024-08-01,RN-BIO-ES05,E,hogar_electronica,"Hogar, Electrónica y Electrodomésticos",38820.22
2024-08-01,RN-BIO-ES05,E,alimentacion_hosteleria,Alimentación y Hostelería,4153.48
2024-08-01,RN-BIO-ES06,E,moda_belleza,Moda y Belleza,237167.39
2024-08-01,RN-BIO-ES06,E,hogar_electronica,"Hogar, Electrónica y Electrodomésticos",47764.21
2024-08-01,RN-BIO-ES06,E,alimentacion_hosteleria,Alimentación y Hostelería,5110.42
2024-08-01,RN-BIO-ES07,E,moda_belleza,Moda y Belleza,199684.81
2024-08-01,RN-BIO-ES07,E,hogar_electronica,"Hogar, Electrónica y Electrodomésticos",40215.42
2024-08-01,RN-BIO-ES07,E,alimentacion_hosteleria,Alimentación y Hostelería,4302.75
2024-08-01,RN-BIO-GA01,E,moda_belleza,Moda y Belleza,929483.88
2024-08-01,RN-BIO-GA01,E,hogar_electronica,"Hogar, Electrónica y Electrodomésticos",1360811.24
2024-08-01,RN-BIO-GA01,E,alimentacion_hosteleria,Alimentación y Hostelería,306519.55
2024-08-01,RN-BIO-HI01,E,moda_belleza,Moda y Belleza,67697.88
2024-08-01,RN-BIO-HI01,E,hogar_electronica,"Hogar, Electrónica y Electrodomésticos",209963.31
2024-08-01,RN-BIO-HI01,E,alimentacion_hosteleria,Alimentación y Hostelería,625797.59
2024-08-01,RN-BIO-HI02,E,moda_belleza,Moda y Belleza,49870.52
2024-08-01,RN-BIO-HI02,E,hogar_electronica,"Hogar, Electrónica y Electrodomésticos",154672.19
2024-08-01,RN-BIO-HI02,E,alimentacion_hosteleria,Alimentación y Hostelería,461001.9
2024-08-01,RN-MAD-CV01,A,moda_belleza,Moda y Belleza,9944.88
2024-08-01,RN-MAD-CV01,A,hogar_electronica,"Hogar, Electrónica y Electrodomésticos",19563.34
2024-08-01,RN-MAD-CV01,A,alimentacion_hosteleria,Alimentación y Hostelería,119174.07
2024-08-01,RN-MAD-CV02,A,moda_belleza,Moda y Belleza,10704.59
2024-08-01,RN-MAD-CV02,A,hogar_electronica,"Hogar, Electrónica y Electrodomésticos",21057.83
2024-08-01,RN-MAD-CV02,A,alimentacion_hosteleria,Alimentación y Hostelería,128278.04
2024-08-01,RN-MAD-CV03,A,moda_belleza,Moda y Belleza,10468.25
2024-08-01,RN-MAD-CV03,A,hogar_electronica,"Hogar, Electrónica y Electrodomésticos",20592.91
2024-08-01,RN-MAD-CV03,A,alimentacion_hosteleria,Alimentación y Hostelería,125445.92
2024-08-01,RN-MAD-CV04,A,moda_belleza,Moda y Belleza,11487.31
2024-08-01,RN-MAD-CV04,A,hogar_electronica,"Hogar, Electrónica y Electrodomésticos",22597.57
2024-08-01,RN-MAD-CV04,A,alimentacion_hosteleria,Alimentación y Hostelería,137657.7
2024-08-01,RN-MAD-CV05,A,moda_belleza,Moda y Belleza,8739.57
2024-08-01,RN-MAD-CV05,A,hogar_electronica,"Hogar, Electrónica y Electrodomésticos",17192.27
2024-08-01,RN-MAD-CV05,A,alimentacion_hosteleria,Alimentación y Hostelería,104730.25
2024-08-01,RN-MAD-CV06,A,moda_belleza,Moda y Belleza,10189.8
2024-08-01,RN-MAD-CV06,A,hogar_electronica,"Hogar, Electrónica y Electrodomésticos",20045.14
2024-08-01,RN-MAD-CV06,A,alimentacion_hosteleria,Alimentación y Hostelería,122109.04
2024-08-01,RN-MAD-CV07,A,moda_belleza,Moda y Belleza,9575.95
2024-08-01,RN-MAD-CV07,A,hogar_electronica,"Hogar, Electrónica y Electrodomésticos",18837.59
2024-08-01,RN-MAD-CV07,A,alimentacion_hosteleria,Alimentación y Hostelería,114753.03
2024-08-01,RN-MAD-CV08,A,moda_belleza,Moda y Belleza,12359.66
2024-08-01,RN-MAD-CV08,A,hogar_electronica,"Hogar, Electrónica y Electrodomésticos",24313.65
2024-08-01,RN-MAD-CV08,A,alimentacion_hosteleria,Alimentación y Hostelería,148111.54
2024-08-01,RN-MAD-CV09,A,moda_belleza,Moda y Belleza,12536.71
2024-08-01,RN-MAD-CV09,A,hogar_electronica,"Hogar, Electrónica y Electrodomésticos",24661.93
2024-08-01,RN-MAD-CV09,A,alimentacion_hosteleria,Alimentación y Hostelería,150233.2
2024-08-01,RN-MAD-CV10,A,moda_belleza,Moda y Belleza,11278.08
2024-08-01,RN-MAD-CV10,A,hogar_electronica,"Hogar, Electrónica y Electrodomésticos",22185.98
2024-08-01,RN-MAD-CV10,A,alimentacion_hosteleria,Alimentación y Hostelería,135150.43
2024-08-01,RN-MAD-ES01,A,moda_belleza,Moda y Belleza,248119.7
2024-08-01,RN-MAD-ES01,A,hogar_electronica,"Hogar, Electrónica y Electrodomésticos",36976.93
2024-08-01,RN-MAD-ES01,A,alimentacion_hosteleria,Alimentación y Hostelería,4770.05
2024-08-01,RN-MAD-ES02,A,moda_belleza,Moda y Belleza,171068.27
2024-08-01,RN-MAD-ES02,A,hogar_electronica,"Hogar, Electrónica y Electrodomésticos",25494.06
2024-08-01,RN-MAD-ES02,A,alimentacion_hosteleria,Alimentación y Hostelería,3288.75
2024-08-01,RN-MAD-ES03,A,moda_belleza,Moda y Belleza,211866.1
2024-08-01,RN-MAD-ES03,A,hogar_electronica,"Hogar, Electrónica y Electrodomésticos",31574.1
2024-08-01,RN-MAD-ES03,A,alimentacion_hosteleria,Alimentación y Hostelería,4073.08
2024-08-01,RN-MAD-ES04,A,moda_belleza,Moda y Belleza,209454.39
2024-08-01,RN-MAD-ES04,A,hogar_electronica,"Hogar, Electrónica y Electrodomésticos",31214.69
2024-08-01,RN-MAD-ES04,A,alimentacion_hosteleria,Alimentación y Hostelería,4026.72
2024-08-01,RN-MAD-ES05,A,moda_belleza,Moda y Belleza,189435.23
2024-08-01,RN-MAD-ES05,A,hogar_electronica,"Hogar, Electrónica y Electrodomésticos",28231.26
2024-08-01,RN-MAD-ES05,A,alimentacion_hosteleria,Alimentación y Hostelería,3641.86
2024-08-01,RN-MAD-ES06,A,moda_belleza,Moda y Belleza,216654.75
2024-08-01,RN-MAD-ES06,A,hogar_electronica,"Hogar, Electrónica y Electrodomésticos",32287.75
2024-08-01,RN-MAD-ES06,A,alimentacion_hosteleria,Alimentación y Hostelería,4165.15
2024-08-01,RN-MAD-ES07,A,moda_belleza,Moda y Belleza,218474.71
2024-08-01,RN-MAD-ES07,A,hogar_electronica,"Hogar, Electrónica y Electrodomésticos",32558.98
2024-08-01,RN-MAD-ES07,A,alimentacion_hosteleria,Alimentación y Hostelería,4200.13
2024-08-01,RN-MAD-ES08,A,moda_belleza,Moda y Belleza,217661.75
2024-08-01,RN-MAD-ES08,A,hogar_electronica,"Hogar, Electrónica y Electrodomésticos",32437.82
2024-08-01,RN-MAD-ES08,A,alimentacion_hosteleria,Alimentación y Hostelería,4184.5
2024-08-01,RN-MAD-ES09,A,moda_belleza,Moda y Belleza,196014.74
2024-08-01,RN-MAD-ES09,A,hogar_electronica,"Hogar, Electrónica y Electrodomésticos",29211.8
2024-08-01,RN-MAD-ES09,A,alimentacion_hosteleria,Alimentación y Hostelería,3768.35
2024-08-01,RN-MAD-ES10,A,moda_belleza,Moda y Belleza,216674.23
2024-08-01,RN-MAD-ES10,A,hogar_electronica,"Hogar, Electrónica y Electrodomésticos",32290.65
2024-08-01,RN-MAD-ES10,A,alimentacion_hosteleria,Alimentación y Hostelería,4165.52
2024-08-01,RN-MAD-ES11,A,moda_belleza,Moda y Belleza,180259.64
2024-08-01,RN-MAD-ES11,A,hogar_electronica,"Hogar, Electrónica y Electrodomésticos",26863.84
2024-08-01,RN-MAD-ES11,A,alimentacion_hosteleria,Alimentación y Hostelería,3465.46
2024-08-01,RN-MAD-ES12,A,moda_belleza,Moda y Belleza,219825.21
2024-08-01,RN-MAD-ES12,A,hogar_electronica,"Hogar, Electrónica y Electrodomésticos",32760.24
2024-08-01,RN-MAD-ES12,A,alimentacion_hosteleria,Alimentación y Hostelería,4226.1
2024-08-01,RN-MAD-ES13,A,moda_belleza,Moda y Belleza,215865.07
2024-08-01,RN-MAD-ES13,A,hogar_electronica,"Hogar, Electrónica y Electrodomésticos",32170.07
2024-08-01,RN-MAD-ES13,A,alimentacion_hosteleria,Alimentación y Hostelería,4149.96
2024-08-01,RN-MAD-ES14,A,moda_belleza,Moda y Belleza,169000.94
2024-08-01,RN-MAD-ES14,A,hogar_electronica,"Hogar, Electrónica y Electrodomésticos",25185.97
2024-08-01,RN-MAD-ES14,A,alimentacion_hosteleria,Alimentación y Hostelería,3249.01
2024-08-01,RN-MAD-ES15,A,moda_belleza,Moda y Belleza,196183.35
2024-08-01,RN-MAD-ES15,A,hogar_electronica,"Hogar, Electrónica y Electrodomésticos",29236.93
2024-08-01,RN-MAD-ES15,A,alimentacion_hosteleria,Alimentación y Hostelería,3771.59
2024-08-01,RN-MAD-ES16,A,moda_belleza,Moda y Belleza,202297.48
2024-08-01,RN-MAD-ES16,A,hogar_electronica,"Hogar, Electrónica y Electrodomésticos",30148.11
2024-08-01,RN-MAD-ES16,A,alimentacion_hosteleria,Alimentación y Hostelería,3889.13
2024-08-01,RN-MAD-ES17,A,moda_belleza,Moda y Belleza,214177.58
2024-08-01,RN-MAD-ES17,A,hogar_electronica,"Hogar, Electrónica y Electrodomésticos",31918.58
2024-08-01,RN-MAD-ES17,A,alimentacion_hosteleria,Alimentación y Hostelería,4117.52
2024-08-01,RN-MAD-ES18,A,moda_belleza,Moda y Belleza,229712.76
2024-08-01,RN-MAD-ES18,A,hogar_electronica,"Hogar, Electrónica y Electrodomésticos",34233.77
2024-08-01,RN-MAD-ES18,A,alimentacion_hosteleria,Alimentación y Hostelería,4416.18
2024-08-01,RN-MAD-ES19,A,moda_belleza,Moda y Belleza,210194.73
2024-08-01,RN-MAD-ES19,A,hogar_electronica,"Hogar, Electrónica y Electrodomésticos",31325.02
2024-08-01,RN-MAD-ES19,A,alimentacion_hosteleria,Alimentación y Hostelería,4040.95
2024-08-01,RN-MAD-ES20,A,moda_belleza,Moda y Belleza,205584.83
2024-08-01,RN-MAD-ES20,A,hogar_electronica,"Hogar, Electrónica y Electrodomésticos",30638.01
2024-08-01,RN-MAD-ES20,A,alimentacion_hosteleria,Alimentación y Hostelería,3952.33
2024-08-01,RN-MAD-GA01,A,moda_belleza,Moda y Belleza,1839227.41
2024-08-01,RN-MAD-GA01,A,hogar_electronica,"Hogar, Electrónica y Electrodomésticos",1992569.29
2024-08-01,RN-MAD-GA01,A,alimentacion_hosteleria,Alimentación y Hostelería,541143.2
2024-08-01,RN-MAD-GA02,A,moda_belleza,Moda y Belleza,1329058.5
2024-08-01,RN-MAD-GA02,A,hogar_electronica,"Hogar, Electrónica y Electrodomésticos",1439866.07
2024-08-01,RN-MAD-GA02,A,alimentacion_hosteleria,Alimentación y Hostelería,391039.72
2024-08-01,RN-MAD-GA03,A,moda_belleza,Moda y Belleza,1561655.8
2024-08-01,RN-MAD-GA03,A,hogar_electronica,"Hogar, Electrónica y Electrodomésticos",1691855.7
2024-08-01,RN-MAD-GA03,A,alimentacion_hosteleria,Alimentación y Hostelería,459475.22
2024-08-01,RN-MAD-HI01,A,moda_belleza,Moda y Belleza,72041.81
2024-08-01,RN-MAD-HI01,A,hogar_electronica,"Hogar, Electrónica y Electrodomésticos",165338.84
2024-08-01,RN-MAD-HI01,A,alimentacion_hosteleria,Alimentación y Hostelería,594160.6
2024-08-01,RN-MAD-HI02,A,moda_belleza,Moda y Belleza,60982.9
2024-08-01,RN-MAD-HI02,A,hogar_electronica,"Hogar, Electrónica y Electrodomésticos",139958.2
2024-08-01,RN-MAD-HI02,A,alimentacion_hosteleria,Alimentación y Hostelería,502952.9
2024-08-01,RN-MAD-HI03,A,moda_belleza,Moda y Belleza,69735.5
2024-08-01,RN-MAD-HI03,A,hogar_electronica,"Hogar, Electrónica y Electrodomésticos",160045.77
2024-08-01,RN-MAD-HI03,A,alimentacion_hosteleria,Alimentación y Hostelería,575139.43
2024-08-01,RN-MAD-HI04,A,moda_belleza,Moda y Belleza,76278.39
2024-08-01,RN-MAD-HI04,A,hogar_electronica,"Hogar, Electrónica y Electrodomésticos",175061.95
2024-08-01,RN-MAD-HI04,A,alimentacion_hosteleria,Alimentación y Hostelería,629101.51
2024-08-01,RN-MAD-HI05,A,moda_belleza,Moda y Belleza,75426.82
2024-08-01,RN-MAD-HI05,A,hogar_electronica,"Hogar, Electrónica y Electrodomésticos",173107.59
2024-08-01,RN-MAD-HI05,A,alimentacion_hosteleria,Alimentación y Hostelería,622078.3
2024-08-01,RN-SEV-CV01,D,moda_belleza,Moda y Belleza,11698.31
2024-08-01,RN-SEV-CV01,D,hogar_electronica,"Hogar, Electrónica y Electrodomésticos",34253.64
2024-08-01,RN-SEV-CV01,D,alimentacion_hosteleria,Alimentación y Hostelería,113290.41
2024-08-01,RN-SEV-CV02,D,moda_belleza,Moda y Belleza,13288.19
2024-08-01,RN-SEV-CV02,D,hogar_electronica,"Hogar, Electrónica y Electrodomésticos",38908.95
2024-08-01,RN-SEV-CV02,D,alimentacion_hosteleria,Alimentación y Hostelería,128687.36
2024-08-01,RN-SEV-CV03,D,moda_belleza,Moda y Belleza,11150.55
2024-08-01,RN-SEV-CV03,D,hogar_electronica,"Hogar, Electrónica y Electrodomésticos",32649.77
2024-08-01,RN-SEV-CV03,D,alimentacion_hosteleria,Alimentación y Hostelería,107985.77
2024-08-01,RN-SEV-CV04,D,moda_belleza,Moda y Belleza,10294.05
2024-08-01,RN-SEV-CV04,D,hogar_electronica,"Hogar, Electrónica y Electrodomésticos",30141.86
2024-08-01,RN-SEV-CV04,D,alimentacion_hosteleria,Alimentación y Hostelería,99691.1
2024-08-01,RN-SEV-CV05,D,moda_belleza,Moda y Belleza,10076.68
2024-08-01,RN-SEV-CV05,D,hogar_electronica,"Hogar, Electrónica y Electrodomésticos",29505.38
2024-08-01,RN-SEV-CV05,D,alimentacion_hosteleria,Alimentación y Hostelería,97586.01
2024-08-01,RN-SEV-CV06,D,moda_belleza,Moda y Belleza,11532.27
2024-08-01,RN-SEV-CV06,D,hogar_electronica,"Hogar, Electrónica y Electrodomésticos",33767.47
2024-08-01,RN-SEV-CV06,D,alimentacion_hosteleria,Alimentación y Hostelería,111682.46
2024-08-01,RN-SEV-CV07,D,moda_belleza,Moda y Belleza,11042.82
2024-08-01,RN-SEV-CV07,D,hogar_electronica,"Hogar, Electrónica y Electrodomésticos",32334.31
2024-08-01,RN-SEV-CV07,D,alimentacion_hosteleria,Alimentación y Hostelería,106942.43
2024-08-01,RN-SEV-CV08,D,moda_belleza,Moda y Belleza,12710.59
2024-08-01,RN-SEV-CV08,D,hogar_electronica,"Hogar, Electrónica y Electrodomésticos",37217.69
2024-08-01,RN-SEV-CV08,D,alimentacion_hosteleria,Alimentación y Hostelería,123093.71
2024-08-01,RN-SEV-CV09,D,moda_belleza,Moda y Belleza,12194.31
2024-08-01,RN-SEV-CV09,D,hogar_electronica,"Hogar, Electrónica y Electrodomésticos",35705.97
2024-08-01,RN-SEV-CV09,D,alimentacion_hosteleria,Alimentación y Hostelería,118093.83
2024-08-01,RN-SEV-CV10,D,moda_belleza,Moda y Belleza,12250.92
2024-08-01,RN-SEV-CV10,D,hogar_electronica,"Hogar, Electrónica y Electrodomésticos",35871.73
2024-08-01,RN-SEV-CV10,D,alimentacion_hosteleria,Alimentación y Hostelería,118642.06
2024-08-01,RN-SEV-ES01,D,moda_belleza,Moda y Belleza,211531.97
2024-08-01,RN-SEV-ES01,D,hogar_electronica,"Hogar, Electrónica y Electrodomésticos",46923.0
2024-08-01,RN-SEV-ES01,D,alimentacion_hosteleria,Alimentación y Hostelería,3286.44
2024-08-01,RN-SEV-ES02,D,moda_belleza,Moda y Belleza,188137.93
2024-08-01,RN-SEV-ES02,D,hogar_electronica,"Hogar, Electrónica y Electrodomésticos",41733.63
2024-08-01,RN-SEV-ES02,D,alimentacion_hosteleria,Alimentación y Hostelería,2922.98
2024-08-01,RN-SEV-ES03,D,moda_belleza,Moda y Belleza,200825.42
2024-08-01,RN-SEV-ES03,D,hogar_electronica,"Hogar, Electrónica y Electrodomésticos",44548.02
2024-08-01,RN-SEV-ES03,D,alimentacion_hosteleria,Alimentación y Hostelería,3120.1
2024-08-01,RN-SEV-ES04,D,moda_belleza,Moda y Belleza,160796.05
2024-08-01,RN-SEV-ES04,D,hogar_electronica,"Hogar, Electrónica y Electrodomésticos",35668.52
2024-08-01,RN-SEV-ES04,D,alimentacion_hosteleria,Alimentación y Hostelería,2498.19
2024-08-01,RN-SEV-ES05,D,moda_belleza,Moda y Belleza,155793.16
2024-08-01,RN-SEV-ES05,D,hogar_electronica,"Hogar, Electrónica y Electrodomésticos",34558.76
2024-08-01,RN-SEV-ES05,D,alimentacion_hosteleria,Alimentación y Hostelería,2420.46
2024-08-01,RN-SEV-ES06,D,moda_belleza,Moda y Belleza,205228.97
2024-08-01,RN-SEV-ES06,D,hogar_electronica,"Hogar, Electrónica y Electrodomésticos",45524.84
2024-08-01,RN-SEV-ES06,D,alimentacion_hosteleria,Alimentación y Hostelería,3188.51
2024-08-01,RN-SEV-ES07,D,moda_belleza,Moda y Belleza,212201.9
2024-08-01,RN-SEV-ES07,D,hogar_electronica,"Hogar, Electrónica y Electrodomésticos",47071.61
2024-08-01,RN-SEV-ES07,D,alimentacion_hosteleria,Alimentación y Hostelería,3296.85
2024-08-01,RN-SEV-ES08,D,moda_belleza,Moda y Belleza,197704.98
2024-08-01,RN-SEV-ES08,D,hogar_electronica,"Hogar, Electrónica y Electrodomésticos",43855.83
2024-08-01,RN-SEV-ES08,D,alimentacion_hosteleria,Alimentación y Hostelería,3071.62
2024-08-01,RN-SEV-ES09,D,moda_belleza,Moda y Belleza,189061.36
2024-08-01,RN-SEV-ES09,D,hogar_electronica,"Hogar, Electrónica y Electrodomésticos",41938.46
2024-08-01,RN-SEV-ES09,D,alimentacion_hosteleria,Alimentación y Hostelería,2937.33
2024-08-01,RN-SEV-ES10,D,moda_belleza,Moda y Belleza,192280.6
2024-08-01,RN-SEV-ES10,D,hogar_electronica,"Hogar, Electrónica y Electrodomésticos",42652.57
2024-08-01,RN-SEV-ES10,D,alimentacion_hosteleria,Alimentación y Hostelería,2987.34
2024-08-01,RN-SEV-ES11,D,moda_belleza,Moda y Belleza,186728.36
2024-08-01,RN-SEV-ES11,D,hogar_electronica,"Hogar, Electrónica y Electrodomésticos",41420.95
2024-08-01,RN-SEV-ES11,D,alimentacion_hosteleria,Alimentación y Hostelería,2901.08
2024-08-01,RN-SEV-ES12,D,moda_belleza,Moda y Belleza,169456.01
2024-08-01,RN-SEV-ES12,D,hogar_electronica,"Hogar, Electrónica y Electrodomésticos",37589.52
2024-08-01,RN-SEV-ES12,D,alimentacion_hosteleria,Alimentación y Hostelería,2632.73
2024-08-01,RN-SEV-GA01,D,moda_belleza,Moda y Belleza,817865.13
2024-08-01,RN-SEV-GA01,D,hogar_electronica,"Hogar, Electrónica y Electrodomésticos",1318863.6
2024-08-01,RN-SEV-GA01,D,alimentacion_hosteleria,Alimentación y Hostelería,194467.16
2024-08-01,RN-SEV-HI01,D,moda_belleza,Moda y Belleza,57725.39
2024-08-01,RN-SEV-HI01,D,hogar_electronica,"Hogar, Electrónica y Electrodomésticos",197195.67
2024-08-01,RN-SEV-HI01,D,alimentacion_hosteleria,Alimentación y Hostelería,384745.84
2024-08-01,RN-SEV-HI02,D,moda_belleza,Moda y Belleza,62692.8
2024-08-01,RN-SEV-HI02,D,hogar_electronica,"Hogar, Electrónica y Electrodomésticos",214164.82
2024-08-01,RN-SEV-HI02,D,alimentacion_hosteleria,Alimentación y Hostelería,417854.14
2024-08-01,RN-SEV-HI03,D,moda_belleza,Moda y Belleza,56125.03
2024-08-01,RN-SEV-HI03,D,hogar_electronica,"Hogar, Electrónica y Electrodomésticos",191728.66
2024-08-01,RN-SEV-HI03,D,alimentacion_hosteleria,Alimentación y Hostelería,374079.23
2024-08-01,RN-SEV-HI04,D,moda_belleza,Moda y Belleza,74737.55
2024-08-01,RN-SEV-HI04,D,hogar_electronica,"Hogar, Electrónica y Electrodomésticos",255310.88
2024-08-01,RN-SEV-HI04,D,alimentacion_hosteleria,Alimentación y Hostelería,498133.65
2024-08-01,RN-VLC-CV01,C,moda_belleza,Moda y Belleza,8072.62
2024-08-01,RN-VLC-CV01,C,hogar_electronica,"Hogar, Electrónica y Electrodomésticos",16947.07
2024-08-01,RN-VLC-CV01,C,alimentacion_hosteleria,Alimentación y Hostelería,153082.25
2024-08-01,RN-VLC-CV02,C,moda_belleza,Moda y Belleza,8285.38
2024-08-01,RN-VLC-CV02,C,hogar_electronica,"Hogar, Electrónica y Electrodomésticos",17393.74
2024-08-01,RN-VLC-CV02,C,alimentacion_hosteleria,Alimentación y Hostelería,157116.96
2024-08-01,RN-VLC-CV03,C,moda_belleza,Moda y Belleza,9206.77
2024-08-01,RN-VLC-CV03,C,hogar_electronica,"Hogar, Electrónica y Electrodomésticos",19328.04
2024-08-01,RN-VLC-CV03,C,alimentacion_hosteleria,Alimentación y Hostelería,174589.41
2024-08-01,RN-VLC-CV04,C,moda_belleza,Moda y Belleza,7578.29
2024-08-01,RN-VLC-CV04,C,hogar_electronica,"Hogar, Electrónica y Electrodomésticos",15909.31
2024-08-01,RN-VLC-CV04,C,alimentacion_hosteleria,Alimentación y Hostelería,143708.19
2024-08-01,RN-VLC-CV05,C,moda_belleza,Moda y Belleza,6454.06
2024-08-01,RN-VLC-CV05,C,hogar_electronica,"Hogar, Electrónica y Electrodomésticos",13549.19
2024-08-01,RN-VLC-CV05,C,alimentacion_hosteleria,Alimentación y Hostelería,122389.33
2024-08-01,RN-VLC-CV06,C,moda_belleza,Moda y Belleza,9232.23
2024-08-01,RN-VLC-CV06,C,hogar_electronica,"Hogar, Electrónica y Electrodomésticos",19381.49
2024-08-01,RN-VLC-CV06,C,alimentacion_hosteleria,Alimentación y Hostelería,175072.26
2024-08-01,RN-VLC-CV07,C,moda_belleza,Moda y Belleza,7703.62
2024-08-01,RN-VLC-CV07,C,hogar_electronica,"Hogar, Electrónica y Electrodomésticos",16172.44
2024-08-01,RN-VLC-CV07,C,alimentacion_hosteleria,Alimentación y Hostelería,146084.97
2024-08-01,RN-VLC-CV08,C,moda_belleza,Moda y Belleza,6747.86
2024-08-01,RN-VLC-CV08,C,hogar_electronica,"Hogar, Electrónica y Electrodomésticos",14165.98
2024-08-01,RN-VLC-CV08,C,alimentacion_hosteleria,Alimentación y Hostelería,127960.77
2024-08-01,RN-VLC-CV09,C,moda_belleza,Moda y Belleza,7009.32
2024-08-01,RN-VLC-CV09,C,hogar_electronica,"Hogar, Electrónica y Electrodomésticos",14714.86
2024-08-01,RN-VLC-CV09,C,alimentacion_hosteleria,Alimentación y Hostelería,132918.72
2024-08-01,RN-VLC-ES01,C,moda_belleza,Moda y Belleza,214102.13
2024-08-01,RN-VLC-ES01,C,hogar_electronica,"Hogar, Electrónica y Electrodomésticos",34050.81
2024-08-01,RN-VLC-ES01,C,alimentacion_hosteleria,Alimentación y Hostelería,6513.45
2024-08-01,RN-VLC-ES02,C,moda_belleza,Moda y Belleza,161100.16
2024-08-01,RN-VLC-ES02,C,hogar_electronica,"Hogar, Electrónica y Electrodomésticos",25621.38
2024-08-01,RN-VLC-ES02,C,alimentacion_hosteleria,Alimentación y Hostelería,4901.02
2024-08-01,RN-VLC-ES03,C,moda_belleza,Moda y Belleza,174723.38
2024-08-01,RN-VLC-ES03,C,hogar_electronica,"Hogar, Electrónica y Electrodomésticos",27788.02
2024-08-01,RN-VLC-ES03,C,alimentacion_hosteleria,Alimentación y Hostelería,5315.46
2024-08-01,RN-VLC-ES04,C,moda_belleza,Moda y Belleza,198109.7
2024-08-01,RN-VLC-ES04,C,hogar_electronica,"Hogar, Electrónica y Electrodomésticos",31507.38
2024-08-01,RN-VLC-ES04,C,alimentacion_hosteleria,Alimentación y Hostelería,6026.93
2024-08-01,RN-VLC-ES05,C,moda_belleza,Moda y Belleza,196108.62
2024-08-01,RN-VLC-ES05,C,hogar_electronica,"Hogar, Electrónica y Electrodomésticos",31189.12
2024-08-01,RN-VLC-ES05,C,alimentacion_hosteleria,Alimentación y Hostelería,5966.05
2024-08-01,RN-VLC-ES06,C,moda_belleza,Moda y Belleza,162408.93
2024-08-01,RN-VLC-ES06,C,hogar_electronica,"Hogar, Electrónica y Electrodomésticos",25829.53
2024-08-01,RN-VLC-ES06,C,alimentacion_hosteleria,Alimentación y Hostelería,4940.83
2024-08-01,RN-VLC-ES07,C,moda_belleza,Moda y Belleza,189333.65
2024-08-01,RN-VLC-ES07,C,hogar_electronica,"Hogar, Electrónica y Electrodomésticos",30111.63
2024-08-01,RN-VLC-ES07,C,alimentacion_hosteleria,Alimentación y Hostelería,5759.94
2024-08-01,RN-VLC-ES08,C,moda_belleza,Moda y Belleza,228167.36
2024-08-01,RN-VLC-ES08,C,hogar_electronica,"Hogar, Electrónica y Electrodomésticos",36287.75
2024-08-01,RN-VLC-ES08,C,alimentacion_hosteleria,Alimentación y Hostelería,6941.35
2024-08-01,RN-VLC-ES09,C,moda_belleza,Moda y Belleza,191013.19
2024-08-01,RN-VLC-ES09,C,hogar_electronica,"Hogar, Electrónica y Electrodomésticos",30378.75
2024-08-01,RN-VLC-ES09,C,alimentacion_hosteleria,Alimentación y Hostelería,5811.04
2024-08-01,RN-VLC-ES10,C,moda_belleza,Moda y Belleza,176862.32
2024-08-01,RN-VLC-ES10,C,hogar_electronica,"Hogar, Electrónica y Electrodomésticos",28128.19
2024-08-01,RN-VLC-ES10,C,alimentacion_hosteleria,Alimentación y Hostelería,5380.54
2024-08-01,RN-VLC-GA01,C,moda_belleza,Moda y Belleza,1417036.5
2024-08-01,RN-VLC-GA01,C,hogar_electronica,"Hogar, Electrónica y Electrodomésticos",1638309.64
2024-08-01,RN-VLC-GA01,C,alimentacion_hosteleria,Alimentación y Hostelería,659760.11
2024-08-01,RN-VLC-HI01,C,moda_belleza,Moda y Belleza,56096.52
2024-08-01,RN-VLC-HI01,C,hogar_electronica,"Hogar, Electrónica y Electrodomésticos",137392.54
2024-08-01,RN-VLC-HI01,C,alimentacion_hosteleria,Alimentación y Hostelería,732121.91
2024-08-01,RN-VLC-HI02,C,moda_belleza,Moda y Belleza,57445.06
2024-08-01,RN-VLC-HI02,C,hogar_electronica,"Hogar, Electrónica y Electrodomésticos",140695.42
2024-08-01,RN-VLC-HI02,C,alimentacion_hosteleria,Alimentación y Hostelería,749721.91
2024-08-01,RN-VLC-HI03,C,moda_belleza,Moda y Belleza,63480.13
2024-08-01,RN-VLC-HI03,C,hogar_electronica,"Hogar, Electrónica y Electrodomésticos",155476.6
2024-08-01,RN-VLC-HI03,C,alimentacion_hosteleria,Alimentación y Hostelería,828486.2
2024-08-01,RN-VLC-HI04,C,moda_belleza,Moda y Belleza,53230.01
2024-08-01,RN-VLC-HI04,C,hogar_electronica,"Hogar, Electrónica y Electrodomésticos",130371.84
2024-08-01,RN-VLC-HI04,C,alimentacion_hosteleria,Alimentación y Hostelería,694710.79
2024-08-01,RN-VLC-HI05,C,moda_belleza,Moda y Belleza,60556.29
2024-08-01,RN-VLC-HI05,C,hogar_electronica,"Hogar, Electrónica y Electrodomésticos",148315.49
2024-08-01,RN-VLC-HI05,C,alimentacion_hosteleria,Alimentación y Hostelería,790326.91
2024-08-01,RN-VLC-HI06,C,moda_belleza,Moda y Belleza,54155.47
2024-08-01,RN-VLC-HI06,C,hogar_electronica,"Hogar, Electrónica y Electrodomésticos",132638.49
2024-08-01,RN-VLC-HI06,C,alimentacion_hosteleria,Alimentación y Hostelería,706789.04
2024-08-01,RN-VLC-HI07,C,moda_belleza,Moda y Belleza,44320.58
2024-08-01,RN-VLC-HI07,C,hogar_electronica,"Hogar, Electrónica y Electrodomésticos",108550.71
2024-08-01,RN-VLC-HI07,C,alimentacion_hosteleria,Alimentación y Hostelería,578432.81
2024-09-01,RN-BCN-CV01,B,moda_belleza,Moda y Belleza,10581.79
2024-09-01,RN-BCN-CV01,B,hogar_electronica,"Hogar, Electrónica y Electrodomésticos",23384.5
2024-09-01,RN-BCN-CV01,B,alimentacion_hosteleria,Alimentación y Hostelería,131499.29
2024-09-01,RN-BCN-CV02,B,moda_belleza,Moda y Belleza,11889.72
2024-09-01,RN-BCN-CV02,B,hogar_electronica,"Hogar, Electrónica y Electrodomésticos",26274.86
2024-09-01,RN-BCN-CV02,B,alimentacion_hosteleria,Alimentación y Hostelería,147752.83
2024-09-01,RN-BCN-CV03,B,moda_belleza,Moda y Belleza,12802.21
2024-09-01,RN-BCN-CV03,B,hogar_electronica,"Hogar, Electrónica y Electrodomésticos",28291.36
2024-09-01,RN-BCN-CV03,B,alimentacion_hosteleria,Alimentación y Hostelería,159092.31
2024-09-01,RN-BCN-CV04,B,moda_belleza,Moda y Belleza,9611.3
2024-09-01,RN-BCN-CV04,B,hogar_electronica,"Hogar, Electrónica y Electrodomésticos",21239.83
2024-09-01,RN-BCN-CV04,B,alimentacion_hosteleria,Alimentación y Hostelería,119439.06
2024-09-01,RN-BCN-CV05,B,moda_belleza,Moda y Belleza,10037.3
2024-09-01,RN-BCN-CV05,B,hogar_electronica,"Hogar, Electrónica y Electrodomésticos",22181.23
2024-09-01,RN-BCN-CV05,B,alimentacion_hosteleria,Alimentación y Hostelería,124732.9
2024-09-01,RN-BCN-CV06,B,moda_belleza,Moda y Belleza,10544.04
2024-09-01,RN-BCN-CV06,B,hogar_electronica,"Hogar, Electrónica y Electrodomésticos",23301.07
2024-09-01,RN-BCN-CV06,B,alimentacion_hosteleria,Alimentación y Hostelería,131030.15
2024-09-01,RN-BCN-CV07,B,moda_belleza,Moda y Belleza,10794.45
2024-09-01,RN-BCN-CV07,B,hogar_electronica,"Hogar, Electrónica y Electrodomésticos",23854.45
2024-09-01,RN-BCN-CV07,B,alimentacion_hosteleria,Alimentación y Hostelería,134142.03
2024-09-01,RN-BCN-CV08,B,moda_belleza,Moda y Belleza,10637.39
2024-09-01,RN-BCN-CV08,B,hogar_electronica,"Hogar, Electrónica y Electrodomésticos",23507.38
2024-09-01,RN-BCN-CV08,B,alimentacion_hosteleria,Alimentación y Hostelería,132190.29
2024-09-01,RN-BCN-ES01,B,moda_belleza,Moda y Belleza,198893.42
2024-09-01,RN-BCN-ES01,B,hogar_electronica,"Hogar, Electrónica y Electrodomésticos",33297.79
2024-09-01,RN-BCN-ES01,B,alimentacion_hosteleria,Alimentación y Hostelería,3965.19
2024-09-01,RN-BCN-ES02,B,moda_belleza,Moda y Belleza,234347.88
2024-09-01,RN-BCN-ES02,B,hogar_electronica,"Hogar, Electrónica y Electrodomésticos",39233.4
2024-09-01,RN-BCN-ES02,B,alimentacion_hosteleria,Alimentación y Hostelería,4672.02
2024-09-01,RN-BCN-ES03,B,moda_belleza,Moda y Belleza,234905.97
2024-09-01,RN-BCN-ES03,B,hogar_electronica,"Hogar, Electrónica y Electrodomésticos",39326.84
2024-09-01,RN-BCN-ES03,B,alimentacion_hosteleria,Alimentación y Hostelería,4683.15
2024-09-01,RN-BCN-ES04,B,moda_belleza,Moda y Belleza,216600.15
2024-09-01,RN-BCN-ES04,B,hogar_electronica,"Hogar, Electrónica y Electrodomésticos",36262.16
2024-09-01,RN-BCN-ES04,B,alimentacion_hosteleria,Alimentación y Hostelería,4318.2
2024-09-01,RN-BCN-ES05,B,moda_belleza,Moda y Belleza,237304.37
2024-09-01,RN-BCN-ES05,B,hogar_electronica,"Hogar, Electrónica y Electrodomésticos",39728.36
2024-09-01,RN-BCN-ES05,B,alimentacion_hosteleria,Alimentación y Hostelería,4730.96
2024-09-01,RN-BCN-ES06,B,moda_belleza,Moda y Belleza,223898.88
2024-09-01,RN-BCN-ES06,B,hogar_electronica,"Hogar, Electrónica y Electrodomésticos",37484.08
2024-09-01,RN-BCN-ES06,B,alimentacion_hosteleria,Alimentación y Hostelería,4463.71
2024-09-01,RN-BCN-ES07,B,moda_belleza,Moda y Belleza,227069.45
2024-09-01,RN-BCN-ES07,B,hogar_electronica,"Hogar, Electrónica y Electrodomésticos",38014.88
2024-09-01,RN-BCN-ES07,B,alimentacion_hosteleria,Alimentación y Hostelería,4526.92
2024-09-01,RN-BCN-ES08,B,moda_belleza,Moda y Belleza,178816.26
2024-09-01,RN-BCN-ES08,B,hogar_electronica,"Hogar, Electrónica y Electrodomésticos",29936.56
2024-09-01,RN-BCN-ES08,B,alimentacion_hosteleria,Alimentación y Hostelería,3564.93
2024-09-01,RN-BCN-ES09,B,moda_belleza,Moda y Belleza,235270.57
2024-09-01,RN-BCN-ES09,B,hogar_electronica,"Hogar, Electrónica y Electrodomésticos",39387.87
2024-09-01,RN-BCN-ES09,B,alimentacion_hosteleria,Alimentación y Hostelería,4690.42
2024-09-01,RN-BCN-ES10,B,moda_belleza,Moda y Belleza,214251.2
2024-09-01,RN-BCN-ES10,B,hogar_electronica,"Hogar, Electrónica y Electrodomésticos",35868.91
2024-09-01,RN-BCN-ES10,B,alimentacion_hosteleria,Alimentación y Hostelería,4271.37
2024-09-01,RN-BCN-ES11,B,moda_belleza,Moda y Belleza,225220.05
2024-09-01,RN-BCN-ES11,B,hogar_electronica,"Hogar, Electrónica y Electrodomésticos",37705.26
2024-09-01,RN-BCN-ES11,B,alimentacion_hosteleria,Alimentación y Hostelería,4490.05
2024-09-01,RN-BCN-ES12,B,moda_belleza,Moda y Belleza,193482.77
2024-09-01,RN-BCN-ES12,B,hogar_electronica,"Hogar, Electrónica y Electrodomésticos",32391.96
2024-09-01,RN-BCN-ES12,B,alimentacion_hosteleria,Alimentación y Hostelería,3857.33
2024-09-01,RN-BCN-ES13,B,moda_belleza,Moda y Belleza,231284.77
2024-09-01,RN-BCN-ES13,B,hogar_electronica,"Hogar, Electrónica y Electrodomésticos",38720.59
2024-09-01,RN-BCN-ES13,B,alimentacion_hosteleria,Alimentación y Hostelería,4610.96
2024-09-01,RN-BCN-ES14,B,moda_belleza,Moda y Belleza,246012.79
2024-09-01,RN-BCN-ES14,B,hogar_electronica,"Hogar, Electrónica y Electrodomésticos",41186.29
2024-09-01,RN-BCN-ES14,B,alimentacion_hosteleria,Alimentación y Hostelería,4904.58
2024-09-01,RN-BCN-GA01,B,moda_belleza,Moda y Belleza,1608806.74
2024-09-01,RN-BCN-GA01,B,hogar_electronica,"Hogar, Electrónica y Electrodomésticos",1957975.54
2024-09-01,RN-BCN-GA01,B,alimentacion_hosteleria,Alimentación y Hostelería,490865.65
2024-09-01,RN-BCN-GA02,B,moda_belleza,Moda y Belleza,1796277.51
2024-09-01,RN-BCN-GA02,B,hogar_electronica,"Hogar, Electrónica y Electrodomésticos",2186134.19
2024-09-01,RN-BCN-GA02,B,alimentacion_hosteleria,Alimentación y Hostelería,548065.16
2024-09-01,RN-BCN-HI01,B,moda_belleza,Moda y Belleza,58548.37
2024-09-01,RN-BCN-HI01,B,hogar_electronica,"Hogar, Electrónica y Electrodomésticos",150949.09
2024-09-01,RN-BCN-HI01,B,alimentacion_hosteleria,Alimentación y Hostelería,500744.36
2024-09-01,RN-BCN-HI02,B,moda_belleza,Moda y Belleza,85005.86
2024-09-01,RN-BCN-HI02,B,hogar_electronica,"Hogar, Electrónica y Electrodomésticos",219161.64
2024-09-01,RN-BCN-HI02,B,alimentacion_hosteleria,Alimentación y Hostelería,727026.26
2024-09-01,RN-BCN-HI03,B,moda_belleza,Moda y Belleza,57442.49
2024-09-01,RN-BCN-HI03,B,hogar_electronica,"Hogar, Electrónica y Electrodomésticos",148097.91
2024-09-01,RN-BCN-HI03,B,alimentacion_hosteleria,Alimentación y Hostelería,491286.1
2024-09-01,RN-BCN-HI04,B,moda_belleza,Moda y Belleza,72891.09
2024-09-01,RN-BCN-HI04,B,hogar_electronica,"Hogar, Electrónica y Electrodomésticos",187927.41
2024-09-01,RN-BCN-HI04,B,alimentacion_hosteleria,Alimentación y Hostelería,623412.75
2024-09-01,RN-BIO-CV01,E,moda_belleza,Moda y Belleza,11258.91
2024-09-01,RN-BIO-CV01,E,hogar_electronica,"Hogar, Electrónica y Electrodomésticos",29930.78
2024-09-01,RN-BIO-CV01,E,alimentacion_hosteleria,Alimentación y Hostelería,151223.16
2024-09-01,RN-BIO-CV02,E,moda_belleza,Moda y Belleza,10568.08
2024-09-01,RN-BIO-CV02,E,hogar_electronica,"Hogar, Electrónica y Electrodomésticos",28094.25
2024-09-01,RN-BIO-CV02,E,alimentacion_hosteleria,Alimentación y Hostelería,141944.24
2024-09-01,RN-BIO-CV03,E,moda_belleza,Moda y Belleza,9974.61
2024-09-01,RN-BIO-CV03,E,hogar_electronica,"Hogar, Electrónica y Electrodomésticos",26516.56
2024-09-01,RN-BIO-CV03,E,alimentacion_hosteleria,Alimentación y Hostelería,133973.09
2024-09-01,RN-BIO-CV04,E,moda_belleza,Moda y Belleza,11306.04
2024-09-01,RN-BIO-CV04,E,hogar_electronica,"Hogar, Electrónica y Electrodomésticos",30056.07
2024-09-01,RN-BIO-CV04,E,alimentacion_hosteleria,Alimentación y Hostelería,151856.2
2024-09-01,RN-BIO-ES01,E,moda_belleza,Moda y Belleza,195599.82
2024-09-01,RN-BIO-ES01,E,hogar_electronica,"Hogar, Electrónica y Electrodomésticos",39392.73
2024-09-01,RN-BIO-ES01,E,alimentacion_hosteleria,Alimentación y Hostelería,4214.73
2024-09-01,RN-BIO-ES02,E,moda_belleza,Moda y Belleza,174807.37
2024-09-01,RN-BIO-ES02,E,hogar_electronica,"Hogar, Electrónica y Electrodomésticos",35205.24
2024-09-01,RN-BIO-ES02,E,alimentacion_hosteleria,Alimentación y Hostelería,3766.7
2024-09-01,RN-BIO-ES03,E,moda_belleza,Moda y Belleza,262418.42
2024-09-01,RN-BIO-ES03,E,hogar_electronica,"Hogar, Electrónica y Electrodomésticos",52849.62
2024-09-01,RN-BIO-ES03,E,alimentacion_hosteleria,Alimentación y Hostelería,5654.52
2024-09-01,RN-BIO-ES04,E,moda_belleza,Moda y Belleza,229002.73
2024-09-01,RN-BIO-ES04,E,hogar_electronica,"Hogar, Electrónica y Electrodomésticos",46119.89
2024-09-01,RN-BIO-ES04,E,alimentacion_hosteleria,Alimentación y Hostelería,4934.49
2024-09-01,RN-BIO-ES05,E,moda_belleza,Moda y Belleza,220082.35
2024-09-01,RN-BIO-ES05,E,hogar_electronica,"Hogar, Electrónica y Electrodomésticos",44323.37
2024-09-01,RN-BIO-ES05,E,alimentacion_hosteleria,Alimentación y Hostelería,4742.27
2024-09-01,RN-BIO-ES06,E,moda_belleza,Moda y Belleza,257113.87
2024-09-01,RN-BIO-ES06,E,hogar_electronica,"Hogar, Electrónica y Electrodomésticos",51781.32
2024-09-01,RN-BIO-ES06,E,alimentacion_hosteleria,Alimentación y Hostelería,5540.22
2024-09-01,RN-BIO-ES07,E,moda_belleza,Moda y Belleza,218855.61
2024-09-01,RN-BIO-ES07,E,hogar_electronica,"Hogar, Electrónica y Electrodomésticos",44076.32
2024-09-01,RN-BIO-ES07,E,alimentacion_hosteleria,Alimentación y Hostelería,4715.84
2024-09-01,RN-BIO-GA01,E,moda_belleza,Moda y Belleza,1037845.72
2024-09-01,RN-BIO-GA01,E,hogar_electronica,"Hogar, Electrónica y Electrodomésticos",1519458.44
2024-09-01,RN-BIO-GA01,E,alimentacion_hosteleria,Alimentación y Hostelería,342254.47
2024-09-01,RN-BIO-HI01,E,moda_belleza,Moda y Belleza,68846.61
2024-09-01,RN-BIO-HI01,E,hogar_electronica,"Hogar, Electrónica y Electrodomésticos",213526.05
2024-09-01,RN-BIO-HI01,E,alimentacion_hosteleria,Alimentación y Hostelería,636416.39
2024-09-01,RN-BIO-HI02,E,moda_belleza,Moda y Belleza,53059.09
2024-09-01,RN-BIO-HI02,E,hogar_electronica,"Hogar, Electrónica y Electrodomésticos",164561.46
2024-09-01,RN-BIO-HI02,E,alimentacion_hosteleria,Alimentación y Hostelería,490476.95
2024-09-01,RN-MAD-CV01,A,moda_belleza,Moda y Belleza,10937.05
2024-09-01,RN-MAD-CV01,A,hogar_electronica,"Hogar, Electrónica y Electrodomésticos",21515.12
2024-09-01,RN-MAD-CV01,A,alimentacion_hosteleria,Alimentación y Hostelería,131063.72
2024-09-01,RN-MAD-CV02,A,moda_belleza,Moda y Belleza,12147.64
2024-09-01,RN-MAD-CV02,A,hogar_electronica,"Hogar, Electrónica y Electrodomésticos",23896.56
2024-09-01,RN-MAD-CV02,A,alimentacion_hosteleria,Alimentación y Hostelería,145570.8
2024-09-01,RN-MAD-CV03,A,moda_belleza,Moda y Belleza,10994.47
2024-09-01,RN-MAD-CV03,A,hogar_electronica,"Hogar, Electrónica y Electrodomésticos",21628.08
2024-09-01,RN-MAD-CV03,A,alimentacion_hosteleria,Alimentación y Hostelería,131751.86
2024-09-01,RN-MAD-CV04,A,moda_belleza,Moda y Belleza,13000.86
2024-09-01,RN-MAD-CV04,A,hogar_electronica,"Hogar, Electrónica y Electrodomésticos",25574.99
2024-09-01,RN-MAD-CV04,A,alimentacion_hosteleria,Alimentación y Hostelería,155795.3
2024-09-01,RN-MAD-CV05,A,moda_belleza,Moda y Belleza,9330.8
2024-09-01,RN-MAD-CV05,A,hogar_electronica,"Hogar, Electrónica y Electrodomésticos",18355.34
2024-09-01,RN-MAD-CV05,A,alimentacion_hosteleria,Alimentación y Hostelería,111815.32
2024-09-01,RN-MAD-CV06,A,moda_belleza,Moda y Belleza,10956.09
2024-09-01,RN-MAD-CV06,A,hogar_electronica,"Hogar, Electrónica y Electrodomésticos",21552.58
2024-09-01,RN-MAD-CV06,A,alimentacion_hosteleria,Alimentación y Hostelería,131291.93
2024-09-01,RN-MAD-CV07,A,moda_belleza,Moda y Belleza,10745.86
2024-09-01,RN-MAD-CV07,A,hogar_electronica,"Hogar, Electrónica y Electrodomésticos",21139.01
2024-09-01,RN-MAD-CV07,A,alimentacion_hosteleria,Alimentación y Hostelería,128772.57
2024-09-01,RN-MAD-CV08,A,moda_belleza,Moda y Belleza,13178.63
2024-09-01,RN-MAD-CV08,A,hogar_electronica,"Hogar, Electrónica y Electrodomésticos",25924.7
2024-09-01,RN-MAD-CV08,A,alimentacion_hosteleria,Alimentación y Hostelería,157925.61
2024-09-01,RN-MAD-CV09,A,moda_belleza,Moda y Belleza,13456.2
2024-09-01,RN-MAD-CV09,A,hogar_electronica,"Hogar, Electrónica y Electrodomésticos",26470.72
2024-09-01,RN-MAD-CV09,A,alimentacion_hosteleria,Alimentación y Hostelería,161251.81
2024-09-01,RN-MAD-CV10,A,moda_belleza,Moda y Belleza,12577.02
2024-09-01,RN-MAD-CV10,A,hogar_electronica,"Hogar, Electrónica y Electrodomésticos",24741.23
2024-09-01,RN-MAD-CV10,A,alimentacion_hosteleria,Alimentación y Hostelería,150716.26
2024-09-01,RN-MAD-ES01,A,moda_belleza,Moda y Belleza,284038.82
2024-09-01,RN-MAD-ES01,A,hogar_electronica,"Hogar, Electrónica y Electrodomésticos",42329.9
2024-09-01,RN-MAD-ES01,A,alimentacion_hosteleria,Alimentación y Hostelería,5460.59
2024-09-01,RN-MAD-ES02,A,moda_belleza,Moda y Belleza,201861.86
2024-09-01,RN-MAD-ES02,A,hogar_electronica,"Hogar, Electrónica y Electrodomésticos",30083.19
2024-09-01,RN-MAD-ES02,A,alimentacion_hosteleria,Alimentación y Hostelería,3880.75
2024-09-01,RN-MAD-ES03,A,moda_belleza,Moda y Belleza,245717.3
2024-09-01,RN-MAD-ES03,A,hogar_electronica,"Hogar, Electrónica y Electrodomésticos",36618.9
2024-09-01,RN-MAD-ES03,A,alimentacion_hosteleria,Alimentación y Hostelería,4723.87
2024-09-01,RN-MAD-ES04,A,moda_belleza,Moda y Belleza,235879.09
2024-09-01,RN-MAD-ES04,A,hogar_electronica,"Hogar, Electrónica y Electrodomésticos",35152.73
2024-09-01,RN-MAD-ES04,A,alimentacion_hosteleria,Alimentación y Hostelería,4534.73
2024-09-01,RN-MAD-ES05,A,moda_belleza,Moda y Belleza,217637.0
2024-09-01,RN-MAD-ES05,A,hogar_electronica,"Hogar, Electrónica y Electrodomésticos",32434.13
2024-09-01,RN-MAD-ES05,A,alimentacion_hosteleria,Alimentación y Hostelería,4184.03
2024-09-01,RN-MAD-ES06,A,moda_belleza,Moda y Belleza,245800.91
2024-09-01,RN-MAD-ES06,A,hogar_electronica,"Hogar, Electrónica y Electrodomésticos",36631.36
2024-09-01,RN-MAD-ES06,A,alimentacion_hosteleria,Alimentación y Hostelería,4725.47
2024-09-01,RN-MAD-ES07,A,moda_belleza,Moda y Belleza,271530.61
2024-09-01,RN-MAD-ES07,A,hogar_electronica,"Hogar, Electrónica y Electrodomésticos",40465.82
2024-09-01,RN-MAD-ES07,A,alimentacion_hosteleria,Alimentación y Hostelería,5220.12
2024-09-01,RN-MAD-ES08,A,moda_belleza,Moda y Belleza,265605.2
2024-09-01,RN-MAD-ES08,A,hogar_electronica,"Hogar, Electrónica y Electrodomésticos",39582.77
2024-09-01,RN-MAD-ES08,A,alimentacion_hosteleria,Alimentación y Hostelería,5106.21
2024-09-01,RN-MAD-ES09,A,moda_belleza,Moda y Belleza,245917.57
2024-09-01,RN-MAD-ES09,A,hogar_electronica,"Hogar, Electrónica y Electrodomésticos",36648.75
2024-09-01,RN-MAD-ES09,A,alimentacion_hosteleria,Alimentación y Hostelería,4727.72
2024-09-01,RN-MAD-ES10,A,moda_belleza,Moda y Belleza,256619.15
2024-09-01,RN-MAD-ES10,A,hogar_electronica,"Hogar, Electrónica y Electrodomésticos",38243.59
2024-09-01,RN-MAD-ES10,A,alimentacion_hosteleria,Alimentación y Hostelería,4933.45
2024-09-01,RN-MAD-ES11,A,moda_belleza,Moda y Belleza,211463.81
2024-09-01,RN-MAD-ES11,A,hogar_electronica,"Hogar, Electrónica y Electrodomésticos",31514.15
2024-09-01,RN-MAD-ES11,A,alimentacion_hosteleria,Alimentación y Hostelería,4065.35
2024-09-01,RN-MAD-ES12,A,moda_belleza,Moda y Belleza,249371.72
2024-09-01,RN-MAD-ES12,A,hogar_electronica,"Hogar, Electrónica y Electrodomésticos",37163.51
2024-09-01,RN-MAD-ES12,A,alimentacion_hosteleria,Alimentación y Hostelería,4794.12
2024-09-01,RN-MAD-ES13,A,moda_belleza,Moda y Belleza,248682.39
2024-09-01,RN-MAD-ES13,A,hogar_electronica,"Hogar, Electrónica y Electrodomésticos",37060.78
2024-09-01,RN-MAD-ES13,A,alimentacion_hosteleria,Alimentación y Hostelería,4780.87
2024-09-01,RN-MAD-ES14,A,moda_belleza,Moda y Belleza,199105.19
2024-09-01,RN-MAD-ES14,A,hogar_electronica,"Hogar, Electrónica y Electrodomésticos",29672.36
2024-09-01,RN-MAD-ES14,A,alimentacion_hosteleria,Alimentación y Hostelería,3827.76
2024-09-01,RN-MAD-ES15,A,moda_belleza,Moda y Belleza,228108.2
2024-09-01,RN-MAD-ES15,A,hogar_electronica,"Hogar, Electrónica y Electrodomésticos",33994.64
2024-09-01,RN-MAD-ES15,A,alimentacion_hosteleria,Alimentación y Hostelería,4385.34
2024-09-01,RN-MAD-ES16,A,moda_belleza,Moda y Belleza,235120.31
2024-09-01,RN-MAD-ES16,A,hogar_electronica,"Hogar, Electrónica y Electrodomésticos",35039.65
2024-09-01,RN-MAD-ES16,A,alimentacion_hosteleria,Alimentación y Hostelería,4520.14
2024-09-01,RN-MAD-ES17,A,moda_belleza,Moda y Belleza,245571.05
2024-09-01,RN-MAD-ES17,A,hogar_electronica,"Hogar, Electrónica y Electrodomésticos",36597.1
2024-09-01,RN-MAD-ES17,A,alimentacion_hosteleria,Alimentación y Hostelería,4721.06
2024-09-01,RN-MAD-ES18,A,moda_belleza,Moda y Belleza,269024.6
2024-09-01,RN-MAD-ES18,A,hogar_electronica,"Hogar, Electrónica y Electrodomésticos",40092.35
2024-09-01,RN-MAD-ES18,A,alimentacion_hosteleria,Alimentación y Hostelería,5171.95
2024-09-01,RN-MAD-ES19,A,moda_belleza,Moda y Belleza,259608.8
2024-09-01,RN-MAD-ES19,A,hogar_electronica,"Hogar, Electrónica y Electrodomésticos",38689.13
2024-09-01,RN-MAD-ES19,A,alimentacion_hosteleria,Alimentación y Hostelería,4990.93
2024-09-01,RN-MAD-ES20,A,moda_belleza,Moda y Belleza,245053.67
2024-09-01,RN-MAD-ES20,A,hogar_electronica,"Hogar, Electrónica y Electrodomésticos",36520.0
2024-09-01,RN-MAD-ES20,A,alimentacion_hosteleria,Alimentación y Hostelería,4711.11
2024-09-01,RN-MAD-GA01,A,moda_belleza,Moda y Belleza,2186684.1
2024-09-01,RN-MAD-GA01,A,hogar_electronica,"Hogar, Electrónica y Electrodomésticos",2368994.47
2024-09-01,RN-MAD-GA01,A,alimentacion_hosteleria,Alimentación y Hostelería,643372.98
2024-09-01,RN-MAD-GA02,A,moda_belleza,Moda y Belleza,1540676.58
2024-09-01,RN-MAD-GA02,A,hogar_electronica,"Hogar, Electrónica y Electrodomésticos",1669127.38
2024-09-01,RN-MAD-GA02,A,alimentacion_hosteleria,Alimentación y Hostelería,453302.65
2024-09-01,RN-MAD-GA03,A,moda_belleza,Moda y Belleza,1866327.52
2024-09-01,RN-MAD-GA03,A,hogar_electronica,"Hogar, Electrónica y Electrodomésticos",2021928.81
2024-09-01,RN-MAD-GA03,A,alimentacion_hosteleria,Alimentación y Hostelería,549116.68
2024-09-01,RN-MAD-HI01,A,moda_belleza,Moda y Belleza,81207.85
2024-09-01,RN-MAD-HI01,A,hogar_electronica,"Hogar, Electrónica y Electrodomésticos",186375.27
2024-09-01,RN-MAD-HI01,A,alimentacion_hosteleria,Alimentación y Hostelería,669756.97
2024-09-01,RN-MAD-HI02,A,moda_belleza,Moda y Belleza,67171.71
2024-09-01,RN-MAD-HI02,A,hogar_electronica,"Hogar, Electrónica y Electrodomésticos",154161.76
2024-09-01,RN-MAD-HI02,A,alimentacion_hosteleria,Alimentación y Hostelería,553994.72
2024-09-01,RN-MAD-HI03,A,moda_belleza,Moda y Belleza,78798.73
2024-09-01,RN-MAD-HI03,A,hogar_electronica,"Hogar, Electrónica y Electrodomésticos",180846.24
2024-09-01,RN-MAD-HI03,A,alimentacion_hosteleria,Alimentación y Hostelería,649887.89
2024-09-01,RN-MAD-HI04,A,moda_belleza,Moda y Belleza,83264.93
2024-09-01,RN-MAD-HI04,A,hogar_electronica,"Hogar, Electrónica y Electrodomésticos",191096.37
2024-09-01,RN-MAD-HI04,A,alimentacion_hosteleria,Alimentación y Hostelería,686722.67
2024-09-01,RN-MAD-HI05,A,moda_belleza,Moda y Belleza,80963.95
2024-09-01,RN-MAD-HI05,A,hogar_electronica,"Hogar, Electrónica y Electrodomésticos",185815.51
2024-09-01,RN-MAD-HI05,A,alimentacion_hosteleria,Alimentación y Hostelería,667745.43
2024-09-01,RN-SEV-CV01,D,moda_belleza,Moda y Belleza,10570.67
2024-09-01,RN-SEV-CV01,D,hogar_electronica,"Hogar, Electrónica y Electrodomésticos",30951.83
2024-09-01,RN-SEV-CV01,D,alimentacion_hosteleria,Alimentación y Hostelería,102370.01
2024-09-01,RN-SEV-CV02,D,moda_belleza,Moda y Belleza,12101.03
2024-09-01,RN-SEV-CV02,D,hogar_electronica,"Hogar, Electrónica y Electrodomésticos",35432.83
2024-09-01,RN-SEV-CV02,D,alimentacion_hosteleria,Alimentación y Hostelería,117190.46
2024-09-01,RN-SEV-CV03,D,moda_belleza,Moda y Belleza,9343.57
2024-09-01,RN-SEV-CV03,D,hogar_electronica,"Hogar, Electrónica y Electrodomésticos",27358.78
2024-09-01,RN-SEV-CV03,D,alimentacion_hosteleria,Alimentación y Hostelería,90486.37
2024-09-01,RN-SEV-CV04,D,moda_belleza,Moda y Belleza,9292.66
2024-09-01,RN-SEV-CV04,D,hogar_electronica,"Hogar, Electrónica y Electrodomésticos",27209.7
2024-09-01,RN-SEV-CV04,D,alimentacion_hosteleria,Alimentación y Hostelería,89993.31
2024-09-01,RN-SEV-CV05,D,moda_belleza,Moda y Belleza,9196.67
2024-09-01,RN-SEV-CV05,D,hogar_electronica,"Hogar, Electrónica y Electrodomésticos",26928.62
2024-09-01,RN-SEV-CV05,D,alimentacion_hosteleria,Alimentación y Hostelería,89063.67
2024-09-01,RN-SEV-CV06,D,moda_belleza,Moda y Belleza,10436.46
2024-09-01,RN-SEV-CV06,D,hogar_electronica,"Hogar, Electrónica y Electrodomésticos",30558.84
2024-09-01,RN-SEV-CV06,D,alimentacion_hosteleria,Alimentación y Hostelería,101070.24
2024-09-01,RN-SEV-CV07,D,moda_belleza,Moda y Belleza,10248.64
2024-09-01,RN-SEV-CV07,D,hogar_electronica,"Hogar, Electrónica y Electrodomésticos",30008.89
2024-09-01,RN-SEV-CV07,D,alimentacion_hosteleria,Alimentación y Hostelería,99251.32
2024-09-01,RN-SEV-CV08,D,moda_belleza,Moda y Belleza,11397.71
2024-09-01,RN-SEV-CV08,D,hogar_electronica,"Hogar, Electrónica y Electrodomésticos",33373.46
2024-09-01,RN-SEV-CV08,D,alimentacion_hosteleria,Alimentación y Hostelería,110379.29
2024-09-01,RN-SEV-CV09,D,moda_belleza,Moda y Belleza,10917.84
2024-09-01,RN-SEV-CV09,D,hogar_electronica,"Hogar, Electrónica y Electrodomésticos",31968.38
2024-09-01,RN-SEV-CV09,D,alimentacion_hosteleria,Alimentación y Hostelería,105732.13
2024-09-01,RN-SEV-CV10,D,moda_belleza,Moda y Belleza,10822.65
2024-09-01,RN-SEV-CV10,D,hogar_electronica,"Hogar, Electrónica y Electrodomésticos",31689.65
2024-09-01,RN-SEV-CV10,D,alimentacion_hosteleria,Alimentación y Hostelería,104810.27
2024-09-01,RN-SEV-ES01,D,moda_belleza,Moda y Belleza,195671.89
2024-09-01,RN-SEV-ES01,D,hogar_electronica,"Hogar, Electrónica y Electrodomésticos",43404.84
2024-09-01,RN-SEV-ES01,D,alimentacion_hosteleria,Alimentación y Hostelería,3040.03
2024-09-01,RN-SEV-ES02,D,moda_belleza,Moda y Belleza,172195.62
2024-09-01,RN-SEV-ES02,D,hogar_electronica,"Hogar, Electrónica y Electrodomésticos",38197.23
2024-09-01,RN-SEV-ES02,D,alimentacion_hosteleria,Alimentación y Hostelería,2675.3
2024-09-01,RN-SEV-ES03,D,moda_belleza,Moda y Belleza,178597.73
2024-09-01,RN-SEV-ES03,D,hogar_electronica,"Hogar, Electrónica y Electrodomésticos",39617.38
2024-09-01,RN-SEV-ES03,D,alimentacion_hosteleria,Alimentación y Hostelería,2774.76
2024-09-01,RN-SEV-ES04,D,moda_belleza,Moda y Belleza,152417.67
2024-09-01,RN-SEV-ES04,D,hogar_electronica,"Hogar, Electrónica y Electrodomésticos",33809.99
2024-09-01,RN-SEV-ES04,D,alimentacion_hosteleria,Alimentación y Hostelería,2368.02
2024-09-01,RN-SEV-ES05,D,moda_belleza,Moda y Belleza,144854.02
2024-09-01,RN-SEV-ES05,D,hogar_electronica,"Hogar, Electrónica y Electrodomésticos",32132.19
2024-09-01,RN-SEV-ES05,D,alimentacion_hosteleria,Alimentación y Hostelería,2250.51
2024-09-01,RN-SEV-ES06,D,moda_belleza,Moda y Belleza,204192.84
2024-09-01,RN-SEV-ES06,D,hogar_electronica,"Hogar, Electrónica y Electrodomésticos",45295.0
2024-09-01,RN-SEV-ES06,D,alimentacion_hosteleria,Alimentación y Hostelería,3172.42
2024-09-01,RN-SEV-ES07,D,moda_belleza,Moda y Belleza,204524.47
2024-09-01,RN-SEV-ES07,D,hogar_electronica,"Hogar, Electrónica y Electrodomésticos",45368.56
2024-09-01,RN-SEV-ES07,D,alimentacion_hosteleria,Alimentación y Hostelería,3177.57
2024-09-01,RN-SEV-ES08,D,moda_belleza,Moda y Belleza,187252.13
2024-09-01,RN-SEV-ES08,D,hogar_electronica,"Hogar, Electrónica y Electrodomésticos",41537.13
2024-09-01,RN-SEV-ES08,D,alimentacion_hosteleria,Alimentación y Hostelería,2909.22
2024-09-01,RN-SEV-ES09,D,moda_belleza,Moda y Belleza,178718.34
2024-09-01,RN-SEV-ES09,D,hogar_electronica,"Hogar, Electrónica y Electrodomésticos",39644.13
2024-09-01,RN-SEV-ES09,D,alimentacion_hosteleria,Alimentación y Hostelería,2776.64
2024-09-01,RN-SEV-ES10,D,moda_belleza,Moda y Belleza,182291.68
2024-09-01,RN-SEV-ES10,D,hogar_electronica,"Hogar, Electrónica y Electrodomésticos",40436.78
2024-09-01,RN-SEV-ES10,D,alimentacion_hosteleria,Alimentación y Hostelería,2832.15
2024-09-01,RN-SEV-ES11,D,moda_belleza,Moda y Belleza,179817.43
2024-09-01,RN-SEV-ES11,D,hogar_electronica,"Hogar, Electrónica y Electrodomésticos",39887.93
2024-09-01,RN-SEV-ES11,D,alimentacion_hosteleria,Alimentación y Hostelería,2793.71
2024-09-01,RN-SEV-ES12,D,moda_belleza,Moda y Belleza,165922.83
2024-09-01,RN-SEV-ES12,D,hogar_electronica,"Hogar, Electrónica y Electrodomésticos",36805.77
2024-09-01,RN-SEV-ES12,D,alimentacion_hosteleria,Alimentación y Hostelería,2577.84
2024-09-01,RN-SEV-GA01,D,moda_belleza,Moda y Belleza,778375.22
2024-09-01,RN-SEV-GA01,D,hogar_electronica,"Hogar, Electrónica y Electrodomésticos",1255183.42
2024-09-01,RN-SEV-GA01,D,alimentacion_hosteleria,Alimentación y Hostelería,185077.48
2024-09-01,RN-SEV-HI01,D,moda_belleza,Moda y Belleza,51206.69
2024-09-01,RN-SEV-HI01,D,hogar_electronica,"Hogar, Electrónica y Electrodomésticos",174927.15
2024-09-01,RN-SEV-HI01,D,alimentacion_hosteleria,Alimentación y Hostelería,341298.02
2024-09-01,RN-SEV-HI02,D,moda_belleza,Moda y Belleza,58104.7
2024-09-01,RN-SEV-HI02,D,hogar_electronica,"Hogar, Electrónica y Electrodomésticos",198491.42
2024-09-01,RN-SEV-HI02,D,alimentacion_hosteleria,Alimentación y Hostelería,387273.96
2024-09-01,RN-SEV-HI03,D,moda_belleza,Moda y Belleza,49959.59
2024-09-01,RN-SEV-HI03,D,hogar_electronica,"Hogar, Electrónica y Electrodomésticos",170666.93
2024-09-01,RN-SEV-HI03,D,alimentacion_hosteleria,Alimentación y Hostelería,332985.97
2024-09-01,RN-SEV-HI04,D,moda_belleza,Moda y Belleza,65891.32
2024-09-01,RN-SEV-HI04,D,hogar_electronica,"Hogar, Electrónica y Electrodomésticos",225091.29
2024-09-01,RN-SEV-HI04,D,alimentacion_hosteleria,Alimentación y Hostelería,439172.62
2024-09-01,RN-VLC-CV01,C,moda_belleza,Moda y Belleza,7132.29
2024-09-01,RN-VLC-CV01,C,hogar_electronica,"Hogar, Electrónica y Electrodomésticos",14973.03
2024-09-01,RN-VLC-CV01,C,alimentacion_hosteleria,Alimentación y Hostelería,135250.79
2024-09-01,RN-VLC-CV02,C,moda_belleza,Moda y Belleza,7423.68
2024-09-01,RN-VLC-CV02,C,hogar_electronica,"Hogar, Electrónica y Electrodomésticos",15584.75
2024-09-01,RN-VLC-CV02,C,alimentacion_hosteleria,Alimentación y Hostelería,140776.45
2024-09-01,RN-VLC-CV03,C,moda_belleza,Moda y Belleza,7843.43
2024-09-01,RN-VLC-CV03,C,hogar_electronica,"Hogar, Electrónica y Electrodomésticos",16465.94
2024-09-01,RN-VLC-CV03,C,alimentacion_hosteleria,Alimentación y Hostelería,148736.22
2024-09-01,RN-VLC-CV04,C,moda_belleza,Moda y Belleza,6486.65
2024-09-01,RN-VLC-CV04,C,hogar_electronica,"Hogar, Electrónica y Electrodomésticos",13617.6
2024-09-01,RN-VLC-CV04,C,alimentacion_hosteleria,Alimentación y Hostelería,123007.26
2024-09-01,RN-VLC-CV05,C,moda_belleza,Moda y Belleza,5705.84
2024-09-01,RN-VLC-CV05,C,hogar_electronica,"Hogar, Electrónica y Electrodomésticos",11978.44
2024-09-01,RN-VLC-CV05,C,alimentacion_hosteleria,Alimentación y Hostelería,108200.74
2024-09-01,RN-VLC-CV06,C,moda_belleza,Moda y Belleza,7823.61
2024-09-01,RN-VLC-CV06,C,hogar_electronica,"Hogar, Electrónica y Electrodomésticos",16424.33
2024-09-01,RN-VLC-CV06,C,alimentacion_hosteleria,Alimentación y Hostelería,148360.36
2024-09-01,RN-VLC-CV07,C,moda_belleza,Moda y Belleza,6795.18
2024-09-01,RN-VLC-CV07,C,hogar_electronica,"Hogar, Electrónica y Electrodomésticos",14265.33
2024-09-01,RN-VLC-CV07,C,alimentacion_hosteleria,Alimentación y Hostelería,128858.12
2024-09-01,RN-VLC-CV08,C,moda_belleza,Moda y Belleza,5617.18
2024-09-01,RN-VLC-CV08,C,hogar_electronica,"Hogar, Electrónica y Electrodomésticos",11792.31
2024-09-01,RN-VLC-CV08,C,alimentacion_hosteleria,Alimentación y Hostelería,106519.45
2024-09-01,RN-VLC-CV09,C,moda_belleza,Moda y Belleza,6120.43
2024-09-01,RN-VLC-CV09,C,hogar_electronica,"Hogar, Electrónica y Electrodomésticos",12848.79
2024-09-01,RN-VLC-CV09,C,alimentacion_hosteleria,Alimentación y Hostelería,116062.65
2024-09-01,RN-VLC-ES01,C,moda_belleza,Moda y Belleza,201317.0
2024-09-01,RN-VLC-ES01,C,hogar_electronica,"Hogar, Electrónica y Electrodomésticos",32017.47
2024-09-01,RN-VLC-ES01,C,alimentacion_hosteleria,Alimentación y Hostelería,6124.5
2024-09-01,RN-VLC-ES02,C,moda_belleza,Moda y Belleza,147779.35
2024-09-01,RN-VLC-ES02,C,hogar_electronica,"Hogar, Electrónica y Electrodomésticos",23502.84
2024-09-01,RN-VLC-ES02,C,alimentacion_hosteleria,Alimentación y Hostelería,4495.77
2024-09-01,RN-VLC-ES03,C,moda_belleza,Moda y Belleza,170476.53
2024-09-01,RN-VLC-ES03,C,hogar_electronica,"Hogar, Electrónica y Electrodomésticos",27112.6
2024-09-01,RN-VLC-ES03,C,alimentacion_hosteleria,Alimentación y Hostelería,5186.27
2024-09-01,RN-VLC-ES04,C,moda_belleza,Moda y Belleza,181858.08
2024-09-01,RN-VLC-ES04,C,hogar_electronica,"Hogar, Electrónica y Electrodomésticos",28922.72
2024-09-01,RN-VLC-ES04,C,alimentacion_hosteleria,Alimentación y Hostelería,5532.52
2024-09-01,RN-VLC-ES05,C,moda_belleza,Moda y Belleza,187583.64
2024-09-01,RN-VLC-ES05,C,hogar_electronica,"Hogar, Electrónica y Electrodomésticos",29833.31
2024-09-01,RN-VLC-ES05,C,alimentacion_hosteleria,Alimentación y Hostelería,5706.7
2024-09-01,RN-VLC-ES06,C,moda_belleza,Moda y Belleza,147653.89
2024-09-01,RN-VLC-ES06,C,hogar_electronica,"Hogar, Electrónica y Electrodomésticos",23482.88
2024-09-01,RN-VLC-ES06,C,alimentacion_hosteleria,Alimentación y Hostelería,4491.95
2024-09-01,RN-VLC-ES07,C,moda_belleza,Moda y Belleza,174173.87
2024-09-01,RN-VLC-ES07,C,hogar_electronica,"Hogar, Electrónica y Electrodomésticos",27700.62
2024-09-01,RN-VLC-ES07,C,alimentacion_hosteleria,Alimentación y Hostelería,5298.75
2024-09-01,RN-VLC-ES08,C,moda_belleza,Moda y Belleza,203822.48
2024-09-01,RN-VLC-ES08,C,hogar_electronica,"Hogar, Electrónica y Electrodomésticos",32415.94
2024-09-01,RN-VLC-ES08,C,alimentacion_hosteleria,Alimentación y Hostelería,6200.72
2024-09-01,RN-VLC-ES09,C,moda_belleza,Moda y Belleza,182351.22
2024-09-01,RN-VLC-ES09,C,hogar_electronica,"Hogar, Electrónica y Electrodomésticos",29001.15
2024-09-01,RN-VLC-ES09,C,alimentacion_hosteleria,Alimentación y Hostelería,5547.52
2024-09-01,RN-VLC-ES10,C,moda_belleza,Moda y Belleza,160664.47
2024-09-01,RN-VLC-ES10,C,hogar_electronica,"Hogar, Electrónica y Electrodomésticos",25552.09
2024-09-01,RN-VLC-ES10,C,alimentacion_hosteleria,Alimentación y Hostelería,4887.76
2024-09-01,RN-VLC-GA01,C,moda_belleza,Moda y Belleza,1270573.19
2024-09-01,RN-VLC-GA01,C,hogar_electronica,"Hogar, Electrónica y Electrodomésticos",1468975.79
2024-09-01,RN-VLC-GA01,C,alimentacion_hosteleria,Alimentación y Hostelería,591568.05
2024-09-01,RN-VLC-HI01,C,moda_belleza,Moda y Belleza,49036.67
2024-09-01,RN-VLC-HI01,C,hogar_electronica,"Hogar, Electrónica y Electrodomésticos",120101.43
2024-09-01,RN-VLC-HI01,C,alimentacion_hosteleria,Alimentación y Hostelería,639982.97
2024-09-01,RN-VLC-HI02,C,moda_belleza,Moda y Belleza,51113.84
2024-09-01,RN-VLC-HI02,C,hogar_electronica,"Hogar, Electrónica y Electrodomésticos",125188.87
2024-09-01,RN-VLC-HI02,C,alimentacion_hosteleria,Alimentación y Hostelería,667092.38
2024-09-01,RN-VLC-HI03,C,moda_belleza,Moda y Belleza,54582.31
2024-09-01,RN-VLC-HI03,C,hogar_electronica,"Hogar, Electrónica y Electrodomésticos",133683.91
2024-09-01,RN-VLC-HI03,C,alimentacion_hosteleria,Alimentación y Hostelería,712359.79
2024-09-01,RN-VLC-HI04,C,moda_belleza,Moda y Belleza,44559.75
2024-09-01,RN-VLC-HI04,C,hogar_electronica,"Hogar, Electrónica y Electrodomésticos",109136.48
2024-09-01,RN-VLC-HI04,C,alimentacion_hosteleria,Alimentación y Hostelería,581554.22
2024-09-01,RN-VLC-HI05,C,moda_belleza,Moda y Belleza,53500.01
2024-09-01,RN-VLC-HI05,C,hogar_electronica,"Hogar, Electrónica y Electrodomésticos",131033.12
2024-09-01,RN-VLC-HI05,C,alimentacion_hosteleria,Alimentación y Hostelería,698234.54
2024-09-01,RN-VLC-HI06,C,moda_belleza,Moda y Belleza,50375.52
2024-09-01,RN-VLC-HI06,C,hogar_electronica,"Hogar, Electrónica y Electrodomésticos",123380.58
2024-09-01,RN-VLC-HI06,C,alimentacion_hosteleria,Alimentación y Hostelería,657456.56
2024-09-01,RN-VLC-HI07,C,moda_belleza,Moda y Belleza,40328.26
2024-09-01,RN-VLC-HI07,C,hogar_electronica,"Hogar, Electrónica y Electrodomésticos",98772.64
2024-09-01,RN-VLC-HI07,C,alimentacion_hosteleria,Alimentación y Hostelería,526328.54
2024-10-01,RN-BCN-CV01,B,moda_belleza,Moda y Belleza,11075.49
2024-10-01,RN-BCN-CV01,B,hogar_electronica,"Hogar, Electrónica y Electrodomésticos",24475.52
2024-10-01,RN-BCN-CV01,B,alimentacion_hosteleria,Alimentación y Hostelería,137634.51
2024-10-01,RN-BCN-CV02,B,moda_belleza,Moda y Belleza,11808.55
2024-10-01,RN-BCN-CV02,B,hogar_electronica,"Hogar, Electrónica y Electrodomésticos",26095.5
2024-10-01,RN-BCN-CV02,B,alimentacion_hosteleria,Alimentación y Hostelería,146744.22
2024-10-01,RN-BCN-CV03,B,moda_belleza,Moda y Belleza,12817.26
2024-10-01,RN-BCN-CV03,B,hogar_electronica,"Hogar, Electrónica y Electrodomésticos",28324.63
2024-10-01,RN-BCN-CV03,B,alimentacion_hosteleria,Alimentación y Hostelería,159279.41
2024-10-01,RN-BCN-CV04,B,moda_belleza,Moda y Belleza,9759.14
2024-10-01,RN-BCN-CV04,B,hogar_electronica,"Hogar, Electrónica y Electrodomésticos",21566.54
2024-10-01,RN-BCN-CV04,B,alimentacion_hosteleria,Alimentación y Hostelería,121276.29
2024-10-01,RN-BCN-CV05,B,moda_belleza,Moda y Belleza,10293.66
2024-10-01,RN-BCN-CV05,B,hogar_electronica,"Hogar, Electrónica y Electrodomésticos",22747.77
2024-10-01,RN-BCN-CV05,B,alimentacion_hosteleria,Alimentación y Hostelería,127918.77
2024-10-01,RN-BCN-CV06,B,moda_belleza,Moda y Belleza,10676.0
2024-10-01,RN-BCN-CV06,B,hogar_electronica,"Hogar, Electrónica y Electrodomésticos",23592.69
2024-10-01,RN-BCN-CV06,B,alimentacion_hosteleria,Alimentación y Hostelería,132670.05
2024-10-01,RN-BCN-CV07,B,moda_belleza,Moda y Belleza,10855.52
2024-10-01,RN-BCN-CV07,B,hogar_electronica,"Hogar, Electrónica y Electrodomésticos",23989.41
2024-10-01,RN-BCN-CV07,B,alimentacion_hosteleria,Alimentación y Hostelería,134900.95
2024-10-01,RN-BCN-CV08,B,moda_belleza,Moda y Belleza,10171.34
2024-10-01,RN-BCN-CV08,B,hogar_electronica,"Hogar, Electrónica y Electrodomésticos",22477.45
2024-10-01,RN-BCN-CV08,B,alimentacion_hosteleria,Alimentación y Hostelería,126398.68
2024-10-01,RN-BCN-ES01,B,moda_belleza,Moda y Belleza,180325.34
2024-10-01,RN-BCN-ES01,B,hogar_electronica,"Hogar, Electrónica y Electrodomésticos",30189.21
2024-10-01,RN-BCN-ES01,B,alimentacion_hosteleria,Alimentación y Hostelería,3595.01
2024-10-01,RN-BCN-ES02,B,moda_belleza,Moda y Belleza,212896.7
2024-10-01,RN-BCN-ES02,B,hogar_electronica,"Hogar, Electrónica y Electrodomésticos",35642.15
2024-10-01,RN-BCN-ES02,B,alimentacion_hosteleria,Alimentación y Hostelería,4244.37
2024-10-01,RN-BCN-ES03,B,moda_belleza,Moda y Belleza,216832.3
2024-10-01,RN-BCN-ES03,B,hogar_electronica,"Hogar, Electrónica y Electrodomésticos",36301.03
2024-10-01,RN-BCN-ES03,B,alimentacion_hosteleria,Alimentación y Hostelería,4322.83
2024-10-01,RN-BCN-ES04,B,moda_belleza,Moda y Belleza,210771.35
2024-10-01,RN-BCN-ES04,B,hogar_electronica,"Hogar, Electrónica y Electrodomésticos",35286.33
2024-10-01,RN-BCN-ES04,B,alimentacion_hosteleria,Alimentación y Hostelería,4201.99
2024-10-01,RN-BCN-ES05,B,moda_belleza,Moda y Belleza,217764.29
2024-10-01,RN-BCN-ES05,B,hogar_electronica,"Hogar, Electrónica y Electrodomésticos",36457.06
2024-10-01,RN-BCN-ES05,B,alimentacion_hosteleria,Alimentación y Hostelería,4341.41
2024-10-01,RN-BCN-ES06,B,moda_belleza,Moda y Belleza,214539.49
2024-10-01,RN-BCN-ES06,B,hogar_electronica,"Hogar, Electrónica y Electrodomésticos",35917.18
2024-10-01,RN-BCN-ES06,B,alimentacion_hosteleria,Alimentación y Hostelería,4277.12
2024-10-01,RN-BCN-ES07,B,moda_belleza,Moda y Belleza,214681.26
2024-10-01,RN-BCN-ES07,B,hogar_electronica,"Hogar, Electrónica y Electrodomésticos",35940.91
2024-10-01,RN-BCN-ES07,B,alimentacion_hosteleria,Alimentación y Hostelería,4279.94
2024-10-01,RN-BCN-ES08,B,moda_belleza,Moda y Belleza,164808.96
2024-10-01,RN-BCN-ES08,B,hogar_electronica,"Hogar, Electrónica y Electrodomésticos",27591.53
2024-10-01,RN-BCN-ES08,B,alimentacion_hosteleria,Alimentación y Hostelería,3285.68
2024-10-01,RN-BCN-ES09,B,moda_belleza,Moda y Belleza,221829.05
2024-10-01,RN-BCN-ES09,B,hogar_electronica,"Hogar, Electrónica y Electrodomésticos",37137.56
2024-10-01,RN-BCN-ES09,B,alimentacion_hosteleria,Alimentación y Hostelería,4422.44
2024-10-01,RN-BCN-ES10,B,moda_belleza,Moda y Belleza,198233.89
2024-10-01,RN-BCN-ES10,B,hogar_electronica,"Hogar, Electrónica y Electrodomésticos",33187.37
2024-10-01,RN-BCN-ES10,B,alimentacion_hosteleria,Alimentación y Hostelería,3952.04
2024-10-01,RN-BCN-ES11,B,moda_belleza,Moda y Belleza,200643.85
2024-10-01,RN-BCN-ES11,B,hogar_electronica,"Hogar, Electrónica y Electrodomésticos",33590.84
2024-10-01,RN-BCN-ES11,B,alimentacion_hosteleria,Alimentación y Hostelería,4000.09
2024-10-01,RN-BCN-ES12,B,moda_belleza,Moda y Belleza,180139.93
2024-10-01,RN-BCN-ES12,B,hogar_electronica,"Hogar, Electrónica y Electrodomésticos",30158.17
2024-10-01,RN-BCN-ES12,B,alimentacion_hosteleria,Alimentación y Hostelería,3591.32
2024-10-01,RN-BCN-ES13,B,moda_belleza,Moda y Belleza,217644.08
2024-10-01,RN-BCN-ES13,B,hogar_electronica,"Hogar, Electrónica y Electrodomésticos",36436.93
2024-10-01,RN-BCN-ES13,B,alimentacion_hosteleria,Alimentación y Hostelería,4339.01
2024-10-01,RN-BCN-ES14,B,moda_belleza,Moda y Belleza,232758.61
2024-10-01,RN-BCN-ES14,B,hogar_electronica,"Hogar, Electrónica y Electrodomésticos",38967.33
2024-10-01,RN-BCN-ES14,B,alimentacion_hosteleria,Alimentación y Hostelería,4640.34
2024-10-01,RN-BCN-GA01,B,moda_belleza,Moda y Belleza,1512898.29
2024-10-01,RN-BCN-GA01,B,hogar_electronica,"Hogar, Electrónica y Electrodomésticos",1841251.52
2024-10-01,RN-BCN-GA01,B,alimentacion_hosteleria,Alimentación y Hostelería,461602.87
2024-10-01,RN-BCN-GA02,B,moda_belleza,Moda y Belleza,1711643.0
2024-10-01,RN-BCN-GA02,B,hogar_electronica,"Hogar, Electrónica y Electrodomésticos",2083130.96
2024-10-01,RN-BCN-GA02,B,alimentacion_hosteleria,Alimentación y Hostelería,522242.19
2024-10-01,RN-BCN-HI01,B,moda_belleza,Moda y Belleza,56844.77
2024-10-01,RN-BCN-HI01,B,hogar_electronica,"Hogar, Electrónica y Electrodomésticos",146556.88
2024-10-01,RN-BCN-HI01,B,alimentacion_hosteleria,Alimentación y Hostelería,486174.05
2024-10-01,RN-BCN-HI02,B,moda_belleza,Moda y Belleza,85771.27
2024-10-01,RN-BCN-HI02,B,hogar_electronica,"Hogar, Electrónica y Electrodomésticos",221135.0
2024-10-01,RN-BCN-HI02,B,alimentacion_hosteleria,Alimentación y Hostelería,733572.51
2024-10-01,RN-BCN-HI03,B,moda_belleza,Moda y Belleza,60098.04
2024-10-01,RN-BCN-HI03,B,hogar_electronica,"Hogar, Electrónica y Electrodomésticos",154944.43
2024-10-01,RN-BCN-HI03,B,alimentacion_hosteleria,Alimentación y Hostelería,513998.11
2024-10-01,RN-BCN-HI04,B,moda_belleza,Moda y Belleza,74140.45
2024-10-01,RN-BCN-HI04,B,hogar_electronica,"Hogar, Electrónica y Electrodomésticos",191148.49
2024-10-01,RN-BCN-HI04,B,alimentacion_hosteleria,Alimentación y Hostelería,634098.06
2024-10-01,RN-BIO-CV01,E,moda_belleza,Moda y Belleza,11079.82
2024-10-01,RN-BIO-CV01,E,hogar_electronica,"Hogar, Electrónica y Electrodomésticos",29454.67
2024-10-01,RN-BIO-CV01,E,alimentacion_hosteleria,Alimentación y Hostelería,148817.67
2024-10-01,RN-BIO-CV02,E,moda_belleza,Moda y Belleza,10578.54
2024-10-01,RN-BIO-CV02,E,hogar_electronica,"Hogar, Electrónica y Electrodomésticos",28122.07
2024-10-01,RN-BIO-CV02,E,alimentacion_hosteleria,Alimentación y Hostelería,142084.78
2024-10-01,RN-BIO-CV03,E,moda_belleza,Moda y Belleza,10142.58
2024-10-01,RN-BIO-CV03,E,hogar_electronica,"Hogar, Electrónica y Electrodomésticos",26963.11
2024-10-01,RN-BIO-CV03,E,alimentacion_hosteleria,Alimentación y Hostelería,136229.24
2024-10-01,RN-BIO-CV04,E,moda_belleza,Moda y Belleza,11639.22
2024-10-01,RN-BIO-CV04,E,hogar_electronica,"Hogar, Electrónica y Electrodomésticos",30941.8
2024-10-01,RN-BIO-CV04,E,alimentacion_hosteleria,Alimentación y Hostelería,156331.29
2024-10-01,RN-BIO-ES01,E,moda_belleza,Moda y Belleza,178425.38
2024-10-01,RN-BIO-ES01,E,hogar_electronica,"Hogar, Electrónica y Electrodomésticos",35933.89
2024-10-01,RN-BIO-ES01,E,alimentacion_hosteleria,Alimentación y Hostelería,3844.66
2024-10-01,RN-BIO-ES02,E,moda_belleza,Moda y Belleza,167419.04
2024-10-01,RN-BIO-ES02,E,hogar_electronica,"Hogar, Electrónica y Electrodomésticos",33717.27
2024-10-01,RN-BIO-ES02,E,alimentacion_hosteleria,Alimentación y Hostelería,3607.5
2024-10-01,RN-BIO-ES03,E,moda_belleza,Moda y Belleza,250859.86
2024-10-01,RN-BIO-ES03,E,hogar_electronica,"Hogar, Electrónica y Electrodomésticos",50521.79
2024-10-01,RN-BIO-ES03,E,alimentacion_hosteleria,Alimentación y Hostelería,5405.46
2024-10-01,RN-BIO-ES04,E,moda_belleza,Moda y Belleza,210673.23
2024-10-01,RN-BIO-ES04,E,hogar_electronica,"Hogar, Electrónica y Electrodomésticos",42428.43
2024-10-01,RN-BIO-ES04,E,alimentacion_hosteleria,Alimentación y Hostelería,4539.53
2024-10-01,RN-BIO-ES05,E,moda_belleza,Moda y Belleza,204224.37
2024-10-01,RN-BIO-ES05,E,hogar_electronica,"Hogar, Electrónica y Electrodomésticos",41129.66
2024-10-01,RN-BIO-ES05,E,alimentacion_hosteleria,Alimentación y Hostelería,4400.57
2024-10-01,RN-BIO-ES06,E,moda_belleza,Moda y Belleza,236597.39
2024-10-01,RN-BIO-ES06,E,hogar_electronica,"Hogar, Electrónica y Electrodomésticos",47649.41
2024-10-01,RN-BIO-ES06,E,alimentacion_hosteleria,Alimentación y Hostelería,5098.14
2024-10-01,RN-BIO-ES07,E,moda_belleza,Moda y Belleza,209542.69
2024-10-01,RN-BIO-ES07,E,hogar_electronica,"Hogar, Electrónica y Electrodomésticos",42200.74
2024-10-01,RN-BIO-ES07,E,alimentacion_hosteleria,Alimentación y Hostelería,4515.17
2024-10-01,RN-BIO-GA01,E,moda_belleza,Moda y Belleza,981149.13
2024-10-01,RN-BIO-GA01,E,hogar_electronica,"Hogar, Electrónica y Electrodomésticos",1436451.77
2024-10-01,RN-BIO-GA01,E,alimentacion_hosteleria,Alimentación y Hostelería,323557.41
2024-10-01,RN-BIO-HI01,E,moda_belleza,Moda y Belleza,68852.52
2024-10-01,RN-BIO-HI01,E,hogar_electronica,"Hogar, Electrónica y Electrodomésticos",213544.37
2024-10-01,RN-BIO-HI01,E,alimentacion_hosteleria,Alimentación y Hostelería,636470.98
2024-10-01,RN-BIO-HI02,E,moda_belleza,Moda y Belleza,49865.67
2024-10-01,RN-BIO-HI02,E,hogar_electronica,"Hogar, Electrónica y Electrodomésticos",154657.14
2024-10-01,RN-BIO-HI02,E,alimentacion_hosteleria,Alimentación y Hostelería,460957.05
2024-10-01,RN-MAD-CV01,A,moda_belleza,Moda y Belleza,11425.97
2024-10-01,RN-MAD-CV01,A,hogar_electronica,"Hogar, Electrónica y Electrodomésticos",22476.91
2024-10-01,RN-MAD-CV01,A,alimentacion_hosteleria,Alimentación y Hostelería,136922.7
2024-10-01,RN-MAD-CV02,A,moda_belleza,Moda y Belleza,11701.1
2024-10-01,RN-MAD-CV02,A,hogar_electronica,"Hogar, Electrónica y Electrodomésticos",23018.14
2024-10-01,RN-MAD-CV02,A,alimentacion_hosteleria,Alimentación y Hostelería,140219.67
2024-10-01,RN-MAD-CV03,A,moda_belleza,Moda y Belleza,11547.54
2024-10-01,RN-MAD-CV03,A,hogar_electronica,"Hogar, Electrónica y Electrodomésticos",22716.05
2024-10-01,RN-MAD-CV03,A,alimentacion_hosteleria,Alimentación y Hostelería,138379.45
2024-10-01,RN-MAD-CV04,A,moda_belleza,Moda y Belleza,13266.29
2024-10-01,RN-MAD-CV04,A,hogar_electronica,"Hogar, Electrónica y Electrodomésticos",26097.14
2024-10-01,RN-MAD-CV04,A,alimentacion_hosteleria,Alimentación y Hostelería,158976.06
2024-10-01,RN-MAD-CV05,A,moda_belleza,Moda y Belleza,9945.33
2024-10-01,RN-MAD-CV05,A,hogar_electronica,"Hogar, Electrónica y Electrodomésticos",19564.23
2024-10-01,RN-MAD-CV05,A,alimentacion_hosteleria,Alimentación y Hostelería,119179.51
2024-10-01,RN-MAD-CV06,A,moda_belleza,Moda y Belleza,11691.5
2024-10-01,RN-MAD-CV06,A,hogar_electronica,"Hogar, Electrónica y Electrodomésticos",22999.25
2024-10-01,RN-MAD-CV06,A,alimentacion_hosteleria,Alimentación y Hostelería,140104.6
2024-10-01,RN-MAD-CV07,A,moda_belleza,Moda y Belleza,10716.61
2024-10-01,RN-MAD-CV07,A,hogar_electronica,"Hogar, Electrónica y Electrodomésticos",21081.47
2024-10-01,RN-MAD-CV07,A,alimentacion_hosteleria,Alimentación y Hostelería,128422.09
2024-10-01,RN-MAD-CV08,A,moda_belleza,Moda y Belleza,12933.33
2024-10-01,RN-MAD-CV08,A,hogar_electronica,"Hogar, Electrónica y Electrodomésticos",25442.16
2024-10-01,RN-MAD-CV08,A,alimentacion_hosteleria,Alimentación y Hostelería,154986.11
2024-10-01,RN-MAD-CV09,A,moda_belleza,Moda y Belleza,13594.89
2024-10-01,RN-MAD-CV09,A,hogar_electronica,"Hogar, Electrónica y Electrodomésticos",26743.57
2024-10-01,RN-MAD-CV09,A,alimentacion_hosteleria,Alimentación y Hostelería,162913.9
2024-10-01,RN-MAD-CV10,A,moda_belleza,Moda y Belleza,12456.26
2024-10-01,RN-MAD-CV10,A,hogar_electronica,"Hogar, Electrónica y Electrodomésticos",24503.67
2024-10-01,RN-MAD-CV10,A,alimentacion_hosteleria,Alimentación y Hostelería,149269.09
2024-10-01,RN-MAD-ES01,A,moda_belleza,Moda y Belleza,261362.84
2024-10-01,RN-MAD-ES01,A,hogar_electronica,"Hogar, Electrónica y Electrodomésticos",38950.53
2024-10-01,RN-MAD-ES01,A,alimentacion_hosteleria,Alimentación y Hostelería,5024.65
2024-10-01,RN-MAD-ES02,A,moda_belleza,Moda y Belleza,189511.11
2024-10-01,RN-MAD-ES02,A,hogar_electronica,"Hogar, Electrónica y Electrodomésticos",28242.57
2024-10-01,RN-MAD-ES02,A,alimentacion_hosteleria,Alimentación y Hostelería,3643.31
2024-10-01,RN-MAD-ES03,A,moda_belleza,Moda y Belleza,243890.71
2024-10-01,RN-MAD-ES03,A,hogar_electronica,"Hogar, Electrónica y Electrodomésticos",36346.69
2024-10-01,RN-MAD-ES03,A,alimentacion_hosteleria,Alimentación y Hostelería,4688.75
2024-10-01,RN-MAD-ES04,A,moda_belleza,Moda y Belleza,226520.8
2024-10-01,RN-MAD-ES04,A,hogar_electronica,"Hogar, Electrónica y Electrodomésticos",33758.07
2024-10-01,RN-MAD-ES04,A,alimentacion_hosteleria,Alimentación y Hostelería,4354.82
2024-10-01,RN-MAD-ES05,A,moda_belleza,Moda y Belleza,207343.03
2024-10-01,RN-MAD-ES05,A,hogar_electronica,"Hogar, Electrónica y Electrodomésticos",30900.04
2024-10-01,RN-MAD-ES05,A,alimentacion_hosteleria,Alimentación y Hostelería,3986.13
2024-10-01,RN-MAD-ES06,A,moda_belleza,Moda y Belleza,232669.23
2024-10-01,RN-MAD-ES06,A,hogar_electronica,"Hogar, Electrónica y Electrodomésticos",34674.36
2024-10-01,RN-MAD-ES06,A,alimentacion_hosteleria,Alimentación y Hostelería,4473.02
2024-10-01,RN-MAD-ES07,A,moda_belleza,Moda y Belleza,245971.46
2024-10-01,RN-MAD-ES07,A,hogar_electronica,"Hogar, Electrónica y Electrodomésticos",36656.78
2024-10-01,RN-MAD-ES07,A,alimentacion_hosteleria,Alimentación y Hostelería,4728.75
2024-10-01,RN-MAD-ES08,A,moda_belleza,Moda y Belleza,246332.03
2024-10-01,RN-MAD-ES08,A,hogar_electronica,"Hogar, Electrónica y Electrodomésticos",36710.51
2024-10-01,RN-MAD-ES08,A,alimentacion_hosteleria,Alimentación y Hostelería,4735.69
2024-10-01,RN-MAD-ES09,A,moda_belleza,Moda y Belleza,234372.16
2024-10-01,RN-MAD-ES09,A,hogar_electronica,"Hogar, Electrónica y Electrodomésticos",34928.15
2024-10-01,RN-MAD-ES09,A,alimentacion_hosteleria,Alimentación y Hostelería,4505.76
2024-10-01,RN-MAD-ES10,A,moda_belleza,Moda y Belleza,231259.37
2024-10-01,RN-MAD-ES10,A,hogar_electronica,"Hogar, Electrónica y Electrodomésticos",34464.26
2024-10-01,RN-MAD-ES10,A,alimentacion_hosteleria,Alimentación y Hostelería,4445.92
2024-10-01,RN-MAD-ES11,A,moda_belleza,Moda y Belleza,197565.14
2024-10-01,RN-MAD-ES11,A,hogar_electronica,"Hogar, Electrónica y Electrodomésticos",29442.85
2024-10-01,RN-MAD-ES11,A,alimentacion_hosteleria,Alimentación y Hostelería,3798.15
2024-10-01,RN-MAD-ES12,A,moda_belleza,Moda y Belleza,243448.39
2024-10-01,RN-MAD-ES12,A,hogar_electronica,"Hogar, Electrónica y Electrodomésticos",36280.77
2024-10-01,RN-MAD-ES12,A,alimentacion_hosteleria,Alimentación y Hostelería,4680.25
2024-10-01,RN-MAD-ES13,A,moda_belleza,Moda y Belleza,231533.14
2024-10-01,RN-MAD-ES13,A,hogar_electronica,"Hogar, Electrónica y Electrodomésticos",34505.05
2024-10-01,RN-MAD-ES13,A,alimentacion_hosteleria,Alimentación y Hostelería,4451.18
2024-10-01,RN-MAD-ES14,A,moda_belleza,Moda y Belleza,193239.57
2024-10-01,RN-MAD-ES14,A,hogar_electronica,"Hogar, Electrónica y Electrodomésticos",28798.22
2024-10-01,RN-MAD-ES14,A,alimentacion_hosteleria,Alimentación y Hostelería,3714.99
2024-10-01,RN-MAD-ES15,A,moda_belleza,Moda y Belleza,215523.24
2024-10-01,RN-MAD-ES15,A,hogar_electronica,"Hogar, Electrónica y Electrodomésticos",32119.12
2024-10-01,RN-MAD-ES15,A,alimentacion_hosteleria,Alimentación y Hostelería,4143.39
2024-10-01,RN-MAD-ES16,A,moda_belleza,Moda y Belleza,217185.82
2024-10-01,RN-MAD-ES16,A,hogar_electronica,"Hogar, Electrónica y Electrodomésticos",32366.89
2024-10-01,RN-MAD-ES16,A,alimentacion_hosteleria,Alimentación y Hostelería,4175.36
2024-10-01,RN-MAD-ES17,A,moda_belleza,Moda y Belleza,236922.26
2024-10-01,RN-MAD-ES17,A,hogar_electronica,"Hogar, Electrónica y Electrodomésticos",35308.19
2024-10-01,RN-MAD-ES17,A,alimentacion_hosteleria,Alimentación y Hostelería,4554.78
2024-10-01,RN-MAD-ES18,A,moda_belleza,Moda y Belleza,251909.12
2024-10-01,RN-MAD-ES18,A,hogar_electronica,"Hogar, Electrónica y Electrodomésticos",37541.66
2024-10-01,RN-MAD-ES18,A,alimentacion_hosteleria,Alimentación y Hostelería,4842.9
2024-10-01,RN-MAD-ES19,A,moda_belleza,Moda y Belleza,232647.94
2024-10-01,RN-MAD-ES19,A,hogar_electronica,"Hogar, Electrónica y Electrodomésticos",34671.19
2024-10-01,RN-MAD-ES19,A,alimentacion_hosteleria,Alimentación y Hostelería,4472.61
2024-10-01,RN-MAD-ES20,A,moda_belleza,Moda y Belleza,228265.88
2024-10-01,RN-MAD-ES20,A,hogar_electronica,"Hogar, Electrónica y Electrodomésticos",34018.14
2024-10-01,RN-MAD-ES20,A,alimentacion_hosteleria,Alimentación y Hostelería,4388.37
2024-10-01,RN-MAD-GA01,A,moda_belleza,Moda y Belleza,2175134.51
2024-10-01,RN-MAD-GA01,A,hogar_electronica,"Hogar, Electrónica y Electrodomésticos",2356481.96
2024-10-01,RN-MAD-GA01,A,alimentacion_hosteleria,Alimentación y Hostelería,639974.83
2024-10-01,RN-MAD-GA02,A,moda_belleza,Moda y Belleza,1499638.13
2024-10-01,RN-MAD-GA02,A,hogar_electronica,"Hogar, Electrónica y Electrodomésticos",1624667.43
2024-10-01,RN-MAD-GA02,A,alimentacion_hosteleria,Alimentación y Hostelería,441228.18
2024-10-01,RN-MAD-GA03,A,moda_belleza,Moda y Belleza,1755108.86
2024-10-01,RN-MAD-GA03,A,hogar_electronica,"Hogar, Electrónica y Electrodomésticos",1901437.52
2024-10-01,RN-MAD-GA03,A,alimentacion_hosteleria,Alimentación y Hostelería,516393.58
2024-10-01,RN-MAD-HI01,A,moda_belleza,Moda y Belleza,78867.99
2024-10-01,RN-MAD-HI01,A,hogar_electronica,"Hogar, Electrónica y Electrodomésticos",181005.21
2024-10-01,RN-MAD-HI01,A,alimentacion_hosteleria,Alimentación y Hostelería,650459.15
2024-10-01,RN-MAD-HI02,A,moda_belleza,Moda y Belleza,67635.69
2024-10-01,RN-MAD-HI02,A,hogar_electronica,"Hogar, Electrónica y Electrodomésticos",155226.61
2024-10-01,RN-MAD-HI02,A,alimentacion_hosteleria,Alimentación y Hostelería,557821.35
2024-10-01,RN-MAD-HI03,A,moda_belleza,Moda y Belleza,78231.21
2024-10-01,RN-MAD-HI03,A,hogar_electronica,"Hogar, Electrónica y Electrodomésticos",179543.76
2024-10-01,RN-MAD-HI03,A,alimentacion_hosteleria,Alimentación y Hostelería,645207.3
2024-10-01,RN-MAD-HI04,A,moda_belleza,Moda y Belleza,83147.86
2024-10-01,RN-MAD-HI04,A,hogar_electronica,"Hogar, Electrónica y Electrodomésticos",190827.68
2024-10-01,RN-MAD-HI04,A,alimentacion_hosteleria,Alimentación y Hostelería,685757.12
2024-10-01,RN-MAD-HI05,A,moda_belleza,Moda y Belleza,85119.67
2024-10-01,RN-MAD-HI05,A,hogar_electronica,"Hogar, Electrónica y Electrodomésticos",195353.06
2024-10-01,RN-MAD-HI05,A,alimentacion_hosteleria,Alimentación y Hostelería,702019.49
2024-10-01,RN-SEV-CV01,D,moda_belleza,Moda y Belleza,10580.45
2024-10-01,RN-SEV-CV01,D,hogar_electronica,"Hogar, Electrónica y Electrodomésticos",30980.46
2024-10-01,RN-SEV-CV01,D,alimentacion_hosteleria,Alimentación y Hostelería,102464.69
2024-10-01,RN-SEV-CV02,D,moda_belleza,Moda y Belleza,11807.9
2024-10-01,RN-SEV-CV02,D,hogar_electronica,"Hogar, Electrónica y Electrodomésticos",34574.55
2024-10-01,RN-SEV-CV02,D,alimentacion_hosteleria,Alimentación y Hostelería,114351.78
2024-10-01,RN-SEV-CV03,D,moda_belleza,Moda y Belleza,9786.1
2024-10-01,RN-SEV-CV03,D,hogar_electronica,"Hogar, Electrónica y Electrodomésticos",28654.54
2024-10-01,RN-SEV-CV03,D,alimentacion_hosteleria,Alimentación y Hostelería,94771.96
2024-10-01,RN-SEV-CV04,D,moda_belleza,Moda y Belleza,9815.26
2024-10-01,RN-SEV-CV04,D,hogar_electronica,"Hogar, Electrónica y Electrodomésticos",28739.93
2024-10-01,RN-SEV-CV04,D,alimentacion_hosteleria,Alimentación y Hostelería,95054.37
2024-10-01,RN-SEV-CV05,D,moda_belleza,Moda y Belleza,9097.33
2024-10-01,RN-SEV-CV05,D,hogar_electronica,"Hogar, Electrónica y Electrodomésticos",26637.76
2024-10-01,RN-SEV-CV05,D,alimentacion_hosteleria,Alimentación y Hostelería,88101.67
2024-10-01,RN-SEV-CV06,D,moda_belleza,Moda y Belleza,10142.33
2024-10-01,RN-SEV-CV06,D,hogar_electronica,"Hogar, Electrónica y Electrodomésticos",29697.6
2024-10-01,RN-SEV-CV06,D,alimentacion_hosteleria,Alimentación y Hostelería,98221.79
2024-10-01,RN-SEV-CV07,D,moda_belleza,Moda y Belleza,10069.71
2024-10-01,RN-SEV-CV07,D,hogar_electronica,"Hogar, Electrónica y Electrodomésticos",29484.97
2024-10-01,RN-SEV-CV07,D,alimentacion_hosteleria,Alimentación y Hostelería,97518.53
2024-10-01,RN-SEV-CV08,D,moda_belleza,Moda y Belleza,11233.67
2024-10-01,RN-SEV-CV08,D,hogar_electronica,"Hogar, Electrónica y Electrodomésticos",32893.15
2024-10-01,RN-SEV-CV08,D,alimentacion_hosteleria,Alimentación y Hostelería,108790.74
2024-10-01,RN-SEV-CV09,D,moda_belleza,Moda y Belleza,10770.42
2024-10-01,RN-SEV-CV09,D,hogar_electronica,"Hogar, Electrónica y Electrodomésticos",31536.7
2024-10-01,RN-SEV-CV09,D,alimentacion_hosteleria,Alimentación y Hostelería,104304.42
2024-10-01,RN-SEV-CV10,D,moda_belleza,Moda y Belleza,10829.7
2024-10-01,RN-SEV-CV10,D,hogar_electronica,"Hogar, Electrónica y Electrodomésticos",31710.28
2024-10-01,RN-SEV-CV10,D,alimentacion_hosteleria,Alimentación y Hostelería,104878.5
2024-10-01,RN-SEV-ES01,D,moda_belleza,Moda y Belleza,185773.46
2024-10-01,RN-SEV-ES01,D,hogar_electronica,"Hogar, Electrónica y Electrodomésticos",41209.13
2024-10-01,RN-SEV-ES01,D,alimentacion_hosteleria,Alimentación y Hostelería,2886.25
2024-10-01,RN-SEV-ES02,D,moda_belleza,Moda y Belleza,164016.2
2024-10-01,RN-SEV-ES02,D,hogar_electronica,"Hogar, Electrónica y Electrodomésticos",36382.83
2024-10-01,RN-SEV-ES02,D,alimentacion_hosteleria,Alimentación y Hostelería,2548.22
2024-10-01,RN-SEV-ES03,D,moda_belleza,Moda y Belleza,172376.23
2024-10-01,RN-SEV-ES03,D,hogar_electronica,"Hogar, Electrónica y Electrodomésticos",38237.29
2024-10-01,RN-SEV-ES03,D,alimentacion_hosteleria,Alimentación y Hostelería,2678.1
2024-10-01,RN-SEV-ES04,D,moda_belleza,Moda y Belleza,141341.63
2024-10-01,RN-SEV-ES04,D,hogar_electronica,"Hogar, Electrónica y Electrodomésticos",31353.05
2024-10-01,RN-SEV-ES04,D,alimentacion_hosteleria,Alimentación y Hostelería,2195.94
2024-10-01,RN-SEV-ES05,D,moda_belleza,Moda y Belleza,142160.39
2024-10-01,RN-SEV-ES05,D,hogar_electronica,"Hogar, Electrónica y Electrodomésticos",31534.67
2024-10-01,RN-SEV-ES05,D,alimentacion_hosteleria,Alimentación y Hostelería,2208.66
2024-10-01,RN-SEV-ES06,D,moda_belleza,Moda y Belleza,184151.9
2024-10-01,RN-SEV-ES06,D,hogar_electronica,"Hogar, Electrónica y Electrodomésticos",40849.43
2024-10-01,RN-SEV-ES06,D,alimentacion_hosteleria,Alimentación y Hostelería,2861.05
2024-10-01,RN-SEV-ES07,D,moda_belleza,Moda y Belleza,186241.19
2024-10-01,RN-SEV-ES07,D,hogar_electronica,"Hogar, Electrónica y Electrodomésticos",41312.88
2024-10-01,RN-SEV-ES07,D,alimentacion_hosteleria,Alimentación y Hostelería,2893.51
2024-10-01,RN-SEV-ES08,D,moda_belleza,Moda y Belleza,178925.67
2024-10-01,RN-SEV-ES08,D,hogar_electronica,"Hogar, Electrónica y Electrodomésticos",39690.12
2024-10-01,RN-SEV-ES08,D,alimentacion_hosteleria,Alimentación y Hostelería,2779.86
2024-10-01,RN-SEV-ES09,D,moda_belleza,Moda y Belleza,172727.71
2024-10-01,RN-SEV-ES09,D,hogar_electronica,"Hogar, Electrónica y Electrodomésticos",38315.26
2024-10-01,RN-SEV-ES09,D,alimentacion_hosteleria,Alimentación y Hostelería,2683.56
2024-10-01,RN-SEV-ES10,D,moda_belleza,Moda y Belleza,172436.76
2024-10-01,RN-SEV-ES10,D,hogar_electronica,"Hogar, Electrónica y Electrodomésticos",38250.72
2024-10-01,RN-SEV-ES10,D,alimentacion_hosteleria,Alimentación y Hostelería,2679.04
2024-10-01,RN-SEV-ES11,D,moda_belleza,Moda y Belleza,163865.1
2024-10-01,RN-SEV-ES11,D,hogar_electronica,"Hogar, Electrónica y Electrodomésticos",36349.32
2024-10-01,RN-SEV-ES11,D,alimentacion_hosteleria,Alimentación y Hostelería,2545.87
2024-10-01,RN-SEV-ES12,D,moda_belleza,Moda y Belleza,150576.39
2024-10-01,RN-SEV-ES12,D,hogar_electronica,"Hogar, Electrónica y Electrodomésticos",33401.55
2024-10-01,RN-SEV-ES12,D,alimentacion_hosteleria,Alimentación y Hostelería,2339.41
2024-10-01,RN-SEV-GA01,D,moda_belleza,Moda y Belleza,766040.8
2024-10-01,RN-SEV-GA01,D,hogar_electronica,"Hogar, Electrónica y Electrodomésticos",1235293.32
2024-10-01,RN-SEV-GA01,D,alimentacion_hosteleria,Alimentación y Hostelería,182144.67
2024-10-01,RN-SEV-HI01,D,moda_belleza,Moda y Belleza,52322.52
2024-10-01,RN-SEV-HI01,D,hogar_electronica,"Hogar, Electrónica y Electrodomésticos",178738.93
2024-10-01,RN-SEV-HI01,D,alimentacion_hosteleria,Alimentación y Hostelería,348735.15
2024-10-01,RN-SEV-HI02,D,moda_belleza,Moda y Belleza,57288.1
2024-10-01,RN-SEV-HI02,D,hogar_electronica,"Hogar, Electrónica y Electrodomésticos",195701.84
2024-10-01,RN-SEV-HI02,D,alimentacion_hosteleria,Alimentación y Hostelería,381831.26
2024-10-01,RN-SEV-HI03,D,moda_belleza,Moda y Belleza,50311.02
2024-10-01,RN-SEV-HI03,D,hogar_electronica,"Hogar, Electrónica y Electrodomésticos",171867.42
2024-10-01,RN-SEV-HI03,D,alimentacion_hosteleria,Alimentación y Hostelería,335328.24
2024-10-01,RN-SEV-HI04,D,moda_belleza,Moda y Belleza,65929.8
2024-10-01,RN-SEV-HI04,D,hogar_electronica,"Hogar, Electrónica y Electrodomésticos",225222.73
2024-10-01,RN-SEV-HI04,D,alimentacion_hosteleria,Alimentación y Hostelería,439429.06
2024-10-01,RN-VLC-CV01,C,moda_belleza,Moda y Belleza,7175.67
2024-10-01,RN-VLC-CV01,C,hogar_electronica,"Hogar, Electrónica y Electrodomésticos",15064.1
2024-10-01,RN-VLC-CV01,C,alimentacion_hosteleria,Alimentación y Hostelería,136073.41
2024-10-01,RN-VLC-CV02,C,moda_belleza,Moda y Belleza,7072.34
2024-10-01,RN-VLC-CV02,C,hogar_electronica,"Hogar, Electrónica y Electrodomésticos",14847.17
2024-10-01,RN-VLC-CV02,C,alimentacion_hosteleria,Alimentación y Hostelería,134113.9
2024-10-01,RN-VLC-CV03,C,moda_belleza,Moda y Belleza,8080.17
2024-10-01,RN-VLC-CV03,C,hogar_electronica,"Hogar, Electrónica y Electrodomésticos",16962.93
2024-10-01,RN-VLC-CV03,C,alimentacion_hosteleria,Alimentación y Hostelería,153225.47
2024-10-01,RN-VLC-CV04,C,moda_belleza,Moda y Belleza,6532.26
2024-10-01,RN-VLC-CV04,C,hogar_electronica,"Hogar, Electrónica y Electrodomésticos",13713.36
2024-10-01,RN-VLC-CV04,C,alimentacion_hosteleria,Alimentación y Hostelería,123872.22
2024-10-01,RN-VLC-CV05,C,moda_belleza,Moda y Belleza,5756.98
2024-10-01,RN-VLC-CV05,C,hogar_electronica,"Hogar, Electrónica y Electrodomésticos",12085.79
2024-10-01,RN-VLC-CV05,C,alimentacion_hosteleria,Alimentación y Hostelería,109170.5
2024-10-01,RN-VLC-CV06,C,moda_belleza,Moda y Belleza,8184.24
2024-10-01,RN-VLC-CV06,C,hogar_electronica,"Hogar, Electrónica y Electrodomésticos",17181.4
2024-10-01,RN-VLC-CV06,C,alimentacion_hosteleria,Alimentación y Hostelería,155198.94
2024-10-01,RN-VLC-CV07,C,moda_belleza,Moda y Belleza,6777.08
2024-10-01,RN-VLC-CV07,C,hogar_electronica,"Hogar, Electrónica y Electrodomésticos",14227.31
2024-10-01,RN-VLC-CV07,C,alimentacion_hosteleria,Alimentación y Hostelería,128514.76
2024-10-01,RN-VLC-CV08,C,moda_belleza,Moda y Belleza,5575.86
2024-10-01,RN-VLC-CV08,C,hogar_electronica,"Hogar, Electrónica y Electrodomésticos",11705.57
2024-10-01,RN-VLC-CV08,C,alimentacion_hosteleria,Alimentación y Hostelería,105735.94
2024-10-01,RN-VLC-CV09,C,moda_belleza,Moda y Belleza,6196.79
2024-10-01,RN-VLC-CV09,C,hogar_electronica,"Hogar, Electrónica y Electrodomésticos",13009.11
2024-10-01,RN-VLC-CV09,C,alimentacion_hosteleria,Alimentación y Hostelería,117510.76
2024-10-01,RN-VLC-ES01,C,moda_belleza,Moda y Belleza,193874.97
2024-10-01,RN-VLC-ES01,C,hogar_electronica,"Hogar, Electrónica y Electrodomésticos",30833.89
2024-10-01,RN-VLC-ES01,C,alimentacion_hosteleria,Alimentación y Hostelería,5898.1
2024-10-01,RN-VLC-ES02,C,moda_belleza,Moda y Belleza,142769.34
2024-10-01,RN-VLC-ES02,C,hogar_electronica,"Hogar, Electrónica y Electrodomésticos",22706.04
2024-10-01,RN-VLC-ES02,C,alimentacion_hosteleria,Alimentación y Hostelería,4343.35
2024-10-01,RN-VLC-ES03,C,moda_belleza,Moda y Belleza,158065.76
2024-10-01,RN-VLC-ES03,C,hogar_electronica,"Hogar, Electrónica y Electrodomésticos",25138.79
2024-10-01,RN-VLC-ES03,C,alimentacion_hosteleria,Alimentación y Hostelería,4808.7
2024-10-01,RN-VLC-ES04,C,moda_belleza,Moda y Belleza,177875.03
2024-10-01,RN-VLC-ES04,C,hogar_electronica,"Hogar, Electrónica y Electrodomésticos",28289.25
2024-10-01,RN-VLC-ES04,C,alimentacion_hosteleria,Alimentación y Hostelería,5411.34
2024-10-01,RN-VLC-ES05,C,moda_belleza,Moda y Belleza,171186.11
2024-10-01,RN-VLC-ES05,C,hogar_electronica,"Hogar, Electrónica y Electrodomésticos",27225.45
2024-10-01,RN-VLC-ES05,C,alimentacion_hosteleria,Alimentación y Hostelería,5207.85
2024-10-01,RN-VLC-ES06,C,moda_belleza,Moda y Belleza,138068.17
2024-10-01,RN-VLC-ES06,C,hogar_electronica,"Hogar, Electrónica y Electrodomésticos",21958.37
2024-10-01,RN-VLC-ES06,C,alimentacion_hosteleria,Alimentación y Hostelería,4200.33
2024-10-01,RN-VLC-ES07,C,moda_belleza,Moda y Belleza,167074.26
2024-10-01,RN-VLC-ES07,C,hogar_electronica,"Hogar, Electrónica y Electrodomésticos",26571.5
2024-10-01,RN-VLC-ES07,C,alimentacion_hosteleria,Alimentación y Hostelería,5082.76
2024-10-01,RN-VLC-ES08,C,moda_belleza,Moda y Belleza,193932.71
2024-10-01,RN-VLC-ES08,C,hogar_electronica,"Hogar, Electrónica y Electrodomésticos",30843.07
2024-10-01,RN-VLC-ES08,C,alimentacion_hosteleria,Alimentación y Hostelería,5899.85
2024-10-01,RN-VLC-ES09,C,moda_belleza,Moda y Belleza,171305.77
2024-10-01,RN-VLC-ES09,C,hogar_electronica,"Hogar, Electrónica y Electrodomésticos",27244.48
2024-10-01,RN-VLC-ES09,C,alimentacion_hosteleria,Alimentación y Hostelería,5211.49
2024-10-01,RN-VLC-ES10,C,moda_belleza,Moda y Belleza,153739.74
2024-10-01,RN-VLC-ES10,C,hogar_electronica,"Hogar, Electrónica y Electrodomésticos",24450.78
2024-10-01,RN-VLC-ES10,C,alimentacion_hosteleria,Alimentación y Hostelería,4677.1
2024-10-01,RN-VLC-GA01,C,moda_belleza,Moda y Belleza,1202744.82
2024-10-01,RN-VLC-GA01,C,hogar_electronica,"Hogar, Electrónica y Electrodomésticos",1390555.88
2024-10-01,RN-VLC-GA01,C,alimentacion_hosteleria,Alimentación y Hostelería,559987.74
2024-10-01,RN-VLC-HI01,C,moda_belleza,Moda y Belleza,48739.0
2024-10-01,RN-VLC-HI01,C,hogar_electronica,"Hogar, Electrónica y Electrodomésticos",119372.37
2024-10-01,RN-VLC-HI01,C,alimentacion_hosteleria,Alimentación y Hostelería,636098.05
2024-10-01,RN-VLC-HI02,C,moda_belleza,Moda y Belleza,51700.88
2024-10-01,RN-VLC-HI02,C,hogar_electronica,"Hogar, Electrónica y Electrodomésticos",126626.67
2024-10-01,RN-VLC-HI02,C,alimentacion_hosteleria,Alimentación y Hostelería,674753.93
2024-10-01,RN-VLC-HI03,C,moda_belleza,Moda y Belleza,53431.12
2024-10-01,RN-VLC-HI03,C,hogar_electronica,"Hogar, Electrónica y Electrodomésticos",130864.4
2024-10-01,RN-VLC-HI03,C,alimentacion_hosteleria,Alimentación y Hostelería,697335.47
2024-10-01,RN-VLC-HI04,C,moda_belleza,Moda y Belleza,47419.27
2024-10-01,RN-VLC-HI04,C,hogar_electronica,"Hogar, Electrónica y Electrodomésticos",116140.07
2024-10-01,RN-VLC-HI04,C,alimentacion_hosteleria,Alimentación y Hostelería,618874.13
2024-10-01,RN-VLC-HI05,C,moda_belleza,Moda y Belleza,52882.55
2024-10-01,RN-VLC-HI05,C,hogar_electronica,"Hogar, Electrónica y Electrodomésticos",129520.83
2024-10-01,RN-VLC-HI05,C,alimentacion_hosteleria,Alimentación y Hostelería,690176.02
2024-10-01,RN-VLC-HI06,C,moda_belleza,Moda y Belleza,49654.98
2024-10-01,RN-VLC-HI06,C,hogar_electronica,"Hogar, Electrónica y Electrodomésticos",121615.82
2024-10-01,RN-VLC-HI06,C,alimentacion_hosteleria,Alimentación y Hostelería,648052.72
2024-10-01,RN-VLC-HI07,C,moda_belleza,Moda y Belleza,40490.11
2024-10-01,RN-VLC-HI07,C,hogar_electronica,"Hogar, Electrónica y Electrodomésticos",99169.06
2024-10-01,RN-VLC-HI07,C,alimentacion_hosteleria,Alimentación y Hostelería,528440.93
2024-11-01,RN-BCN-CV01,B,moda_belleza,Moda y Belleza,11668.47
2024-11-01,RN-BCN-CV01,B,hogar_electronica,"Hogar, Electrónica y Electrodomésticos",25785.94
2024-11-01,RN-BCN-CV01,B,alimentacion_hosteleria,Alimentación y Hostelería,145003.44
2024-11-01,RN-BCN-CV02,B,moda_belleza,Moda y Belleza,13478.04
2024-11-01,RN-BCN-CV02,B,hogar_electronica,"Hogar, Electrónica y Electrodomésticos",29784.87
2024-11-01,RN-BCN-CV02,B,alimentacion_hosteleria,Alimentación y Hostelería,167490.84
2024-11-01,RN-BCN-CV03,B,moda_belleza,Moda y Belleza,14173.28
2024-11-01,RN-BCN-CV03,B,hogar_electronica,"Hogar, Electrónica y Electrodomésticos",31321.25
2024-11-01,RN-BCN-CV03,B,alimentacion_hosteleria,Alimentación y Hostelería,176130.49
2024-11-01,RN-BCN-CV04,B,moda_belleza,Moda y Belleza,10518.44
2024-11-01,RN-BCN-CV04,B,hogar_electronica,"Hogar, Electrónica y Electrodomésticos",23244.49
2024-11-01,RN-BCN-CV04,B,alimentacion_hosteleria,Alimentación y Hostelería,130712.0
2024-11-01,RN-BCN-CV05,B,moda_belleza,Moda y Belleza,11086.05
2024-11-01,RN-BCN-CV05,B,hogar_electronica,"Hogar, Electrónica y Electrodomésticos",24498.84
2024-11-01,RN-BCN-CV05,B,alimentacion_hosteleria,Alimentación y Hostelería,137765.67
2024-11-01,RN-BCN-CV06,B,moda_belleza,Moda y Belleza,11398.83
2024-11-01,RN-BCN-CV06,B,hogar_electronica,"Hogar, Electrónica y Electrodomésticos",25190.07
2024-11-01,RN-BCN-CV06,B,alimentacion_hosteleria,Alimentación y Hostelería,141652.66
2024-11-01,RN-BCN-CV07,B,moda_belleza,Moda y Belleza,11769.91
2024-11-01,RN-BCN-CV07,B,hogar_electronica,"Hogar, Electrónica y Electrodomésticos",26010.09
2024-11-01,RN-BCN-CV07,B,alimentacion_hosteleria,Alimentación y Hostelería,146263.94
2024-11-01,RN-BCN-CV08,B,moda_belleza,Moda y Belleza,11879.0
2024-11-01,RN-BCN-CV08,B,hogar_electronica,"Hogar, Electrónica y Electrodomésticos",26251.18
2024-11-01,RN-BCN-CV08,B,alimentacion_hosteleria,Alimentación y Hostelería,147619.67
2024-11-01,RN-BCN-ES01,B,moda_belleza,Moda y Belleza,228526.84
2024-11-01,RN-BCN-ES01,B,hogar_electronica,"Hogar, Electrónica y Electrodomésticos",38258.87
2024-11-01,RN-BCN-ES01,B,alimentacion_hosteleria,Alimentación y Hostelería,4555.97
2024-11-01,RN-BCN-ES02,B,moda_belleza,Moda y Belleza,262749.64
2024-11-01,RN-BCN-ES02,B,hogar_electronica,"Hogar, Electrónica y Electrodomésticos",43988.29
2024-11-01,RN-BCN-ES02,B,alimentacion_hosteleria,Alimentación y Hostelería,5238.25
2024-11-01,RN-BCN-ES03,B,moda_belleza,Moda y Belleza,277690.42
2024-11-01,RN-BCN-ES03,B,hogar_electronica,"Hogar, Electrónica y Electrodomésticos",46489.6
2024-11-01,RN-BCN-ES03,B,alimentacion_hosteleria,Alimentación y Hostelería,5536.11
2024-11-01,RN-BCN-ES04,B,moda_belleza,Moda y Belleza,263575.2
2024-11-01,RN-BCN-ES04,B,hogar_electronica,"Hogar, Electrónica y Electrodomésticos",44126.5
2024-11-01,RN-BCN-ES04,B,alimentacion_hosteleria,Alimentación y Hostelería,5254.71
2024-11-01,RN-BCN-ES05,B,moda_belleza,Moda y Belleza,279848.39
2024-11-01,RN-BCN-ES05,B,hogar_electronica,"Hogar, Electrónica y Electrodomésticos",46850.88
2024-11-01,RN-BCN-ES05,B,alimentacion_hosteleria,Alimentación y Hostelería,5579.13
2024-11-01,RN-BCN-ES06,B,moda_belleza,Moda y Belleza,276109.98
2024-11-01,RN-BCN-ES06,B,hogar_electronica,"Hogar, Electrónica y Electrodomésticos",46225.01
2024-11-01,RN-BCN-ES06,B,alimentacion_hosteleria,Alimentación y Hostelería,5504.6
2024-11-01,RN-BCN-ES07,B,moda_belleza,Moda y Belleza,265614.86
2024-11-01,RN-BCN-ES07,B,hogar_electronica,"Hogar, Electrónica y Electrodomésticos",44467.97
2024-11-01,RN-BCN-ES07,B,alimentacion_hosteleria,Alimentación y Hostelería,5295.37
2024-11-01,RN-BCN-ES08,B,moda_belleza,Moda y Belleza,211146.41
2024-11-01,RN-BCN-ES08,B,hogar_electronica,"Hogar, Electrónica y Electrodomésticos",35349.12
2024-11-01,RN-BCN-ES08,B,alimentacion_hosteleria,Alimentación y Hostelería,4209.47
2024-11-01,RN-BCN-ES09,B,moda_belleza,Moda y Belleza,276582.26
2024-11-01,RN-BCN-ES09,B,hogar_electronica,"Hogar, Electrónica y Electrodomésticos",46304.08
2024-11-01,RN-BCN-ES09,B,alimentacion_hosteleria,Alimentación y Hostelería,5514.02
2024-11-01,RN-BCN-ES10,B,moda_belleza,Moda y Belleza,246587.38
2024-11-01,RN-BCN-ES10,B,hogar_electronica,"Hogar, Electrónica y Electrodomésticos",41282.48
2024-11-01,RN-BCN-ES10,B,alimentacion_hosteleria,Alimentación y Hostelería,4916.03
2024-11-01,RN-BCN-ES11,B,moda_belleza,Moda y Belleza,259143.56
2024-11-01,RN-BCN-ES11,B,hogar_electronica,"Hogar, Electrónica y Electrodomésticos",43384.58
2024-11-01,RN-BCN-ES11,B,alimentacion_hosteleria,Alimentación y Hostelería,5166.36
2024-11-01,RN-BCN-ES12,B,moda_belleza,Moda y Belleza,236670.84
2024-11-01,RN-BCN-ES12,B,hogar_electronica,"Hogar, Electrónica y Electrodomésticos",39622.3
2024-11-01,RN-BCN-ES12,B,alimentacion_hosteleria,Alimentación y Hostelería,4718.33
2024-11-01,RN-BCN-ES13,B,moda_belleza,Moda y Belleza,274728.62
2024-11-01,RN-BCN-ES13,B,hogar_electronica,"Hogar, Electrónica y Electrodomésticos",45993.75
2024-11-01,RN-BCN-ES13,B,alimentacion_hosteleria,Alimentación y Hostelería,5477.06
2024-11-01,RN-BCN-ES14,B,moda_belleza,Moda y Belleza,290441.17
2024-11-01,RN-BCN-ES14,B,hogar_electronica,"Hogar, Electrónica y Electrodomésticos",48624.27
2024-11-01,RN-BCN-ES14,B,alimentacion_hosteleria,Alimentación y Hostelería,5790.31
2024-11-01,RN-BCN-GA01,B,moda_belleza,Moda y Belleza,1863227.69
2024-11-01,RN-BCN-GA01,B,hogar_electronica,"Hogar, Electrónica y Electrodomésticos",2267614.97
2024-11-01,RN-BCN-GA01,B,alimentacion_hosteleria,Alimentación y Hostelería,568492.44
2024-11-01,RN-BCN-GA02,B,moda_belleza,Moda y Belleza,2132922.33
2024-11-01,RN-BCN-GA02,B,hogar_electronica,"Hogar, Electrónica y Electrodomésticos",2595843.02
2024-11-01,RN-BCN-GA02,B,alimentacion_hosteleria,Alimentación y Hostelería,650779.42
2024-11-01,RN-BCN-HI01,B,moda_belleza,Moda y Belleza,62827.96
2024-11-01,RN-BCN-HI01,B,hogar_electronica,"Hogar, Electrónica y Electrodomésticos",161982.71
2024-11-01,RN-BCN-HI01,B,alimentacion_hosteleria,Alimentación y Hostelería,537346.25
2024-11-01,RN-BCN-HI02,B,moda_belleza,Moda y Belleza,93100.06
2024-11-01,RN-BCN-HI02,B,hogar_electronica,"Hogar, Electrónica y Electrodomésticos",240030.05
2024-11-01,RN-BCN-HI02,B,alimentacion_hosteleria,Alimentación y Hostelería,796253.17
2024-11-01,RN-BCN-HI03,B,moda_belleza,Moda y Belleza,63746.1
2024-11-01,RN-BCN-HI03,B,hogar_electronica,"Hogar, Electrónica y Electrodomésticos",164349.85
2024-11-01,RN-BCN-HI03,B,alimentacion_hosteleria,Alimentación y Hostelería,545198.78
2024-11-01,RN-BCN-HI04,B,moda_belleza,Moda y Belleza,81323.69
2024-11-01,RN-BCN-HI04,B,hogar_electronica,"Hogar, Electrónica y Electrodomésticos",209668.28
2024-11-01,RN-BCN-HI04,B,alimentacion_hosteleria,Alimentación y Hostelería,695533.88
2024-11-01,RN-BIO-CV01,E,moda_belleza,Moda y Belleza,12042.29
2024-11-01,RN-BIO-CV01,E,hogar_electronica,"Hogar, Electrónica y Electrodomésticos",32013.32
2024-11-01,RN-BIO-CV01,E,alimentacion_hosteleria,Alimentación y Hostelería,161745.04
2024-11-01,RN-BIO-CV02,E,moda_belleza,Moda y Belleza,11701.01
2024-11-01,RN-BIO-CV02,E,hogar_electronica,"Hogar, Electrónica y Electrodomésticos",31106.05
2024-11-01,RN-BIO-CV02,E,alimentacion_hosteleria,Alimentación y Hostelería,157161.13
2024-11-01,RN-BIO-CV03,E,moda_belleza,Moda y Belleza,11048.22
2024-11-01,RN-BIO-CV03,E,hogar_electronica,"Hogar, Electrónica y Electrodomésticos",29370.66
2024-11-01,RN-BIO-CV03,E,alimentacion_hosteleria,Alimentación y Hostelería,148393.21
2024-11-01,RN-BIO-CV04,E,moda_belleza,Moda y Belleza,12573.58
2024-11-01,RN-BIO-CV04,E,hogar_electronica,"Hogar, Electrónica y Electrodomésticos",33425.7
2024-11-01,RN-BIO-CV04,E,alimentacion_hosteleria,Alimentación y Hostelería,168881.0
2024-11-01,RN-BIO-ES01,E,moda_belleza,Moda y Belleza,221976.95
2024-11-01,RN-BIO-ES01,E,hogar_electronica,"Hogar, Electrónica y Electrodomésticos",44704.94
2024-11-01,RN-BIO-ES01,E,alimentacion_hosteleria,Alimentación y Hostelería,4783.1
2024-11-01,RN-BIO-ES02,E,moda_belleza,Moda y Belleza,202777.64
2024-11-01,RN-BIO-ES02,E,hogar_electronica,"Hogar, Electrónica y Electrodomésticos",40838.3
2024-11-01,RN-BIO-ES02,E,alimentacion_hosteleria,Alimentación y Hostelería,4369.4
2024-11-01,RN-BIO-ES03,E,moda_belleza,Moda y Belleza,309855.33
2024-11-01,RN-BIO-ES03,E,hogar_electronica,"Hogar, Electrónica y Electrodomésticos",62403.16
2024-11-01,RN-BIO-ES03,E,alimentacion_hosteleria,Alimentación y Hostelería,6676.68
2024-11-01,RN-BIO-ES04,E,moda_belleza,Moda y Belleza,263927.77
2024-11-01,RN-BIO-ES04,E,hogar_electronica,"Hogar, Electrónica y Electrodomésticos",53153.6
2024-11-01,RN-BIO-ES04,E,alimentacion_hosteleria,Alimentación y Hostelería,5687.04
2024-11-01,RN-BIO-ES05,E,moda_belleza,Moda y Belleza,254576.26
2024-11-01,RN-BIO-ES05,E,hogar_electronica,"Hogar, Electrónica y Electrodomésticos",51270.26
2024-11-01,RN-BIO-ES05,E,alimentacion_hosteleria,Alimentación y Hostelería,5485.54
2024-11-01,RN-BIO-ES06,E,moda_belleza,Moda y Belleza,311430.78
2024-11-01,RN-BIO-ES06,E,hogar_electronica,"Hogar, Electrónica y Electrodomésticos",62720.44
2024-11-01,RN-BIO-ES06,E,alimentacion_hosteleria,Alimentación y Hostelería,6710.63
2024-11-01,RN-BIO-ES07,E,moda_belleza,Moda y Belleza,249225.52
2024-11-01,RN-BIO-ES07,E,hogar_electronica,"Hogar, Electrónica y Electrodomésticos",50192.65
2024-11-01,RN-BIO-ES07,E,alimentacion_hosteleria,Alimentación y Hostelería,5370.24
2024-11-01,RN-BIO-GA01,E,moda_belleza,Moda y Belleza,1211440.32
2024-11-01,RN-BIO-GA01,E,hogar_electronica,"Hogar, Electrónica y Electrodomésticos",1773609.69
2024-11-01,RN-BIO-GA01,E,alimentacion_hosteleria,Alimentación y Hostelería,399501.44
2024-11-01,RN-BIO-HI01,E,moda_belleza,Moda y Belleza,77945.8
2024-11-01,RN-BIO-HI01,E,hogar_electronica,"Hogar, Electrónica y Electrodomésticos",241746.97
2024-11-01,RN-BIO-HI01,E,alimentacion_hosteleria,Alimentación y Hostelería,720529.09
2024-11-01,RN-BIO-HI02,E,moda_belleza,Moda y Belleza,54639.02
2024-11-01,RN-BIO-HI02,E,hogar_electronica,"Hogar, Electrónica y Electrodomésticos",169461.56
2024-11-01,RN-BIO-HI02,E,alimentacion_hosteleria,Alimentación y Hostelería,505081.75
2024-11-01,RN-MAD-CV01,A,moda_belleza,Moda y Belleza,12466.79
2024-11-01,RN-MAD-CV01,A,hogar_electronica,"Hogar, Electrónica y Electrodomésticos",24524.38
2024-11-01,RN-MAD-CV01,A,alimentacion_hosteleria,Alimentación y Hostelería,149395.28
2024-11-01,RN-MAD-CV02,A,moda_belleza,Moda y Belleza,13094.79
2024-11-01,RN-MAD-CV02,A,hogar_electronica,"Hogar, Electrónica y Electrodomésticos",25759.77
2024-11-01,RN-MAD-CV02,A,alimentacion_hosteleria,Alimentación y Hostelería,156920.88
2024-11-01,RN-MAD-CV03,A,moda_belleza,Moda y Belleza,12715.75
2024-11-01,RN-MAD-CV03,A,hogar_electronica,"Hogar, Electrónica y Electrodomésticos",25014.13
2024-11-01,RN-MAD-CV03,A,alimentacion_hosteleria,Alimentación y Hostelería,152378.66
2024-11-01,RN-MAD-CV04,A,moda_belleza,Moda y Belleza,13914.94
2024-11-01,RN-MAD-CV04,A,hogar_electronica,"Hogar, Electrónica y Electrodomésticos",27373.16
2024-11-01,RN-MAD-CV04,A,alimentacion_hosteleria,Alimentación y Hostelería,166749.19
2024-11-01,RN-MAD-CV05,A,moda_belleza,Moda y Belleza,10755.54
2024-11-01,RN-MAD-CV05,A,hogar_electronica,"Hogar, Electrónica y Electrodomésticos",21158.06
2024-11-01,RN-MAD-CV05,A,alimentacion_hosteleria,Alimentación y Hostelería,128888.62
2024-11-01,RN-MAD-CV06,A,moda_belleza,Moda y Belleza,12333.26
2024-11-01,RN-MAD-CV06,A,hogar_electronica,"Hogar, Electrónica y Electrodomésticos",24261.7
2024-11-01,RN-MAD-CV06,A,alimentacion_hosteleria,Alimentación y Hostelería,147795.12
2024-11-01,RN-MAD-CV07,A,moda_belleza,Moda y Belleza,11922.69
2024-11-01,RN-MAD-CV07,A,hogar_electronica,"Hogar, Electrónica y Electrodomésticos",23454.04
2024-11-01,RN-MAD-CV07,A,alimentacion_hosteleria,Alimentación y Hostelería,142875.07
2024-11-01,RN-MAD-CV08,A,moda_belleza,Moda y Belleza,15057.13
2024-11-01,RN-MAD-CV08,A,hogar_electronica,"Hogar, Electrónica y Electrodomésticos",29620.05
2024-11-01,RN-MAD-CV08,A,alimentacion_hosteleria,Alimentación y Hostelería,180436.56
2024-11-01,RN-MAD-CV09,A,moda_belleza,Moda y Belleza,14574.03
2024-11-01,RN-MAD-CV09,A,hogar_electronica,"Hogar, Electrónica y Electrodomésticos",28669.7
2024-11-01,RN-MAD-CV09,A,alimentacion_hosteleria,Alimentación y Hostelería,174647.31
2024-11-01,RN-MAD-CV10,A,moda_belleza,Moda y Belleza,13816.91
2024-11-01,RN-MAD-CV10,A,hogar_electronica,"Hogar, Electrónica y Electrodomésticos",27180.31
2024-11-01,RN-MAD-CV10,A,alimentacion_hosteleria,Alimentación y Hostelería,165574.43
2024-11-01,RN-MAD-ES01,A,moda_belleza,Moda y Belleza,333649.71
2024-11-01,RN-MAD-ES01,A,hogar_electronica,"Hogar, Electrónica y Electrodomésticos",49723.34
2024-11-01,RN-MAD-ES01,A,alimentacion_hosteleria,Alimentación y Hostelería,6414.35
2024-11-01,RN-MAD-ES02,A,moda_belleza,Moda y Belleza,229590.39
2024-11-01,RN-MAD-ES02,A,hogar_electronica,"Hogar, Electrónica y Electrodomésticos",34215.53
2024-11-01,RN-MAD-ES02,A,alimentacion_hosteleria,Alimentación y Hostelería,4413.83
2024-11-01,RN-MAD-ES03,A,moda_belleza,Moda y Belleza,294392.64
2024-11-01,RN-MAD-ES03,A,hogar_electronica,"Hogar, Electrónica y Electrodomésticos",43872.92
2024-11-01,RN-MAD-ES03,A,alimentacion_hosteleria,Alimentación y Hostelería,5659.64
2024-11-01,RN-MAD-ES04,A,moda_belleza,Moda y Belleza,282342.93
2024-11-01,RN-MAD-ES04,A,hogar_electronica,"Hogar, Electrónica y Electrodomésticos",42077.17
2024-11-01,RN-MAD-ES04,A,alimentacion_hosteleria,Alimentación y Hostelería,5427.99
2024-11-01,RN-MAD-ES05,A,moda_belleza,Moda y Belleza,254347.75
2024-11-01,RN-MAD-ES05,A,hogar_electronica,"Hogar, Electrónica y Electrodomésticos",37905.08
2024-11-01,RN-MAD-ES05,A,alimentacion_hosteleria,Alimentación y Hostelería,4889.79
2024-11-01,RN-MAD-ES06,A,moda_belleza,Moda y Belleza,290879.08
2024-11-01,RN-MAD-ES06,A,hogar_electronica,"Hogar, Electrónica y Electrodomésticos",43349.3
2024-11-01,RN-MAD-ES06,A,alimentacion_hosteleria,Alimentación y Hostelería,5592.09
2024-11-01,RN-MAD-ES07,A,moda_belleza,Moda y Belleza,307381.58
2024-11-01,RN-MAD-ES07,A,hogar_electronica,"Hogar, Electrónica y Electrodomésticos",45808.64
2024-11-01,RN-MAD-ES07,A,alimentacion_hosteleria,Alimentación y Hostelería,5909.35
2024-11-01,RN-MAD-ES08,A,moda_belleza,Moda y Belleza,307452.09
2024-11-01,RN-MAD-ES08,A,hogar_electronica,"Hogar, Electrónica y Electrodomésticos",45819.15
2024-11-01,RN-MAD-ES08,A,alimentacion_hosteleria,Alimentación y Hostelería,5910.71
2024-11-01,RN-MAD-ES09,A,moda_belleza,Moda y Belleza,284611.89
2024-11-01,RN-MAD-ES09,A,hogar_electronica,"Hogar, Electrónica y Electrodomésticos",42415.31
2024-11-01,RN-MAD-ES09,A,alimentacion_hosteleria,Alimentación y Hostelería,5471.61
2024-11-01,RN-MAD-ES10,A,moda_belleza,Moda y Belleza,289164.94
2024-11-01,RN-MAD-ES10,A,hogar_electronica,"Hogar, Electrónica y Electrodomésticos",43093.84
2024-11-01,RN-MAD-ES10,A,alimentacion_hosteleria,Alimentación y Hostelería,5559.14
2024-11-01,RN-MAD-ES11,A,moda_belleza,Moda y Belleza,244850.45
2024-11-01,RN-MAD-ES11,A,hogar_electronica,"Hogar, Electrónica y Electrodomésticos",36489.72
2024-11-01,RN-MAD-ES11,A,alimentacion_hosteleria,Alimentación y Hostelería,4707.2
2024-11-01,RN-MAD-ES12,A,moda_belleza,Moda y Belleza,303345.6
2024-11-01,RN-MAD-ES12,A,hogar_electronica,"Hogar, Electrónica y Electrodomésticos",45207.16
2024-11-01,RN-MAD-ES12,A,alimentacion_hosteleria,Alimentación y Hostelería,5831.76
2024-11-01,RN-MAD-ES13,A,moda_belleza,Moda y Belleza,303553.72
2024-11-01,RN-MAD-ES13,A,hogar_electronica,"Hogar, Electrónica y Electrodomésticos",45238.18
2024-11-01,RN-MAD-ES13,A,alimentacion_hosteleria,Alimentación y Hostelería,5835.76
2024-11-01,RN-MAD-ES14,A,moda_belleza,Moda y Belleza,229502.23
2024-11-01,RN-MAD-ES14,A,hogar_electronica,"Hogar, Electrónica y Electrodomésticos",34202.39
2024-11-01,RN-MAD-ES14,A,alimentacion_hosteleria,Alimentación y Hostelería,4412.14
2024-11-01,RN-MAD-ES15,A,moda_belleza,Moda y Belleza,262042.91
2024-11-01,RN-MAD-ES15,A,hogar_electronica,"Hogar, Electrónica y Electrodomésticos",39051.88
2024-11-01,RN-MAD-ES15,A,alimentacion_hosteleria,Alimentación y Hostelería,5037.72
2024-11-01,RN-MAD-ES16,A,moda_belleza,Moda y Belleza,278041.96
2024-11-01,RN-MAD-ES16,A,hogar_electronica,"Hogar, Electrónica y Electrodomésticos",41436.2
2024-11-01,RN-MAD-ES16,A,alimentacion_hosteleria,Alimentación y Hostelería,5345.3
2024-11-01,RN-MAD-ES17,A,moda_belleza,Moda y Belleza,289283.21
2024-11-01,RN-MAD-ES17,A,hogar_electronica,"Hogar, Electrónica y Electrodomésticos",43111.47
2024-11-01,RN-MAD-ES17,A,alimentacion_hosteleria,Alimentación y Hostelería,5561.41
2024-11-01,RN-MAD-ES18,A,moda_belleza,Moda y Belleza,323884.01
2024-11-01,RN-MAD-ES18,A,hogar_electronica,"Hogar, Electrónica y Electrodomésticos",48267.97
2024-11-01,RN-MAD-ES18,A,alimentacion_hosteleria,Alimentación y Hostelería,6226.61
2024-11-01,RN-MAD-ES19,A,moda_belleza,Moda y Belleza,306379.7
2024-11-01,RN-MAD-ES19,A,hogar_electronica,"Hogar, Electrónica y Electrodomésticos",45659.33
2024-11-01,RN-MAD-ES19,A,alimentacion_hosteleria,Alimentación y Hostelería,5890.09
2024-11-01,RN-MAD-ES20,A,moda_belleza,Moda y Belleza,291506.35
2024-11-01,RN-MAD-ES20,A,hogar_electronica,"Hogar, Electrónica y Electrodomésticos",43442.78
2024-11-01,RN-MAD-ES20,A,alimentacion_hosteleria,Alimentación y Hostelería,5604.15
2024-11-01,RN-MAD-GA01,A,moda_belleza,Moda y Belleza,2765459.21
2024-11-01,RN-MAD-GA01,A,hogar_electronica,"Hogar, Electrónica y Electrodomésticos",2996023.79
2024-11-01,RN-MAD-GA01,A,alimentacion_hosteleria,Alimentación y Hostelería,813661.99
2024-11-01,RN-MAD-GA02,A,moda_belleza,Moda y Belleza,1755214.12
2024-11-01,RN-MAD-GA02,A,hogar_electronica,"Hogar, Electrónica y Electrodomésticos",1901551.56
2024-11-01,RN-MAD-GA02,A,alimentacion_hosteleria,Alimentación y Hostelería,516424.55
2024-11-01,RN-MAD-GA03,A,moda_belleza,Moda y Belleza,2100317.91
2024-11-01,RN-MAD-GA03,A,hogar_electronica,"Hogar, Electrónica y Electrodomésticos",2275427.68
2024-11-01,RN-MAD-GA03,A,alimentacion_hosteleria,Alimentación y Hostelería,617962.06
2024-11-01,RN-MAD-HI01,A,moda_belleza,Moda y Belleza,86540.08
2024-11-01,RN-MAD-HI01,A,hogar_electronica,"Hogar, Electrónica y Electrodomésticos",198612.95
2024-11-01,RN-MAD-HI01,A,alimentacion_hosteleria,Alimentación y Hostelería,713734.21
2024-11-01,RN-MAD-HI02,A,moda_belleza,Moda y Belleza,77204.29
2024-11-01,RN-MAD-HI02,A,hogar_electronica,"Hogar, Electrónica y Electrodomésticos",177186.94
2024-11-01,RN-MAD-HI02,A,alimentacion_hosteleria,Alimentación y Hostelería,636737.86
2024-11-01,RN-MAD-HI03,A,moda_belleza,Moda y Belleza,85912.54
2024-11-01,RN-MAD-HI03,A,hogar_electronica,"Hogar, Electrónica y Electrodomésticos",197172.73
2024-11-01,RN-MAD-HI03,A,alimentacion_hosteleria,Alimentación y Hostelería,708558.66
2024-11-01,RN-MAD-HI04,A,moda_belleza,Moda y Belleza,93711.88
2024-11-01,RN-MAD-HI04,A,hogar_electronica,"Hogar, Electrónica y Electrodomésticos",215072.52
2024-11-01,RN-MAD-HI04,A,alimentacion_hosteleria,Alimentación y Hostelería,772883.21
2024-11-01,RN-MAD-HI05,A,moda_belleza,Moda y Belleza,88043.12
2024-11-01,RN-MAD-HI05,A,hogar_electronica,"Hogar, Electrónica y Electrodomésticos",202062.49
2024-11-01,RN-MAD-HI05,A,alimentacion_hosteleria,Alimentación y Hostelería,726130.48
2024-11-01,RN-SEV-CV01,D,moda_belleza,Moda y Belleza,11386.86
2024-11-01,RN-SEV-CV01,D,hogar_electronica,"Hogar, Electrónica y Electrodomésticos",33341.69
2024-11-01,RN-SEV-CV01,D,alimentacion_hosteleria,Alimentación y Hostelería,110274.22
2024-11-01,RN-SEV-CV02,D,moda_belleza,Moda y Belleza,13616.83
2024-11-01,RN-SEV-CV02,D,hogar_electronica,"Hogar, Electrónica y Electrodomésticos",39871.24
2024-11-01,RN-SEV-CV02,D,alimentacion_hosteleria,Alimentación y Hostelería,131870.04
2024-11-01,RN-SEV-CV03,D,moda_belleza,Moda y Belleza,11190.01
2024-11-01,RN-SEV-CV03,D,hogar_electronica,"Hogar, Electrónica y Electrodomésticos",32765.31
2024-11-01,RN-SEV-CV03,D,alimentacion_hosteleria,Alimentación y Hostelería,108367.92
2024-11-01,RN-SEV-CV04,D,moda_belleza,Moda y Belleza,10385.48
2024-11-01,RN-SEV-CV04,D,hogar_electronica,"Hogar, Electrónica y Electrodomésticos",30409.56
2024-11-01,RN-SEV-CV04,D,alimentacion_hosteleria,Alimentación y Hostelería,100576.52
2024-11-01,RN-SEV-CV05,D,moda_belleza,Moda y Belleza,10197.46
2024-11-01,RN-SEV-CV05,D,hogar_electronica,"Hogar, Electrónica y Electrodomésticos",29859.02
2024-11-01,RN-SEV-CV05,D,alimentacion_hosteleria,Alimentación y Hostelería,98755.65
2024-11-01,RN-SEV-CV06,D,moda_belleza,Moda y Belleza,11605.24
2024-11-01,RN-SEV-CV06,D,hogar_electronica,"Hogar, Electrónica y Electrodomésticos",33981.13
2024-11-01,RN-SEV-CV06,D,alimentacion_hosteleria,Alimentación y Hostelería,112389.1
2024-11-01,RN-SEV-CV07,D,moda_belleza,Moda y Belleza,11375.22
2024-11-01,RN-SEV-CV07,D,hogar_electronica,"Hogar, Electrónica y Electrodomésticos",33307.6
2024-11-01,RN-SEV-CV07,D,alimentacion_hosteleria,Alimentación y Hostelería,110161.48
2024-11-01,RN-SEV-CV08,D,moda_belleza,Moda y Belleza,12860.26
2024-11-01,RN-SEV-CV08,D,hogar_electronica,"Hogar, Electrónica y Electrodomésticos",37655.94
2024-11-01,RN-SEV-CV08,D,alimentacion_hosteleria,Alimentación y Hostelería,124543.16
2024-11-01,RN-SEV-CV09,D,moda_belleza,Moda y Belleza,12466.27
2024-11-01,RN-SEV-CV09,D,hogar_electronica,"Hogar, Electrónica y Electrodomésticos",36502.29
2024-11-01,RN-SEV-CV09,D,alimentacion_hosteleria,Alimentación y Hostelería,120727.58
2024-11-01,RN-SEV-CV10,D,moda_belleza,Moda y Belleza,12023.0
2024-11-01,RN-SEV-CV10,D,hogar_electronica,"Hogar, Electrónica y Electrodomésticos",35204.37
2024-11-01,RN-SEV-CV10,D,alimentacion_hosteleria,Alimentación y Hostelería,116434.86
2024-11-01,RN-SEV-ES01,D,moda_belleza,Moda y Belleza,232701.22
2024-11-01,RN-SEV-ES01,D,hogar_electronica,"Hogar, Electrónica y Electrodomésticos",51618.86
2024-11-01,RN-SEV-ES01,D,alimentacion_hosteleria,Alimentación y Hostelería,3615.33
2024-11-01,RN-SEV-ES02,D,moda_belleza,Moda y Belleza,204678.04
2024-11-01,RN-SEV-ES02,D,hogar_electronica,"Hogar, Electrónica y Electrodomésticos",45402.63
2024-11-01,RN-SEV-ES02,D,alimentacion_hosteleria,Alimentación y Hostelería,3179.96
2024-11-01,RN-SEV-ES03,D,moda_belleza,Moda y Belleza,217713.82
2024-11-01,RN-SEV-ES03,D,hogar_electronica,"Hogar, Electrónica y Electrodomésticos",48294.29
2024-11-01,RN-SEV-ES03,D,alimentacion_hosteleria,Alimentación y Hostelería,3382.48
2024-11-01,RN-SEV-ES04,D,moda_belleza,Moda y Belleza,180328.48
2024-11-01,RN-SEV-ES04,D,hogar_electronica,"Hogar, Electrónica y Electrodomésticos",40001.3
2024-11-01,RN-SEV-ES04,D,alimentacion_hosteleria,Alimentación y Hostelería,2801.65
2024-11-01,RN-SEV-ES05,D,moda_belleza,Moda y Belleza,173307.59
2024-11-01,RN-SEV-ES05,D,hogar_electronica,"Hogar, Electrónica y Electrodomésticos",38443.89
2024-11-01,RN-SEV-ES05,D,alimentacion_hosteleria,Alimentación y Hostelería,2692.57
2024-11-01,RN-SEV-ES06,D,moda_belleza,Moda y Belleza,232993.29
2024-11-01,RN-SEV-ES06,D,hogar_electronica,"Hogar, Electrónica y Electrodomésticos",51683.65
2024-11-01,RN-SEV-ES06,D,alimentacion_hosteleria,Alimentación y Hostelería,3619.87
2024-11-01,RN-SEV-ES07,D,moda_belleza,Moda y Belleza,242966.85
2024-11-01,RN-SEV-ES07,D,hogar_electronica,"Hogar, Electrónica y Electrodomésticos",53896.03
2024-11-01,RN-SEV-ES07,D,alimentacion_hosteleria,Alimentación y Hostelería,3774.82
2024-11-01,RN-SEV-ES08,D,moda_belleza,Moda y Belleza,223416.78
2024-11-01,RN-SEV-ES08,D,hogar_electronica,"Hogar, Electrónica y Electrodomésticos",49559.34
2024-11-01,RN-SEV-ES08,D,alimentacion_hosteleria,Alimentación y Hostelería,3471.09
2024-11-01,RN-SEV-ES09,D,moda_belleza,Moda y Belleza,209750.02
2024-11-01,RN-SEV-ES09,D,hogar_electronica,"Hogar, Electrónica y Electrodomésticos",46527.72
2024-11-01,RN-SEV-ES09,D,alimentacion_hosteleria,Alimentación y Hostelería,3258.76
2024-11-01,RN-SEV-ES10,D,moda_belleza,Moda y Belleza,210933.75
2024-11-01,RN-SEV-ES10,D,hogar_electronica,"Hogar, Electrónica y Electrodomésticos",46790.3
2024-11-01,RN-SEV-ES10,D,alimentacion_hosteleria,Alimentación y Hostelería,3277.15
2024-11-01,RN-SEV-ES11,D,moda_belleza,Moda y Belleza,209825.57
2024-11-01,RN-SEV-ES11,D,hogar_electronica,"Hogar, Electrónica y Electrodomésticos",46544.48
2024-11-01,RN-SEV-ES11,D,alimentacion_hosteleria,Alimentación y Hostelería,3259.93
2024-11-01,RN-SEV-ES12,D,moda_belleza,Moda y Belleza,200975.98
2024-11-01,RN-SEV-ES12,D,hogar_electronica,"Hogar, Electrónica y Electrodomésticos",44581.42
2024-11-01,RN-SEV-ES12,D,alimentacion_hosteleria,Alimentación y Hostelería,3122.44
2024-11-01,RN-SEV-GA01,D,moda_belleza,Moda y Belleza,894308.04
2024-11-01,RN-SEV-GA01,D,hogar_electronica,"Hogar, Electrónica y Electrodomésticos",1442133.03
2024-11-01,RN-SEV-GA01,D,alimentacion_hosteleria,Alimentación y Hostelería,212643.3
2024-11-01,RN-SEV-HI01,D,moda_belleza,Moda y Belleza,57073.98
2024-11-01,RN-SEV-HI01,D,hogar_electronica,"Hogar, Electrónica y Electrodomésticos",194970.39
2024-11-01,RN-SEV-HI01,D,alimentacion_hosteleria,Alimentación y Hostelería,380404.12
2024-11-01,RN-SEV-HI02,D,moda_belleza,Moda y Belleza,66283.27
2024-11-01,RN-SEV-HI02,D,hogar_electronica,"Hogar, Electrónica y Electrodomésticos",226430.23
2024-11-01,RN-SEV-HI02,D,alimentacion_hosteleria,Alimentación y Hostelería,441784.99
2024-11-01,RN-SEV-HI03,D,moda_belleza,Moda y Belleza,56145.29
2024-11-01,RN-SEV-HI03,D,hogar_electronica,"Hogar, Electrónica y Electrodomésticos",191797.88
2024-11-01,RN-SEV-HI03,D,alimentacion_hosteleria,Alimentación y Hostelería,374214.3
2024-11-01,RN-SEV-HI04,D,moda_belleza,Moda y Belleza,73473.65
2024-11-01,RN-SEV-HI04,D,hogar_electronica,"Hogar, Electrónica y Electrodomésticos",250993.27
2024-11-01,RN-SEV-HI04,D,alimentacion_hosteleria,Alimentación y Hostelería,489709.62
2024-11-01,RN-VLC-CV01,C,moda_belleza,Moda y Belleza,7311.61
2024-11-01,RN-VLC-CV01,C,hogar_electronica,"Hogar, Electrónica y Electrodomésticos",15349.47
2024-11-01,RN-VLC-CV01,C,alimentacion_hosteleria,Alimentación y Hostelería,138651.19
2024-11-01,RN-VLC-CV02,C,moda_belleza,Moda y Belleza,7984.29
2024-11-01,RN-VLC-CV02,C,hogar_electronica,"Hogar, Electrónica y Electrodomésticos",16761.64
2024-11-01,RN-VLC-CV02,C,alimentacion_hosteleria,Alimentación y Hostelería,151407.25
2024-11-01,RN-VLC-CV03,C,moda_belleza,Moda y Belleza,8773.8
2024-11-01,RN-VLC-CV03,C,hogar_electronica,"Hogar, Electrónica y Electrodomésticos",18419.1
2024-11-01,RN-VLC-CV03,C,alimentacion_hosteleria,Alimentación y Hostelería,166379.0
2024-11-01,RN-VLC-CV04,C,moda_belleza,Moda y Belleza,7189.42
2024-11-01,RN-VLC-CV04,C,hogar_electronica,"Hogar, Electrónica y Electrodomésticos",15092.96
2024-11-01,RN-VLC-CV04,C,alimentacion_hosteleria,Alimentación y Hostelería,136334.1
2024-11-01,RN-VLC-CV05,C,moda_belleza,Moda y Belleza,6042.2
2024-11-01,RN-VLC-CV05,C,hogar_electronica,"Hogar, Electrónica y Electrodomésticos",12684.57
2024-11-01,RN-VLC-CV05,C,alimentacion_hosteleria,Alimentación y Hostelería,114579.19
2024-11-01,RN-VLC-CV06,C,moda_belleza,Moda y Belleza,8761.52
2024-11-01,RN-VLC-CV06,C,hogar_electronica,"Hogar, Electrónica y Electrodomésticos",18393.32
2024-11-01,RN-VLC-CV06,C,alimentacion_hosteleria,Alimentación y Hostelería,166146.12
2024-11-01,RN-VLC-CV07,C,moda_belleza,Moda y Belleza,7392.11
2024-11-01,RN-VLC-CV07,C,hogar_electronica,"Hogar, Electrónica y Electrodomésticos",15518.47
2024-11-01,RN-VLC-CV07,C,alimentacion_hosteleria,Alimentación y Hostelería,140177.69
2024-11-01,RN-VLC-CV08,C,moda_belleza,Moda y Belleza,6333.63
2024-11-01,RN-VLC-CV08,C,hogar_electronica,"Hogar, Electrónica y Electrodomésticos",13296.38
2024-11-01,RN-VLC-CV08,C,alimentacion_hosteleria,Alimentación y Hostelería,120105.63
2024-11-01,RN-VLC-CV09,C,moda_belleza,Moda y Belleza,6671.49
2024-11-01,RN-VLC-CV09,C,hogar_electronica,"Hogar, Electrónica y Electrodomésticos",14005.66
2024-11-01,RN-VLC-CV09,C,alimentacion_hosteleria,Alimentación y Hostelería,126512.55
2024-11-01,RN-VLC-ES01,C,moda_belleza,Moda y Belleza,240025.98
2024-11-01,RN-VLC-ES01,C,hogar_electronica,"Hogar, Electrónica y Electrodomésticos",38173.74
2024-11-01,RN-VLC-ES01,C,alimentacion_hosteleria,Alimentación y Hostelería,7302.11
2024-11-01,RN-VLC-ES02,C,moda_belleza,Moda y Belleza,178209.83
2024-11-01,RN-VLC-ES02,C,hogar_electronica,"Hogar, Electrónica y Electrodomésticos",28342.5
2024-11-01,RN-VLC-ES02,C,alimentacion_hosteleria,Alimentación y Hostelería,5421.53
2024-11-01,RN-VLC-ES03,C,moda_belleza,Moda y Belleza,204095.54
2024-11-01,RN-VLC-ES03,C,hogar_electronica,"Hogar, Electrónica y Electrodomésticos",32459.37
2024-11-01,RN-VLC-ES03,C,alimentacion_hosteleria,Alimentación y Hostelería,6209.03
2024-11-01,RN-VLC-ES04,C,moda_belleza,Moda y Belleza,214241.89
2024-11-01,RN-VLC-ES04,C,hogar_electronica,"Hogar, Electrónica y Electrodomésticos",34073.04
2024-11-01,RN-VLC-ES04,C,alimentacion_hosteleria,Alimentación y Hostelería,6517.7
2024-11-01,RN-VLC-ES05,C,moda_belleza,Moda y Belleza,218226.22
2024-11-01,RN-VLC-ES05,C,hogar_electronica,"Hogar, Electrónica y Electrodomésticos",34706.71
2024-11-01,RN-VLC-ES05,C,alimentacion_hosteleria,Alimentación y Hostelería,6638.92
2024-11-01,RN-VLC-ES06,C,moda_belleza,Moda y Belleza,174550.26
2024-11-01,RN-VLC-ES06,C,hogar_electronica,"Hogar, Electrónica y Electrodomésticos",27760.48
2024-11-01,RN-VLC-ES06,C,alimentacion_hosteleria,Alimentación y Hostelería,5310.2
2024-11-01,RN-VLC-ES07,C,moda_belleza,Moda y Belleza,204444.32
2024-11-01,RN-VLC-ES07,C,hogar_electronica,"Hogar, Electrónica y Electrodomésticos",32514.84
2024-11-01,RN-VLC-ES07,C,alimentacion_hosteleria,Alimentación y Hostelería,6219.64
2024-11-01,RN-VLC-ES08,C,moda_belleza,Moda y Belleza,248025.32
2024-11-01,RN-VLC-ES08,C,hogar_electronica,"Hogar, Electrónica y Electrodomésticos",39445.96
2024-11-01,RN-VLC-ES08,C,alimentacion_hosteleria,Alimentación y Hostelería,7545.47
2024-11-01,RN-VLC-ES09,C,moda_belleza,Moda y Belleza,209637.33
2024-11-01,RN-VLC-ES09,C,hogar_electronica,"Hogar, Electrónica y Electrodomésticos",33340.73
2024-11-01,RN-VLC-ES09,C,alimentacion_hosteleria,Alimentación y Hostelería,6377.62
2024-11-01,RN-VLC-ES10,C,moda_belleza,Moda y Belleza,192331.99
2024-11-01,RN-VLC-ES10,C,hogar_electronica,"Hogar, Electrónica y Electrodomésticos",30588.49
2024-11-01,RN-VLC-ES10,C,alimentacion_hosteleria,Alimentación y Hostelería,5851.16
2024-11-01,RN-VLC-GA01,C,moda_belleza,Moda y Belleza,1474093.75
2024-11-01,RN-VLC-GA01,C,hogar_electronica,"Hogar, Electrónica y Electrodomésticos",1704276.5
2024-11-01,RN-VLC-GA01,C,alimentacion_hosteleria,Alimentación y Hostelería,686325.48
2024-11-01,RN-VLC-HI01,C,moda_belleza,Moda y Belleza,54077.42
2024-11-01,RN-VLC-HI01,C,hogar_electronica,"Hogar, Electrónica y Electrodomésticos",132447.33
2024-11-01,RN-VLC-HI01,C,alimentacion_hosteleria,Alimentación y Hostelería,705770.44
2024-11-01,RN-VLC-HI02,C,moda_belleza,Moda y Belleza,57075.65
2024-11-01,RN-VLC-HI02,C,hogar_electronica,"Hogar, Electrónica y Electrodomésticos",139790.65
2024-11-01,RN-VLC-HI02,C,alimentacion_hosteleria,Alimentación y Hostelería,744900.7
2024-11-01,RN-VLC-HI03,C,moda_belleza,Moda y Belleza,61016.33
2024-11-01,RN-VLC-HI03,C,hogar_electronica,"Hogar, Electrónica y Electrodomésticos",149442.22
2024-11-01,RN-VLC-HI03,C,alimentacion_hosteleria,Alimentación y Hostelería,796330.87
2024-11-01,RN-VLC-HI04,C,moda_belleza,Moda y Belleza,50877.67
2024-11-01,RN-VLC-HI04,C,hogar_electronica,"Hogar, Electrónica y Electrodomésticos",124610.44
2024-11-01,RN-VLC-HI04,C,alimentacion_hosteleria,Alimentación y Hostelería,664010.08
2024-11-01,RN-VLC-HI05,C,moda_belleza,Moda y Belleza,57596.15
2024-11-01,RN-VLC-HI05,C,hogar_electronica,"Hogar, Electrónica y Electrodomésticos",141065.47
2024-11-01,RN-VLC-HI05,C,alimentacion_hosteleria,Alimentación y Hostelería,751693.8
2024-11-01,RN-VLC-HI06,C,moda_belleza,Moda y Belleza,54393.47
2024-11-01,RN-VLC-HI06,C,hogar_electronica,"Hogar, Electrónica y Electrodomésticos",133221.4
2024-11-01,RN-VLC-HI06,C,alimentacion_hosteleria,Alimentación y Hostelería,709895.2
2024-11-01,RN-VLC-HI07,C,moda_belleza,Moda y Belleza,42378.97
2024-11-01,RN-VLC-HI07,C,hogar_electronica,"Hogar, Electrónica y Electrodomésticos",103795.29
2024-11-01,RN-VLC-HI07,C,alimentacion_hosteleria,Alimentación y Hostelería,553092.65
2024-12-01,RN-BCN-CV01,B,moda_belleza,Moda y Belleza,16900.35
2024-12-01,RN-BCN-CV01,B,hogar_electronica,"Hogar, Electrónica y Electrodomésticos",37347.76
2024-12-01,RN-BCN-CV01,B,alimentacion_hosteleria,Alimentación y Hostelería,210019.66
2024-12-01,RN-BCN-CV02,B,moda_belleza,Moda y Belleza,18115.68
2024-12-01,RN-BCN-CV02,B,hogar_electronica,"Hogar, Electrónica y Electrodomésticos",40033.49
2024-12-01,RN-BCN-CV02,B,alimentacion_hosteleria,Alimentación y Hostelería,225122.5
2024-12-01,RN-BCN-CV03,B,moda_belleza,Moda y Belleza,20011.83
2024-12-01,RN-BCN-CV03,B,hogar_electronica,"Hogar, Electrónica y Electrodomésticos",44223.75
2024-12-01,RN-BCN-CV03,B,alimentacion_hosteleria,Alimentación y Hostelería,248685.8
2024-12-01,RN-BCN-CV04,B,moda_belleza,Moda y Belleza,15424.05
2024-12-01,RN-BCN-CV04,B,hogar_electronica,"Hogar, Electrónica y Electrodomésticos",34085.31
2024-12-01,RN-BCN-CV04,B,alimentacion_hosteleria,Alimentación y Hostelería,191673.75
2024-12-01,RN-BCN-CV05,B,moda_belleza,Moda y Belleza,16219.66
2024-12-01,RN-BCN-CV05,B,hogar_electronica,"Hogar, Electrónica y Electrodomésticos",35843.52
2024-12-01,RN-BCN-CV05,B,alimentacion_hosteleria,Alimentación y Hostelería,201560.77
2024-12-01,RN-BCN-CV06,B,moda_belleza,Moda y Belleza,16505.08
2024-12-01,RN-BCN-CV06,B,hogar_electronica,"Hogar, Electrónica y Electrodomésticos",36474.26
2024-12-01,RN-BCN-CV06,B,alimentacion_hosteleria,Alimentación y Hostelería,205107.69
2024-12-01,RN-BCN-CV07,B,moda_belleza,Moda y Belleza,17024.55
2024-12-01,RN-BCN-CV07,B,hogar_electronica,"Hogar, Electrónica y Electrodomésticos",37622.22
2024-12-01,RN-BCN-CV07,B,alimentacion_hosteleria,Alimentación y Hostelería,211563.05
2024-12-01,RN-BCN-CV08,B,moda_belleza,Moda y Belleza,16983.52
2024-12-01,RN-BCN-CV08,B,hogar_electronica,"Hogar, Electrónica y Electrodomésticos",37531.55
2024-12-01,RN-BCN-CV08,B,alimentacion_hosteleria,Alimentación y Hostelería,211053.2
2024-12-01,RN-BCN-ES01,B,moda_belleza,Moda y Belleza,286796.65
2024-12-01,RN-BCN-ES01,B,hogar_electronica,"Hogar, Electrónica y Electrodomésticos",48014.13
2024-12-01,RN-BCN-ES01,B,alimentacion_hosteleria,Alimentación y Hostelería,5717.66
2024-12-01,RN-BCN-ES02,B,moda_belleza,Moda y Belleza,336415.49
2024-12-01,RN-BCN-ES02,B,hogar_electronica,"Hogar, Electrónica y Electrodomésticos",56321.08
2024-12-01,RN-BCN-ES02,B,alimentacion_hosteleria,Alimentación y Hostelería,6706.87
2024-12-01,RN-BCN-ES03,B,moda_belleza,Moda y Belleza,342947.27
2024-12-01,RN-BCN-ES03,B,hogar_electronica,"Hogar, Electrónica y Electrodomésticos",57414.59
2024-12-01,RN-BCN-ES03,B,alimentacion_hosteleria,Alimentación y Hostelería,6837.09
2024-12-01,RN-BCN-ES04,B,moda_belleza,Moda y Belleza,314084.53
2024-12-01,RN-BCN-ES04,B,hogar_electronica,"Hogar, Electrónica y Electrodomésticos",52582.53
2024-12-01,RN-BCN-ES04,B,alimentacion_hosteleria,Alimentación y Hostelería,6261.67
2024-12-01,RN-BCN-ES05,B,moda_belleza,Moda y Belleza,336139.86
2024-12-01,RN-BCN-ES05,B,hogar_electronica,"Hogar, Electrónica y Electrodomésticos",56274.93
2024-12-01,RN-BCN-ES05,B,alimentacion_hosteleria,Alimentación y Hostelería,6701.38
2024-12-01,RN-BCN-ES06,B,moda_belleza,Moda y Belleza,338342.61
2024-12-01,RN-BCN-ES06,B,hogar_electronica,"Hogar, Electrónica y Electrodomésticos",56643.7
2024-12-01,RN-BCN-ES06,B,alimentacion_hosteleria,Alimentación y Hostelería,6745.29
2024-12-01,RN-BCN-ES07,B,moda_belleza,Moda y Belleza,348077.08
2024-12-01,RN-BCN-ES07,B,hogar_electronica,"Hogar, Electrónica y Electrodomésticos",58273.4
2024-12-01,RN-BCN-ES07,B,alimentacion_hosteleria,Alimentación y Hostelería,6939.36
2024-12-01,RN-BCN-ES08,B,moda_belleza,Moda y Belleza,257790.23
2024-12-01,RN-BCN-ES08,B,hogar_electronica,"Hogar, Electrónica y Electrodomésticos",43158.01
2024-12-01,RN-BCN-ES08,B,alimentacion_hosteleria,Alimentación y Hostelería,5139.38
2024-12-01,RN-BCN-ES09,B,moda_belleza,Moda y Belleza,351371.01
2024-12-01,RN-BCN-ES09,B,hogar_electronica,"Hogar, Electrónica y Electrodomésticos",58824.86
2024-12-01,RN-BCN-ES09,B,alimentacion_hosteleria,Alimentación y Hostelería,7005.03
2024-12-01,RN-BCN-ES10,B,moda_belleza,Moda y Belleza,311156.47
2024-12-01,RN-BCN-ES10,B,hogar_electronica,"Hogar, Electrónica y Electrodomésticos",52092.33
2024-12-01,RN-BCN-ES10,B,alimentacion_hosteleria,Alimentación y Hostelería,6203.3
2024-12-01,RN-BCN-ES11,B,moda_belleza,Moda y Belleza,334493.75
2024-12-01,RN-BCN-ES11,B,hogar_electronica,"Hogar, Electrónica y Electrodomésticos",55999.35
2024-12-01,RN-BCN-ES11,B,alimentacion_hosteleria,Alimentación y Hostelería,6668.56
2024-12-01,RN-BCN-ES12,B,moda_belleza,Moda y Belleza,286718.42
2024-12-01,RN-BCN-ES12,B,hogar_electronica,"Hogar, Electrónica y Electrodomésticos",48001.03
2024-12-01,RN-BCN-ES12,B,alimentacion_hosteleria,Alimentación y Hostelería,5716.1
2024-12-01,RN-BCN-ES13,B,moda_belleza,Moda y Belleza,335567.29
2024-12-01,RN-BCN-ES13,B,hogar_electronica,"Hogar, Electrónica y Electrodomésticos",56179.07
2024-12-01,RN-BCN-ES13,B,alimentacion_hosteleria,Alimentación y Hostelería,6689.96
2024-12-01,RN-BCN-ES14,B,moda_belleza,Moda y Belleza,365817.89
2024-12-01,RN-BCN-ES14,B,hogar_electronica,"Hogar, Electrónica y Electrodomésticos",61243.48
2024-12-01,RN-BCN-ES14,B,alimentacion_hosteleria,Alimentación y Hostelería,7293.04
2024-12-01,RN-BCN-GA01,B,moda_belleza,Moda y Belleza,2374977.41
2024-12-01,RN-BCN-GA01,B,hogar_electronica,"Hogar, Electrónica y Electrodomésticos",2890432.75
2024-12-01,RN-BCN-GA01,B,alimentacion_hosteleria,Alimentación y Hostelería,724633.24
2024-12-01,RN-BCN-GA02,B,moda_belleza,Moda y Belleza,2684349.82
2024-12-01,RN-BCN-GA02,B,hogar_electronica,"Hogar, Electrónica y Electrodomésticos",3266950.07
2024-12-01,RN-BCN-GA02,B,alimentacion_hosteleria,Alimentación y Hostelería,819026.36
2024-12-01,RN-BCN-HI01,B,moda_belleza,Moda y Belleza,94980.7
2024-12-01,RN-BCN-HI01,B,hogar_electronica,"Hogar, Electrónica y Electrodomésticos",244878.71
2024-12-01,RN-BCN-HI01,B,alimentacion_hosteleria,Alimentación y Hostelería,812337.66
2024-12-01,RN-BCN-HI02,B,moda_belleza,Moda y Belleza,137130.38
2024-12-01,RN-BCN-HI02,B,hogar_electronica,"Hogar, Electrónica y Electrodomésticos",353548.8
2024-12-01,RN-BCN-HI02,B,alimentacion_hosteleria,Alimentación y Hostelería,1172829.62
2024-12-01,RN-BCN-HI03,B,moda_belleza,Moda y Belleza,93276.73
2024-12-01,RN-BCN-HI03,B,hogar_electronica,"Hogar, Electrónica y Electrodomésticos",240485.55
2024-12-01,RN-BCN-HI03,B,alimentacion_hosteleria,Alimentación y Hostelería,797764.22
2024-12-01,RN-BCN-HI04,B,moda_belleza,Moda y Belleza,116560.05
2024-12-01,RN-BCN-HI04,B,hogar_electronica,"Hogar, Electrónica y Electrodomésticos",300514.48
2024-12-01,RN-BCN-HI04,B,alimentacion_hosteleria,Alimentación y Hostelería,996898.56
2024-12-01,RN-BIO-CV01,E,moda_belleza,Moda y Belleza,17216.99
2024-12-01,RN-BIO-CV01,E,hogar_electronica,"Hogar, Electrónica y Electrodomésticos",45769.78
2024-12-01,RN-BIO-CV01,E,alimentacion_hosteleria,Alimentación y Hostelería,231248.64
2024-12-01,RN-BIO-CV02,E,moda_belleza,Moda y Belleza,16429.41
2024-12-01,RN-BIO-CV02,E,hogar_electronica,"Hogar, Electrónica y Electrodomésticos",43676.08
2024-12-01,RN-BIO-CV02,E,alimentacion_hosteleria,Alimentación y Hostelería,220670.33
2024-12-01,RN-BIO-CV03,E,moda_belleza,Moda y Belleza,15455.08
2024-12-01,RN-BIO-CV03,E,hogar_electronica,"Hogar, Electrónica y Electrodomésticos",41085.89
2024-12-01,RN-BIO-CV03,E,alimentacion_hosteleria,Alimentación y Hostelería,207583.58
2024-12-01,RN-BIO-CV04,E,moda_belleza,Moda y Belleza,17425.49
2024-12-01,RN-BIO-CV04,E,hogar_electronica,"Hogar, Electrónica y Electrodomésticos",46324.06
2024-12-01,RN-BIO-CV04,E,alimentacion_hosteleria,Alimentación y Hostelería,234049.06
2024-12-01,RN-BIO-ES01,E,moda_belleza,Moda y Belleza,286306.46
2024-12-01,RN-BIO-ES01,E,hogar_electronica,"Hogar, Electrónica y Electrodomésticos",57660.54
2024-12-01,RN-BIO-ES01,E,alimentacion_hosteleria,Alimentación y Hostelería,6169.25
2024-12-01,RN-BIO-ES02,E,moda_belleza,Moda y Belleza,262422.52
2024-12-01,RN-BIO-ES02,E,hogar_electronica,"Hogar, Electrónica y Electrodomésticos",52850.45
2024-12-01,RN-BIO-ES02,E,alimentacion_hosteleria,Alimentación y Hostelería,5654.61
2024-12-01,RN-BIO-ES03,E,moda_belleza,Moda y Belleza,400901.79
2024-12-01,RN-BIO-ES03,E,hogar_electronica,"Hogar, Electrónica y Electrodomésticos",80739.41
2024-12-01,RN-BIO-ES03,E,alimentacion_hosteleria,Alimentación y Hostelería,8638.52
2024-12-01,RN-BIO-ES04,E,moda_belleza,Moda y Belleza,341069.69
2024-12-01,RN-BIO-ES04,E,hogar_electronica,"Hogar, Electrónica y Electrodomésticos",68689.56
2024-12-01,RN-BIO-ES04,E,alimentacion_hosteleria,Alimentación y Hostelería,7349.28
2024-12-01,RN-BIO-ES05,E,moda_belleza,Moda y Belleza,324523.79
2024-12-01,RN-BIO-ES05,E,hogar_electronica,"Hogar, Electrónica y Electrodomésticos",65357.3
2024-12-01,RN-BIO-ES05,E,alimentacion_hosteleria,Alimentación y Hostelería,6992.75
2024-12-01,RN-BIO-ES06,E,moda_belleza,Moda y Belleza,395786.05
2024-12-01,RN-BIO-ES06,E,hogar_electronica,"Hogar, Electrónica y Electrodomésticos",79709.13
2024-12-01,RN-BIO-ES06,E,alimentacion_hosteleria,Alimentación y Hostelería,8528.29
2024-12-01,RN-BIO-ES07,E,moda_belleza,Moda y Belleza,312915.57
2024-12-01,RN-BIO-ES07,E,hogar_electronica,"Hogar, Electrónica y Electrodomésticos",63019.47
2024-12-01,RN-BIO-ES07,E,alimentacion_hosteleria,Alimentación y Hostelería,6742.62
2024-12-01,RN-BIO-GA01,E,moda_belleza,Moda y Belleza,1564734.22
2024-12-01,RN-BIO-GA01,E,hogar_electronica,"Hogar, Electrónica y Electrodomésticos",2290849.76
2024-12-01,RN-BIO-GA01,E,alimentacion_hosteleria,Alimentación y Hostelería,516008.56
2024-12-01,RN-BIO-HI01,E,moda_belleza,Moda y Belleza,104684.67
2024-12-01,RN-BIO-HI01,E,hogar_electronica,"Hogar, Electrónica y Electrodomésticos",324676.92
2024-12-01,RN-BIO-HI01,E,alimentacion_hosteleria,Alimentación y Hostelería,967702.56
2024-12-01,RN-BIO-HI02,E,moda_belleza,Moda y Belleza,82291.89
2024-12-01,RN-BIO-HI02,E,hogar_electronica,"Hogar, Electrónica y Electrodomésticos",255226.25
2024-12-01,RN-BIO-HI02,E,alimentacion_hosteleria,Alimentación y Hostelería,760704.21
2024-12-01,RN-MAD-CV01,A,moda_belleza,Moda y Belleza,18127.78
2024-12-01,RN-MAD-CV01,A,hogar_electronica,"Hogar, Electrónica y Electrodomésticos",35660.55
2024-12-01,RN-MAD-CV01,A,alimentacion_hosteleria,Alimentación y Hostelería,217233.55
2024-12-01,RN-MAD-CV02,A,moda_belleza,Moda y Belleza,18953.28
2024-12-01,RN-MAD-CV02,A,hogar_electronica,"Hogar, Electrónica y Electrodomésticos",37284.47
2024-12-01,RN-MAD-CV02,A,alimentacion_hosteleria,Alimentación y Hostelería,227125.94
2024-12-01,RN-MAD-CV03,A,moda_belleza,Moda y Belleza,16781.37
2024-12-01,RN-MAD-CV03,A,hogar_electronica,"Hogar, Electrónica y Electrodomésticos",33011.93
2024-12-01,RN-MAD-CV03,A,alimentacion_hosteleria,Alimentación y Hostelería,201098.89
2024-12-01,RN-MAD-CV04,A,moda_belleza,Moda y Belleza,20542.75
2024-12-01,RN-MAD-CV04,A,hogar_electronica,"Hogar, Electrónica y Electrodomésticos",40411.23
2024-12-01,RN-MAD-CV04,A,alimentacion_hosteleria,Alimentación y Hostelería,246173.27
2024-12-01,RN-MAD-CV05,A,moda_belleza,Moda y Belleza,15689.23
2024-12-01,RN-MAD-CV05,A,hogar_electronica,"Hogar, Electrónica y Electrodomésticos",30863.49
2024-12-01,RN-MAD-CV05,A,alimentacion_hosteleria,Alimentación y Hostelería,188011.26
2024-12-01,RN-MAD-CV06,A,moda_belleza,Moda y Belleza,17659.57
2024-12-01,RN-MAD-CV06,A,hogar_electronica,"Hogar, Electrónica y Electrodomésticos",34739.5
2024-12-01,RN-MAD-CV06,A,alimentacion_hosteleria,Alimentación y Hostelería,211622.74
2024-12-01,RN-MAD-CV07,A,moda_belleza,Moda y Belleza,17064.13
2024-12-01,RN-MAD-CV07,A,hogar_electronica,"Hogar, Electrónica y Electrodomésticos",33568.17
2024-12-01,RN-MAD-CV07,A,alimentacion_hosteleria,Alimentación y Hostelería,204487.34
2024-12-01,RN-MAD-CV08,A,moda_belleza,Moda y Belleza,21188.37
2024-12-01,RN-MAD-CV08,A,hogar_electronica,"Hogar, Electrónica y Electrodomésticos",41681.27
2024-12-01,RN-MAD-CV08,A,alimentacion_hosteleria,Alimentación y Hostelería,253909.97
2024-12-01,RN-MAD-CV09,A,moda_belleza,Moda y Belleza,21103.98
2024-12-01,RN-MAD-CV09,A,hogar_electronica,"Hogar, Electrónica y Electrodomésticos",41515.27
2024-12-01,RN-MAD-CV09,A,alimentacion_hosteleria,Alimentación y Hostelería,252898.76
2024-12-01,RN-MAD-CV10,A,moda_belleza,Moda y Belleza,19599.19
2024-12-01,RN-MAD-CV10,A,hogar_electronica,"Hogar, Electrónica y Electrodomésticos",38555.07
2024-12-01,RN-MAD-CV10,A,alimentacion_hosteleria,Alimentación y Hostelería,234866.09
2024-12-01,RN-MAD-ES01,A,moda_belleza,Moda y Belleza,438276.57
2024-12-01,RN-MAD-ES01,A,hogar_electronica,"Hogar, Electrónica y Electrodomésticos",65315.74
2024-12-01,RN-MAD-ES01,A,alimentacion_hosteleria,Alimentación y Hostelería,8425.78
2024-12-01,RN-MAD-ES02,A,moda_belleza,Moda y Belleza,300494.01
2024-12-01,RN-MAD-ES02,A,hogar_electronica,"Hogar, Electrónica y Electrodomésticos",44782.2
2024-12-01,RN-MAD-ES02,A,alimentacion_hosteleria,Alimentación y Hostelería,5776.94
2024-12-01,RN-MAD-ES03,A,moda_belleza,Moda y Belleza,368399.58
2024-12-01,RN-MAD-ES03,A,hogar_electronica,"Hogar, Electrónica y Electrodomésticos",54902.07
2024-12-01,RN-MAD-ES03,A,alimentacion_hosteleria,Alimentación y Hostelería,7082.41
2024-12-01,RN-MAD-ES04,A,moda_belleza,Moda y Belleza,367423.73
2024-12-01,RN-MAD-ES04,A,hogar_electronica,"Hogar, Electrónica y Electrodomésticos",54756.64
2024-12-01,RN-MAD-ES04,A,alimentacion_hosteleria,Alimentación y Hostelería,7063.65
2024-12-01,RN-MAD-ES05,A,moda_belleza,Moda y Belleza,318826.87
2024-12-01,RN-MAD-ES05,A,hogar_electronica,"Hogar, Electrónica y Electrodomésticos",47514.32
2024-12-01,RN-MAD-ES05,A,alimentacion_hosteleria,Alimentación y Hostelería,6129.38
2024-12-01,RN-MAD-ES06,A,moda_belleza,Moda y Belleza,364516.74
2024-12-01,RN-MAD-ES06,A,hogar_electronica,"Hogar, Electrónica y Electrodomésticos",54323.41
2024-12-01,RN-MAD-ES06,A,alimentacion_hosteleria,Alimentación y Hostelería,7007.76
2024-12-01,RN-MAD-ES07,A,moda_belleza,Moda y Belleza,382828.82
2024-12-01,RN-MAD-ES07,A,hogar_electronica,"Hogar, Electrónica y Electrodomésticos",57052.43
2024-12-01,RN-MAD-ES07,A,alimentacion_hosteleria,Alimentación y Hostelería,7359.81
2024-12-01,RN-MAD-ES08,A,moda_belleza,Moda y Belleza,385876.94
2024-12-01,RN-MAD-ES08,A,hogar_electronica,"Hogar, Electrónica y Electrodomésticos",57506.69
2024-12-01,RN-MAD-ES08,A,alimentacion_hosteleria,Alimentación y Hostelería,7418.41
2024-12-01,RN-MAD-ES09,A,moda_belleza,Moda y Belleza,352357.93
2024-12-01,RN-MAD-ES09,A,hogar_electronica,"Hogar, Electrónica y Electrodomésticos",52511.4
2024-12-01,RN-MAD-ES09,A,alimentacion_hosteleria,Alimentación y Hostelería,6774.01
2024-12-01,RN-MAD-ES10,A,moda_belleza,Moda y Belleza,377024.61
2024-12-01,RN-MAD-ES10,A,hogar_electronica,"Hogar, Electrónica y Electrodomésticos",56187.44
2024-12-01,RN-MAD-ES10,A,alimentacion_hosteleria,Alimentación y Hostelería,7248.22
2024-12-01,RN-MAD-ES11,A,moda_belleza,Moda y Belleza,317926.86
2024-12-01,RN-MAD-ES11,A,hogar_electronica,"Hogar, Electrónica y Electrodomésticos",47380.19
2024-12-01,RN-MAD-ES11,A,alimentacion_hosteleria,Alimentación y Hostelería,6112.08
2024-12-01,RN-MAD-ES12,A,moda_belleza,Moda y Belleza,376853.56
2024-12-01,RN-MAD-ES12,A,hogar_electronica,"Hogar, Electrónica y Electrodomésticos",56161.95
2024-12-01,RN-MAD-ES12,A,alimentacion_hosteleria,Alimentación y Hostelería,7244.94
2024-12-01,RN-MAD-ES13,A,moda_belleza,Moda y Belleza,371096.92
2024-12-01,RN-MAD-ES13,A,hogar_electronica,"Hogar, Electrónica y Electrodomésticos",55304.05
2024-12-01,RN-MAD-ES13,A,alimentacion_hosteleria,Alimentación y Hostelería,7134.27
2024-12-01,RN-MAD-ES14,A,moda_belleza,Moda y Belleza,297316.84
2024-12-01,RN-MAD-ES14,A,hogar_electronica,"Hogar, Electrónica y Electrodomésticos",44308.71
2024-12-01,RN-MAD-ES14,A,alimentacion_hosteleria,Alimentación y Hostelería,5715.86
2024-12-01,RN-MAD-ES15,A,moda_belleza,Moda y Belleza,322553.31
2024-12-01,RN-MAD-ES15,A,hogar_electronica,"Hogar, Electrónica y Electrodomésticos",48069.66
2024-12-01,RN-MAD-ES15,A,alimentacion_hosteleria,Alimentación y Hostelería,6201.02
2024-12-01,RN-MAD-ES16,A,moda_belleza,Moda y Belleza,349100.32
2024-12-01,RN-MAD-ES16,A,hogar_electronica,"Hogar, Electrónica y Electrodomésticos",52025.92
2024-12-01,RN-MAD-ES16,A,alimentacion_hosteleria,Alimentación y Hostelería,6711.39
2024-12-01,RN-MAD-ES17,A,moda_belleza,Moda y Belleza,373382.22
2024-12-01,RN-MAD-ES17,A,hogar_electronica,"Hogar, Electrónica y Electrodomésticos",55644.62
2024-12-01,RN-MAD-ES17,A,alimentacion_hosteleria,Alimentación y Hostelería,7178.2
2024-12-01,RN-MAD-ES18,A,moda_belleza,Moda y Belleza,401572.25
2024-12-01,RN-MAD-ES18,A,hogar_electronica,"Hogar, Electrónica y Electrodomésticos",59845.74
2024-12-01,RN-MAD-ES18,A,alimentacion_hosteleria,Alimentación y Hostelería,7720.15
2024-12-01,RN-MAD-ES19,A,moda_belleza,Moda y Belleza,373180.75
2024-12-01,RN-MAD-ES19,A,hogar_electronica,"Hogar, Electrónica y Electrodomésticos",55614.6
2024-12-01,RN-MAD-ES19,A,alimentacion_hosteleria,Alimentación y Hostelería,7174.33
2024-12-01,RN-MAD-ES20,A,moda_belleza,Moda y Belleza,358898.13
2024-12-01,RN-MAD-ES20,A,hogar_electronica,"Hogar, Electrónica y Electrodomésticos",53486.08
2024-12-01,RN-MAD-ES20,A,alimentacion_hosteleria,Alimentación y Hostelería,6899.75
2024-12-01,RN-MAD-GA01,A,moda_belleza,Moda y Belleza,3475889.47
2024-12-01,RN-MAD-GA01,A,hogar_electronica,"Hogar, Electrónica y Electrodomésticos",3765684.74
2024-12-01,RN-MAD-GA01,A,alimentacion_hosteleria,Alimentación y Hostelería,1022686.99
2024-12-01,RN-MAD-GA02,A,moda_belleza,Moda y Belleza,2335779.94
2024-12-01,RN-MAD-GA02,A,hogar_electronica,"Hogar, Electrónica y Electrodomésticos",2530520.88
2024-12-01,RN-MAD-GA02,A,alimentacion_hosteleria,Alimentación y Hostelería,687240.42
2024-12-01,RN-MAD-GA03,A,moda_belleza,Moda y Belleza,2836361.12
2024-12-01,RN-MAD-GA03,A,hogar_electronica,"Hogar, Electrónica y Electrodomésticos",3072837.0
2024-12-01,RN-MAD-GA03,A,alimentacion_hosteleria,Alimentación y Hostelería,834522.97
2024-12-01,RN-MAD-HI01,A,moda_belleza,Moda y Belleza,124925.46
2024-12-01,RN-MAD-HI01,A,hogar_electronica,"Hogar, Electrónica y Electrodomésticos",286708.95
2024-12-01,RN-MAD-HI01,A,alimentacion_hosteleria,Alimentación y Hostelería,1030315.42
2024-12-01,RN-MAD-HI02,A,moda_belleza,Moda y Belleza,107585.71
2024-12-01,RN-MAD-HI02,A,hogar_electronica,"Hogar, Electrónica y Electrodomésticos",246913.53
2024-12-01,RN-MAD-HI02,A,alimentacion_hosteleria,Alimentación y Hostelería,887306.87
2024-12-01,RN-MAD-HI03,A,moda_belleza,Moda y Belleza,122131.78
2024-12-01,RN-MAD-HI03,A,hogar_electronica,"Hogar, Electrónica y Electrodomésticos",280297.34
2024-12-01,RN-MAD-HI03,A,alimentacion_hosteleria,Alimentación y Hostelería,1007274.7
2024-12-01,RN-MAD-HI04,A,moda_belleza,Moda y Belleza,128277.91
2024-12-01,RN-MAD-HI04,A,hogar_electronica,"Hogar, Electrónica y Electrodomésticos",294402.95
2024-12-01,RN-MAD-HI04,A,alimentacion_hosteleria,Alimentación y Hostelería,1057964.53
2024-12-01,RN-MAD-HI05,A,moda_belleza,Moda y Belleza,133555.84
2024-12-01,RN-MAD-HI05,A,hogar_electronica,"Hogar, Electrónica y Electrodomésticos",306516.02
2024-12-01,RN-MAD-HI05,A,alimentacion_hosteleria,Alimentación y Hostelería,1101493.97
2024-12-01,RN-SEV-CV01,D,moda_belleza,Moda y Belleza,16092.82
2024-12-01,RN-SEV-CV01,D,hogar_electronica,"Hogar, Electrónica y Electrodomésticos",47121.13
2024-12-01,RN-SEV-CV01,D,alimentacion_hosteleria,Alimentación y Hostelería,155848.32
2024-12-01,RN-SEV-CV02,D,moda_belleza,Moda y Belleza,19191.12
2024-12-01,RN-SEV-CV02,D,hogar_electronica,"Hogar, Electrónica y Electrodomésticos",56193.22
2024-12-01,RN-SEV-CV02,D,alimentacion_hosteleria,Alimentación y Hostelería,185853.32
2024-12-01,RN-SEV-CV03,D,moda_belleza,Moda y Belleza,15866.82
2024-12-01,RN-SEV-CV03,D,hogar_electronica,"Hogar, Electrónica y Electrodomésticos",46459.38
2024-12-01,RN-SEV-CV03,D,alimentacion_hosteleria,Alimentación y Hostelería,153659.66
2024-12-01,RN-SEV-CV04,D,moda_belleza,Moda y Belleza,15059.44
2024-12-01,RN-SEV-CV04,D,hogar_electronica,"Hogar, Electrónica y Electrodomésticos",44095.31
2024-12-01,RN-SEV-CV04,D,alimentacion_hosteleria,Alimentación y Hostelería,145840.74
2024-12-01,RN-SEV-CV05,D,moda_belleza,Moda y Belleza,14440.0
2024-12-01,RN-SEV-CV05,D,hogar_electronica,"Hogar, Electrónica y Electrodomésticos",42281.55
2024-12-01,RN-SEV-CV05,D,alimentacion_hosteleria,Alimentación y Hostelería,139841.88
2024-12-01,RN-SEV-CV06,D,moda_belleza,Moda y Belleza,16404.12
2024-12-01,RN-SEV-CV06,D,hogar_electronica,"Hogar, Electrónica y Electrodomésticos",48032.65
2024-12-01,RN-SEV-CV06,D,alimentacion_hosteleria,Alimentación y Hostelería,158863.09
2024-12-01,RN-SEV-CV07,D,moda_belleza,Moda y Belleza,15078.12
2024-12-01,RN-SEV-CV07,D,hogar_electronica,"Hogar, Electrónica y Electrodomésticos",44150.01
2024-12-01,RN-SEV-CV07,D,alimentacion_hosteleria,Alimentación y Hostelería,146021.63
2024-12-01,RN-SEV-CV08,D,moda_belleza,Moda y Belleza,17859.46
2024-12-01,RN-SEV-CV08,D,hogar_electronica,"Hogar, Electrónica y Electrodomésticos",52294.01
2024-12-01,RN-SEV-CV08,D,alimentacion_hosteleria,Alimentación y Hostelería,172957.08
2024-12-01,RN-SEV-CV09,D,moda_belleza,Moda y Belleza,16769.15
2024-12-01,RN-SEV-CV09,D,hogar_electronica,"Hogar, Electrónica y Electrodomésticos",49101.49
2024-12-01,RN-SEV-CV09,D,alimentacion_hosteleria,Alimentación y Hostelería,162398.15
2024-12-01,RN-SEV-CV10,D,moda_belleza,Moda y Belleza,17437.92
2024-12-01,RN-SEV-CV10,D,hogar_electronica,"Hogar, Electrónica y Electrodomésticos",51059.71
2024-12-01,RN-SEV-CV10,D,alimentacion_hosteleria,Alimentación y Hostelería,168874.78
2024-12-01,RN-SEV-ES01,D,moda_belleza,Moda y Belleza,279183.76
2024-12-01,RN-SEV-ES01,D,hogar_electronica,"Hogar, Electrónica y Electrodomésticos",61929.83
2024-12-01,RN-SEV-ES01,D,alimentacion_hosteleria,Alimentación y Hostelería,4337.5
2024-12-01,RN-SEV-ES02,D,moda_belleza,Moda y Belleza,264234.95
2024-12-01,RN-SEV-ES02,D,hogar_electronica,"Hogar, Electrónica y Electrodomésticos",58613.82
2024-12-01,RN-SEV-ES02,D,alimentacion_hosteleria,Alimentación y Hostelería,4105.25
2024-12-01,RN-SEV-ES03,D,moda_belleza,Moda y Belleza,270557.05
2024-12-01,RN-SEV-ES03,D,hogar_electronica,"Hogar, Electrónica y Electrodomésticos",60016.22
2024-12-01,RN-SEV-ES03,D,alimentacion_hosteleria,Alimentación y Hostelería,4203.48
2024-12-01,RN-SEV-ES04,D,moda_belleza,Moda y Belleza,234153.93
2024-12-01,RN-SEV-ES04,D,hogar_electronica,"Hogar, Electrónica y Electrodomésticos",51941.11
2024-12-01,RN-SEV-ES04,D,alimentacion_hosteleria,Alimentación y Hostelería,3637.9
2024-12-01,RN-SEV-ES05,D,moda_belleza,Moda y Belleza,225047.4
2024-12-01,RN-SEV-ES05,D,hogar_electronica,"Hogar, Electrónica y Electrodomésticos",49921.06
2024-12-01,RN-SEV-ES05,D,alimentacion_hosteleria,Alimentación y Hostelería,3496.42
2024-12-01,RN-SEV-ES06,D,moda_belleza,Moda y Belleza,295405.3
2024-12-01,RN-SEV-ES06,D,hogar_electronica,"Hogar, Electrónica y Electrodomésticos",65528.17
2024-12-01,RN-SEV-ES06,D,alimentacion_hosteleria,Alimentación y Hostelería,4589.53
2024-12-01,RN-SEV-ES07,D,moda_belleza,Moda y Belleza,299163.88
2024-12-01,RN-SEV-ES07,D,hogar_electronica,"Hogar, Electrónica y Electrodomésticos",66361.92
2024-12-01,RN-SEV-ES07,D,alimentacion_hosteleria,Alimentación y Hostelería,4647.92
2024-12-01,RN-SEV-ES08,D,moda_belleza,Moda y Belleza,284631.24
2024-12-01,RN-SEV-ES08,D,hogar_electronica,"Hogar, Electrónica y Electrodomésticos",63138.22
2024-12-01,RN-SEV-ES08,D,alimentacion_hosteleria,Alimentación y Hostelería,4422.14
2024-12-01,RN-SEV-ES09,D,moda_belleza,Moda y Belleza,258444.93
2024-12-01,RN-SEV-ES09,D,hogar_electronica,"Hogar, Electrónica y Electrodomésticos",57329.45
2024-12-01,RN-SEV-ES09,D,alimentacion_hosteleria,Alimentación y Hostelería,4015.3
2024-12-01,RN-SEV-ES10,D,moda_belleza,Moda y Belleza,271891.43
2024-12-01,RN-SEV-ES10,D,hogar_electronica,"Hogar, Electrónica y Electrodomésticos",60312.21
2024-12-01,RN-SEV-ES10,D,alimentacion_hosteleria,Alimentación y Hostelería,4224.21
2024-12-01,RN-SEV-ES11,D,moda_belleza,Moda y Belleza,263085.53
2024-12-01,RN-SEV-ES11,D,hogar_electronica,"Hogar, Electrónica y Electrodomésticos",58358.85
2024-12-01,RN-SEV-ES11,D,alimentacion_hosteleria,Alimentación y Hostelería,4087.4
2024-12-01,RN-SEV-ES12,D,moda_belleza,Moda y Belleza,242004.67
2024-12-01,RN-SEV-ES12,D,hogar_electronica,"Hogar, Electrónica y Electrodomésticos",53682.59
2024-12-01,RN-SEV-ES12,D,alimentacion_hosteleria,Alimentación y Hostelería,3759.88
2024-12-01,RN-SEV-GA01,D,moda_belleza,Moda y Belleza,1206154.99
2024-12-01,RN-SEV-GA01,D,hogar_electronica,"Hogar, Electrónica y Electrodomésticos",1945007.63
2024-12-01,RN-SEV-GA01,D,alimentacion_hosteleria,Alimentación y Hostelería,286792.43
2024-12-01,RN-SEV-HI01,D,moda_belleza,Moda y Belleza,80946.17
2024-12-01,RN-SEV-HI01,D,hogar_electronica,"Hogar, Electrónica y Electrodomésticos",276520.16
2024-12-01,RN-SEV-HI01,D,alimentacion_hosteleria,Alimentación y Hostelería,539514.8
2024-12-01,RN-SEV-HI02,D,moda_belleza,Moda y Belleza,92148.32
2024-12-01,RN-SEV-HI02,D,hogar_electronica,"Hogar, Electrónica y Electrodomésticos",314787.79
2024-12-01,RN-SEV-HI02,D,alimentacion_hosteleria,Alimentación y Hostelería,614178.26
2024-12-01,RN-SEV-HI03,D,moda_belleza,Moda y Belleza,76901.52
2024-12-01,RN-SEV-HI03,D,hogar_electronica,"Hogar, Electrónica y Electrodomésticos",262703.23
2024-12-01,RN-SEV-HI03,D,alimentacion_hosteleria,Alimentación y Hostelería,512556.77
2024-12-01,RN-SEV-HI04,D,moda_belleza,Moda y Belleza,103998.8
2024-12-01,RN-SEV-HI04,D,hogar_electronica,"Hogar, Electrónica y Electrodomésticos",355270.2
2024-12-01,RN-SEV-HI04,D,alimentacion_hosteleria,Alimentación y Hostelería,693162.96
2024-12-01,RN-VLC-CV01,C,moda_belleza,Moda y Belleza,11020.02
2024-12-01,RN-VLC-CV01,C,hogar_electronica,"Hogar, Electrónica y Electrodomésticos",23134.65
2024-12-01,RN-VLC-CV01,C,alimentacion_hosteleria,Alimentación y Hostelería,208974.37
2024-12-01,RN-VLC-CV02,C,moda_belleza,Moda y Belleza,11691.12
2024-12-01,RN-VLC-CV02,C,hogar_electronica,"Hogar, Electrónica y Electrodomésticos",24543.5
2024-12-01,RN-VLC-CV02,C,alimentacion_hosteleria,Alimentación y Hostelería,221700.42
2024-12-01,RN-VLC-CV03,C,moda_belleza,Moda y Belleza,12758.39
2024-12-01,RN-VLC-CV03,C,hogar_electronica,"Hogar, Electrónica y Electrodomésticos",26784.05
2024-12-01,RN-VLC-CV03,C,alimentacion_hosteleria,Alimentación y Hostelería,241939.3
2024-12-01,RN-VLC-CV04,C,moda_belleza,Moda y Belleza,10523.54
2024-12-01,RN-VLC-CV04,C,hogar_electronica,"Hogar, Electrónica y Electrodomésticos",22092.38
2024-12-01,RN-VLC-CV04,C,alimentacion_hosteleria,Alimentación y Hostelería,199559.56
2024-12-01,RN-VLC-CV05,C,moda_belleza,Moda y Belleza,8797.08
2024-12-01,RN-VLC-CV05,C,hogar_electronica,"Hogar, Electrónica y Electrodomésticos",18467.96
2024-12-01,RN-VLC-CV05,C,alimentacion_hosteleria,Alimentación y Hostelería,166820.37
2024-12-01,RN-VLC-CV06,C,moda_belleza,Moda y Belleza,12593.26
2024-12-01,RN-VLC-CV06,C,hogar_electronica,"Hogar, Electrónica y Electrodomésticos",26437.4
2024-12-01,RN-VLC-CV06,C,alimentacion_hosteleria,Alimentación y Hostelería,238807.98
2024-12-01,RN-VLC-CV07,C,moda_belleza,Moda y Belleza,10581.51
2024-12-01,RN-VLC-CV07,C,hogar_electronica,"Hogar, Electrónica y Electrodomésticos",22214.06
2024-12-01,RN-VLC-CV07,C,alimentacion_hosteleria,Alimentación y Hostelería,200658.71
2024-12-01,RN-VLC-CV08,C,moda_belleza,Moda y Belleza,9291.69
2024-12-01,RN-VLC-CV08,C,hogar_electronica,"Hogar, Electrónica y Electrodomésticos",19506.31
2024-12-01,RN-VLC-CV08,C,alimentacion_hosteleria,Alimentación y Hostelería,176199.69
2024-12-01,RN-VLC-CV09,C,moda_belleza,Moda y Belleza,9579.13
2024-12-01,RN-VLC-CV09,C,hogar_electronica,"Hogar, Electrónica y Electrodomésticos",20109.74
2024-12-01,RN-VLC-CV09,C,alimentacion_hosteleria,Alimentación y Hostelería,181650.47
2024-12-01,RN-VLC-ES01,C,moda_belleza,Moda y Belleza,300667.44
2024-12-01,RN-VLC-ES01,C,hogar_electronica,"Hogar, Electrónica y Electrodomésticos",47818.17
2024-12-01,RN-VLC-ES01,C,alimentacion_hosteleria,Alimentación y Hostelería,9146.96
2024-12-01,RN-VLC-ES02,C,moda_belleza,Moda y Belleza,227747.51
2024-12-01,RN-VLC-ES02,C,hogar_electronica,"Hogar, Electrónica y Electrodomésticos",36220.98
2024-12-01,RN-VLC-ES02,C,alimentacion_hosteleria,Alimentación y Hostelería,6928.57
2024-12-01,RN-VLC-ES03,C,moda_belleza,Moda y Belleza,257053.3
2024-12-01,RN-VLC-ES03,C,hogar_electronica,"Hogar, Electrónica y Electrodomésticos",40881.77
2024-12-01,RN-VLC-ES03,C,alimentacion_hosteleria,Alimentación y Hostelería,7820.12
2024-12-01,RN-VLC-ES04,C,moda_belleza,Moda y Belleza,272116.98
2024-12-01,RN-VLC-ES04,C,hogar_electronica,"Hogar, Electrónica y Electrodomésticos",43277.5
2024-12-01,RN-VLC-ES04,C,alimentacion_hosteleria,Alimentación y Hostelería,8278.39
2024-12-01,RN-VLC-ES05,C,moda_belleza,Moda y Belleza,266921.55
2024-12-01,RN-VLC-ES05,C,hogar_electronica,"Hogar, Electrónica y Electrodomésticos",42451.22
2024-12-01,RN-VLC-ES05,C,alimentacion_hosteleria,Alimentación y Hostelería,8120.33
2024-12-01,RN-VLC-ES06,C,moda_belleza,Moda y Belleza,217365.72
2024-12-01,RN-VLC-ES06,C,hogar_electronica,"Hogar, Electrónica y Electrodomésticos",34569.86
2024-12-01,RN-VLC-ES06,C,alimentacion_hosteleria,Alimentación y Hostelería,6612.74
2024-12-01,RN-VLC-ES07,C,moda_belleza,Moda y Belleza,252894.21
2024-12-01,RN-VLC-ES07,C,hogar_electronica,"Hogar, Electrónica y Electrodomésticos",40220.31
2024-12-01,RN-VLC-ES07,C,alimentacion_hosteleria,Alimentación y Hostelería,7693.59
2024-12-01,RN-VLC-ES08,C,moda_belleza,Moda y Belleza,313059.43
2024-12-01,RN-VLC-ES08,C,hogar_electronica,"Hogar, Electrónica y Electrodomésticos",49788.99
2024-12-01,RN-VLC-ES08,C,alimentacion_hosteleria,Alimentación y Hostelería,9523.95
2024-12-01,RN-VLC-ES09,C,moda_belleza,Moda y Belleza,263933.66
2024-12-01,RN-VLC-ES09,C,hogar_electronica,"Hogar, Electrónica y Electrodomésticos",41976.02
2024-12-01,RN-VLC-ES09,C,alimentacion_hosteleria,Alimentación y Hostelería,8029.43
2024-12-01,RN-VLC-ES10,C,moda_belleza,Moda y Belleza,245319.38
2024-12-01,RN-VLC-ES10,C,hogar_electronica,"Hogar, Electrónica y Electrodomésticos",39015.61
2024-12-01,RN-VLC-ES10,C,alimentacion_hosteleria,Alimentación y Hostelería,7463.15
2024-12-01,RN-VLC-GA01,C,moda_belleza,Moda y Belleza,1873285.8
2024-12-01,RN-VLC-GA01,C,hogar_electronica,"Hogar, Electrónica y Electrodomésticos",2165803.2
2024-12-01,RN-VLC-GA01,C,alimentacion_hosteleria,Alimentación y Hostelería,872185.9
2024-12-01,RN-VLC-HI01,C,moda_belleza,Moda y Belleza,76223.59
2024-12-01,RN-VLC-HI01,C,hogar_electronica,"Hogar, Electrónica y Electrodomésticos",186688.09
2024-12-01,RN-VLC-HI01,C,alimentacion_hosteleria,Alimentación y Hostelería,994802.51
2024-12-01,RN-VLC-HI02,C,moda_belleza,Moda y Belleza,81632.56
2024-12-01,RN-VLC-HI02,C,hogar_electronica,"Hogar, Electrónica y Electrodomésticos",199935.83
2024-12-01,RN-VLC-HI02,C,alimentacion_hosteleria,Alimentación y Hostelería,1065395.55
2024-12-01,RN-VLC-HI03,C,moda_belleza,Moda y Belleza,83377.58
2024-12-01,RN-VLC-HI03,C,hogar_electronica,"Hogar, Electrónica y Electrodomésticos",204209.76
2024-12-01,RN-VLC-HI03,C,alimentacion_hosteleria,Alimentación y Hostelería,1088169.99
2024-12-01,RN-VLC-HI04,C,moda_belleza,Moda y Belleza,72880.11
2024-12-01,RN-VLC-HI04,C,hogar_electronica,"Hogar, Electrónica y Electrodomésticos",178499.2
2024-12-01,RN-VLC-HI04,C,alimentacion_hosteleria,Alimentación y Hostelería,951166.46
2024-12-01,RN-VLC-HI05,C,moda_belleza,Moda y Belleza,82379.87
2024-12-01,RN-VLC-HI05,C,hogar_electronica,"Hogar, Electrónica y Electrodomésticos",201766.16
2024-12-01,RN-VLC-HI05,C,alimentacion_hosteleria,Alimentación y Hostelería,1075148.8
2024-12-01,RN-VLC-HI06,C,moda_belleza,Moda y Belleza,77022.59
2024-12-01,RN-VLC-HI06,C,hogar_electronica,"Hogar, Electrónica y Electrodomésticos",188645.03
2024-12-01,RN-VLC-HI06,C,alimentacion_hosteleria,Alimentación y Hostelería,1005230.42
2024-12-01,RN-VLC-HI07,C,moda_belleza,Moda y Belleza,61850.5
2024-12-01,RN-VLC-HI07,C,hogar_electronica,"Hogar, Electrónica y Electrodomésticos",151485.28
2024-12-01,RN-VLC-HI07,C,alimentacion_hosteleria,Alimentación y Hostelería,807217.73
2025-01-01,RN-BCN-CV01,B,moda_belleza,Moda y Belleza,9955.96
2025-01-01,RN-BCN-CV01,B,hogar_electronica,"Hogar, Electrónica y Electrodomésticos",22001.5
2025-01-01,RN-BCN-CV01,B,alimentacion_hosteleria,Alimentación y Hostelería,123722.2
2025-01-01,RN-BCN-CV02,B,moda_belleza,Moda y Belleza,11084.47
2025-01-01,RN-BCN-CV02,B,hogar_electronica,"Hogar, Electrónica y Electrodomésticos",24495.36
2025-01-01,RN-BCN-CV02,B,alimentacion_hosteleria,Alimentación y Hostelería,137746.08
2025-01-01,RN-BCN-CV03,B,moda_belleza,Moda y Belleza,11907.05
2025-01-01,RN-BCN-CV03,B,hogar_electronica,"Hogar, Electrónica y Electrodomésticos",26313.15
2025-01-01,RN-BCN-CV03,B,alimentacion_hosteleria,Alimentación y Hostelería,147968.17
2025-01-01,RN-BCN-CV04,B,moda_belleza,Moda y Belleza,8951.15
2025-01-01,RN-BCN-CV04,B,hogar_electronica,"Hogar, Electrónica y Electrodomésticos",19780.97
2025-01-01,RN-BCN-CV04,B,alimentacion_hosteleria,Alimentación y Hostelería,111235.41
2025-01-01,RN-BCN-CV05,B,moda_belleza,Moda y Belleza,9507.79
2025-01-01,RN-BCN-CV05,B,hogar_electronica,"Hogar, Electrónica y Electrodomésticos",21011.09
2025-01-01,RN-BCN-CV05,B,alimentacion_hosteleria,Alimentación y Hostelería,118152.79
2025-01-01,RN-BCN-CV06,B,moda_belleza,Moda y Belleza,9746.25
2025-01-01,RN-BCN-CV06,B,hogar_electronica,"Hogar, Electrónica y Electrodomésticos",21538.05
2025-01-01,RN-BCN-CV06,B,alimentacion_hosteleria,Alimentación y Hostelería,121116.07
2025-01-01,RN-BCN-CV07,B,moda_belleza,Moda y Belleza,9999.04
2025-01-01,RN-BCN-CV07,B,hogar_electronica,"Hogar, Electrónica y Electrodomésticos",22096.68
2025-01-01,RN-BCN-CV07,B,alimentacion_hosteleria,Alimentación y Hostelería,124257.45
2025-01-01,RN-BCN-CV08,B,moda_belleza,Moda y Belleza,9846.9
2025-01-01,RN-BCN-CV08,B,hogar_electronica,"Hogar, Electrónica y Electrodomésticos",21760.47
2025-01-01,RN-BCN-CV08,B,alimentacion_hosteleria,Alimentación y Hostelería,122366.85
2025-01-01,RN-BCN-ES01,B,moda_belleza,Moda y Belleza,194158.5
2025-01-01,RN-BCN-ES01,B,hogar_electronica,"Hogar, Electrónica y Electrodomésticos",32505.09
2025-01-01,RN-BCN-ES01,B,alimentacion_hosteleria,Alimentación y Hostelería,3870.8
2025-01-01,RN-BCN-ES02,B,moda_belleza,Moda y Belleza,226664.33
2025-01-01,RN-BCN-ES02,B,hogar_electronica,"Hogar, Electrónica y Electrodomésticos",37947.06
2025-01-01,RN-BCN-ES02,B,alimentacion_hosteleria,Alimentación y Hostelería,4518.84
2025-01-01,RN-BCN-ES03,B,moda_belleza,Moda y Belleza,235017.22
2025-01-01,RN-BCN-ES03,B,hogar_electronica,"Hogar, Electrónica y Electrodomésticos",39345.46
2025-01-01,RN-BCN-ES03,B,alimentacion_hosteleria,Alimentación y Hostelería,4685.37
2025-01-01,RN-BCN-ES04,B,moda_belleza,Moda y Belleza,215914.4
2025-01-01,RN-BCN-ES04,B,hogar_electronica,"Hogar, Electrónica y Electrodomésticos",36147.36
2025-01-01,RN-BCN-ES04,B,alimentacion_hosteleria,Alimentación y Hostelería,4304.53
2025-01-01,RN-BCN-ES05,B,moda_belleza,Moda y Belleza,232075.22
2025-01-01,RN-BCN-ES05,B,hogar_electronica,"Hogar, Electrónica y Electrodomésticos",38852.92
2025-01-01,RN-BCN-ES05,B,alimentacion_hosteleria,Alimentación y Hostelería,4626.71
2025-01-01,RN-BCN-ES06,B,moda_belleza,Moda y Belleza,229639.83
2025-01-01,RN-BCN-ES06,B,hogar_electronica,"Hogar, Electrónica y Electrodomésticos",38445.2
2025-01-01,RN-BCN-ES06,B,alimentacion_hosteleria,Alimentación y Hostelería,4578.16
2025-01-01,RN-BCN-ES07,B,moda_belleza,Moda y Belleza,221998.33
2025-01-01,RN-BCN-ES07,B,hogar_electronica,"Hogar, Electrónica y Electrodomésticos",37165.9
2025-01-01,RN-BCN-ES07,B,alimentacion_hosteleria,Alimentación y Hostelería,4425.82
2025-01-01,RN-BCN-ES08,B,moda_belleza,Moda y Belleza,171121.37
2025-01-01,RN-BCN-ES08,B,hogar_electronica,"Hogar, Electrónica y Electrodomésticos",28648.32
2025-01-01,RN-BCN-ES08,B,alimentacion_hosteleria,Alimentación y Hostelería,3411.52
2025-01-01,RN-BCN-ES09,B,moda_belleza,Moda y Belleza,226094.59
2025-01-01,RN-BCN-ES09,B,hogar_electronica,"Hogar, Electrónica y Electrodomésticos",37851.68
2025-01-01,RN-BCN-ES09,B,alimentacion_hosteleria,Alimentación y Hostelería,4507.48
2025-01-01,RN-BCN-ES10,B,moda_belleza,Moda y Belleza,211099.36
2025-01-01,RN-BCN-ES10,B,hogar_electronica,"Hogar, Electrónica y Electrodomésticos",35341.25
2025-01-01,RN-BCN-ES10,B,alimentacion_hosteleria,Alimentación y Hostelería,4208.53
2025-01-01,RN-BCN-ES11,B,moda_belleza,Moda y Belleza,223094.38
2025-01-01,RN-BCN-ES11,B,hogar_electronica,"Hogar, Electrónica y Electrodomésticos",37349.39
2025-01-01,RN-BCN-ES11,B,alimentacion_hosteleria,Alimentación y Hostelería,4447.67
2025-01-01,RN-BCN-ES12,B,moda_belleza,Moda y Belleza,189206.73
2025-01-01,RN-BCN-ES12,B,hogar_electronica,"Hogar, Electrónica y Electrodomésticos",31676.09
2025-01-01,RN-BCN-ES12,B,alimentacion_hosteleria,Alimentación y Hostelería,3772.08
2025-01-01,RN-BCN-ES13,B,moda_belleza,Moda y Belleza,224450.86
2025-01-01,RN-BCN-ES13,B,hogar_electronica,"Hogar, Electrónica y Electrodomésticos",37576.49
2025-01-01,RN-BCN-ES13,B,alimentacion_hosteleria,Alimentación y Hostelería,4474.71
2025-01-01,RN-BCN-ES14,B,moda_belleza,Moda y Belleza,243137.54
2025-01-01,RN-BCN-ES14,B,hogar_electronica,"Hogar, Electrónica y Electrodomésticos",40704.93
2025-01-01,RN-BCN-ES14,B,alimentacion_hosteleria,Alimentación y Hostelería,4847.26
2025-01-01,RN-BCN-GA01,B,moda_belleza,Moda y Belleza,1453874.35
2025-01-01,RN-BCN-GA01,B,hogar_electronica,"Hogar, Electrónica y Electrodomésticos",1769417.26
2025-01-01,RN-BCN-GA01,B,alimentacion_hosteleria,Alimentación y Hostelería,443593.98
2025-01-01,RN-BCN-GA02,B,moda_belleza,Moda y Belleza,1703008.48
2025-01-01,RN-BCN-GA02,B,hogar_electronica,"Hogar, Electrónica y Electrodomésticos",2072622.44
2025-01-01,RN-BCN-GA02,B,alimentacion_hosteleria,Alimentación y Hostelería,519607.7
2025-01-01,RN-BCN-HI01,B,moda_belleza,Moda y Belleza,55606.3
2025-01-01,RN-BCN-HI01,B,hogar_electronica,"Hogar, Electrónica y Electrodomésticos",143363.84
2025-01-01,RN-BCN-HI01,B,alimentacion_hosteleria,Alimentación y Hostelería,475581.76
2025-01-01,RN-BCN-HI02,B,moda_belleza,Moda y Belleza,82291.03
2025-01-01,RN-BCN-HI02,B,hogar_electronica,"Hogar, Electrónica y Electrodomésticos",212162.28
2025-01-01,RN-BCN-HI02,B,alimentacion_hosteleria,Alimentación y Hostelería,703807.24
2025-01-01,RN-BCN-HI03,B,moda_belleza,Moda y Belleza,54692.11
2025-01-01,RN-BCN-HI03,B,hogar_electronica,"Hogar, Electrónica y Electrodomésticos",141006.9
2025-01-01,RN-BCN-HI03,B,alimentacion_hosteleria,Alimentación y Hostelería,467763.07
2025-01-01,RN-BCN-HI04,B,moda_belleza,Moda y Belleza,68921.48
2025-01-01,RN-BCN-HI04,B,hogar_electronica,"Hogar, Electrónica y Electrodomésticos",177692.98
2025-01-01,RN-BCN-HI04,B,alimentacion_hosteleria,Alimentación y Hostelería,589462.04
2025-01-01,RN-BIO-CV01,E,moda_belleza,Moda y Belleza,10242.31
2025-01-01,RN-BIO-CV01,E,hogar_electronica,"Hogar, Electrónica y Electrodomésticos",27228.22
2025-01-01,RN-BIO-CV01,E,alimentacion_hosteleria,Alimentación y Hostelería,137568.68
2025-01-01,RN-BIO-CV02,E,moda_belleza,Moda y Belleza,9746.13
2025-01-01,RN-BIO-CV02,E,hogar_electronica,"Hogar, Electrónica y Electrodomésticos",25909.18
2025-01-01,RN-BIO-CV02,E,alimentacion_hosteleria,Alimentación y Hostelería,130904.32
2025-01-01,RN-BIO-CV03,E,moda_belleza,Moda y Belleza,9349.27
2025-01-01,RN-BIO-CV03,E,hogar_electronica,"Hogar, Electrónica y Electrodomésticos",24854.18
2025-01-01,RN-BIO-CV03,E,alimentacion_hosteleria,Alimentación y Hostelería,125574.0
2025-01-01,RN-BIO-CV04,E,moda_belleza,Moda y Belleza,10625.61
2025-01-01,RN-BIO-CV04,E,hogar_electronica,"Hogar, Electrónica y Electrodomésticos",28247.19
2025-01-01,RN-BIO-CV04,E,alimentacion_hosteleria,Alimentación y Hostelería,142716.98
2025-01-01,RN-BIO-ES01,E,moda_belleza,Moda y Belleza,191473.33
2025-01-01,RN-BIO-ES01,E,hogar_electronica,"Hogar, Electrónica y Electrodomésticos",38561.67
2025-01-01,RN-BIO-ES01,E,alimentacion_hosteleria,Alimentación y Hostelería,4125.82
2025-01-01,RN-BIO-ES02,E,moda_belleza,Moda y Belleza,181522.8
2025-01-01,RN-BIO-ES02,E,hogar_electronica,"Hogar, Electrónica y Electrodomésticos",36557.69
2025-01-01,RN-BIO-ES02,E,alimentacion_hosteleria,Alimentación y Hostelería,3911.4
2025-01-01,RN-BIO-ES03,E,moda_belleza,Moda y Belleza,263768.25
2025-01-01,RN-BIO-ES03,E,hogar_electronica,"Hogar, Electrónica y Electrodomésticos",53121.47
2025-01-01,RN-BIO-ES03,E,alimentacion_hosteleria,Alimentación y Hostelería,5683.61
2025-01-01,RN-BIO-ES04,E,moda_belleza,Moda y Belleza,223720.27
2025-01-01,RN-BIO-ES04,E,hogar_electronica,"Hogar, Electrónica y Electrodomésticos",45056.03
2025-01-01,RN-BIO-ES04,E,alimentacion_hosteleria,Alimentación y Hostelería,4820.66
2025-01-01,RN-BIO-ES05,E,moda_belleza,Moda y Belleza,216482.7
2025-01-01,RN-BIO-ES05,E,hogar_electronica,"Hogar, Electrónica y Electrodomésticos",43598.42
2025-01-01,RN-BIO-ES05,E,alimentacion_hosteleria,Alimentación y Hostelería,4664.71
2025-01-01,RN-BIO-ES06,E,moda_belleza,Moda y Belleza,260915.04
2025-01-01,RN-BIO-ES06,E,hogar_electronica,"Hogar, Electrónica y Electrodomésticos",52546.85
2025-01-01,RN-BIO-ES06,E,alimentacion_hosteleria,Alimentación y Hostelería,5622.13
2025-01-01,RN-BIO-ES07,E,moda_belleza,Moda y Belleza,221936.42
2025-01-01,RN-BIO-ES07,E,hogar_electronica,"Hogar, Electrónica y Electrodomésticos",44696.77
2025-01-01,RN-BIO-ES07,E,alimentacion_hosteleria,Alimentación y Hostelería,4782.23
2025-01-01,RN-BIO-GA01,E,moda_belleza,Moda y Belleza,964152.51
2025-01-01,RN-BIO-GA01,E,hogar_electronica,"Hogar, Electrónica y Electrodomésticos",1411567.87
2025-01-01,RN-BIO-GA01,E,alimentacion_hosteleria,Alimentación y Hostelería,317952.37
2025-01-01,RN-BIO-HI01,E,moda_belleza,Moda y Belleza,63726.29
2025-01-01,RN-BIO-HI01,E,hogar_electronica,"Hogar, Electrónica y Electrodomésticos",197645.5
2025-01-01,RN-BIO-HI01,E,alimentacion_hosteleria,Alimentación y Hostelería,589084.26
2025-01-01,RN-BIO-HI02,E,moda_belleza,Moda y Belleza,47904.94
2025-01-01,RN-BIO-HI02,E,hogar_electronica,"Hogar, Electrónica y Electrodomésticos",148575.99
2025-01-01,RN-BIO-HI02,E,alimentacion_hosteleria,Alimentación y Hostelería,442832.12
2025-01-01,RN-MAD-CV01,A,moda_belleza,Moda y Belleza,10719.07
2025-01-01,RN-MAD-CV01,A,hogar_electronica,"Hogar, Electrónica y Electrodomésticos",21086.32
2025-01-01,RN-MAD-CV01,A,alimentacion_hosteleria,Alimentación y Hostelería,128451.62
2025-01-01,RN-MAD-CV02,A,moda_belleza,Moda y Belleza,10883.2
2025-01-01,RN-MAD-CV02,A,hogar_electronica,"Hogar, Electrónica y Electrodomésticos",21409.19
2025-01-01,RN-MAD-CV02,A,alimentacion_hosteleria,Alimentación y Hostelería,130418.44
2025-01-01,RN-MAD-CV03,A,moda_belleza,Moda y Belleza,10161.72
2025-01-01,RN-MAD-CV03,A,hogar_electronica,"Hogar, Electrónica y Electrodomésticos",19989.9
2025-01-01,RN-MAD-CV03,A,alimentacion_hosteleria,Alimentación y Hostelería,121772.58
2025-01-01,RN-MAD-CV04,A,moda_belleza,Moda y Belleza,11823.43
2025-01-01,RN-MAD-CV04,A,hogar_electronica,"Hogar, Electrónica y Electrodomésticos",23258.79
2025-01-01,RN-MAD-CV04,A,alimentacion_hosteleria,Alimentación y Hostelería,141685.65
2025-01-01,RN-MAD-CV05,A,moda_belleza,Moda y Belleza,9260.15
2025-01-01,RN-MAD-CV05,A,hogar_electronica,"Hogar, Electrónica y Electrodomésticos",18216.35
2025-01-01,RN-MAD-CV05,A,alimentacion_hosteleria,Alimentación y Hostelería,110968.64
2025-01-01,RN-MAD-CV06,A,moda_belleza,Moda y Belleza,10664.63
2025-01-01,RN-MAD-CV06,A,hogar_electronica,"Hogar, Electrónica y Electrodomésticos",20979.21
2025-01-01,RN-MAD-CV06,A,alimentacion_hosteleria,Alimentación y Hostelería,127799.17
2025-01-01,RN-MAD-CV07,A,moda_belleza,Moda y Belleza,10322.16
2025-01-01,RN-MAD-CV07,A,hogar_electronica,"Hogar, Electrónica y Electrodomésticos",20305.53
2025-01-01,RN-MAD-CV07,A,alimentacion_hosteleria,Alimentación y Hostelería,123695.27
2025-01-01,RN-MAD-CV08,A,moda_belleza,Moda y Belleza,12439.23
2025-01-01,RN-MAD-CV08,A,hogar_electronica,"Hogar, Electrónica y Electrodomésticos",24470.17
2025-01-01,RN-MAD-CV08,A,alimentacion_hosteleria,Alimentación y Hostelería,149065.06
2025-01-01,RN-MAD-CV09,A,moda_belleza,Moda y Belleza,12389.19
2025-01-01,RN-MAD-CV09,A,hogar_electronica,"Hogar, Electrónica y Electrodomésticos",24371.72
2025-01-01,RN-MAD-CV09,A,alimentacion_hosteleria,Alimentación y Hostelería,148465.33
2025-01-01,RN-MAD-CV10,A,moda_belleza,Moda y Belleza,11398.33
2025-01-01,RN-MAD-CV10,A,hogar_electronica,"Hogar, Electrónica y Electrodomésticos",22422.54
2025-01-01,RN-MAD-CV10,A,alimentacion_hosteleria,Alimentación y Hostelería,136591.45
2025-01-01,RN-MAD-ES01,A,moda_belleza,Moda y Belleza,300003.69
2025-01-01,RN-MAD-ES01,A,hogar_electronica,"Hogar, Electrónica y Electrodomésticos",44709.12
2025-01-01,RN-MAD-ES01,A,alimentacion_hosteleria,Alimentación y Hostelería,5767.51
2025-01-01,RN-MAD-ES02,A,moda_belleza,Moda y Belleza,202812.95
2025-01-01,RN-MAD-ES02,A,hogar_electronica,"Hogar, Electrónica y Electrodomésticos",30224.93
2025-01-01,RN-MAD-ES02,A,alimentacion_hosteleria,Alimentación y Hostelería,3899.04
2025-01-01,RN-MAD-ES03,A,moda_belleza,Moda y Belleza,245158.86
2025-01-01,RN-MAD-ES03,A,hogar_electronica,"Hogar, Electrónica y Electrodomésticos",36535.68
2025-01-01,RN-MAD-ES03,A,alimentacion_hosteleria,Alimentación y Hostelería,4713.13
2025-01-01,RN-MAD-ES04,A,moda_belleza,Moda y Belleza,251892.4
2025-01-01,RN-MAD-ES04,A,hogar_electronica,"Hogar, Electrónica y Electrodomésticos",37539.17
2025-01-01,RN-MAD-ES04,A,alimentacion_hosteleria,Alimentación y Hostelería,4842.58
2025-01-01,RN-MAD-ES05,A,moda_belleza,Moda y Belleza,215885.8
2025-01-01,RN-MAD-ES05,A,hogar_electronica,"Hogar, Electrónica y Electrodomésticos",32173.15
2025-01-01,RN-MAD-ES05,A,alimentacion_hosteleria,Alimentación y Hostelería,4150.36
2025-01-01,RN-MAD-ES06,A,moda_belleza,Moda y Belleza,252780.72
2025-01-01,RN-MAD-ES06,A,hogar_electronica,"Hogar, Electrónica y Electrodomésticos",37671.55
2025-01-01,RN-MAD-ES06,A,alimentacion_hosteleria,Alimentación y Hostelería,4859.66
2025-01-01,RN-MAD-ES07,A,moda_belleza,Moda y Belleza,259131.03
2025-01-01,RN-MAD-ES07,A,hogar_electronica,"Hogar, Electrónica y Electrodomésticos",38617.93
2025-01-01,RN-MAD-ES07,A,alimentacion_hosteleria,Alimentación y Hostelería,4981.74
2025-01-01,RN-MAD-ES08,A,moda_belleza,Moda y Belleza,262989.08
2025-01-01,RN-MAD-ES08,A,hogar_electronica,"Hogar, Electrónica y Electrodomésticos",39192.89
2025-01-01,RN-MAD-ES08,A,alimentacion_hosteleria,Alimentación y Hostelería,5055.91
2025-01-01,RN-MAD-ES09,A,moda_belleza,Moda y Belleza,238151.57
2025-01-01,RN-MAD-ES09,A,hogar_electronica,"Hogar, Electrónica y Electrodomésticos",35491.39
2025-01-01,RN-MAD-ES09,A,alimentacion_hosteleria,Alimentación y Hostelería,4578.42
2025-01-01,RN-MAD-ES10,A,moda_belleza,Moda y Belleza,256024.89
2025-01-01,RN-MAD-ES10,A,hogar_electronica,"Hogar, Electrónica y Electrodomésticos",38155.03
2025-01-01,RN-MAD-ES10,A,alimentacion_hosteleria,Alimentación y Hostelería,4922.03
2025-01-01,RN-MAD-ES11,A,moda_belleza,Moda y Belleza,207606.22
2025-01-01,RN-MAD-ES11,A,hogar_electronica,"Hogar, Electrónica y Electrodomésticos",30939.26
2025-01-01,RN-MAD-ES11,A,alimentacion_hosteleria,Alimentación y Hostelería,3991.19
2025-01-01,RN-MAD-ES12,A,moda_belleza,Moda y Belleza,253982.35
2025-01-01,RN-MAD-ES12,A,hogar_electronica,"Hogar, Electrónica y Electrodomésticos",37850.63
2025-01-01,RN-MAD-ES12,A,alimentacion_hosteleria,Alimentación y Hostelería,4882.76
2025-01-01,RN-MAD-ES13,A,moda_belleza,Moda y Belleza,242868.8
2025-01-01,RN-MAD-ES13,A,hogar_electronica,"Hogar, Electrónica y Electrodomésticos",36194.39
2025-01-01,RN-MAD-ES13,A,alimentacion_hosteleria,Alimentación y Hostelería,4669.11
2025-01-01,RN-MAD-ES14,A,moda_belleza,Moda y Belleza,199206.07
2025-01-01,RN-MAD-ES14,A,hogar_electronica,"Hogar, Electrónica y Electrodomésticos",29687.4
2025-01-01,RN-MAD-ES14,A,alimentacion_hosteleria,Alimentación y Hostelería,3829.7
2025-01-01,RN-MAD-ES15,A,moda_belleza,Moda y Belleza,228903.89
2025-01-01,RN-MAD-ES15,A,hogar_electronica,"Hogar, Electrónica y Electrodomésticos",34113.22
2025-01-01,RN-MAD-ES15,A,alimentacion_hosteleria,Alimentación y Hostelería,4400.63
2025-01-01,RN-MAD-ES16,A,moda_belleza,Moda y Belleza,240412.71
2025-01-01,RN-MAD-ES16,A,hogar_electronica,"Hogar, Electrónica y Electrodomésticos",35828.36
2025-01-01,RN-MAD-ES16,A,alimentacion_hosteleria,Alimentación y Hostelería,4621.89
2025-01-01,RN-MAD-ES17,A,moda_belleza,Moda y Belleza,248562.68
2025-01-01,RN-MAD-ES17,A,hogar_electronica,"Hogar, Electrónica y Electrodomésticos",37042.94
2025-01-01,RN-MAD-ES17,A,alimentacion_hosteleria,Alimentación y Hostelería,4778.57
2025-01-01,RN-MAD-ES18,A,moda_belleza,Moda y Belleza,263412.11
2025-01-01,RN-MAD-ES18,A,hogar_electronica,"Hogar, Electrónica y Electrodomésticos",39255.93
2025-01-01,RN-MAD-ES18,A,alimentacion_hosteleria,Alimentación y Hostelería,5064.05
2025-01-01,RN-MAD-ES19,A,moda_belleza,Moda y Belleza,254129.61
2025-01-01,RN-MAD-ES19,A,hogar_electronica,"Hogar, Electrónica y Electrodomésticos",37872.58
2025-01-01,RN-MAD-ES19,A,alimentacion_hosteleria,Alimentación y Hostelería,4885.59
2025-01-01,RN-MAD-ES20,A,moda_belleza,Moda y Belleza,244158.27
2025-01-01,RN-MAD-ES20,A,hogar_electronica,"Hogar, Electrónica y Electrodomésticos",36386.56
2025-01-01,RN-MAD-ES20,A,alimentacion_hosteleria,Alimentación y Hostelería,4693.9
2025-01-01,RN-MAD-GA01,A,moda_belleza,Moda y Belleza,2128356.24
2025-01-01,RN-MAD-GA01,A,hogar_electronica,"Hogar, Electrónica y Electrodomésticos",2305803.65
2025-01-01,RN-MAD-GA01,A,alimentacion_hosteleria,Alimentación y Hostelería,626211.58
2025-01-01,RN-MAD-GA02,A,moda_belleza,Moda y Belleza,1455434.39
2025-01-01,RN-MAD-GA02,A,hogar_electronica,"Hogar, Electrónica y Electrodomésticos",1576778.3
2025-01-01,RN-MAD-GA02,A,alimentacion_hosteleria,Alimentación y Hostelería,428222.43
2025-01-01,RN-MAD-GA03,A,moda_belleza,Moda y Belleza,1736247.98
2025-01-01,RN-MAD-GA03,A,hogar_electronica,"Hogar, Electrónica y Electrodomésticos",1881004.15
2025-01-01,RN-MAD-GA03,A,alimentacion_hosteleria,Alimentación y Hostelería,510844.27
2025-01-01,RN-MAD-HI01,A,moda_belleza,Moda y Belleza,74948.77
2025-01-01,RN-MAD-HI01,A,hogar_electronica,"Hogar, Electrónica y Electrodomésticos",172010.44
2025-01-01,RN-MAD-HI01,A,alimentacion_hosteleria,Alimentación y Hostelería,618135.61
2025-01-01,RN-MAD-HI02,A,moda_belleza,Moda y Belleza,64910.08
2025-01-01,RN-MAD-HI02,A,hogar_electronica,"Hogar, Electrónica y Electrodomésticos",148971.24
2025-01-01,RN-MAD-HI02,A,alimentacion_hosteleria,Alimentación y Hostelería,535342.09
2025-01-01,RN-MAD-HI03,A,moda_belleza,Moda y Belleza,71630.14
2025-01-01,RN-MAD-HI03,A,hogar_electronica,"Hogar, Electrónica y Electrodomésticos",164394.05
2025-01-01,RN-MAD-HI03,A,alimentacion_hosteleria,Alimentación y Hostelería,590765.39
2025-01-01,RN-MAD-HI04,A,moda_belleza,Moda y Belleza,80092.98
2025-01-01,RN-MAD-HI04,A,hogar_electronica,"Hogar, Electrónica y Electrodomésticos",183816.61
2025-01-01,RN-MAD-HI04,A,alimentacion_hosteleria,Alimentación y Hostelería,660562.19
2025-01-01,RN-MAD-HI05,A,moda_belleza,Moda y Belleza,77105.56
2025-01-01,RN-MAD-HI05,A,hogar_electronica,"Hogar, Electrónica y Electrodomésticos",176960.36
2025-01-01,RN-MAD-HI05,A,alimentacion_hosteleria,Alimentación y Hostelería,635923.6
2025-01-01,RN-SEV-CV01,D,moda_belleza,Moda y Belleza,8997.24
2025-01-01,RN-SEV-CV01,D,hogar_electronica,"Hogar, Electrónica y Electrodomésticos",26344.69
2025-01-01,RN-SEV-CV01,D,alimentacion_hosteleria,Alimentación y Hostelería,87132.38
2025-01-01,RN-SEV-CV02,D,moda_belleza,Moda y Belleza,10746.18
2025-01-01,RN-SEV-CV02,D,hogar_electronica,"Hogar, Electrónica y Electrodomésticos",31465.73
2025-01-01,RN-SEV-CV02,D,alimentacion_hosteleria,Alimentación y Hostelería,104069.68
2025-01-01,RN-SEV-CV03,D,moda_belleza,Moda y Belleza,8909.65
2025-01-01,RN-SEV-CV03,D,hogar_electronica,"Hogar, Electrónica y Electrodomésticos",26088.22
2025-01-01,RN-SEV-CV03,D,alimentacion_hosteleria,Alimentación y Hostelería,86284.1
2025-01-01,RN-SEV-CV04,D,moda_belleza,Moda y Belleza,8425.66
2025-01-01,RN-SEV-CV04,D,hogar_electronica,"Hogar, Electrónica y Electrodomésticos",24671.04
2025-01-01,RN-SEV-CV04,D,alimentacion_hosteleria,Alimentación y Hostelería,81596.95
2025-01-01,RN-SEV-CV05,D,moda_belleza,Moda y Belleza,8151.52
2025-01-01,RN-SEV-CV05,D,hogar_electronica,"Hogar, Electrónica y Electrodomésticos",23868.35
2025-01-01,RN-SEV-CV05,D,alimentacion_hosteleria,Alimentación y Hostelería,78942.12
2025-01-01,RN-SEV-CV06,D,moda_belleza,Moda y Belleza,9198.65
2025-01-01,RN-SEV-CV06,D,hogar_electronica,"Hogar, Electrónica y Electrodomésticos",26934.44
2025-01-01,RN-SEV-CV06,D,alimentacion_hosteleria,Alimentación y Hostelería,89082.9
2025-01-01,RN-SEV-CV07,D,moda_belleza,Moda y Belleza,9301.9
2025-01-01,RN-SEV-CV07,D,hogar_electronica,"Hogar, Electrónica y Electrodomésticos",27236.75
2025-01-01,RN-SEV-CV07,D,alimentacion_hosteleria,Alimentación y Hostelería,90082.75
2025-01-01,RN-SEV-CV08,D,moda_belleza,Moda y Belleza,10161.7
2025-01-01,RN-SEV-CV08,D,hogar_electronica,"Hogar, Electrónica y Electrodomésticos",29754.33
2025-01-01,RN-SEV-CV08,D,alimentacion_hosteleria,Alimentación y Hostelería,98409.39
2025-01-01,RN-SEV-CV09,D,moda_belleza,Moda y Belleza,9928.25
2025-01-01,RN-SEV-CV09,D,hogar_electronica,"Hogar, Electrónica y Electrodomésticos",29070.77
2025-01-01,RN-SEV-CV09,D,alimentacion_hosteleria,Alimentación y Hostelería,96148.58
2025-01-01,RN-SEV-CV10,D,moda_belleza,Moda y Belleza,9818.66
2025-01-01,RN-SEV-CV10,D,hogar_electronica,"Hogar, Electrónica y Electrodomésticos",28749.87
2025-01-01,RN-SEV-CV10,D,alimentacion_hosteleria,Alimentación y Hostelería,95087.27
2025-01-01,RN-SEV-ES01,D,moda_belleza,Moda y Belleza,183972.8
2025-01-01,RN-SEV-ES01,D,hogar_electronica,"Hogar, Electrónica y Electrodomésticos",40809.7
2025-01-01,RN-SEV-ES01,D,alimentacion_hosteleria,Alimentación y Hostelería,2858.27
2025-01-01,RN-SEV-ES02,D,moda_belleza,Moda y Belleza,170025.21
2025-01-01,RN-SEV-ES02,D,hogar_electronica,"Hogar, Electrónica y Electrodomésticos",37715.78
2025-01-01,RN-SEV-ES02,D,alimentacion_hosteleria,Alimentación y Hostelería,2641.58
2025-01-01,RN-SEV-ES03,D,moda_belleza,Moda y Belleza,171852.43
2025-01-01,RN-SEV-ES03,D,hogar_electronica,"Hogar, Electrónica y Electrodomésticos",38121.1
2025-01-01,RN-SEV-ES03,D,alimentacion_hosteleria,Alimentación y Hostelería,2669.96
2025-01-01,RN-SEV-ES04,D,moda_belleza,Moda y Belleza,147806.57
2025-01-01,RN-SEV-ES04,D,hogar_electronica,"Hogar, Electrónica y Electrodomésticos",32787.14
2025-01-01,RN-SEV-ES04,D,alimentacion_hosteleria,Alimentación y Hostelería,2296.38
2025-01-01,RN-SEV-ES05,D,moda_belleza,Moda y Belleza,141370.13
2025-01-01,RN-SEV-ES05,D,hogar_electronica,"Hogar, Electrónica y Electrodomésticos",31359.37
2025-01-01,RN-SEV-ES05,D,alimentacion_hosteleria,Alimentación y Hostelería,2196.38
2025-01-01,RN-SEV-ES06,D,moda_belleza,Moda y Belleza,187375.02
2025-01-01,RN-SEV-ES06,D,hogar_electronica,"Hogar, Electrónica y Electrodomésticos",41564.39
2025-01-01,RN-SEV-ES06,D,alimentacion_hosteleria,Alimentación y Hostelería,2911.13
2025-01-01,RN-SEV-ES07,D,moda_belleza,Moda y Belleza,196889.28
2025-01-01,RN-SEV-ES07,D,hogar_electronica,"Hogar, Electrónica y Electrodomésticos",43674.89
2025-01-01,RN-SEV-ES07,D,alimentacion_hosteleria,Alimentación y Hostelería,3058.95
2025-01-01,RN-SEV-ES08,D,moda_belleza,Moda y Belleza,185883.8
2025-01-01,RN-SEV-ES08,D,hogar_electronica,"Hogar, Electrónica y Electrodomésticos",41233.61
2025-01-01,RN-SEV-ES08,D,alimentacion_hosteleria,Alimentación y Hostelería,2887.96
2025-01-01,RN-SEV-ES09,D,moda_belleza,Moda y Belleza,170059.39
2025-01-01,RN-SEV-ES09,D,hogar_electronica,"Hogar, Electrónica y Electrodomésticos",37723.36
2025-01-01,RN-SEV-ES09,D,alimentacion_hosteleria,Alimentación y Hostelería,2642.11
2025-01-01,RN-SEV-ES10,D,moda_belleza,Moda y Belleza,170045.08
2025-01-01,RN-SEV-ES10,D,hogar_electronica,"Hogar, Electrónica y Electrodomésticos",37720.19
2025-01-01,RN-SEV-ES10,D,alimentacion_hosteleria,Alimentación y Hostelería,2641.88
2025-01-01,RN-SEV-ES11,D,moda_belleza,Moda y Belleza,167998.64
2025-01-01,RN-SEV-ES11,D,hogar_electronica,"Hogar, Electrónica y Electrodomésticos",37266.23
2025-01-01,RN-SEV-ES11,D,alimentacion_hosteleria,Alimentación y Hostelería,2610.09
2025-01-01,RN-SEV-ES12,D,moda_belleza,Moda y Belleza,161089.84
2025-01-01,RN-SEV-ES12,D,hogar_electronica,"Hogar, Electrónica y Electrodomésticos",35733.69
2025-01-01,RN-SEV-ES12,D,alimentacion_hosteleria,Alimentación y Hostelería,2502.75
2025-01-01,RN-SEV-GA01,D,moda_belleza,Moda y Belleza,696544.43
2025-01-01,RN-SEV-GA01,D,hogar_electronica,"Hogar, Electrónica y Electrodomésticos",1123225.65
2025-01-01,RN-SEV-GA01,D,alimentacion_hosteleria,Alimentación y Hostelería,165620.23
2025-01-01,RN-SEV-HI01,D,moda_belleza,Moda y Belleza,46358.12
2025-01-01,RN-SEV-HI01,D,hogar_electronica,"Hogar, Electrónica y Electrodomésticos",158363.95
2025-01-01,RN-SEV-HI01,D,alimentacion_hosteleria,Alimentación y Hostelería,308981.79
2025-01-01,RN-SEV-HI02,D,moda_belleza,Moda y Belleza,50435.71
2025-01-01,RN-SEV-HI02,D,hogar_electronica,"Hogar, Electrónica y Electrodomésticos",172293.39
2025-01-01,RN-SEV-HI02,D,alimentacion_hosteleria,Alimentación y Hostelería,336159.34
2025-01-01,RN-SEV-HI03,D,moda_belleza,Moda y Belleza,44549.95
2025-01-01,RN-SEV-HI03,D,hogar_electronica,"Hogar, Electrónica y Electrodomésticos",152187.04
2025-01-01,RN-SEV-HI03,D,alimentacion_hosteleria,Alimentación y Hostelería,296930.11
2025-01-01,RN-SEV-HI04,D,moda_belleza,Moda y Belleza,59864.1
2025-01-01,RN-SEV-HI04,D,hogar_electronica,"Hogar, Electrónica y Electrodomésticos",204501.7
2025-01-01,RN-SEV-HI04,D,alimentacion_hosteleria,Alimentación y Hostelería,399000.55
2025-01-01,RN-VLC-CV01,C,moda_belleza,Moda y Belleza,6249.01
2025-01-01,RN-VLC-CV01,C,hogar_electronica,"Hogar, Electrónica y Electrodomésticos",13118.73
2025-01-01,RN-VLC-CV01,C,alimentacion_hosteleria,Alimentación y Hostelería,118500.96
2025-01-01,RN-VLC-CV02,C,moda_belleza,Moda y Belleza,6757.24
2025-01-01,RN-VLC-CV02,C,hogar_electronica,"Hogar, Electrónica y Electrodomésticos",14185.66
2025-01-01,RN-VLC-CV02,C,alimentacion_hosteleria,Alimentación y Hostelería,128138.5
2025-01-01,RN-VLC-CV03,C,moda_belleza,Moda y Belleza,7209.91
2025-01-01,RN-VLC-CV03,C,hogar_electronica,"Hogar, Electrónica y Electrodomésticos",15135.97
2025-01-01,RN-VLC-CV03,C,alimentacion_hosteleria,Alimentación y Hostelería,136722.63
2025-01-01,RN-VLC-CV04,C,moda_belleza,Moda y Belleza,6079.9
2025-01-01,RN-VLC-CV04,C,hogar_electronica,"Hogar, Electrónica y Electrodomésticos",12763.7
2025-01-01,RN-VLC-CV04,C,alimentacion_hosteleria,Alimentación y Hostelería,115294.03
2025-01-01,RN-VLC-CV05,C,moda_belleza,Moda y Belleza,5241.94
2025-01-01,RN-VLC-CV05,C,hogar_electronica,"Hogar, Electrónica y Electrodomésticos",11004.56
2025-01-01,RN-VLC-CV05,C,alimentacion_hosteleria,Alimentación y Hostelería,99403.72
2025-01-01,RN-VLC-CV06,C,moda_belleza,Moda y Belleza,7434.28
2025-01-01,RN-VLC-CV06,C,hogar_electronica,"Hogar, Electrónica y Electrodomésticos",15606.99
2025-01-01,RN-VLC-CV06,C,alimentacion_hosteleria,Alimentación y Hostelería,140977.31
2025-01-01,RN-VLC-CV07,C,moda_belleza,Moda y Belleza,5980.92
2025-01-01,RN-VLC-CV07,C,hogar_electronica,"Hogar, Electrónica y Electrodomésticos",12555.91
2025-01-01,RN-VLC-CV07,C,alimentacion_hosteleria,Alimentación y Hostelería,113417.06
2025-01-01,RN-VLC-CV08,C,moda_belleza,Moda y Belleza,5359.56
2025-01-01,RN-VLC-CV08,C,hogar_electronica,"Hogar, Electrónica y Electrodomésticos",11251.48
2025-01-01,RN-VLC-CV08,C,alimentacion_hosteleria,Alimentación y Hostelería,101634.18
2025-01-01,RN-VLC-CV09,C,moda_belleza,Moda y Belleza,5552.94
2025-01-01,RN-VLC-CV09,C,hogar_electronica,"Hogar, Electrónica y Electrodomésticos",11657.45
2025-01-01,RN-VLC-CV09,C,alimentacion_hosteleria,Alimentación y Hostelería,105301.27
2025-01-01,RN-VLC-ES01,C,moda_belleza,Moda y Belleza,193927.97
2025-01-01,RN-VLC-ES01,C,hogar_electronica,"Hogar, Electrónica y Electrodomésticos",30842.31
2025-01-01,RN-VLC-ES01,C,alimentacion_hosteleria,Alimentación y Hostelería,5899.71
2025-01-01,RN-VLC-ES02,C,moda_belleza,Moda y Belleza,141982.89
2025-01-01,RN-VLC-ES02,C,hogar_electronica,"Hogar, Electrónica y Electrodomésticos",22580.97
2025-01-01,RN-VLC-ES02,C,alimentacion_hosteleria,Alimentación y Hostelería,4319.43
2025-01-01,RN-VLC-ES03,C,moda_belleza,Moda y Belleza,164585.65
2025-01-01,RN-VLC-ES03,C,hogar_electronica,"Hogar, Electrónica y Electrodomésticos",26175.71
2025-01-01,RN-VLC-ES03,C,alimentacion_hosteleria,Alimentación y Hostelería,5007.05
2025-01-01,RN-VLC-ES04,C,moda_belleza,Moda y Belleza,176786.94
2025-01-01,RN-VLC-ES04,C,hogar_electronica,"Hogar, Electrónica y Electrodomésticos",28116.2
2025-01-01,RN-VLC-ES04,C,alimentacion_hosteleria,Alimentación y Hostelería,5378.24
2025-01-01,RN-VLC-ES05,C,moda_belleza,Moda y Belleza,183770.65
2025-01-01,RN-VLC-ES05,C,hogar_electronica,"Hogar, Electrónica y Electrodomésticos",29226.89
2025-01-01,RN-VLC-ES05,C,alimentacion_hosteleria,Alimentación y Hostelería,5590.7
2025-01-01,RN-VLC-ES06,C,moda_belleza,Moda y Belleza,137160.36
2025-01-01,RN-VLC-ES06,C,hogar_electronica,"Hogar, Electrónica y Electrodomésticos",21813.99
2025-01-01,RN-VLC-ES06,C,alimentacion_hosteleria,Alimentación y Hostelería,4172.72
2025-01-01,RN-VLC-ES07,C,moda_belleza,Moda y Belleza,166532.06
2025-01-01,RN-VLC-ES07,C,hogar_electronica,"Hogar, Electrónica y Electrodomésticos",26485.27
2025-01-01,RN-VLC-ES07,C,alimentacion_hosteleria,Alimentación y Hostelería,5066.27
2025-01-01,RN-VLC-ES08,C,moda_belleza,Moda y Belleza,198424.55
2025-01-01,RN-VLC-ES08,C,hogar_electronica,"Hogar, Electrónica y Electrodomésticos",31557.45
2025-01-01,RN-VLC-ES08,C,alimentacion_hosteleria,Alimentación y Hostelería,6036.51
2025-01-01,RN-VLC-ES09,C,moda_belleza,Moda y Belleza,173425.71
2025-01-01,RN-VLC-ES09,C,hogar_electronica,"Hogar, Electrónica y Electrodomésticos",27581.63
2025-01-01,RN-VLC-ES09,C,alimentacion_hosteleria,Alimentación y Hostelería,5275.99
2025-01-01,RN-VLC-ES10,C,moda_belleza,Moda y Belleza,153731.92
2025-01-01,RN-VLC-ES10,C,hogar_electronica,"Hogar, Electrónica y Electrodomésticos",24449.53
2025-01-01,RN-VLC-ES10,C,alimentacion_hosteleria,Alimentación y Hostelería,4676.86
2025-01-01,RN-VLC-GA01,C,moda_belleza,Moda y Belleza,1158259.15
2025-01-01,RN-VLC-GA01,C,hogar_electronica,"Hogar, Electrónica y Electrodomésticos",1339123.68
2025-01-01,RN-VLC-GA01,C,alimentacion_hosteleria,Alimentación y Hostelería,539275.59
2025-01-01,RN-VLC-HI01,C,moda_belleza,Moda y Belleza,43884.11
2025-01-01,RN-VLC-HI01,C,hogar_electronica,"Hogar, Electrónica y Electrodomésticos",107481.71
2025-01-01,RN-VLC-HI01,C,alimentacion_hosteleria,Alimentación y Hostelería,572736.44
2025-01-01,RN-VLC-HI02,C,moda_belleza,Moda y Belleza,47144.33
2025-01-01,RN-VLC-HI02,C,hogar_electronica,"Hogar, Electrónica y Electrodomésticos",115466.68
2025-01-01,RN-VLC-HI02,C,alimentacion_hosteleria,Alimentación y Hostelería,615285.84
2025-01-01,RN-VLC-HI03,C,moda_belleza,Moda y Belleza,51598.35
2025-01-01,RN-VLC-HI03,C,hogar_electronica,"Hogar, Electrónica y Electrodomésticos",126375.56
2025-01-01,RN-VLC-HI03,C,alimentacion_hosteleria,Alimentación y Hostelería,673415.85
2025-01-01,RN-VLC-HI04,C,moda_belleza,Moda y Belleza,41993.51
2025-01-01,RN-VLC-HI04,C,hogar_electronica,"Hogar, Electrónica y Electrodomésticos",102851.21
2025-01-01,RN-VLC-HI04,C,alimentacion_hosteleria,Alimentación y Hostelería,548061.98
2025-01-01,RN-VLC-HI05,C,moda_belleza,Moda y Belleza,46628.93
2025-01-01,RN-VLC-HI05,C,hogar_electronica,"Hogar, Electrónica y Electrodomésticos",114204.36
2025-01-01,RN-VLC-HI05,C,alimentacion_hosteleria,Alimentación y Hostelería,608559.36
2025-01-01,RN-VLC-HI06,C,moda_belleza,Moda y Belleza,45209.34
2025-01-01,RN-VLC-HI06,C,hogar_electronica,"Hogar, Electrónica y Electrodomésticos",110727.47
2025-01-01,RN-VLC-HI06,C,alimentacion_hosteleria,Alimentación y Hostelería,590032.11
2025-01-01,RN-VLC-HI07,C,moda_belleza,Moda y Belleza,36315.18
2025-01-01,RN-VLC-HI07,C,hogar_electronica,"Hogar, Electrónica y Electrodomésticos",88943.76
2025-01-01,RN-VLC-HI07,C,alimentacion_hosteleria,Alimentación y Hostelería,473953.5
2025-02-01,RN-BCN-CV01,B,moda_belleza,Moda y Belleza,8598.4
2025-02-01,RN-BCN-CV01,B,hogar_electronica,"Hogar, Electrónica y Electrodomésticos",19001.44
2025-02-01,RN-BCN-CV01,B,alimentacion_hosteleria,Alimentación y Hostelería,106851.84
2025-02-01,RN-BCN-CV02,B,moda_belleza,Moda y Belleza,9527.37
2025-02-01,RN-BCN-CV02,B,hogar_electronica,"Hogar, Electrónica y Electrodomésticos",21054.36
2025-02-01,RN-BCN-CV02,B,alimentacion_hosteleria,Alimentación y Hostelería,118396.12
2025-02-01,RN-BCN-CV03,B,moda_belleza,Moda y Belleza,10058.17
2025-02-01,RN-BCN-CV03,B,hogar_electronica,"Hogar, Electrónica y Electrodomésticos",22227.36
2025-02-01,RN-BCN-CV03,B,alimentacion_hosteleria,Alimentación y Hostelería,124992.3
2025-02-01,RN-BCN-CV04,B,moda_belleza,Moda y Belleza,7795.43
2025-02-01,RN-BCN-CV04,B,hogar_electronica,"Hogar, Electrónica y Electrodomésticos",17226.98
2025-02-01,RN-BCN-CV04,B,alimentacion_hosteleria,Alimentación y Hostelería,96873.38
2025-02-01,RN-BCN-CV05,B,moda_belleza,Moda y Belleza,8311.39
2025-02-01,RN-BCN-CV05,B,hogar_electronica,"Hogar, Electrónica y Electrodomésticos",18367.17
2025-02-01,RN-BCN-CV05,B,alimentacion_hosteleria,Alimentación y Hostelería,103285.11
2025-02-01,RN-BCN-CV06,B,moda_belleza,Moda y Belleza,8322.65
2025-02-01,RN-BCN-CV06,B,hogar_electronica,"Hogar, Electrónica y Electrodomésticos",18392.06
2025-02-01,RN-BCN-CV06,B,alimentacion_hosteleria,Alimentación y Hostelería,103425.05
2025-02-01,RN-BCN-CV07,B,moda_belleza,Moda y Belleza,8842.62
2025-02-01,RN-BCN-CV07,B,hogar_electronica,"Hogar, Electrónica y Electrodomésticos",19541.14
2025-02-01,RN-BCN-CV07,B,alimentacion_hosteleria,Alimentación y Hostelería,109886.75
2025-02-01,RN-BCN-CV08,B,moda_belleza,Moda y Belleza,8587.61
2025-02-01,RN-BCN-CV08,B,hogar_electronica,"Hogar, Electrónica y Electrodomésticos",18977.6
2025-02-01,RN-BCN-CV08,B,alimentacion_hosteleria,Alimentación y Hostelería,106717.78
2025-02-01,RN-BCN-ES01,B,moda_belleza,Moda y Belleza,159018.87
2025-02-01,RN-BCN-ES01,B,hogar_electronica,"Hogar, Electrónica y Electrodomésticos",26622.18
2025-02-01,RN-BCN-ES01,B,alimentacion_hosteleria,Alimentación y Hostelería,3170.24
2025-02-01,RN-BCN-ES02,B,moda_belleza,Moda y Belleza,183577.9
2025-02-01,RN-BCN-ES02,B,hogar_electronica,"Hogar, Electrónica y Electrodomésticos",30733.73
2025-02-01,RN-BCN-ES02,B,alimentacion_hosteleria,Alimentación y Hostelería,3659.86
2025-02-01,RN-BCN-ES03,B,moda_belleza,Moda y Belleza,186710.35
2025-02-01,RN-BCN-ES03,B,hogar_electronica,"Hogar, Electrónica y Electrodomésticos",31258.15
2025-02-01,RN-BCN-ES03,B,alimentacion_hosteleria,Alimentación y Hostelería,3722.31
2025-02-01,RN-BCN-ES04,B,moda_belleza,Moda y Belleza,181321.77
2025-02-01,RN-BCN-ES04,B,hogar_electronica,"Hogar, Electrónica y Electrodomésticos",30356.02
2025-02-01,RN-BCN-ES04,B,alimentacion_hosteleria,Alimentación y Hostelería,3614.88
2025-02-01,RN-BCN-ES05,B,moda_belleza,Moda y Belleza,192666.41
2025-02-01,RN-BCN-ES05,B,hogar_electronica,"Hogar, Electrónica y Electrodomésticos",32255.29
2025-02-01,RN-BCN-ES05,B,alimentacion_hosteleria,Alimentación y Hostelería,3841.05
2025-02-01,RN-BCN-ES06,B,moda_belleza,Moda y Belleza,189137.18
2025-02-01,RN-BCN-ES06,B,hogar_electronica,"Hogar, Electrónica y Electrodomésticos",31664.44
2025-02-01,RN-BCN-ES06,B,alimentacion_hosteleria,Alimentación y Hostelería,3770.69
2025-02-01,RN-BCN-ES07,B,moda_belleza,Moda y Belleza,184803.95
2025-02-01,RN-BCN-ES07,B,hogar_electronica,"Hogar, Electrónica y Electrodomésticos",30939.0
2025-02-01,RN-BCN-ES07,B,alimentacion_hosteleria,Alimentación y Hostelería,3684.3
2025-02-01,RN-BCN-ES08,B,moda_belleza,Moda y Belleza,146359.42
2025-02-01,RN-BCN-ES08,B,hogar_electronica,"Hogar, Electrónica y Electrodomésticos",24502.8
2025-02-01,RN-BCN-ES08,B,alimentacion_hosteleria,Alimentación y Hostelería,2917.86
2025-02-01,RN-BCN-ES09,B,moda_belleza,Moda y Belleza,187646.82
2025-02-01,RN-BCN-ES09,B,hogar_electronica,"Hogar, Electrónica y Electrodomésticos",31414.93
2025-02-01,RN-BCN-ES09,B,alimentacion_hosteleria,Alimentación y Hostelería,3740.98
2025-02-01,RN-BCN-ES10,B,moda_belleza,Moda y Belleza,176677.18
2025-02-01,RN-BCN-ES10,B,hogar_electronica,"Hogar, Electrónica y Electrodomésticos",29578.45
2025-02-01,RN-BCN-ES10,B,alimentacion_hosteleria,Alimentación y Hostelería,3522.28
2025-02-01,RN-BCN-ES11,B,moda_belleza,Moda y Belleza,186002.55
2025-02-01,RN-BCN-ES11,B,hogar_electronica,"Hogar, Electrónica y Electrodomésticos",31139.66
2025-02-01,RN-BCN-ES11,B,alimentacion_hosteleria,Alimentación y Hostelería,3708.2
2025-02-01,RN-BCN-ES12,B,moda_belleza,Moda y Belleza,158987.67
2025-02-01,RN-BCN-ES12,B,hogar_electronica,"Hogar, Electrónica y Electrodomésticos",26616.96
2025-02-01,RN-BCN-ES12,B,alimentacion_hosteleria,Alimentación y Hostelería,3169.62
2025-02-01,RN-BCN-ES13,B,moda_belleza,Moda y Belleza,187702.08
2025-02-01,RN-BCN-ES13,B,hogar_electronica,"Hogar, Electrónica y Electrodomésticos",31424.18
2025-02-01,RN-BCN-ES13,B,alimentacion_hosteleria,Alimentación y Hostelería,3742.08
2025-02-01,RN-BCN-ES14,B,moda_belleza,Moda y Belleza,206798.04
2025-02-01,RN-BCN-ES14,B,hogar_electronica,"Hogar, Electrónica y Electrodomésticos",34621.14
2025-02-01,RN-BCN-ES14,B,alimentacion_hosteleria,Alimentación y Hostelería,4122.78
2025-02-01,RN-BCN-GA01,B,moda_belleza,Moda y Belleza,1218627.3
2025-02-01,RN-BCN-GA01,B,hogar_electronica,"Hogar, Electrónica y Electrodomésticos",1483113.16
2025-02-01,RN-BCN-GA01,B,alimentacion_hosteleria,Alimentación y Hostelería,371817.37
2025-02-01,RN-BCN-GA02,B,moda_belleza,Moda y Belleza,1448395.98
2025-02-01,RN-BCN-GA02,B,hogar_electronica,"Hogar, Electrónica y Electrodomésticos",1762749.89
2025-02-01,RN-BCN-GA02,B,alimentacion_hosteleria,Alimentación y Hostelería,441922.46
2025-02-01,RN-BCN-HI01,B,moda_belleza,Moda y Belleza,47427.23
2025-02-01,RN-BCN-HI01,B,hogar_electronica,"Hogar, Electrónica y Electrodomésticos",122276.62
2025-02-01,RN-BCN-HI01,B,alimentacion_hosteleria,Alimentación y Hostelería,405629.0
2025-02-01,RN-BCN-HI02,B,moda_belleza,Moda y Belleza,68726.88
2025-02-01,RN-BCN-HI02,B,hogar_electronica,"Hogar, Electrónica y Electrodomésticos",177191.25
2025-02-01,RN-BCN-HI02,B,alimentacion_hosteleria,Alimentación y Hostelería,587797.64
2025-02-01,RN-BCN-HI03,B,moda_belleza,Moda y Belleza,47677.5
2025-02-01,RN-BCN-HI03,B,hogar_electronica,"Hogar, Electrónica y Electrodomésticos",122921.88
2025-02-01,RN-BCN-HI03,B,alimentacion_hosteleria,Alimentación y Hostelería,407769.51
2025-02-01,RN-BCN-HI04,B,moda_belleza,Moda y Belleza,56565.02
2025-02-01,RN-BCN-HI04,B,hogar_electronica,"Hogar, Electrónica y Electrodomésticos",145835.63
2025-02-01,RN-BCN-HI04,B,alimentacion_hosteleria,Alimentación y Hostelería,483781.45
2025-02-01,RN-BIO-CV01,E,moda_belleza,Moda y Belleza,8553.15
2025-02-01,RN-BIO-CV01,E,hogar_electronica,"Hogar, Electrónica y Electrodomésticos",22737.76
2025-02-01,RN-BIO-CV01,E,alimentacion_hosteleria,Alimentación y Hostelería,114880.96
2025-02-01,RN-BIO-CV02,E,moda_belleza,Moda y Belleza,8677.79
2025-02-01,RN-BIO-CV02,E,hogar_electronica,"Hogar, Electrónica y Electrodomésticos",23069.11
2025-02-01,RN-BIO-CV02,E,alimentacion_hosteleria,Alimentación y Hostelería,116555.07
2025-02-01,RN-BIO-CV03,E,moda_belleza,Moda y Belleza,8085.92
2025-02-01,RN-BIO-CV03,E,hogar_electronica,"Hogar, Electrónica y Electrodomésticos",21495.67
2025-02-01,RN-BIO-CV03,E,alimentacion_hosteleria,Alimentación y Hostelería,108605.39
2025-02-01,RN-BIO-CV04,E,moda_belleza,Moda y Belleza,9288.37
2025-02-01,RN-BIO-CV04,E,hogar_electronica,"Hogar, Electrónica y Electrodomésticos",24692.28
2025-02-01,RN-BIO-CV04,E,alimentacion_hosteleria,Alimentación y Hostelería,124756.04
2025-02-01,RN-BIO-ES01,E,moda_belleza,Moda y Belleza,156469.96
2025-02-01,RN-BIO-ES01,E,hogar_electronica,"Hogar, Electrónica y Electrodomésticos",31512.19
2025-02-01,RN-BIO-ES01,E,alimentacion_hosteleria,Alimentación y Hostelería,3371.57
2025-02-01,RN-BIO-ES02,E,moda_belleza,Moda y Belleza,150456.78
2025-02-01,RN-BIO-ES02,E,hogar_electronica,"Hogar, Electrónica y Electrodomésticos",30301.17
2025-02-01,RN-BIO-ES02,E,alimentacion_hosteleria,Alimentación y Hostelería,3242.0
2025-02-01,RN-BIO-ES03,E,moda_belleza,Moda y Belleza,217626.69
2025-02-01,RN-BIO-ES03,E,hogar_electronica,"Hogar, Electrónica y Electrodomésticos",43828.82
2025-02-01,RN-BIO-ES03,E,alimentacion_hosteleria,Alimentación y Hostelería,4689.36
2025-02-01,RN-BIO-ES04,E,moda_belleza,Moda y Belleza,192047.8
2025-02-01,RN-BIO-ES04,E,hogar_electronica,"Hogar, Electrónica y Electrodomésticos",38677.37
2025-02-01,RN-BIO-ES04,E,alimentacion_hosteleria,Alimentación y Hostelería,4138.19
2025-02-01,RN-BIO-ES05,E,moda_belleza,Moda y Belleza,179437.94
2025-02-01,RN-BIO-ES05,E,hogar_electronica,"Hogar, Electrónica y Electrodomésticos",36137.81
2025-02-01,RN-BIO-ES05,E,alimentacion_hosteleria,Alimentación y Hostelería,3866.48
2025-02-01,RN-BIO-ES06,E,moda_belleza,Moda y Belleza,218551.52
2025-02-01,RN-BIO-ES06,E,hogar_electronica,"Hogar, Electrónica y Electrodomésticos",44015.07
2025-02-01,RN-BIO-ES06,E,alimentacion_hosteleria,Alimentación y Hostelería,4709.29
2025-02-01,RN-BIO-ES07,E,moda_belleza,Moda y Belleza,181195.2
2025-02-01,RN-BIO-ES07,E,hogar_electronica,"Hogar, Electrónica y Electrodomésticos",36491.72
2025-02-01,RN-BIO-ES07,E,alimentacion_hosteleria,Alimentación y Hostelería,3904.34
2025-02-01,RN-BIO-GA01,E,moda_belleza,Moda y Belleza,807059.98
2025-02-01,RN-BIO-GA01,E,hogar_electronica,"Hogar, Electrónica y Electrodomésticos",1181576.49
2025-02-01,RN-BIO-GA01,E,alimentacion_hosteleria,Alimentación y Hostelería,266147.34
2025-02-01,RN-BIO-HI01,E,moda_belleza,Moda y Belleza,55461.83
2025-02-01,RN-BIO-HI01,E,hogar_electronica,"Hogar, Electrónica y Electrodomésticos",172013.5
2025-02-01,RN-BIO-HI01,E,alimentacion_hosteleria,Alimentación y Hostelería,512687.84
2025-02-01,RN-BIO-HI02,E,moda_belleza,Moda y Belleza,41745.23
2025-02-01,RN-BIO-HI02,E,hogar_electronica,"Hogar, Electrónica y Electrodomésticos",129471.79
2025-02-01,RN-BIO-HI02,E,alimentacion_hosteleria,Alimentación y Hostelería,385891.86
2025-02-01,RN-MAD-CV01,A,moda_belleza,Moda y Belleza,9251.11
2025-02-01,RN-MAD-CV01,A,hogar_electronica,"Hogar, Electrónica y Electrodomésticos",18198.58
2025-02-01,RN-MAD-CV01,A,alimentacion_hosteleria,Alimentación y Hostelería,110860.34
2025-02-01,RN-MAD-CV02,A,moda_belleza,Moda y Belleza,9935.77
2025-02-01,RN-MAD-CV02,A,hogar_electronica,"Hogar, Electrónica y Electrodomésticos",19545.41
2025-02-01,RN-MAD-CV02,A,alimentacion_hosteleria,Alimentación y Hostelería,119064.88
2025-02-01,RN-MAD-CV03,A,moda_belleza,Moda y Belleza,8998.51
2025-02-01,RN-MAD-CV03,A,hogar_electronica,"Hogar, Electrónica y Electrodomésticos",17701.66
2025-02-01,RN-MAD-CV03,A,alimentacion_hosteleria,Alimentación y Hostelería,107833.3
2025-02-01,RN-MAD-CV04,A,moda_belleza,Moda y Belleza,10139.11
2025-02-01,RN-MAD-CV04,A,hogar_electronica,"Hogar, Electrónica y Electrodomésticos",19945.42
2025-02-01,RN-MAD-CV04,A,alimentacion_hosteleria,Alimentación y Hostelería,121501.59
2025-02-01,RN-MAD-CV05,A,moda_belleza,Moda y Belleza,7592.42
2025-02-01,RN-MAD-CV05,A,hogar_electronica,"Hogar, Electrónica y Electrodomésticos",14935.64
2025-02-01,RN-MAD-CV05,A,alimentacion_hosteleria,Alimentación y Hostelería,90983.52
2025-02-01,RN-MAD-CV06,A,moda_belleza,Moda y Belleza,9026.8
2025-02-01,RN-MAD-CV06,A,hogar_electronica,"Hogar, Electrónica y Electrodomésticos",17757.32
2025-02-01,RN-MAD-CV06,A,alimentacion_hosteleria,Alimentación y Hostelería,108172.37
2025-02-01,RN-MAD-CV07,A,moda_belleza,Moda y Belleza,8738.21
2025-02-01,RN-MAD-CV07,A,hogar_electronica,"Hogar, Electrónica y Electrodomésticos",17189.61
2025-02-01,RN-MAD-CV07,A,alimentacion_hosteleria,Alimentación y Hostelería,104714.02
2025-02-01,RN-MAD-CV08,A,moda_belleza,Moda y Belleza,10641.93
2025-02-01,RN-MAD-CV08,A,hogar_electronica,"Hogar, Electrónica y Electrodomésticos",20934.56
2025-02-01,RN-MAD-CV08,A,alimentacion_hosteleria,Alimentación y Hostelería,127527.13
2025-02-01,RN-MAD-CV09,A,moda_belleza,Moda y Belleza,10590.01
2025-02-01,RN-MAD-CV09,A,hogar_electronica,"Hogar, Electrónica y Electrodomésticos",20832.42
2025-02-01,RN-MAD-CV09,A,alimentacion_hosteleria,Alimentación y Hostelería,126904.93
2025-02-01,RN-MAD-CV10,A,moda_belleza,Moda y Belleza,9610.06
2025-02-01,RN-MAD-CV10,A,hogar_electronica,"Hogar, Electrónica y Electrodomésticos",18904.7
2025-02-01,RN-MAD-CV10,A,alimentacion_hosteleria,Alimentación y Hostelería,115161.83
2025-02-01,RN-MAD-ES01,A,moda_belleza,Moda y Belleza,245501.68
2025-02-01,RN-MAD-ES01,A,hogar_electronica,"Hogar, Electrónica y Electrodomésticos",36586.77
2025-02-01,RN-MAD-ES01,A,alimentacion_hosteleria,Alimentación y Hostelería,4719.72
2025-02-01,RN-MAD-ES02,A,moda_belleza,Moda y Belleza,165882.22
2025-02-01,RN-MAD-ES02,A,hogar_electronica,"Hogar, Electrónica y Electrodomésticos",24721.19
2025-02-01,RN-MAD-ES02,A,alimentacion_hosteleria,Alimentación y Hostelería,3189.05
2025-02-01,RN-MAD-ES03,A,moda_belleza,Moda y Belleza,211541.58
2025-02-01,RN-MAD-ES03,A,hogar_electronica,"Hogar, Electrónica y Electrodomésticos",31525.74
2025-02-01,RN-MAD-ES03,A,alimentacion_hosteleria,Alimentación y Hostelería,4066.85
2025-02-01,RN-MAD-ES04,A,moda_belleza,Moda y Belleza,210734.71
2025-02-01,RN-MAD-ES04,A,hogar_electronica,"Hogar, Electrónica y Electrodomésticos",31405.49
2025-02-01,RN-MAD-ES04,A,alimentacion_hosteleria,Alimentación y Hostelería,4051.33
2025-02-01,RN-MAD-ES05,A,moda_belleza,Moda y Belleza,182060.38
2025-02-01,RN-MAD-ES05,A,hogar_electronica,"Hogar, Electrónica y Electrodomésticos",27132.2
2025-02-01,RN-MAD-ES05,A,alimentacion_hosteleria,Alimentación y Hostelería,3500.08
2025-02-01,RN-MAD-ES06,A,moda_belleza,Moda y Belleza,200482.53
2025-02-01,RN-MAD-ES06,A,hogar_electronica,"Hogar, Electrónica y Electrodomésticos",29877.63
2025-02-01,RN-MAD-ES06,A,alimentacion_hosteleria,Alimentación y Hostelería,3854.24
2025-02-01,RN-MAD-ES07,A,moda_belleza,Moda y Belleza,216713.62
2025-02-01,RN-MAD-ES07,A,hogar_electronica,"Hogar, Electrónica y Electrodomésticos",32296.52
2025-02-01,RN-MAD-ES07,A,alimentacion_hosteleria,Alimentación y Hostelería,4166.28
2025-02-01,RN-MAD-ES08,A,moda_belleza,Moda y Belleza,213534.81
2025-02-01,RN-MAD-ES08,A,hogar_electronica,"Hogar, Electrónica y Electrodomésticos",31822.79
2025-02-01,RN-MAD-ES08,A,alimentacion_hosteleria,Alimentación y Hostelería,4105.17
2025-02-01,RN-MAD-ES09,A,moda_belleza,Moda y Belleza,193008.75
2025-02-01,RN-MAD-ES09,A,hogar_electronica,"Hogar, Electrónica y Electrodomésticos",28763.82
2025-02-01,RN-MAD-ES09,A,alimentacion_hosteleria,Alimentación y Hostelería,3710.56
2025-02-01,RN-MAD-ES10,A,moda_belleza,Moda y Belleza,203963.62
2025-02-01,RN-MAD-ES10,A,hogar_electronica,"Hogar, Electrónica y Electrodomésticos",30396.41
2025-02-01,RN-MAD-ES10,A,alimentacion_hosteleria,Alimentación y Hostelería,3921.16
2025-02-01,RN-MAD-ES11,A,moda_belleza,Moda y Belleza,177298.04
2025-02-01,RN-MAD-ES11,A,hogar_electronica,"Hogar, Electrónica y Electrodomésticos",26422.48
2025-02-01,RN-MAD-ES11,A,alimentacion_hosteleria,Alimentación y Hostelería,3408.52
2025-02-01,RN-MAD-ES12,A,moda_belleza,Moda y Belleza,211863.4
2025-02-01,RN-MAD-ES12,A,hogar_electronica,"Hogar, Electrónica y Electrodomésticos",31573.7
2025-02-01,RN-MAD-ES12,A,alimentacion_hosteleria,Alimentación y Hostelería,4073.03
2025-02-01,RN-MAD-ES13,A,moda_belleza,Moda y Belleza,206555.11
2025-02-01,RN-MAD-ES13,A,hogar_electronica,"Hogar, Electrónica y Electrodomésticos",30782.62
2025-02-01,RN-MAD-ES13,A,alimentacion_hosteleria,Alimentación y Hostelería,3970.98
2025-02-01,RN-MAD-ES14,A,moda_belleza,Moda y Belleza,169754.97
2025-02-01,RN-MAD-ES14,A,hogar_electronica,"Hogar, Electrónica y Electrodomésticos",25298.34
2025-02-01,RN-MAD-ES14,A,alimentacion_hosteleria,Alimentación y Hostelería,3263.51
2025-02-01,RN-MAD-ES15,A,moda_belleza,Moda y Belleza,193075.5
2025-02-01,RN-MAD-ES15,A,hogar_electronica,"Hogar, Electrónica y Electrodomésticos",28773.77
2025-02-01,RN-MAD-ES15,A,alimentacion_hosteleria,Alimentación y Hostelería,3711.84
2025-02-01,RN-MAD-ES16,A,moda_belleza,Moda y Belleza,182022.91
2025-02-01,RN-MAD-ES16,A,hogar_electronica,"Hogar, Electrónica y Electrodomésticos",27126.62
2025-02-01,RN-MAD-ES16,A,alimentacion_hosteleria,Alimentación y Hostelería,3499.35
2025-02-01,RN-MAD-ES17,A,moda_belleza,Moda y Belleza,203487.07
2025-02-01,RN-MAD-ES17,A,hogar_electronica,"Hogar, Electrónica y Electrodomésticos",30325.39
2025-02-01,RN-MAD-ES17,A,alimentacion_hosteleria,Alimentación y Hostelería,3912.0
2025-02-01,RN-MAD-ES18,A,moda_belleza,Moda y Belleza,224088.71
2025-02-01,RN-MAD-ES18,A,hogar_electronica,"Hogar, Electrónica y Electrodomésticos",33395.62
2025-02-01,RN-MAD-ES18,A,alimentacion_hosteleria,Alimentación y Hostelería,4308.06
2025-02-01,RN-MAD-ES19,A,moda_belleza,Moda y Belleza,214208.62
2025-02-01,RN-MAD-ES19,A,hogar_electronica,"Hogar, Electrónica y Electrodomésticos",31923.21
2025-02-01,RN-MAD-ES19,A,alimentacion_hosteleria,Alimentación y Hostelería,4118.12
2025-02-01,RN-MAD-ES20,A,moda_belleza,Moda y Belleza,196528.77
2025-02-01,RN-MAD-ES20,A,hogar_electronica,"Hogar, Electrónica y Electrodomésticos",29288.4
2025-02-01,RN-MAD-ES20,A,alimentacion_hosteleria,Alimentación y Hostelería,3778.23
2025-02-01,RN-MAD-GA01,A,moda_belleza,Moda y Belleza,1866847.51
2025-02-01,RN-MAD-GA01,A,hogar_electronica,"Hogar, Electrónica y Electrodomésticos",2022492.15
2025-02-01,RN-MAD-GA01,A,alimentacion_hosteleria,Alimentación y Hostelería,549269.67
2025-02-01,RN-MAD-GA02,A,moda_belleza,Moda y Belleza,1252026.25
2025-02-01,RN-MAD-GA02,A,hogar_electronica,"Hogar, Electrónica y Electrodomésticos",1356411.42
2025-02-01,RN-MAD-GA02,A,alimentacion_hosteleria,Alimentación y Hostelería,368375.05
2025-02-01,RN-MAD-GA03,A,moda_belleza,Moda y Belleza,1420109.81
2025-02-01,RN-MAD-GA03,A,hogar_electronica,"Hogar, Electrónica y Electrodomésticos",1538508.6
2025-02-01,RN-MAD-GA03,A,alimentacion_hosteleria,Alimentación y Hostelería,417829.12
2025-02-01,RN-MAD-HI01,A,moda_belleza,Moda y Belleza,64172.03
2025-02-01,RN-MAD-HI01,A,hogar_electronica,"Hogar, Electrónica y Electrodomésticos",147277.37
2025-02-01,RN-MAD-HI01,A,alimentacion_hosteleria,Alimentación y Hostelería,529255.02
2025-02-01,RN-MAD-HI02,A,moda_belleza,Moda y Belleza,56669.05
2025-02-01,RN-MAD-HI02,A,hogar_electronica,"Hogar, Electrónica y Electrodomésticos",130057.75
2025-02-01,RN-MAD-HI02,A,alimentacion_hosteleria,Alimentación y Hostelería,467374.7
2025-02-01,RN-MAD-HI03,A,moda_belleza,Moda y Belleza,64470.18
2025-02-01,RN-MAD-HI03,A,hogar_electronica,"Hogar, Electrónica y Electrodomésticos",147961.65
2025-02-01,RN-MAD-HI03,A,alimentacion_hosteleria,Alimentación y Hostelería,531714.02
2025-02-01,RN-MAD-HI04,A,moda_belleza,Moda y Belleza,67321.91
2025-02-01,RN-MAD-HI04,A,hogar_electronica,"Hogar, Electrónica y Electrodomésticos",154506.48
2025-02-01,RN-MAD-HI04,A,alimentacion_hosteleria,Alimentación y Hostelería,555233.48
2025-02-01,RN-MAD-HI05,A,moda_belleza,Moda y Belleza,66813.91
2025-02-01,RN-MAD-HI05,A,hogar_electronica,"Hogar, Electrónica y Electrodomésticos",153340.6
2025-02-01,RN-MAD-HI05,A,alimentacion_hosteleria,Alimentación y Hostelería,551043.78
2025-02-01,RN-SEV-CV01,D,moda_belleza,Moda y Belleza,8122.82
2025-02-01,RN-SEV-CV01,D,hogar_electronica,"Hogar, Electrónica y Electrodomésticos",23784.32
2025-02-01,RN-SEV-CV01,D,alimentacion_hosteleria,Alimentación y Hostelería,78664.19
2025-02-01,RN-SEV-CV02,D,moda_belleza,Moda y Belleza,9421.45
2025-02-01,RN-SEV-CV02,D,hogar_electronica,"Hogar, Electrónica y Electrodomésticos",27586.82
2025-02-01,RN-SEV-CV02,D,alimentacion_hosteleria,Alimentación y Hostelería,91240.57
2025-02-01,RN-SEV-CV03,D,moda_belleza,Moda y Belleza,7508.52
2025-02-01,RN-SEV-CV03,D,hogar_electronica,"Hogar, Electrónica y Electrodomésticos",21985.6
2025-02-01,RN-SEV-CV03,D,alimentacion_hosteleria,Alimentación y Hostelería,72715.11
2025-02-01,RN-SEV-CV04,D,moda_belleza,Moda y Belleza,7530.17
2025-02-01,RN-SEV-CV04,D,hogar_electronica,"Hogar, Electrónica y Electrodomésticos",22048.97
2025-02-01,RN-SEV-CV04,D,alimentacion_hosteleria,Alimentación y Hostelería,72924.71
2025-02-01,RN-SEV-CV05,D,moda_belleza,Moda y Belleza,7181.35
2025-02-01,RN-SEV-CV05,D,hogar_electronica,"Hogar, Electrónica y Electrodomésticos",21027.6
2025-02-01,RN-SEV-CV05,D,alimentacion_hosteleria,Alimentación y Hostelería,69546.64
2025-02-01,RN-SEV-CV06,D,moda_belleza,Moda y Belleza,7993.93
2025-02-01,RN-SEV-CV06,D,hogar_electronica,"Hogar, Electrónica y Electrodomésticos",23406.9
2025-02-01,RN-SEV-CV06,D,alimentacion_hosteleria,Alimentación y Hostelería,77415.92
2025-02-01,RN-SEV-CV07,D,moda_belleza,Moda y Belleza,7814.78
2025-02-01,RN-SEV-CV07,D,hogar_electronica,"Hogar, Electrónica y Electrodomésticos",22882.33
2025-02-01,RN-SEV-CV07,D,alimentacion_hosteleria,Alimentación y Hostelería,75680.96
2025-02-01,RN-SEV-CV08,D,moda_belleza,Moda y Belleza,8723.07
2025-02-01,RN-SEV-CV08,D,hogar_electronica,"Hogar, Electrónica y Electrodomésticos",25541.9
2025-02-01,RN-SEV-CV08,D,alimentacion_hosteleria,Alimentación y Hostelería,84477.22
2025-02-01,RN-SEV-CV09,D,moda_belleza,Moda y Belleza,8470.49
2025-02-01,RN-SEV-CV09,D,hogar_electronica,"Hogar, Electrónica y Electrodomésticos",24802.31
2025-02-01,RN-SEV-CV09,D,alimentacion_hosteleria,Alimentación y Hostelería,82031.11
2025-02-01,RN-SEV-CV10,D,moda_belleza,Moda y Belleza,8430.03
2025-02-01,RN-SEV-CV10,D,hogar_electronica,"Hogar, Electrónica y Electrodomésticos",24683.85
2025-02-01,RN-SEV-CV10,D,alimentacion_hosteleria,Alimentación y Hostelería,81639.31
2025-02-01,RN-SEV-ES01,D,moda_belleza,Moda y Belleza,156155.41
2025-02-01,RN-SEV-ES01,D,hogar_electronica,"Hogar, Electrónica y Electrodomésticos",34639.11
2025-02-01,RN-SEV-ES01,D,alimentacion_hosteleria,Alimentación y Hostelería,2426.09
2025-02-01,RN-SEV-ES02,D,moda_belleza,Moda y Belleza,138722.32
2025-02-01,RN-SEV-ES02,D,hogar_electronica,"Hogar, Electrónica y Electrodomésticos",30772.03
2025-02-01,RN-SEV-ES02,D,alimentacion_hosteleria,Alimentación y Hostelería,2155.24
2025-02-01,RN-SEV-ES03,D,moda_belleza,Moda y Belleza,146790.35
2025-02-01,RN-SEV-ES03,D,hogar_electronica,"Hogar, Electrónica y Electrodomésticos",32561.71
2025-02-01,RN-SEV-ES03,D,alimentacion_hosteleria,Alimentación y Hostelería,2280.59
2025-02-01,RN-SEV-ES04,D,moda_belleza,Moda y Belleza,119005.39
2025-02-01,RN-SEV-ES04,D,hogar_electronica,"Hogar, Electrónica y Electrodomésticos",26398.33
2025-02-01,RN-SEV-ES04,D,alimentacion_hosteleria,Alimentación y Hostelería,1848.91
2025-02-01,RN-SEV-ES05,D,moda_belleza,Moda y Belleza,121899.1
2025-02-01,RN-SEV-ES05,D,hogar_electronica,"Hogar, Electrónica y Electrodomésticos",27040.22
2025-02-01,RN-SEV-ES05,D,alimentacion_hosteleria,Alimentación y Hostelería,1893.87
2025-02-01,RN-SEV-ES06,D,moda_belleza,Moda y Belleza,156290.49
2025-02-01,RN-SEV-ES06,D,hogar_electronica,"Hogar, Electrónica y Electrodomésticos",34669.08
2025-02-01,RN-SEV-ES06,D,alimentacion_hosteleria,Alimentación y Hostelería,2428.19
2025-02-01,RN-SEV-ES07,D,moda_belleza,Moda y Belleza,155817.24
2025-02-01,RN-SEV-ES07,D,hogar_electronica,"Hogar, Electrónica y Electrodomésticos",34564.1
2025-02-01,RN-SEV-ES07,D,alimentacion_hosteleria,Alimentación y Hostelería,2420.84
2025-02-01,RN-SEV-ES08,D,moda_belleza,Moda y Belleza,152554.84
2025-02-01,RN-SEV-ES08,D,hogar_electronica,"Hogar, Electrónica y Electrodomésticos",33840.42
2025-02-01,RN-SEV-ES08,D,alimentacion_hosteleria,Alimentación y Hostelería,2370.15
2025-02-01,RN-SEV-ES09,D,moda_belleza,Moda y Belleza,144764.16
2025-02-01,RN-SEV-ES09,D,hogar_electronica,"Hogar, Electrónica y Electrodomésticos",32112.25
2025-02-01,RN-SEV-ES09,D,alimentacion_hosteleria,Alimentación y Hostelería,2249.11
2025-02-01,RN-SEV-ES10,D,moda_belleza,Moda y Belleza,143139.29
2025-02-01,RN-SEV-ES10,D,hogar_electronica,"Hogar, Electrónica y Electrodomésticos",31751.82
2025-02-01,RN-SEV-ES10,D,alimentacion_hosteleria,Alimentación y Hostelería,2223.87
2025-02-01,RN-SEV-ES11,D,moda_belleza,Moda y Belleza,136225.03
2025-02-01,RN-SEV-ES11,D,hogar_electronica,"Hogar, Electrónica y Electrodomésticos",30218.07
2025-02-01,RN-SEV-ES11,D,alimentacion_hosteleria,Alimentación y Hostelería,2116.44
2025-02-01,RN-SEV-ES12,D,moda_belleza,Moda y Belleza,126044.02
2025-02-01,RN-SEV-ES12,D,hogar_electronica,"Hogar, Electrónica y Electrodomésticos",27959.67
2025-02-01,RN-SEV-ES12,D,alimentacion_hosteleria,Alimentación y Hostelería,1958.27
2025-02-01,RN-SEV-GA01,D,moda_belleza,Moda y Belleza,589782.63
2025-02-01,RN-SEV-GA01,D,hogar_electronica,"Hogar, Electrónica y Electrodomésticos",951064.93
2025-02-01,RN-SEV-GA01,D,alimentacion_hosteleria,Alimentación y Hostelería,140235.04
2025-02-01,RN-SEV-HI01,D,moda_belleza,Moda y Belleza,40864.74
2025-02-01,RN-SEV-HI01,D,hogar_electronica,"Hogar, Electrónica y Electrodomésticos",139598.01
2025-02-01,RN-SEV-HI01,D,alimentacion_hosteleria,Alimentación y Hostelería,272367.82
2025-02-01,RN-SEV-HI02,D,moda_belleza,Moda y Belleza,44651.73
2025-02-01,RN-SEV-HI02,D,hogar_electronica,"Hogar, Electrónica y Electrodomésticos",152534.73
2025-02-01,RN-SEV-HI02,D,alimentacion_hosteleria,Alimentación y Hostelería,297608.48
2025-02-01,RN-SEV-HI03,D,moda_belleza,Moda y Belleza,37934.23
2025-02-01,RN-SEV-HI03,D,hogar_electronica,"Hogar, Electrónica y Electrodomésticos",129587.08
2025-02-01,RN-SEV-HI03,D,alimentacion_hosteleria,Alimentación y Hostelería,252835.62
2025-02-01,RN-SEV-HI04,D,moda_belleza,Moda y Belleza,51971.17
2025-02-01,RN-SEV-HI04,D,hogar_electronica,"Hogar, Electrónica y Electrodomésticos",177538.69
2025-02-01,RN-SEV-HI04,D,alimentacion_hosteleria,Alimentación y Hostelería,346393.37
2025-02-01,RN-VLC-CV01,C,moda_belleza,Moda y Belleza,5451.33
2025-02-01,RN-VLC-CV01,C,hogar_electronica,"Hogar, Electrónica y Electrodomésticos",11444.14
2025-02-01,RN-VLC-CV01,C,alimentacion_hosteleria,Alimentación y Hostelería,103374.47
2025-02-01,RN-VLC-CV02,C,moda_belleza,Moda y Belleza,5683.88
2025-02-01,RN-VLC-CV02,C,hogar_electronica,"Hogar, Electrónica y Electrodomésticos",11932.33
2025-02-01,RN-VLC-CV02,C,alimentacion_hosteleria,Alimentación y Hostelería,107784.24
2025-02-01,RN-VLC-CV03,C,moda_belleza,Moda y Belleza,6214.64
2025-02-01,RN-VLC-CV03,C,hogar_electronica,"Hogar, Electrónica y Electrodomésticos",13046.57
2025-02-01,RN-VLC-CV03,C,alimentacion_hosteleria,Alimentación y Hostelería,117849.18
2025-02-01,RN-VLC-CV04,C,moda_belleza,Moda y Belleza,5253.93
2025-02-01,RN-VLC-CV04,C,hogar_electronica,"Hogar, Electrónica y Electrodomésticos",11029.73
2025-02-01,RN-VLC-CV04,C,alimentacion_hosteleria,Alimentación y Hostelería,99631.15
2025-02-01,RN-VLC-CV05,C,moda_belleza,Moda y Belleza,4493.83
2025-02-01,RN-VLC-CV05,C,hogar_electronica,"Hogar, Electrónica y Electrodomésticos",9434.03
2025-02-01,RN-VLC-CV05,C,alimentacion_hosteleria,Alimentación y Hostelería,85217.22
2025-02-01,RN-VLC-CV06,C,moda_belleza,Moda y Belleza,6409.28
2025-02-01,RN-VLC-CV06,C,hogar_electronica,"Hogar, Electrónica y Electrodomésticos",13455.18
2025-02-01,RN-VLC-CV06,C,alimentacion_hosteleria,Alimentación y Hostelería,121540.08
2025-02-01,RN-VLC-CV07,C,moda_belleza,Moda y Belleza,5495.93
2025-02-01,RN-VLC-CV07,C,hogar_electronica,"Hogar, Electrónica y Electrodomésticos",11537.77
2025-02-01,RN-VLC-CV07,C,alimentacion_hosteleria,Alimentación y Hostelería,104220.2
2025-02-01,RN-VLC-CV08,C,moda_belleza,Moda y Belleza,4583.89
2025-02-01,RN-VLC-CV08,C,hogar_electronica,"Hogar, Electrónica y Electrodomésticos",9623.1
2025-02-01,RN-VLC-CV08,C,alimentacion_hosteleria,Alimentación y Hostelería,86925.06
2025-02-01,RN-VLC-CV09,C,moda_belleza,Moda y Belleza,4822.99
2025-02-01,RN-VLC-CV09,C,hogar_electronica,"Hogar, Electrónica y Electrodomésticos",10125.03
2025-02-01,RN-VLC-CV09,C,alimentacion_hosteleria,Alimentación y Hostelería,91459.02
2025-02-01,RN-VLC-ES01,C,moda_belleza,Moda y Belleza,164149.32
2025-02-01,RN-VLC-ES01,C,hogar_electronica,"Hogar, Electrónica y Electrodomésticos",26106.32
2025-02-01,RN-VLC-ES01,C,alimentacion_hosteleria,Alimentación y Hostelería,4993.78
2025-02-01,RN-VLC-ES02,C,moda_belleza,Moda y Belleza,121881.45
2025-02-01,RN-VLC-ES02,C,hogar_electronica,"Hogar, Electrónica y Electrodomésticos",19384.03
2025-02-01,RN-VLC-ES02,C,alimentacion_hosteleria,Alimentación y Hostelería,3707.9
2025-02-01,RN-VLC-ES03,C,moda_belleza,Moda y Belleza,138335.18
2025-02-01,RN-VLC-ES03,C,hogar_electronica,"Hogar, Electrónica y Electrodomésticos",22000.83
2025-02-01,RN-VLC-ES03,C,alimentacion_hosteleria,Alimentación y Hostelería,4208.46
2025-02-01,RN-VLC-ES04,C,moda_belleza,Moda y Belleza,157033.63
2025-02-01,RN-VLC-ES04,C,hogar_electronica,"Hogar, Electrónica y Electrodomésticos",24974.64
2025-02-01,RN-VLC-ES04,C,alimentacion_hosteleria,Alimentación y Hostelería,4777.3
2025-02-01,RN-VLC-ES05,C,moda_belleza,Moda y Belleza,149875.81
2025-02-01,RN-VLC-ES05,C,hogar_electronica,"Hogar, Electrónica y Electrodomésticos",23836.26
2025-02-01,RN-VLC-ES05,C,alimentacion_hosteleria,Alimentación y Hostelería,4559.55
2025-02-01,RN-VLC-ES06,C,moda_belleza,Moda y Belleza,120000.17
2025-02-01,RN-VLC-ES06,C,hogar_electronica,"Hogar, Electrónica y Electrodomésticos",19084.83
2025-02-01,RN-VLC-ES06,C,alimentacion_hosteleria,Alimentación y Hostelería,3650.67
2025-02-01,RN-VLC-ES07,C,moda_belleza,Moda y Belleza,138826.64
2025-02-01,RN-VLC-ES07,C,hogar_electronica,"Hogar, Electrónica y Electrodomésticos",22079.0
2025-02-01,RN-VLC-ES07,C,alimentacion_hosteleria,Alimentación y Hostelería,4223.41
2025-02-01,RN-VLC-ES08,C,moda_belleza,Moda y Belleza,167358.56
2025-02-01,RN-VLC-ES08,C,hogar_electronica,"Hogar, Electrónica y Electrodomésticos",26616.72
2025-02-01,RN-VLC-ES08,C,alimentacion_hosteleria,Alimentación y Hostelería,5091.41
2025-02-01,RN-VLC-ES09,C,moda_belleza,Moda y Belleza,143706.93
2025-02-01,RN-VLC-ES09,C,hogar_electronica,"Hogar, Electrónica y Electrodomésticos",22855.16
2025-02-01,RN-VLC-ES09,C,alimentacion_hosteleria,Alimentación y Hostelería,4371.88
2025-02-01,RN-VLC-ES10,C,moda_belleza,Moda y Belleza,133495.13
2025-02-01,RN-VLC-ES10,C,hogar_electronica,"Hogar, Electrónica y Electrodomésticos",21231.07
2025-02-01,RN-VLC-ES10,C,alimentacion_hosteleria,Alimentación y Hostelería,4061.21
2025-02-01,RN-VLC-GA01,C,moda_belleza,Moda y Belleza,981505.27
2025-02-01,RN-VLC-GA01,C,hogar_electronica,"Hogar, Electrónica y Electrodomésticos",1134769.32
2025-02-01,RN-VLC-GA01,C,alimentacion_hosteleria,Alimentación y Hostelería,456980.49
2025-02-01,RN-VLC-HI01,C,moda_belleza,Moda y Belleza,38666.57
2025-02-01,RN-VLC-HI01,C,hogar_electronica,"Hogar, Electrónica y Electrodomésticos",94702.81
2025-02-01,RN-VLC-HI01,C,alimentacion_hosteleria,Alimentación y Hostelería,504641.67
2025-02-01,RN-VLC-HI02,C,moda_belleza,Moda y Belleza,40053.39
2025-02-01,RN-VLC-HI02,C,hogar_electronica,"Hogar, Electrónica y Electrodomésticos",98099.44
2025-02-01,RN-VLC-HI02,C,alimentacion_hosteleria,Alimentación y Hostelería,522741.23
2025-02-01,RN-VLC-HI03,C,moda_belleza,Moda y Belleza,42991.01
2025-02-01,RN-VLC-HI03,C,hogar_electronica,"Hogar, Electrónica y Electrodomésticos",105294.3
2025-02-01,RN-VLC-HI03,C,alimentacion_hosteleria,Alimentación y Hostelería,561080.41
2025-02-01,RN-VLC-HI04,C,moda_belleza,Moda y Belleza,36169.67
2025-02-01,RN-VLC-HI04,C,hogar_electronica,"Hogar, Electrónica y Electrodomésticos",88587.35
2025-02-01,RN-VLC-HI04,C,alimentacion_hosteleria,Alimentación y Hostelería,472054.32
2025-02-01,RN-VLC-HI05,C,moda_belleza,Moda y Belleza,41556.89
2025-02-01,RN-VLC-HI05,C,hogar_electronica,"Hogar, Electrónica y Electrodomésticos",101781.84
2025-02-01,RN-VLC-HI05,C,alimentacion_hosteleria,Alimentación y Hostelería,542363.62
2025-02-01,RN-VLC-HI06,C,moda_belleza,Moda y Belleza,38981.94
2025-02-01,RN-VLC-HI06,C,hogar_electronica,"Hogar, Electrónica y Electrodomésticos",95475.22
2025-02-01,RN-VLC-HI06,C,alimentacion_hosteleria,Alimentación y Hostelería,508757.6
2025-02-01,RN-VLC-HI07,C,moda_belleza,Moda y Belleza,30585.84
2025-02-01,RN-VLC-HI07,C,hogar_electronica,"Hogar, Electrónica y Electrodomésticos",74911.35
2025-02-01,RN-VLC-HI07,C,alimentacion_hosteleria,Alimentación y Hostelería,399179.16
2025-03-01,RN-BCN-CV01,B,moda_belleza,Moda y Belleza,10934.67
2025-03-01,RN-BCN-CV01,B,hogar_electronica,"Hogar, Electrónica y Electrodomésticos",24164.31
2025-03-01,RN-BCN-CV01,B,alimentacion_hosteleria,Alimentación y Hostelería,135884.46
2025-03-01,RN-BCN-CV02,B,moda_belleza,Moda y Belleza,12049.87
2025-03-01,RN-BCN-CV02,B,hogar_electronica,"Hogar, Electrónica y Electrodomésticos",26628.77
2025-03-01,RN-BCN-CV02,B,alimentacion_hosteleria,Alimentación y Hostelería,149743.01
2025-03-01,RN-BCN-CV03,B,moda_belleza,Moda y Belleza,12803.93
2025-03-01,RN-BCN-CV03,B,hogar_electronica,"Hogar, Electrónica y Electrodomésticos",28295.16
2025-03-01,RN-BCN-CV03,B,alimentacion_hosteleria,Alimentación y Hostelería,159113.71
2025-03-01,RN-BCN-CV04,B,moda_belleza,Moda y Belleza,9412.65
2025-03-01,RN-BCN-CV04,B,hogar_electronica,"Hogar, Electrónica y Electrodomésticos",20800.83
2025-03-01,RN-BCN-CV04,B,alimentacion_hosteleria,Alimentación y Hostelería,116970.43
2025-03-01,RN-BCN-CV05,B,moda_belleza,Moda y Belleza,10503.2
2025-03-01,RN-BCN-CV05,B,hogar_electronica,"Hogar, Electrónica y Electrodomésticos",23210.83
2025-03-01,RN-BCN-CV05,B,alimentacion_hosteleria,Alimentación y Hostelería,130522.7
2025-03-01,RN-BCN-CV06,B,moda_belleza,Moda y Belleza,10869.94
2025-03-01,RN-BCN-CV06,B,hogar_electronica,"Hogar, Electrónica y Electrodomésticos",24021.27
2025-03-01,RN-BCN-CV06,B,alimentacion_hosteleria,Alimentación y Hostelería,135080.13
2025-03-01,RN-BCN-CV07,B,moda_belleza,Moda y Belleza,10837.9
2025-03-01,RN-BCN-CV07,B,hogar_electronica,"Hogar, Electrónica y Electrodomésticos",23950.47
2025-03-01,RN-BCN-CV07,B,alimentacion_hosteleria,Alimentación y Hostelería,134681.98
2025-03-01,RN-BCN-CV08,B,moda_belleza,Moda y Belleza,10439.3
2025-03-01,RN-BCN-CV08,B,hogar_electronica,"Hogar, Electrónica y Electrodomésticos",23069.6
2025-03-01,RN-BCN-CV08,B,alimentacion_hosteleria,Alimentación y Hostelería,129728.52
2025-03-01,RN-BCN-ES01,B,moda_belleza,Moda y Belleza,188972.15
2025-03-01,RN-BCN-ES01,B,hogar_electronica,"Hogar, Electrónica y Electrodomésticos",31636.82
2025-03-01,RN-BCN-ES01,B,alimentacion_hosteleria,Alimentación y Hostelería,3767.4
2025-03-01,RN-BCN-ES02,B,moda_belleza,Moda y Belleza,220275.97
2025-03-01,RN-BCN-ES02,B,hogar_electronica,"Hogar, Electrónica y Electrodomésticos",36877.55
2025-03-01,RN-BCN-ES02,B,alimentacion_hosteleria,Alimentación y Hostelería,4391.48
2025-03-01,RN-BCN-ES03,B,moda_belleza,Moda y Belleza,217860.09
2025-03-01,RN-BCN-ES03,B,hogar_electronica,"Hogar, Electrónica y Electrodomésticos",36473.1
2025-03-01,RN-BCN-ES03,B,alimentacion_hosteleria,Alimentación y Hostelería,4343.32
2025-03-01,RN-BCN-ES04,B,moda_belleza,Moda y Belleza,203306.16
2025-03-01,RN-BCN-ES04,B,hogar_electronica,"Hogar, Electrónica y Electrodomésticos",34036.55
2025-03-01,RN-BCN-ES04,B,alimentacion_hosteleria,Alimentación y Hostelería,4053.17
2025-03-01,RN-BCN-ES05,B,moda_belleza,Moda y Belleza,228548.67
2025-03-01,RN-BCN-ES05,B,hogar_electronica,"Hogar, Electrónica y Electrodomésticos",38262.53
2025-03-01,RN-BCN-ES05,B,alimentacion_hosteleria,Alimentación y Hostelería,4556.41
2025-03-01,RN-BCN-ES06,B,moda_belleza,Moda y Belleza,211707.35
2025-03-01,RN-BCN-ES06,B,hogar_electronica,"Hogar, Electrónica y Electrodomésticos",35443.03
2025-03-01,RN-BCN-ES06,B,alimentacion_hosteleria,Alimentación y Hostelería,4220.66
2025-03-01,RN-BCN-ES07,B,moda_belleza,Moda y Belleza,214184.53
2025-03-01,RN-BCN-ES07,B,hogar_electronica,"Hogar, Electrónica y Electrodomésticos",35857.75
2025-03-01,RN-BCN-ES07,B,alimentacion_hosteleria,Alimentación y Hostelería,4270.04
2025-03-01,RN-BCN-ES08,B,moda_belleza,Moda y Belleza,172105.0
2025-03-01,RN-BCN-ES08,B,hogar_electronica,"Hogar, Electrónica y Electrodomésticos",28813.0
2025-03-01,RN-BCN-ES08,B,alimentacion_hosteleria,Alimentación y Hostelería,3431.13
2025-03-01,RN-BCN-ES09,B,moda_belleza,Moda y Belleza,226908.06
2025-03-01,RN-BCN-ES09,B,hogar_electronica,"Hogar, Electrónica y Electrodomésticos",37987.86
2025-03-01,RN-BCN-ES09,B,alimentacion_hosteleria,Alimentación y Hostelería,4523.7
2025-03-01,RN-BCN-ES10,B,moda_belleza,Moda y Belleza,201808.45
2025-03-01,RN-BCN-ES10,B,hogar_electronica,"Hogar, Electrónica y Electrodomésticos",33785.81
2025-03-01,RN-BCN-ES10,B,alimentacion_hosteleria,Alimentación y Hostelería,4023.31
2025-03-01,RN-BCN-ES11,B,moda_belleza,Moda y Belleza,212429.25
2025-03-01,RN-BCN-ES11,B,hogar_electronica,"Hogar, Electrónica y Electrodomésticos",35563.89
2025-03-01,RN-BCN-ES11,B,alimentacion_hosteleria,Alimentación y Hostelería,4235.05
2025-03-01,RN-BCN-ES12,B,moda_belleza,Moda y Belleza,188814.83
2025-03-01,RN-BCN-ES12,B,hogar_electronica,"Hogar, Electrónica y Electrodomésticos",31610.48
2025-03-01,RN-BCN-ES12,B,alimentacion_hosteleria,Alimentación y Hostelería,3764.26
2025-03-01,RN-BCN-ES13,B,moda_belleza,Moda y Belleza,221337.92
2025-03-01,RN-BCN-ES13,B,hogar_electronica,"Hogar, Electrónica y Electrodomésticos",37055.34
2025-03-01,RN-BCN-ES13,B,alimentacion_hosteleria,Alimentación y Hostelería,4412.65
2025-03-01,RN-BCN-ES14,B,moda_belleza,Moda y Belleza,232504.74
2025-03-01,RN-BCN-ES14,B,hogar_electronica,"Hogar, Electrónica y Electrodomésticos",38924.83
2025-03-01,RN-BCN-ES14,B,alimentacion_hosteleria,Alimentación y Hostelería,4635.28
2025-03-01,RN-BCN-GA01,B,moda_belleza,Moda y Belleza,1551643.78
2025-03-01,RN-BCN-GA01,B,hogar_electronica,"Hogar, Electrónica y Electrodomésticos",1888406.16
2025-03-01,RN-BCN-GA01,B,alimentacion_hosteleria,Alimentación y Hostelería,473424.57
2025-03-01,RN-BCN-GA02,B,moda_belleza,Moda y Belleza,1716287.28
2025-03-01,RN-BCN-GA02,B,hogar_electronica,"Hogar, Electrónica y Electrodomésticos",2088783.21
2025-03-01,RN-BCN-GA02,B,alimentacion_hosteleria,Alimentación y Hostelería,523659.21
2025-03-01,RN-BCN-HI01,B,moda_belleza,Moda y Belleza,58077.75
2025-03-01,RN-BCN-HI01,B,hogar_electronica,"Hogar, Electrónica y Electrodomésticos",149735.72
2025-03-01,RN-BCN-HI01,B,alimentacion_hosteleria,Alimentación y Hostelería,496719.24
2025-03-01,RN-BCN-HI02,B,moda_belleza,Moda y Belleza,89931.0
2025-03-01,RN-BCN-HI02,B,hogar_electronica,"Hogar, Electrónica y Electrodomésticos",231859.59
2025-03-01,RN-BCN-HI02,B,alimentacion_hosteleria,Alimentación y Hostelería,769149.27
2025-03-01,RN-BCN-HI03,B,moda_belleza,Moda y Belleza,60482.51
2025-03-01,RN-BCN-HI03,B,hogar_electronica,"Hogar, Electrónica y Electrodomésticos",155935.66
2025-03-01,RN-BCN-HI03,B,alimentacion_hosteleria,Alimentación y Hostelería,517286.33
2025-03-01,RN-BCN-HI04,B,moda_belleza,Moda y Belleza,74996.09
2025-03-01,RN-BCN-HI04,B,hogar_electronica,"Hogar, Electrónica y Electrodomésticos",193354.5
2025-03-01,RN-BCN-HI04,B,alimentacion_hosteleria,Alimentación y Hostelería,641416.09
2025-03-01,RN-BIO-CV01,E,moda_belleza,Moda y Belleza,10901.14
2025-03-01,RN-BIO-CV01,E,hogar_electronica,"Hogar, Electrónica y Electrodomésticos",28979.68
2025-03-01,RN-BIO-CV01,E,alimentacion_hosteleria,Alimentación y Hostelería,146417.82
2025-03-01,RN-BIO-CV02,E,moda_belleza,Moda y Belleza,10743.11
2025-03-01,RN-BIO-CV02,E,hogar_electronica,"Hogar, Electrónica y Electrodomésticos",28559.57
2025-03-01,RN-BIO-CV02,E,alimentacion_hosteleria,Alimentación y Hostelería,144295.22
2025-03-01,RN-BIO-CV03,E,moda_belleza,Moda y Belleza,10253.17
2025-03-01,RN-BIO-CV03,E,hogar_electronica,"Hogar, Electrónica y Electrodomésticos",27257.09
2025-03-01,RN-BIO-CV03,E,alimentacion_hosteleria,Alimentación y Hostelería,137714.57
2025-03-01,RN-BIO-CV04,E,moda_belleza,Moda y Belleza,11803.94
2025-03-01,RN-BIO-CV04,E,hogar_electronica,"Hogar, Electrónica y Electrodomésticos",31379.69
2025-03-01,RN-BIO-CV04,E,alimentacion_hosteleria,Alimentación y Hostelería,158543.71
2025-03-01,RN-BIO-ES01,E,moda_belleza,Moda y Belleza,187917.82
2025-03-01,RN-BIO-ES01,E,hogar_electronica,"Hogar, Electrónica y Electrodomésticos",37845.61
2025-03-01,RN-BIO-ES01,E,alimentacion_hosteleria,Alimentación y Hostelería,4049.2
2025-03-01,RN-BIO-ES02,E,moda_belleza,Moda y Belleza,169603.15
2025-03-01,RN-BIO-ES02,E,hogar_electronica,"Hogar, Electrónica y Electrodomésticos",34157.14
2025-03-01,RN-BIO-ES02,E,alimentacion_hosteleria,Alimentación y Hostelería,3654.56
2025-03-01,RN-BIO-ES03,E,moda_belleza,Moda y Belleza,250620.83
2025-03-01,RN-BIO-ES03,E,hogar_electronica,"Hogar, Electrónica y Electrodomésticos",50473.66
2025-03-01,RN-BIO-ES03,E,alimentacion_hosteleria,Alimentación y Hostelería,5400.31
2025-03-01,RN-BIO-ES04,E,moda_belleza,Moda y Belleza,211112.71
2025-03-01,RN-BIO-ES04,E,hogar_electronica,"Hogar, Electrónica y Electrodomésticos",42516.94
2025-03-01,RN-BIO-ES04,E,alimentacion_hosteleria,Alimentación y Hostelería,4549.0
2025-03-01,RN-BIO-ES05,E,moda_belleza,Moda y Belleza,205749.59
2025-03-01,RN-BIO-ES05,E,hogar_electronica,"Hogar, Electrónica y Electrodomésticos",41436.83
2025-03-01,RN-BIO-ES05,E,alimentacion_hosteleria,Alimentación y Hostelería,4433.44
2025-03-01,RN-BIO-ES06,E,moda_belleza,Moda y Belleza,250280.7
2025-03-01,RN-BIO-ES06,E,hogar_electronica,"Hogar, Electrónica y Electrodomésticos",50405.16
2025-03-01,RN-BIO-ES06,E,alimentacion_hosteleria,Alimentación y Hostelería,5392.98
2025-03-01,RN-BIO-ES07,E,moda_belleza,Moda y Belleza,207278.5
2025-03-01,RN-BIO-ES07,E,hogar_electronica,"Hogar, Electrónica y Electrodomésticos",41744.75
2025-03-01,RN-BIO-ES07,E,alimentacion_hosteleria,Alimentación y Hostelería,4466.38
2025-03-01,RN-BIO-GA01,E,moda_belleza,Moda y Belleza,990217.26
2025-03-01,RN-BIO-GA01,E,hogar_electronica,"Hogar, Electrónica y Electrodomésticos",1449727.98
2025-03-01,RN-BIO-GA01,E,alimentacion_hosteleria,Alimentación y Hostelería,326547.84
2025-03-01,RN-BIO-HI01,E,moda_belleza,Moda y Belleza,71895.16
2025-03-01,RN-BIO-HI01,E,hogar_electronica,"Hogar, Electrónica y Electrodomésticos",222981.06
2025-03-01,RN-BIO-HI01,E,alimentacion_hosteleria,Alimentación y Hostelería,664597.13
2025-03-01,RN-BIO-HI02,E,moda_belleza,Moda y Belleza,53728.19
2025-03-01,RN-BIO-HI02,E,hogar_electronica,"Hogar, Electrónica y Electrodomésticos",166636.64
2025-03-01,RN-BIO-HI02,E,alimentacion_hosteleria,Alimentación y Hostelería,496662.06
2025-03-01,RN-MAD-CV01,A,moda_belleza,Moda y Belleza,11660.57
2025-03-01,RN-MAD-CV01,A,hogar_electronica,"Hogar, Electrónica y Electrodomésticos",22938.41
2025-03-01,RN-MAD-CV01,A,alimentacion_hosteleria,Alimentación y Hostelería,139734.01
2025-03-01,RN-MAD-CV02,A,moda_belleza,Moda y Belleza,11990.93
2025-03-01,RN-MAD-CV02,A,hogar_electronica,"Hogar, Electrónica y Electrodomésticos",23588.29
2025-03-01,RN-MAD-CV02,A,alimentacion_hosteleria,Alimentación y Hostelería,143692.85
2025-03-01,RN-MAD-CV03,A,moda_belleza,Moda y Belleza,11554.56
2025-03-01,RN-MAD-CV03,A,hogar_electronica,"Hogar, Electrónica y Electrodomésticos",22729.88
2025-03-01,RN-MAD-CV03,A,alimentacion_hosteleria,Alimentación y Hostelería,138463.68
2025-03-01,RN-MAD-CV04,A,moda_belleza,Moda y Belleza,13414.87
2025-03-01,RN-MAD-CV04,A,hogar_electronica,"Hogar, Electrónica y Electrodomésticos",26389.42
2025-03-01,RN-MAD-CV04,A,alimentacion_hosteleria,Alimentación y Hostelería,160756.54
2025-03-01,RN-MAD-CV05,A,moda_belleza,Moda y Belleza,9959.74
2025-03-01,RN-MAD-CV05,A,hogar_electronica,"Hogar, Electrónica y Electrodomésticos",19592.57
2025-03-01,RN-MAD-CV05,A,alimentacion_hosteleria,Alimentación y Hostelería,119352.15
2025-03-01,RN-MAD-CV06,A,moda_belleza,Moda y Belleza,11422.92
2025-03-01,RN-MAD-CV06,A,hogar_electronica,"Hogar, Electrónica y Electrodomésticos",22470.91
2025-03-01,RN-MAD-CV06,A,alimentacion_hosteleria,Alimentación y Hostelería,136886.14
2025-03-01,RN-MAD-CV07,A,moda_belleza,Moda y Belleza,10779.37
2025-03-01,RN-MAD-CV07,A,hogar_electronica,"Hogar, Electrónica y Electrodomésticos",21204.93
2025-03-01,RN-MAD-CV07,A,alimentacion_hosteleria,Alimentación y Hostelería,129174.18
2025-03-01,RN-MAD-CV08,A,moda_belleza,Moda y Belleza,13670.16
2025-03-01,RN-MAD-CV08,A,hogar_electronica,"Hogar, Electrónica y Electrodomésticos",26891.63
2025-03-01,RN-MAD-CV08,A,alimentacion_hosteleria,Alimentación y Hostelería,163815.83
2025-03-01,RN-MAD-CV09,A,moda_belleza,Moda y Belleza,13659.88
2025-03-01,RN-MAD-CV09,A,hogar_electronica,"Hogar, Electrónica y Electrodomésticos",26871.41
2025-03-01,RN-MAD-CV09,A,alimentacion_hosteleria,Alimentación y Hostelería,163692.69
2025-03-01,RN-MAD-CV10,A,moda_belleza,Moda y Belleza,12824.86
2025-03-01,RN-MAD-CV10,A,hogar_electronica,"Hogar, Electrónica y Electrodomésticos",25228.77
2025-03-01,RN-MAD-CV10,A,alimentacion_hosteleria,Alimentación y Hostelería,153686.21
2025-03-01,RN-MAD-ES01,A,moda_belleza,Moda y Belleza,286755.35
2025-03-01,RN-MAD-ES01,A,hogar_electronica,"Hogar, Electrónica y Electrodomésticos",42734.74
2025-03-01,RN-MAD-ES01,A,alimentacion_hosteleria,Alimentación y Hostelería,5512.82
2025-03-01,RN-MAD-ES02,A,moda_belleza,Moda y Belleza,190230.56
2025-03-01,RN-MAD-ES02,A,hogar_electronica,"Hogar, Electrónica y Electrodomésticos",28349.79
2025-03-01,RN-MAD-ES02,A,alimentacion_hosteleria,Alimentación y Hostelería,3657.15
2025-03-01,RN-MAD-ES03,A,moda_belleza,Moda y Belleza,229185.19
2025-03-01,RN-MAD-ES03,A,hogar_electronica,"Hogar, Electrónica y Electrodomésticos",34155.14
2025-03-01,RN-MAD-ES03,A,alimentacion_hosteleria,Alimentación y Hostelería,4406.04
2025-03-01,RN-MAD-ES04,A,moda_belleza,Moda y Belleza,223678.68
2025-03-01,RN-MAD-ES04,A,hogar_electronica,"Hogar, Electrónica y Electrodomésticos",33334.52
2025-03-01,RN-MAD-ES04,A,alimentacion_hosteleria,Alimentación y Hostelería,4300.18
2025-03-01,RN-MAD-ES05,A,moda_belleza,Moda y Belleza,205889.2
2025-03-01,RN-MAD-ES05,A,hogar_electronica,"Hogar, Electrónica y Electrodomésticos",30683.38
2025-03-01,RN-MAD-ES05,A,alimentacion_hosteleria,Alimentación y Hostelería,3958.18
2025-03-01,RN-MAD-ES06,A,moda_belleza,Moda y Belleza,243800.93
2025-03-01,RN-MAD-ES06,A,hogar_electronica,"Hogar, Electrónica y Electrodomésticos",36333.31
2025-03-01,RN-MAD-ES06,A,alimentacion_hosteleria,Alimentación y Hostelería,4687.03
2025-03-01,RN-MAD-ES07,A,moda_belleza,Moda y Belleza,247934.82
2025-03-01,RN-MAD-ES07,A,hogar_electronica,"Hogar, Electrónica y Electrodomésticos",36949.37
2025-03-01,RN-MAD-ES07,A,alimentacion_hosteleria,Alimentación y Hostelería,4766.5
2025-03-01,RN-MAD-ES08,A,moda_belleza,Moda y Belleza,254824.0
2025-03-01,RN-MAD-ES08,A,hogar_electronica,"Hogar, Electrónica y Electrodomésticos",37976.06
2025-03-01,RN-MAD-ES08,A,alimentacion_hosteleria,Alimentación y Hostelería,4898.94
2025-03-01,RN-MAD-ES09,A,moda_belleza,Moda y Belleza,232491.28
2025-03-01,RN-MAD-ES09,A,hogar_electronica,"Hogar, Electrónica y Electrodomésticos",34647.84
2025-03-01,RN-MAD-ES09,A,alimentacion_hosteleria,Alimentación y Hostelería,4469.6
2025-03-01,RN-MAD-ES10,A,moda_belleza,Moda y Belleza,244012.25
2025-03-01,RN-MAD-ES10,A,hogar_electronica,"Hogar, Electrónica y Electrodomésticos",36364.8
2025-03-01,RN-MAD-ES10,A,alimentacion_hosteleria,Alimentación y Hostelería,4691.09
2025-03-01,RN-MAD-ES11,A,moda_belleza,Moda y Belleza,195249.31
2025-03-01,RN-MAD-ES11,A,hogar_electronica,"Hogar, Electrónica y Electrodomésticos",29097.73
2025-03-01,RN-MAD-ES11,A,alimentacion_hosteleria,Alimentación y Hostelería,3753.63
2025-03-01,RN-MAD-ES12,A,moda_belleza,Moda y Belleza,249927.95
2025-03-01,RN-MAD-ES12,A,hogar_electronica,"Hogar, Electrónica y Electrodomésticos",37246.41
2025-03-01,RN-MAD-ES12,A,alimentacion_hosteleria,Alimentación y Hostelería,4804.82
2025-03-01,RN-MAD-ES13,A,moda_belleza,Moda y Belleza,246696.5
2025-03-01,RN-MAD-ES13,A,hogar_electronica,"Hogar, Electrónica y Electrodomésticos",36764.83
2025-03-01,RN-MAD-ES13,A,alimentacion_hosteleria,Alimentación y Hostelería,4742.69
2025-03-01,RN-MAD-ES14,A,moda_belleza,Moda y Belleza,193008.63
2025-03-01,RN-MAD-ES14,A,hogar_electronica,"Hogar, Electrónica y Electrodomésticos",28763.8
2025-03-01,RN-MAD-ES14,A,alimentacion_hosteleria,Alimentación y Hostelería,3710.55
2025-03-01,RN-MAD-ES15,A,moda_belleza,Moda y Belleza,210377.7
2025-03-01,RN-MAD-ES15,A,hogar_electronica,"Hogar, Electrónica y Electrodomésticos",31352.29
2025-03-01,RN-MAD-ES15,A,alimentacion_hosteleria,Alimentación y Hostelería,4044.47
2025-03-01,RN-MAD-ES16,A,moda_belleza,Moda y Belleza,225032.18
2025-03-01,RN-MAD-ES16,A,hogar_electronica,"Hogar, Electrónica y Electrodomésticos",33536.23
2025-03-01,RN-MAD-ES16,A,alimentacion_hosteleria,Alimentación y Hostelería,4326.2
2025-03-01,RN-MAD-ES17,A,moda_belleza,Moda y Belleza,236766.02
2025-03-01,RN-MAD-ES17,A,hogar_electronica,"Hogar, Electrónica y Electrodomésticos",35284.9
2025-03-01,RN-MAD-ES17,A,alimentacion_hosteleria,Alimentación y Hostelería,4551.78
2025-03-01,RN-MAD-ES18,A,moda_belleza,Moda y Belleza,258923.04
2025-03-01,RN-MAD-ES18,A,hogar_electronica,"Hogar, Electrónica y Electrodomésticos",38586.93
2025-03-01,RN-MAD-ES18,A,alimentacion_hosteleria,Alimentación y Hostelería,4977.75
2025-03-01,RN-MAD-ES19,A,moda_belleza,Moda y Belleza,241167.73
2025-03-01,RN-MAD-ES19,A,hogar_electronica,"Hogar, Electrónica y Electrodomésticos",35940.88
2025-03-01,RN-MAD-ES19,A,alimentacion_hosteleria,Alimentación y Hostelería,4636.4
2025-03-01,RN-MAD-ES20,A,moda_belleza,Moda y Belleza,227268.77
2025-03-01,RN-MAD-ES20,A,hogar_electronica,"Hogar, Electrónica y Electrodomésticos",33869.54
2025-03-01,RN-MAD-ES20,A,alimentacion_hosteleria,Alimentación y Hostelería,4369.2
2025-03-01,RN-MAD-GA01,A,moda_belleza,Moda y Belleza,2276507.21
2025-03-01,RN-MAD-GA01,A,hogar_electronica,"Hogar, Electrónica y Electrodomésticos",2466306.41
2025-03-01,RN-MAD-GA01,A,alimentacion_hosteleria,Alimentación y Hostelería,669801.02
2025-03-01,RN-MAD-GA02,A,moda_belleza,Moda y Belleza,1515936.25
2025-03-01,RN-MAD-GA02,A,hogar_electronica,"Hogar, Electrónica y Electrodomésticos",1642324.37
2025-03-01,RN-MAD-GA02,A,alimentacion_hosteleria,Alimentación y Hostelería,446023.47
2025-03-01,RN-MAD-GA03,A,moda_belleza,Moda y Belleza,1789347.77
2025-03-01,RN-MAD-GA03,A,hogar_electronica,"Hogar, Electrónica y Electrodomésticos",1938531.03
2025-03-01,RN-MAD-GA03,A,alimentacion_hosteleria,Alimentación y Hostelería,526467.46
2025-03-01,RN-MAD-HI01,A,moda_belleza,Moda y Belleza,82462.65
2025-03-01,RN-MAD-HI01,A,hogar_electronica,"Hogar, Electrónica y Electrodomésticos",189255.1
2025-03-01,RN-MAD-HI01,A,alimentacion_hosteleria,Alimentación y Hostelería,680105.91
2025-03-01,RN-MAD-HI02,A,moda_belleza,Moda y Belleza,71697.35
2025-03-01,RN-MAD-HI02,A,hogar_electronica,"Hogar, Electrónica y Electrodomésticos",164548.29
2025-03-01,RN-MAD-HI02,A,alimentacion_hosteleria,Alimentación y Hostelería,591319.67
2025-03-01,RN-MAD-HI03,A,moda_belleza,Moda y Belleza,80414.78
2025-03-01,RN-MAD-HI03,A,hogar_electronica,"Hogar, Electrónica y Electrodomésticos",184555.14
2025-03-01,RN-MAD-HI03,A,alimentacion_hosteleria,Alimentación y Hostelería,663216.17
2025-03-01,RN-MAD-HI04,A,moda_belleza,Moda y Belleza,84871.85
2025-03-01,RN-MAD-HI04,A,hogar_electronica,"Hogar, Electrónica y Electrodomésticos",194784.29
2025-03-01,RN-MAD-HI04,A,alimentacion_hosteleria,Alimentación y Hostelería,699975.57
2025-03-01,RN-MAD-HI05,A,moda_belleza,Moda y Belleza,83752.59
2025-03-01,RN-MAD-HI05,A,hogar_electronica,"Hogar, Electrónica y Electrodomésticos",192215.56
2025-03-01,RN-MAD-HI05,A,alimentacion_hosteleria,Alimentación y Hostelería,690744.61
2025-03-01,RN-SEV-CV01,D,moda_belleza,Moda y Belleza,10338.87
2025-03-01,RN-SEV-CV01,D,hogar_electronica,"Hogar, Electrónica y Electrodomésticos",30273.09
2025-03-01,RN-SEV-CV01,D,alimentacion_hosteleria,Alimentación y Hostelería,100125.13
2025-03-01,RN-SEV-CV02,D,moda_belleza,Moda y Belleza,12036.48
2025-03-01,RN-SEV-CV02,D,hogar_electronica,"Hogar, Electrónica y Electrodomésticos",35243.83
2025-03-01,RN-SEV-CV02,D,alimentacion_hosteleria,Alimentación y Hostelería,116565.37
2025-03-01,RN-SEV-CV03,D,moda_belleza,Moda y Belleza,9903.3
2025-03-01,RN-SEV-CV03,D,hogar_electronica,"Hogar, Electrónica y Electrodomésticos",28997.69
2025-03-01,RN-SEV-CV03,D,alimentacion_hosteleria,Alimentación y Hostelería,95906.89
2025-03-01,RN-SEV-CV04,D,moda_belleza,Moda y Belleza,9627.27
2025-03-01,RN-SEV-CV04,D,hogar_electronica,"Hogar, Electrónica y Electrodomésticos",28189.47
2025-03-01,RN-SEV-CV04,D,alimentacion_hosteleria,Alimentación y Hostelería,93233.78
2025-03-01,RN-SEV-CV05,D,moda_belleza,Moda y Belleza,9046.8
2025-03-01,RN-SEV-CV05,D,hogar_electronica,"Hogar, Electrónica y Electrodomésticos",26489.8
2025-03-01,RN-SEV-CV05,D,alimentacion_hosteleria,Alimentación y Hostelería,87612.31
2025-03-01,RN-SEV-CV06,D,moda_belleza,Moda y Belleza,10472.04
2025-03-01,RN-SEV-CV06,D,hogar_electronica,"Hogar, Electrónica y Electrodomésticos",30663.01
2025-03-01,RN-SEV-CV06,D,alimentacion_hosteleria,Alimentación y Hostelería,101414.77
2025-03-01,RN-SEV-CV07,D,moda_belleza,Moda y Belleza,9864.6
2025-03-01,RN-SEV-CV07,D,hogar_electronica,"Hogar, Electrónica y Electrodomésticos",28884.39
2025-03-01,RN-SEV-CV07,D,alimentacion_hosteleria,Alimentación y Hostelería,95532.17
2025-03-01,RN-SEV-CV08,D,moda_belleza,Moda y Belleza,11414.21
2025-03-01,RN-SEV-CV08,D,hogar_electronica,"Hogar, Electrónica y Electrodomésticos",33421.76
2025-03-01,RN-SEV-CV08,D,alimentacion_hosteleria,Alimentación y Hostelería,110539.06
2025-03-01,RN-SEV-CV09,D,moda_belleza,Moda y Belleza,10305.6
2025-03-01,RN-SEV-CV09,D,hogar_electronica,"Hogar, Electrónica y Electrodomésticos",30175.68
2025-03-01,RN-SEV-CV09,D,alimentacion_hosteleria,Alimentación y Hostelería,99802.98
2025-03-01,RN-SEV-CV10,D,moda_belleza,Moda y Belleza,10783.27
2025-03-01,RN-SEV-CV10,D,hogar_electronica,"Hogar, Electrónica y Electrodomésticos",31574.33
2025-03-01,RN-SEV-CV10,D,alimentacion_hosteleria,Alimentación y Hostelería,104428.86
2025-03-01,RN-SEV-ES01,D,moda_belleza,Moda y Belleza,182036.5
2025-03-01,RN-SEV-ES01,D,hogar_electronica,"Hogar, Electrónica y Electrodomésticos",40380.18
2025-03-01,RN-SEV-ES01,D,alimentacion_hosteleria,Alimentación y Hostelería,2828.19
2025-03-01,RN-SEV-ES02,D,moda_belleza,Moda y Belleza,164995.38
2025-03-01,RN-SEV-ES02,D,hogar_electronica,"Hogar, Electrónica y Electrodomésticos",36600.04
2025-03-01,RN-SEV-ES02,D,alimentacion_hosteleria,Alimentación y Hostelería,2563.43
2025-03-01,RN-SEV-ES03,D,moda_belleza,Moda y Belleza,174214.53
2025-03-01,RN-SEV-ES03,D,hogar_electronica,"Hogar, Electrónica y Electrodomésticos",38645.07
2025-03-01,RN-SEV-ES03,D,alimentacion_hosteleria,Alimentación y Hostelería,2706.66
2025-03-01,RN-SEV-ES04,D,moda_belleza,Moda y Belleza,142714.36
2025-03-01,RN-SEV-ES04,D,hogar_electronica,"Hogar, Electrónica y Electrodomésticos",31657.56
2025-03-01,RN-SEV-ES04,D,alimentacion_hosteleria,Alimentación y Hostelería,2217.26
2025-03-01,RN-SEV-ES05,D,moda_belleza,Moda y Belleza,138467.84
2025-03-01,RN-SEV-ES05,D,hogar_electronica,"Hogar, Electrónica y Electrodomésticos",30715.58
2025-03-01,RN-SEV-ES05,D,alimentacion_hosteleria,Alimentación y Hostelería,2151.29
2025-03-01,RN-SEV-ES06,D,moda_belleza,Moda y Belleza,182513.58
2025-03-01,RN-SEV-ES06,D,hogar_electronica,"Hogar, Electrónica y Electrodomésticos",40486.01
2025-03-01,RN-SEV-ES06,D,alimentacion_hosteleria,Alimentación y Hostelería,2835.6
2025-03-01,RN-SEV-ES07,D,moda_belleza,Moda y Belleza,190788.51
2025-03-01,RN-SEV-ES07,D,hogar_electronica,"Hogar, Electrónica y Electrodomésticos",42321.59
2025-03-01,RN-SEV-ES07,D,alimentacion_hosteleria,Alimentación y Hostelería,2964.16
2025-03-01,RN-SEV-ES08,D,moda_belleza,Moda y Belleza,176921.33
2025-03-01,RN-SEV-ES08,D,hogar_electronica,"Hogar, Electrónica y Electrodomésticos",39245.51
2025-03-01,RN-SEV-ES08,D,alimentacion_hosteleria,Alimentación y Hostelería,2748.72
2025-03-01,RN-SEV-ES09,D,moda_belleza,Moda y Belleza,162934.02
2025-03-01,RN-SEV-ES09,D,hogar_electronica,"Hogar, Electrónica y Electrodomésticos",36142.78
2025-03-01,RN-SEV-ES09,D,alimentacion_hosteleria,Alimentación y Hostelería,2531.4
2025-03-01,RN-SEV-ES10,D,moda_belleza,Moda y Belleza,172730.29
2025-03-01,RN-SEV-ES10,D,hogar_electronica,"Hogar, Electrónica y Electrodomésticos",38315.83
2025-03-01,RN-SEV-ES10,D,alimentacion_hosteleria,Alimentación y Hostelería,2683.6
2025-03-01,RN-SEV-ES11,D,moda_belleza,Moda y Belleza,162335.43
2025-03-01,RN-SEV-ES11,D,hogar_electronica,"Hogar, Electrónica y Electrodomésticos",36010.0
2025-03-01,RN-SEV-ES11,D,alimentacion_hosteleria,Alimentación y Hostelería,2522.1
2025-03-01,RN-SEV-ES12,D,moda_belleza,Moda y Belleza,147262.46
2025-03-01,RN-SEV-ES12,D,hogar_electronica,"Hogar, Electrónica y Electrodomésticos",32666.44
2025-03-01,RN-SEV-ES12,D,alimentacion_hosteleria,Alimentación y Hostelería,2287.93
2025-03-01,RN-SEV-GA01,D,moda_belleza,Moda y Belleza,712910.69
2025-03-01,RN-SEV-GA01,D,hogar_electronica,"Hogar, Electrónica y Electrodomésticos",1149617.37
2025-03-01,RN-SEV-GA01,D,alimentacion_hosteleria,Alimentación y Hostelería,169511.71
2025-03-01,RN-SEV-HI01,D,moda_belleza,Moda y Belleza,51582.8
2025-03-01,RN-SEV-HI01,D,hogar_electronica,"Hogar, Electrónica y Electrodomésticos",176211.95
2025-03-01,RN-SEV-HI01,D,alimentacion_hosteleria,Alimentación y Hostelería,343804.78
2025-03-01,RN-SEV-HI02,D,moda_belleza,Moda y Belleza,55385.04
2025-03-01,RN-SEV-HI02,D,hogar_electronica,"Hogar, Electrónica y Electrodomésticos",189200.8
2025-03-01,RN-SEV-HI02,D,alimentacion_hosteleria,Alimentación y Hostelería,369147.15
2025-03-01,RN-SEV-HI03,D,moda_belleza,Moda y Belleza,49031.1
2025-03-01,RN-SEV-HI03,D,hogar_electronica,"Hogar, Electrónica y Electrodomésticos",167495.09
2025-03-01,RN-SEV-HI03,D,alimentacion_hosteleria,Alimentación y Hostelería,326797.43
2025-03-01,RN-SEV-HI04,D,moda_belleza,Moda y Belleza,65870.95
2025-03-01,RN-SEV-HI04,D,hogar_electronica,"Hogar, Electrónica y Electrodomésticos",225021.7
2025-03-01,RN-SEV-HI04,D,alimentacion_hosteleria,Alimentación y Hostelería,439036.85
2025-03-01,RN-VLC-CV01,C,moda_belleza,Moda y Belleza,6886.08
2025-03-01,RN-VLC-CV01,C,hogar_electronica,"Hogar, Electrónica y Electrodomésticos",14456.15
2025-03-01,RN-VLC-CV01,C,alimentacion_hosteleria,Alimentación y Hostelería,130581.8
2025-03-01,RN-VLC-CV02,C,moda_belleza,Moda y Belleza,7319.94
2025-03-01,RN-VLC-CV02,C,hogar_electronica,"Hogar, Electrónica y Electrodomésticos",15366.97
2025-03-01,RN-VLC-CV02,C,alimentacion_hosteleria,Alimentación y Hostelería,138809.2
2025-03-01,RN-VLC-CV03,C,moda_belleza,Moda y Belleza,8010.83
2025-03-01,RN-VLC-CV03,C,hogar_electronica,"Hogar, Electrónica y Electrodomésticos",16817.36
2025-03-01,RN-VLC-CV03,C,alimentacion_hosteleria,Alimentación y Hostelería,151910.53
2025-03-01,RN-VLC-CV04,C,moda_belleza,Moda y Belleza,6540.59
2025-03-01,RN-VLC-CV04,C,hogar_electronica,"Hogar, Electrónica y Electrodomésticos",13730.85
2025-03-01,RN-VLC-CV04,C,alimentacion_hosteleria,Alimentación y Hostelería,124030.26
2025-03-01,RN-VLC-CV05,C,moda_belleza,Moda y Belleza,5494.27
2025-03-01,RN-VLC-CV05,C,hogar_electronica,"Hogar, Electrónica y Electrodomésticos",11534.28
2025-03-01,RN-VLC-CV05,C,alimentacion_hosteleria,Alimentación y Hostelería,104188.69
2025-03-01,RN-VLC-CV06,C,moda_belleza,Moda y Belleza,8234.65
2025-03-01,RN-VLC-CV06,C,hogar_electronica,"Hogar, Electrónica y Electrodomésticos",17287.24
2025-03-01,RN-VLC-CV06,C,alimentacion_hosteleria,Alimentación y Hostelería,156154.96
2025-03-01,RN-VLC-CV07,C,moda_belleza,Moda y Belleza,6575.27
2025-03-01,RN-VLC-CV07,C,hogar_electronica,"Hogar, Electrónica y Electrodomésticos",13803.65
2025-03-01,RN-VLC-CV07,C,alimentacion_hosteleria,Alimentación y Hostelería,124687.83
2025-03-01,RN-VLC-CV08,C,moda_belleza,Moda y Belleza,5749.68
2025-03-01,RN-VLC-CV08,C,hogar_electronica,"Hogar, Electrónica y Electrodomésticos",12070.47
2025-03-01,RN-VLC-CV08,C,alimentacion_hosteleria,Alimentación y Hostelería,109032.04
2025-03-01,RN-VLC-CV09,C,moda_belleza,Moda y Belleza,6089.31
2025-03-01,RN-VLC-CV09,C,hogar_electronica,"Hogar, Electrónica y Electrodomésticos",12783.45
2025-03-01,RN-VLC-CV09,C,alimentacion_hosteleria,Alimentación y Hostelería,115472.44
2025-03-01,RN-VLC-ES01,C,moda_belleza,Moda y Belleza,189661.63
2025-03-01,RN-VLC-ES01,C,hogar_electronica,"Hogar, Electrónica y Electrodomésticos",30163.8
2025-03-01,RN-VLC-ES01,C,alimentacion_hosteleria,Alimentación y Hostelería,5769.92
2025-03-01,RN-VLC-ES02,C,moda_belleza,Moda y Belleza,140227.11
2025-03-01,RN-VLC-ES02,C,hogar_electronica,"Hogar, Electrónica y Electrodomésticos",22301.73
2025-03-01,RN-VLC-ES02,C,alimentacion_hosteleria,Alimentación y Hostelería,4266.01
2025-03-01,RN-VLC-ES03,C,moda_belleza,Moda y Belleza,160569.14
2025-03-01,RN-VLC-ES03,C,hogar_electronica,"Hogar, Electrónica y Electrodomésticos",25536.93
2025-03-01,RN-VLC-ES03,C,alimentacion_hosteleria,Alimentación y Hostelería,4884.86
2025-03-01,RN-VLC-ES04,C,moda_belleza,Moda y Belleza,175809.05
2025-03-01,RN-VLC-ES04,C,hogar_electronica,"Hogar, Electrónica y Electrodomésticos",27960.68
2025-03-01,RN-VLC-ES04,C,alimentacion_hosteleria,Alimentación y Hostelería,5348.49
2025-03-01,RN-VLC-ES05,C,moda_belleza,Moda y Belleza,171492.04
2025-03-01,RN-VLC-ES05,C,hogar_electronica,"Hogar, Electrónica y Electrodomésticos",27274.1
2025-03-01,RN-VLC-ES05,C,alimentacion_hosteleria,Alimentación y Hostelería,5217.16
2025-03-01,RN-VLC-ES06,C,moda_belleza,Moda y Belleza,133481.94
2025-03-01,RN-VLC-ES06,C,hogar_electronica,"Hogar, Electrónica y Electrodomésticos",21228.98
2025-03-01,RN-VLC-ES06,C,alimentacion_hosteleria,Alimentación y Hostelería,4060.81
2025-03-01,RN-VLC-ES07,C,moda_belleza,Moda y Belleza,163210.12
2025-03-01,RN-VLC-ES07,C,hogar_electronica,"Hogar, Electrónica y Electrodomésticos",25956.95
2025-03-01,RN-VLC-ES07,C,alimentacion_hosteleria,Alimentación y Hostelería,4965.21
2025-03-01,RN-VLC-ES08,C,moda_belleza,Moda y Belleza,197548.2
2025-03-01,RN-VLC-ES08,C,hogar_electronica,"Hogar, Electrónica y Electrodomésticos",31418.08
2025-03-01,RN-VLC-ES08,C,alimentacion_hosteleria,Alimentación y Hostelería,6009.84
2025-03-01,RN-VLC-ES09,C,moda_belleza,Moda y Belleza,164017.74
2025-03-01,RN-VLC-ES09,C,hogar_electronica,"Hogar, Electrónica y Electrodomésticos",26085.39
2025-03-01,RN-VLC-ES09,C,alimentacion_hosteleria,Alimentación y Hostelería,4989.78
2025-03-01,RN-VLC-ES10,C,moda_belleza,Moda y Belleza,152481.62
2025-03-01,RN-VLC-ES10,C,hogar_electronica,"Hogar, Electrónica y Electrodomésticos",24250.69
2025-03-01,RN-VLC-ES10,C,alimentacion_hosteleria,Alimentación y Hostelería,4638.82
2025-03-01,RN-VLC-GA01,C,moda_belleza,Moda y Belleza,1204216.19
2025-03-01,RN-VLC-GA01,C,hogar_electronica,"Hogar, Electrónica y Electrodomésticos",1392257.01
2025-03-01,RN-VLC-GA01,C,alimentacion_hosteleria,Alimentación y Hostelería,560672.8
2025-03-01,RN-VLC-HI01,C,moda_belleza,Moda y Belleza,49349.12
2025-03-01,RN-VLC-HI01,C,hogar_electronica,"Hogar, Electrónica y Electrodomésticos",120866.7
2025-03-01,RN-VLC-HI01,C,alimentacion_hosteleria,Alimentación y Hostelería,644060.85
2025-03-01,RN-VLC-HI02,C,moda_belleza,Moda y Belleza,51796.7
2025-03-01,RN-VLC-HI02,C,hogar_electronica,"Hogar, Electrónica y Electrodomésticos",126861.36
2025-03-01,RN-VLC-HI02,C,alimentacion_hosteleria,Alimentación y Hostelería,676004.52
2025-03-01,RN-VLC-HI03,C,moda_belleza,Moda y Belleza,54024.85
2025-03-01,RN-VLC-HI03,C,hogar_electronica,"Hogar, Electrónica y Electrodomésticos",132318.56
2025-03-01,RN-VLC-HI03,C,alimentacion_hosteleria,Alimentación y Hostelería,705084.25
2025-03-01,RN-VLC-HI04,C,moda_belleza,Moda y Belleza,46376.01
2025-03-01,RN-VLC-HI04,C,hogar_electronica,"Hogar, Electrónica y Electrodomésticos",113584.91
2025-03-01,RN-VLC-HI04,C,alimentacion_hosteleria,Alimentación y Hostelería,605258.5
2025-03-01,RN-VLC-HI05,C,moda_belleza,Moda y Belleza,53059.1
2025-03-01,RN-VLC-HI05,C,hogar_electronica,"Hogar, Electrónica y Electrodomésticos",129953.25
2025-03-01,RN-VLC-HI05,C,alimentacion_hosteleria,Alimentación y Hostelería,692480.24
2025-03-01,RN-VLC-HI06,C,moda_belleza,Moda y Belleza,47996.86
2025-03-01,RN-VLC-HI06,C,hogar_electronica,"Hogar, Electrónica y Electrodomésticos",117554.73
2025-03-01,RN-VLC-HI06,C,alimentacion_hosteleria,Alimentación y Hostelería,626412.41
2025-03-01,RN-VLC-HI07,C,moda_belleza,Moda y Belleza,38827.89
2025-03-01,RN-VLC-HI07,C,hogar_electronica,"Hogar, Electrónica y Electrodomésticos",95097.91
2025-03-01,RN-VLC-HI07,C,alimentacion_hosteleria,Alimentación y Hostelería,506747.07
2025-04-01,RN-BCN-CV01,B,moda_belleza,Moda y Belleza,11317.51
2025-04-01,RN-BCN-CV01,B,hogar_electronica,"Hogar, Electrónica y Electrodomésticos",25010.34
2025-04-01,RN-BCN-CV01,B,alimentacion_hosteleria,Alimentación y Hostelería,140642.02
2025-04-01,RN-BCN-CV02,B,moda_belleza,Moda y Belleza,12328.95
2025-04-01,RN-BCN-CV02,B,hogar_electronica,"Hogar, Electrónica y Electrodomésticos",27245.52
2025-04-01,RN-BCN-CV02,B,alimentacion_hosteleria,Alimentación y Hostelería,153211.19
2025-04-01,RN-BCN-CV03,B,moda_belleza,Moda y Belleza,12907.44
2025-04-01,RN-BCN-CV03,B,hogar_electronica,"Hogar, Electrónica y Electrodomésticos",28523.91
2025-04-01,RN-BCN-CV03,B,alimentacion_hosteleria,Alimentación y Hostelería,160400.06
2025-04-01,RN-BCN-CV04,B,moda_belleza,Moda y Belleza,9918.54
2025-04-01,RN-BCN-CV04,B,hogar_electronica,"Hogar, Electrónica y Electrodomésticos",21918.79
2025-04-01,RN-BCN-CV04,B,alimentacion_hosteleria,Alimentación y Hostelería,123257.12
2025-04-01,RN-BCN-CV05,B,moda_belleza,Moda y Belleza,10813.3
2025-04-01,RN-BCN-CV05,B,hogar_electronica,"Hogar, Electrónica y Electrodomésticos",23896.12
2025-04-01,RN-BCN-CV05,B,alimentacion_hosteleria,Alimentación y Hostelería,134376.32
2025-04-01,RN-BCN-CV06,B,moda_belleza,Moda y Belleza,11132.25
2025-04-01,RN-BCN-CV06,B,hogar_electronica,"Hogar, Electrónica y Electrodomésticos",24600.95
2025-04-01,RN-BCN-CV06,B,alimentacion_hosteleria,Alimentación y Hostelería,138339.84
2025-04-01,RN-BCN-CV07,B,moda_belleza,Moda y Belleza,11296.88
2025-04-01,RN-BCN-CV07,B,hogar_electronica,"Hogar, Electrónica y Electrodomésticos",24964.77
2025-04-01,RN-BCN-CV07,B,alimentacion_hosteleria,Alimentación y Hostelería,140385.73
2025-04-01,RN-BCN-CV08,B,moda_belleza,Moda y Belleza,11125.6
2025-04-01,RN-BCN-CV08,B,hogar_electronica,"Hogar, Electrónica y Electrodomésticos",24586.25
2025-04-01,RN-BCN-CV08,B,alimentacion_hosteleria,Alimentación y Hostelería,138257.19
2025-04-01,RN-BCN-ES01,B,moda_belleza,Moda y Belleza,188195.1
2025-04-01,RN-BCN-ES01,B,hogar_electronica,"Hogar, Electrónica y Electrodomésticos",31506.72
2025-04-01,RN-BCN-ES01,B,alimentacion_hosteleria,Alimentación y Hostelería,3751.91
2025-04-01,RN-BCN-ES02,B,moda_belleza,Moda y Belleza,208295.87
2025-04-01,RN-BCN-ES02,B,hogar_electronica,"Hogar, Electrónica y Electrodomésticos",34871.9
2025-04-01,RN-BCN-ES02,B,alimentacion_hosteleria,Alimentación y Hostelería,4152.64
2025-04-01,RN-BCN-ES03,B,moda_belleza,Moda y Belleza,227517.27
2025-04-01,RN-BCN-ES03,B,hogar_electronica,"Hogar, Electrónica y Electrodomésticos",38089.85
2025-04-01,RN-BCN-ES03,B,alimentacion_hosteleria,Alimentación y Hostelería,4535.85
2025-04-01,RN-BCN-ES04,B,moda_belleza,Moda y Belleza,215323.02
2025-04-01,RN-BCN-ES04,B,hogar_electronica,"Hogar, Electrónica y Electrodomésticos",36048.35
2025-04-01,RN-BCN-ES04,B,alimentacion_hosteleria,Alimentación y Hostelería,4292.74
2025-04-01,RN-BCN-ES05,B,moda_belleza,Moda y Belleza,227964.05
2025-04-01,RN-BCN-ES05,B,hogar_electronica,"Hogar, Electrónica y Electrodomésticos",38164.65
2025-04-01,RN-BCN-ES05,B,alimentacion_hosteleria,Alimentación y Hostelería,4544.75
2025-04-01,RN-BCN-ES06,B,moda_belleza,Moda y Belleza,215943.05
2025-04-01,RN-BCN-ES06,B,hogar_electronica,"Hogar, Electrónica y Electrodomésticos",36152.15
2025-04-01,RN-BCN-ES06,B,alimentacion_hosteleria,Alimentación y Hostelería,4305.1
2025-04-01,RN-BCN-ES07,B,moda_belleza,Moda y Belleza,207930.14
2025-04-01,RN-BCN-ES07,B,hogar_electronica,"Hogar, Electrónica y Electrodomésticos",34810.67
2025-04-01,RN-BCN-ES07,B,alimentacion_hosteleria,Alimentación y Hostelería,4145.35
2025-04-01,RN-BCN-ES08,B,moda_belleza,Moda y Belleza,168646.46
2025-04-01,RN-BCN-ES08,B,hogar_electronica,"Hogar, Electrónica y Electrodomésticos",28233.99
2025-04-01,RN-BCN-ES08,B,alimentacion_hosteleria,Alimentación y Hostelería,3362.18
2025-04-01,RN-BCN-ES09,B,moda_belleza,Moda y Belleza,221527.16
2025-04-01,RN-BCN-ES09,B,hogar_electronica,"Hogar, Electrónica y Electrodomésticos",37087.02
2025-04-01,RN-BCN-ES09,B,alimentacion_hosteleria,Alimentación y Hostelería,4416.43
2025-04-01,RN-BCN-ES10,B,moda_belleza,Moda y Belleza,208790.34
2025-04-01,RN-BCN-ES10,B,hogar_electronica,"Hogar, Electrónica y Electrodomésticos",34954.68
2025-04-01,RN-BCN-ES10,B,alimentacion_hosteleria,Alimentación y Hostelería,4162.5
2025-04-01,RN-BCN-ES11,B,moda_belleza,Moda y Belleza,218768.55
2025-04-01,RN-BCN-ES11,B,hogar_electronica,"Hogar, Electrónica y Electrodomésticos",36625.19
2025-04-01,RN-BCN-ES11,B,alimentacion_hosteleria,Alimentación y Hostelería,4361.43
2025-04-01,RN-BCN-ES12,B,moda_belleza,Moda y Belleza,189155.29
2025-04-01,RN-BCN-ES12,B,hogar_electronica,"Hogar, Electrónica y Electrodomésticos",31667.48
2025-04-01,RN-BCN-ES12,B,alimentacion_hosteleria,Alimentación y Hostelería,3771.05
2025-04-01,RN-BCN-ES13,B,moda_belleza,Moda y Belleza,221910.61
2025-04-01,RN-BCN-ES13,B,hogar_electronica,"Hogar, Electrónica y Electrodomésticos",37151.22
2025-04-01,RN-BCN-ES13,B,alimentacion_hosteleria,Alimentación y Hostelería,4424.07
2025-04-01,RN-BCN-ES14,B,moda_belleza,Moda y Belleza,238542.83
2025-04-01,RN-BCN-ES14,B,hogar_electronica,"Hogar, Electrónica y Electrodomésticos",39935.7
2025-04-01,RN-BCN-ES14,B,alimentacion_hosteleria,Alimentación y Hostelería,4755.65
2025-04-01,RN-BCN-GA01,B,moda_belleza,Moda y Belleza,1486963.95
2025-04-01,RN-BCN-GA01,B,hogar_electronica,"Hogar, Electrónica y Electrodomésticos",1809688.49
2025-04-01,RN-BCN-GA01,B,alimentacion_hosteleria,Alimentación y Hostelería,453690.0
2025-04-01,RN-BCN-GA02,B,moda_belleza,Moda y Belleza,1798888.8
2025-04-01,RN-BCN-GA02,B,hogar_electronica,"Hogar, Electrónica y Electrodomésticos",2189312.23
2025-04-01,RN-BCN-GA02,B,alimentacion_hosteleria,Alimentación y Hostelería,548861.9
2025-04-01,RN-BCN-HI01,B,moda_belleza,Moda y Belleza,59163.87
2025-04-01,RN-BCN-HI01,B,hogar_electronica,"Hogar, Electrónica y Electrodomésticos",152535.96
2025-04-01,RN-BCN-HI01,B,alimentacion_hosteleria,Alimentación y Hostelería,506008.5
2025-04-01,RN-BCN-HI02,B,moda_belleza,Moda y Belleza,91753.61
2025-04-01,RN-BCN-HI02,B,hogar_electronica,"Hogar, Electrónica y Electrodomésticos",236558.65
2025-04-01,RN-BCN-HI02,B,alimentacion_hosteleria,Alimentación y Hostelería,784737.49
2025-04-01,RN-BCN-HI03,B,moda_belleza,Moda y Belleza,56230.0
2025-04-01,RN-BCN-HI03,B,hogar_electronica,"Hogar, Electrónica y Electrodomésticos",144971.86
2025-04-01,RN-BCN-HI03,B,alimentacion_hosteleria,Alimentación y Hostelería,480916.06
2025-04-01,RN-BCN-HI04,B,moda_belleza,Moda y Belleza,75448.19
2025-04-01,RN-BCN-HI04,B,hogar_electronica,"Hogar, Electrónica y Electrodomésticos",194520.11
2025-04-01,RN-BCN-HI04,B,alimentacion_hosteleria,Alimentación y Hostelería,645282.75
2025-04-01,RN-BIO-CV01,E,moda_belleza,Moda y Belleza,11317.3
2025-04-01,RN-BIO-CV01,E,hogar_electronica,"Hogar, Electrónica y Electrodomésticos",30085.98
2025-04-01,RN-BIO-CV01,E,alimentacion_hosteleria,Alimentación y Hostelería,152007.33
2025-04-01,RN-BIO-CV02,E,moda_belleza,Moda y Belleza,10775.07
2025-04-01,RN-BIO-CV02,E,hogar_electronica,"Hogar, Electrónica y Electrodomésticos",28644.52
2025-04-01,RN-BIO-CV02,E,alimentacion_hosteleria,Alimentación y Hostelería,144724.45
2025-04-01,RN-BIO-CV03,E,moda_belleza,Moda y Belleza,10441.14
2025-04-01,RN-BIO-CV03,E,hogar_electronica,"Hogar, Electrónica y Electrodomésticos",27756.81
2025-04-01,RN-BIO-CV03,E,alimentacion_hosteleria,Alimentación y Hostelería,140239.36
2025-04-01,RN-BIO-CV04,E,moda_belleza,Moda y Belleza,12113.97
2025-04-01,RN-BIO-CV04,E,hogar_electronica,"Hogar, Electrónica y Electrodomésticos",32203.87
2025-04-01,RN-BIO-CV04,E,alimentacion_hosteleria,Alimentación y Hostelería,162707.82
2025-04-01,RN-BIO-ES01,E,moda_belleza,Moda y Belleza,192796.39
2025-04-01,RN-BIO-ES01,E,hogar_electronica,"Hogar, Electrónica y Electrodomésticos",38828.13
2025-04-01,RN-BIO-ES01,E,alimentacion_hosteleria,Alimentación y Hostelería,4154.32
2025-04-01,RN-BIO-ES02,E,moda_belleza,Moda y Belleza,169748.62
2025-04-01,RN-BIO-ES02,E,hogar_electronica,"Hogar, Electrónica y Electrodomésticos",34186.44
2025-04-01,RN-BIO-ES02,E,alimentacion_hosteleria,Alimentación y Hostelería,3657.7
2025-04-01,RN-BIO-ES03,E,moda_belleza,Moda y Belleza,255102.11
2025-04-01,RN-BIO-ES03,E,hogar_electronica,"Hogar, Electrónica y Electrodomésticos",51376.16
2025-04-01,RN-BIO-ES03,E,alimentacion_hosteleria,Alimentación y Hostelería,5496.87
2025-04-01,RN-BIO-ES04,E,moda_belleza,Moda y Belleza,227005.33
2025-04-01,RN-BIO-ES04,E,hogar_electronica,"Hogar, Electrónica y Electrodomésticos",45717.62
2025-04-01,RN-BIO-ES04,E,alimentacion_hosteleria,Alimentación y Hostelería,4891.45
2025-04-01,RN-BIO-ES05,E,moda_belleza,Moda y Belleza,215333.63
2025-04-01,RN-BIO-ES05,E,hogar_electronica,"Hogar, Electrónica y Electrodomésticos",43367.01
2025-04-01,RN-BIO-ES05,E,alimentacion_hosteleria,Alimentación y Hostelería,4639.95
2025-04-01,RN-BIO-ES06,E,moda_belleza,Moda y Belleza,261986.04
2025-04-01,RN-BIO-ES06,E,hogar_electronica,"Hogar, Electrónica y Electrodomésticos",52762.55
2025-04-01,RN-BIO-ES06,E,alimentacion_hosteleria,Alimentación y Hostelería,5645.2
2025-04-01,RN-BIO-ES07,E,moda_belleza,Moda y Belleza,215502.79
2025-04-01,RN-BIO-ES07,E,hogar_electronica,"Hogar, Electrónica y Electrodomésticos",43401.07
2025-04-01,RN-BIO-ES07,E,alimentacion_hosteleria,Alimentación y Hostelería,4643.6
2025-04-01,RN-BIO-GA01,E,moda_belleza,Moda y Belleza,1034777.01
2025-04-01,RN-BIO-GA01,E,hogar_electronica,"Hogar, Electrónica y Electrodomésticos",1514965.69
2025-04-01,RN-BIO-GA01,E,alimentacion_hosteleria,Alimentación y Hostelería,341242.48
2025-04-01,RN-BIO-HI01,E,moda_belleza,Moda y Belleza,70751.27
2025-04-01,RN-BIO-HI01,E,hogar_electronica,"Hogar, Electrónica y Electrodomésticos",219433.3
2025-04-01,RN-BIO-HI01,E,alimentacion_hosteleria,Alimentación y Hostelería,654023.0
2025-04-01,RN-BIO-HI02,E,moda_belleza,Moda y Belleza,54001.0
2025-04-01,RN-BIO-HI02,E,hogar_electronica,"Hogar, Electrónica y Electrodomésticos",167482.76
2025-04-01,RN-BIO-HI02,E,alimentacion_hosteleria,Alimentación y Hostelería,499183.91
2025-04-01,RN-MAD-CV01,A,moda_belleza,Moda y Belleza,11808.53
2025-04-01,RN-MAD-CV01,A,hogar_electronica,"Hogar, Electrónica y Electrodomésticos",23229.48
2025-04-01,RN-MAD-CV01,A,alimentacion_hosteleria,Alimentación y Hostelería,141507.11
2025-04-01,RN-MAD-CV02,A,moda_belleza,Moda y Belleza,12368.1
2025-04-01,RN-MAD-CV02,A,hogar_electronica,"Hogar, Electrónica y Electrodomésticos",24330.25
2025-04-01,RN-MAD-CV02,A,alimentacion_hosteleria,Alimentación y Hostelería,148212.7
2025-04-01,RN-MAD-CV03,A,moda_belleza,Moda y Belleza,11755.71
2025-04-01,RN-MAD-CV03,A,hogar_electronica,"Hogar, Electrónica y Electrodomésticos",23125.57
2025-04-01,RN-MAD-CV03,A,alimentacion_hosteleria,Alimentación y Hostelería,140874.13
2025-04-01,RN-MAD-CV04,A,moda_belleza,Moda y Belleza,13684.29
2025-04-01,RN-MAD-CV04,A,hogar_electronica,"Hogar, Electrónica y Electrodomésticos",26919.43
2025-04-01,RN-MAD-CV04,A,alimentacion_hosteleria,Alimentación y Hostelería,163985.17
2025-04-01,RN-MAD-CV05,A,moda_belleza,Moda y Belleza,9844.06
2025-04-01,RN-MAD-CV05,A,hogar_electronica,"Hogar, Electrónica y Electrodomésticos",19365.02
2025-04-01,RN-MAD-CV05,A,alimentacion_hosteleria,Alimentación y Hostelería,117965.97
2025-04-01,RN-MAD-CV06,A,moda_belleza,Moda y Belleza,11532.99
2025-04-01,RN-MAD-CV06,A,hogar_electronica,"Hogar, Electrónica y Electrodomésticos",22687.44
2025-04-01,RN-MAD-CV06,A,alimentacion_hosteleria,Alimentación y Hostelería,138205.15
2025-04-01,RN-MAD-CV07,A,moda_belleza,Moda y Belleza,11296.97
2025-04-01,RN-MAD-CV07,A,hogar_electronica,"Hogar, Electrónica y Electrodomésticos",22223.15
2025-04-01,RN-MAD-CV07,A,alimentacion_hosteleria,Alimentación y Hostelería,135376.86
2025-04-01,RN-MAD-CV08,A,moda_belleza,Moda y Belleza,13757.28
2025-04-01,RN-MAD-CV08,A,hogar_electronica,"Hogar, Electrónica y Electrodomésticos",27063.02
2025-04-01,RN-MAD-CV08,A,alimentacion_hosteleria,Alimentación y Hostelería,164859.89
2025-04-01,RN-MAD-CV09,A,moda_belleza,Moda y Belleza,13739.41
2025-04-01,RN-MAD-CV09,A,hogar_electronica,"Hogar, Electrónica y Electrodomésticos",27027.86
2025-04-01,RN-MAD-CV09,A,alimentacion_hosteleria,Alimentación y Hostelería,164645.72
2025-04-01,RN-MAD-CV10,A,moda_belleza,Moda y Belleza,12885.63
2025-04-01,RN-MAD-CV10,A,hogar_electronica,"Hogar, Electrónica y Electrodomésticos",25348.32
2025-04-01,RN-MAD-CV10,A,alimentacion_hosteleria,Alimentación y Hostelería,154414.47
2025-04-01,RN-MAD-ES01,A,moda_belleza,Moda y Belleza,275261.18
2025-04-01,RN-MAD-ES01,A,hogar_electronica,"Hogar, Electrónica y Electrodomésticos",41021.78
2025-04-01,RN-MAD-ES01,A,alimentacion_hosteleria,Alimentación y Hostelería,5291.84
2025-04-01,RN-MAD-ES02,A,moda_belleza,Moda y Belleza,194662.22
2025-04-01,RN-MAD-ES02,A,hogar_electronica,"Hogar, Electrónica y Electrodomésticos",29010.23
2025-04-01,RN-MAD-ES02,A,alimentacion_hosteleria,Alimentación y Hostelería,3742.34
2025-04-01,RN-MAD-ES03,A,moda_belleza,Moda y Belleza,239753.87
2025-04-01,RN-MAD-ES03,A,hogar_electronica,"Hogar, Electrónica y Electrodomésticos",35730.18
2025-04-01,RN-MAD-ES03,A,alimentacion_hosteleria,Alimentación y Hostelería,4609.22
2025-04-01,RN-MAD-ES04,A,moda_belleza,Moda y Belleza,244337.66
2025-04-01,RN-MAD-ES04,A,hogar_electronica,"Hogar, Electrónica y Electrodomésticos",36413.29
2025-04-01,RN-MAD-ES04,A,alimentacion_hosteleria,Alimentación y Hostelería,4697.34
2025-04-01,RN-MAD-ES05,A,moda_belleza,Moda y Belleza,207295.85
2025-04-01,RN-MAD-ES05,A,hogar_electronica,"Hogar, Electrónica y Electrodomésticos",30893.01
2025-04-01,RN-MAD-ES05,A,alimentacion_hosteleria,Alimentación y Hostelería,3985.22
2025-04-01,RN-MAD-ES06,A,moda_belleza,Moda y Belleza,238107.04
2025-04-01,RN-MAD-ES06,A,hogar_electronica,"Hogar, Electrónica y Electrodomésticos",35484.75
2025-04-01,RN-MAD-ES06,A,alimentacion_hosteleria,Alimentación y Hostelería,4577.56
2025-04-01,RN-MAD-ES07,A,moda_belleza,Moda y Belleza,255225.35
2025-04-01,RN-MAD-ES07,A,hogar_electronica,"Hogar, Electrónica y Electrodomésticos",38035.87
2025-04-01,RN-MAD-ES07,A,alimentacion_hosteleria,Alimentación y Hostelería,4906.66
2025-04-01,RN-MAD-ES08,A,moda_belleza,Moda y Belleza,259533.0
2025-04-01,RN-MAD-ES08,A,hogar_electronica,"Hogar, Electrónica y Electrodomésticos",38677.83
2025-04-01,RN-MAD-ES08,A,alimentacion_hosteleria,Alimentación y Hostelería,4989.47
2025-04-01,RN-MAD-ES09,A,moda_belleza,Moda y Belleza,231846.91
2025-04-01,RN-MAD-ES09,A,hogar_electronica,"Hogar, Electrónica y Electrodomésticos",34551.82
2025-04-01,RN-MAD-ES09,A,alimentacion_hosteleria,Alimentación y Hostelería,4457.21
2025-04-01,RN-MAD-ES10,A,moda_belleza,Moda y Belleza,246236.07
2025-04-01,RN-MAD-ES10,A,hogar_electronica,"Hogar, Electrónica y Electrodomésticos",36696.21
2025-04-01,RN-MAD-ES10,A,alimentacion_hosteleria,Alimentación y Hostelería,4733.84
2025-04-01,RN-MAD-ES11,A,moda_belleza,Moda y Belleza,201877.44
2025-04-01,RN-MAD-ES11,A,hogar_electronica,"Hogar, Electrónica y Electrodomésticos",30085.51
2025-04-01,RN-MAD-ES11,A,alimentacion_hosteleria,Alimentación y Hostelería,3881.05
2025-04-01,RN-MAD-ES12,A,moda_belleza,Moda y Belleza,255547.34
2025-04-01,RN-MAD-ES12,A,hogar_electronica,"Hogar, Electrónica y Electrodomésticos",38083.86
2025-04-01,RN-MAD-ES12,A,alimentacion_hosteleria,Alimentación y Hostelería,4912.85
2025-04-01,RN-MAD-ES13,A,moda_belleza,Moda y Belleza,246628.23
2025-04-01,RN-MAD-ES13,A,hogar_electronica,"Hogar, Electrónica y Electrodomésticos",36754.65
2025-04-01,RN-MAD-ES13,A,alimentacion_hosteleria,Alimentación y Hostelería,4741.38
2025-04-01,RN-MAD-ES14,A,moda_belleza,Moda y Belleza,194275.85
2025-04-01,RN-MAD-ES14,A,hogar_electronica,"Hogar, Electrónica y Electrodomésticos",28952.65
2025-04-01,RN-MAD-ES14,A,alimentacion_hosteleria,Alimentación y Hostelería,3734.92
2025-04-01,RN-MAD-ES15,A,moda_belleza,Moda y Belleza,215134.58
2025-04-01,RN-MAD-ES15,A,hogar_electronica,"Hogar, Electrónica y Electrodomésticos",32061.2
2025-04-01,RN-MAD-ES15,A,alimentacion_hosteleria,Alimentación y Hostelería,4135.92
2025-04-01,RN-MAD-ES16,A,moda_belleza,Moda y Belleza,218118.97
2025-04-01,RN-MAD-ES16,A,hogar_electronica,"Hogar, Electrónica y Electrodomésticos",32505.96
2025-04-01,RN-MAD-ES16,A,alimentacion_hosteleria,Alimentación y Hostelería,4193.29
2025-04-01,RN-MAD-ES17,A,moda_belleza,Moda y Belleza,247742.47
2025-04-01,RN-MAD-ES17,A,hogar_electronica,"Hogar, Electrónica y Electrodomésticos",36920.71
2025-04-01,RN-MAD-ES17,A,alimentacion_hosteleria,Alimentación y Hostelería,4762.8
2025-04-01,RN-MAD-ES18,A,moda_belleza,Moda y Belleza,263293.72
2025-04-01,RN-MAD-ES18,A,hogar_electronica,"Hogar, Electrónica y Electrodomésticos",39238.29
2025-04-01,RN-MAD-ES18,A,alimentacion_hosteleria,Alimentación y Hostelería,5061.77
2025-04-01,RN-MAD-ES19,A,moda_belleza,Moda y Belleza,243792.74
2025-04-01,RN-MAD-ES19,A,hogar_electronica,"Hogar, Electrónica y Electrodomésticos",36332.09
2025-04-01,RN-MAD-ES19,A,alimentacion_hosteleria,Alimentación y Hostelería,4686.87
2025-04-01,RN-MAD-ES20,A,moda_belleza,Moda y Belleza,237375.95
2025-04-01,RN-MAD-ES20,A,hogar_electronica,"Hogar, Electrónica y Electrodomésticos",35375.8
2025-04-01,RN-MAD-ES20,A,alimentacion_hosteleria,Alimentación y Hostelería,4563.51
2025-04-01,RN-MAD-GA01,A,moda_belleza,Moda y Belleza,2278255.72
2025-04-01,RN-MAD-GA01,A,hogar_electronica,"Hogar, Electrónica y Electrodomésticos",2468200.7
2025-04-01,RN-MAD-GA01,A,alimentacion_hosteleria,Alimentación y Hostelería,670315.47
2025-04-01,RN-MAD-GA02,A,moda_belleza,Moda y Belleza,1532109.06
2025-04-01,RN-MAD-GA02,A,hogar_electronica,"Hogar, Electrónica y Electrodomésticos",1659845.56
2025-04-01,RN-MAD-GA02,A,alimentacion_hosteleria,Alimentación y Hostelería,450781.88
2025-04-01,RN-MAD-GA03,A,moda_belleza,Moda y Belleza,1783949.21
2025-04-01,RN-MAD-GA03,A,hogar_electronica,"Hogar, Electrónica y Electrodomésticos",1932682.37
2025-04-01,RN-MAD-GA03,A,alimentacion_hosteleria,Alimentación y Hostelería,524879.07
2025-04-01,RN-MAD-HI01,A,moda_belleza,Moda y Belleza,76571.36
2025-04-01,RN-MAD-HI01,A,hogar_electronica,"Hogar, Electrónica y Electrodomésticos",175734.35
2025-04-01,RN-MAD-HI01,A,alimentacion_hosteleria,Alimentación y Hostelería,631517.84
2025-04-01,RN-MAD-HI02,A,moda_belleza,Moda y Belleza,72297.21
2025-04-01,RN-MAD-HI02,A,hogar_electronica,"Hogar, Electrónica y Electrodomésticos",165924.99
2025-04-01,RN-MAD-HI02,A,alimentacion_hosteleria,Alimentación y Hostelería,596266.99
2025-04-01,RN-MAD-HI03,A,moda_belleza,Moda y Belleza,79714.46
2025-04-01,RN-MAD-HI03,A,hogar_electronica,"Hogar, Electrónica y Electrodomésticos",182947.89
2025-04-01,RN-MAD-HI03,A,alimentacion_hosteleria,Alimentación y Hostelería,657440.36
2025-04-01,RN-MAD-HI04,A,moda_belleza,Moda y Belleza,87597.49
2025-04-01,RN-MAD-HI04,A,hogar_electronica,"Hogar, Electrónica y Electrodomésticos",201039.75
2025-04-01,RN-MAD-HI04,A,alimentacion_hosteleria,Alimentación y Hostelería,722455.15
2025-04-01,RN-MAD-HI05,A,moda_belleza,Moda y Belleza,83393.16
2025-04-01,RN-MAD-HI05,A,hogar_electronica,"Hogar, Electrónica y Electrodomésticos",191390.66
2025-04-01,RN-MAD-HI05,A,alimentacion_hosteleria,Alimentación y Hostelería,687780.22
2025-04-01,RN-SEV-CV01,D,moda_belleza,Moda y Belleza,10273.07
2025-04-01,RN-SEV-CV01,D,hogar_electronica,"Hogar, Electrónica y Electrodomésticos",30080.41
2025-04-01,RN-SEV-CV01,D,alimentacion_hosteleria,Alimentación y Hostelería,99487.89
2025-04-01,RN-SEV-CV02,D,moda_belleza,Moda y Belleza,11723.22
2025-04-01,RN-SEV-CV02,D,hogar_electronica,"Hogar, Electrónica y Electrodomésticos",34326.58
2025-04-01,RN-SEV-CV02,D,alimentacion_hosteleria,Alimentación y Hostelería,113531.66
2025-04-01,RN-SEV-CV03,D,moda_belleza,Moda y Belleza,9940.9
2025-04-01,RN-SEV-CV03,D,hogar_electronica,"Hogar, Electrónica y Electrodomésticos",29107.8
2025-04-01,RN-SEV-CV03,D,alimentacion_hosteleria,Alimentación y Hostelería,96271.06
2025-04-01,RN-SEV-CV04,D,moda_belleza,Moda y Belleza,9158.62
2025-04-01,RN-SEV-CV04,D,hogar_electronica,"Hogar, Electrónica y Electrodomésticos",26817.23
2025-04-01,RN-SEV-CV04,D,alimentacion_hosteleria,Alimentación y Hostelería,88695.23
2025-04-01,RN-SEV-CV05,D,moda_belleza,Moda y Belleza,8818.3
2025-04-01,RN-SEV-CV05,D,hogar_electronica,"Hogar, Electrónica y Electrodomésticos",25820.72
2025-04-01,RN-SEV-CV05,D,alimentacion_hosteleria,Alimentación y Hostelería,85399.39
2025-04-01,RN-SEV-CV06,D,moda_belleza,Moda y Belleza,10411.67
2025-04-01,RN-SEV-CV06,D,hogar_electronica,"Hogar, Electrónica y Electrodomésticos",30486.27
2025-04-01,RN-SEV-CV06,D,alimentacion_hosteleria,Alimentación y Hostelería,100830.21
2025-04-01,RN-SEV-CV07,D,moda_belleza,Moda y Belleza,10081.08
2025-04-01,RN-SEV-CV07,D,hogar_electronica,"Hogar, Electrónica y Electrodomésticos",29518.26
2025-04-01,RN-SEV-CV07,D,alimentacion_hosteleria,Alimentación y Hostelería,97628.62
2025-04-01,RN-SEV-CV08,D,moda_belleza,Moda y Belleza,11348.8
2025-04-01,RN-SEV-CV08,D,hogar_electronica,"Hogar, Electrónica y Electrodomésticos",33230.25
2025-04-01,RN-SEV-CV08,D,alimentacion_hosteleria,Alimentación y Hostelería,109905.64
2025-04-01,RN-SEV-CV09,D,moda_belleza,Moda y Belleza,11119.92
2025-04-01,RN-SEV-CV09,D,hogar_electronica,"Hogar, Electrónica y Electrodomésticos",32560.06
2025-04-01,RN-SEV-CV09,D,alimentacion_hosteleria,Alimentación y Hostelería,107689.06
2025-04-01,RN-SEV-CV10,D,moda_belleza,Moda y Belleza,10934.25
2025-04-01,RN-SEV-CV10,D,hogar_electronica,"Hogar, Electrónica y Electrodomésticos",32016.42
2025-04-01,RN-SEV-CV10,D,alimentacion_hosteleria,Alimentación y Hostelería,105891.04
2025-04-01,RN-SEV-ES01,D,moda_belleza,Moda y Belleza,189454.6
2025-04-01,RN-SEV-ES01,D,hogar_electronica,"Hogar, Electrónica y Electrodomésticos",42025.69
2025-04-01,RN-SEV-ES01,D,alimentacion_hosteleria,Alimentación y Hostelería,2943.44
2025-04-01,RN-SEV-ES02,D,moda_belleza,Moda y Belleza,168408.67
2025-04-01,RN-SEV-ES02,D,hogar_electronica,"Hogar, Electrónica y Electrodomésticos",37357.19
2025-04-01,RN-SEV-ES02,D,alimentacion_hosteleria,Alimentación y Hostelería,2616.46
2025-04-01,RN-SEV-ES03,D,moda_belleza,Moda y Belleza,175516.2
2025-04-01,RN-SEV-ES03,D,hogar_electronica,"Hogar, Electrónica y Electrodomésticos",38933.81
2025-04-01,RN-SEV-ES03,D,alimentacion_hosteleria,Alimentación y Hostelería,2726.89
2025-04-01,RN-SEV-ES04,D,moda_belleza,Moda y Belleza,141251.41
2025-04-01,RN-SEV-ES04,D,hogar_electronica,"Hogar, Electrónica y Electrodomésticos",31333.04
2025-04-01,RN-SEV-ES04,D,alimentacion_hosteleria,Alimentación y Hostelería,2194.54
2025-04-01,RN-SEV-ES05,D,moda_belleza,Moda y Belleza,138982.6
2025-04-01,RN-SEV-ES05,D,hogar_electronica,"Hogar, Electrónica y Electrodomésticos",30829.76
2025-04-01,RN-SEV-ES05,D,alimentacion_hosteleria,Alimentación y Hostelería,2159.29
2025-04-01,RN-SEV-ES06,D,moda_belleza,Moda y Belleza,181336.76
2025-04-01,RN-SEV-ES06,D,hogar_electronica,"Hogar, Electrónica y Electrodomésticos",40224.96
2025-04-01,RN-SEV-ES06,D,alimentacion_hosteleria,Alimentación y Hostelería,2817.32
2025-04-01,RN-SEV-ES07,D,moda_belleza,Moda y Belleza,186835.62
2025-04-01,RN-SEV-ES07,D,hogar_electronica,"Hogar, Electrónica y Electrodomésticos",41444.74
2025-04-01,RN-SEV-ES07,D,alimentacion_hosteleria,Alimentación y Hostelería,2902.75
2025-04-01,RN-SEV-ES08,D,moda_belleza,Moda y Belleza,173555.89
2025-04-01,RN-SEV-ES08,D,hogar_electronica,"Hogar, Electrónica y Electrodomésticos",38498.97
2025-04-01,RN-SEV-ES08,D,alimentacion_hosteleria,Alimentación y Hostelería,2696.43
2025-04-01,RN-SEV-ES09,D,moda_belleza,Moda y Belleza,165560.45
2025-04-01,RN-SEV-ES09,D,hogar_electronica,"Hogar, Electrónica y Electrodomésticos",36725.38
2025-04-01,RN-SEV-ES09,D,alimentacion_hosteleria,Alimentación y Hostelería,2572.21
2025-04-01,RN-SEV-ES10,D,moda_belleza,Moda y Belleza,171008.2
2025-04-01,RN-SEV-ES10,D,hogar_electronica,"Hogar, Electrónica y Electrodomésticos",37933.83
2025-04-01,RN-SEV-ES10,D,alimentacion_hosteleria,Alimentación y Hostelería,2656.85
2025-04-01,RN-SEV-ES11,D,moda_belleza,Moda y Belleza,166503.78
2025-04-01,RN-SEV-ES11,D,hogar_electronica,"Hogar, Electrónica y Electrodomésticos",36934.64
2025-04-01,RN-SEV-ES11,D,alimentacion_hosteleria,Alimentación y Hostelería,2586.87
2025-04-01,RN-SEV-ES12,D,moda_belleza,Moda y Belleza,155063.03
2025-04-01,RN-SEV-ES12,D,hogar_electronica,"Hogar, Electrónica y Electrodomésticos",34396.8
2025-04-01,RN-SEV-ES12,D,alimentacion_hosteleria,Alimentación y Hostelería,2409.12
2025-04-01,RN-SEV-GA01,D,moda_belleza,Moda y Belleza,741353.94
2025-04-01,RN-SEV-GA01,D,hogar_electronica,"Hogar, Electrónica y Electrodomésticos",1195484.07
2025-04-01,RN-SEV-GA01,D,alimentacion_hosteleria,Alimentación y Hostelería,176274.78
2025-04-01,RN-SEV-HI01,D,moda_belleza,Moda y Belleza,51431.0
2025-04-01,RN-SEV-HI01,D,hogar_electronica,"Hogar, Electrónica y Electrodomésticos",175693.41
2025-04-01,RN-SEV-HI01,D,alimentacion_hosteleria,Alimentación y Hostelería,342793.07
2025-04-01,RN-SEV-HI02,D,moda_belleza,Moda y Belleza,57461.82
2025-04-01,RN-SEV-HI02,D,hogar_electronica,"Hogar, Electrónica y Electrodomésticos",196295.29
2025-04-01,RN-SEV-HI02,D,alimentacion_hosteleria,Alimentación y Hostelería,382989.12
2025-04-01,RN-SEV-HI03,D,moda_belleza,Moda y Belleza,49041.02
2025-04-01,RN-SEV-HI03,D,hogar_electronica,"Hogar, Electrónica y Electrodomésticos",167528.98
2025-04-01,RN-SEV-HI03,D,alimentacion_hosteleria,Alimentación y Hostelería,326863.56
2025-04-01,RN-SEV-HI04,D,moda_belleza,Moda y Belleza,67062.35
2025-04-01,RN-SEV-HI04,D,hogar_electronica,"Hogar, Electrónica y Electrodomésticos",229091.64
2025-04-01,RN-SEV-HI04,D,alimentacion_hosteleria,Alimentación y Hostelería,446977.65
2025-04-01,RN-VLC-CV01,C,moda_belleza,Moda y Belleza,7282.23
2025-04-01,RN-VLC-CV01,C,hogar_electronica,"Hogar, Electrónica y Electrodomésticos",15287.79
2025-04-01,RN-VLC-CV01,C,alimentacion_hosteleria,Alimentación y Hostelería,138093.98
2025-04-01,RN-VLC-CV02,C,moda_belleza,Moda y Belleza,7524.62
2025-04-01,RN-VLC-CV02,C,hogar_electronica,"Hogar, Electrónica y Electrodomésticos",15796.65
2025-04-01,RN-VLC-CV02,C,alimentacion_hosteleria,Alimentación y Hostelería,142690.47
2025-04-01,RN-VLC-CV03,C,moda_belleza,Moda y Belleza,8254.33
2025-04-01,RN-VLC-CV03,C,hogar_electronica,"Hogar, Electrónica y Electrodomésticos",17328.54
2025-04-01,RN-VLC-CV03,C,alimentacion_hosteleria,Alimentación y Hostelería,156528.06
2025-04-01,RN-VLC-CV04,C,moda_belleza,Moda y Belleza,6868.56
2025-04-01,RN-VLC-CV04,C,hogar_electronica,"Hogar, Electrónica y Electrodomésticos",14419.36
2025-04-01,RN-VLC-CV04,C,alimentacion_hosteleria,Alimentación y Hostelería,130249.51
2025-04-01,RN-VLC-CV05,C,moda_belleza,Moda y Belleza,5662.07
2025-04-01,RN-VLC-CV05,C,hogar_electronica,"Hogar, Electrónica y Electrodomésticos",11886.55
2025-04-01,RN-VLC-CV05,C,alimentacion_hosteleria,Alimentación y Hostelería,107370.71
2025-04-01,RN-VLC-CV06,C,moda_belleza,Moda y Belleza,7986.51
2025-04-01,RN-VLC-CV06,C,hogar_electronica,"Hogar, Electrónica y Electrodomésticos",16766.31
2025-04-01,RN-VLC-CV06,C,alimentacion_hosteleria,Alimentación y Hostelería,151449.38
2025-04-01,RN-VLC-CV07,C,moda_belleza,Moda y Belleza,6922.01
2025-04-01,RN-VLC-CV07,C,hogar_electronica,"Hogar, Electrónica y Electrodomésticos",14531.58
2025-04-01,RN-VLC-CV07,C,alimentacion_hosteleria,Alimentación y Hostelería,131263.15
2025-04-01,RN-VLC-CV08,C,moda_belleza,Moda y Belleza,6121.66
2025-04-01,RN-VLC-CV08,C,hogar_electronica,"Hogar, Electrónica y Electrodomésticos",12851.37
2025-04-01,RN-VLC-CV08,C,alimentacion_hosteleria,Alimentación y Hostelería,116085.91
2025-04-01,RN-VLC-CV09,C,moda_belleza,Moda y Belleza,6080.74
2025-04-01,RN-VLC-CV09,C,hogar_electronica,"Hogar, Electrónica y Electrodomésticos",12765.47
2025-04-01,RN-VLC-CV09,C,alimentacion_hosteleria,Alimentación y Hostelería,115310.0
2025-04-01,RN-VLC-ES01,C,moda_belleza,Moda y Belleza,182738.27
2025-04-01,RN-VLC-ES01,C,hogar_electronica,"Hogar, Electrónica y Electrodomésticos",29062.7
2025-04-01,RN-VLC-ES01,C,alimentacion_hosteleria,Alimentación y Hostelería,5559.29
2025-04-01,RN-VLC-ES02,C,moda_belleza,Moda y Belleza,147881.47
2025-04-01,RN-VLC-ES02,C,hogar_electronica,"Hogar, Electrónica y Electrodomésticos",23519.08
2025-04-01,RN-VLC-ES02,C,alimentacion_hosteleria,Alimentación y Hostelería,4498.88
2025-04-01,RN-VLC-ES03,C,moda_belleza,Moda y Belleza,163595.82
2025-04-01,RN-VLC-ES03,C,hogar_electronica,"Hogar, Electrónica y Electrodomésticos",26018.29
2025-04-01,RN-VLC-ES03,C,alimentacion_hosteleria,Alimentación y Hostelería,4976.94
2025-04-01,RN-VLC-ES04,C,moda_belleza,Moda y Belleza,169473.23
2025-04-01,RN-VLC-ES04,C,hogar_electronica,"Hogar, Electrónica y Electrodomésticos",26953.03
2025-04-01,RN-VLC-ES04,C,alimentacion_hosteleria,Alimentación y Hostelería,5155.74
2025-04-01,RN-VLC-ES05,C,moda_belleza,Moda y Belleza,175133.25
2025-04-01,RN-VLC-ES05,C,hogar_electronica,"Hogar, Electrónica y Electrodomésticos",27853.2
2025-04-01,RN-VLC-ES05,C,alimentacion_hosteleria,Alimentación y Hostelería,5327.93
2025-04-01,RN-VLC-ES06,C,moda_belleza,Moda y Belleza,137431.39
2025-04-01,RN-VLC-ES06,C,hogar_electronica,"Hogar, Electrónica y Electrodomésticos",21857.1
2025-04-01,RN-VLC-ES06,C,alimentacion_hosteleria,Alimentación y Hostelería,4180.96
2025-04-01,RN-VLC-ES07,C,moda_belleza,Moda y Belleza,166693.62
2025-04-01,RN-VLC-ES07,C,hogar_electronica,"Hogar, Electrónica y Electrodomésticos",26510.96
2025-04-01,RN-VLC-ES07,C,alimentacion_hosteleria,Alimentación y Hostelería,5071.18
2025-04-01,RN-VLC-ES08,C,moda_belleza,Moda y Belleza,192956.17
2025-04-01,RN-VLC-ES08,C,hogar_electronica,"Hogar, Electrónica y Electrodomésticos",30687.76
2025-04-01,RN-VLC-ES08,C,alimentacion_hosteleria,Alimentación y Hostelería,5870.15
2025-04-01,RN-VLC-ES09,C,moda_belleza,Moda y Belleza,169895.27
2025-04-01,RN-VLC-ES09,C,hogar_electronica,"Hogar, Electrónica y Electrodomésticos",27020.15
2025-04-01,RN-VLC-ES09,C,alimentacion_hosteleria,Alimentación y Hostelería,5168.58
2025-04-01,RN-VLC-ES10,C,moda_belleza,Moda y Belleza,152468.39
2025-04-01,RN-VLC-ES10,C,hogar_electronica,"Hogar, Electrónica y Electrodomésticos",24248.58
2025-04-01,RN-VLC-ES10,C,alimentacion_hosteleria,Alimentación y Hostelería,4638.42
2025-04-01,RN-VLC-GA01,C,moda_belleza,Moda y Belleza,1219777.53
2025-04-01,RN-VLC-GA01,C,hogar_electronica,"Hogar, Electrónica y Electrodomésticos",1410248.28
2025-04-01,RN-VLC-GA01,C,alimentacion_hosteleria,Alimentación y Hostelería,567918.02
2025-04-01,RN-VLC-HI01,C,moda_belleza,Moda y Belleza,49342.24
2025-04-01,RN-VLC-HI01,C,hogar_electronica,"Hogar, Electrónica y Electrodomésticos",120849.83
2025-04-01,RN-VLC-HI01,C,alimentacion_hosteleria,Alimentación y Hostelería,643971.0
2025-04-01,RN-VLC-HI02,C,moda_belleza,Moda y Belleza,53441.41
2025-04-01,RN-VLC-HI02,C,hogar_electronica,"Hogar, Electrónica y Electrodomésticos",130889.6
2025-04-01,RN-VLC-HI02,C,alimentacion_hosteleria,Alimentación y Hostelería,697469.79
2025-04-01,RN-VLC-HI03,C,moda_belleza,Moda y Belleza,55196.12
2025-04-01,RN-VLC-HI03,C,hogar_electronica,"Hogar, Electrónica y Electrodomésticos",135187.27
2025-04-01,RN-VLC-HI03,C,alimentacion_hosteleria,Alimentación y Hostelería,720370.72
2025-04-01,RN-VLC-HI04,C,moda_belleza,Moda y Belleza,46821.82
2025-04-01,RN-VLC-HI04,C,hogar_electronica,"Hogar, Electrónica y Electrodomésticos",114676.79
2025-04-01,RN-VLC-HI04,C,alimentacion_hosteleria,Alimentación y Hostelería,611076.79
2025-04-01,RN-VLC-HI05,C,moda_belleza,Moda y Belleza,54689.28
2025-04-01,RN-VLC-HI05,C,hogar_electronica,"Hogar, Electrónica y Electrodomésticos",133945.91
2025-04-01,RN-VLC-HI05,C,alimentacion_hosteleria,Alimentación y Hostelería,713755.9
2025-04-01,RN-VLC-HI06,C,moda_belleza,Moda y Belleza,48803.1
2025-04-01,RN-VLC-HI06,C,hogar_electronica,"Hogar, Electrónica y Electrodomésticos",119529.37
2025-04-01,RN-VLC-HI06,C,alimentacion_hosteleria,Alimentación y Hostelería,636934.65
2025-04-01,RN-VLC-HI07,C,moda_belleza,Moda y Belleza,39922.39
2025-04-01,RN-VLC-HI07,C,hogar_electronica,"Hogar, Electrónica y Electrodomésticos",97778.59
2025-04-01,RN-VLC-HI07,C,alimentacion_hosteleria,Alimentación y Hostelería,521031.57
2025-05-01,RN-BCN-CV01,B,moda_belleza,Moda y Belleza,11836.14
2025-05-01,RN-BCN-CV01,B,hogar_electronica,"Hogar, Electrónica y Electrodomésticos",26156.45
2025-05-01,RN-BCN-CV01,B,alimentacion_hosteleria,Alimentación y Hostelería,147086.97
2025-05-01,RN-BCN-CV02,B,moda_belleza,Moda y Belleza,12616.96
2025-05-01,RN-BCN-CV02,B,hogar_electronica,"Hogar, Electrónica y Electrodomésticos",27881.97
2025-05-01,RN-BCN-CV02,B,alimentacion_hosteleria,Alimentación y Hostelería,156790.18
2025-05-01,RN-BCN-CV03,B,moda_belleza,Moda y Belleza,13737.17
2025-05-01,RN-BCN-CV03,B,hogar_electronica,"Hogar, Electrónica y Electrodomésticos",30357.51
2025-05-01,RN-BCN-CV03,B,alimentacion_hosteleria,Alimentación y Hostelería,170711.0
2025-05-01,RN-BCN-CV04,B,moda_belleza,Moda y Belleza,10306.22
2025-05-01,RN-BCN-CV04,B,hogar_electronica,"Hogar, Electrónica y Electrodomésticos",22775.53
2025-05-01,RN-BCN-CV04,B,alimentacion_hosteleria,Alimentación y Hostelería,128074.86
2025-05-01,RN-BCN-CV05,B,moda_belleza,Moda y Belleza,10941.67
2025-05-01,RN-BCN-CV05,B,hogar_electronica,"Hogar, Electrónica y Electrodomésticos",24179.8
2025-05-01,RN-BCN-CV05,B,alimentacion_hosteleria,Alimentación y Hostelería,135971.56
2025-05-01,RN-BCN-CV06,B,moda_belleza,Moda y Belleza,11373.96
2025-05-01,RN-BCN-CV06,B,hogar_electronica,"Hogar, Electrónica y Electrodomésticos",25135.09
2025-05-01,RN-BCN-CV06,B,alimentacion_hosteleria,Alimentación y Hostelería,141343.51
2025-05-01,RN-BCN-CV07,B,moda_belleza,Moda y Belleza,11540.11
2025-05-01,RN-BCN-CV07,B,hogar_electronica,"Hogar, Electrónica y Electrodomésticos",25502.27
2025-05-01,RN-BCN-CV07,B,alimentacion_hosteleria,Alimentación y Hostelería,143408.29
2025-05-01,RN-BCN-CV08,B,moda_belleza,Moda y Belleza,11518.22
2025-05-01,RN-BCN-CV08,B,hogar_electronica,"Hogar, Electrónica y Electrodomésticos",25453.9
2025-05-01,RN-BCN-CV08,B,alimentacion_hosteleria,Alimentación y Hostelería,143136.3
2025-05-01,RN-BCN-ES01,B,moda_belleza,Moda y Belleza,201165.54
2025-05-01,RN-BCN-ES01,B,hogar_electronica,"Hogar, Electrónica y Electrodomésticos",33678.17
2025-05-01,RN-BCN-ES01,B,alimentacion_hosteleria,Alimentación y Hostelería,4010.49
2025-05-01,RN-BCN-ES02,B,moda_belleza,Moda y Belleza,224660.91
2025-05-01,RN-BCN-ES02,B,hogar_electronica,"Hogar, Electrónica y Electrodomésticos",37611.66
2025-05-01,RN-BCN-ES02,B,alimentacion_hosteleria,Alimentación y Hostelería,4478.9
2025-05-01,RN-BCN-ES03,B,moda_belleza,Moda y Belleza,236693.98
2025-05-01,RN-BCN-ES03,B,hogar_electronica,"Hogar, Electrónica y Electrodomésticos",39626.18
2025-05-01,RN-BCN-ES03,B,alimentacion_hosteleria,Alimentación y Hostelería,4718.8
2025-05-01,RN-BCN-ES04,B,moda_belleza,Moda y Belleza,224116.71
2025-05-01,RN-BCN-ES04,B,hogar_electronica,"Hogar, Electrónica y Electrodomésticos",37520.55
2025-05-01,RN-BCN-ES04,B,alimentacion_hosteleria,Alimentación y Hostelería,4468.05
2025-05-01,RN-BCN-ES05,B,moda_belleza,Moda y Belleza,241505.97
2025-05-01,RN-BCN-ES05,B,hogar_electronica,"Hogar, Electrónica y Electrodomésticos",40431.78
2025-05-01,RN-BCN-ES05,B,alimentacion_hosteleria,Alimentación y Hostelería,4814.73
2025-05-01,RN-BCN-ES06,B,moda_belleza,Moda y Belleza,235162.3
2025-05-01,RN-BCN-ES06,B,hogar_electronica,"Hogar, Electrónica y Electrodomésticos",39369.75
2025-05-01,RN-BCN-ES06,B,alimentacion_hosteleria,Alimentación y Hostelería,4688.26
2025-05-01,RN-BCN-ES07,B,moda_belleza,Moda y Belleza,230253.13
2025-05-01,RN-BCN-ES07,B,hogar_electronica,"Hogar, Electrónica y Electrodomésticos",38547.88
2025-05-01,RN-BCN-ES07,B,alimentacion_hosteleria,Alimentación y Hostelería,4590.39
2025-05-01,RN-BCN-ES08,B,moda_belleza,Moda y Belleza,170118.85
2025-05-01,RN-BCN-ES08,B,hogar_electronica,"Hogar, Electrónica y Electrodomésticos",28480.49
2025-05-01,RN-BCN-ES08,B,alimentacion_hosteleria,Alimentación y Hostelería,3391.54
2025-05-01,RN-BCN-ES09,B,moda_belleza,Moda y Belleza,236931.21
2025-05-01,RN-BCN-ES09,B,hogar_electronica,"Hogar, Electrónica y Electrodomésticos",39665.89
2025-05-01,RN-BCN-ES09,B,alimentacion_hosteleria,Alimentación y Hostelería,4723.52
2025-05-01,RN-BCN-ES10,B,moda_belleza,Moda y Belleza,215455.14
2025-05-01,RN-BCN-ES10,B,hogar_electronica,"Hogar, Electrónica y Electrodomésticos",36070.47
2025-05-01,RN-BCN-ES10,B,alimentacion_hosteleria,Alimentación y Hostelería,4295.37
2025-05-01,RN-BCN-ES11,B,moda_belleza,Moda y Belleza,227601.51
2025-05-01,RN-BCN-ES11,B,hogar_electronica,"Hogar, Electrónica y Electrodomésticos",38103.96
2025-05-01,RN-BCN-ES11,B,alimentacion_hosteleria,Alimentación y Hostelería,4537.53
2025-05-01,RN-BCN-ES12,B,moda_belleza,Moda y Belleza,201689.28
2025-05-01,RN-BCN-ES12,B,hogar_electronica,"Hogar, Electrónica y Electrodomésticos",33765.86
2025-05-01,RN-BCN-ES12,B,alimentacion_hosteleria,Alimentación y Hostelería,4020.93
2025-05-01,RN-BCN-ES13,B,moda_belleza,Moda y Belleza,233949.64
2025-05-01,RN-BCN-ES13,B,hogar_electronica,"Hogar, Electrónica y Electrodomésticos",39166.73
2025-05-01,RN-BCN-ES13,B,alimentacion_hosteleria,Alimentación y Hostelería,4664.08
2025-05-01,RN-BCN-ES14,B,moda_belleza,Moda y Belleza,252742.21
2025-05-01,RN-BCN-ES14,B,hogar_electronica,"Hogar, Electrónica y Electrodomésticos",42312.89
2025-05-01,RN-BCN-ES14,B,alimentacion_hosteleria,Alimentación y Hostelería,5038.74
2025-05-01,RN-BCN-GA01,B,moda_belleza,Moda y Belleza,1590559.07
2025-05-01,RN-BCN-GA01,B,hogar_electronica,"Hogar, Electrónica y Electrodomésticos",1935767.47
2025-05-01,RN-BCN-GA01,B,alimentacion_hosteleria,Alimentación y Hostelería,485298.08
2025-05-01,RN-BCN-GA02,B,moda_belleza,Moda y Belleza,1842185.03
2025-05-01,RN-BCN-GA02,B,hogar_electronica,"Hogar, Electrónica y Electrodomésticos",2242005.29
2025-05-01,RN-BCN-GA02,B,alimentacion_hosteleria,Alimentación y Hostelería,562072.08
2025-05-01,RN-BCN-HI01,B,moda_belleza,Moda y Belleza,62679.1
2025-05-01,RN-BCN-HI01,B,hogar_electronica,"Hogar, Electrónica y Electrodomésticos",161598.9
2025-05-01,RN-BCN-HI01,B,alimentacion_hosteleria,Alimentación y Hostelería,536073.04
2025-05-01,RN-BCN-HI02,B,moda_belleza,Moda y Belleza,94240.5
2025-05-01,RN-BCN-HI02,B,hogar_electronica,"Hogar, Electrónica y Electrodomésticos",242970.34
2025-05-01,RN-BCN-HI02,B,alimentacion_hosteleria,Alimentación y Hostelería,806007.03
2025-05-01,RN-BCN-HI03,B,moda_belleza,Moda y Belleza,61081.58
2025-05-01,RN-BCN-HI03,B,hogar_electronica,"Hogar, Electrónica y Electrodomésticos",157480.2
2025-05-01,RN-BCN-HI03,B,alimentacion_hosteleria,Alimentación y Hostelería,522410.05
2025-05-01,RN-BCN-HI04,B,moda_belleza,Moda y Belleza,78643.45
2025-05-01,RN-BCN-HI04,B,hogar_electronica,"Hogar, Electrónica y Electrodomésticos",202758.1
2025-05-01,RN-BCN-HI04,B,alimentacion_hosteleria,Alimentación y Hostelería,672610.71
2025-05-01,RN-BIO-CV01,E,moda_belleza,Moda y Belleza,11838.06
2025-05-01,RN-BIO-CV01,E,hogar_electronica,"Hogar, Electrónica y Electrodomésticos",31470.38
2025-05-01,RN-BIO-CV01,E,alimentacion_hosteleria,Alimentación y Hostelería,159001.92
2025-05-01,RN-BIO-CV02,E,moda_belleza,Moda y Belleza,11547.88
2025-05-01,RN-BIO-CV02,E,hogar_electronica,"Hogar, Electrónica y Electrodomésticos",30698.96
2025-05-01,RN-BIO-CV02,E,alimentacion_hosteleria,Alimentación y Hostelería,155104.35
2025-05-01,RN-BIO-CV03,E,moda_belleza,Moda y Belleza,10634.68
2025-05-01,RN-BIO-CV03,E,hogar_electronica,"Hogar, Electrónica y Electrodomésticos",28271.3
2025-05-01,RN-BIO-CV03,E,alimentacion_hosteleria,Alimentación y Hostelería,142838.77
2025-05-01,RN-BIO-CV04,E,moda_belleza,Moda y Belleza,12481.2
2025-05-01,RN-BIO-CV04,E,hogar_electronica,"Hogar, Electrónica y Electrodomésticos",33180.11
2025-05-01,RN-BIO-CV04,E,alimentacion_hosteleria,Alimentación y Hostelería,167640.2
2025-05-01,RN-BIO-ES01,E,moda_belleza,Moda y Belleza,193119.92
2025-05-01,RN-BIO-ES01,E,hogar_electronica,"Hogar, Electrónica y Electrodomésticos",38893.29
2025-05-01,RN-BIO-ES01,E,alimentacion_hosteleria,Alimentación y Hostelería,4161.3
2025-05-01,RN-BIO-ES02,E,moda_belleza,Moda y Belleza,172294.44
2025-05-01,RN-BIO-ES02,E,hogar_electronica,"Hogar, Electrónica y Electrodomésticos",34699.15
2025-05-01,RN-BIO-ES02,E,alimentacion_hosteleria,Alimentación y Hostelería,3712.55
2025-05-01,RN-BIO-ES03,E,moda_belleza,Moda y Belleza,276946.12
2025-05-01,RN-BIO-ES03,E,hogar_electronica,"Hogar, Electrónica y Electrodomésticos",55775.42
2025-05-01,RN-BIO-ES03,E,alimentacion_hosteleria,Alimentación y Hostelería,5967.56
2025-05-01,RN-BIO-ES04,E,moda_belleza,Moda y Belleza,235453.52
2025-05-01,RN-BIO-ES04,E,hogar_electronica,"Hogar, Electrónica y Electrodomésticos",47419.04
2025-05-01,RN-BIO-ES04,E,alimentacion_hosteleria,Alimentación y Hostelería,5073.49
2025-05-01,RN-BIO-ES05,E,moda_belleza,Moda y Belleza,222322.62
2025-05-01,RN-BIO-ES05,E,hogar_electronica,"Hogar, Electrónica y Electrodomésticos",44774.55
2025-05-01,RN-BIO-ES05,E,alimentacion_hosteleria,Alimentación y Hostelería,4790.55
2025-05-01,RN-BIO-ES06,E,moda_belleza,Moda y Belleza,265248.05
2025-05-01,RN-BIO-ES06,E,hogar_electronica,"Hogar, Electrónica y Electrodomésticos",53419.5
2025-05-01,RN-BIO-ES06,E,alimentacion_hosteleria,Alimentación y Hostelería,5715.49
2025-05-01,RN-BIO-ES07,E,moda_belleza,Moda y Belleza,214549.91
2025-05-01,RN-BIO-ES07,E,hogar_electronica,"Hogar, Electrónica y Electrodomésticos",43209.17
2025-05-01,RN-BIO-ES07,E,alimentacion_hosteleria,Alimentación y Hostelería,4623.06
2025-05-01,RN-BIO-GA01,E,moda_belleza,Moda y Belleza,1086239.24
2025-05-01,RN-BIO-GA01,E,hogar_electronica,"Hogar, Electrónica y Electrodomésticos",1590308.99
2025-05-01,RN-BIO-GA01,E,alimentacion_hosteleria,Alimentación y Hostelería,358213.39
2025-05-01,RN-BIO-HI01,E,moda_belleza,Moda y Belleza,74597.37
2025-05-01,RN-BIO-HI01,E,hogar_electronica,"Hogar, Electrónica y Electrodomésticos",231361.9
2025-05-01,RN-BIO-HI01,E,alimentacion_hosteleria,Alimentación y Hostelería,689576.28
2025-05-01,RN-BIO-HI02,E,moda_belleza,Moda y Belleza,55290.87
2025-05-01,RN-BIO-HI02,E,hogar_electronica,"Hogar, Electrónica y Electrodomésticos",171483.26
2025-05-01,RN-BIO-HI02,E,alimentacion_hosteleria,Alimentación y Hostelería,511107.46
2025-05-01,RN-MAD-CV01,A,moda_belleza,Moda y Belleza,12642.88
2025-05-01,RN-MAD-CV01,A,hogar_electronica,"Hogar, Electrónica y Electrodomésticos",24870.78
2025-05-01,RN-MAD-CV01,A,alimentacion_hosteleria,Alimentación y Hostelería,151505.44
2025-05-01,RN-MAD-CV02,A,moda_belleza,Moda y Belleza,13090.93
2025-05-01,RN-MAD-CV02,A,hogar_electronica,"Hogar, Electrónica y Electrodomésticos",25752.19
2025-05-01,RN-MAD-CV02,A,alimentacion_hosteleria,Alimentación y Hostelería,156874.69
2025-05-01,RN-MAD-CV03,A,moda_belleza,Moda y Belleza,11924.5
2025-05-01,RN-MAD-CV03,A,hogar_electronica,"Hogar, Electrónica y Electrodomésticos",23457.61
2025-05-01,RN-MAD-CV03,A,alimentacion_hosteleria,Alimentación y Hostelería,142896.8
2025-05-01,RN-MAD-CV04,A,moda_belleza,Moda y Belleza,13758.93
2025-05-01,RN-MAD-CV04,A,hogar_electronica,"Hogar, Electrónica y Electrodomésticos",27066.25
2025-05-01,RN-MAD-CV04,A,alimentacion_hosteleria,Alimentación y Hostelería,164879.58
2025-05-01,RN-MAD-CV05,A,moda_belleza,Moda y Belleza,10668.87
2025-05-01,RN-MAD-CV05,A,hogar_electronica,"Hogar, Electrónica y Electrodomésticos",20987.56
2025-05-01,RN-MAD-CV05,A,alimentacion_hosteleria,Alimentación y Hostelería,127850.0
2025-05-01,RN-MAD-CV06,A,moda_belleza,Moda y Belleza,12221.23
2025-05-01,RN-MAD-CV06,A,hogar_electronica,"Hogar, Electrónica y Electrodomésticos",24041.33
2025-05-01,RN-MAD-CV06,A,alimentacion_hosteleria,Alimentación y Hostelería,146452.65
2025-05-01,RN-MAD-CV07,A,moda_belleza,Moda y Belleza,11560.73
2025-05-01,RN-MAD-CV07,A,hogar_electronica,"Hogar, Electrónica y Electrodomésticos",22742.0
2025-05-01,RN-MAD-CV07,A,alimentacion_hosteleria,Alimentación y Hostelería,138537.56
2025-05-01,RN-MAD-CV08,A,moda_belleza,Moda y Belleza,14214.98
2025-05-01,RN-MAD-CV08,A,hogar_electronica,"Hogar, Electrónica y Electrodomésticos",27963.39
2025-05-01,RN-MAD-CV08,A,alimentacion_hosteleria,Alimentación y Hostelería,170344.71
2025-05-01,RN-MAD-CV09,A,moda_belleza,Moda y Belleza,14715.11
2025-05-01,RN-MAD-CV09,A,hogar_electronica,"Hogar, Electrónica y Electrodomésticos",28947.24
2025-05-01,RN-MAD-CV09,A,alimentacion_hosteleria,Alimentación y Hostelería,176338.02
2025-05-01,RN-MAD-CV10,A,moda_belleza,Moda y Belleza,13848.94
2025-05-01,RN-MAD-CV10,A,hogar_electronica,"Hogar, Electrónica y Electrodomésticos",27243.32
2025-05-01,RN-MAD-CV10,A,alimentacion_hosteleria,Alimentación y Hostelería,165958.22
2025-05-01,RN-MAD-ES01,A,moda_belleza,Moda y Belleza,290202.41
2025-05-01,RN-MAD-ES01,A,hogar_electronica,"Hogar, Electrónica y Electrodomésticos",43248.45
2025-05-01,RN-MAD-ES01,A,alimentacion_hosteleria,Alimentación y Hostelería,5579.08
2025-05-01,RN-MAD-ES02,A,moda_belleza,Moda y Belleza,207863.25
2025-05-01,RN-MAD-ES02,A,hogar_electronica,"Hogar, Electrónica y Electrodomésticos",30977.56
2025-05-01,RN-MAD-ES02,A,alimentacion_hosteleria,Alimentación y Hostelería,3996.13
2025-05-01,RN-MAD-ES03,A,moda_belleza,Moda y Belleza,253824.78
2025-05-01,RN-MAD-ES03,A,hogar_electronica,"Hogar, Electrónica y Electrodomésticos",37827.15
2025-05-01,RN-MAD-ES03,A,alimentacion_hosteleria,Alimentación y Hostelería,4879.73
2025-05-01,RN-MAD-ES04,A,moda_belleza,Moda y Belleza,255542.16
2025-05-01,RN-MAD-ES04,A,hogar_electronica,"Hogar, Electrónica y Electrodomésticos",38083.08
2025-05-01,RN-MAD-ES04,A,alimentacion_hosteleria,Alimentación y Hostelería,4912.75
2025-05-01,RN-MAD-ES05,A,moda_belleza,Moda y Belleza,218626.82
2025-05-01,RN-MAD-ES05,A,hogar_electronica,"Hogar, Electrónica y Electrodomésticos",32581.64
2025-05-01,RN-MAD-ES05,A,alimentacion_hosteleria,Alimentación y Hostelería,4203.06
2025-05-01,RN-MAD-ES06,A,moda_belleza,Moda y Belleza,259270.79
2025-05-01,RN-MAD-ES06,A,hogar_electronica,"Hogar, Electrónica y Electrodomésticos",38638.76
2025-05-01,RN-MAD-ES06,A,alimentacion_hosteleria,Alimentación y Hostelería,4984.43
2025-05-01,RN-MAD-ES07,A,moda_belleza,Moda y Belleza,271406.69
2025-05-01,RN-MAD-ES07,A,hogar_electronica,"Hogar, Electrónica y Electrodomésticos",40447.35
2025-05-01,RN-MAD-ES07,A,alimentacion_hosteleria,Alimentación y Hostelería,5217.74
2025-05-01,RN-MAD-ES08,A,moda_belleza,Moda y Belleza,255835.11
2025-05-01,RN-MAD-ES08,A,hogar_electronica,"Hogar, Electrónica y Electrodomésticos",38126.74
2025-05-01,RN-MAD-ES08,A,alimentacion_hosteleria,Alimentación y Hostelería,4918.38
2025-05-01,RN-MAD-ES09,A,moda_belleza,Moda y Belleza,238544.77
2025-05-01,RN-MAD-ES09,A,hogar_electronica,"Hogar, Electrónica y Electrodomésticos",35549.99
2025-05-01,RN-MAD-ES09,A,alimentacion_hosteleria,Alimentación y Hostelería,4585.98
2025-05-01,RN-MAD-ES10,A,moda_belleza,Moda y Belleza,255275.04
2025-05-01,RN-MAD-ES10,A,hogar_electronica,"Hogar, Electrónica y Electrodomésticos",38043.28
2025-05-01,RN-MAD-ES10,A,alimentacion_hosteleria,Alimentación y Hostelería,4907.61
2025-05-01,RN-MAD-ES11,A,moda_belleza,Moda y Belleza,209790.05
2025-05-01,RN-MAD-ES11,A,hogar_electronica,"Hogar, Electrónica y Electrodomésticos",31264.71
2025-05-01,RN-MAD-ES11,A,alimentacion_hosteleria,Alimentación y Hostelería,4033.17
2025-05-01,RN-MAD-ES12,A,moda_belleza,Moda y Belleza,259883.59
2025-05-01,RN-MAD-ES12,A,hogar_electronica,"Hogar, Electrónica y Electrodomésticos",38730.08
2025-05-01,RN-MAD-ES12,A,alimentacion_hosteleria,Alimentación y Hostelería,4996.21
2025-05-01,RN-MAD-ES13,A,moda_belleza,Moda y Belleza,258492.51
2025-05-01,RN-MAD-ES13,A,hogar_electronica,"Hogar, Electrónica y Electrodomésticos",38522.77
2025-05-01,RN-MAD-ES13,A,alimentacion_hosteleria,Alimentación y Hostelería,4969.47
2025-05-01,RN-MAD-ES14,A,moda_belleza,Moda y Belleza,197464.24
2025-05-01,RN-MAD-ES14,A,hogar_electronica,"Hogar, Electrónica y Electrodomésticos",29427.82
2025-05-01,RN-MAD-ES14,A,alimentacion_hosteleria,Alimentación y Hostelería,3796.21
2025-05-01,RN-MAD-ES15,A,moda_belleza,Moda y Belleza,228686.12
2025-05-01,RN-MAD-ES15,A,hogar_electronica,"Hogar, Electrónica y Electrodomésticos",34080.77
2025-05-01,RN-MAD-ES15,A,alimentacion_hosteleria,Alimentación y Hostelería,4396.45
2025-05-01,RN-MAD-ES16,A,moda_belleza,Moda y Belleza,240710.61
2025-05-01,RN-MAD-ES16,A,hogar_electronica,"Hogar, Electrónica y Electrodomésticos",35872.76
2025-05-01,RN-MAD-ES16,A,alimentacion_hosteleria,Alimentación y Hostelería,4627.61
2025-05-01,RN-MAD-ES17,A,moda_belleza,Moda y Belleza,254340.08
2025-05-01,RN-MAD-ES17,A,hogar_electronica,"Hogar, Electrónica y Electrodomésticos",37903.94
2025-05-01,RN-MAD-ES17,A,alimentacion_hosteleria,Alimentación y Hostelería,4889.64
2025-05-01,RN-MAD-ES18,A,moda_belleza,Moda y Belleza,279988.37
2025-05-01,RN-MAD-ES18,A,hogar_electronica,"Hogar, Electrónica y Electrodomésticos",41726.27
2025-05-01,RN-MAD-ES18,A,alimentacion_hosteleria,Alimentación y Hostelería,5382.72
2025-05-01,RN-MAD-ES19,A,moda_belleza,Moda y Belleza,263439.1
2025-05-01,RN-MAD-ES19,A,hogar_electronica,"Hogar, Electrónica y Electrodomésticos",39259.95
2025-05-01,RN-MAD-ES19,A,alimentacion_hosteleria,Alimentación y Hostelería,5064.57
2025-05-01,RN-MAD-ES20,A,moda_belleza,Moda y Belleza,247038.27
2025-05-01,RN-MAD-ES20,A,hogar_electronica,"Hogar, Electrónica y Electrodomésticos",36815.76
2025-05-01,RN-MAD-ES20,A,alimentacion_hosteleria,Alimentación y Hostelería,4749.26
2025-05-01,RN-MAD-GA01,A,moda_belleza,Moda y Belleza,2358165.35
2025-05-01,RN-MAD-GA01,A,hogar_electronica,"Hogar, Electrónica y Electrodomésticos",2554772.63
2025-05-01,RN-MAD-GA01,A,alimentacion_hosteleria,Alimentación y Hostelería,693826.73
2025-05-01,RN-MAD-GA02,A,moda_belleza,Moda y Belleza,1612053.87
2025-05-01,RN-MAD-GA02,A,hogar_electronica,"Hogar, Electrónica y Electrodomésticos",1746455.61
2025-05-01,RN-MAD-GA02,A,alimentacion_hosteleria,Alimentación y Hostelería,474303.49
2025-05-01,RN-MAD-GA03,A,moda_belleza,Moda y Belleza,1798716.39
2025-05-01,RN-MAD-GA03,A,hogar_electronica,"Hogar, Electrónica y Electrodomésticos",1948680.73
2025-05-01,RN-MAD-GA03,A,alimentacion_hosteleria,Alimentación y Hostelería,529223.92
2025-05-01,RN-MAD-HI01,A,moda_belleza,Moda y Belleza,83960.63
2025-05-01,RN-MAD-HI01,A,hogar_electronica,"Hogar, Electrónica y Electrodomésticos",192693.01
2025-05-01,RN-MAD-HI01,A,alimentacion_hosteleria,Alimentación y Hostelería,692460.35
2025-05-01,RN-MAD-HI02,A,moda_belleza,Moda y Belleza,71566.64
2025-05-01,RN-MAD-HI02,A,hogar_electronica,"Hogar, Electrónica y Electrodomésticos",164248.32
2025-05-01,RN-MAD-HI02,A,alimentacion_hosteleria,Alimentación y Hostelería,590241.7
2025-05-01,RN-MAD-HI03,A,moda_belleza,Moda y Belleza,83523.54
2025-05-01,RN-MAD-HI03,A,hogar_electronica,"Hogar, Electrónica y Electrodomésticos",191689.87
2025-05-01,RN-MAD-HI03,A,alimentacion_hosteleria,Alimentación y Hostelería,688855.47
2025-05-01,RN-MAD-HI04,A,moda_belleza,Moda y Belleza,88254.13
2025-05-01,RN-MAD-HI04,A,hogar_electronica,"Hogar, Electrónica y Electrodomésticos",202546.78
2025-05-01,RN-MAD-HI04,A,alimentacion_hosteleria,Alimentación y Hostelería,727870.79
2025-05-01,RN-MAD-HI05,A,moda_belleza,Moda y Belleza,90250.12
2025-05-01,RN-MAD-HI05,A,hogar_electronica,"Hogar, Electrónica y Electrodomésticos",207127.65
2025-05-01,RN-MAD-HI05,A,alimentacion_hosteleria,Alimentación y Hostelería,744332.58
2025-05-01,RN-SEV-CV01,D,moda_belleza,Moda y Belleza,10703.68
2025-05-01,RN-SEV-CV01,D,hogar_electronica,"Hogar, Electrónica y Electrodomésticos",31341.29
2025-05-01,RN-SEV-CV01,D,alimentacion_hosteleria,Alimentación y Hostelería,103658.1
2025-05-01,RN-SEV-CV02,D,moda_belleza,Moda y Belleza,12787.12
2025-05-01,RN-SEV-CV02,D,hogar_electronica,"Hogar, Electrónica y Electrodomésticos",37441.77
2025-05-01,RN-SEV-CV02,D,alimentacion_hosteleria,Alimentación y Hostelería,123834.83
2025-05-01,RN-SEV-CV03,D,moda_belleza,Moda y Belleza,10539.89
2025-05-01,RN-SEV-CV03,D,hogar_electronica,"Hogar, Electrónica y Electrodomésticos",30861.68
2025-05-01,RN-SEV-CV03,D,alimentacion_hosteleria,Alimentación y Hostelería,102071.85
2025-05-01,RN-SEV-CV04,D,moda_belleza,Moda y Belleza,10014.77
2025-05-01,RN-SEV-CV04,D,hogar_electronica,"Hogar, Electrónica y Electrodomésticos",29324.11
2025-05-01,RN-SEV-CV04,D,alimentacion_hosteleria,Alimentación y Hostelería,96986.49
2025-05-01,RN-SEV-CV05,D,moda_belleza,Moda y Belleza,9452.21
2025-05-01,RN-SEV-CV05,D,hogar_electronica,"Hogar, Electrónica y Electrodomésticos",27676.88
2025-05-01,RN-SEV-CV05,D,alimentacion_hosteleria,Alimentación y Hostelería,91538.43
2025-05-01,RN-SEV-CV06,D,moda_belleza,Moda y Belleza,10760.29
2025-05-01,RN-SEV-CV06,D,hogar_electronica,"Hogar, Electrónica y Electrodomésticos",31507.03
2025-05-01,RN-SEV-CV06,D,alimentacion_hosteleria,Alimentación y Hostelería,104206.28
2025-05-01,RN-SEV-CV07,D,moda_belleza,Moda y Belleza,10770.94
2025-05-01,RN-SEV-CV07,D,hogar_electronica,"Hogar, Electrónica y Electrodomésticos",31538.22
2025-05-01,RN-SEV-CV07,D,alimentacion_hosteleria,Alimentación y Hostelería,104309.43
2025-05-01,RN-SEV-CV08,D,moda_belleza,Moda y Belleza,11918.35
2025-05-01,RN-SEV-CV08,D,hogar_electronica,"Hogar, Electrónica y Electrodomésticos",34897.95
2025-05-01,RN-SEV-CV08,D,alimentacion_hosteleria,Alimentación y Hostelería,115421.38
2025-05-01,RN-SEV-CV09,D,moda_belleza,Moda y Belleza,11106.81
2025-05-01,RN-SEV-CV09,D,hogar_electronica,"Hogar, Electrónica y Electrodomésticos",32521.67
2025-05-01,RN-SEV-CV09,D,alimentacion_hosteleria,Alimentación y Hostelería,107562.11
2025-05-01,RN-SEV-CV10,D,moda_belleza,Moda y Belleza,11628.53
2025-05-01,RN-SEV-CV10,D,hogar_electronica,"Hogar, Electrónica y Electrodomésticos",34049.32
2025-05-01,RN-SEV-CV10,D,alimentacion_hosteleria,Alimentación y Hostelería,112614.65
2025-05-01,RN-SEV-ES01,D,moda_belleza,Moda y Belleza,192858.26
2025-05-01,RN-SEV-ES01,D,hogar_electronica,"Hogar, Electrónica y Electrodomésticos",42780.71
2025-05-01,RN-SEV-ES01,D,alimentacion_hosteleria,Alimentación y Hostelería,2996.32
2025-05-01,RN-SEV-ES02,D,moda_belleza,Moda y Belleza,172542.11
2025-05-01,RN-SEV-ES02,D,hogar_electronica,"Hogar, Electrónica y Electrodomésticos",38274.09
2025-05-01,RN-SEV-ES02,D,alimentacion_hosteleria,Alimentación y Hostelería,2680.68
2025-05-01,RN-SEV-ES03,D,moda_belleza,Moda y Belleza,178003.45
2025-05-01,RN-SEV-ES03,D,hogar_electronica,"Hogar, Electrónica y Electrodomésticos",39485.55
2025-05-01,RN-SEV-ES03,D,alimentacion_hosteleria,Alimentación y Hostelería,2765.53
2025-05-01,RN-SEV-ES04,D,moda_belleza,Moda y Belleza,150260.51
2025-05-01,RN-SEV-ES04,D,hogar_electronica,"Hogar, Electrónica y Electrodomésticos",33331.48
2025-05-01,RN-SEV-ES04,D,alimentacion_hosteleria,Alimentación y Hostelería,2334.5
2025-05-01,RN-SEV-ES05,D,moda_belleza,Moda y Belleza,144984.4
2025-05-01,RN-SEV-ES05,D,hogar_electronica,"Hogar, Electrónica y Electrodomésticos",32161.11
2025-05-01,RN-SEV-ES05,D,alimentacion_hosteleria,Alimentación y Hostelería,2252.53
2025-05-01,RN-SEV-ES06,D,moda_belleza,Moda y Belleza,198235.02
2025-05-01,RN-SEV-ES06,D,hogar_electronica,"Hogar, Electrónica y Electrodomésticos",43973.41
2025-05-01,RN-SEV-ES06,D,alimentacion_hosteleria,Alimentación y Hostelería,3079.85
2025-05-01,RN-SEV-ES07,D,moda_belleza,Moda y Belleza,197595.4
2025-05-01,RN-SEV-ES07,D,hogar_electronica,"Hogar, Electrónica y Electrodomésticos",43831.53
2025-05-01,RN-SEV-ES07,D,alimentacion_hosteleria,Alimentación y Hostelería,3069.92
2025-05-01,RN-SEV-ES08,D,moda_belleza,Moda y Belleza,184212.3
2025-05-01,RN-SEV-ES08,D,hogar_electronica,"Hogar, Electrónica y Electrodomésticos",40862.82
2025-05-01,RN-SEV-ES08,D,alimentacion_hosteleria,Alimentación y Hostelería,2861.99
2025-05-01,RN-SEV-ES09,D,moda_belleza,Moda y Belleza,179847.76
2025-05-01,RN-SEV-ES09,D,hogar_electronica,"Hogar, Electrónica y Electrodomésticos",39894.66
2025-05-01,RN-SEV-ES09,D,alimentacion_hosteleria,Alimentación y Hostelería,2794.18
2025-05-01,RN-SEV-ES10,D,moda_belleza,Moda y Belleza,185837.83
2025-05-01,RN-SEV-ES10,D,hogar_electronica,"Hogar, Electrónica y Electrodomésticos",41223.41
2025-05-01,RN-SEV-ES10,D,alimentacion_hosteleria,Alimentación y Hostelería,2887.25
2025-05-01,RN-SEV-ES11,D,moda_belleza,Moda y Belleza,173103.7
2025-05-01,RN-SEV-ES11,D,hogar_electronica,"Hogar, Electrónica y Electrodomésticos",38398.66
2025-05-01,RN-SEV-ES11,D,alimentacion_hosteleria,Alimentación y Hostelería,2689.4
2025-05-01,RN-SEV-ES12,D,moda_belleza,Moda y Belleza,160865.2
2025-05-01,RN-SEV-ES12,D,hogar_electronica,"Hogar, Electrónica y Electrodomésticos",35683.86
2025-05-01,RN-SEV-ES12,D,alimentacion_hosteleria,Alimentación y Hostelería,2499.26
2025-05-01,RN-SEV-GA01,D,moda_belleza,Moda y Belleza,767019.51
2025-05-01,RN-SEV-GA01,D,hogar_electronica,"Hogar, Electrónica y Electrodomésticos",1236871.56
2025-05-01,RN-SEV-GA01,D,alimentacion_hosteleria,Alimentación y Hostelería,182377.38
2025-05-01,RN-SEV-HI01,D,moda_belleza,Moda y Belleza,52470.26
2025-05-01,RN-SEV-HI01,D,hogar_electronica,"Hogar, Electrónica y Electrodomésticos",179243.62
2025-05-01,RN-SEV-HI01,D,alimentacion_hosteleria,Alimentación y Hostelería,349719.84
2025-05-01,RN-SEV-HI02,D,moda_belleza,Moda y Belleza,60187.07
2025-05-01,RN-SEV-HI02,D,hogar_electronica,"Hogar, Electrónica y Electrodomésticos",205605.0
2025-05-01,RN-SEV-HI02,D,alimentacion_hosteleria,Alimentación y Hostelería,401153.17
2025-05-01,RN-SEV-HI03,D,moda_belleza,Moda y Belleza,52249.24
2025-05-01,RN-SEV-HI03,D,hogar_electronica,"Hogar, Electrónica y Electrodomésticos",178488.58
2025-05-01,RN-SEV-HI03,D,alimentacion_hosteleria,Alimentación y Hostelería,348246.7
2025-05-01,RN-SEV-HI04,D,moda_belleza,Moda y Belleza,68220.51
2025-05-01,RN-SEV-HI04,D,hogar_electronica,"Hogar, Electrónica y Electrodomésticos",233048.03
2025-05-01,RN-SEV-HI04,D,alimentacion_hosteleria,Alimentación y Hostelería,454696.9
2025-05-01,RN-VLC-CV01,C,moda_belleza,Moda y Belleza,7338.13
2025-05-01,RN-VLC-CV01,C,hogar_electronica,"Hogar, Electrónica y Electrodomésticos",15405.15
2025-05-01,RN-VLC-CV01,C,alimentacion_hosteleria,Alimentación y Hostelería,139154.11
2025-05-01,RN-VLC-CV02,C,moda_belleza,Moda y Belleza,7821.77
2025-05-01,RN-VLC-CV02,C,hogar_electronica,"Hogar, Electrónica y Electrodomésticos",16420.47
2025-05-01,RN-VLC-CV02,C,alimentacion_hosteleria,Alimentación y Hostelería,148325.41
2025-05-01,RN-VLC-CV03,C,moda_belleza,Moda y Belleza,8477.75
2025-05-01,RN-VLC-CV03,C,hogar_electronica,"Hogar, Electrónica y Electrodomésticos",17797.59
2025-05-01,RN-VLC-CV03,C,alimentacion_hosteleria,Alimentación y Hostelería,160764.9
2025-05-01,RN-VLC-CV04,C,moda_belleza,Moda y Belleza,6927.69
2025-05-01,RN-VLC-CV04,C,hogar_electronica,"Hogar, Electrónica y Electrodomésticos",14543.5
2025-05-01,RN-VLC-CV04,C,alimentacion_hosteleria,Alimentación y Hostelería,131370.82
2025-05-01,RN-VLC-CV05,C,moda_belleza,Moda y Belleza,5938.5
2025-05-01,RN-VLC-CV05,C,hogar_electronica,"Hogar, Electrónica y Electrodomésticos",12466.86
2025-05-01,RN-VLC-CV05,C,alimentacion_hosteleria,Alimentación y Hostelería,112612.63
2025-05-01,RN-VLC-CV06,C,moda_belleza,Moda y Belleza,8605.14
2025-05-01,RN-VLC-CV06,C,hogar_electronica,"Hogar, Electrónica y Electrodomésticos",18065.02
2025-05-01,RN-VLC-CV06,C,alimentacion_hosteleria,Alimentación y Hostelería,163180.64
2025-05-01,RN-VLC-CV07,C,moda_belleza,Moda y Belleza,7179.35
2025-05-01,RN-VLC-CV07,C,hogar_electronica,"Hogar, Electrónica y Electrodomésticos",15071.81
2025-05-01,RN-VLC-CV07,C,alimentacion_hosteleria,Alimentación y Hostelería,136143.02
2025-05-01,RN-VLC-CV08,C,moda_belleza,Moda y Belleza,6143.9
2025-05-01,RN-VLC-CV08,C,hogar_electronica,"Hogar, Electrónica y Electrodomésticos",12898.07
2025-05-01,RN-VLC-CV08,C,alimentacion_hosteleria,Alimentación y Hostelería,116507.71
2025-05-01,RN-VLC-CV09,C,moda_belleza,Moda y Belleza,6497.46
2025-05-01,RN-VLC-CV09,C,hogar_electronica,"Hogar, Electrónica y Electrodomésticos",13640.3
2025-05-01,RN-VLC-CV09,C,alimentacion_hosteleria,Alimentación y Hostelería,123212.26
2025-05-01,RN-VLC-ES01,C,moda_belleza,Moda y Belleza,204270.51
2025-05-01,RN-VLC-ES01,C,hogar_electronica,"Hogar, Electrónica y Electrodomésticos",32487.19
2025-05-01,RN-VLC-ES01,C,alimentacion_hosteleria,Alimentación y Hostelería,6214.35
2025-05-01,RN-VLC-ES02,C,moda_belleza,Moda y Belleza,145707.37
2025-05-01,RN-VLC-ES02,C,hogar_electronica,"Hogar, Electrónica y Electrodomésticos",23173.31
2025-05-01,RN-VLC-ES02,C,alimentacion_hosteleria,Alimentación y Hostelería,4432.73
2025-05-01,RN-VLC-ES03,C,moda_belleza,Moda y Belleza,169713.76
2025-05-01,RN-VLC-ES03,C,hogar_electronica,"Hogar, Electrónica y Electrodomésticos",26991.29
2025-05-01,RN-VLC-ES03,C,alimentacion_hosteleria,Alimentación y Hostelería,5163.06
2025-05-01,RN-VLC-ES04,C,moda_belleza,Moda y Belleza,183472.03
2025-05-01,RN-VLC-ES04,C,hogar_electronica,"Hogar, Electrónica y Electrodomésticos",29179.4
2025-05-01,RN-VLC-ES04,C,alimentacion_hosteleria,Alimentación y Hostelería,5581.62
2025-05-01,RN-VLC-ES05,C,moda_belleza,Moda y Belleza,181973.38
2025-05-01,RN-VLC-ES05,C,hogar_electronica,"Hogar, Electrónica y Electrodomésticos",28941.06
2025-05-01,RN-VLC-ES05,C,alimentacion_hosteleria,Alimentación y Hostelería,5536.03
2025-05-01,RN-VLC-ES06,C,moda_belleza,Moda y Belleza,147419.09
2025-05-01,RN-VLC-ES06,C,hogar_electronica,"Hogar, Electrónica y Electrodomésticos",23445.54
2025-05-01,RN-VLC-ES06,C,alimentacion_hosteleria,Alimentación y Hostelería,4484.81
2025-05-01,RN-VLC-ES07,C,moda_belleza,Moda y Belleza,169213.99
2025-05-01,RN-VLC-ES07,C,hogar_electronica,"Hogar, Electrónica y Electrodomésticos",26911.8
2025-05-01,RN-VLC-ES07,C,alimentacion_hosteleria,Alimentación y Hostelería,5147.86
2025-05-01,RN-VLC-ES08,C,moda_belleza,Moda y Belleza,212582.65
2025-05-01,RN-VLC-ES08,C,hogar_electronica,"Hogar, Electrónica y Electrodomésticos",33809.16
2025-05-01,RN-VLC-ES08,C,alimentacion_hosteleria,Alimentación y Hostelería,6467.23
2025-05-01,RN-VLC-ES09,C,moda_belleza,Moda y Belleza,175275.35
2025-05-01,RN-VLC-ES09,C,hogar_electronica,"Hogar, Electrónica y Electrodomésticos",27875.8
2025-05-01,RN-VLC-ES09,C,alimentacion_hosteleria,Alimentación y Hostelería,5332.26
2025-05-01,RN-VLC-ES10,C,moda_belleza,Moda y Belleza,162301.31
2025-05-01,RN-VLC-ES10,C,hogar_electronica,"Hogar, Electrónica y Electrodomésticos",25812.41
2025-05-01,RN-VLC-ES10,C,alimentacion_hosteleria,Alimentación y Hostelería,4937.56
2025-05-01,RN-VLC-GA01,C,moda_belleza,Moda y Belleza,1306473.03
2025-05-01,RN-VLC-GA01,C,hogar_electronica,"Hogar, Electrónica y Electrodomésticos",1510481.46
2025-05-01,RN-VLC-GA01,C,alimentacion_hosteleria,Alimentación y Hostelería,608282.71
2025-05-01,RN-VLC-HI01,C,moda_belleza,Moda y Belleza,51921.32
2025-05-01,RN-VLC-HI01,C,hogar_electronica,"Hogar, Electrónica y Electrodomésticos",127166.57
2025-05-01,RN-VLC-HI01,C,alimentacion_hosteleria,Alimentación y Hostelería,677630.9
2025-05-01,RN-VLC-HI02,C,moda_belleza,Moda y Belleza,56405.78
2025-05-01,RN-VLC-HI02,C,hogar_electronica,"Hogar, Electrónica y Electrodomésticos",138150.0
2025-05-01,RN-VLC-HI02,C,alimentacion_hosteleria,Alimentación y Hostelería,736158.15
2025-05-01,RN-VLC-HI03,C,moda_belleza,Moda y Belleza,57092.67
2025-05-01,RN-VLC-HI03,C,hogar_electronica,"Hogar, Electrónica y Electrodomésticos",139832.34
2025-05-01,RN-VLC-HI03,C,alimentacion_hosteleria,Alimentación y Hostelería,745122.82
2025-05-01,RN-VLC-HI04,C,moda_belleza,Moda y Belleza,47660.84
2025-05-01,RN-VLC-HI04,C,hogar_electronica,"Hogar, Electrónica y Electrodomésticos",116731.72
2025-05-01,RN-VLC-HI04,C,alimentacion_hosteleria,Alimentación y Hostelería,622026.85
2025-05-01,RN-VLC-HI05,C,moda_belleza,Moda y Belleza,56440.48
2025-05-01,RN-VLC-HI05,C,hogar_electronica,"Hogar, Electrónica y Electrodomésticos",138234.98
2025-05-01,RN-VLC-HI05,C,alimentacion_hosteleria,Alimentación y Hostelería,736611.02
2025-05-01,RN-VLC-HI06,C,moda_belleza,Moda y Belleza,53070.64
2025-05-01,RN-VLC-HI06,C,hogar_electronica,"Hogar, Electrónica y Electrodomésticos",129981.49
2025-05-01,RN-VLC-HI06,C,alimentacion_hosteleria,Alimentación y Hostelería,692630.76
2025-05-01,RN-VLC-HI07,C,moda_belleza,Moda y Belleza,42219.54
2025-05-01,RN-VLC-HI07,C,hogar_electronica,"Hogar, Electrónica y Electrodomésticos",103404.81
2025-05-01,RN-VLC-HI07,C,alimentacion_hosteleria,Alimentación y Hostelería,551011.94
2025-06-01,RN-BCN-CV01,B,moda_belleza,Moda y Belleza,11384.86
2025-06-01,RN-BCN-CV01,B,hogar_electronica,"Hogar, Electrónica y Electrodomésticos",25159.19
2025-06-01,RN-BCN-CV01,B,alimentacion_hosteleria,Alimentación y Hostelería,141479.04
2025-06-01,RN-BCN-CV02,B,moda_belleza,Moda y Belleza,12299.31
2025-06-01,RN-BCN-CV02,B,hogar_electronica,"Hogar, Electrónica y Electrodomésticos",27180.01
2025-06-01,RN-BCN-CV02,B,alimentacion_hosteleria,Alimentación y Hostelería,152842.82
2025-06-01,RN-BCN-CV03,B,moda_belleza,Moda y Belleza,13593.39
2025-06-01,RN-BCN-CV03,B,hogar_electronica,"Hogar, Electrónica y Electrodomésticos",30039.77
2025-06-01,RN-BCN-CV03,B,alimentacion_hosteleria,Alimentación y Hostelería,168924.25
2025-06-01,RN-BCN-CV04,B,moda_belleza,Moda y Belleza,10014.94
2025-06-01,RN-BCN-CV04,B,hogar_electronica,"Hogar, Electrónica y Electrodomésticos",22131.83
2025-06-01,RN-BCN-CV04,B,alimentacion_hosteleria,Alimentación y Hostelería,124455.11
2025-06-01,RN-BCN-CV05,B,moda_belleza,Moda y Belleza,10582.53
2025-06-01,RN-BCN-CV05,B,hogar_electronica,"Hogar, Electrónica y Electrodomésticos",23386.12
2025-06-01,RN-BCN-CV05,B,alimentacion_hosteleria,Alimentación y Hostelería,131508.45
2025-06-01,RN-BCN-CV06,B,moda_belleza,Moda y Belleza,11077.83
2025-06-01,RN-BCN-CV06,B,hogar_electronica,"Hogar, Electrónica y Electrodomésticos",24480.68
2025-06-01,RN-BCN-CV06,B,alimentacion_hosteleria,Alimentación y Hostelería,137663.52
2025-06-01,RN-BCN-CV07,B,moda_belleza,Moda y Belleza,11040.44
2025-06-01,RN-BCN-CV07,B,hogar_electronica,"Hogar, Electrónica y Electrodomésticos",24398.06
2025-06-01,RN-BCN-CV07,B,alimentacion_hosteleria,Alimentación y Hostelería,137198.9
2025-06-01,RN-BCN-CV08,B,moda_belleza,Moda y Belleza,10967.71
2025-06-01,RN-BCN-CV08,B,hogar_electronica,"Hogar, Electrónica y Electrodomésticos",24237.34
2025-06-01,RN-BCN-CV08,B,alimentacion_hosteleria,Alimentación y Hostelería,136295.13
2025-06-01,RN-BCN-ES01,B,moda_belleza,Moda y Belleza,191081.77
2025-06-01,RN-BCN-ES01,B,hogar_electronica,"Hogar, Electrónica y Electrodomésticos",31990.0
2025-06-01,RN-BCN-ES01,B,alimentacion_hosteleria,Alimentación y Hostelería,3809.46
2025-06-01,RN-BCN-ES02,B,moda_belleza,Moda y Belleza,212979.43
2025-06-01,RN-BCN-ES02,B,hogar_electronica,"Hogar, Electrónica y Electrodomésticos",35656.0
2025-06-01,RN-BCN-ES02,B,alimentacion_hosteleria,Alimentación y Hostelería,4246.02
2025-06-01,RN-BCN-ES03,B,moda_belleza,Moda y Belleza,226810.73
2025-06-01,RN-BCN-ES03,B,hogar_electronica,"Hogar, Electrónica y Electrodomésticos",37971.57
2025-06-01,RN-BCN-ES03,B,alimentacion_hosteleria,Alimentación y Hostelería,4521.76
2025-06-01,RN-BCN-ES04,B,moda_belleza,Moda y Belleza,208589.05
2025-06-01,RN-BCN-ES04,B,hogar_electronica,"Hogar, Electrónica y Electrodomésticos",34920.98
2025-06-01,RN-BCN-ES04,B,alimentacion_hosteleria,Alimentación y Hostelería,4158.49
2025-06-01,RN-BCN-ES05,B,moda_belleza,Moda y Belleza,221000.07
2025-06-01,RN-BCN-ES05,B,hogar_electronica,"Hogar, Electrónica y Electrodomésticos",36998.78
2025-06-01,RN-BCN-ES05,B,alimentacion_hosteleria,Alimentación y Hostelería,4405.92
2025-06-01,RN-BCN-ES06,B,moda_belleza,Moda y Belleza,222690.07
2025-06-01,RN-BCN-ES06,B,hogar_electronica,"Hogar, Electrónica y Electrodomésticos",37281.71
2025-06-01,RN-BCN-ES06,B,alimentacion_hosteleria,Alimentación y Hostelería,4439.61
2025-06-01,RN-BCN-ES07,B,moda_belleza,Moda y Belleza,224871.2
2025-06-01,RN-BCN-ES07,B,hogar_electronica,"Hogar, Electrónica y Electrodomésticos",37646.86
2025-06-01,RN-BCN-ES07,B,alimentacion_hosteleria,Alimentación y Hostelería,4483.09
2025-06-01,RN-BCN-ES08,B,moda_belleza,Moda y Belleza,174546.7
2025-06-01,RN-BCN-ES08,B,hogar_electronica,"Hogar, Electrónica y Electrodomésticos",29221.78
2025-06-01,RN-BCN-ES08,B,alimentacion_hosteleria,Alimentación y Hostelería,3479.81
2025-06-01,RN-BCN-ES09,B,moda_belleza,Moda y Belleza,225855.97
2025-06-01,RN-BCN-ES09,B,hogar_electronica,"Hogar, Electrónica y Electrodomésticos",37811.73
2025-06-01,RN-BCN-ES09,B,alimentacion_hosteleria,Alimentación y Hostelería,4502.73
2025-06-01,RN-BCN-ES10,B,moda_belleza,Moda y Belleza,204930.46
2025-06-01,RN-BCN-ES10,B,hogar_electronica,"Hogar, Electrónica y Electrodomésticos",34308.48
2025-06-01,RN-BCN-ES10,B,alimentacion_hosteleria,Alimentación y Hostelería,4085.55
2025-06-01,RN-BCN-ES11,B,moda_belleza,Moda y Belleza,211583.93
2025-06-01,RN-BCN-ES11,B,hogar_electronica,"Hogar, Electrónica y Electrodomésticos",35422.37
2025-06-01,RN-BCN-ES11,B,alimentacion_hosteleria,Alimentación y Hostelería,4218.19
2025-06-01,RN-BCN-ES12,B,moda_belleza,Moda y Belleza,195592.19
2025-06-01,RN-BCN-ES12,B,hogar_electronica,"Hogar, Electrónica y Electrodomésticos",32745.11
2025-06-01,RN-BCN-ES12,B,alimentacion_hosteleria,Alimentación y Hostelería,3899.38
2025-06-01,RN-BCN-ES13,B,moda_belleza,Moda y Belleza,223849.9
2025-06-01,RN-BCN-ES13,B,hogar_electronica,"Hogar, Electrónica y Electrodomésticos",37475.88
2025-06-01,RN-BCN-ES13,B,alimentacion_hosteleria,Alimentación y Hostelería,4462.73
2025-06-01,RN-BCN-ES14,B,moda_belleza,Moda y Belleza,239282.34
2025-06-01,RN-BCN-ES14,B,hogar_electronica,"Hogar, Electrónica y Electrodomésticos",40059.51
2025-06-01,RN-BCN-ES14,B,alimentacion_hosteleria,Alimentación y Hostelería,4770.4
2025-06-01,RN-BCN-GA01,B,moda_belleza,Moda y Belleza,1575432.96
2025-06-01,RN-BCN-GA01,B,hogar_electronica,"Hogar, Electrónica y Electrodomésticos",1917358.45
2025-06-01,RN-BCN-GA01,B,alimentacion_hosteleria,Alimentación y Hostelería,480682.92
2025-06-01,RN-BCN-GA02,B,moda_belleza,Moda y Belleza,1809580.5
2025-06-01,RN-BCN-GA02,B,hogar_electronica,"Hogar, Electrónica y Electrodomésticos",2202324.41
2025-06-01,RN-BCN-GA02,B,alimentacion_hosteleria,Alimentación y Hostelería,552124.06
2025-06-01,RN-BCN-HI01,B,moda_belleza,Moda y Belleza,61794.86
2025-06-01,RN-BCN-HI01,B,hogar_electronica,"Hogar, Electrónica y Electrodomésticos",159319.17
2025-06-01,RN-BCN-HI01,B,alimentacion_hosteleria,Alimentación y Hostelería,528510.48
2025-06-01,RN-BCN-HI02,B,moda_belleza,Moda y Belleza,90224.23
2025-06-01,RN-BCN-HI02,B,hogar_electronica,"Hogar, Electrónica y Electrodomésticos",232615.61
2025-06-01,RN-BCN-HI02,B,alimentacion_hosteleria,Alimentación y Hostelería,771657.2
2025-06-01,RN-BCN-HI03,B,moda_belleza,Moda y Belleza,60996.67
2025-06-01,RN-BCN-HI03,B,hogar_electronica,"Hogar, Electrónica y Electrodomésticos",157261.29
2025-06-01,RN-BCN-HI03,B,alimentacion_hosteleria,Alimentación y Hostelería,521683.85
2025-06-01,RN-BCN-HI04,B,moda_belleza,Moda y Belleza,76522.62
2025-06-01,RN-BCN-HI04,B,hogar_electronica,"Hogar, Electrónica y Electrodomésticos",197290.18
2025-06-01,RN-BCN-HI04,B,alimentacion_hosteleria,Alimentación y Hostelería,654471.95
2025-06-01,RN-BIO-CV01,E,moda_belleza,Moda y Belleza,11449.12
2025-06-01,RN-BIO-CV01,E,hogar_electronica,"Hogar, Electrónica y Electrodomésticos",30436.43
2025-06-01,RN-BIO-CV01,E,alimentacion_hosteleria,Alimentación y Hostelería,153777.94
2025-06-01,RN-BIO-CV02,E,moda_belleza,Moda y Belleza,11044.41
2025-06-01,RN-BIO-CV02,E,hogar_electronica,"Hogar, Electrónica y Electrodomésticos",29360.55
2025-06-01,RN-BIO-CV02,E,alimentacion_hosteleria,Alimentación y Hostelería,148342.14
2025-06-01,RN-BIO-CV03,E,moda_belleza,Moda y Belleza,10270.91
2025-06-01,RN-BIO-CV03,E,hogar_electronica,"Hogar, Electrónica y Electrodomésticos",27304.27
2025-06-01,RN-BIO-CV03,E,alimentacion_hosteleria,Alimentación y Hostelería,137952.92
2025-06-01,RN-BIO-CV04,E,moda_belleza,Moda y Belleza,12060.53
2025-06-01,RN-BIO-CV04,E,hogar_electronica,"Hogar, Electrónica y Electrodomésticos",32061.8
2025-06-01,RN-BIO-CV04,E,alimentacion_hosteleria,Alimentación y Hostelería,161989.99
2025-06-01,RN-BIO-ES01,E,moda_belleza,Moda y Belleza,191192.16
2025-06-01,RN-BIO-ES01,E,hogar_electronica,"Hogar, Electrónica y Electrodomésticos",38505.05
2025-06-01,RN-BIO-ES01,E,alimentacion_hosteleria,Alimentación y Hostelería,4119.76
2025-06-01,RN-BIO-ES02,E,moda_belleza,Moda y Belleza,176303.84
2025-06-01,RN-BIO-ES02,E,hogar_electronica,"Hogar, Electrónica y Electrodomésticos",35506.62
2025-06-01,RN-BIO-ES02,E,alimentacion_hosteleria,Alimentación y Hostelería,3798.95
2025-06-01,RN-BIO-ES03,E,moda_belleza,Moda y Belleza,267092.6
2025-06-01,RN-BIO-ES03,E,hogar_electronica,"Hogar, Electrónica y Electrodomésticos",53790.98
2025-06-01,RN-BIO-ES03,E,alimentacion_hosteleria,Alimentación y Hostelería,5755.24
2025-06-01,RN-BIO-ES04,E,moda_belleza,Moda y Belleza,221811.7
2025-06-01,RN-BIO-ES04,E,hogar_electronica,"Hogar, Electrónica y Electrodomésticos",44671.65
2025-06-01,RN-BIO-ES04,E,alimentacion_hosteleria,Alimentación y Hostelería,4779.54
2025-06-01,RN-BIO-ES05,E,moda_belleza,Moda y Belleza,215754.36
2025-06-01,RN-BIO-ES05,E,hogar_electronica,"Hogar, Electrónica y Electrodomésticos",43451.74
2025-06-01,RN-BIO-ES05,E,alimentacion_hosteleria,Alimentación y Hostelería,4649.02
2025-06-01,RN-BIO-ES06,E,moda_belleza,Moda y Belleza,245364.86
2025-06-01,RN-BIO-ES06,E,hogar_electronica,"Hogar, Electrónica y Electrodomésticos",49415.13
2025-06-01,RN-BIO-ES06,E,alimentacion_hosteleria,Alimentación y Hostelería,5287.06
2025-06-01,RN-BIO-ES07,E,moda_belleza,Moda y Belleza,212544.79
2025-06-01,RN-BIO-ES07,E,hogar_electronica,"Hogar, Electrónica y Electrodomésticos",42805.35
2025-06-01,RN-BIO-ES07,E,alimentacion_hosteleria,Alimentación y Hostelería,4579.86
2025-06-01,RN-BIO-GA01,E,moda_belleza,Moda y Belleza,1041501.37
2025-06-01,RN-BIO-GA01,E,hogar_electronica,"Hogar, Electrónica y Electrodomésticos",1524810.49
2025-06-01,RN-BIO-GA01,E,alimentacion_hosteleria,Alimentación y Hostelería,343460.0
2025-06-01,RN-BIO-HI01,E,moda_belleza,Moda y Belleza,72295.88
2025-06-01,RN-BIO-HI01,E,hogar_electronica,"Hogar, Electrónica y Electrodomésticos",224223.89
2025-06-01,RN-BIO-HI01,E,alimentacion_hosteleria,Alimentación y Hostelería,668301.38
2025-06-01,RN-BIO-HI02,E,moda_belleza,Moda y Belleza,56106.74
2025-06-01,RN-BIO-HI02,E,hogar_electronica,"Hogar, Electrónica y Electrodomésticos",174013.66
2025-06-01,RN-BIO-HI02,E,alimentacion_hosteleria,Alimentación y Hostelería,518649.33
2025-06-01,RN-MAD-CV01,A,moda_belleza,Moda y Belleza,11887.07
2025-06-01,RN-MAD-CV01,A,hogar_electronica,"Hogar, Electrónica y Electrodomésticos",23383.97
2025-06-01,RN-MAD-CV01,A,alimentacion_hosteleria,Alimentación y Hostelería,142448.24
2025-06-01,RN-MAD-CV02,A,moda_belleza,Moda y Belleza,12053.9
2025-06-01,RN-MAD-CV02,A,hogar_electronica,"Hogar, Electrónica y Electrodomésticos",23712.16
2025-06-01,RN-MAD-CV02,A,alimentacion_hosteleria,Alimentación y Hostelería,144447.46
2025-06-01,RN-MAD-CV03,A,moda_belleza,Moda y Belleza,11921.45
2025-06-01,RN-MAD-CV03,A,hogar_electronica,"Hogar, Electrónica y Electrodomésticos",23451.6
2025-06-01,RN-MAD-CV03,A,alimentacion_hosteleria,Alimentación y Hostelería,142860.24
2025-06-01,RN-MAD-CV04,A,moda_belleza,Moda y Belleza,13431.33
2025-06-01,RN-MAD-CV04,A,hogar_electronica,"Hogar, Electrónica y Electrodomésticos",26421.8
2025-06-01,RN-MAD-CV04,A,alimentacion_hosteleria,Alimentación y Hostelería,160953.82
2025-06-01,RN-MAD-CV05,A,moda_belleza,Moda y Belleza,10114.95
2025-06-01,RN-MAD-CV05,A,hogar_electronica,"Hogar, Electrónica y Electrodomésticos",19897.9
2025-06-01,RN-MAD-CV05,A,alimentacion_hosteleria,Alimentación y Hostelería,121212.12
2025-06-01,RN-MAD-CV06,A,moda_belleza,Moda y Belleza,11886.3
2025-06-01,RN-MAD-CV06,A,hogar_electronica,"Hogar, Electrónica y Electrodomésticos",23382.45
2025-06-01,RN-MAD-CV06,A,alimentacion_hosteleria,Alimentación y Hostelería,142438.99
2025-06-01,RN-MAD-CV07,A,moda_belleza,Moda y Belleza,11424.38
2025-06-01,RN-MAD-CV07,A,hogar_electronica,"Hogar, Electrónica y Electrodomésticos",22473.79
2025-06-01,RN-MAD-CV07,A,alimentacion_hosteleria,Alimentación y Hostelería,136903.68
2025-06-01,RN-MAD-CV08,A,moda_belleza,Moda y Belleza,13732.59
2025-06-01,RN-MAD-CV08,A,hogar_electronica,"Hogar, Electrónica y Electrodomésticos",27014.44
2025-06-01,RN-MAD-CV08,A,alimentacion_hosteleria,Alimentación y Hostelería,164563.95
2025-06-01,RN-MAD-CV09,A,moda_belleza,Moda y Belleza,13723.04
2025-06-01,RN-MAD-CV09,A,hogar_electronica,"Hogar, Electrónica y Electrodomésticos",26995.65
2025-06-01,RN-MAD-CV09,A,alimentacion_hosteleria,Alimentación y Hostelería,164449.51
2025-06-01,RN-MAD-CV10,A,moda_belleza,Moda y Belleza,12462.88
2025-06-01,RN-MAD-CV10,A,hogar_electronica,"Hogar, Electrónica y Electrodomésticos",24516.7
2025-06-01,RN-MAD-CV10,A,alimentacion_hosteleria,Alimentación y Hostelería,149348.5
2025-06-01,RN-MAD-ES01,A,moda_belleza,Moda y Belleza,290853.24
2025-06-01,RN-MAD-ES01,A,hogar_electronica,"Hogar, Electrónica y Electrodomésticos",43345.45
2025-06-01,RN-MAD-ES01,A,alimentacion_hosteleria,Alimentación y Hostelería,5591.6
2025-06-01,RN-MAD-ES02,A,moda_belleza,Moda y Belleza,202020.93
2025-06-01,RN-MAD-ES02,A,hogar_electronica,"Hogar, Electrónica y Electrodomésticos",30106.89
2025-06-01,RN-MAD-ES02,A,alimentacion_hosteleria,Alimentación y Hostelería,3883.81
2025-06-01,RN-MAD-ES03,A,moda_belleza,Moda y Belleza,246283.14
2025-06-01,RN-MAD-ES03,A,hogar_electronica,"Hogar, Electrónica y Electrodomésticos",36703.23
2025-06-01,RN-MAD-ES03,A,alimentacion_hosteleria,Alimentación y Hostelería,4734.75
2025-06-01,RN-MAD-ES04,A,moda_belleza,Moda y Belleza,241587.89
2025-06-01,RN-MAD-ES04,A,hogar_electronica,"Hogar, Electrónica y Electrodomésticos",36003.5
2025-06-01,RN-MAD-ES04,A,alimentacion_hosteleria,Alimentación y Hostelería,4644.48
2025-06-01,RN-MAD-ES05,A,moda_belleza,Moda y Belleza,208461.41
2025-06-01,RN-MAD-ES05,A,hogar_electronica,"Hogar, Electrónica y Electrodomésticos",31066.71
2025-06-01,RN-MAD-ES05,A,alimentacion_hosteleria,Alimentación y Hostelería,4007.63
2025-06-01,RN-MAD-ES06,A,moda_belleza,Moda y Belleza,247188.46
2025-06-01,RN-MAD-ES06,A,hogar_electronica,"Hogar, Electrónica y Electrodomésticos",36838.15
2025-06-01,RN-MAD-ES06,A,alimentacion_hosteleria,Alimentación y Hostelería,4752.15
2025-06-01,RN-MAD-ES07,A,moda_belleza,Moda y Belleza,261726.81
2025-06-01,RN-MAD-ES07,A,hogar_electronica,"Hogar, Electrónica y Electrodomésticos",39004.77
2025-06-01,RN-MAD-ES07,A,alimentacion_hosteleria,Alimentación y Hostelería,5031.65
2025-06-01,RN-MAD-ES08,A,moda_belleza,Moda y Belleza,260516.44
2025-06-01,RN-MAD-ES08,A,hogar_electronica,"Hogar, Electrónica y Electrodomésticos",38824.39
2025-06-01,RN-MAD-ES08,A,alimentacion_hosteleria,Alimentación y Hostelería,5008.38
2025-06-01,RN-MAD-ES09,A,moda_belleza,Moda y Belleza,243768.78
2025-06-01,RN-MAD-ES09,A,hogar_electronica,"Hogar, Electrónica y Electrodomésticos",36328.51
2025-06-01,RN-MAD-ES09,A,alimentacion_hosteleria,Alimentación y Hostelería,4686.41
2025-06-01,RN-MAD-ES10,A,moda_belleza,Moda y Belleza,245367.52
2025-06-01,RN-MAD-ES10,A,hogar_electronica,"Hogar, Electrónica y Electrodomésticos",36566.77
2025-06-01,RN-MAD-ES10,A,alimentacion_hosteleria,Alimentación y Hostelería,4717.14
2025-06-01,RN-MAD-ES11,A,moda_belleza,Moda y Belleza,205509.45
2025-06-01,RN-MAD-ES11,A,hogar_electronica,"Hogar, Electrónica y Electrodomésticos",30626.78
2025-06-01,RN-MAD-ES11,A,alimentacion_hosteleria,Alimentación y Hostelería,3950.88
2025-06-01,RN-MAD-ES12,A,moda_belleza,Moda y Belleza,254351.47
2025-06-01,RN-MAD-ES12,A,hogar_electronica,"Hogar, Electrónica y Electrodomésticos",37905.64
2025-06-01,RN-MAD-ES12,A,alimentacion_hosteleria,Alimentación y Hostelería,4889.86
2025-06-01,RN-MAD-ES13,A,moda_belleza,Moda y Belleza,241981.9
2025-06-01,RN-MAD-ES13,A,hogar_electronica,"Hogar, Electrónica y Electrodomésticos",36062.22
2025-06-01,RN-MAD-ES13,A,alimentacion_hosteleria,Alimentación y Hostelería,4652.05
2025-06-01,RN-MAD-ES14,A,moda_belleza,Moda y Belleza,194962.82
2025-06-01,RN-MAD-ES14,A,hogar_electronica,"Hogar, Electrónica y Electrodomésticos",29055.03
2025-06-01,RN-MAD-ES14,A,alimentacion_hosteleria,Alimentación y Hostelería,3748.12
2025-06-01,RN-MAD-ES15,A,moda_belleza,Moda y Belleza,223845.59
2025-06-01,RN-MAD-ES15,A,hogar_electronica,"Hogar, Electrónica y Electrodomésticos",33359.39
2025-06-01,RN-MAD-ES15,A,alimentacion_hosteleria,Alimentación y Hostelería,4303.39
2025-06-01,RN-MAD-ES16,A,moda_belleza,Moda y Belleza,223694.86
2025-06-01,RN-MAD-ES16,A,hogar_electronica,"Hogar, Electrónica y Electrodomésticos",33336.93
2025-06-01,RN-MAD-ES16,A,alimentacion_hosteleria,Alimentación y Hostelería,4300.49
2025-06-01,RN-MAD-ES17,A,moda_belleza,Moda y Belleza,246210.53
2025-06-01,RN-MAD-ES17,A,hogar_electronica,"Hogar, Electrónica y Electrodomésticos",36692.41
2025-06-01,RN-MAD-ES17,A,alimentacion_hosteleria,Alimentación y Hostelería,4733.35
2025-06-01,RN-MAD-ES18,A,moda_belleza,Moda y Belleza,262631.57
2025-06-01,RN-MAD-ES18,A,hogar_electronica,"Hogar, Electrónica y Electrodomésticos",39139.61
2025-06-01,RN-MAD-ES18,A,alimentacion_hosteleria,Alimentación y Hostelería,5049.04
2025-06-01,RN-MAD-ES19,A,moda_belleza,Moda y Belleza,245680.35
2025-06-01,RN-MAD-ES19,A,hogar_electronica,"Hogar, Electrónica y Electrodomésticos",36613.39
2025-06-01,RN-MAD-ES19,A,alimentacion_hosteleria,Alimentación y Hostelería,4723.16
2025-06-01,RN-MAD-ES20,A,moda_belleza,Moda y Belleza,235914.77
2025-06-01,RN-MAD-ES20,A,hogar_electronica,"Hogar, Electrónica y Electrodomésticos",35158.04
2025-06-01,RN-MAD-ES20,A,alimentacion_hosteleria,Alimentación y Hostelería,4535.42
2025-06-01,RN-MAD-GA01,A,moda_belleza,Moda y Belleza,2336805.55
2025-06-01,RN-MAD-GA01,A,hogar_electronica,"Hogar, Electrónica y Electrodomésticos",2531632.0
2025-06-01,RN-MAD-GA01,A,alimentacion_hosteleria,Alimentación y Hostelería,687542.18
2025-06-01,RN-MAD-GA02,A,moda_belleza,Moda y Belleza,1523667.58
2025-06-01,RN-MAD-GA02,A,hogar_electronica,"Hogar, Electrónica y Electrodomésticos",1650700.29
2025-06-01,RN-MAD-GA02,A,alimentacion_hosteleria,Alimentación y Hostelería,448298.2
2025-06-01,RN-MAD-GA03,A,moda_belleza,Moda y Belleza,1839531.2
2025-06-01,RN-MAD-GA03,A,hogar_electronica,"Hogar, Electrónica y Electrodomésticos",1992898.4
2025-06-01,RN-MAD-GA03,A,alimentacion_hosteleria,Alimentación y Hostelería,541232.58
2025-06-01,RN-MAD-HI01,A,moda_belleza,Moda y Belleza,79567.27
2025-06-01,RN-MAD-HI01,A,hogar_electronica,"Hogar, Electrónica y Electrodomésticos",182610.07
2025-06-01,RN-MAD-HI01,A,alimentacion_hosteleria,Alimentación y Hostelería,656226.37
2025-06-01,RN-MAD-HI02,A,moda_belleza,Moda y Belleza,72523.08
2025-06-01,RN-MAD-HI02,A,hogar_electronica,"Hogar, Electrónica y Electrodomésticos",166443.37
2025-06-01,RN-MAD-HI02,A,alimentacion_hosteleria,Alimentación y Hostelería,598129.82
2025-06-01,RN-MAD-HI03,A,moda_belleza,Moda y Belleza,82462.92
2025-06-01,RN-MAD-HI03,A,hogar_electronica,"Hogar, Electrónica y Electrodomésticos",189255.72
2025-06-01,RN-MAD-HI03,A,alimentacion_hosteleria,Alimentación y Hostelería,680108.12
2025-06-01,RN-MAD-HI04,A,moda_belleza,Moda y Belleza,86160.87
2025-06-01,RN-MAD-HI04,A,hogar_electronica,"Hogar, Electrónica y Electrodomésticos",197742.65
2025-06-01,RN-MAD-HI04,A,alimentacion_hosteleria,Alimentación y Hostelería,710606.71
2025-06-01,RN-MAD-HI05,A,moda_belleza,Moda y Belleza,84846.37
2025-06-01,RN-MAD-HI05,A,hogar_electronica,"Hogar, Electrónica y Electrodomésticos",194725.82
2025-06-01,RN-MAD-HI05,A,alimentacion_hosteleria,Alimentación y Hostelería,699765.44
2025-06-01,RN-SEV-CV01,D,moda_belleza,Moda y Belleza,9946.43
2025-06-01,RN-SEV-CV01,D,hogar_electronica,"Hogar, Electrónica y Electrodomésticos",29124.0
2025-06-01,RN-SEV-CV01,D,alimentacion_hosteleria,Alimentación y Hostelería,96324.65
2025-06-01,RN-SEV-CV02,D,moda_belleza,Moda y Belleza,12180.19
2025-06-01,RN-SEV-CV02,D,hogar_electronica,"Hogar, Electrónica y Electrodomésticos",35664.63
2025-06-01,RN-SEV-CV02,D,alimentacion_hosteleria,Alimentación y Hostelería,117957.1
2025-06-01,RN-SEV-CV03,D,moda_belleza,Moda y Belleza,9840.75
2025-06-01,RN-SEV-CV03,D,hogar_electronica,"Hogar, Electrónica y Electrodomésticos",28814.54
2025-06-01,RN-SEV-CV03,D,alimentacion_hosteleria,Alimentación y Hostelería,95301.14
2025-06-01,RN-SEV-CV04,D,moda_belleza,Moda y Belleza,9212.67
2025-06-01,RN-SEV-CV04,D,hogar_electronica,"Hogar, Electrónica y Electrodomésticos",26975.47
2025-06-01,RN-SEV-CV04,D,alimentacion_hosteleria,Alimentación y Hostelería,89218.62
2025-06-01,RN-SEV-CV05,D,moda_belleza,Moda y Belleza,9319.13
2025-06-01,RN-SEV-CV05,D,hogar_electronica,"Hogar, Electrónica y Electrodomésticos",27287.22
2025-06-01,RN-SEV-CV05,D,alimentacion_hosteleria,Alimentación y Hostelería,90249.67
2025-06-01,RN-SEV-CV06,D,moda_belleza,Moda y Belleza,10388.58
2025-06-01,RN-SEV-CV06,D,hogar_electronica,"Hogar, Electrónica y Electrodomésticos",30418.64
2025-06-01,RN-SEV-CV06,D,alimentacion_hosteleria,Alimentación y Hostelería,100606.54
2025-06-01,RN-SEV-CV07,D,moda_belleza,Moda y Belleza,10243.03
2025-06-01,RN-SEV-CV07,D,hogar_electronica,"Hogar, Electrónica y Electrodomésticos",29992.45
2025-06-01,RN-SEV-CV07,D,alimentacion_hosteleria,Alimentación y Hostelería,99196.97
2025-06-01,RN-SEV-CV08,D,moda_belleza,Moda y Belleza,11409.18
2025-06-01,RN-SEV-CV08,D,hogar_electronica,"Hogar, Electrónica y Electrodomésticos",33407.06
2025-06-01,RN-SEV-CV08,D,alimentacion_hosteleria,Alimentación y Hostelería,110490.42
2025-06-01,RN-SEV-CV09,D,moda_belleza,Moda y Belleza,10752.48
2025-06-01,RN-SEV-CV09,D,hogar_electronica,"Hogar, Electrónica y Electrodomésticos",31484.19
2025-06-01,RN-SEV-CV09,D,alimentacion_hosteleria,Alimentación y Hostelería,104130.74
2025-06-01,RN-SEV-CV10,D,moda_belleza,Moda y Belleza,11010.6
2025-06-01,RN-SEV-CV10,D,hogar_electronica,"Hogar, Electrónica y Electrodomésticos",32239.96
2025-06-01,RN-SEV-CV10,D,alimentacion_hosteleria,Alimentación y Hostelería,106630.38
2025-06-01,RN-SEV-ES01,D,moda_belleza,Moda y Belleza,189282.6
2025-06-01,RN-SEV-ES01,D,hogar_electronica,"Hogar, Electrónica y Electrodomésticos",41987.54
2025-06-01,RN-SEV-ES01,D,alimentacion_hosteleria,Alimentación y Hostelería,2940.77
2025-06-01,RN-SEV-ES02,D,moda_belleza,Moda y Belleza,167063.18
2025-06-01,RN-SEV-ES02,D,hogar_electronica,"Hogar, Electrónica y Electrodomésticos",37058.73
2025-06-01,RN-SEV-ES02,D,alimentacion_hosteleria,Alimentación y Hostelería,2595.56
2025-06-01,RN-SEV-ES03,D,moda_belleza,Moda y Belleza,171223.3
2025-06-01,RN-SEV-ES03,D,hogar_electronica,"Hogar, Electrónica y Electrodomésticos",37981.55
2025-06-01,RN-SEV-ES03,D,alimentacion_hosteleria,Alimentación y Hostelería,2660.19
2025-06-01,RN-SEV-ES04,D,moda_belleza,Moda y Belleza,146796.79
2025-06-01,RN-SEV-ES04,D,hogar_electronica,"Hogar, Electrónica y Electrodomésticos",32563.14
2025-06-01,RN-SEV-ES04,D,alimentacion_hosteleria,Alimentación y Hostelería,2280.69
2025-06-01,RN-SEV-ES05,D,moda_belleza,Moda y Belleza,139607.65
2025-06-01,RN-SEV-ES05,D,hogar_electronica,"Hogar, Electrónica y Electrodomésticos",30968.41
2025-06-01,RN-SEV-ES05,D,alimentacion_hosteleria,Alimentación y Hostelería,2169.0
2025-06-01,RN-SEV-ES06,D,moda_belleza,Moda y Belleza,187476.34
2025-06-01,RN-SEV-ES06,D,hogar_electronica,"Hogar, Electrónica y Electrodomésticos",41586.87
2025-06-01,RN-SEV-ES06,D,alimentacion_hosteleria,Alimentación y Hostelería,2912.7
2025-06-01,RN-SEV-ES07,D,moda_belleza,Moda y Belleza,191780.79
2025-06-01,RN-SEV-ES07,D,hogar_electronica,"Hogar, Electrónica y Electrodomésticos",42541.7
2025-06-01,RN-SEV-ES07,D,alimentacion_hosteleria,Alimentación y Hostelería,2979.58
2025-06-01,RN-SEV-ES08,D,moda_belleza,Moda y Belleza,181572.94
2025-06-01,RN-SEV-ES08,D,hogar_electronica,"Hogar, Electrónica y Electrodomésticos",40277.35
2025-06-01,RN-SEV-ES08,D,alimentacion_hosteleria,Alimentación y Hostelería,2820.99
2025-06-01,RN-SEV-ES09,D,moda_belleza,Moda y Belleza,165055.9
2025-06-01,RN-SEV-ES09,D,hogar_electronica,"Hogar, Electrónica y Electrodomésticos",36613.46
2025-06-01,RN-SEV-ES09,D,alimentacion_hosteleria,Alimentación y Hostelería,2564.37
2025-06-01,RN-SEV-ES10,D,moda_belleza,Moda y Belleza,168611.73
2025-06-01,RN-SEV-ES10,D,hogar_electronica,"Hogar, Electrónica y Electrodomésticos",37402.23
2025-06-01,RN-SEV-ES10,D,alimentacion_hosteleria,Alimentación y Hostelería,2619.62
2025-06-01,RN-SEV-ES11,D,moda_belleza,Moda y Belleza,166018.51
2025-06-01,RN-SEV-ES11,D,hogar_electronica,"Hogar, Electrónica y Electrodomésticos",36826.99
2025-06-01,RN-SEV-ES11,D,alimentacion_hosteleria,Alimentación y Hostelería,2579.33
2025-06-01,RN-SEV-ES12,D,moda_belleza,Moda y Belleza,160128.62
2025-06-01,RN-SEV-ES12,D,hogar_electronica,"Hogar, Electrónica y Electrodomésticos",35520.47
2025-06-01,RN-SEV-ES12,D,alimentacion_hosteleria,Alimentación y Hostelería,2487.82
2025-06-01,RN-SEV-GA01,D,moda_belleza,Moda y Belleza,750278.28
2025-06-01,RN-SEV-GA01,D,hogar_electronica,"Hogar, Electrónica y Electrodomésticos",1209875.18
2025-06-01,RN-SEV-GA01,D,alimentacion_hosteleria,Alimentación y Hostelería,178396.75
2025-06-01,RN-SEV-HI01,D,moda_belleza,Moda y Belleza,53338.68
2025-06-01,RN-SEV-HI01,D,hogar_electronica,"Hogar, Electrónica y Electrodomésticos",182210.22
2025-06-01,RN-SEV-HI01,D,alimentacion_hosteleria,Alimentación y Hostelería,355507.93
2025-06-01,RN-SEV-HI02,D,moda_belleza,Moda y Belleza,55947.83
2025-06-01,RN-SEV-HI02,D,hogar_electronica,"Hogar, Electrónica y Electrodomésticos",191123.35
2025-06-01,RN-SEV-HI02,D,alimentacion_hosteleria,Alimentación y Hostelería,372898.23
2025-06-01,RN-SEV-HI03,D,moda_belleza,Moda y Belleza,50572.31
2025-06-01,RN-SEV-HI03,D,hogar_electronica,"Hogar, Electrónica y Electrodomésticos",172760.04
2025-06-01,RN-SEV-HI03,D,alimentacion_hosteleria,Alimentación y Hostelería,337069.82
2025-06-01,RN-SEV-HI04,D,moda_belleza,Moda y Belleza,66159.75
2025-06-01,RN-SEV-HI04,D,hogar_electronica,"Hogar, Electrónica y Electrodomésticos",226008.26
2025-06-01,RN-SEV-HI04,D,alimentacion_hosteleria,Alimentación y Hostelería,440961.7
2025-06-01,RN-VLC-CV01,C,moda_belleza,Moda y Belleza,7115.52
2025-06-01,RN-VLC-CV01,C,hogar_electronica,"Hogar, Electrónica y Electrodomésticos",14937.82
2025-06-01,RN-VLC-CV01,C,alimentacion_hosteleria,Alimentación y Hostelería,134932.77
2025-06-01,RN-VLC-CV02,C,moda_belleza,Moda y Belleza,7303.44
2025-06-01,RN-VLC-CV02,C,hogar_electronica,"Hogar, Electrónica y Electrodomésticos",15332.32
2025-06-01,RN-VLC-CV02,C,alimentacion_hosteleria,Alimentación y Hostelería,138496.21
2025-06-01,RN-VLC-CV03,C,moda_belleza,Moda y Belleza,8029.19
2025-06-01,RN-VLC-CV03,C,hogar_electronica,"Hogar, Electrónica y Electrodomésticos",16855.91
2025-06-01,RN-VLC-CV03,C,alimentacion_hosteleria,Alimentación y Hostelería,152258.77
2025-06-01,RN-VLC-CV04,C,moda_belleza,Moda y Belleza,6784.63
2025-06-01,RN-VLC-CV04,C,hogar_electronica,"Hogar, Electrónica y Electrodomésticos",14243.17
2025-06-01,RN-VLC-CV04,C,alimentacion_hosteleria,Alimentación y Hostelería,128657.98
2025-06-01,RN-VLC-CV05,C,moda_belleza,Moda y Belleza,5721.84
2025-06-01,RN-VLC-CV05,C,hogar_electronica,"Hogar, Electrónica y Electrodomésticos",12012.03
2025-06-01,RN-VLC-CV05,C,alimentacion_hosteleria,Alimentación y Hostelería,108504.16
2025-06-01,RN-VLC-CV06,C,moda_belleza,Moda y Belleza,8194.61
2025-06-01,RN-VLC-CV06,C,hogar_electronica,"Hogar, Electrónica y Electrodomésticos",17203.18
2025-06-01,RN-VLC-CV06,C,alimentacion_hosteleria,Alimentación y Hostelería,155395.65
2025-06-01,RN-VLC-CV07,C,moda_belleza,Moda y Belleza,6888.82
2025-06-01,RN-VLC-CV07,C,hogar_electronica,"Hogar, Electrónica y Electrodomésticos",14461.91
2025-06-01,RN-VLC-CV07,C,alimentacion_hosteleria,Alimentación y Hostelería,130633.83
2025-06-01,RN-VLC-CV08,C,moda_belleza,Moda y Belleza,5955.08
2025-06-01,RN-VLC-CV08,C,hogar_electronica,"Hogar, Electrónica y Electrodomésticos",12501.68
2025-06-01,RN-VLC-CV08,C,alimentacion_hosteleria,Alimentación y Hostelería,112927.17
2025-06-01,RN-VLC-CV09,C,moda_belleza,Moda y Belleza,6205.3
2025-06-01,RN-VLC-CV09,C,hogar_electronica,"Hogar, Electrónica y Electrodomésticos",13026.96
2025-06-01,RN-VLC-CV09,C,alimentacion_hosteleria,Alimentación y Hostelería,117672.04
2025-06-01,RN-VLC-ES01,C,moda_belleza,Moda y Belleza,193837.85
2025-06-01,RN-VLC-ES01,C,hogar_electronica,"Hogar, Electrónica y Electrodomésticos",30827.98
2025-06-01,RN-VLC-ES01,C,alimentacion_hosteleria,Alimentación y Hostelería,5896.97
2025-06-01,RN-VLC-ES02,C,moda_belleza,Moda y Belleza,142388.48
2025-06-01,RN-VLC-ES02,C,hogar_electronica,"Hogar, Electrónica y Electrodomésticos",22645.47
2025-06-01,RN-VLC-ES02,C,alimentacion_hosteleria,Alimentación y Hostelería,4331.77
2025-06-01,RN-VLC-ES03,C,moda_belleza,Moda y Belleza,161323.58
2025-06-01,RN-VLC-ES03,C,hogar_electronica,"Hogar, Electrónica y Electrodomésticos",25656.91
2025-06-01,RN-VLC-ES03,C,alimentacion_hosteleria,Alimentación y Hostelería,4907.81
2025-06-01,RN-VLC-ES04,C,moda_belleza,Moda y Belleza,179947.49
2025-06-01,RN-VLC-ES04,C,hogar_electronica,"Hogar, Electrónica y Electrodomésticos",28618.86
2025-06-01,RN-VLC-ES04,C,alimentacion_hosteleria,Alimentación y Hostelería,5474.39
2025-06-01,RN-VLC-ES05,C,moda_belleza,Moda y Belleza,179045.43
2025-06-01,RN-VLC-ES05,C,hogar_electronica,"Hogar, Electrónica y Electrodomésticos",28475.39
2025-06-01,RN-VLC-ES05,C,alimentacion_hosteleria,Alimentación y Hostelería,5446.95
2025-06-01,RN-VLC-ES06,C,moda_belleza,Moda y Belleza,139780.66
2025-06-01,RN-VLC-ES06,C,hogar_electronica,"Hogar, Electrónica y Electrodomésticos",22230.72
2025-06-01,RN-VLC-ES06,C,alimentacion_hosteleria,Alimentación y Hostelería,4252.43
2025-06-01,RN-VLC-ES07,C,moda_belleza,Moda y Belleza,167399.77
2025-06-01,RN-VLC-ES07,C,hogar_electronica,"Hogar, Electrónica y Electrodomésticos",26623.27
2025-06-01,RN-VLC-ES07,C,alimentacion_hosteleria,Alimentación y Hostelería,5092.66
2025-06-01,RN-VLC-ES08,C,moda_belleza,Moda y Belleza,202347.08
2025-06-01,RN-VLC-ES08,C,hogar_electronica,"Hogar, Electrónica y Electrodomésticos",32181.29
2025-06-01,RN-VLC-ES08,C,alimentacion_hosteleria,Alimentación y Hostelería,6155.84
2025-06-01,RN-VLC-ES09,C,moda_belleza,Moda y Belleza,173256.51
2025-06-01,RN-VLC-ES09,C,hogar_electronica,"Hogar, Electrónica y Electrodomésticos",27554.72
2025-06-01,RN-VLC-ES09,C,alimentacion_hosteleria,Alimentación y Hostelería,5270.84
2025-06-01,RN-VLC-ES10,C,moda_belleza,Moda y Belleza,148568.84
2025-06-01,RN-VLC-ES10,C,hogar_electronica,"Hogar, Electrónica y Electrodomésticos",23628.4
2025-06-01,RN-VLC-ES10,C,alimentacion_hosteleria,Alimentación y Hostelería,4519.79
2025-06-01,RN-VLC-GA01,C,moda_belleza,Moda y Belleza,1259967.19
2025-06-01,RN-VLC-GA01,C,hogar_electronica,"Hogar, Electrónica y Electrodomésticos",1456713.63
2025-06-01,RN-VLC-GA01,C,alimentacion_hosteleria,Alimentación y Hostelería,586629.98
2025-06-01,RN-VLC-HI01,C,moda_belleza,Moda y Belleza,49732.39
2025-06-01,RN-VLC-HI01,C,hogar_electronica,"Hogar, Electrónica y Electrodomésticos",121805.41
2025-06-01,RN-VLC-HI01,C,alimentacion_hosteleria,Alimentación y Hostelería,649062.95
2025-06-01,RN-VLC-HI02,C,moda_belleza,Moda y Belleza,51886.91
2025-06-01,RN-VLC-HI02,C,hogar_electronica,"Hogar, Electrónica y Electrodomésticos",127082.29
2025-06-01,RN-VLC-HI02,C,alimentacion_hosteleria,Alimentación y Hostelería,677181.79
2025-06-01,RN-VLC-HI03,C,moda_belleza,Moda y Belleza,53213.27
2025-06-01,RN-VLC-HI03,C,hogar_electronica,"Hogar, Electrónica y Electrodomésticos",130330.85
2025-06-01,RN-VLC-HI03,C,alimentacion_hosteleria,Alimentación y Hostelería,694492.35
2025-06-01,RN-VLC-HI04,C,moda_belleza,Moda y Belleza,46790.85
2025-06-01,RN-VLC-HI04,C,hogar_electronica,"Hogar, Electrónica y Electrodomésticos",114600.94
2025-06-01,RN-VLC-HI04,C,alimentacion_hosteleria,Alimentación y Hostelería,610672.58
2025-06-01,RN-VLC-HI05,C,moda_belleza,Moda y Belleza,52716.23
2025-06-01,RN-VLC-HI05,C,hogar_electronica,"Hogar, Electrónica y Electrodomésticos",129113.49
2025-06-01,RN-VLC-HI05,C,alimentacion_hosteleria,Alimentación y Hostelería,688005.42
2025-06-01,RN-VLC-HI06,C,moda_belleza,Moda y Belleza,49986.79
2025-06-01,RN-VLC-HI06,C,hogar_electronica,"Hogar, Electrónica y Electrodomésticos",122428.48
2025-06-01,RN-VLC-HI06,C,alimentacion_hosteleria,Alimentación y Hostelería,652383.1
2025-06-01,RN-VLC-HI07,C,moda_belleza,Moda y Belleza,39576.84
2025-06-01,RN-VLC-HI07,C,hogar_electronica,"Hogar, Electrónica y Electrodomésticos",96932.25
2025-06-01,RN-VLC-HI07,C,alimentacion_hosteleria,Alimentación y Hostelería,516521.68
2025-07-01,RN-BCN-CV01,B,moda_belleza,Moda y Belleza,13563.2
2025-07-01,RN-BCN-CV01,B,hogar_electronica,"Hogar, Electrónica y Electrodomésticos",29973.06
2025-07-01,RN-BCN-CV01,B,alimentacion_hosteleria,Alimentación y Hostelería,168549.11
2025-07-01,RN-BCN-CV02,B,moda_belleza,Moda y Belleza,14609.99
2025-07-01,RN-BCN-CV02,B,hogar_electronica,"Hogar, Electrónica y Electrodomésticos",32286.34
2025-07-01,RN-BCN-CV02,B,alimentacion_hosteleria,Alimentación y Hostelería,181557.53
2025-07-01,RN-BCN-CV03,B,moda_belleza,Moda y Belleza,15591.81
2025-07-01,RN-BCN-CV03,B,hogar_electronica,"Hogar, Electrónica y Electrodomésticos",34456.04
2025-07-01,RN-BCN-CV03,B,alimentacion_hosteleria,Alimentación y Hostelería,193758.49
2025-07-01,RN-BCN-CV04,B,moda_belleza,Moda y Belleza,12149.95
2025-07-01,RN-BCN-CV04,B,hogar_electronica,"Hogar, Electrónica y Electrodomésticos",26849.94
2025-07-01,RN-BCN-CV04,B,alimentacion_hosteleria,Alimentación y Hostelería,150986.7
2025-07-01,RN-BCN-CV05,B,moda_belleza,Moda y Belleza,12342.98
2025-07-01,RN-BCN-CV05,B,hogar_electronica,"Hogar, Electrónica y Electrodomésticos",27276.52
2025-07-01,RN-BCN-CV05,B,alimentacion_hosteleria,Alimentación y Hostelería,153385.51
2025-07-01,RN-BCN-CV06,B,moda_belleza,Moda y Belleza,13228.75
2025-07-01,RN-BCN-CV06,B,hogar_electronica,"Hogar, Electrónica y Electrodomésticos",29233.96
2025-07-01,RN-BCN-CV06,B,alimentacion_hosteleria,Alimentación y Hostelería,164392.92
2025-07-01,RN-BCN-CV07,B,moda_belleza,Moda y Belleza,13195.29
2025-07-01,RN-BCN-CV07,B,hogar_electronica,"Hogar, Electrónica y Electrodomésticos",29160.03
2025-07-01,RN-BCN-CV07,B,alimentacion_hosteleria,Alimentación y Hostelería,163977.17
2025-07-01,RN-BCN-CV08,B,moda_belleza,Moda y Belleza,13609.53
2025-07-01,RN-BCN-CV08,B,hogar_electronica,"Hogar, Electrónica y Electrodomésticos",30075.44
2025-07-01,RN-BCN-CV08,B,alimentacion_hosteleria,Alimentación y Hostelería,169124.86
2025-07-01,RN-BCN-ES01,B,moda_belleza,Moda y Belleza,277927.67
2025-07-01,RN-BCN-ES01,B,hogar_electronica,"Hogar, Electrónica y Electrodomésticos",46529.32
2025-07-01,RN-BCN-ES01,B,alimentacion_hosteleria,Alimentación y Hostelería,5540.84
2025-07-01,RN-BCN-ES02,B,moda_belleza,Moda y Belleza,321890.79
2025-07-01,RN-BCN-ES02,B,hogar_electronica,"Hogar, Electrónica y Electrodomésticos",53889.42
2025-07-01,RN-BCN-ES02,B,alimentacion_hosteleria,Alimentación y Hostelería,6417.3
2025-07-01,RN-BCN-ES03,B,moda_belleza,Moda y Belleza,320894.73
2025-07-01,RN-BCN-ES03,B,hogar_electronica,"Hogar, Electrónica y Electrodomésticos",53722.66
2025-07-01,RN-BCN-ES03,B,alimentacion_hosteleria,Alimentación y Hostelería,6397.44
2025-07-01,RN-BCN-ES04,B,moda_belleza,Moda y Belleza,306764.55
2025-07-01,RN-BCN-ES04,B,hogar_electronica,"Hogar, Electrónica y Electrodomésticos",51357.06
2025-07-01,RN-BCN-ES04,B,alimentacion_hosteleria,Alimentación y Hostelería,6115.74
2025-07-01,RN-BCN-ES05,B,moda_belleza,Moda y Belleza,327985.01
2025-07-01,RN-BCN-ES05,B,hogar_electronica,"Hogar, Electrónica y Electrodomésticos",54909.68
2025-07-01,RN-BCN-ES05,B,alimentacion_hosteleria,Alimentación y Hostelería,6538.8
2025-07-01,RN-BCN-ES06,B,moda_belleza,Moda y Belleza,319315.55
2025-07-01,RN-BCN-ES06,B,hogar_electronica,"Hogar, Electrónica y Electrodomésticos",53458.28
2025-07-01,RN-BCN-ES06,B,alimentacion_hosteleria,Alimentación y Hostelería,6365.96
2025-07-01,RN-BCN-ES07,B,moda_belleza,Moda y Belleza,320339.49
2025-07-01,RN-BCN-ES07,B,hogar_electronica,"Hogar, Electrónica y Electrodomésticos",53629.71
2025-07-01,RN-BCN-ES07,B,alimentacion_hosteleria,Alimentación y Hostelería,6386.38
2025-07-01,RN-BCN-ES08,B,moda_belleza,Moda y Belleza,253634.77
2025-07-01,RN-BCN-ES08,B,hogar_electronica,"Hogar, Electrónica y Electrodomésticos",42462.32
2025-07-01,RN-BCN-ES08,B,alimentacion_hosteleria,Alimentación y Hostelería,5056.53
2025-07-01,RN-BCN-ES09,B,moda_belleza,Moda y Belleza,324224.2
2025-07-01,RN-BCN-ES09,B,hogar_electronica,"Hogar, Electrónica y Electrodomésticos",54280.07
2025-07-01,RN-BCN-ES09,B,alimentacion_hosteleria,Alimentación y Hostelería,6463.82
2025-07-01,RN-BCN-ES10,B,moda_belleza,Moda y Belleza,295798.91
2025-07-01,RN-BCN-ES10,B,hogar_electronica,"Hogar, Electrónica y Electrodomésticos",49521.24
2025-07-01,RN-BCN-ES10,B,alimentacion_hosteleria,Alimentación y Hostelería,5897.13
2025-07-01,RN-BCN-ES11,B,moda_belleza,Moda y Belleza,310811.21
2025-07-01,RN-BCN-ES11,B,hogar_electronica,"Hogar, Electrónica y Electrodomésticos",52034.53
2025-07-01,RN-BCN-ES11,B,alimentacion_hosteleria,Alimentación y Hostelería,6196.42
2025-07-01,RN-BCN-ES12,B,moda_belleza,Moda y Belleza,270166.9
2025-07-01,RN-BCN-ES12,B,hogar_electronica,"Hogar, Electrónica y Electrodomésticos",45230.05
2025-07-01,RN-BCN-ES12,B,alimentacion_hosteleria,Alimentación y Hostelería,5386.12
2025-07-01,RN-BCN-ES13,B,moda_belleza,Moda y Belleza,326723.75
2025-07-01,RN-BCN-ES13,B,hogar_electronica,"Hogar, Electrónica y Electrodomésticos",54698.53
2025-07-01,RN-BCN-ES13,B,alimentacion_hosteleria,Alimentación y Hostelería,6513.65
2025-07-01,RN-BCN-ES14,B,moda_belleza,Moda y Belleza,356964.19
2025-07-01,RN-BCN-ES14,B,hogar_electronica,"Hogar, Electrónica y Electrodomésticos",59761.24
2025-07-01,RN-BCN-ES14,B,alimentacion_hosteleria,Alimentación y Hostelería,7116.54
2025-07-01,RN-BCN-GA01,B,moda_belleza,Moda y Belleza,2051170.38
2025-07-01,RN-BCN-GA01,B,hogar_electronica,"Hogar, Electrónica y Electrodomésticos",2496347.96
2025-07-01,RN-BCN-GA01,B,alimentacion_hosteleria,Alimentación y Hostelería,625835.94
2025-07-01,RN-BCN-GA02,B,moda_belleza,Moda y Belleza,2314775.99
2025-07-01,RN-BCN-GA02,B,hogar_electronica,"Hogar, Electrónica y Electrodomésticos",2817165.45
2025-07-01,RN-BCN-GA02,B,alimentacion_hosteleria,Alimentación y Hostelería,706265.08
2025-07-01,RN-BCN-HI01,B,moda_belleza,Moda y Belleza,73251.22
2025-07-01,RN-BCN-HI01,B,hogar_electronica,"Hogar, Electrónica y Electrodomésticos",188855.88
2025-07-01,RN-BCN-HI01,B,alimentacion_hosteleria,Alimentación y Hostelería,626492.8
2025-07-01,RN-BCN-HI02,B,moda_belleza,Moda y Belleza,109748.73
2025-07-01,RN-BCN-HI02,B,hogar_electronica,"Hogar, Electrónica y Electrodomésticos",282953.57
2025-07-01,RN-BCN-HI02,B,alimentacion_hosteleria,Alimentación y Hostelería,938643.63
2025-07-01,RN-BCN-HI03,B,moda_belleza,Moda y Belleza,74675.28
2025-07-01,RN-BCN-HI03,B,hogar_electronica,"Hogar, Electrónica y Electrodomésticos",192527.4
2025-07-01,RN-BCN-HI03,B,alimentacion_hosteleria,Alimentación y Hostelería,638672.35
2025-07-01,RN-BCN-HI04,B,moda_belleza,Moda y Belleza,90735.88
2025-07-01,RN-BCN-HI04,B,hogar_electronica,"Hogar, Electrónica y Electrodomésticos",233934.75
2025-07-01,RN-BCN-HI04,B,alimentacion_hosteleria,Alimentación y Hostelería,776033.21
2025-07-01,RN-BIO-CV01,E,moda_belleza,Moda y Belleza,13199.48
2025-07-01,RN-BIO-CV01,E,hogar_electronica,"Hogar, Electrónica y Electrodomésticos",35089.59
2025-07-01,RN-BIO-CV01,E,alimentacion_hosteleria,Alimentación y Hostelería,177287.69
2025-07-01,RN-BIO-CV02,E,moda_belleza,Moda y Belleza,12659.17
2025-07-01,RN-BIO-CV02,E,hogar_electronica,"Hogar, Electrónica y Electrodomésticos",33653.24
2025-07-01,RN-BIO-CV02,E,alimentacion_hosteleria,Alimentación y Hostelería,170030.62
2025-07-01,RN-BIO-CV03,E,moda_belleza,Moda y Belleza,11967.13
2025-07-01,RN-BIO-CV03,E,hogar_electronica,"Hogar, Electrónica y Electrodomésticos",31813.51
2025-07-01,RN-BIO-CV03,E,alimentacion_hosteleria,Alimentación y Hostelería,160735.55
2025-07-01,RN-BIO-CV04,E,moda_belleza,Moda y Belleza,13571.62
2025-07-01,RN-BIO-CV04,E,hogar_electronica,"Hogar, Electrónica y Electrodomésticos",36078.88
2025-07-01,RN-BIO-CV04,E,alimentacion_hosteleria,Alimentación y Hostelería,182286.05
2025-07-01,RN-BIO-ES01,E,moda_belleza,Moda y Belleza,263954.42
2025-07-01,RN-BIO-ES01,E,hogar_electronica,"Hogar, Electrónica y Electrodomésticos",53158.97
2025-07-01,RN-BIO-ES01,E,alimentacion_hosteleria,Alimentación y Hostelería,5687.62
2025-07-01,RN-BIO-ES02,E,moda_belleza,Moda y Belleza,236550.33
2025-07-01,RN-BIO-ES02,E,hogar_electronica,"Hogar, Electrónica y Electrodomésticos",47639.93
2025-07-01,RN-BIO-ES02,E,alimentacion_hosteleria,Alimentación y Hostelería,5097.12
2025-07-01,RN-BIO-ES03,E,moda_belleza,Moda y Belleza,365064.78
2025-07-01,RN-BIO-ES03,E,hogar_electronica,"Hogar, Electrónica y Electrodomésticos",73522.04
2025-07-01,RN-BIO-ES03,E,alimentacion_hosteleria,Alimentación y Hostelería,7866.32
2025-07-01,RN-BIO-ES04,E,moda_belleza,Moda y Belleza,300140.25
2025-07-01,RN-BIO-ES04,E,hogar_electronica,"Hogar, Electrónica y Electrodomésticos",60446.59
2025-07-01,RN-BIO-ES04,E,alimentacion_hosteleria,Alimentación y Hostelería,6467.34
2025-07-01,RN-BIO-ES05,E,moda_belleza,Moda y Belleza,287865.4
2025-07-01,RN-BIO-ES05,E,hogar_electronica,"Hogar, Electrónica y Electrodomésticos",57974.51
2025-07-01,RN-BIO-ES05,E,alimentacion_hosteleria,Alimentación y Hostelería,6202.85
2025-07-01,RN-BIO-ES06,E,moda_belleza,Moda y Belleza,351451.98
2025-07-01,RN-BIO-ES06,E,hogar_electronica,"Hogar, Electrónica y Electrodomésticos",70780.49
2025-07-01,RN-BIO-ES06,E,alimentacion_hosteleria,Alimentación y Hostelería,7572.99
2025-07-01,RN-BIO-ES07,E,moda_belleza,Moda y Belleza,287822.89
2025-07-01,RN-BIO-ES07,E,hogar_electronica,"Hogar, Electrónica y Electrodomésticos",57965.95
2025-07-01,RN-BIO-ES07,E,alimentacion_hosteleria,Alimentación y Hostelería,6201.93
2025-07-01,RN-BIO-GA01,E,moda_belleza,Moda y Belleza,1295455.76
2025-07-01,RN-BIO-GA01,E,hogar_electronica,"Hogar, Electrónica y Electrodomésticos",1896612.52
2025-07-01,RN-BIO-GA01,E,alimentacion_hosteleria,Alimentación y Hostelería,427207.54
2025-07-01,RN-BIO-HI01,E,moda_belleza,Moda y Belleza,78868.96
2025-07-01,RN-BIO-HI01,E,hogar_electronica,"Hogar, Electrónica y Electrodomésticos",244610.12
2025-07-01,RN-BIO-HI01,E,alimentacion_hosteleria,Alimentación y Hostelería,729062.72
2025-07-01,RN-BIO-HI02,E,moda_belleza,Moda y Belleza,62269.09
2025-07-01,RN-BIO-HI02,E,hogar_electronica,"Hogar, Electrónica y Electrodomésticos",193126.02
2025-07-01,RN-BIO-HI02,E,alimentacion_hosteleria,Alimentación y Hostelería,575613.91
2025-07-01,RN-MAD-CV01,A,moda_belleza,Moda y Belleza,12781.72
2025-07-01,RN-MAD-CV01,A,hogar_electronica,"Hogar, Electrónica y Electrodomésticos",25143.91
2025-07-01,RN-MAD-CV01,A,alimentacion_hosteleria,Alimentación y Hostelería,153169.27
2025-07-01,RN-MAD-CV02,A,moda_belleza,Moda y Belleza,13218.25
2025-07-01,RN-MAD-CV02,A,hogar_electronica,"Hogar, Electrónica y Electrodomésticos",26002.64
2025-07-01,RN-MAD-CV02,A,alimentacion_hosteleria,Alimentación y Hostelería,158400.38
2025-07-01,RN-MAD-CV03,A,moda_belleza,Moda y Belleza,12596.92
2025-07-01,RN-MAD-CV03,A,hogar_electronica,"Hogar, Electrónica y Electrodomésticos",24780.38
2025-07-01,RN-MAD-CV03,A,alimentacion_hosteleria,Alimentación y Hostelería,150954.74
2025-07-01,RN-MAD-CV04,A,moda_belleza,Moda y Belleza,14685.02
2025-07-01,RN-MAD-CV04,A,hogar_electronica,"Hogar, Electrónica y Electrodomésticos",28888.04
2025-07-01,RN-MAD-CV04,A,alimentacion_hosteleria,Alimentación y Hostelería,175977.41
2025-07-01,RN-MAD-CV05,A,moda_belleza,Moda y Belleza,10398.1
2025-07-01,RN-MAD-CV05,A,hogar_electronica,"Hogar, Electrónica y Electrodomésticos",20454.9
2025-07-01,RN-MAD-CV05,A,alimentacion_hosteleria,Alimentación y Hostelería,124605.21
2025-07-01,RN-MAD-CV06,A,moda_belleza,Moda y Belleza,12239.1
2025-07-01,RN-MAD-CV06,A,hogar_electronica,"Hogar, Electrónica y Electrodomésticos",24076.47
2025-07-01,RN-MAD-CV06,A,alimentacion_hosteleria,Alimentación y Hostelería,146666.74
2025-07-01,RN-MAD-CV07,A,moda_belleza,Moda y Belleza,12158.51
2025-07-01,RN-MAD-CV07,A,hogar_electronica,"Hogar, Electrónica y Electrodomésticos",23917.95
2025-07-01,RN-MAD-CV07,A,alimentacion_hosteleria,Alimentación y Hostelería,145701.07
2025-07-01,RN-MAD-CV08,A,moda_belleza,Moda y Belleza,14556.5
2025-07-01,RN-MAD-CV08,A,hogar_electronica,"Hogar, Electrónica y Electrodomésticos",28635.21
2025-07-01,RN-MAD-CV08,A,alimentacion_hosteleria,Alimentación y Hostelería,174437.24
2025-07-01,RN-MAD-CV09,A,moda_belleza,Moda y Belleza,14960.06
2025-07-01,RN-MAD-CV09,A,hogar_electronica,"Hogar, Electrónica y Electrodomésticos",29429.1
2025-07-01,RN-MAD-CV09,A,alimentacion_hosteleria,Alimentación y Hostelería,179273.36
2025-07-01,RN-MAD-CV10,A,moda_belleza,Moda y Belleza,13756.27
2025-07-01,RN-MAD-CV10,A,hogar_electronica,"Hogar, Electrónica y Electrodomésticos",27061.02
2025-07-01,RN-MAD-CV10,A,alimentacion_hosteleria,Alimentación y Hostelería,164847.72
2025-07-01,RN-MAD-ES01,A,moda_belleza,Moda y Belleza,353608.34
2025-07-01,RN-MAD-ES01,A,hogar_electronica,"Hogar, Electrónica y Electrodomésticos",52697.75
2025-07-01,RN-MAD-ES01,A,alimentacion_hosteleria,Alimentación y Hostelería,6798.05
2025-07-01,RN-MAD-ES02,A,moda_belleza,Moda y Belleza,250067.7
2025-07-01,RN-MAD-ES02,A,hogar_electronica,"Hogar, Electrónica y Electrodomésticos",37267.23
2025-07-01,RN-MAD-ES02,A,alimentacion_hosteleria,Alimentación y Hostelería,4807.5
2025-07-01,RN-MAD-ES03,A,moda_belleza,Moda y Belleza,314893.75
2025-07-01,RN-MAD-ES03,A,hogar_electronica,"Hogar, Electrónica y Electrodomésticos",46928.17
2025-07-01,RN-MAD-ES03,A,alimentacion_hosteleria,Alimentación y Hostelería,6053.77
2025-07-01,RN-MAD-ES04,A,moda_belleza,Moda y Belleza,289575.97
2025-07-01,RN-MAD-ES04,A,hogar_electronica,"Hogar, Electrónica y Electrodomésticos",43155.1
2025-07-01,RN-MAD-ES04,A,alimentacion_hosteleria,Alimentación y Hostelería,5567.04
2025-07-01,RN-MAD-ES05,A,moda_belleza,Moda y Belleza,269350.81
2025-07-01,RN-MAD-ES05,A,hogar_electronica,"Hogar, Electrónica y Electrodomésticos",40140.97
2025-07-01,RN-MAD-ES05,A,alimentacion_hosteleria,Alimentación y Hostelería,5178.22
2025-07-01,RN-MAD-ES06,A,moda_belleza,Moda y Belleza,299130.99
2025-07-01,RN-MAD-ES06,A,hogar_electronica,"Hogar, Electrónica y Electrodomésticos",44579.07
2025-07-01,RN-MAD-ES06,A,alimentacion_hosteleria,Alimentación y Hostelería,5750.73
2025-07-01,RN-MAD-ES07,A,moda_belleza,Moda y Belleza,326798.11
2025-07-01,RN-MAD-ES07,A,hogar_electronica,"Hogar, Electrónica y Electrodomésticos",48702.26
2025-07-01,RN-MAD-ES07,A,alimentacion_hosteleria,Alimentación y Hostelería,6282.63
2025-07-01,RN-MAD-ES08,A,moda_belleza,Moda y Belleza,320934.54
2025-07-01,RN-MAD-ES08,A,hogar_electronica,"Hogar, Electrónica y Electrodomésticos",47828.42
2025-07-01,RN-MAD-ES08,A,alimentacion_hosteleria,Alimentación y Hostelería,6169.9
2025-07-01,RN-MAD-ES09,A,moda_belleza,Moda y Belleza,304829.39
2025-07-01,RN-MAD-ES09,A,hogar_electronica,"Hogar, Electrónica y Electrodomésticos",45428.29
2025-07-01,RN-MAD-ES09,A,alimentacion_hosteleria,Alimentación y Hostelería,5860.29
2025-07-01,RN-MAD-ES10,A,moda_belleza,Moda y Belleza,302223.57
2025-07-01,RN-MAD-ES10,A,hogar_electronica,"Hogar, Electrónica y Electrodomésticos",45039.95
2025-07-01,RN-MAD-ES10,A,alimentacion_hosteleria,Alimentación y Hostelería,5810.19
2025-07-01,RN-MAD-ES11,A,moda_belleza,Moda y Belleza,262781.02
2025-07-01,RN-MAD-ES11,A,hogar_electronica,"Hogar, Electrónica y Electrodomésticos",39161.88
2025-07-01,RN-MAD-ES11,A,alimentacion_hosteleria,Alimentación y Hostelería,5051.91
2025-07-01,RN-MAD-ES12,A,moda_belleza,Moda y Belleza,319516.05
2025-07-01,RN-MAD-ES12,A,hogar_electronica,"Hogar, Electrónica y Electrodomésticos",47617.02
2025-07-01,RN-MAD-ES12,A,alimentacion_hosteleria,Alimentación y Hostelería,6142.63
2025-07-01,RN-MAD-ES13,A,moda_belleza,Moda y Belleza,316434.72
2025-07-01,RN-MAD-ES13,A,hogar_electronica,"Hogar, Electrónica y Electrodomésticos",47157.82
2025-07-01,RN-MAD-ES13,A,alimentacion_hosteleria,Alimentación y Hostelería,6083.4
2025-07-01,RN-MAD-ES14,A,moda_belleza,Moda y Belleza,256513.36
2025-07-01,RN-MAD-ES14,A,hogar_electronica,"Hogar, Electrónica y Electrodomésticos",38227.82
2025-07-01,RN-MAD-ES14,A,alimentacion_hosteleria,Alimentación y Hostelería,4931.42
2025-07-01,RN-MAD-ES15,A,moda_belleza,Moda y Belleza,286483.66
2025-07-01,RN-MAD-ES15,A,hogar_electronica,"Hogar, Electrónica y Electrodomésticos",42694.25
2025-07-01,RN-MAD-ES15,A,alimentacion_hosteleria,Alimentación y Hostelería,5507.59
2025-07-01,RN-MAD-ES16,A,moda_belleza,Moda y Belleza,295876.35
2025-07-01,RN-MAD-ES16,A,hogar_electronica,"Hogar, Electrónica y Electrodomésticos",44094.03
2025-07-01,RN-MAD-ES16,A,alimentacion_hosteleria,Alimentación y Hostelería,5688.17
2025-07-01,RN-MAD-ES17,A,moda_belleza,Moda y Belleza,302390.96
2025-07-01,RN-MAD-ES17,A,hogar_electronica,"Hogar, Electrónica y Electrodomésticos",45064.9
2025-07-01,RN-MAD-ES17,A,alimentacion_hosteleria,Alimentación y Hostelería,5813.41
2025-07-01,RN-MAD-ES18,A,moda_belleza,Moda y Belleza,336477.14
2025-07-01,RN-MAD-ES18,A,hogar_electronica,"Hogar, Electrónica y Electrodomésticos",50144.71
2025-07-01,RN-MAD-ES18,A,alimentacion_hosteleria,Alimentación y Hostelería,6468.71
2025-07-01,RN-MAD-ES19,A,moda_belleza,Moda y Belleza,313647.13
2025-07-01,RN-MAD-ES19,A,hogar_electronica,"Hogar, Electrónica y Electrodomésticos",46742.39
2025-07-01,RN-MAD-ES19,A,alimentacion_hosteleria,Alimentación y Hostelería,6029.8
2025-07-01,RN-MAD-ES20,A,moda_belleza,Moda y Belleza,306031.61
2025-07-01,RN-MAD-ES20,A,hogar_electronica,"Hogar, Electrónica y Electrodomésticos",45607.46
2025-07-01,RN-MAD-ES20,A,alimentacion_hosteleria,Alimentación y Hostelería,5883.4
2025-07-01,RN-MAD-GA01,A,moda_belleza,Moda y Belleza,2685054.81
2025-07-01,RN-MAD-GA01,A,hogar_electronica,"Hogar, Electrónica y Electrodomésticos",2908915.84
2025-07-01,RN-MAD-GA01,A,alimentacion_hosteleria,Alimentación y Hostelería,790005.16
2025-07-01,RN-MAD-GA02,A,moda_belleza,Moda y Belleza,1792845.59
2025-07-01,RN-MAD-GA02,A,hogar_electronica,"Hogar, Electrónica y Electrodomésticos",1942320.47
2025-07-01,RN-MAD-GA02,A,alimentacion_hosteleria,Alimentación y Hostelería,527496.6
2025-07-01,RN-MAD-GA03,A,moda_belleza,Moda y Belleza,2119387.03
2025-07-01,RN-MAD-GA03,A,hogar_electronica,"Hogar, Electrónica y Electrodomésticos",2296086.64
2025-07-01,RN-MAD-GA03,A,alimentacion_hosteleria,Alimentación y Hostelería,623572.63
2025-07-01,RN-MAD-HI01,A,moda_belleza,Moda y Belleza,86422.78
2025-07-01,RN-MAD-HI01,A,hogar_electronica,"Hogar, Electrónica y Electrodomésticos",198343.74
2025-07-01,RN-MAD-HI01,A,alimentacion_hosteleria,Alimentación y Hostelería,712766.78
2025-07-01,RN-MAD-HI02,A,moda_belleza,Moda y Belleza,78287.47
2025-07-01,RN-MAD-HI02,A,hogar_electronica,"Hogar, Electrónica y Electrodomésticos",179672.88
2025-07-01,RN-MAD-HI02,A,alimentacion_hosteleria,Alimentación y Hostelería,645671.31
2025-07-01,RN-MAD-HI03,A,moda_belleza,Moda y Belleza,88460.38
2025-07-01,RN-MAD-HI03,A,hogar_electronica,"Hogar, Electrónica y Electrodomésticos",203020.11
2025-07-01,RN-MAD-HI03,A,alimentacion_hosteleria,Alimentación y Hostelería,729571.77
2025-07-01,RN-MAD-HI04,A,moda_belleza,Moda y Belleza,95416.9
2025-07-01,RN-MAD-HI04,A,hogar_electronica,"Hogar, Electrónica y Electrodomésticos",218985.61
2025-07-01,RN-MAD-HI04,A,alimentacion_hosteleria,Alimentación y Hostelería,786945.28
2025-07-01,RN-MAD-HI05,A,moda_belleza,Moda y Belleza,90514.41
2025-07-01,RN-MAD-HI05,A,hogar_electronica,"Hogar, Electrónica y Electrodomésticos",207734.2
2025-07-01,RN-MAD-HI05,A,alimentacion_hosteleria,Alimentación y Hostelería,746512.3
2025-07-01,RN-SEV-CV01,D,moda_belleza,Moda y Belleza,13536.91
2025-07-01,RN-SEV-CV01,D,hogar_electronica,"Hogar, Electrónica y Electrodomésticos",39637.23
2025-07-01,RN-SEV-CV01,D,alimentacion_hosteleria,Alimentación y Hostelería,131096.07
2025-07-01,RN-SEV-CV02,D,moda_belleza,Moda y Belleza,16078.53
2025-07-01,RN-SEV-CV02,D,hogar_electronica,"Hogar, Electrónica y Electrodomésticos",47079.32
2025-07-01,RN-SEV-CV02,D,alimentacion_hosteleria,Alimentación y Hostelería,155710.02
2025-07-01,RN-SEV-CV03,D,moda_belleza,Moda y Belleza,13132.25
2025-07-01,RN-SEV-CV03,D,hogar_electronica,"Hogar, Electrónica y Electrodomésticos",38452.34
2025-07-01,RN-SEV-CV03,D,alimentacion_hosteleria,Alimentación y Hostelería,127177.17
2025-07-01,RN-SEV-CV04,D,moda_belleza,Moda y Belleza,12471.1
2025-07-01,RN-SEV-CV04,D,hogar_electronica,"Hogar, Electrónica y Electrodomésticos",36516.43
2025-07-01,RN-SEV-CV04,D,alimentacion_hosteleria,Alimentación y Hostelería,120774.35
2025-07-01,RN-SEV-CV05,D,moda_belleza,Moda y Belleza,12024.5
2025-07-01,RN-SEV-CV05,D,hogar_electronica,"Hogar, Electrónica y Electrodomésticos",35208.75
2025-07-01,RN-SEV-CV05,D,alimentacion_hosteleria,Alimentación y Hostelería,116449.33
2025-07-01,RN-SEV-CV06,D,moda_belleza,Moda y Belleza,13664.96
2025-07-01,RN-SEV-CV06,D,hogar_electronica,"Hogar, Electrónica y Electrodomésticos",40012.16
2025-07-01,RN-SEV-CV06,D,alimentacion_hosteleria,Alimentación y Hostelería,132336.11
2025-07-01,RN-SEV-CV07,D,moda_belleza,Moda y Belleza,12883.6
2025-07-01,RN-SEV-CV07,D,hogar_electronica,"Hogar, Electrónica y Electrodomésticos",37724.27
2025-07-01,RN-SEV-CV07,D,alimentacion_hosteleria,Alimentación y Hostelería,124769.18
2025-07-01,RN-SEV-CV08,D,moda_belleza,Moda y Belleza,15181.58
2025-07-01,RN-SEV-CV08,D,hogar_electronica,"Hogar, Electrónica y Electrodomésticos",44452.95
2025-07-01,RN-SEV-CV08,D,alimentacion_hosteleria,Alimentación y Hostelería,147023.58
2025-07-01,RN-SEV-CV09,D,moda_belleza,Moda y Belleza,14566.97
2025-07-01,RN-SEV-CV09,D,hogar_electronica,"Hogar, Electrónica y Electrodomésticos",42653.32
2025-07-01,RN-SEV-CV09,D,alimentacion_hosteleria,Alimentación y Hostelería,141071.51
2025-07-01,RN-SEV-CV10,D,moda_belleza,Moda y Belleza,14230.4
2025-07-01,RN-SEV-CV10,D,hogar_electronica,"Hogar, Electrónica y Electrodomésticos",41667.83
2025-07-01,RN-SEV-CV10,D,alimentacion_hosteleria,Alimentación y Hostelería,137812.09
2025-07-01,RN-SEV-ES01,D,moda_belleza,Moda y Belleza,291347.63
2025-07-01,RN-SEV-ES01,D,hogar_electronica,"Hogar, Electrónica y Electrodomésticos",64628.08
2025-07-01,RN-SEV-ES01,D,alimentacion_hosteleria,Alimentación y Hostelería,4526.49
2025-07-01,RN-SEV-ES02,D,moda_belleza,Moda y Belleza,253078.19
2025-07-01,RN-SEV-ES02,D,hogar_electronica,"Hogar, Electrónica y Electrodomésticos",56138.97
2025-07-01,RN-SEV-ES02,D,alimentacion_hosteleria,Alimentación y Hostelería,3931.92
2025-07-01,RN-SEV-ES03,D,moda_belleza,Moda y Belleza,273923.07
2025-07-01,RN-SEV-ES03,D,hogar_electronica,"Hogar, Electrónica y Electrodomésticos",60762.88
2025-07-01,RN-SEV-ES03,D,alimentacion_hosteleria,Alimentación y Hostelería,4255.77
2025-07-01,RN-SEV-ES04,D,moda_belleza,Moda y Belleza,222590.39
2025-07-01,RN-SEV-ES04,D,hogar_electronica,"Hogar, Electrónica y Electrodomésticos",49376.03
2025-07-01,RN-SEV-ES04,D,alimentacion_hosteleria,Alimentación y Hostelería,3458.25
2025-07-01,RN-SEV-ES05,D,moda_belleza,Moda y Belleza,211342.17
2025-07-01,RN-SEV-ES05,D,hogar_electronica,"Hogar, Electrónica y Electrodomésticos",46880.9
2025-07-01,RN-SEV-ES05,D,alimentacion_hosteleria,Alimentación y Hostelería,3283.49
2025-07-01,RN-SEV-ES06,D,moda_belleza,Moda y Belleza,290634.8
2025-07-01,RN-SEV-ES06,D,hogar_electronica,"Hogar, Electrónica y Electrodomésticos",64469.96
2025-07-01,RN-SEV-ES06,D,alimentacion_hosteleria,Alimentación y Hostelería,4515.41
2025-07-01,RN-SEV-ES07,D,moda_belleza,Moda y Belleza,292512.29
2025-07-01,RN-SEV-ES07,D,hogar_electronica,"Hogar, Electrónica y Electrodomésticos",64886.43
2025-07-01,RN-SEV-ES07,D,alimentacion_hosteleria,Alimentación y Hostelería,4544.58
2025-07-01,RN-SEV-ES08,D,moda_belleza,Moda y Belleza,278749.18
2025-07-01,RN-SEV-ES08,D,hogar_electronica,"Hogar, Electrónica y Electrodomésticos",61833.43
2025-07-01,RN-SEV-ES08,D,alimentacion_hosteleria,Alimentación y Hostelería,4330.75
2025-07-01,RN-SEV-ES09,D,moda_belleza,Moda y Belleza,258248.78
2025-07-01,RN-SEV-ES09,D,hogar_electronica,"Hogar, Electrónica y Electrodomésticos",57285.94
2025-07-01,RN-SEV-ES09,D,alimentacion_hosteleria,Alimentación y Hostelería,4012.25
2025-07-01,RN-SEV-ES10,D,moda_belleza,Moda y Belleza,259137.2
2025-07-01,RN-SEV-ES10,D,hogar_electronica,"Hogar, Electrónica y Electrodomésticos",57483.01
2025-07-01,RN-SEV-ES10,D,alimentacion_hosteleria,Alimentación y Hostelería,4026.05
2025-07-01,RN-SEV-ES11,D,moda_belleza,Moda y Belleza,265559.07
2025-07-01,RN-SEV-ES11,D,hogar_electronica,"Hogar, Electrónica y Electrodomésticos",58907.54
2025-07-01,RN-SEV-ES11,D,alimentacion_hosteleria,Alimentación y Hostelería,4125.83
2025-07-01,RN-SEV-ES12,D,moda_belleza,Moda y Belleza,236407.87
2025-07-01,RN-SEV-ES12,D,hogar_electronica,"Hogar, Electrónica y Electrodomésticos",52441.09
2025-07-01,RN-SEV-ES12,D,alimentacion_hosteleria,Alimentación y Hostelería,3672.92
2025-07-01,RN-SEV-GA01,D,moda_belleza,Moda y Belleza,1007867.98
2025-07-01,RN-SEV-GA01,D,hogar_electronica,"Hogar, Electrónica y Electrodomésticos",1625256.24
2025-07-01,RN-SEV-GA01,D,alimentacion_hosteleria,Alimentación y Hostelería,239644.92
2025-07-01,RN-SEV-HI01,D,moda_belleza,Moda y Belleza,67990.84
2025-07-01,RN-SEV-HI01,D,hogar_electronica,"Hogar, Electrónica y Electrodomésticos",232263.47
2025-07-01,RN-SEV-HI01,D,alimentacion_hosteleria,Alimentación y Hostelería,453166.16
2025-07-01,RN-SEV-HI02,D,moda_belleza,Moda y Belleza,75846.34
2025-07-01,RN-SEV-HI02,D,hogar_electronica,"Hogar, Electrónica y Electrodomésticos",259098.62
2025-07-01,RN-SEV-HI02,D,alimentacion_hosteleria,Alimentación y Hostelería,505523.86
2025-07-01,RN-SEV-HI03,D,moda_belleza,Moda y Belleza,66114.2
2025-07-01,RN-SEV-HI03,D,hogar_electronica,"Hogar, Electrónica y Electrodomésticos",225852.65
2025-07-01,RN-SEV-HI03,D,alimentacion_hosteleria,Alimentación y Hostelería,440658.1
2025-07-01,RN-SEV-HI04,D,moda_belleza,Moda y Belleza,86440.27
2025-07-01,RN-SEV-HI04,D,hogar_electronica,"Hogar, Electrónica y Electrodomésticos",295288.55
2025-07-01,RN-SEV-HI04,D,alimentacion_hosteleria,Alimentación y Hostelería,576133.55
2025-07-01,RN-VLC-CV01,C,moda_belleza,Moda y Belleza,9399.2
2025-07-01,RN-VLC-CV01,C,hogar_electronica,"Hogar, Electrónica y Electrodomésticos",19732.01
2025-07-01,RN-VLC-CV01,C,alimentacion_hosteleria,Alimentación y Hostelería,178238.42
2025-07-01,RN-VLC-CV02,C,moda_belleza,Moda y Belleza,10319.11
2025-07-01,RN-VLC-CV02,C,hogar_electronica,"Hogar, Electrónica y Electrodomésticos",21663.2
2025-07-01,RN-VLC-CV02,C,alimentacion_hosteleria,Alimentación y Hostelería,195682.87
2025-07-01,RN-VLC-CV03,C,moda_belleza,Moda y Belleza,11104.45
2025-07-01,RN-VLC-CV03,C,hogar_electronica,"Hogar, Electrónica y Electrodomésticos",23311.89
2025-07-01,RN-VLC-CV03,C,alimentacion_hosteleria,Alimentación y Hostelería,210575.35
2025-07-01,RN-VLC-CV04,C,moda_belleza,Moda y Belleza,9079.19
2025-07-01,RN-VLC-CV04,C,hogar_electronica,"Hogar, Electrónica y Electrodomésticos",19060.2
2025-07-01,RN-VLC-CV04,C,alimentacion_hosteleria,Alimentación y Hostelería,172170.01
2025-07-01,RN-VLC-CV05,C,moda_belleza,Moda y Belleza,7708.31
2025-07-01,RN-VLC-CV05,C,hogar_electronica,"Hogar, Electrónica y Electrodomésticos",16182.28
2025-07-01,RN-VLC-CV05,C,alimentacion_hosteleria,Alimentación y Hostelería,146173.91
2025-07-01,RN-VLC-CV06,C,moda_belleza,Moda y Belleza,10797.84
2025-07-01,RN-VLC-CV06,C,hogar_electronica,"Hogar, Electrónica y Electrodomésticos",22668.21
2025-07-01,RN-VLC-CV06,C,alimentacion_hosteleria,Alimentación y Hostelería,204761.02
2025-07-01,RN-VLC-CV07,C,moda_belleza,Moda y Belleza,9202.91
2025-07-01,RN-VLC-CV07,C,hogar_electronica,"Hogar, Electrónica y Electrodomésticos",19319.94
2025-07-01,RN-VLC-CV07,C,alimentacion_hosteleria,Alimentación y Hostelería,174516.23
2025-07-01,RN-VLC-CV08,C,moda_belleza,Moda y Belleza,8069.91
2025-07-01,RN-VLC-CV08,C,hogar_electronica,"Hogar, Electrónica y Electrodomésticos",16941.4
2025-07-01,RN-VLC-CV08,C,alimentacion_hosteleria,Alimentación y Hostelería,153030.97
2025-07-01,RN-VLC-CV09,C,moda_belleza,Moda y Belleza,8651.65
2025-07-01,RN-VLC-CV09,C,hogar_electronica,"Hogar, Electrónica y Electrodomésticos",18162.66
2025-07-01,RN-VLC-CV09,C,alimentacion_hosteleria,Alimentación y Hostelería,164062.59
2025-07-01,RN-VLC-ES01,C,moda_belleza,Moda y Belleza,309002.08
2025-07-01,RN-VLC-ES01,C,hogar_electronica,"Hogar, Electrónica y Electrodomésticos",49143.71
2025-07-01,RN-VLC-ES01,C,alimentacion_hosteleria,Alimentación y Hostelería,9400.51
2025-07-01,RN-VLC-ES02,C,moda_belleza,Moda y Belleza,235366.68
2025-07-01,RN-VLC-ES02,C,hogar_electronica,"Hogar, Electrónica y Electrodomésticos",37432.73
2025-07-01,RN-VLC-ES02,C,alimentacion_hosteleria,Alimentación y Hostelería,7160.37
2025-07-01,RN-VLC-ES03,C,moda_belleza,Moda y Belleza,262340.1
2025-07-01,RN-VLC-ES03,C,hogar_electronica,"Hogar, Electrónica y Electrodomésticos",41722.58
2025-07-01,RN-VLC-ES03,C,alimentacion_hosteleria,Alimentación y Hostelería,7980.96
2025-07-01,RN-VLC-ES04,C,moda_belleza,Moda y Belleza,287136.0
2025-07-01,RN-VLC-ES04,C,hogar_electronica,"Hogar, Electrónica y Electrodomésticos",45666.13
2025-07-01,RN-VLC-ES04,C,alimentacion_hosteleria,Alimentación y Hostelería,8735.3
2025-07-01,RN-VLC-ES05,C,moda_belleza,Moda y Belleza,286219.75
2025-07-01,RN-VLC-ES05,C,hogar_electronica,"Hogar, Electrónica y Electrodomésticos",45520.4
2025-07-01,RN-VLC-ES05,C,alimentacion_hosteleria,Alimentación y Hostelería,8707.43
2025-07-01,RN-VLC-ES06,C,moda_belleza,Moda y Belleza,222895.27
2025-07-01,RN-VLC-ES06,C,hogar_electronica,"Hogar, Electrónica y Electrodomésticos",35449.28
2025-07-01,RN-VLC-ES06,C,alimentacion_hosteleria,Alimentación y Hostelería,6780.96
2025-07-01,RN-VLC-ES07,C,moda_belleza,Moda y Belleza,272458.35
2025-07-01,RN-VLC-ES07,C,hogar_electronica,"Hogar, Electrónica y Electrodomésticos",43331.79
2025-07-01,RN-VLC-ES07,C,alimentacion_hosteleria,Alimentación y Hostelería,8288.77
2025-07-01,RN-VLC-ES08,C,moda_belleza,Moda y Belleza,320489.29
2025-07-01,RN-VLC-ES08,C,hogar_electronica,"Hogar, Electrónica y Electrodomésticos",50970.63
2025-07-01,RN-VLC-ES08,C,alimentacion_hosteleria,Alimentación y Hostelería,9749.98
2025-07-01,RN-VLC-ES09,C,moda_belleza,Moda y Belleza,281858.76
2025-07-01,RN-VLC-ES09,C,hogar_electronica,"Hogar, Electrónica y Electrodomésticos",44826.83
2025-07-01,RN-VLC-ES09,C,alimentacion_hosteleria,Alimentación y Hostelería,8574.76
2025-07-01,RN-VLC-ES10,C,moda_belleza,Moda y Belleza,248493.54
2025-07-01,RN-VLC-ES10,C,hogar_electronica,"Hogar, Electrónica y Electrodomésticos",39520.43
2025-07-01,RN-VLC-ES10,C,alimentacion_hosteleria,Alimentación y Hostelería,7559.71
2025-07-01,RN-VLC-GA01,C,moda_belleza,Moda y Belleza,1774410.42
2025-07-01,RN-VLC-GA01,C,hogar_electronica,"Hogar, Electrónica y Electrodomésticos",2051488.23
2025-07-01,RN-VLC-GA01,C,alimentacion_hosteleria,Alimentación y Hostelería,826150.37
2025-07-01,RN-VLC-HI01,C,moda_belleza,Moda y Belleza,67306.59
2025-07-01,RN-VLC-HI01,C,hogar_electronica,"Hogar, Electrónica y Electrodomésticos",164848.44
2025-07-01,RN-VLC-HI01,C,alimentacion_hosteleria,Alimentación y Hostelería,878425.84
2025-07-01,RN-VLC-HI02,C,moda_belleza,Moda y Belleza,70137.12
2025-07-01,RN-VLC-HI02,C,hogar_electronica,"Hogar, Electrónica y Electrodomésticos",171781.01
2025-07-01,RN-VLC-HI02,C,alimentacion_hosteleria,Alimentación y Hostelería,915367.31
2025-07-01,RN-VLC-HI03,C,moda_belleza,Moda y Belleza,75400.84
2025-07-01,RN-VLC-HI03,C,hogar_electronica,"Hogar, Electrónica y Electrodomésticos",184673.02
2025-07-01,RN-VLC-HI03,C,alimentacion_hosteleria,Alimentación y Hostelería,984064.79
2025-07-01,RN-VLC-HI04,C,moda_belleza,Moda y Belleza,63855.4
2025-07-01,RN-VLC-HI04,C,hogar_electronica,"Hogar, Electrónica y Electrodomésticos",156395.73
2025-07-01,RN-VLC-HI04,C,alimentacion_hosteleria,Alimentación y Hostelería,833383.96
2025-07-01,RN-VLC-HI05,C,moda_belleza,Moda y Belleza,71807.15
2025-07-01,RN-VLC-HI05,C,hogar_electronica,"Hogar, Electrónica y Electrodomésticos",175871.28
2025-07-01,RN-VLC-HI05,C,alimentacion_hosteleria,Alimentación y Hostelería,937163.07
2025-07-01,RN-VLC-HI06,C,moda_belleza,Moda y Belleza,67826.55
2025-07-01,RN-VLC-HI06,C,hogar_electronica,"Hogar, Electrónica y Electrodomésticos",166121.93
2025-07-01,RN-VLC-HI06,C,alimentacion_hosteleria,Alimentación y Hostelería,885211.83
2025-07-01,RN-VLC-HI07,C,moda_belleza,Moda y Belleza,55356.44
2025-07-01,RN-VLC-HI07,C,hogar_electronica,"Hogar, Electrónica y Electrodomésticos",135579.93
2025-07-01,RN-VLC-HI07,C,alimentacion_hosteleria,Alimentación y Hostelería,722463.05
2025-08-01,RN-BCN-CV01,B,moda_belleza,Moda y Belleza,11158.18
2025-08-01,RN-BCN-CV01,B,hogar_electronica,"Hogar, Electrónica y Electrodomésticos",24658.24
2025-08-01,RN-BCN-CV01,B,alimentacion_hosteleria,Alimentación y Hostelería,138662.01
2025-08-01,RN-BCN-CV02,B,moda_belleza,Moda y Belleza,12494.89
2025-08-01,RN-BCN-CV02,B,hogar_electronica,"Hogar, Electrónica y Electrodomésticos",27612.22
2025-08-01,RN-BCN-CV02,B,alimentacion_hosteleria,Alimentación y Hostelería,155273.26
2025-08-01,RN-BCN-CV03,B,moda_belleza,Moda y Belleza,13557.72
2025-08-01,RN-BCN-CV03,B,hogar_electronica,"Hogar, Electrónica y Electrodomésticos",29960.96
2025-08-01,RN-BCN-CV03,B,alimentacion_hosteleria,Alimentación y Hostelería,168481.07
2025-08-01,RN-BCN-CV04,B,moda_belleza,Moda y Belleza,10052.41
2025-08-01,RN-BCN-CV04,B,hogar_electronica,"Hogar, Electrónica y Electrodomésticos",22214.62
2025-08-01,RN-BCN-CV04,B,alimentacion_hosteleria,Alimentación y Hostelería,124920.69
2025-08-01,RN-BCN-CV05,B,moda_belleza,Moda y Belleza,10899.65
2025-08-01,RN-BCN-CV05,B,hogar_electronica,"Hogar, Electrónica y Electrodomésticos",24086.93
2025-08-01,RN-BCN-CV05,B,alimentacion_hosteleria,Alimentación y Hostelería,135449.35
2025-08-01,RN-BCN-CV06,B,moda_belleza,Moda y Belleza,10941.78
2025-08-01,RN-BCN-CV06,B,hogar_electronica,"Hogar, Electrónica y Electrodomésticos",24180.03
2025-08-01,RN-BCN-CV06,B,alimentacion_hosteleria,Alimentación y Hostelería,135972.85
2025-08-01,RN-BCN-CV07,B,moda_belleza,Moda y Belleza,11504.55
2025-08-01,RN-BCN-CV07,B,hogar_electronica,"Hogar, Electrónica y Electrodomésticos",25423.69
2025-08-01,RN-BCN-CV07,B,alimentacion_hosteleria,Alimentación y Hostelería,142966.42
2025-08-01,RN-BCN-CV08,B,moda_belleza,Moda y Belleza,11130.77
2025-08-01,RN-BCN-CV08,B,hogar_electronica,"Hogar, Electrónica y Electrodomésticos",24597.67
2025-08-01,RN-BCN-CV08,B,alimentacion_hosteleria,Alimentación y Hostelería,138321.41
2025-08-01,RN-BCN-ES01,B,moda_belleza,Moda y Belleza,192847.11
2025-08-01,RN-BCN-ES01,B,hogar_electronica,"Hogar, Electrónica y Electrodomésticos",32285.54
2025-08-01,RN-BCN-ES01,B,alimentacion_hosteleria,Alimentación y Hostelería,3844.65
2025-08-01,RN-BCN-ES02,B,moda_belleza,Moda y Belleza,218165.1
2025-08-01,RN-BCN-ES02,B,hogar_electronica,"Hogar, Electrónica y Electrodomésticos",36524.16
2025-08-01,RN-BCN-ES02,B,alimentacion_hosteleria,Alimentación y Hostelería,4349.4
2025-08-01,RN-BCN-ES03,B,moda_belleza,Moda y Belleza,230436.08
2025-08-01,RN-BCN-ES03,B,hogar_electronica,"Hogar, Electrónica y Electrodomésticos",38578.51
2025-08-01,RN-BCN-ES03,B,alimentacion_hosteleria,Alimentación y Hostelería,4594.04
2025-08-01,RN-BCN-ES04,B,moda_belleza,Moda y Belleza,218962.94
2025-08-01,RN-BCN-ES04,B,hogar_electronica,"Hogar, Electrónica y Electrodomésticos",36657.73
2025-08-01,RN-BCN-ES04,B,alimentacion_hosteleria,Alimentación y Hostelería,4365.3
2025-08-01,RN-BCN-ES05,B,moda_belleza,Moda y Belleza,235096.96
2025-08-01,RN-BCN-ES05,B,hogar_electronica,"Hogar, Electrónica y Electrodomésticos",39358.81
2025-08-01,RN-BCN-ES05,B,alimentacion_hosteleria,Alimentación y Hostelería,4686.96
2025-08-01,RN-BCN-ES06,B,moda_belleza,Moda y Belleza,218831.56
2025-08-01,RN-BCN-ES06,B,hogar_electronica,"Hogar, Electrónica y Electrodomésticos",36635.73
2025-08-01,RN-BCN-ES06,B,alimentacion_hosteleria,Alimentación y Hostelería,4362.69
2025-08-01,RN-BCN-ES07,B,moda_belleza,Moda y Belleza,218885.36
2025-08-01,RN-BCN-ES07,B,hogar_electronica,"Hogar, Electrónica y Electrodomésticos",36644.74
2025-08-01,RN-BCN-ES07,B,alimentacion_hosteleria,Alimentación y Hostelería,4363.76
2025-08-01,RN-BCN-ES08,B,moda_belleza,Moda y Belleza,172540.31
2025-08-01,RN-BCN-ES08,B,hogar_electronica,"Hogar, Electrónica y Electrodomésticos",28885.88
2025-08-01,RN-BCN-ES08,B,alimentacion_hosteleria,Alimentación y Hostelería,3439.81
2025-08-01,RN-BCN-ES09,B,moda_belleza,Moda y Belleza,228862.89
2025-08-01,RN-BCN-ES09,B,hogar_electronica,"Hogar, Electrónica y Electrodomésticos",38315.13
2025-08-01,RN-BCN-ES09,B,alimentacion_hosteleria,Alimentación y Hostelería,4562.67
2025-08-01,RN-BCN-ES10,B,moda_belleza,Moda y Belleza,209036.1
2025-08-01,RN-BCN-ES10,B,hogar_electronica,"Hogar, Electrónica y Electrodomésticos",34995.82
2025-08-01,RN-BCN-ES10,B,alimentacion_hosteleria,Alimentación y Hostelería,4167.4
2025-08-01,RN-BCN-ES11,B,moda_belleza,Moda y Belleza,208747.73
2025-08-01,RN-BCN-ES11,B,hogar_electronica,"Hogar, Electrónica y Electrodomésticos",34947.55
2025-08-01,RN-BCN-ES11,B,alimentacion_hosteleria,Alimentación y Hostelería,4161.65
2025-08-01,RN-BCN-ES12,B,moda_belleza,Moda y Belleza,190787.62
2025-08-01,RN-BCN-ES12,B,hogar_electronica,"Hogar, Electrónica y Electrodomésticos",31940.75
2025-08-01,RN-BCN-ES12,B,alimentacion_hosteleria,Alimentación y Hostelería,3803.59
2025-08-01,RN-BCN-ES13,B,moda_belleza,Moda y Belleza,231185.7
2025-08-01,RN-BCN-ES13,B,hogar_electronica,"Hogar, Electrónica y Electrodomésticos",38704.01
2025-08-01,RN-BCN-ES13,B,alimentacion_hosteleria,Alimentación y Hostelería,4608.98
2025-08-01,RN-BCN-ES14,B,moda_belleza,Moda y Belleza,240755.83
2025-08-01,RN-BCN-ES14,B,hogar_electronica,"Hogar, Electrónica y Electrodomésticos",40306.19
2025-08-01,RN-BCN-ES14,B,alimentacion_hosteleria,Alimentación y Hostelería,4799.77
2025-08-01,RN-BCN-GA01,B,moda_belleza,Moda y Belleza,1610372.8
2025-08-01,RN-BCN-GA01,B,hogar_electronica,"Hogar, Electrónica y Electrodomésticos",1959881.49
2025-08-01,RN-BCN-GA01,B,alimentacion_hosteleria,Alimentación y Hostelería,491343.48
2025-08-01,RN-BCN-GA02,B,moda_belleza,Moda y Belleza,1776167.78
2025-08-01,RN-BCN-GA02,B,hogar_electronica,"Hogar, Electrónica y Electrodomésticos",2161659.93
2025-08-01,RN-BCN-GA02,B,alimentacion_hosteleria,Alimentación y Hostelería,541929.45
2025-08-01,RN-BCN-HI01,B,moda_belleza,Moda y Belleza,61797.03
2025-08-01,RN-BCN-HI01,B,hogar_electronica,"Hogar, Electrónica y Electrodomésticos",159324.75
2025-08-01,RN-BCN-HI01,B,alimentacion_hosteleria,Alimentación y Hostelería,528529.0
2025-08-01,RN-BCN-HI02,B,moda_belleza,Moda y Belleza,90797.29
2025-08-01,RN-BCN-HI02,B,hogar_electronica,"Hogar, Electrónica y Electrodomésticos",234093.07
2025-08-01,RN-BCN-HI02,B,alimentacion_hosteleria,Alimentación y Hostelería,776558.39
2025-08-01,RN-BCN-HI03,B,moda_belleza,Moda y Belleza,61899.88
2025-08-01,RN-BCN-HI03,B,hogar_electronica,"Hogar, Electrónica y Electrodomésticos",159589.94
2025-08-01,RN-BCN-HI03,B,alimentacion_hosteleria,Alimentación y Hostelería,529408.7
2025-08-01,RN-BCN-HI04,B,moda_belleza,Moda y Belleza,75774.96
2025-08-01,RN-BCN-HI04,B,hogar_electronica,"Hogar, Electrónica y Electrodomésticos",195362.58
2025-08-01,RN-BCN-HI04,B,alimentacion_hosteleria,Alimentación y Hostelería,648077.5
2025-08-01,RN-BIO-CV01,E,moda_belleza,Moda y Belleza,11330.26
2025-08-01,RN-BIO-CV01,E,hogar_electronica,"Hogar, Electrónica y Electrodomésticos",30120.44
2025-08-01,RN-BIO-CV01,E,alimentacion_hosteleria,Alimentación y Hostelería,152181.45
2025-08-01,RN-BIO-CV02,E,moda_belleza,Moda y Belleza,10725.31
2025-08-01,RN-BIO-CV02,E,hogar_electronica,"Hogar, Electrónica y Electrodomésticos",28512.24
2025-08-01,RN-BIO-CV02,E,alimentacion_hosteleria,Alimentación y Hostelería,144056.13
2025-08-01,RN-BIO-CV03,E,moda_belleza,Moda y Belleza,9998.7
2025-08-01,RN-BIO-CV03,E,hogar_electronica,"Hogar, Electrónica y Electrodomésticos",26580.61
2025-08-01,RN-BIO-CV03,E,alimentacion_hosteleria,Alimentación y Hostelería,134296.66
2025-08-01,RN-BIO-CV04,E,moda_belleza,Moda y Belleza,11547.75
2025-08-01,RN-BIO-CV04,E,hogar_electronica,"Hogar, Electrónica y Electrodomésticos",30698.62
2025-08-01,RN-BIO-CV04,E,alimentacion_hosteleria,Alimentación y Hostelería,155102.63
2025-08-01,RN-BIO-ES01,E,moda_belleza,Moda y Belleza,185953.03
2025-08-01,RN-BIO-ES01,E,hogar_electronica,"Hogar, Electrónica y Electrodomésticos",37449.92
2025-08-01,RN-BIO-ES01,E,alimentacion_hosteleria,Alimentación y Hostelería,4006.87
2025-08-01,RN-BIO-ES02,E,moda_belleza,Moda y Belleza,167076.01
2025-08-01,RN-BIO-ES02,E,hogar_electronica,"Hogar, Electrónica y Electrodomésticos",33648.19
2025-08-01,RN-BIO-ES02,E,alimentacion_hosteleria,Alimentación y Hostelería,3600.11
2025-08-01,RN-BIO-ES03,E,moda_belleza,Moda y Belleza,251494.27
2025-08-01,RN-BIO-ES03,E,hogar_electronica,"Hogar, Electrónica y Electrodomésticos",50649.56
2025-08-01,RN-BIO-ES03,E,alimentacion_hosteleria,Alimentación y Hostelería,5419.13
2025-08-01,RN-BIO-ES04,E,moda_belleza,Moda y Belleza,216766.26
2025-08-01,RN-BIO-ES04,E,hogar_electronica,"Hogar, Electrónica y Electrodomésticos",43655.53
2025-08-01,RN-BIO-ES04,E,alimentacion_hosteleria,Alimentación y Hostelería,4670.82
2025-08-01,RN-BIO-ES05,E,moda_belleza,Moda y Belleza,206351.92
2025-08-01,RN-BIO-ES05,E,hogar_electronica,"Hogar, Electrónica y Electrodomésticos",41558.14
2025-08-01,RN-BIO-ES05,E,alimentacion_hosteleria,Alimentación y Hostelería,4446.42
2025-08-01,RN-BIO-ES06,E,moda_belleza,Moda y Belleza,246888.28
2025-08-01,RN-BIO-ES06,E,hogar_electronica,"Hogar, Electrónica y Electrodomésticos",49721.94
2025-08-01,RN-BIO-ES06,E,alimentacion_hosteleria,Alimentación y Hostelería,5319.88
2025-08-01,RN-BIO-ES07,E,moda_belleza,Moda y Belleza,203130.23
2025-08-01,RN-BIO-ES07,E,hogar_electronica,"Hogar, Electrónica y Electrodomésticos",40909.31
2025-08-01,RN-BIO-ES07,E,alimentacion_hosteleria,Alimentación y Hostelería,4377.0
2025-08-01,RN-BIO-GA01,E,moda_belleza,Moda y Belleza,990866.88
2025-08-01,RN-BIO-GA01,E,hogar_electronica,"Hogar, Electrónica y Electrodomésticos",1450679.06
2025-08-01,RN-BIO-GA01,E,alimentacion_hosteleria,Alimentación y Hostelería,326762.07
2025-08-01,RN-BIO-HI01,E,moda_belleza,Moda y Belleza,68027.09
2025-08-01,RN-BIO-HI01,E,hogar_electronica,"Hogar, Electrónica y Electrodomésticos",210984.32
2025-08-01,RN-BIO-HI01,E,alimentacion_hosteleria,Alimentación y Hostelería,628840.73
2025-08-01,RN-BIO-HI02,E,moda_belleza,Moda y Belleza,53724.33
2025-08-01,RN-BIO-HI02,E,hogar_electronica,"Hogar, Electrónica y Electrodomésticos",166624.68
2025-08-01,RN-BIO-HI02,E,alimentacion_hosteleria,Alimentación y Hostelería,496626.41
2025-08-01,RN-MAD-CV01,A,moda_belleza,Moda y Belleza,10713.59
2025-08-01,RN-MAD-CV01,A,hogar_electronica,"Hogar, Electrónica y Electrodomésticos",21075.53
2025-08-01,RN-MAD-CV01,A,alimentacion_hosteleria,Alimentación y Hostelería,128385.91
2025-08-01,RN-MAD-CV02,A,moda_belleza,Moda y Belleza,11296.8
2025-08-01,RN-MAD-CV02,A,hogar_electronica,"Hogar, Electrónica y Electrodomésticos",22222.8
2025-08-01,RN-MAD-CV02,A,alimentacion_hosteleria,Alimentación y Hostelería,135374.73
2025-08-01,RN-MAD-CV03,A,moda_belleza,Moda y Belleza,10676.04
2025-08-01,RN-MAD-CV03,A,hogar_electronica,"Hogar, Electrónica y Electrodomésticos",21001.67
2025-08-01,RN-MAD-CV03,A,alimentacion_hosteleria,Alimentación y Hostelería,127935.95
2025-08-01,RN-MAD-CV04,A,moda_belleza,Moda y Belleza,12166.37
2025-08-01,RN-MAD-CV04,A,hogar_electronica,"Hogar, Electrónica y Electrodomésticos",23933.41
2025-08-01,RN-MAD-CV04,A,alimentacion_hosteleria,Alimentación y Hostelería,145795.25
2025-08-01,RN-MAD-CV05,A,moda_belleza,Moda y Belleza,9208.59
2025-08-01,RN-MAD-CV05,A,hogar_electronica,"Hogar, Electrónica y Electrodomésticos",18114.92
2025-08-01,RN-MAD-CV05,A,alimentacion_hosteleria,Alimentación y Hostelería,110350.76
2025-08-01,RN-MAD-CV06,A,moda_belleza,Moda y Belleza,10377.71
2025-08-01,RN-MAD-CV06,A,hogar_electronica,"Hogar, Electrónica y Electrodomésticos",20414.79
2025-08-01,RN-MAD-CV06,A,alimentacion_hosteleria,Alimentación y Hostelería,124360.86
2025-08-01,RN-MAD-CV07,A,moda_belleza,Moda y Belleza,10077.24
2025-08-01,RN-MAD-CV07,A,hogar_electronica,"Hogar, Electrónica y Electrodomésticos",19823.72
2025-08-01,RN-MAD-CV07,A,alimentacion_hosteleria,Alimentación y Hostelería,120760.26
2025-08-01,RN-MAD-CV08,A,moda_belleza,Moda y Belleza,12653.17
2025-08-01,RN-MAD-CV08,A,hogar_electronica,"Hogar, Electrónica y Electrodomésticos",24891.03
2025-08-01,RN-MAD-CV08,A,alimentacion_hosteleria,Alimentación y Hostelería,151628.81
2025-08-01,RN-MAD-CV09,A,moda_belleza,Moda y Belleza,12452.63
2025-08-01,RN-MAD-CV09,A,hogar_electronica,"Hogar, Electrónica y Electrodomésticos",24496.53
2025-08-01,RN-MAD-CV09,A,alimentacion_hosteleria,Alimentación y Hostelería,149225.64
2025-08-01,RN-MAD-CV10,A,moda_belleza,Moda y Belleza,11723.54
2025-08-01,RN-MAD-CV10,A,hogar_electronica,"Hogar, Electrónica y Electrodomésticos",23062.28
2025-08-01,RN-MAD-CV10,A,alimentacion_hosteleria,Alimentación y Hostelería,140488.56
2025-08-01,RN-MAD-ES01,A,moda_belleza,Moda y Belleza,255508.63
2025-08-01,RN-MAD-ES01,A,hogar_electronica,"Hogar, Electrónica y Electrodomésticos",38078.09
2025-08-01,RN-MAD-ES01,A,alimentacion_hosteleria,Alimentación y Hostelería,4912.1
2025-08-01,RN-MAD-ES02,A,moda_belleza,Moda y Belleza,171403.81
2025-08-01,RN-MAD-ES02,A,hogar_electronica,"Hogar, Electrónica y Electrodomésticos",25544.07
2025-08-01,RN-MAD-ES02,A,alimentacion_hosteleria,Alimentación y Hostelería,3295.2
2025-08-01,RN-MAD-ES03,A,moda_belleza,Moda y Belleza,211295.18
2025-08-01,RN-MAD-ES03,A,hogar_electronica,"Hogar, Electrónica y Electrodomésticos",31489.02
2025-08-01,RN-MAD-ES03,A,alimentacion_hosteleria,Alimentación y Hostelería,4062.11
2025-08-01,RN-MAD-ES04,A,moda_belleza,Moda y Belleza,219229.35
2025-08-01,RN-MAD-ES04,A,hogar_electronica,"Hogar, Electrónica y Electrodomésticos",32671.44
2025-08-01,RN-MAD-ES04,A,alimentacion_hosteleria,Alimentación y Hostelería,4214.64
2025-08-01,RN-MAD-ES05,A,moda_belleza,Moda y Belleza,192405.29
2025-08-01,RN-MAD-ES05,A,hogar_electronica,"Hogar, Electrónica y Electrodomésticos",28673.89
2025-08-01,RN-MAD-ES05,A,alimentacion_hosteleria,Alimentación y Hostelería,3698.95
2025-08-01,RN-MAD-ES06,A,moda_belleza,Moda y Belleza,217496.87
2025-08-01,RN-MAD-ES06,A,hogar_electronica,"Hogar, Electrónica y Electrodomésticos",32413.25
2025-08-01,RN-MAD-ES06,A,alimentacion_hosteleria,Alimentación y Hostelería,4181.33
2025-08-01,RN-MAD-ES07,A,moda_belleza,Moda y Belleza,230288.23
2025-08-01,RN-MAD-ES07,A,hogar_electronica,"Hogar, Electrónica y Electrodomésticos",34319.53
2025-08-01,RN-MAD-ES07,A,alimentacion_hosteleria,Alimentación y Hostelería,4427.25
2025-08-01,RN-MAD-ES08,A,moda_belleza,Moda y Belleza,233621.32
2025-08-01,RN-MAD-ES08,A,hogar_electronica,"Hogar, Electrónica y Electrodomésticos",34816.25
2025-08-01,RN-MAD-ES08,A,alimentacion_hosteleria,Alimentación y Hostelería,4491.32
2025-08-01,RN-MAD-ES09,A,moda_belleza,Moda y Belleza,215845.43
2025-08-01,RN-MAD-ES09,A,hogar_electronica,"Hogar, Electrónica y Electrodomésticos",32167.14
2025-08-01,RN-MAD-ES09,A,alimentacion_hosteleria,Alimentación y Hostelería,4149.59
2025-08-01,RN-MAD-ES10,A,moda_belleza,Moda y Belleza,225737.25
2025-08-01,RN-MAD-ES10,A,hogar_electronica,"Hogar, Electrónica y Electrodomésticos",33641.3
2025-08-01,RN-MAD-ES10,A,alimentacion_hosteleria,Alimentación y Hostelería,4339.75
2025-08-01,RN-MAD-ES11,A,moda_belleza,Moda y Belleza,180282.84
2025-08-01,RN-MAD-ES11,A,hogar_electronica,"Hogar, Electrónica y Electrodomésticos",26867.3
2025-08-01,RN-MAD-ES11,A,alimentacion_hosteleria,Alimentación y Hostelería,3465.9
2025-08-01,RN-MAD-ES12,A,moda_belleza,Moda y Belleza,227732.66
2025-08-01,RN-MAD-ES12,A,hogar_electronica,"Hogar, Electrónica y Electrodomésticos",33938.67
2025-08-01,RN-MAD-ES12,A,alimentacion_hosteleria,Alimentación y Hostelería,4378.12
2025-08-01,RN-MAD-ES13,A,moda_belleza,Moda y Belleza,221505.95
2025-08-01,RN-MAD-ES13,A,hogar_electronica,"Hogar, Electrónica y Electrodomésticos",33010.72
2025-08-01,RN-MAD-ES13,A,alimentacion_hosteleria,Alimentación y Hostelería,4258.41
2025-08-01,RN-MAD-ES14,A,moda_belleza,Moda y Belleza,174902.84
2025-08-01,RN-MAD-ES14,A,hogar_electronica,"Hogar, Electrónica y Electrodomésticos",26065.52
2025-08-01,RN-MAD-ES14,A,alimentacion_hosteleria,Alimentación y Hostelería,3362.47
2025-08-01,RN-MAD-ES15,A,moda_belleza,Moda y Belleza,193706.64
2025-08-01,RN-MAD-ES15,A,hogar_electronica,"Hogar, Electrónica y Electrodomésticos",28867.83
2025-08-01,RN-MAD-ES15,A,alimentacion_hosteleria,Alimentación y Hostelería,3723.97
2025-08-01,RN-MAD-ES16,A,moda_belleza,Moda y Belleza,203700.65
2025-08-01,RN-MAD-ES16,A,hogar_electronica,"Hogar, Electrónica y Electrodomésticos",30357.22
2025-08-01,RN-MAD-ES16,A,alimentacion_hosteleria,Alimentación y Hostelería,3916.11
2025-08-01,RN-MAD-ES17,A,moda_belleza,Moda y Belleza,210483.07
2025-08-01,RN-MAD-ES17,A,hogar_electronica,"Hogar, Electrónica y Electrodomésticos",31367.99
2025-08-01,RN-MAD-ES17,A,alimentacion_hosteleria,Alimentación y Hostelería,4046.5
2025-08-01,RN-MAD-ES18,A,moda_belleza,Moda y Belleza,231708.79
2025-08-01,RN-MAD-ES18,A,hogar_electronica,"Hogar, Electrónica y Electrodomésticos",34531.23
2025-08-01,RN-MAD-ES18,A,alimentacion_hosteleria,Alimentación y Hostelería,4454.56
2025-08-01,RN-MAD-ES19,A,moda_belleza,Moda y Belleza,226288.77
2025-08-01,RN-MAD-ES19,A,hogar_electronica,"Hogar, Electrónica y Electrodomésticos",33723.49
2025-08-01,RN-MAD-ES19,A,alimentacion_hosteleria,Alimentación y Hostelería,4350.36
2025-08-01,RN-MAD-ES20,A,moda_belleza,Moda y Belleza,209427.4
2025-08-01,RN-MAD-ES20,A,hogar_electronica,"Hogar, Electrónica y Electrodomésticos",31210.67
2025-08-01,RN-MAD-ES20,A,alimentacion_hosteleria,Alimentación y Hostelería,4026.2
2025-08-01,RN-MAD-GA01,A,moda_belleza,Moda y Belleza,1998293.95
2025-08-01,RN-MAD-GA01,A,hogar_electronica,"Hogar, Electrónica y Electrodomésticos",2164897.68
2025-08-01,RN-MAD-GA01,A,alimentacion_hosteleria,Alimentación y Hostelería,587944.25
2025-08-01,RN-MAD-GA02,A,moda_belleza,Moda y Belleza,1394758.76
2025-08-01,RN-MAD-GA02,A,hogar_electronica,"Hogar, Electrónica y Electrodomésticos",1511043.96
2025-08-01,RN-MAD-GA02,A,alimentacion_hosteleria,Alimentación y Hostelería,410370.25
2025-08-01,RN-MAD-GA03,A,moda_belleza,Moda y Belleza,1651783.49
2025-08-01,RN-MAD-GA03,A,hogar_electronica,"Hogar, Electrónica y Electrodomésticos",1789497.61
2025-08-01,RN-MAD-GA03,A,alimentacion_hosteleria,Alimentación y Hostelería,485992.87
2025-08-01,RN-MAD-HI01,A,moda_belleza,Moda y Belleza,74568.54
2025-08-01,RN-MAD-HI01,A,hogar_electronica,"Hogar, Electrónica y Electrodomésticos",171137.78
2025-08-01,RN-MAD-HI01,A,alimentacion_hosteleria,Alimentación y Hostelería,614999.63
2025-08-01,RN-MAD-HI02,A,moda_belleza,Moda y Belleza,63241.54
2025-08-01,RN-MAD-HI02,A,hogar_electronica,"Hogar, Electrónica y Electrodomésticos",145141.86
2025-08-01,RN-MAD-HI02,A,alimentacion_hosteleria,Alimentación y Hostelería,521580.87
2025-08-01,RN-MAD-HI03,A,moda_belleza,Moda y Belleza,73495.2
2025-08-01,RN-MAD-HI03,A,hogar_electronica,"Hogar, Electrónica y Electrodomésticos",168674.43
2025-08-01,RN-MAD-HI03,A,alimentacion_hosteleria,Alimentación y Hostelería,606147.33
2025-08-01,RN-MAD-HI04,A,moda_belleza,Moda y Belleza,76903.38
2025-08-01,RN-MAD-HI04,A,hogar_electronica,"Hogar, Electrónica y Electrodomésticos",176496.35
2025-08-01,RN-MAD-HI04,A,alimentacion_hosteleria,Alimentación y Hostelería,634256.14
2025-08-01,RN-MAD-HI05,A,moda_belleza,Moda y Belleza,77024.17
2025-08-01,RN-MAD-HI05,A,hogar_electronica,"Hogar, Electrónica y Electrodomésticos",176773.56
2025-08-01,RN-MAD-HI05,A,alimentacion_hosteleria,Alimentación y Hostelería,635252.33
2025-08-01,RN-SEV-CV01,D,moda_belleza,Moda y Belleza,11313.24
2025-08-01,RN-SEV-CV01,D,hogar_electronica,"Hogar, Electrónica y Electrodomésticos",33126.14
2025-08-01,RN-SEV-CV01,D,alimentacion_hosteleria,Alimentación y Hostelería,109561.32
2025-08-01,RN-SEV-CV02,D,moda_belleza,Moda y Belleza,13700.87
2025-08-01,RN-SEV-CV02,D,hogar_electronica,"Hogar, Electrónica y Electrodomésticos",40117.3
2025-08-01,RN-SEV-CV02,D,alimentacion_hosteleria,Alimentación y Hostelería,132683.88
2025-08-01,RN-SEV-CV03,D,moda_belleza,Moda y Belleza,10535.67
2025-08-01,RN-SEV-CV03,D,hogar_electronica,"Hogar, Electrónica y Electrodomésticos",30849.34
2025-08-01,RN-SEV-CV03,D,alimentacion_hosteleria,Alimentación y Hostelería,102031.04
2025-08-01,RN-SEV-CV04,D,moda_belleza,Moda y Belleza,10467.94
2025-08-01,RN-SEV-CV04,D,hogar_electronica,"Hogar, Electrónica y Electrodomésticos",30651.02
2025-08-01,RN-SEV-CV04,D,alimentacion_hosteleria,Alimentación y Hostelería,101375.12
2025-08-01,RN-SEV-CV05,D,moda_belleza,Moda y Belleza,10040.66
2025-08-01,RN-SEV-CV05,D,hogar_electronica,"Hogar, Electrónica y Electrodomésticos",29399.92
2025-08-01,RN-SEV-CV05,D,alimentacion_hosteleria,Alimentación y Hostelería,97237.23
2025-08-01,RN-SEV-CV06,D,moda_belleza,Moda y Belleza,10888.23
2025-08-01,RN-SEV-CV06,D,hogar_electronica,"Hogar, Electrónica y Electrodomésticos",31881.66
2025-08-01,RN-SEV-CV06,D,alimentacion_hosteleria,Alimentación y Hostelería,105445.32
2025-08-01,RN-SEV-CV07,D,moda_belleza,Moda y Belleza,11022.28
2025-08-01,RN-SEV-CV07,D,hogar_electronica,"Hogar, Electrónica y Electrodomésticos",32274.19
2025-08-01,RN-SEV-CV07,D,alimentacion_hosteleria,Alimentación y Hostelería,106743.57
2025-08-01,RN-SEV-CV08,D,moda_belleza,Moda y Belleza,12046.35
2025-08-01,RN-SEV-CV08,D,hogar_electronica,"Hogar, Electrónica y Electrodomésticos",35272.74
2025-08-01,RN-SEV-CV08,D,alimentacion_hosteleria,Alimentación y Hostelería,116660.96
2025-08-01,RN-SEV-CV09,D,moda_belleza,Moda y Belleza,12169.46
2025-08-01,RN-SEV-CV09,D,hogar_electronica,"Hogar, Electrónica y Electrodomésticos",35633.22
2025-08-01,RN-SEV-CV09,D,alimentacion_hosteleria,Alimentación y Hostelería,117853.22
2025-08-01,RN-SEV-CV10,D,moda_belleza,Moda y Belleza,11750.82
2025-08-01,RN-SEV-CV10,D,hogar_electronica,"Hogar, Electrónica y Electrodomésticos",34407.41
2025-08-01,RN-SEV-CV10,D,alimentacion_hosteleria,Alimentación y Hostelería,113798.97
2025-08-01,RN-SEV-ES01,D,moda_belleza,Moda y Belleza,202105.72
2025-08-01,RN-SEV-ES01,D,hogar_electronica,"Hogar, Electrónica y Electrodomésticos",44832.03
2025-08-01,RN-SEV-ES01,D,alimentacion_hosteleria,Alimentación y Hostelería,3139.99
2025-08-01,RN-SEV-ES02,D,moda_belleza,Moda y Belleza,177859.12
2025-08-01,RN-SEV-ES02,D,hogar_electronica,"Hogar, Electrónica y Electrodomésticos",39453.53
2025-08-01,RN-SEV-ES02,D,alimentacion_hosteleria,Alimentación y Hostelería,2763.29
2025-08-01,RN-SEV-ES03,D,moda_belleza,Moda y Belleza,190205.06
2025-08-01,RN-SEV-ES03,D,hogar_electronica,"Hogar, Electrónica y Electrodomésticos",42192.17
2025-08-01,RN-SEV-ES03,D,alimentacion_hosteleria,Alimentación y Hostelería,2955.1
2025-08-01,RN-SEV-ES04,D,moda_belleza,Moda y Belleza,153847.49
2025-08-01,RN-SEV-ES04,D,hogar_electronica,"Hogar, Electrónica y Electrodomésticos",34127.16
2025-08-01,RN-SEV-ES04,D,alimentacion_hosteleria,Alimentación y Hostelería,2390.23
2025-08-01,RN-SEV-ES05,D,moda_belleza,Moda y Belleza,145880.54
2025-08-01,RN-SEV-ES05,D,hogar_electronica,"Hogar, Electrónica y Electrodomésticos",32359.9
2025-08-01,RN-SEV-ES05,D,alimentacion_hosteleria,Alimentación y Hostelería,2266.46
2025-08-01,RN-SEV-ES06,D,moda_belleza,Moda y Belleza,201512.79
2025-08-01,RN-SEV-ES06,D,hogar_electronica,"Hogar, Electrónica y Electrodomésticos",44700.5
2025-08-01,RN-SEV-ES06,D,alimentacion_hosteleria,Alimentación y Hostelería,3130.78
2025-08-01,RN-SEV-ES07,D,moda_belleza,Moda y Belleza,209192.31
2025-08-01,RN-SEV-ES07,D,hogar_electronica,"Hogar, Electrónica y Electrodomésticos",46404.01
2025-08-01,RN-SEV-ES07,D,alimentacion_hosteleria,Alimentación y Hostelería,3250.09
2025-08-01,RN-SEV-ES08,D,moda_belleza,Moda y Belleza,201973.34
2025-08-01,RN-SEV-ES08,D,hogar_electronica,"Hogar, Electrónica y Electrodomésticos",44802.66
2025-08-01,RN-SEV-ES08,D,alimentacion_hosteleria,Alimentación y Hostelería,3137.93
2025-08-01,RN-SEV-ES09,D,moda_belleza,Moda y Belleza,177421.88
2025-08-01,RN-SEV-ES09,D,hogar_electronica,"Hogar, Electrónica y Electrodomésticos",39356.54
2025-08-01,RN-SEV-ES09,D,alimentacion_hosteleria,Alimentación y Hostelería,2756.49
2025-08-01,RN-SEV-ES10,D,moda_belleza,Moda y Belleza,189769.88
2025-08-01,RN-SEV-ES10,D,hogar_electronica,"Hogar, Electrónica y Electrodomésticos",42095.63
2025-08-01,RN-SEV-ES10,D,alimentacion_hosteleria,Alimentación y Hostelería,2948.34
2025-08-01,RN-SEV-ES11,D,moda_belleza,Moda y Belleza,189915.48
2025-08-01,RN-SEV-ES11,D,hogar_electronica,"Hogar, Electrónica y Electrodomésticos",42127.93
2025-08-01,RN-SEV-ES11,D,alimentacion_hosteleria,Alimentación y Hostelería,2950.6
2025-08-01,RN-SEV-ES12,D,moda_belleza,Moda y Belleza,165730.62
2025-08-01,RN-SEV-ES12,D,hogar_electronica,"Hogar, Electrónica y Electrodomésticos",36763.13
2025-08-01,RN-SEV-ES12,D,alimentacion_hosteleria,Alimentación y Hostelería,2574.85
2025-08-01,RN-SEV-GA01,D,moda_belleza,Moda y Belleza,851890.69
2025-08-01,RN-SEV-GA01,D,hogar_electronica,"Hogar, Electrónica y Electrodomésticos",1373732.16
2025-08-01,RN-SEV-GA01,D,alimentacion_hosteleria,Alimentación y Hostelería,202557.56
2025-08-01,RN-SEV-HI01,D,moda_belleza,Moda y Belleza,55973.89
2025-08-01,RN-SEV-HI01,D,hogar_electronica,"Hogar, Electrónica y Electrodomésticos",191212.37
2025-08-01,RN-SEV-HI01,D,alimentacion_hosteleria,Alimentación y Hostelería,373071.9
2025-08-01,RN-SEV-HI02,D,moda_belleza,Moda y Belleza,62791.6
2025-08-01,RN-SEV-HI02,D,hogar_electronica,"Hogar, Electrónica y Electrodomésticos",214502.35
2025-08-01,RN-SEV-HI02,D,alimentacion_hosteleria,Alimentación y Hostelería,418512.67
2025-08-01,RN-SEV-HI03,D,moda_belleza,Moda y Belleza,55864.32
2025-08-01,RN-SEV-HI03,D,hogar_electronica,"Hogar, Electrónica y Electrodomésticos",190838.05
2025-08-01,RN-SEV-HI03,D,alimentacion_hosteleria,Alimentación y Hostelería,372341.58
2025-08-01,RN-SEV-HI04,D,moda_belleza,Moda y Belleza,73623.13
2025-08-01,RN-SEV-HI04,D,hogar_electronica,"Hogar, Electrónica y Electrodomésticos",251503.9
2025-08-01,RN-SEV-HI04,D,alimentacion_hosteleria,Alimentación y Hostelería,490705.91
2025-08-01,RN-VLC-CV01,C,moda_belleza,Moda y Belleza,7975.85
2025-08-01,RN-VLC-CV01,C,hogar_electronica,"Hogar, Electrónica y Electrodomésticos",16743.93
2025-08-01,RN-VLC-CV01,C,alimentacion_hosteleria,Alimentación y Hostelería,151247.25
2025-08-01,RN-VLC-CV02,C,moda_belleza,Moda y Belleza,8348.84
2025-08-01,RN-VLC-CV02,C,hogar_electronica,"Hogar, Electrónica y Electrodomésticos",17526.96
2025-08-01,RN-VLC-CV02,C,alimentacion_hosteleria,Alimentación y Hostelería,158320.37
2025-08-01,RN-VLC-CV03,C,moda_belleza,Moda y Belleza,8946.75
2025-08-01,RN-VLC-CV03,C,hogar_electronica,"Hogar, Electrónica y Electrodomésticos",18782.18
2025-08-01,RN-VLC-CV03,C,alimentacion_hosteleria,Alimentación y Hostelería,169658.66
2025-08-01,RN-VLC-CV04,C,moda_belleza,Moda y Belleza,7667.12
2025-08-01,RN-VLC-CV04,C,hogar_electronica,"Hogar, Electrónica y Electrodomésticos",16095.8
2025-08-01,RN-VLC-CV04,C,alimentacion_hosteleria,Alimentación y Hostelería,145392.68
2025-08-01,RN-VLC-CV05,C,moda_belleza,Moda y Belleza,6686.05
2025-08-01,RN-VLC-CV05,C,hogar_electronica,"Hogar, Electrónica y Electrodomésticos",14036.22
2025-08-01,RN-VLC-CV05,C,alimentacion_hosteleria,Alimentación y Hostelería,126788.66
2025-08-01,RN-VLC-CV06,C,moda_belleza,Moda y Belleza,9134.86
2025-08-01,RN-VLC-CV06,C,hogar_electronica,"Hogar, Electrónica y Electrodomésticos",19177.07
2025-08-01,RN-VLC-CV06,C,alimentacion_hosteleria,Alimentación y Hostelería,173225.68
2025-08-01,RN-VLC-CV07,C,moda_belleza,Moda y Belleza,7896.16
2025-08-01,RN-VLC-CV07,C,hogar_electronica,"Hogar, Electrónica y Electrodomésticos",16576.64
2025-08-01,RN-VLC-CV07,C,alimentacion_hosteleria,Alimentación y Hostelería,149736.09
2025-08-01,RN-VLC-CV08,C,moda_belleza,Moda y Belleza,6871.88
2025-08-01,RN-VLC-CV08,C,hogar_electronica,"Hogar, Electrónica y Electrodomésticos",14426.34
2025-08-01,RN-VLC-CV08,C,alimentacion_hosteleria,Alimentación y Hostelería,130312.58
2025-08-01,RN-VLC-CV09,C,moda_belleza,Moda y Belleza,7151.08
2025-08-01,RN-VLC-CV09,C,hogar_electronica,"Hogar, Electrónica y Electrodomésticos",15012.47
2025-08-01,RN-VLC-CV09,C,alimentacion_hosteleria,Alimentación y Hostelería,135607.07
2025-08-01,RN-VLC-ES01,C,moda_belleza,Moda y Belleza,216334.03
2025-08-01,RN-VLC-ES01,C,hogar_electronica,"Hogar, Electrónica y Electrodomésticos",34405.78
2025-08-01,RN-VLC-ES01,C,alimentacion_hosteleria,Alimentación y Hostelería,6581.35
2025-08-01,RN-VLC-ES02,C,moda_belleza,Moda y Belleza,168638.14
2025-08-01,RN-VLC-ES02,C,hogar_electronica,"Hogar, Electrónica y Electrodomésticos",26820.22
2025-08-01,RN-VLC-ES02,C,alimentacion_hosteleria,Alimentación y Hostelería,5130.34
2025-08-01,RN-VLC-ES03,C,moda_belleza,Moda y Belleza,187570.51
2025-08-01,RN-VLC-ES03,C,hogar_electronica,"Hogar, Electrónica y Electrodomésticos",29831.22
2025-08-01,RN-VLC-ES03,C,alimentacion_hosteleria,Alimentación y Hostelería,5706.3
2025-08-01,RN-VLC-ES04,C,moda_belleza,Moda y Belleza,201159.93
2025-08-01,RN-VLC-ES04,C,hogar_electronica,"Hogar, Electrónica y Electrodomésticos",31992.49
2025-08-01,RN-VLC-ES04,C,alimentacion_hosteleria,Alimentación y Hostelería,6119.72
2025-08-01,RN-VLC-ES05,C,moda_belleza,Moda y Belleza,197549.48
2025-08-01,RN-VLC-ES05,C,hogar_electronica,"Hogar, Electrónica y Electrodomésticos",31418.28
2025-08-01,RN-VLC-ES05,C,alimentacion_hosteleria,Alimentación y Hostelería,6009.88
2025-08-01,RN-VLC-ES06,C,moda_belleza,Moda y Belleza,157016.08
2025-08-01,RN-VLC-ES06,C,hogar_electronica,"Hogar, Electrónica y Electrodomésticos",24971.85
2025-08-01,RN-VLC-ES06,C,alimentacion_hosteleria,Alimentación y Hostelería,4776.77
2025-08-01,RN-VLC-ES07,C,moda_belleza,Moda y Belleza,186010.02
2025-08-01,RN-VLC-ES07,C,hogar_electronica,"Hogar, Electrónica y Electrodomésticos",29583.04
2025-08-01,RN-VLC-ES07,C,alimentacion_hosteleria,Alimentación y Hostelería,5658.83
2025-08-01,RN-VLC-ES08,C,moda_belleza,Moda y Belleza,229211.27
2025-08-01,RN-VLC-ES08,C,hogar_electronica,"Hogar, Electrónica y Electrodomésticos",36453.77
2025-08-01,RN-VLC-ES08,C,alimentacion_hosteleria,Alimentación y Hostelería,6973.1
2025-08-01,RN-VLC-ES09,C,moda_belleza,Moda y Belleza,188802.88
2025-08-01,RN-VLC-ES09,C,hogar_electronica,"Hogar, Electrónica y Electrodomésticos",30027.22
2025-08-01,RN-VLC-ES09,C,alimentacion_hosteleria,Alimentación y Hostelería,5743.79
2025-08-01,RN-VLC-ES10,C,moda_belleza,Moda y Belleza,169920.87
2025-08-01,RN-VLC-ES10,C,hogar_electronica,"Hogar, Electrónica y Electrodomésticos",27024.22
2025-08-01,RN-VLC-ES10,C,alimentacion_hosteleria,Alimentación y Hostelería,5169.36
2025-08-01,RN-VLC-GA01,C,moda_belleza,Moda y Belleza,1358531.68
2025-08-01,RN-VLC-GA01,C,hogar_electronica,"Hogar, Electrónica y Electrodomésticos",1570669.17
2025-08-01,RN-VLC-GA01,C,alimentacion_hosteleria,Alimentación y Hostelería,632520.77
2025-08-01,RN-VLC-HI01,C,moda_belleza,Moda y Belleza,56079.31
2025-08-01,RN-VLC-HI01,C,hogar_electronica,"Hogar, Electrónica y Electrodomésticos",137350.39
2025-08-01,RN-VLC-HI01,C,alimentacion_hosteleria,Alimentación y Hostelería,731897.3
2025-08-01,RN-VLC-HI02,C,moda_belleza,Moda y Belleza,60728.96
2025-08-01,RN-VLC-HI02,C,hogar_electronica,"Hogar, Electrónica y Electrodomésticos",148738.38
2025-08-01,RN-VLC-HI02,C,alimentacion_hosteleria,Alimentación y Hostelería,792580.36
2025-08-01,RN-VLC-HI03,C,moda_belleza,Moda y Belleza,63202.33
2025-08-01,RN-VLC-HI03,C,hogar_electronica,"Hogar, Electrónica y Electrodomésticos",154796.2
2025-08-01,RN-VLC-HI03,C,alimentacion_hosteleria,Alimentación y Hostelería,824860.6
2025-08-01,RN-VLC-HI04,C,moda_belleza,Moda y Belleza,53331.93
2025-08-01,RN-VLC-HI04,C,hogar_electronica,"Hogar, Electrónica y Electrodomésticos",130621.46
2025-08-01,RN-VLC-HI04,C,alimentacion_hosteleria,Alimentación y Hostelería,696040.96
2025-08-01,RN-VLC-HI05,C,moda_belleza,Moda y Belleza,59586.72
2025-08-01,RN-VLC-HI05,C,hogar_electronica,"Hogar, Electrónica y Electrodomésticos",145940.8
2025-08-01,RN-VLC-HI05,C,alimentacion_hosteleria,Alimentación y Hostelería,777672.92
2025-08-01,RN-VLC-HI06,C,moda_belleza,Moda y Belleza,56253.08
2025-08-01,RN-VLC-HI06,C,hogar_electronica,"Hogar, Electrónica y Electrodomésticos",137775.98
2025-08-01,RN-VLC-HI06,C,alimentacion_hosteleria,Alimentación y Hostelería,734165.14
2025-08-01,RN-VLC-HI07,C,moda_belleza,Moda y Belleza,44982.51
2025-08-01,RN-VLC-HI07,C,hogar_electronica,"Hogar, Electrónica y Electrodomésticos",110171.92
2025-08-01,RN-VLC-HI07,C,alimentacion_hosteleria,Alimentación y Hostelería,587071.71
2025-09-01,RN-BCN-CV01,B,moda_belleza,Moda y Belleza,11368.63
2025-09-01,RN-BCN-CV01,B,hogar_electronica,"Hogar, Electrónica y Electrodomésticos",25123.31
2025-09-01,RN-BCN-CV01,B,alimentacion_hosteleria,Alimentación y Hostelería,141277.27
2025-09-01,RN-BCN-CV02,B,moda_belleza,Moda y Belleza,12396.65
2025-09-01,RN-BCN-CV02,B,hogar_electronica,"Hogar, Electrónica y Electrodomésticos",27395.12
2025-09-01,RN-BCN-CV02,B,alimentacion_hosteleria,Alimentación y Hostelería,154052.46
2025-09-01,RN-BCN-CV03,B,moda_belleza,Moda y Belleza,13065.39
2025-09-01,RN-BCN-CV03,B,hogar_electronica,"Hogar, Electrónica y Electrodomésticos",28872.95
2025-09-01,RN-BCN-CV03,B,alimentacion_hosteleria,Alimentación y Hostelería,162362.8
2025-09-01,RN-BCN-CV04,B,moda_belleza,Moda y Belleza,10167.25
2025-09-01,RN-BCN-CV04,B,hogar_electronica,"Hogar, Electrónica y Electrodomésticos",22468.42
2025-09-01,RN-BCN-CV04,B,alimentacion_hosteleria,Alimentación y Hostelería,126347.85
2025-09-01,RN-BCN-CV05,B,moda_belleza,Moda y Belleza,10483.99
2025-09-01,RN-BCN-CV05,B,hogar_electronica,"Hogar, Electrónica y Electrodomésticos",23168.38
2025-09-01,RN-BCN-CV05,B,alimentacion_hosteleria,Alimentación y Hostelería,130283.98
2025-09-01,RN-BCN-CV06,B,moda_belleza,Moda y Belleza,11005.86
2025-09-01,RN-BCN-CV06,B,hogar_electronica,"Hogar, Electrónica y Electrodomésticos",24321.63
2025-09-01,RN-BCN-CV06,B,alimentacion_hosteleria,Alimentación y Hostelería,136769.13
2025-09-01,RN-BCN-CV07,B,moda_belleza,Moda y Belleza,10860.16
2025-09-01,RN-BCN-CV07,B,hogar_electronica,"Hogar, Electrónica y Electrodomésticos",23999.66
2025-09-01,RN-BCN-CV07,B,alimentacion_hosteleria,Alimentación y Hostelería,134958.58
2025-09-01,RN-BCN-CV08,B,moda_belleza,Moda y Belleza,11360.69
2025-09-01,RN-BCN-CV08,B,hogar_electronica,"Hogar, Electrónica y Electrodomésticos",25105.77
2025-09-01,RN-BCN-CV08,B,alimentacion_hosteleria,Alimentación y Hostelería,141178.62
2025-09-01,RN-BCN-ES01,B,moda_belleza,Moda y Belleza,204836.21
2025-09-01,RN-BCN-ES01,B,hogar_electronica,"Hogar, Electrónica y Electrodomésticos",34292.7
2025-09-01,RN-BCN-ES01,B,alimentacion_hosteleria,Alimentación y Hostelería,4083.67
2025-09-01,RN-BCN-ES02,B,moda_belleza,Moda y Belleza,245759.11
2025-09-01,RN-BCN-ES02,B,hogar_electronica,"Hogar, Electrónica y Electrodomésticos",41143.82
2025-09-01,RN-BCN-ES02,B,alimentacion_hosteleria,Alimentación y Hostelería,4899.52
2025-09-01,RN-BCN-ES03,B,moda_belleza,Moda y Belleza,249126.81
2025-09-01,RN-BCN-ES03,B,hogar_electronica,"Hogar, Electrónica y Electrodomésticos",41707.62
2025-09-01,RN-BCN-ES03,B,alimentacion_hosteleria,Alimentación y Hostelería,4966.66
2025-09-01,RN-BCN-ES04,B,moda_belleza,Moda y Belleza,232225.17
2025-09-01,RN-BCN-ES04,B,hogar_electronica,"Hogar, Electrónica y Electrodomésticos",38878.03
2025-09-01,RN-BCN-ES04,B,alimentacion_hosteleria,Alimentación y Hostelería,4629.7
2025-09-01,RN-BCN-ES05,B,moda_belleza,Moda y Belleza,245902.22
2025-09-01,RN-BCN-ES05,B,hogar_electronica,"Hogar, Electrónica y Electrodomésticos",41167.78
2025-09-01,RN-BCN-ES05,B,alimentacion_hosteleria,Alimentación y Hostelería,4902.37
2025-09-01,RN-BCN-ES06,B,moda_belleza,Moda y Belleza,245308.51
2025-09-01,RN-BCN-ES06,B,hogar_electronica,"Hogar, Electrónica y Electrodomésticos",41068.38
2025-09-01,RN-BCN-ES06,B,alimentacion_hosteleria,Alimentación y Hostelería,4890.54
2025-09-01,RN-BCN-ES07,B,moda_belleza,Moda y Belleza,240811.56
2025-09-01,RN-BCN-ES07,B,hogar_electronica,"Hogar, Electrónica y Electrodomésticos",40315.52
2025-09-01,RN-BCN-ES07,B,alimentacion_hosteleria,Alimentación y Hostelería,4800.88
2025-09-01,RN-BCN-ES08,B,moda_belleza,Moda y Belleza,186857.87
2025-09-01,RN-BCN-ES08,B,hogar_electronica,"Hogar, Electrónica y Electrodomésticos",31282.85
2025-09-01,RN-BCN-ES08,B,alimentacion_hosteleria,Alimentación y Hostelería,3725.25
2025-09-01,RN-BCN-ES09,B,moda_belleza,Moda y Belleza,247500.52
2025-09-01,RN-BCN-ES09,B,hogar_electronica,"Hogar, Electrónica y Electrodomésticos",41435.35
2025-09-01,RN-BCN-ES09,B,alimentacion_hosteleria,Alimentación y Hostelería,4934.24
2025-09-01,RN-BCN-ES10,B,moda_belleza,Moda y Belleza,218173.13
2025-09-01,RN-BCN-ES10,B,hogar_electronica,"Hogar, Electrónica y Electrodomésticos",36525.5
2025-09-01,RN-BCN-ES10,B,alimentacion_hosteleria,Alimentación y Hostelería,4349.56
2025-09-01,RN-BCN-ES11,B,moda_belleza,Moda y Belleza,232273.3
2025-09-01,RN-BCN-ES11,B,hogar_electronica,"Hogar, Electrónica y Electrodomésticos",38886.09
2025-09-01,RN-BCN-ES11,B,alimentacion_hosteleria,Alimentación y Hostelería,4630.66
2025-09-01,RN-BCN-ES12,B,moda_belleza,Moda y Belleza,210052.68
2025-09-01,RN-BCN-ES12,B,hogar_electronica,"Hogar, Electrónica y Electrodomésticos",35166.02
2025-09-01,RN-BCN-ES12,B,alimentacion_hosteleria,Alimentación y Hostelería,4187.67
2025-09-01,RN-BCN-ES13,B,moda_belleza,Moda y Belleza,236587.52
2025-09-01,RN-BCN-ES13,B,hogar_electronica,"Hogar, Electrónica y Electrodomésticos",39608.35
2025-09-01,RN-BCN-ES13,B,alimentacion_hosteleria,Alimentación y Hostelería,4716.67
2025-09-01,RN-BCN-ES14,B,moda_belleza,Moda y Belleza,262390.16
2025-09-01,RN-BCN-ES14,B,hogar_electronica,"Hogar, Electrónica y Electrodomésticos",43928.11
2025-09-01,RN-BCN-ES14,B,alimentacion_hosteleria,Alimentación y Hostelería,5231.08
2025-09-01,RN-BCN-GA01,B,moda_belleza,Moda y Belleza,1640355.18
2025-09-01,RN-BCN-GA01,B,hogar_electronica,"Hogar, Electrónica y Electrodomésticos",1996371.12
2025-09-01,RN-BCN-GA01,B,alimentacion_hosteleria,Alimentación y Hostelería,500491.45
2025-09-01,RN-BCN-GA02,B,moda_belleza,Moda y Belleza,1908598.44
2025-09-01,RN-BCN-GA02,B,hogar_electronica,"Hogar, Electrónica y Electrodomésticos",2322832.8
2025-09-01,RN-BCN-GA02,B,alimentacion_hosteleria,Alimentación y Hostelería,582335.59
2025-09-01,RN-BCN-HI01,B,moda_belleza,Moda y Belleza,61817.38
2025-09-01,RN-BCN-HI01,B,hogar_electronica,"Hogar, Electrónica y Electrodomésticos",159377.22
2025-09-01,RN-BCN-HI01,B,alimentacion_hosteleria,Alimentación y Hostelería,528703.06
2025-09-01,RN-BCN-HI02,B,moda_belleza,Moda y Belleza,88288.36
2025-09-01,RN-BCN-HI02,B,hogar_electronica,"Hogar, Electrónica y Electrodomésticos",227624.56
2025-09-01,RN-BCN-HI02,B,alimentacion_hosteleria,Alimentación y Hostelería,755100.36
2025-09-01,RN-BCN-HI03,B,moda_belleza,Moda y Belleza,63021.59
2025-09-01,RN-BCN-HI03,B,hogar_electronica,"Hogar, Electrónica y Electrodomésticos",162481.93
2025-09-01,RN-BCN-HI03,B,alimentacion_hosteleria,Alimentación y Hostelería,539002.3
2025-09-01,RN-BCN-HI04,B,moda_belleza,Moda y Belleza,77694.54
2025-09-01,RN-BCN-HI04,B,hogar_electronica,"Hogar, Electrónica y Electrodomésticos",200311.64
2025-09-01,RN-BCN-HI04,B,alimentacion_hosteleria,Alimentación y Hostelería,664495.05
2025-09-01,RN-BIO-CV01,E,moda_belleza,Moda y Belleza,11607.88
2025-09-01,RN-BIO-CV01,E,hogar_electronica,"Hogar, Electrónica y Electrodomésticos",30858.46
2025-09-01,RN-BIO-CV01,E,alimentacion_hosteleria,Alimentación y Hostelería,155910.22
2025-09-01,RN-BIO-CV02,E,moda_belleza,Moda y Belleza,11202.84
2025-09-01,RN-BIO-CV02,E,hogar_electronica,"Hogar, Electrónica y Electrodomésticos",29781.71
2025-09-01,RN-BIO-CV02,E,alimentacion_hosteleria,Alimentación y Hostelería,150470.0
2025-09-01,RN-BIO-CV03,E,moda_belleza,Moda y Belleza,10417.78
2025-09-01,RN-BIO-CV03,E,hogar_electronica,"Hogar, Electrónica y Electrodomésticos",27694.71
2025-09-01,RN-BIO-CV03,E,alimentacion_hosteleria,Alimentación y Hostelería,139925.59
2025-09-01,RN-BIO-CV04,E,moda_belleza,Moda y Belleza,11894.48
2025-09-01,RN-BIO-CV04,E,hogar_electronica,"Hogar, Electrónica y Electrodomésticos",31620.36
2025-09-01,RN-BIO-CV04,E,alimentacion_hosteleria,Alimentación y Hostelería,159759.67
2025-09-01,RN-BIO-ES01,E,moda_belleza,Moda y Belleza,198764.57
2025-09-01,RN-BIO-ES01,E,hogar_electronica,"Hogar, Electrónica y Electrodomésticos",40030.09
2025-09-01,RN-BIO-ES01,E,alimentacion_hosteleria,Alimentación y Hostelería,4282.92
2025-09-01,RN-BIO-ES02,E,moda_belleza,Moda y Belleza,185996.7
2025-09-01,RN-BIO-ES02,E,hogar_electronica,"Hogar, Electrónica y Electrodomésticos",37458.71
2025-09-01,RN-BIO-ES02,E,alimentacion_hosteleria,Alimentación y Hostelería,4007.81
2025-09-01,RN-BIO-ES03,E,moda_belleza,Moda y Belleza,277288.68
2025-09-01,RN-BIO-ES03,E,hogar_electronica,"Hogar, Electrónica y Electrodomésticos",55844.41
2025-09-01,RN-BIO-ES03,E,alimentacion_hosteleria,Alimentación y Hostelería,5974.94
2025-09-01,RN-BIO-ES04,E,moda_belleza,Moda y Belleza,245261.42
2025-09-01,RN-BIO-ES04,E,hogar_electronica,"Hogar, Electrónica y Electrodomésticos",49394.3
2025-09-01,RN-BIO-ES04,E,alimentacion_hosteleria,Alimentación y Hostelería,5284.83
2025-09-01,RN-BIO-ES05,E,moda_belleza,Moda y Belleza,229989.23
2025-09-01,RN-BIO-ES05,E,hogar_electronica,"Hogar, Electrónica y Electrodomésticos",46318.56
2025-09-01,RN-BIO-ES05,E,alimentacion_hosteleria,Alimentación y Hostelería,4955.75
2025-09-01,RN-BIO-ES06,E,moda_belleza,Moda y Belleza,275558.77
2025-09-01,RN-BIO-ES06,E,hogar_electronica,"Hogar, Electrónica y Electrodomésticos",55496.02
2025-09-01,RN-BIO-ES06,E,alimentacion_hosteleria,Alimentación y Hostelería,5937.67
2025-09-01,RN-BIO-ES07,E,moda_belleza,Moda y Belleza,237342.9
2025-09-01,RN-BIO-ES07,E,hogar_electronica,"Hogar, Electrónica y Electrodomésticos",47799.55
2025-09-01,RN-BIO-ES07,E,alimentacion_hosteleria,Alimentación y Hostelería,5114.2
2025-09-01,RN-BIO-GA01,E,moda_belleza,Moda y Belleza,1101349.29
2025-09-01,RN-BIO-GA01,E,hogar_electronica,"Hogar, Electrónica y Electrodomésticos",1612430.86
2025-09-01,RN-BIO-GA01,E,alimentacion_hosteleria,Alimentación y Hostelería,363196.29
2025-09-01,RN-BIO-HI01,E,moda_belleza,Moda y Belleza,74157.59
2025-09-01,RN-BIO-HI01,E,hogar_electronica,"Hogar, Electrónica y Electrodomésticos",229997.92
2025-09-01,RN-BIO-HI01,E,alimentacion_hosteleria,Alimentación y Hostelería,685510.95
2025-09-01,RN-BIO-HI02,E,moda_belleza,Moda y Belleza,54860.98
2025-09-01,RN-BIO-HI02,E,hogar_electronica,"Hogar, Electrónica y Electrodomésticos",170149.97
2025-09-01,RN-BIO-HI02,E,alimentacion_hosteleria,Alimentación y Hostelería,507133.57
2025-09-01,RN-MAD-CV01,A,moda_belleza,Moda y Belleza,11176.17
2025-09-01,RN-MAD-CV01,A,hogar_electronica,"Hogar, Electrónica y Electrodomésticos",21985.5
2025-09-01,RN-MAD-CV01,A,alimentacion_hosteleria,Alimentación y Hostelería,133929.19
2025-09-01,RN-MAD-CV02,A,moda_belleza,Moda y Belleza,12724.66
2025-09-01,RN-MAD-CV02,A,hogar_electronica,"Hogar, Electrónica y Electrodomésticos",25031.67
2025-09-01,RN-MAD-CV02,A,alimentacion_hosteleria,Alimentación y Hostelería,152485.53
2025-09-01,RN-MAD-CV03,A,moda_belleza,Moda y Belleza,11710.36
2025-09-01,RN-MAD-CV03,A,hogar_electronica,"Hogar, Electrónica y Electrodomésticos",23036.35
2025-09-01,RN-MAD-CV03,A,alimentacion_hosteleria,Alimentación y Hostelería,140330.66
2025-09-01,RN-MAD-CV04,A,moda_belleza,Moda y Belleza,13960.51
2025-09-01,RN-MAD-CV04,A,hogar_electronica,"Hogar, Electrónica y Electrodomésticos",27462.79
2025-09-01,RN-MAD-CV04,A,alimentacion_hosteleria,Alimentación y Hostelería,167295.21
2025-09-01,RN-MAD-CV05,A,moda_belleza,Moda y Belleza,10024.1
2025-09-01,RN-MAD-CV05,A,hogar_electronica,"Hogar, Electrónica y Electrodomésticos",19719.17
2025-09-01,RN-MAD-CV05,A,alimentacion_hosteleria,Alimentación y Hostelería,120123.37
2025-09-01,RN-MAD-CV06,A,moda_belleza,Moda y Belleza,11547.82
2025-09-01,RN-MAD-CV06,A,hogar_electronica,"Hogar, Electrónica y Electrodomésticos",22716.61
2025-09-01,RN-MAD-CV06,A,alimentacion_hosteleria,Alimentación y Hostelería,138382.86
2025-09-01,RN-MAD-CV07,A,moda_belleza,Moda y Belleza,11126.39
2025-09-01,RN-MAD-CV07,A,hogar_electronica,"Hogar, Electrónica y Electrodomésticos",21887.58
2025-09-01,RN-MAD-CV07,A,alimentacion_hosteleria,Alimentación y Hostelería,133332.64
2025-09-01,RN-MAD-CV08,A,moda_belleza,Moda y Belleza,14511.85
2025-09-01,RN-MAD-CV08,A,hogar_electronica,"Hogar, Electrónica y Electrodomésticos",28547.37
2025-09-01,RN-MAD-CV08,A,alimentacion_hosteleria,Alimentación y Hostelería,173902.16
2025-09-01,RN-MAD-CV09,A,moda_belleza,Moda y Belleza,14061.26
2025-09-01,RN-MAD-CV09,A,hogar_electronica,"Hogar, Electrónica y Electrodomésticos",27660.99
2025-09-01,RN-MAD-CV09,A,alimentacion_hosteleria,Alimentación y Hostelería,168502.57
2025-09-01,RN-MAD-CV10,A,moda_belleza,Moda y Belleza,13428.47
2025-09-01,RN-MAD-CV10,A,hogar_electronica,"Hogar, Electrónica y Electrodomésticos",26416.17
2025-09-01,RN-MAD-CV10,A,alimentacion_hosteleria,Alimentación y Hostelería,160919.5
2025-09-01,RN-MAD-ES01,A,moda_belleza,Moda y Belleza,293259.3
2025-09-01,RN-MAD-ES01,A,hogar_electronica,"Hogar, Electrónica y Electrodomésticos",43704.02
2025-09-01,RN-MAD-ES01,A,alimentacion_hosteleria,Alimentación y Hostelería,5637.85
2025-09-01,RN-MAD-ES02,A,moda_belleza,Moda y Belleza,209247.6
2025-09-01,RN-MAD-ES02,A,hogar_electronica,"Hogar, Electrónica y Electrodomésticos",31183.87
2025-09-01,RN-MAD-ES02,A,alimentacion_hosteleria,Alimentación y Hostelería,4022.74
2025-09-01,RN-MAD-ES03,A,moda_belleza,Moda y Belleza,267722.07
2025-09-01,RN-MAD-ES03,A,hogar_electronica,"Hogar, Electrónica y Electrodomésticos",39898.24
2025-09-01,RN-MAD-ES03,A,alimentacion_hosteleria,Alimentación y Hostelería,5146.9
2025-09-01,RN-MAD-ES04,A,moda_belleza,Moda y Belleza,258096.91
2025-09-01,RN-MAD-ES04,A,hogar_electronica,"Hogar, Electrónica y Electrodomésticos",38463.82
2025-09-01,RN-MAD-ES04,A,alimentacion_hosteleria,Alimentación y Hostelería,4961.86
2025-09-01,RN-MAD-ES05,A,moda_belleza,Moda y Belleza,230124.09
2025-09-01,RN-MAD-ES05,A,hogar_electronica,"Hogar, Electrónica y Electrodomésticos",34295.07
2025-09-01,RN-MAD-ES05,A,alimentacion_hosteleria,Alimentación y Hostelería,4424.09
2025-09-01,RN-MAD-ES06,A,moda_belleza,Moda y Belleza,263160.36
2025-09-01,RN-MAD-ES06,A,hogar_electronica,"Hogar, Electrónica y Electrodomésticos",39218.41
2025-09-01,RN-MAD-ES06,A,alimentacion_hosteleria,Alimentación y Hostelería,5059.21
2025-09-01,RN-MAD-ES07,A,moda_belleza,Moda y Belleza,272559.01
2025-09-01,RN-MAD-ES07,A,hogar_electronica,"Hogar, Electrónica y Electrodomésticos",40619.08
2025-09-01,RN-MAD-ES07,A,alimentacion_hosteleria,Alimentación y Hostelería,5239.89
2025-09-01,RN-MAD-ES08,A,moda_belleza,Moda y Belleza,278566.83
2025-09-01,RN-MAD-ES08,A,hogar_electronica,"Hogar, Electrónica y Electrodomésticos",41514.42
2025-09-01,RN-MAD-ES08,A,alimentacion_hosteleria,Alimentación y Hostelería,5355.39
2025-09-01,RN-MAD-ES09,A,moda_belleza,Moda y Belleza,258013.72
2025-09-01,RN-MAD-ES09,A,hogar_electronica,"Hogar, Electrónica y Electrodomésticos",38451.42
2025-09-01,RN-MAD-ES09,A,alimentacion_hosteleria,Alimentación y Hostelería,4960.26
2025-09-01,RN-MAD-ES10,A,moda_belleza,Moda y Belleza,271713.8
2025-09-01,RN-MAD-ES10,A,hogar_electronica,"Hogar, Electrónica y Electrodomésticos",40493.12
2025-09-01,RN-MAD-ES10,A,alimentacion_hosteleria,Alimentación y Hostelería,5223.64
2025-09-01,RN-MAD-ES11,A,moda_belleza,Moda y Belleza,224828.09
2025-09-01,RN-MAD-ES11,A,hogar_electronica,"Hogar, Electrónica y Electrodomésticos",33505.81
2025-09-01,RN-MAD-ES11,A,alimentacion_hosteleria,Alimentación y Hostelería,4322.28
2025-09-01,RN-MAD-ES12,A,moda_belleza,Moda y Belleza,281341.21
2025-09-01,RN-MAD-ES12,A,hogar_electronica,"Hogar, Electrónica y Electrodomésticos",41927.88
2025-09-01,RN-MAD-ES12,A,alimentacion_hosteleria,Alimentación y Hostelería,5408.73
2025-09-01,RN-MAD-ES13,A,moda_belleza,Moda y Belleza,259744.06
2025-09-01,RN-MAD-ES13,A,hogar_electronica,"Hogar, Electrónica y Electrodomésticos",38709.29
2025-09-01,RN-MAD-ES13,A,alimentacion_hosteleria,Alimentación y Hostelería,4993.53
2025-09-01,RN-MAD-ES14,A,moda_belleza,Moda y Belleza,207979.2
2025-09-01,RN-MAD-ES14,A,hogar_electronica,"Hogar, Electrónica y Electrodomésticos",30994.84
2025-09-01,RN-MAD-ES14,A,alimentacion_hosteleria,Alimentación y Hostelería,3998.36
2025-09-01,RN-MAD-ES15,A,moda_belleza,Moda y Belleza,239538.33
2025-09-01,RN-MAD-ES15,A,hogar_electronica,"Hogar, Electrónica y Electrodomésticos",35698.06
2025-09-01,RN-MAD-ES15,A,alimentacion_hosteleria,Alimentación y Hostelería,4605.08
2025-09-01,RN-MAD-ES16,A,moda_belleza,Moda y Belleza,246217.58
2025-09-01,RN-MAD-ES16,A,hogar_electronica,"Hogar, Electrónica y Electrodomésticos",36693.46
2025-09-01,RN-MAD-ES16,A,alimentacion_hosteleria,Alimentación y Hostelería,4733.48
2025-09-01,RN-MAD-ES17,A,moda_belleza,Moda y Belleza,263792.57
2025-09-01,RN-MAD-ES17,A,hogar_electronica,"Hogar, Electrónica y Electrodomésticos",39312.63
2025-09-01,RN-MAD-ES17,A,alimentacion_hosteleria,Alimentación y Hostelería,5071.36
2025-09-01,RN-MAD-ES18,A,moda_belleza,Moda y Belleza,288214.55
2025-09-01,RN-MAD-ES18,A,hogar_electronica,"Hogar, Electrónica y Electrodomésticos",42952.2
2025-09-01,RN-MAD-ES18,A,alimentacion_hosteleria,Alimentación y Hostelería,5540.87
2025-09-01,RN-MAD-ES19,A,moda_belleza,Moda y Belleza,265721.09
2025-09-01,RN-MAD-ES19,A,hogar_electronica,"Hogar, Electrónica y Electrodomésticos",39600.04
2025-09-01,RN-MAD-ES19,A,alimentacion_hosteleria,Alimentación y Hostelería,5108.44
2025-09-01,RN-MAD-ES20,A,moda_belleza,Moda y Belleza,256828.49
2025-09-01,RN-MAD-ES20,A,hogar_electronica,"Hogar, Electrónica y Electrodomésticos",38274.78
2025-09-01,RN-MAD-ES20,A,alimentacion_hosteleria,Alimentación y Hostelería,4937.48
2025-09-01,RN-MAD-GA01,A,moda_belleza,Moda y Belleza,2403884.37
2025-09-01,RN-MAD-GA01,A,hogar_electronica,"Hogar, Electrónica y Electrodomésticos",2604303.38
2025-09-01,RN-MAD-GA01,A,alimentacion_hosteleria,Alimentación y Hostelería,707278.32
2025-09-01,RN-MAD-GA02,A,moda_belleza,Moda y Belleza,1597965.27
2025-09-01,RN-MAD-GA02,A,hogar_electronica,"Hogar, Electrónica y Electrodomésticos",1731192.39
2025-09-01,RN-MAD-GA02,A,alimentacion_hosteleria,Alimentación y Hostelería,470158.3
2025-09-01,RN-MAD-GA03,A,moda_belleza,Moda y Belleza,1932242.29
2025-09-01,RN-MAD-GA03,A,hogar_electronica,"Hogar, Electrónica y Electrodomésticos",2093339.09
2025-09-01,RN-MAD-GA03,A,alimentacion_hosteleria,Alimentación y Hostelería,568510.32
2025-09-01,RN-MAD-HI01,A,moda_belleza,Moda y Belleza,80196.75
2025-09-01,RN-MAD-HI01,A,hogar_electronica,"Hogar, Electrónica y Electrodomésticos",184054.76
2025-09-01,RN-MAD-HI01,A,alimentacion_hosteleria,Alimentación y Hostelería,661417.98
2025-09-01,RN-MAD-HI02,A,moda_belleza,Moda y Belleza,69974.95
2025-09-01,RN-MAD-HI02,A,hogar_electronica,"Hogar, Electrónica y Electrodomésticos",160595.32
2025-09-01,RN-MAD-HI02,A,alimentacion_hosteleria,Alimentación y Hostelería,577114.31
2025-09-01,RN-MAD-HI03,A,moda_belleza,Moda y Belleza,79949.27
2025-09-01,RN-MAD-HI03,A,hogar_electronica,"Hogar, Electrónica y Electrodomésticos",183486.77
2025-09-01,RN-MAD-HI03,A,alimentacion_hosteleria,Alimentación y Hostelería,659376.89
2025-09-01,RN-MAD-HI04,A,moda_belleza,Moda y Belleza,90155.85
2025-09-01,RN-MAD-HI04,A,hogar_electronica,"Hogar, Electrónica y Electrodomésticos",206911.3
2025-09-01,RN-MAD-HI04,A,alimentacion_hosteleria,Alimentación y Hostelería,743555.1
2025-09-01,RN-MAD-HI05,A,moda_belleza,Moda y Belleza,88182.77
2025-09-01,RN-MAD-HI05,A,hogar_electronica,"Hogar, Electrónica y Electrodomésticos",202382.99
2025-09-01,RN-MAD-HI05,A,alimentacion_hosteleria,Alimentación y Hostelería,727282.2
2025-09-01,RN-SEV-CV01,D,moda_belleza,Moda y Belleza,10508.77
2025-09-01,RN-SEV-CV01,D,hogar_electronica,"Hogar, Electrónica y Electrodomésticos",30770.58
2025-09-01,RN-SEV-CV01,D,alimentacion_hosteleria,Alimentación y Hostelería,101770.55
2025-09-01,RN-SEV-CV02,D,moda_belleza,Moda y Belleza,12596.99
2025-09-01,RN-SEV-CV02,D,hogar_electronica,"Hogar, Electrónica y Electrodomésticos",36885.05
2025-09-01,RN-SEV-CV02,D,alimentacion_hosteleria,Alimentación y Hostelería,121993.53
2025-09-01,RN-SEV-CV03,D,moda_belleza,Moda y Belleza,9952.13
2025-09-01,RN-SEV-CV03,D,hogar_electronica,"Hogar, Electrónica y Electrodomésticos",29140.68
2025-09-01,RN-SEV-CV03,D,alimentacion_hosteleria,Alimentación y Hostelería,96379.82
2025-09-01,RN-SEV-CV04,D,moda_belleza,Moda y Belleza,9813.35
2025-09-01,RN-SEV-CV04,D,hogar_electronica,"Hogar, Electrónica y Electrodomésticos",28734.31
2025-09-01,RN-SEV-CV04,D,alimentacion_hosteleria,Alimentación y Hostelería,95035.79
2025-09-01,RN-SEV-CV05,D,moda_belleza,Moda y Belleza,9410.59
2025-09-01,RN-SEV-CV05,D,hogar_electronica,"Hogar, Electrónica y Electrodomésticos",27555.01
2025-09-01,RN-SEV-CV05,D,alimentacion_hosteleria,Alimentación y Hostelería,91135.37
2025-09-01,RN-SEV-CV06,D,moda_belleza,Moda y Belleza,10755.39
2025-09-01,RN-SEV-CV06,D,hogar_electronica,"Hogar, Electrónica y Electrodomésticos",31492.71
2025-09-01,RN-SEV-CV06,D,alimentacion_hosteleria,Alimentación y Hostelería,104158.91
2025-09-01,RN-SEV-CV07,D,moda_belleza,Moda y Belleza,10171.64
2025-09-01,RN-SEV-CV07,D,hogar_electronica,"Hogar, Electrónica y Electrodomésticos",29783.41
2025-09-01,RN-SEV-CV07,D,alimentacion_hosteleria,Alimentación y Hostelería,98505.59
2025-09-01,RN-SEV-CV08,D,moda_belleza,Moda y Belleza,11753.3
2025-09-01,RN-SEV-CV08,D,hogar_electronica,"Hogar, Electrónica y Electrodomésticos",34414.66
2025-09-01,RN-SEV-CV08,D,alimentacion_hosteleria,Alimentación y Hostelería,113822.96
2025-09-01,RN-SEV-CV09,D,moda_belleza,Moda y Belleza,11263.54
2025-09-01,RN-SEV-CV09,D,hogar_electronica,"Hogar, Electrónica y Electrodomésticos",32980.59
2025-09-01,RN-SEV-CV09,D,alimentacion_hosteleria,Alimentación y Hostelería,109079.94
2025-09-01,RN-SEV-CV10,D,moda_belleza,Moda y Belleza,11332.75
2025-09-01,RN-SEV-CV10,D,hogar_electronica,"Hogar, Electrónica y Electrodomésticos",33183.26
2025-09-01,RN-SEV-CV10,D,alimentacion_hosteleria,Alimentación y Hostelería,109750.22
2025-09-01,RN-SEV-ES01,D,moda_belleza,Moda y Belleza,202163.94
2025-09-01,RN-SEV-ES01,D,hogar_electronica,"Hogar, Electrónica y Electrodomésticos",44844.94
2025-09-01,RN-SEV-ES01,D,alimentacion_hosteleria,Alimentación y Hostelería,3140.9
2025-09-01,RN-SEV-ES02,D,moda_belleza,Moda y Belleza,174849.34
2025-09-01,RN-SEV-ES02,D,hogar_electronica,"Hogar, Electrónica y Electrodomésticos",38785.89
2025-09-01,RN-SEV-ES02,D,alimentacion_hosteleria,Alimentación y Hostelería,2716.53
2025-09-01,RN-SEV-ES03,D,moda_belleza,Moda y Belleza,189897.7
2025-09-01,RN-SEV-ES03,D,hogar_electronica,"Hogar, Electrónica y Electrodomésticos",42123.99
2025-09-01,RN-SEV-ES03,D,alimentacion_hosteleria,Alimentación y Hostelería,2950.32
2025-09-01,RN-SEV-ES04,D,moda_belleza,Moda y Belleza,153560.47
2025-09-01,RN-SEV-ES04,D,hogar_electronica,"Hogar, Electrónica y Electrodomésticos",34063.49
2025-09-01,RN-SEV-ES04,D,alimentacion_hosteleria,Alimentación y Hostelería,2385.77
2025-09-01,RN-SEV-ES05,D,moda_belleza,Moda y Belleza,149650.28
2025-09-01,RN-SEV-ES05,D,hogar_electronica,"Hogar, Electrónica y Electrodomésticos",33196.12
2025-09-01,RN-SEV-ES05,D,alimentacion_hosteleria,Alimentación y Hostelería,2325.02
2025-09-01,RN-SEV-ES06,D,moda_belleza,Moda y Belleza,204661.23
2025-09-01,RN-SEV-ES06,D,hogar_electronica,"Hogar, Electrónica y Electrodomésticos",45398.9
2025-09-01,RN-SEV-ES06,D,alimentacion_hosteleria,Alimentación y Hostelería,3179.69
2025-09-01,RN-SEV-ES07,D,moda_belleza,Moda y Belleza,212922.74
2025-09-01,RN-SEV-ES07,D,hogar_electronica,"Hogar, Electrónica y Electrodomésticos",47231.51
2025-09-01,RN-SEV-ES07,D,alimentacion_hosteleria,Alimentación y Hostelería,3308.05
2025-09-01,RN-SEV-ES08,D,moda_belleza,Moda y Belleza,196925.92
2025-09-01,RN-SEV-ES08,D,hogar_electronica,"Hogar, Electrónica y Electrodomésticos",43683.02
2025-09-01,RN-SEV-ES08,D,alimentacion_hosteleria,Alimentación y Hostelería,3059.52
2025-09-01,RN-SEV-ES09,D,moda_belleza,Moda y Belleza,179149.58
2025-09-01,RN-SEV-ES09,D,hogar_electronica,"Hogar, Electrónica y Electrodomésticos",39739.79
2025-09-01,RN-SEV-ES09,D,alimentacion_hosteleria,Alimentación y Hostelería,2783.34
2025-09-01,RN-SEV-ES10,D,moda_belleza,Moda y Belleza,183305.13
2025-09-01,RN-SEV-ES10,D,hogar_electronica,"Hogar, Electrónica y Electrodomésticos",40661.59
2025-09-01,RN-SEV-ES10,D,alimentacion_hosteleria,Alimentación y Hostelería,2847.9
2025-09-01,RN-SEV-ES11,D,moda_belleza,Moda y Belleza,182323.78
2025-09-01,RN-SEV-ES11,D,hogar_electronica,"Hogar, Electrónica y Electrodomésticos",40443.9
2025-09-01,RN-SEV-ES11,D,alimentacion_hosteleria,Alimentación y Hostelería,2832.65
2025-09-01,RN-SEV-ES12,D,moda_belleza,Moda y Belleza,172921.55
2025-09-01,RN-SEV-ES12,D,hogar_electronica,"Hogar, Electrónica y Electrodomésticos",38358.26
2025-09-01,RN-SEV-ES12,D,alimentacion_hosteleria,Alimentación y Hostelería,2686.57
2025-09-01,RN-SEV-GA01,D,moda_belleza,Moda y Belleza,776865.01
2025-09-01,RN-SEV-GA01,D,hogar_electronica,"Hogar, Electrónica y Electrodomésticos",1252748.1
2025-09-01,RN-SEV-GA01,D,alimentacion_hosteleria,Alimentación y Hostelería,184718.39
2025-09-01,RN-SEV-HI01,D,moda_belleza,Moda y Belleza,54418.26
2025-09-01,RN-SEV-HI01,D,hogar_electronica,"Hogar, Electrónica y Electrodomésticos",185898.18
2025-09-01,RN-SEV-HI01,D,alimentacion_hosteleria,Alimentación y Hostelería,362703.47
2025-09-01,RN-SEV-HI02,D,moda_belleza,Moda y Belleza,59917.24
2025-09-01,RN-SEV-HI02,D,hogar_electronica,"Hogar, Electrónica y Electrodomésticos",204683.25
2025-09-01,RN-SEV-HI02,D,alimentacion_hosteleria,Alimentación y Hostelería,399354.75
2025-09-01,RN-SEV-HI03,D,moda_belleza,Moda y Belleza,51278.59
2025-09-01,RN-SEV-HI03,D,hogar_electronica,"Hogar, Electrónica y Electrodomésticos",175172.74
2025-09-01,RN-SEV-HI03,D,alimentacion_hosteleria,Alimentación y Hostelería,341777.19
2025-09-01,RN-SEV-HI04,D,moda_belleza,Moda y Belleza,67618.14
2025-09-01,RN-SEV-HI04,D,hogar_electronica,"Hogar, Electrónica y Electrodomésticos",230990.27
2025-09-01,RN-SEV-HI04,D,alimentacion_hosteleria,Alimentación y Hostelería,450682.05
2025-09-01,RN-VLC-CV01,C,moda_belleza,Moda y Belleza,7314.37
2025-09-01,RN-VLC-CV01,C,hogar_electronica,"Hogar, Electrónica y Electrodomésticos",15355.28
2025-09-01,RN-VLC-CV01,C,alimentacion_hosteleria,Alimentación y Hostelería,138703.59
2025-09-01,RN-VLC-CV02,C,moda_belleza,Moda y Belleza,7512.6
2025-09-01,RN-VLC-CV02,C,hogar_electronica,"Hogar, Electrónica y Electrodomésticos",15771.41
2025-09-01,RN-VLC-CV02,C,alimentacion_hosteleria,Alimentación y Hostelería,142462.51
2025-09-01,RN-VLC-CV03,C,moda_belleza,Moda y Belleza,8326.94
2025-09-01,RN-VLC-CV03,C,hogar_electronica,"Hogar, Electrónica y Electrodomésticos",17480.99
2025-09-01,RN-VLC-CV03,C,alimentacion_hosteleria,Alimentación y Hostelería,157905.07
2025-09-01,RN-VLC-CV04,C,moda_belleza,Moda y Belleza,6831.26
2025-09-01,RN-VLC-CV04,C,hogar_electronica,"Hogar, Electrónica y Electrodomésticos",14341.05
2025-09-01,RN-VLC-CV04,C,alimentacion_hosteleria,Alimentación y Hostelería,129542.15
2025-09-01,RN-VLC-CV05,C,moda_belleza,Moda y Belleza,5801.83
2025-09-01,RN-VLC-CV05,C,hogar_electronica,"Hogar, Electrónica y Electrodomésticos",12179.94
2025-09-01,RN-VLC-CV05,C,alimentacion_hosteleria,Alimentación y Hostelería,110020.91
2025-09-01,RN-VLC-CV06,C,moda_belleza,Moda y Belleza,8483.85
2025-09-01,RN-VLC-CV06,C,hogar_electronica,"Hogar, Electrónica y Electrodomésticos",17810.4
2025-09-01,RN-VLC-CV06,C,alimentacion_hosteleria,Alimentación y Hostelería,160880.6
2025-09-01,RN-VLC-CV07,C,moda_belleza,Moda y Belleza,6878.21
2025-09-01,RN-VLC-CV07,C,hogar_electronica,"Hogar, Electrónica y Electrodomésticos",14439.63
2025-09-01,RN-VLC-CV07,C,alimentacion_hosteleria,Alimentación y Hostelería,130432.57
2025-09-01,RN-VLC-CV08,C,moda_belleza,Moda y Belleza,5946.79
2025-09-01,RN-VLC-CV08,C,hogar_electronica,"Hogar, Electrónica y Electrodomésticos",12484.26
2025-09-01,RN-VLC-CV08,C,alimentacion_hosteleria,Alimentación y Hostelería,112769.82
2025-09-01,RN-VLC-CV09,C,moda_belleza,Moda y Belleza,6363.9
2025-09-01,RN-VLC-CV09,C,hogar_electronica,"Hogar, Electrónica y Electrodomésticos",13359.92
2025-09-01,RN-VLC-CV09,C,alimentacion_hosteleria,Alimentación y Hostelería,120679.65
2025-09-01,RN-VLC-ES01,C,moda_belleza,Moda y Belleza,209433.24
2025-09-01,RN-VLC-ES01,C,hogar_electronica,"Hogar, Electrónica y Electrodomésticos",33308.27
2025-09-01,RN-VLC-ES01,C,alimentacion_hosteleria,Alimentación y Hostelería,6371.41
2025-09-01,RN-VLC-ES02,C,moda_belleza,Moda y Belleza,158944.53
2025-09-01,RN-VLC-ES02,C,hogar_electronica,"Hogar, Electrónica y Electrodomésticos",25278.55
2025-09-01,RN-VLC-ES02,C,alimentacion_hosteleria,Alimentación y Hostelería,4835.44
2025-09-01,RN-VLC-ES03,C,moda_belleza,Moda y Belleza,177901.14
2025-09-01,RN-VLC-ES03,C,hogar_electronica,"Hogar, Electrónica y Electrodomésticos",28293.41
2025-09-01,RN-VLC-ES03,C,alimentacion_hosteleria,Alimentación y Hostelería,5412.14
2025-09-01,RN-VLC-ES04,C,moda_belleza,Moda y Belleza,195392.41
2025-09-01,RN-VLC-ES04,C,hogar_electronica,"Hogar, Electrónica y Electrodomésticos",31075.22
2025-09-01,RN-VLC-ES04,C,alimentacion_hosteleria,Alimentación y Hostelería,5944.26
2025-09-01,RN-VLC-ES05,C,moda_belleza,Moda y Belleza,185600.42
2025-09-01,RN-VLC-ES05,C,hogar_electronica,"Hogar, Electrónica y Electrodomésticos",29517.9
2025-09-01,RN-VLC-ES05,C,alimentacion_hosteleria,Alimentación y Hostelería,5646.37
2025-09-01,RN-VLC-ES06,C,moda_belleza,Moda y Belleza,153027.31
2025-09-01,RN-VLC-ES06,C,hogar_electronica,"Hogar, Electrónica y Electrodomésticos",24337.47
2025-09-01,RN-VLC-ES06,C,alimentacion_hosteleria,Alimentación y Hostelería,4655.42
2025-09-01,RN-VLC-ES07,C,moda_belleza,Moda y Belleza,179204.86
2025-09-01,RN-VLC-ES07,C,hogar_electronica,"Hogar, Electrónica y Electrodomésticos",28500.75
2025-09-01,RN-VLC-ES07,C,alimentacion_hosteleria,Alimentación y Hostelería,5451.8
2025-09-01,RN-VLC-ES08,C,moda_belleza,Moda y Belleza,210843.44
2025-09-01,RN-VLC-ES08,C,hogar_electronica,"Hogar, Electrónica y Electrodomésticos",33532.55
2025-09-01,RN-VLC-ES08,C,alimentacion_hosteleria,Alimentación y Hostelería,6414.32
2025-09-01,RN-VLC-ES09,C,moda_belleza,Moda y Belleza,184294.11
2025-09-01,RN-VLC-ES09,C,hogar_electronica,"Hogar, Electrónica y Electrodomésticos",29310.14
2025-09-01,RN-VLC-ES09,C,alimentacion_hosteleria,Alimentación y Hostelería,5606.63
2025-09-01,RN-VLC-ES10,C,moda_belleza,Moda y Belleza,164880.18
2025-09-01,RN-VLC-ES10,C,hogar_electronica,"Hogar, Electrónica y Electrodomésticos",26222.55
2025-09-01,RN-VLC-ES10,C,alimentacion_hosteleria,Alimentación y Hostelería,5016.01
2025-09-01,RN-VLC-GA01,C,moda_belleza,Moda y Belleza,1300996.55
2025-09-01,RN-VLC-GA01,C,hogar_electronica,"Hogar, Electrónica y Electrodomésticos",1504149.82
2025-09-01,RN-VLC-GA01,C,alimentacion_hosteleria,Alimentación y Hostelería,605732.91
2025-09-01,RN-VLC-HI01,C,moda_belleza,Moda y Belleza,51876.45
2025-09-01,RN-VLC-HI01,C,hogar_electronica,"Hogar, Electrónica y Electrodomésticos",127056.67
2025-09-01,RN-VLC-HI01,C,alimentacion_hosteleria,Alimentación y Hostelería,677045.31
2025-09-01,RN-VLC-HI02,C,moda_belleza,Moda y Belleza,52350.7
2025-09-01,RN-VLC-HI02,C,hogar_electronica,"Hogar, Electrónica y Electrodomésticos",128218.22
2025-09-01,RN-VLC-HI02,C,alimentacion_hosteleria,Alimentación y Hostelería,683234.84
2025-09-01,RN-VLC-HI03,C,moda_belleza,Moda y Belleza,56489.41
2025-09-01,RN-VLC-HI03,C,hogar_electronica,"Hogar, Electrónica y Electrodomésticos",138354.81
2025-09-01,RN-VLC-HI03,C,alimentacion_hosteleria,Alimentación y Hostelería,737249.56
2025-09-01,RN-VLC-HI04,C,moda_belleza,Moda y Belleza,46372.11
2025-09-01,RN-VLC-HI04,C,hogar_electronica,"Hogar, Electrónica y Electrodomésticos",113575.35
2025-09-01,RN-VLC-HI04,C,alimentacion_hosteleria,Alimentación y Hostelería,605207.56
2025-09-01,RN-VLC-HI05,C,moda_belleza,Moda y Belleza,53612.53
2025-09-01,RN-VLC-HI05,C,hogar_electronica,"Hogar, Electrónica y Electrodomésticos",131308.71
2025-09-01,RN-VLC-HI05,C,alimentacion_hosteleria,Alimentación y Hostelería,699703.06
2025-09-01,RN-VLC-HI06,C,moda_belleza,Moda y Belleza,47838.13
2025-09-01,RN-VLC-HI06,C,hogar_electronica,"Hogar, Electrónica y Electrodomésticos",117165.96
2025-09-01,RN-VLC-HI06,C,alimentacion_hosteleria,Alimentación y Hostelería,624340.81
2025-09-01,RN-VLC-HI07,C,moda_belleza,Moda y Belleza,40076.77
2025-09-01,RN-VLC-HI07,C,hogar_electronica,"Hogar, Electrónica y Electrodomésticos",98156.7
2025-09-01,RN-VLC-HI07,C,alimentacion_hosteleria,Alimentación y Hostelería,523046.39
2025-10-01,RN-BCN-CV01,B,moda_belleza,Moda y Belleza,11599.21
2025-10-01,RN-BCN-CV01,B,hogar_electronica,"Hogar, Electrónica y Electrodomésticos",25632.88
2025-10-01,RN-BCN-CV01,B,alimentacion_hosteleria,Alimentación y Hostelería,144142.76
2025-10-01,RN-BCN-CV02,B,moda_belleza,Moda y Belleza,12682.57
2025-10-01,RN-BCN-CV02,B,hogar_electronica,"Hogar, Electrónica y Electrodomésticos",28026.97
2025-10-01,RN-BCN-CV02,B,alimentacion_hosteleria,Alimentación y Hostelería,157605.55
2025-10-01,RN-BCN-CV03,B,moda_belleza,Moda y Belleza,13537.97
2025-10-01,RN-BCN-CV03,B,hogar_electronica,"Hogar, Electrónica y Electrodomésticos",29917.31
2025-10-01,RN-BCN-CV03,B,alimentacion_hosteleria,Alimentación y Hostelería,168235.63
2025-10-01,RN-BCN-CV04,B,moda_belleza,Moda y Belleza,10395.09
2025-10-01,RN-BCN-CV04,B,hogar_electronica,"Hogar, Electrónica y Electrodomésticos",22971.92
2025-10-01,RN-BCN-CV04,B,alimentacion_hosteleria,Alimentación y Hostelería,129179.21
2025-10-01,RN-BCN-CV05,B,moda_belleza,Moda y Belleza,10283.21
2025-10-01,RN-BCN-CV05,B,hogar_electronica,"Hogar, Electrónica y Electrodomésticos",22724.67
2025-10-01,RN-BCN-CV05,B,alimentacion_hosteleria,Alimentación y Hostelería,127788.84
2025-10-01,RN-BCN-CV06,B,moda_belleza,Moda y Belleza,10767.92
2025-10-01,RN-BCN-CV06,B,hogar_electronica,"Hogar, Electrónica y Electrodomésticos",23795.82
2025-10-01,RN-BCN-CV06,B,alimentacion_hosteleria,Alimentación y Hostelería,133812.31
2025-10-01,RN-BCN-CV07,B,moda_belleza,Moda y Belleza,11221.43
2025-10-01,RN-BCN-CV07,B,hogar_electronica,"Hogar, Electrónica y Electrodomésticos",24798.03
2025-10-01,RN-BCN-CV07,B,alimentacion_hosteleria,Alimentación y Hostelería,139448.11
2025-10-01,RN-BCN-CV08,B,moda_belleza,Moda y Belleza,11113.77
2025-10-01,RN-BCN-CV08,B,hogar_electronica,"Hogar, Electrónica y Electrodomésticos",24560.11
2025-10-01,RN-BCN-CV08,B,alimentacion_hosteleria,Alimentación y Hostelería,138110.18
2025-10-01,RN-BCN-ES01,B,moda_belleza,Moda y Belleza,190337.32
2025-10-01,RN-BCN-ES01,B,hogar_electronica,"Hogar, Electrónica y Electrodomésticos",31865.36
2025-10-01,RN-BCN-ES01,B,alimentacion_hosteleria,Alimentación y Hostelería,3794.62
2025-10-01,RN-BCN-ES02,B,moda_belleza,Moda y Belleza,226316.2
2025-10-01,RN-BCN-ES02,B,hogar_electronica,"Hogar, Electrónica y Electrodomésticos",37888.78
2025-10-01,RN-BCN-ES02,B,alimentacion_hosteleria,Alimentación y Hostelería,4511.9
2025-10-01,RN-BCN-ES03,B,moda_belleza,Moda y Belleza,235907.15
2025-10-01,RN-BCN-ES03,B,hogar_electronica,"Hogar, Electrónica y Electrodomésticos",39494.45
2025-10-01,RN-BCN-ES03,B,alimentacion_hosteleria,Alimentación y Hostelería,4703.11
2025-10-01,RN-BCN-ES04,B,moda_belleza,Moda y Belleza,216905.69
2025-10-01,RN-BCN-ES04,B,hogar_electronica,"Hogar, Electrónica y Electrodomésticos",36313.31
2025-10-01,RN-BCN-ES04,B,alimentacion_hosteleria,Alimentación y Hostelería,4324.29
2025-10-01,RN-BCN-ES05,B,moda_belleza,Moda y Belleza,232904.98
2025-10-01,RN-BCN-ES05,B,hogar_electronica,"Hogar, Electrónica y Electrodomésticos",38991.84
2025-10-01,RN-BCN-ES05,B,alimentacion_hosteleria,Alimentación y Hostelería,4643.26
2025-10-01,RN-BCN-ES06,B,moda_belleza,Moda y Belleza,231043.08
2025-10-01,RN-BCN-ES06,B,hogar_electronica,"Hogar, Electrónica y Electrodomésticos",38680.13
2025-10-01,RN-BCN-ES06,B,alimentacion_hosteleria,Alimentación y Hostelería,4606.14
2025-10-01,RN-BCN-ES07,B,moda_belleza,Moda y Belleza,231121.54
2025-10-01,RN-BCN-ES07,B,hogar_electronica,"Hogar, Electrónica y Electrodomésticos",38693.26
2025-10-01,RN-BCN-ES07,B,alimentacion_hosteleria,Alimentación y Hostelería,4607.7
2025-10-01,RN-BCN-ES08,B,moda_belleza,Moda y Belleza,178594.31
2025-10-01,RN-BCN-ES08,B,hogar_electronica,"Hogar, Electrónica y Electrodomésticos",29899.41
2025-10-01,RN-BCN-ES08,B,alimentacion_hosteleria,Alimentación y Hostelería,3560.5
2025-10-01,RN-BCN-ES09,B,moda_belleza,Moda y Belleza,230358.21
2025-10-01,RN-BCN-ES09,B,hogar_electronica,"Hogar, Electrónica y Electrodomésticos",38565.47
2025-10-01,RN-BCN-ES09,B,alimentacion_hosteleria,Alimentación y Hostelería,4592.48
2025-10-01,RN-BCN-ES10,B,moda_belleza,Moda y Belleza,208443.19
2025-10-01,RN-BCN-ES10,B,hogar_electronica,"Hogar, Electrónica y Electrodomésticos",34896.56
2025-10-01,RN-BCN-ES10,B,alimentacion_hosteleria,Alimentación y Hostelería,4155.58
2025-10-01,RN-BCN-ES11,B,moda_belleza,Moda y Belleza,222740.89
2025-10-01,RN-BCN-ES11,B,hogar_electronica,"Hogar, Electrónica y Electrodomésticos",37290.22
2025-10-01,RN-BCN-ES11,B,alimentacion_hosteleria,Alimentación y Hostelería,4440.62
2025-10-01,RN-BCN-ES12,B,moda_belleza,Moda y Belleza,196662.59
2025-10-01,RN-BCN-ES12,B,hogar_electronica,"Hogar, Electrónica y Electrodomésticos",32924.31
2025-10-01,RN-BCN-ES12,B,alimentacion_hosteleria,Alimentación y Hostelería,3920.72
2025-10-01,RN-BCN-ES13,B,moda_belleza,Moda y Belleza,225718.46
2025-10-01,RN-BCN-ES13,B,hogar_electronica,"Hogar, Electrónica y Electrodomésticos",37788.71
2025-10-01,RN-BCN-ES13,B,alimentacion_hosteleria,Alimentación y Hostelería,4499.98
2025-10-01,RN-BCN-ES14,B,moda_belleza,Moda y Belleza,241728.14
2025-10-01,RN-BCN-ES14,B,hogar_electronica,"Hogar, Electrónica y Electrodomésticos",40468.97
2025-10-01,RN-BCN-ES14,B,alimentacion_hosteleria,Alimentación y Hostelería,4819.16
2025-10-01,RN-BCN-GA01,B,moda_belleza,Moda y Belleza,1515051.23
2025-10-01,RN-BCN-GA01,B,hogar_electronica,"Hogar, Electrónica y Electrodomésticos",1843871.72
2025-10-01,RN-BCN-GA01,B,alimentacion_hosteleria,Alimentación y Hostelería,462259.75
2025-10-01,RN-BCN-GA02,B,moda_belleza,Moda y Belleza,1826183.27
2025-10-01,RN-BCN-GA02,B,hogar_electronica,"Hogar, Electrónica y Electrodomésticos",2222530.58
2025-10-01,RN-BCN-GA02,B,alimentacion_hosteleria,Alimentación y Hostelería,557189.76
2025-10-01,RN-BCN-HI01,B,moda_belleza,Moda y Belleza,62416.42
2025-10-01,RN-BCN-HI01,B,hogar_electronica,"Hogar, Electrónica y Electrodomésticos",160921.67
2025-10-01,RN-BCN-HI01,B,alimentacion_hosteleria,Alimentación y Hostelería,533826.47
2025-10-01,RN-BCN-HI02,B,moda_belleza,Moda y Belleza,93383.6
2025-10-01,RN-BCN-HI02,B,hogar_electronica,"Hogar, Electrónica y Electrodomésticos",240761.07
2025-10-01,RN-BCN-HI02,B,alimentacion_hosteleria,Alimentación y Hostelería,798678.21
2025-10-01,RN-BCN-HI03,B,moda_belleza,Moda y Belleza,63094.06
2025-10-01,RN-BCN-HI03,B,hogar_electronica,"Hogar, Electrónica y Electrodomésticos",162668.74
2025-10-01,RN-BCN-HI03,B,alimentacion_hosteleria,Alimentación y Hostelería,539622.03
2025-10-01,RN-BCN-HI04,B,moda_belleza,Moda y Belleza,80348.45
2025-10-01,RN-BCN-HI04,B,hogar_electronica,"Hogar, Electrónica y Electrodomésticos",207153.93
2025-10-01,RN-BCN-HI04,B,alimentacion_hosteleria,Alimentación y Hostelería,687193.02
2025-10-01,RN-BIO-CV01,E,moda_belleza,Moda y Belleza,11823.59
2025-10-01,RN-BIO-CV01,E,hogar_electronica,"Hogar, Electrónica y Electrodomésticos",31431.91
2025-10-01,RN-BIO-CV01,E,alimentacion_hosteleria,Alimentación y Hostelería,158807.54
2025-10-01,RN-BIO-CV02,E,moda_belleza,Moda y Belleza,11323.19
2025-10-01,RN-BIO-CV02,E,hogar_electronica,"Hogar, Electrónica y Electrodomésticos",30101.66
2025-10-01,RN-BIO-CV02,E,alimentacion_hosteleria,Alimentación y Hostelería,152086.51
2025-10-01,RN-BIO-CV03,E,moda_belleza,Moda y Belleza,10921.46
2025-10-01,RN-BIO-CV03,E,hogar_electronica,"Hogar, Electrónica y Electrodomésticos",29033.69
2025-10-01,RN-BIO-CV03,E,alimentacion_hosteleria,Alimentación y Hostelería,146690.71
2025-10-01,RN-BIO-CV04,E,moda_belleza,Moda y Belleza,11981.28
2025-10-01,RN-BIO-CV04,E,hogar_electronica,"Hogar, Electrónica y Electrodomésticos",31851.12
2025-10-01,RN-BIO-CV04,E,alimentacion_hosteleria,Alimentación y Hostelería,160925.58
2025-10-01,RN-BIO-ES01,E,moda_belleza,Moda y Belleza,192496.84
2025-10-01,RN-BIO-ES01,E,hogar_electronica,"Hogar, Electrónica y Electrodomésticos",38767.8
2025-10-01,RN-BIO-ES01,E,alimentacion_hosteleria,Alimentación y Hostelería,4147.87
2025-10-01,RN-BIO-ES02,E,moda_belleza,Moda y Belleza,175357.32
2025-10-01,RN-BIO-ES02,E,hogar_electronica,"Hogar, Electrónica y Electrodomésticos",35316.0
2025-10-01,RN-BIO-ES02,E,alimentacion_hosteleria,Alimentación y Hostelería,3778.55
2025-10-01,RN-BIO-ES03,E,moda_belleza,Moda y Belleza,273398.89
2025-10-01,RN-BIO-ES03,E,hogar_electronica,"Hogar, Electrónica y Electrodomésticos",55061.03
2025-10-01,RN-BIO-ES03,E,alimentacion_hosteleria,Alimentación y Hostelería,5891.13
2025-10-01,RN-BIO-ES04,E,moda_belleza,Moda y Belleza,220591.8
2025-10-01,RN-BIO-ES04,E,hogar_electronica,"Hogar, Electrónica y Electrodomésticos",44425.97
2025-10-01,RN-BIO-ES04,E,alimentacion_hosteleria,Alimentación y Hostelería,4753.25
2025-10-01,RN-BIO-ES05,E,moda_belleza,Moda y Belleza,215588.26
2025-10-01,RN-BIO-ES05,E,hogar_electronica,"Hogar, Electrónica y Electrodomésticos",43418.29
2025-10-01,RN-BIO-ES05,E,alimentacion_hosteleria,Alimentación y Hostelería,4645.44
2025-10-01,RN-BIO-ES06,E,moda_belleza,Moda y Belleza,250156.63
2025-10-01,RN-BIO-ES06,E,hogar_electronica,"Hogar, Electrónica y Electrodomésticos",50380.17
2025-10-01,RN-BIO-ES06,E,alimentacion_hosteleria,Alimentación y Hostelería,5390.31
2025-10-01,RN-BIO-ES07,E,moda_belleza,Moda y Belleza,218413.21
2025-10-01,RN-BIO-ES07,E,hogar_electronica,"Hogar, Electrónica y Electrodomésticos",43987.22
2025-10-01,RN-BIO-ES07,E,alimentacion_hosteleria,Alimentación y Hostelería,4706.31
2025-10-01,RN-BIO-GA01,E,moda_belleza,Moda y Belleza,1039157.89
2025-10-01,RN-BIO-GA01,E,hogar_electronica,"Hogar, Electrónica y Electrodomésticos",1521379.53
2025-10-01,RN-BIO-GA01,E,alimentacion_hosteleria,Alimentación y Hostelería,342687.19
2025-10-01,RN-BIO-HI01,E,moda_belleza,Moda y Belleza,72857.77
2025-10-01,RN-BIO-HI01,E,hogar_electronica,"Hogar, Electrónica y Electrodomésticos",225966.57
2025-10-01,RN-BIO-HI01,E,alimentacion_hosteleria,Alimentación y Hostelería,673495.46
2025-10-01,RN-BIO-HI02,E,moda_belleza,Moda y Belleza,54519.66
2025-10-01,RN-BIO-HI02,E,hogar_electronica,"Hogar, Electrónica y Electrodomésticos",169091.36
2025-10-01,RN-BIO-HI02,E,alimentacion_hosteleria,Alimentación y Hostelería,503978.37
2025-10-01,RN-MAD-CV01,A,moda_belleza,Moda y Belleza,11628.34
2025-10-01,RN-MAD-CV01,A,hogar_electronica,"Hogar, Electrónica y Electrodomésticos",22875.0
2025-10-01,RN-MAD-CV01,A,alimentacion_hosteleria,Alimentación y Hostelería,139347.72
2025-10-01,RN-MAD-CV02,A,moda_belleza,Moda y Belleza,12679.73
2025-10-01,RN-MAD-CV02,A,hogar_electronica,"Hogar, Electrónica y Electrodomésticos",24943.28
2025-10-01,RN-MAD-CV02,A,alimentacion_hosteleria,Alimentación y Hostelería,151947.07
2025-10-01,RN-MAD-CV03,A,moda_belleza,Moda y Belleza,11895.44
2025-10-01,RN-MAD-CV03,A,hogar_electronica,"Hogar, Electrónica y Electrodomésticos",23400.45
2025-10-01,RN-MAD-CV03,A,alimentacion_hosteleria,Alimentación y Hostelería,142548.59
2025-10-01,RN-MAD-CV04,A,moda_belleza,Moda y Belleza,13664.5
2025-10-01,RN-MAD-CV04,A,hogar_electronica,"Hogar, Electrónica y Electrodomésticos",26880.49
2025-10-01,RN-MAD-CV04,A,alimentacion_hosteleria,Alimentación y Hostelería,163747.99
2025-10-01,RN-MAD-CV05,A,moda_belleza,Moda y Belleza,10661.5
2025-10-01,RN-MAD-CV05,A,hogar_electronica,"Hogar, Electrónica y Electrodomésticos",20973.06
2025-10-01,RN-MAD-CV05,A,alimentacion_hosteleria,Alimentación y Hostelería,127761.66
2025-10-01,RN-MAD-CV06,A,moda_belleza,Moda y Belleza,11636.88
2025-10-01,RN-MAD-CV06,A,hogar_electronica,"Hogar, Electrónica y Electrodomésticos",22891.8
2025-10-01,RN-MAD-CV06,A,alimentacion_hosteleria,Alimentación y Hostelería,139450.06
2025-10-01,RN-MAD-CV07,A,moda_belleza,Moda y Belleza,11466.8
2025-10-01,RN-MAD-CV07,A,hogar_electronica,"Hogar, Electrónica y Electrodomésticos",22557.22
2025-10-01,RN-MAD-CV07,A,alimentacion_hosteleria,Alimentación y Hostelería,137411.91
2025-10-01,RN-MAD-CV08,A,moda_belleza,Moda y Belleza,14361.63
2025-10-01,RN-MAD-CV08,A,hogar_electronica,"Hogar, Electrónica y Electrodomésticos",28251.87
2025-10-01,RN-MAD-CV08,A,alimentacion_hosteleria,Alimentación y Hostelería,172102.04
2025-10-01,RN-MAD-CV09,A,moda_belleza,Moda y Belleza,14564.2
2025-10-01,RN-MAD-CV09,A,hogar_electronica,"Hogar, Electrónica y Electrodomésticos",28650.37
2025-10-01,RN-MAD-CV09,A,alimentacion_hosteleria,Alimentación y Hostelería,174529.57
2025-10-01,RN-MAD-CV10,A,moda_belleza,Moda y Belleza,13167.76
2025-10-01,RN-MAD-CV10,A,hogar_electronica,"Hogar, Electrónica y Electrodomésticos",25903.31
2025-10-01,RN-MAD-CV10,A,alimentacion_hosteleria,Alimentación y Hostelería,157795.31
2025-10-01,RN-MAD-ES01,A,moda_belleza,Moda y Belleza,294948.71
2025-10-01,RN-MAD-ES01,A,hogar_electronica,"Hogar, Electrónica y Electrodomésticos",43955.79
2025-10-01,RN-MAD-ES01,A,alimentacion_hosteleria,Alimentación y Hostelería,5670.33
2025-10-01,RN-MAD-ES02,A,moda_belleza,Moda y Belleza,202592.39
2025-10-01,RN-MAD-ES02,A,hogar_electronica,"Hogar, Electrónica y Electrodomésticos",30192.06
2025-10-01,RN-MAD-ES02,A,alimentacion_hosteleria,Alimentación y Hostelería,3894.8
2025-10-01,RN-MAD-ES03,A,moda_belleza,Moda y Belleza,255324.05
2025-10-01,RN-MAD-ES03,A,hogar_electronica,"Hogar, Electrónica y Electrodomésticos",38050.58
2025-10-01,RN-MAD-ES03,A,alimentacion_hosteleria,Alimentación y Hostelería,4908.56
2025-10-01,RN-MAD-ES04,A,moda_belleza,Moda y Belleza,249875.66
2025-10-01,RN-MAD-ES04,A,hogar_electronica,"Hogar, Electrónica y Electrodomésticos",37238.61
2025-10-01,RN-MAD-ES04,A,alimentacion_hosteleria,Alimentación y Hostelería,4803.81
2025-10-01,RN-MAD-ES05,A,moda_belleza,Moda y Belleza,214607.72
2025-10-01,RN-MAD-ES05,A,hogar_electronica,"Hogar, Electrónica y Electrodomésticos",31982.68
2025-10-01,RN-MAD-ES05,A,alimentacion_hosteleria,Alimentación y Hostelería,4125.79
2025-10-01,RN-MAD-ES06,A,moda_belleza,Moda y Belleza,247755.7
2025-10-01,RN-MAD-ES06,A,hogar_electronica,"Hogar, Electrónica y Electrodomésticos",36922.68
2025-10-01,RN-MAD-ES06,A,alimentacion_hosteleria,Alimentación y Hostelería,4763.05
2025-10-01,RN-MAD-ES07,A,moda_belleza,Moda y Belleza,255466.08
2025-10-01,RN-MAD-ES07,A,hogar_electronica,"Hogar, Electrónica y Electrodomésticos",38071.75
2025-10-01,RN-MAD-ES07,A,alimentacion_hosteleria,Alimentación y Hostelería,4911.29
2025-10-01,RN-MAD-ES08,A,moda_belleza,Moda y Belleza,263154.99
2025-10-01,RN-MAD-ES08,A,hogar_electronica,"Hogar, Electrónica y Electrodomésticos",39217.61
2025-10-01,RN-MAD-ES08,A,alimentacion_hosteleria,Alimentación y Hostelería,5059.1
2025-10-01,RN-MAD-ES09,A,moda_belleza,Moda y Belleza,235444.03
2025-10-01,RN-MAD-ES09,A,hogar_electronica,"Hogar, Electrónica y Electrodomésticos",35087.89
2025-10-01,RN-MAD-ES09,A,alimentacion_hosteleria,Alimentación y Hostelería,4526.37
2025-10-01,RN-MAD-ES10,A,moda_belleza,Moda y Belleza,248766.09
2025-10-01,RN-MAD-ES10,A,hogar_electronica,"Hogar, Electrónica y Electrodomésticos",37073.26
2025-10-01,RN-MAD-ES10,A,alimentacion_hosteleria,Alimentación y Hostelería,4782.48
2025-10-01,RN-MAD-ES11,A,moda_belleza,Moda y Belleza,210738.73
2025-10-01,RN-MAD-ES11,A,hogar_electronica,"Hogar, Electrónica y Electrodomésticos",31406.09
2025-10-01,RN-MAD-ES11,A,alimentacion_hosteleria,Alimentación y Hostelería,4051.41
2025-10-01,RN-MAD-ES12,A,moda_belleza,Moda y Belleza,264746.86
2025-10-01,RN-MAD-ES12,A,hogar_electronica,"Hogar, Electrónica y Electrodomésticos",39454.85
2025-10-01,RN-MAD-ES12,A,alimentacion_hosteleria,Alimentación y Hostelería,5089.71
2025-10-01,RN-MAD-ES13,A,moda_belleza,Moda y Belleza,254118.33
2025-10-01,RN-MAD-ES13,A,hogar_electronica,"Hogar, Electrónica y Electrodomésticos",37870.89
2025-10-01,RN-MAD-ES13,A,alimentacion_hosteleria,Alimentación y Hostelería,4885.38
2025-10-01,RN-MAD-ES14,A,moda_belleza,Moda y Belleza,200976.8
2025-10-01,RN-MAD-ES14,A,hogar_electronica,"Hogar, Electrónica y Electrodomésticos",29951.29
2025-10-01,RN-MAD-ES14,A,alimentacion_hosteleria,Alimentación y Hostelería,3863.74
2025-10-01,RN-MAD-ES15,A,moda_belleza,Moda y Belleza,230167.39
2025-10-01,RN-MAD-ES15,A,hogar_electronica,"Hogar, Electrónica y Electrodomésticos",34301.52
2025-10-01,RN-MAD-ES15,A,alimentacion_hosteleria,Alimentación y Hostelería,4424.92
2025-10-01,RN-MAD-ES16,A,moda_belleza,Moda y Belleza,230318.23
2025-10-01,RN-MAD-ES16,A,hogar_electronica,"Hogar, Electrónica y Electrodomésticos",34324.0
2025-10-01,RN-MAD-ES16,A,alimentacion_hosteleria,Alimentación y Hostelería,4427.82
2025-10-01,RN-MAD-ES17,A,moda_belleza,Moda y Belleza,241625.24
2025-10-01,RN-MAD-ES17,A,hogar_electronica,"Hogar, Electrónica y Electrodomésticos",36009.07
2025-10-01,RN-MAD-ES17,A,alimentacion_hosteleria,Alimentación y Hostelería,4645.2
2025-10-01,RN-MAD-ES18,A,moda_belleza,Moda y Belleza,275481.09
2025-10-01,RN-MAD-ES18,A,hogar_electronica,"Hogar, Electrónica y Electrodomésticos",41054.56
2025-10-01,RN-MAD-ES18,A,alimentacion_hosteleria,Alimentación y Hostelería,5296.07
2025-10-01,RN-MAD-ES19,A,moda_belleza,Moda y Belleza,248024.39
2025-10-01,RN-MAD-ES19,A,hogar_electronica,"Hogar, Electrónica y Electrodomésticos",36962.72
2025-10-01,RN-MAD-ES19,A,alimentacion_hosteleria,Alimentación y Hostelería,4768.22
2025-10-01,RN-MAD-ES20,A,moda_belleza,Moda y Belleza,240293.99
2025-10-01,RN-MAD-ES20,A,hogar_electronica,"Hogar, Electrónica y Electrodomésticos",35810.67
2025-10-01,RN-MAD-ES20,A,alimentacion_hosteleria,Alimentación y Hostelería,4619.61
2025-10-01,RN-MAD-GA01,A,moda_belleza,Moda y Belleza,2202301.43
2025-10-01,RN-MAD-GA01,A,hogar_electronica,"Hogar, Electrónica y Electrodomésticos",2385913.87
2025-10-01,RN-MAD-GA01,A,alimentacion_hosteleria,Alimentación y Hostelería,647967.96
2025-10-01,RN-MAD-GA02,A,moda_belleza,Moda y Belleza,1510503.82
2025-10-01,RN-MAD-GA02,A,hogar_electronica,"Hogar, Electrónica y Electrodomésticos",1636439.03
2025-10-01,RN-MAD-GA02,A,alimentacion_hosteleria,Alimentación y Hostelería,444425.12
2025-10-01,RN-MAD-GA03,A,moda_belleza,Moda y Belleza,1867929.56
2025-10-01,RN-MAD-GA03,A,hogar_electronica,"Hogar, Electrónica y Electrodomésticos",2023664.42
2025-10-01,RN-MAD-GA03,A,alimentacion_hosteleria,Alimentación y Hostelería,549588.03
2025-10-01,RN-MAD-HI01,A,moda_belleza,Moda y Belleza,84658.15
2025-10-01,RN-MAD-HI01,A,hogar_electronica,"Hogar, Electrónica y Electrodomésticos",194293.85
2025-10-01,RN-MAD-HI01,A,alimentacion_hosteleria,Alimentación y Hostelería,698213.11
2025-10-01,RN-MAD-HI02,A,moda_belleza,Moda y Belleza,73203.31
2025-10-01,RN-MAD-HI02,A,hogar_electronica,"Hogar, Electrónica y Electrodomésticos",168004.54
2025-10-01,RN-MAD-HI02,A,alimentacion_hosteleria,Alimentación y Hostelería,603740.04
2025-10-01,RN-MAD-HI03,A,moda_belleza,Moda y Belleza,81202.77
2025-10-01,RN-MAD-HI03,A,hogar_electronica,"Hogar, Electrónica y Electrodomésticos",186363.61
2025-10-01,RN-MAD-HI03,A,alimentacion_hosteleria,Alimentación y Hostelería,669715.06
2025-10-01,RN-MAD-HI04,A,moda_belleza,Moda y Belleza,88663.28
2025-10-01,RN-MAD-HI04,A,hogar_electronica,"Hogar, Electrónica y Electrodomésticos",203485.78
2025-10-01,RN-MAD-HI04,A,alimentacion_hosteleria,Alimentación y Hostelería,731245.18
2025-10-01,RN-MAD-HI05,A,moda_belleza,Moda y Belleza,87606.66
2025-10-01,RN-MAD-HI05,A,hogar_electronica,"Hogar, Electrónica y Electrodomésticos",201060.81
2025-10-01,RN-MAD-HI05,A,alimentacion_hosteleria,Alimentación y Hostelería,722530.83
2025-10-01,RN-SEV-CV01,D,moda_belleza,Moda y Belleza,10870.19
2025-10-01,RN-SEV-CV01,D,hogar_electronica,"Hogar, Electrónica y Electrodomésticos",31828.84
2025-10-01,RN-SEV-CV01,D,alimentacion_hosteleria,Alimentación y Hostelería,105270.62
2025-10-01,RN-SEV-CV02,D,moda_belleza,Moda y Belleza,12481.31
2025-10-01,RN-SEV-CV02,D,hogar_electronica,"Hogar, Electrónica y Electrodomésticos",36546.32
2025-10-01,RN-SEV-CV02,D,alimentacion_hosteleria,Alimentación y Hostelería,120873.22
2025-10-01,RN-SEV-CV03,D,moda_belleza,Moda y Belleza,10375.8
2025-10-01,RN-SEV-CV03,D,hogar_electronica,"Hogar, Electrónica y Electrodomésticos",30381.23
2025-10-01,RN-SEV-CV03,D,alimentacion_hosteleria,Alimentación y Hostelería,100482.81
2025-10-01,RN-SEV-CV04,D,moda_belleza,Moda y Belleza,9522.6
2025-10-01,RN-SEV-CV04,D,hogar_electronica,"Hogar, Electrónica y Electrodomésticos",27882.99
2025-10-01,RN-SEV-CV04,D,alimentacion_hosteleria,Alimentación y Hostelería,92220.14
2025-10-01,RN-SEV-CV05,D,moda_belleza,Moda y Belleza,9109.9
2025-10-01,RN-SEV-CV05,D,hogar_electronica,"Hogar, Electrónica y Electrodomésticos",26674.55
2025-10-01,RN-SEV-CV05,D,alimentacion_hosteleria,Alimentación y Hostelería,88223.35
2025-10-01,RN-SEV-CV06,D,moda_belleza,Moda y Belleza,10566.84
2025-10-01,RN-SEV-CV06,D,hogar_electronica,"Hogar, Electrónica y Electrodomésticos",30940.62
2025-10-01,RN-SEV-CV06,D,alimentacion_hosteleria,Alimentación y Hostelería,102332.93
2025-10-01,RN-SEV-CV07,D,moda_belleza,Moda y Belleza,9962.52
2025-10-01,RN-SEV-CV07,D,hogar_electronica,"Hogar, Electrónica y Electrodomésticos",29171.12
2025-10-01,RN-SEV-CV07,D,alimentacion_hosteleria,Alimentación y Hostelería,96480.48
2025-10-01,RN-SEV-CV08,D,moda_belleza,Moda y Belleza,11845.23
2025-10-01,RN-SEV-CV08,D,hogar_electronica,"Hogar, Electrónica y Electrodomésticos",34683.83
2025-10-01,RN-SEV-CV08,D,alimentacion_hosteleria,Alimentación y Hostelería,114713.21
2025-10-01,RN-SEV-CV09,D,moda_belleza,Moda y Belleza,11449.01
2025-10-01,RN-SEV-CV09,D,hogar_electronica,"Hogar, Electrónica y Electrodomésticos",33523.67
2025-10-01,RN-SEV-CV09,D,alimentacion_hosteleria,Alimentación y Hostelería,110876.1
2025-10-01,RN-SEV-CV10,D,moda_belleza,Moda y Belleza,11279.25
2025-10-01,RN-SEV-CV10,D,hogar_electronica,"Hogar, Electrónica y Electrodomésticos",33026.61
2025-10-01,RN-SEV-CV10,D,alimentacion_hosteleria,Alimentación y Hostelería,109232.14
2025-10-01,RN-SEV-ES01,D,moda_belleza,Moda y Belleza,193120.21
2025-10-01,RN-SEV-ES01,D,hogar_electronica,"Hogar, Electrónica y Electrodomésticos",42838.82
2025-10-01,RN-SEV-ES01,D,alimentacion_hosteleria,Alimentación y Hostelería,3000.39
2025-10-01,RN-SEV-ES02,D,moda_belleza,Moda y Belleza,169470.21
2025-10-01,RN-SEV-ES02,D,hogar_electronica,"Hogar, Electrónica y Electrodomésticos",37592.67
2025-10-01,RN-SEV-ES02,D,alimentacion_hosteleria,Alimentación y Hostelería,2632.95
2025-10-01,RN-SEV-ES03,D,moda_belleza,Moda y Belleza,181653.37
2025-10-01,RN-SEV-ES03,D,hogar_electronica,"Hogar, Electrónica y Electrodomésticos",40295.19
2025-10-01,RN-SEV-ES03,D,alimentacion_hosteleria,Alimentación y Hostelería,2822.24
2025-10-01,RN-SEV-ES04,D,moda_belleza,Moda y Belleza,145668.54
2025-10-01,RN-SEV-ES04,D,hogar_electronica,"Hogar, Electrónica y Electrodomésticos",32312.87
2025-10-01,RN-SEV-ES04,D,alimentacion_hosteleria,Alimentación y Hostelería,2263.16
2025-10-01,RN-SEV-ES05,D,moda_belleza,Moda y Belleza,141270.39
2025-10-01,RN-SEV-ES05,D,hogar_electronica,"Hogar, Electrónica y Electrodomésticos",31337.25
2025-10-01,RN-SEV-ES05,D,alimentacion_hosteleria,Alimentación y Hostelería,2194.83
2025-10-01,RN-SEV-ES06,D,moda_belleza,Moda y Belleza,191548.93
2025-10-01,RN-SEV-ES06,D,hogar_electronica,"Hogar, Electrónica y Electrodomésticos",42490.27
2025-10-01,RN-SEV-ES06,D,alimentacion_hosteleria,Alimentación y Hostelería,2975.98
2025-10-01,RN-SEV-ES07,D,moda_belleza,Moda y Belleza,199234.63
2025-10-01,RN-SEV-ES07,D,hogar_electronica,"Hogar, Electrónica y Electrodomésticos",44195.15
2025-10-01,RN-SEV-ES07,D,alimentacion_hosteleria,Alimentación y Hostelería,3095.38
2025-10-01,RN-SEV-ES08,D,moda_belleza,Moda y Belleza,182641.31
2025-10-01,RN-SEV-ES08,D,hogar_electronica,"Hogar, Electrónica y Electrodomésticos",40514.34
2025-10-01,RN-SEV-ES08,D,alimentacion_hosteleria,Alimentación y Hostelería,2837.58
2025-10-01,RN-SEV-ES09,D,moda_belleza,Moda y Belleza,177437.53
2025-10-01,RN-SEV-ES09,D,hogar_electronica,"Hogar, Electrónica y Electrodomésticos",39360.01
2025-10-01,RN-SEV-ES09,D,alimentacion_hosteleria,Alimentación y Hostelería,2756.74
2025-10-01,RN-SEV-ES10,D,moda_belleza,Moda y Belleza,170999.25
2025-10-01,RN-SEV-ES10,D,hogar_electronica,"Hogar, Electrónica y Electrodomésticos",37931.84
2025-10-01,RN-SEV-ES10,D,alimentacion_hosteleria,Alimentación y Hostelería,2656.71
2025-10-01,RN-SEV-ES11,D,moda_belleza,Moda y Belleza,170952.99
2025-10-01,RN-SEV-ES11,D,hogar_electronica,"Hogar, Electrónica y Electrodomésticos",37921.58
2025-10-01,RN-SEV-ES11,D,alimentacion_hosteleria,Alimentación y Hostelería,2655.99
2025-10-01,RN-SEV-ES12,D,moda_belleza,Moda y Belleza,163419.35
2025-10-01,RN-SEV-ES12,D,hogar_electronica,"Hogar, Electrónica y Electrodomésticos",36250.44
2025-10-01,RN-SEV-ES12,D,alimentacion_hosteleria,Alimentación y Hostelería,2538.94
2025-10-01,RN-SEV-GA01,D,moda_belleza,Moda y Belleza,754010.68
2025-10-01,RN-SEV-GA01,D,hogar_electronica,"Hogar, Electrónica y Electrodomésticos",1215893.92
2025-10-01,RN-SEV-GA01,D,alimentacion_hosteleria,Alimentación y Hostelería,179284.22
2025-10-01,RN-SEV-HI01,D,moda_belleza,Moda y Belleza,51085.67
2025-10-01,RN-SEV-HI01,D,hogar_electronica,"Hogar, Electrónica y Electrodomésticos",174513.71
2025-10-01,RN-SEV-HI01,D,alimentacion_hosteleria,Alimentación y Hostelería,340491.37
2025-10-01,RN-SEV-HI02,D,moda_belleza,Moda y Belleza,59384.9
2025-10-01,RN-SEV-HI02,D,hogar_electronica,"Hogar, Electrónica y Electrodomésticos",202864.72
2025-10-01,RN-SEV-HI02,D,alimentacion_hosteleria,Alimentación y Hostelería,395806.65
2025-10-01,RN-SEV-HI03,D,moda_belleza,Moda y Belleza,52591.72
2025-10-01,RN-SEV-HI03,D,hogar_electronica,"Hogar, Electrónica y Electrodomésticos",179658.52
2025-10-01,RN-SEV-HI03,D,alimentacion_hosteleria,Alimentación y Hostelería,350529.35
2025-10-01,RN-SEV-HI04,D,moda_belleza,Moda y Belleza,69216.31
2025-10-01,RN-SEV-HI04,D,hogar_electronica,"Hogar, Electrónica y Electrodomésticos",236449.78
2025-10-01,RN-SEV-HI04,D,alimentacion_hosteleria,Alimentación y Hostelería,461334.01
2025-10-01,RN-VLC-CV01,C,moda_belleza,Moda y Belleza,7305.2
2025-10-01,RN-VLC-CV01,C,hogar_electronica,"Hogar, Electrónica y Electrodomésticos",15336.02
2025-10-01,RN-VLC-CV01,C,alimentacion_hosteleria,Alimentación y Hostelería,138529.66
2025-10-01,RN-VLC-CV02,C,moda_belleza,Moda y Belleza,7498.8
2025-10-01,RN-VLC-CV02,C,hogar_electronica,"Hogar, Electrónica y Electrodomésticos",15742.45
2025-10-01,RN-VLC-CV02,C,alimentacion_hosteleria,Alimentación y Hostelería,142200.89
2025-10-01,RN-VLC-CV03,C,moda_belleza,Moda y Belleza,8476.98
2025-10-01,RN-VLC-CV03,C,hogar_electronica,"Hogar, Electrónica y Electrodomésticos",17795.97
2025-10-01,RN-VLC-CV03,C,alimentacion_hosteleria,Alimentación y Hostelería,160750.32
2025-10-01,RN-VLC-CV04,C,moda_belleza,Moda y Belleza,6876.22
2025-10-01,RN-VLC-CV04,C,hogar_electronica,"Hogar, Electrónica y Electrodomésticos",14435.45
2025-10-01,RN-VLC-CV04,C,alimentacion_hosteleria,Alimentación y Hostelería,130394.88
2025-10-01,RN-VLC-CV05,C,moda_belleza,Moda y Belleza,5871.16
2025-10-01,RN-VLC-CV05,C,hogar_electronica,"Hogar, Electrónica y Electrodomésticos",12325.49
2025-10-01,RN-VLC-CV05,C,alimentacion_hosteleria,Alimentación y Hostelería,111335.68
2025-10-01,RN-VLC-CV06,C,moda_belleza,Moda y Belleza,8572.07
2025-10-01,RN-VLC-CV06,C,hogar_electronica,"Hogar, Electrónica y Electrodomésticos",17995.59
2025-10-01,RN-VLC-CV06,C,alimentacion_hosteleria,Alimentación y Hostelería,162553.45
2025-10-01,RN-VLC-CV07,C,moda_belleza,Moda y Belleza,7083.99
2025-10-01,RN-VLC-CV07,C,hogar_electronica,"Hogar, Electrónica y Electrodomésticos",14871.61
2025-10-01,RN-VLC-CV07,C,alimentacion_hosteleria,Alimentación y Hostelería,134334.7
2025-10-01,RN-VLC-CV08,C,moda_belleza,Moda y Belleza,6161.51
2025-10-01,RN-VLC-CV08,C,hogar_electronica,"Hogar, Electrónica y Electrodomésticos",12935.04
2025-10-01,RN-VLC-CV08,C,alimentacion_hosteleria,Alimentación y Hostelería,116841.68
2025-10-01,RN-VLC-CV09,C,moda_belleza,Moda y Belleza,6329.96
2025-10-01,RN-VLC-CV09,C,hogar_electronica,"Hogar, Electrónica y Electrodomésticos",13288.66
2025-10-01,RN-VLC-CV09,C,alimentacion_hosteleria,Alimentación y Hostelería,120035.96
2025-10-01,RN-VLC-ES01,C,moda_belleza,Moda y Belleza,198291.9
2025-10-01,RN-VLC-ES01,C,hogar_electronica,"Hogar, Electrónica y Electrodomésticos",31536.36
2025-10-01,RN-VLC-ES01,C,alimentacion_hosteleria,Alimentación y Hostelería,6032.47
2025-10-01,RN-VLC-ES02,C,moda_belleza,Moda y Belleza,145517.72
2025-10-01,RN-VLC-ES02,C,hogar_electronica,"Hogar, Electrónica y Electrodomésticos",23143.15
2025-10-01,RN-VLC-ES02,C,alimentacion_hosteleria,Alimentación y Hostelería,4426.96
2025-10-01,RN-VLC-ES03,C,moda_belleza,Moda y Belleza,165995.36
2025-10-01,RN-VLC-ES03,C,hogar_electronica,"Hogar, Electrónica y Electrodomésticos",26399.91
2025-10-01,RN-VLC-ES03,C,alimentacion_hosteleria,Alimentación y Hostelería,5049.94
2025-10-01,RN-VLC-ES04,C,moda_belleza,Moda y Belleza,180045.78
2025-10-01,RN-VLC-ES04,C,hogar_electronica,"Hogar, Electrónica y Electrodomésticos",28634.49
2025-10-01,RN-VLC-ES04,C,alimentacion_hosteleria,Alimentación y Hostelería,5477.38
2025-10-01,RN-VLC-ES05,C,moda_belleza,Moda y Belleza,177876.41
2025-10-01,RN-VLC-ES05,C,hogar_electronica,"Hogar, Electrónica y Electrodomésticos",28289.47
2025-10-01,RN-VLC-ES05,C,alimentacion_hosteleria,Alimentación y Hostelería,5411.39
2025-10-01,RN-VLC-ES06,C,moda_belleza,Moda y Belleza,144014.08
2025-10-01,RN-VLC-ES06,C,hogar_electronica,"Hogar, Electrónica y Electrodomésticos",22904.01
2025-10-01,RN-VLC-ES06,C,alimentacion_hosteleria,Alimentación y Hostelería,4381.22
2025-10-01,RN-VLC-ES07,C,moda_belleza,Moda y Belleza,171489.2
2025-10-01,RN-VLC-ES07,C,hogar_electronica,"Hogar, Electrónica y Electrodomésticos",27273.65
2025-10-01,RN-VLC-ES07,C,alimentacion_hosteleria,Alimentación y Hostelería,5217.07
2025-10-01,RN-VLC-ES08,C,moda_belleza,Moda y Belleza,198261.73
2025-10-01,RN-VLC-ES08,C,hogar_electronica,"Hogar, Electrónica y Electrodomésticos",31531.56
2025-10-01,RN-VLC-ES08,C,alimentacion_hosteleria,Alimentación y Hostelería,6031.55
2025-10-01,RN-VLC-ES09,C,moda_belleza,Moda y Belleza,177848.46
2025-10-01,RN-VLC-ES09,C,hogar_electronica,"Hogar, Electrónica y Electrodomésticos",28285.03
2025-10-01,RN-VLC-ES09,C,alimentacion_hosteleria,Alimentación y Hostelería,5410.54
2025-10-01,RN-VLC-ES10,C,moda_belleza,Moda y Belleza,155447.24
2025-10-01,RN-VLC-ES10,C,hogar_electronica,"Hogar, Electrónica y Electrodomésticos",24722.34
2025-10-01,RN-VLC-ES10,C,alimentacion_hosteleria,Alimentación y Hostelería,4729.04
2025-10-01,RN-VLC-GA01,C,moda_belleza,Moda y Belleza,1269926.13
2025-10-01,RN-VLC-GA01,C,hogar_electronica,"Hogar, Electrónica y Electrodomésticos",1468227.68
2025-10-01,RN-VLC-GA01,C,alimentacion_hosteleria,Alimentación y Hostelería,591266.78
2025-10-01,RN-VLC-HI01,C,moda_belleza,Moda y Belleza,50034.85
2025-10-01,RN-VLC-HI01,C,hogar_electronica,"Hogar, Electrónica y Electrodomésticos",122546.19
2025-10-01,RN-VLC-HI01,C,alimentacion_hosteleria,Alimentación y Hostelería,653010.35
2025-10-01,RN-VLC-HI02,C,moda_belleza,Moda y Belleza,53089.08
2025-10-01,RN-VLC-HI02,C,hogar_electronica,"Hogar, Electrónica y Electrodomésticos",130026.66
2025-10-01,RN-VLC-HI02,C,alimentacion_hosteleria,Alimentación y Hostelería,692871.44
2025-10-01,RN-VLC-HI03,C,moda_belleza,Moda y Belleza,57412.77
2025-10-01,RN-VLC-HI03,C,hogar_electronica,"Hogar, Electrónica y Electrodomésticos",140616.33
2025-10-01,RN-VLC-HI03,C,alimentacion_hosteleria,Alimentación y Hostelería,749300.45
2025-10-01,RN-VLC-HI04,C,moda_belleza,Moda y Belleza,47869.61
2025-10-01,RN-VLC-HI04,C,hogar_electronica,"Hogar, Electrónica y Electrodomésticos",117243.06
2025-10-01,RN-VLC-HI04,C,alimentacion_hosteleria,Alimentación y Hostelería,624751.61
2025-10-01,RN-VLC-HI05,C,moda_belleza,Moda y Belleza,53244.45
2025-10-01,RN-VLC-HI05,C,hogar_electronica,"Hogar, Electrónica y Electrodomésticos",130407.21
2025-10-01,RN-VLC-HI05,C,alimentacion_hosteleria,Alimentación y Hostelería,694899.27
2025-10-01,RN-VLC-HI06,C,moda_belleza,Moda y Belleza,51457.01
2025-10-01,RN-VLC-HI06,C,hogar_electronica,"Hogar, Electrónica y Electrodomésticos",126029.37
2025-10-01,RN-VLC-HI06,C,alimentacion_hosteleria,Alimentación y Hostelería,671571.13
2025-10-01,RN-VLC-HI07,C,moda_belleza,Moda y Belleza,41049.52
2025-10-01,RN-VLC-HI07,C,hogar_electronica,"Hogar, Electrónica y Electrodomésticos",100539.18
2025-10-01,RN-VLC-HI07,C,alimentacion_hosteleria,Alimentación y Hostelería,535741.85
2025-11-01,RN-BCN-CV01,B,moda_belleza,Moda y Belleza,11957.79
2025-11-01,RN-BCN-CV01,B,hogar_electronica,"Hogar, Electrónica y Electrodomésticos",26425.3
2025-11-01,RN-BCN-CV01,B,alimentacion_hosteleria,Alimentación y Hostelería,148598.83
2025-11-01,RN-BCN-CV02,B,moda_belleza,Moda y Belleza,12962.37
2025-11-01,RN-BCN-CV02,B,hogar_electronica,"Hogar, Electrónica y Electrodomésticos",28645.31
2025-11-01,RN-BCN-CV02,B,alimentacion_hosteleria,Alimentación y Hostelería,161082.69
2025-11-01,RN-BCN-CV03,B,moda_belleza,Moda y Belleza,14379.51
2025-11-01,RN-BCN-CV03,B,hogar_electronica,"Hogar, Electrónica y Electrodomésticos",31777.0
2025-11-01,RN-BCN-CV03,B,alimentacion_hosteleria,Alimentación y Hostelería,178693.32
2025-11-01,RN-BCN-CV04,B,moda_belleza,Moda y Belleza,10766.99
2025-11-01,RN-BCN-CV04,B,hogar_electronica,"Hogar, Electrónica y Electrodomésticos",23793.76
2025-11-01,RN-BCN-CV04,B,alimentacion_hosteleria,Alimentación y Hostelería,133800.76
2025-11-01,RN-BCN-CV05,B,moda_belleza,Moda y Belleza,11420.42
2025-11-01,RN-BCN-CV05,B,hogar_electronica,"Hogar, Electrónica y Electrodomésticos",25237.77
2025-11-01,RN-BCN-CV05,B,alimentacion_hosteleria,Alimentación y Hostelería,141920.91
2025-11-01,RN-BCN-CV06,B,moda_belleza,Moda y Belleza,11638.89
2025-11-01,RN-BCN-CV06,B,hogar_electronica,"Hogar, Electrónica y Electrodomésticos",25720.56
2025-11-01,RN-BCN-CV06,B,alimentacion_hosteleria,Alimentación y Hostelería,144635.81
2025-11-01,RN-BCN-CV07,B,moda_belleza,Moda y Belleza,11812.22
2025-11-01,RN-BCN-CV07,B,hogar_electronica,"Hogar, Electrónica y Electrodomésticos",26103.59
2025-11-01,RN-BCN-CV07,B,alimentacion_hosteleria,Alimentación y Hostelería,146789.74
2025-11-01,RN-BCN-CV08,B,moda_belleza,Moda y Belleza,11960.66
2025-11-01,RN-BCN-CV08,B,hogar_electronica,"Hogar, Electrónica y Electrodomésticos",26431.63
2025-11-01,RN-BCN-CV08,B,alimentacion_hosteleria,Alimentación y Hostelería,148634.39
2025-11-01,RN-BCN-ES01,B,moda_belleza,Moda y Belleza,230155.49
2025-11-01,RN-BCN-ES01,B,hogar_electronica,"Hogar, Electrónica y Electrodomésticos",38531.53
2025-11-01,RN-BCN-ES01,B,alimentacion_hosteleria,Alimentación y Hostelería,4588.44
2025-11-01,RN-BCN-ES02,B,moda_belleza,Moda y Belleza,273026.23
2025-11-01,RN-BCN-ES02,B,hogar_electronica,"Hogar, Electrónica y Electrodomésticos",45708.75
2025-11-01,RN-BCN-ES02,B,alimentacion_hosteleria,Alimentación y Hostelería,5443.13
2025-11-01,RN-BCN-ES03,B,moda_belleza,Moda y Belleza,281636.58
2025-11-01,RN-BCN-ES03,B,hogar_electronica,"Hogar, Electrónica y Electrodomésticos",47150.25
2025-11-01,RN-BCN-ES03,B,alimentacion_hosteleria,Alimentación y Hostelería,5614.78
2025-11-01,RN-BCN-ES04,B,moda_belleza,Moda y Belleza,254143.26
2025-11-01,RN-BCN-ES04,B,hogar_electronica,"Hogar, Electrónica y Electrodomésticos",42547.45
2025-11-01,RN-BCN-ES04,B,alimentacion_hosteleria,Alimentación y Hostelería,5066.67
2025-11-01,RN-BCN-ES05,B,moda_belleza,Moda y Belleza,275470.75
2025-11-01,RN-BCN-ES05,B,hogar_electronica,"Hogar, Electrónica y Electrodomésticos",46118.0
2025-11-01,RN-BCN-ES05,B,alimentacion_hosteleria,Alimentación y Hostelería,5491.86
2025-11-01,RN-BCN-ES06,B,moda_belleza,Moda y Belleza,272545.85
2025-11-01,RN-BCN-ES06,B,hogar_electronica,"Hogar, Electrónica y Electrodomésticos",45628.32
2025-11-01,RN-BCN-ES06,B,alimentacion_hosteleria,Alimentación y Hostelería,5433.55
2025-11-01,RN-BCN-ES07,B,moda_belleza,Moda y Belleza,272390.17
2025-11-01,RN-BCN-ES07,B,hogar_electronica,"Hogar, Electrónica y Electrodomésticos",45602.26
2025-11-01,RN-BCN-ES07,B,alimentacion_hosteleria,Alimentación y Hostelería,5430.44
2025-11-01,RN-BCN-ES08,B,moda_belleza,Moda y Belleza,212831.5
2025-11-01,RN-BCN-ES08,B,hogar_electronica,"Hogar, Electrónica y Electrodomésticos",35631.23
2025-11-01,RN-BCN-ES08,B,alimentacion_hosteleria,Alimentación y Hostelería,4243.07
2025-11-01,RN-BCN-ES09,B,moda_belleza,Moda y Belleza,290243.56
2025-11-01,RN-BCN-ES09,B,hogar_electronica,"Hogar, Electrónica y Electrodomésticos",48591.19
2025-11-01,RN-BCN-ES09,B,alimentacion_hosteleria,Alimentación y Hostelería,5786.37
2025-11-01,RN-BCN-ES10,B,moda_belleza,Moda y Belleza,255342.53
2025-11-01,RN-BCN-ES10,B,hogar_electronica,"Hogar, Electrónica y Electrodomésticos",42748.23
2025-11-01,RN-BCN-ES10,B,alimentacion_hosteleria,Alimentación y Hostelería,5090.58
2025-11-01,RN-BCN-ES11,B,moda_belleza,Moda y Belleza,273177.76
2025-11-01,RN-BCN-ES11,B,hogar_electronica,"Hogar, Electrónica y Electrodomésticos",45734.12
2025-11-01,RN-BCN-ES11,B,alimentacion_hosteleria,Alimentación y Hostelería,5446.15
2025-11-01,RN-BCN-ES12,B,moda_belleza,Moda y Belleza,233892.96
2025-11-01,RN-BCN-ES12,B,hogar_electronica,"Hogar, Electrónica y Electrodomésticos",39157.24
2025-11-01,RN-BCN-ES12,B,alimentacion_hosteleria,Alimentación y Hostelería,4662.95
2025-11-01,RN-BCN-ES13,B,moda_belleza,Moda y Belleza,272867.52
2025-11-01,RN-BCN-ES13,B,hogar_electronica,"Hogar, Electrónica y Electrodomésticos",45682.18
2025-11-01,RN-BCN-ES13,B,alimentacion_hosteleria,Alimentación y Hostelería,5439.96
2025-11-01,RN-BCN-ES14,B,moda_belleza,Moda y Belleza,297181.67
2025-11-01,RN-BCN-ES14,B,hogar_electronica,"Hogar, Electrónica y Electrodomésticos",49752.74
2025-11-01,RN-BCN-ES14,B,alimentacion_hosteleria,Alimentación y Hostelería,5924.69
2025-11-01,RN-BCN-GA01,B,moda_belleza,Moda y Belleza,1854890.01
2025-11-01,RN-BCN-GA01,B,hogar_electronica,"Hogar, Electrónica y Electrodomésticos",2257467.71
2025-11-01,RN-BCN-GA01,B,alimentacion_hosteleria,Alimentación y Hostelería,565948.52
2025-11-01,RN-BCN-GA02,B,moda_belleza,Moda y Belleza,2143555.64
2025-11-01,RN-BCN-GA02,B,hogar_electronica,"Hogar, Electrónica y Electrodomésticos",2608784.14
2025-11-01,RN-BCN-GA02,B,alimentacion_hosteleria,Alimentación y Hostelería,654023.76
2025-11-01,RN-BCN-HI01,B,moda_belleza,Moda y Belleza,66599.16
2025-11-01,RN-BCN-HI01,B,hogar_electronica,"Hogar, Electrónica y Electrodomésticos",171705.58
2025-11-01,RN-BCN-HI01,B,alimentacion_hosteleria,Alimentación y Hostelería,569600.0
2025-11-01,RN-BCN-HI02,B,moda_belleza,Moda y Belleza,96454.32
2025-11-01,RN-BCN-HI02,B,hogar_electronica,"Hogar, Electrónica y Electrodomésticos",248677.99
2025-11-01,RN-BCN-HI02,B,alimentacion_hosteleria,Alimentación y Hostelería,824941.03
2025-11-01,RN-BCN-HI03,B,moda_belleza,Moda y Belleza,67411.95
2025-11-01,RN-BCN-HI03,B,hogar_electronica,"Hogar, Electrónica y Electrodomésticos",173801.12
2025-11-01,RN-BCN-HI03,B,alimentacion_hosteleria,Alimentación y Hostelería,576551.54
2025-11-01,RN-BCN-HI04,B,moda_belleza,Moda y Belleza,83255.38
2025-11-01,RN-BCN-HI04,B,hogar_electronica,"Hogar, Electrónica y Electrodomésticos",214648.57
2025-11-01,RN-BCN-HI04,B,alimentacion_hosteleria,Alimentación y Hostelería,712055.04
2025-11-01,RN-BIO-CV01,E,moda_belleza,Moda y Belleza,12424.65
2025-11-01,RN-BIO-CV01,E,hogar_electronica,"Hogar, Electrónica y Electrodomésticos",33029.79
2025-11-01,RN-BIO-CV01,E,alimentacion_hosteleria,Alimentación y Hostelería,166880.72
2025-11-01,RN-BIO-CV02,E,moda_belleza,Moda y Belleza,11469.17
2025-11-01,RN-BIO-CV02,E,hogar_electronica,"Hogar, Electrónica y Electrodomésticos",30489.74
2025-11-01,RN-BIO-CV02,E,alimentacion_hosteleria,Alimentación y Hostelería,154047.28
2025-11-01,RN-BIO-CV03,E,moda_belleza,Moda y Belleza,11129.89
2025-11-01,RN-BIO-CV03,E,hogar_electronica,"Hogar, Electrónica y Electrodomésticos",29587.77
2025-11-01,RN-BIO-CV03,E,alimentacion_hosteleria,Alimentación y Hostelería,149490.14
2025-11-01,RN-BIO-CV04,E,moda_belleza,Moda y Belleza,12277.92
2025-11-01,RN-BIO-CV04,E,hogar_electronica,"Hogar, Electrónica y Electrodomésticos",32639.72
2025-11-01,RN-BIO-CV04,E,alimentacion_hosteleria,Alimentación y Hostelería,164909.88
2025-11-01,RN-BIO-ES01,E,moda_belleza,Moda y Belleza,243907.67
2025-11-01,RN-BIO-ES01,E,hogar_electronica,"Hogar, Electrónica y Electrodomésticos",49121.66
2025-11-01,RN-BIO-ES01,E,alimentacion_hosteleria,Alimentación y Hostelería,5255.66
2025-11-01,RN-BIO-ES02,E,moda_belleza,Moda y Belleza,213650.75
2025-11-01,RN-BIO-ES02,E,hogar_electronica,"Hogar, Electrónica y Electrodomésticos",43028.08
2025-11-01,RN-BIO-ES02,E,alimentacion_hosteleria,Alimentación y Hostelería,4603.69
2025-11-01,RN-BIO-ES03,E,moda_belleza,Moda y Belleza,320453.14
2025-11-01,RN-BIO-ES03,E,hogar_electronica,"Hogar, Electrónica y Electrodomésticos",64537.5
2025-11-01,RN-BIO-ES03,E,alimentacion_hosteleria,Alimentación y Hostelería,6905.04
2025-11-01,RN-BIO-ES04,E,moda_belleza,Moda y Belleza,271367.45
2025-11-01,RN-BIO-ES04,E,hogar_electronica,"Hogar, Electrónica y Electrodomésticos",54651.91
2025-11-01,RN-BIO-ES04,E,alimentacion_hosteleria,Alimentación y Hostelería,5847.35
2025-11-01,RN-BIO-ES05,E,moda_belleza,Moda y Belleza,265000.07
2025-11-01,RN-BIO-ES05,E,hogar_electronica,"Hogar, Electrónica y Electrodomésticos",53369.55
2025-11-01,RN-BIO-ES05,E,alimentacion_hosteleria,Alimentación y Hostelería,5710.15
2025-11-01,RN-BIO-ES06,E,moda_belleza,Moda y Belleza,302420.3
2025-11-01,RN-BIO-ES06,E,hogar_electronica,"Hogar, Electrónica y Electrodomésticos",60905.78
2025-11-01,RN-BIO-ES06,E,alimentacion_hosteleria,Alimentación y Hostelería,6516.47
2025-11-01,RN-BIO-ES07,E,moda_belleza,Moda y Belleza,265561.1
2025-11-01,RN-BIO-ES07,E,hogar_electronica,"Hogar, Electrónica y Electrodomésticos",53482.54
2025-11-01,RN-BIO-ES07,E,alimentacion_hosteleria,Alimentación y Hostelería,5722.24
2025-11-01,RN-BIO-GA01,E,moda_belleza,Moda y Belleza,1258292.68
2025-11-01,RN-BIO-GA01,E,hogar_electronica,"Hogar, Electrónica y Electrodomésticos",1842203.9
2025-11-01,RN-BIO-GA01,E,alimentacion_hosteleria,Alimentación y Hostelería,414952.13
2025-11-01,RN-BIO-HI01,E,moda_belleza,Moda y Belleza,78162.65
2025-11-01,RN-BIO-HI01,E,hogar_electronica,"Hogar, Electrónica y Electrodomésticos",242419.52
2025-11-01,RN-BIO-HI01,E,alimentacion_hosteleria,Alimentación y Hostelería,722533.62
2025-11-01,RN-BIO-HI02,E,moda_belleza,Moda y Belleza,60317.86
2025-11-01,RN-BIO-HI02,E,hogar_electronica,"Hogar, Electrónica y Electrodomésticos",187074.33
2025-11-01,RN-BIO-HI02,E,alimentacion_hosteleria,Alimentación y Hostelería,557576.79
2025-11-01,RN-MAD-CV01,A,moda_belleza,Moda y Belleza,12710.53
2025-11-01,RN-MAD-CV01,A,hogar_electronica,"Hogar, Electrónica y Electrodomésticos",25003.86
2025-11-01,RN-MAD-CV01,A,alimentacion_hosteleria,Alimentación y Hostelería,152316.14
2025-11-01,RN-MAD-CV02,A,moda_belleza,Moda y Belleza,13252.99
2025-11-01,RN-MAD-CV02,A,hogar_electronica,"Hogar, Electrónica y Electrodomésticos",26070.98
2025-11-01,RN-MAD-CV02,A,alimentacion_hosteleria,Alimentación y Hostelería,158816.68
2025-11-01,RN-MAD-CV03,A,moda_belleza,Moda y Belleza,12320.97
2025-11-01,RN-MAD-CV03,A,hogar_electronica,"Hogar, Electrónica y Electrodomésticos",24237.53
2025-11-01,RN-MAD-CV03,A,alimentacion_hosteleria,Alimentación y Hostelería,147647.88
2025-11-01,RN-MAD-CV04,A,moda_belleza,Moda y Belleza,14553.09
2025-11-01,RN-MAD-CV04,A,hogar_electronica,"Hogar, Electrónica y Electrodomésticos",28628.51
2025-11-01,RN-MAD-CV04,A,alimentacion_hosteleria,Alimentación y Hostelería,174396.41
2025-11-01,RN-MAD-CV05,A,moda_belleza,Moda y Belleza,10915.93
2025-11-01,RN-MAD-CV05,A,hogar_electronica,"Hogar, Electrónica y Electrodomésticos",21473.57
2025-11-01,RN-MAD-CV05,A,alimentacion_hosteleria,Alimentación y Hostelería,130810.62
2025-11-01,RN-MAD-CV06,A,moda_belleza,Moda y Belleza,12349.37
2025-11-01,RN-MAD-CV06,A,hogar_electronica,"Hogar, Electrónica y Electrodomésticos",24293.4
2025-11-01,RN-MAD-CV06,A,alimentacion_hosteleria,Alimentación y Hostelería,147988.19
2025-11-01,RN-MAD-CV07,A,moda_belleza,Moda y Belleza,11879.65
2025-11-01,RN-MAD-CV07,A,hogar_electronica,"Hogar, Electrónica y Electrodomésticos",23369.37
2025-11-01,RN-MAD-CV07,A,alimentacion_hosteleria,Alimentación y Hostelería,142359.3
2025-11-01,RN-MAD-CV08,A,moda_belleza,Moda y Belleza,14817.57
2025-11-01,RN-MAD-CV08,A,hogar_electronica,"Hogar, Electrónica y Electrodomésticos",29148.78
2025-11-01,RN-MAD-CV08,A,alimentacion_hosteleria,Alimentación y Hostelería,177565.76
2025-11-01,RN-MAD-CV09,A,moda_belleza,Moda y Belleza,15034.6
2025-11-01,RN-MAD-CV09,A,hogar_electronica,"Hogar, Electrónica y Electrodomésticos",29575.73
2025-11-01,RN-MAD-CV09,A,alimentacion_hosteleria,Alimentación y Hostelería,180166.6
2025-11-01,RN-MAD-CV10,A,moda_belleza,Moda y Belleza,13836.99
2025-11-01,RN-MAD-CV10,A,hogar_electronica,"Hogar, Electrónica y Electrodomésticos",27219.81
2025-11-01,RN-MAD-CV10,A,alimentacion_hosteleria,Alimentación y Hostelería,165815.04
2025-11-01,RN-MAD-ES01,A,moda_belleza,Moda y Belleza,347756.42
2025-11-01,RN-MAD-ES01,A,hogar_electronica,"Hogar, Electrónica y Electrodomésticos",51825.65
2025-11-01,RN-MAD-ES01,A,alimentacion_hosteleria,Alimentación y Hostelería,6685.55
2025-11-01,RN-MAD-ES02,A,moda_belleza,Moda y Belleza,243692.45
2025-11-01,RN-MAD-ES02,A,hogar_electronica,"Hogar, Electrónica y Electrodomésticos",36317.14
2025-11-01,RN-MAD-ES02,A,alimentacion_hosteleria,Alimentación y Hostelería,4684.94
2025-11-01,RN-MAD-ES03,A,moda_belleza,Moda y Belleza,295367.88
2025-11-01,RN-MAD-ES03,A,hogar_electronica,"Hogar, Electrónica y Electrodomésticos",44018.26
2025-11-01,RN-MAD-ES03,A,alimentacion_hosteleria,Alimentación y Hostelería,5678.39
2025-11-01,RN-MAD-ES04,A,moda_belleza,Moda y Belleza,294659.68
2025-11-01,RN-MAD-ES04,A,hogar_electronica,"Hogar, Electrónica y Electrodomésticos",43912.71
2025-11-01,RN-MAD-ES04,A,alimentacion_hosteleria,Alimentación y Hostelería,5664.77
2025-11-01,RN-MAD-ES05,A,moda_belleza,Moda y Belleza,261289.16
2025-11-01,RN-MAD-ES05,A,hogar_electronica,"Hogar, Electrónica y Electrodomésticos",38939.55
2025-11-01,RN-MAD-ES05,A,alimentacion_hosteleria,Alimentación y Hostelería,5023.23
2025-11-01,RN-MAD-ES06,A,moda_belleza,Moda y Belleza,315687.07
2025-11-01,RN-MAD-ES06,A,hogar_electronica,"Hogar, Electrónica y Electrodomésticos",47046.4
2025-11-01,RN-MAD-ES06,A,alimentacion_hosteleria,Alimentación y Hostelería,6069.02
2025-11-01,RN-MAD-ES07,A,moda_belleza,Moda y Belleza,324019.67
2025-11-01,RN-MAD-ES07,A,hogar_electronica,"Hogar, Electrónica y Electrodomésticos",48288.19
2025-11-01,RN-MAD-ES07,A,alimentacion_hosteleria,Alimentación y Hostelería,6229.22
2025-11-01,RN-MAD-ES08,A,moda_belleza,Moda y Belleza,316422.59
2025-11-01,RN-MAD-ES08,A,hogar_electronica,"Hogar, Electrónica y Electrodomésticos",47156.01
2025-11-01,RN-MAD-ES08,A,alimentacion_hosteleria,Alimentación y Hostelería,6083.16
2025-11-01,RN-MAD-ES09,A,moda_belleza,Moda y Belleza,298255.29
2025-11-01,RN-MAD-ES09,A,hogar_electronica,"Hogar, Electrónica y Electrodomésticos",44448.56
2025-11-01,RN-MAD-ES09,A,alimentacion_hosteleria,Alimentación y Hostelería,5733.9
2025-11-01,RN-MAD-ES10,A,moda_belleza,Moda y Belleza,312429.76
2025-11-01,RN-MAD-ES10,A,hogar_electronica,"Hogar, Electrónica y Electrodomésticos",46560.96
2025-11-01,RN-MAD-ES10,A,alimentacion_hosteleria,Alimentación y Hostelería,6006.4
2025-11-01,RN-MAD-ES11,A,moda_belleza,Moda y Belleza,255132.37
2025-11-01,RN-MAD-ES11,A,hogar_electronica,"Hogar, Electrónica y Electrodomésticos",38022.02
2025-11-01,RN-MAD-ES11,A,alimentacion_hosteleria,Alimentación y Hostelería,4904.87
2025-11-01,RN-MAD-ES12,A,moda_belleza,Moda y Belleza,320615.87
2025-11-01,RN-MAD-ES12,A,hogar_electronica,"Hogar, Electrónica y Electrodomésticos",47780.93
2025-11-01,RN-MAD-ES12,A,alimentacion_hosteleria,Alimentación y Hostelería,6163.78
2025-11-01,RN-MAD-ES13,A,moda_belleza,Moda y Belleza,299392.71
2025-11-01,RN-MAD-ES13,A,hogar_electronica,"Hogar, Electrónica y Electrodomésticos",44618.07
2025-11-01,RN-MAD-ES13,A,alimentacion_hosteleria,Alimentación y Hostelería,5755.77
2025-11-01,RN-MAD-ES14,A,moda_belleza,Moda y Belleza,239375.4
2025-11-01,RN-MAD-ES14,A,hogar_electronica,"Hogar, Electrónica y Electrodomésticos",35673.78
2025-11-01,RN-MAD-ES14,A,alimentacion_hosteleria,Alimentación y Hostelería,4601.95
2025-11-01,RN-MAD-ES15,A,moda_belleza,Moda y Belleza,269945.54
2025-11-01,RN-MAD-ES15,A,hogar_electronica,"Hogar, Electrónica y Electrodomésticos",40229.6
2025-11-01,RN-MAD-ES15,A,alimentacion_hosteleria,Alimentación y Hostelería,5189.65
2025-11-01,RN-MAD-ES16,A,moda_belleza,Moda y Belleza,283086.31
2025-11-01,RN-MAD-ES16,A,hogar_electronica,"Hogar, Electrónica y Electrodomésticos",42187.95
2025-11-01,RN-MAD-ES16,A,alimentacion_hosteleria,Alimentación y Hostelería,5442.28
2025-11-01,RN-MAD-ES17,A,moda_belleza,Moda y Belleza,302339.39
2025-11-01,RN-MAD-ES17,A,hogar_electronica,"Hogar, Electrónica y Electrodomésticos",45057.21
2025-11-01,RN-MAD-ES17,A,alimentacion_hosteleria,Alimentación y Hostelería,5812.42
2025-11-01,RN-MAD-ES18,A,moda_belleza,Moda y Belleza,328041.81
2025-11-01,RN-MAD-ES18,A,hogar_electronica,"Hogar, Electrónica y Electrodomésticos",48887.61
2025-11-01,RN-MAD-ES18,A,alimentacion_hosteleria,Alimentación y Hostelería,6306.54
2025-11-01,RN-MAD-ES19,A,moda_belleza,Moda y Belleza,301869.68
2025-11-01,RN-MAD-ES19,A,hogar_electronica,"Hogar, Electrónica y Electrodomésticos",44987.21
2025-11-01,RN-MAD-ES19,A,alimentacion_hosteleria,Alimentación y Hostelería,5803.39
2025-11-01,RN-MAD-ES20,A,moda_belleza,Moda y Belleza,296315.07
2025-11-01,RN-MAD-ES20,A,hogar_electronica,"Hogar, Electrónica y Electrodomésticos",44159.41
2025-11-01,RN-MAD-ES20,A,alimentacion_hosteleria,Alimentación y Hostelería,5696.6
2025-11-01,RN-MAD-GA01,A,moda_belleza,Moda y Belleza,2631898.39
2025-11-01,RN-MAD-GA01,A,hogar_electronica,"Hogar, Electrónica y Electrodomésticos",2851327.61
2025-11-01,RN-MAD-GA01,A,alimentacion_hosteleria,Alimentación y Hostelería,774365.32
2025-11-01,RN-MAD-GA02,A,moda_belleza,Moda y Belleza,1854800.44
2025-11-01,RN-MAD-GA02,A,hogar_electronica,"Hogar, Electrónica y Electrodomésticos",2009440.68
2025-11-01,RN-MAD-GA02,A,alimentacion_hosteleria,Alimentación y Hostelería,545725.14
2025-11-01,RN-MAD-GA03,A,moda_belleza,Moda y Belleza,2169739.57
2025-11-01,RN-MAD-GA03,A,hogar_electronica,"Hogar, Electrónica y Electrodomésticos",2350637.22
2025-11-01,RN-MAD-GA03,A,alimentacion_hosteleria,Alimentación y Hostelería,638387.51
2025-11-01,RN-MAD-HI01,A,moda_belleza,Moda y Belleza,90047.05
2025-11-01,RN-MAD-HI01,A,hogar_electronica,"Hogar, Electrónica y Electrodomésticos",206661.6
2025-11-01,RN-MAD-HI01,A,alimentacion_hosteleria,Alimentación y Hostelería,742657.79
2025-11-01,RN-MAD-HI02,A,moda_belleza,Moda y Belleza,77746.33
2025-11-01,RN-MAD-HI02,A,hogar_electronica,"Hogar, Electrónica y Electrodomésticos",178430.95
2025-11-01,RN-MAD-HI02,A,alimentacion_hosteleria,Alimentación y Hostelería,641208.32
2025-11-01,RN-MAD-HI03,A,moda_belleza,Moda y Belleza,90056.86
2025-11-01,RN-MAD-HI03,A,hogar_electronica,"Hogar, Electrónica y Electrodomésticos",206684.12
2025-11-01,RN-MAD-HI03,A,alimentacion_hosteleria,Alimentación y Hostelería,742738.71
2025-11-01,RN-MAD-HI04,A,moda_belleza,Moda y Belleza,93815.18
2025-11-01,RN-MAD-HI04,A,hogar_electronica,"Hogar, Electrónica y Electrodomésticos",215309.6
2025-11-01,RN-MAD-HI04,A,alimentacion_hosteleria,Alimentación y Hostelería,773735.19
2025-11-01,RN-MAD-HI05,A,moda_belleza,Moda y Belleza,92436.95
2025-11-01,RN-MAD-HI05,A,hogar_electronica,"Hogar, Electrónica y Electrodomésticos",212146.52
2025-11-01,RN-MAD-HI05,A,alimentacion_hosteleria,Alimentación y Hostelería,762368.36
2025-11-01,RN-SEV-CV01,D,moda_belleza,Moda y Belleza,11415.03
2025-11-01,RN-SEV-CV01,D,hogar_electronica,"Hogar, Electrónica y Electrodomésticos",33424.18
2025-11-01,RN-SEV-CV01,D,alimentacion_hosteleria,Alimentación y Hostelería,110547.04
2025-11-01,RN-SEV-CV02,D,moda_belleza,Moda y Belleza,13405.38
2025-11-01,RN-SEV-CV02,D,hogar_electronica,"Hogar, Electrónica y Electrodomésticos",39252.09
2025-11-01,RN-SEV-CV02,D,alimentacion_hosteleria,Alimentación y Hostelería,129822.27
2025-11-01,RN-SEV-CV03,D,moda_belleza,Moda y Belleza,10867.57
2025-11-01,RN-SEV-CV03,D,hogar_electronica,"Hogar, Electrónica y Electrodomésticos",31821.17
2025-11-01,RN-SEV-CV03,D,alimentacion_hosteleria,Alimentación y Hostelería,105245.25
2025-11-01,RN-SEV-CV04,D,moda_belleza,Moda y Belleza,10677.73
2025-11-01,RN-SEV-CV04,D,hogar_electronica,"Hogar, Electrónica y Electrodomésticos",31265.29
2025-11-01,RN-SEV-CV04,D,alimentacion_hosteleria,Alimentación y Hostelería,103406.74
2025-11-01,RN-SEV-CV05,D,moda_belleza,Moda y Belleza,9908.06
2025-11-01,RN-SEV-CV05,D,hogar_electronica,"Hogar, Electrónica y Electrodomésticos",29011.65
2025-11-01,RN-SEV-CV05,D,alimentacion_hosteleria,Alimentación y Hostelería,95953.05
2025-11-01,RN-SEV-CV06,D,moda_belleza,Moda y Belleza,11616.58
2025-11-01,RN-SEV-CV06,D,hogar_electronica,"Hogar, Electrónica y Electrodomésticos",34014.35
2025-11-01,RN-SEV-CV06,D,alimentacion_hosteleria,Alimentación y Hostelería,112498.98
2025-11-01,RN-SEV-CV07,D,moda_belleza,Moda y Belleza,10969.04
2025-11-01,RN-SEV-CV07,D,hogar_electronica,"Hogar, Electrónica y Electrodomésticos",32118.27
2025-11-01,RN-SEV-CV07,D,alimentacion_hosteleria,Alimentación y Hostelería,106227.9
2025-11-01,RN-SEV-CV08,D,moda_belleza,Moda y Belleza,12481.3
2025-11-01,RN-SEV-CV08,D,hogar_electronica,"Hogar, Electrónica y Electrodomésticos",36546.31
2025-11-01,RN-SEV-CV08,D,alimentacion_hosteleria,Alimentación y Hostelería,120873.17
2025-11-01,RN-SEV-CV09,D,moda_belleza,Moda y Belleza,11833.93
2025-11-01,RN-SEV-CV09,D,hogar_electronica,"Hogar, Electrónica y Electrodomésticos",34650.75
2025-11-01,RN-SEV-CV09,D,alimentacion_hosteleria,Alimentación y Hostelería,114603.82
2025-11-01,RN-SEV-CV10,D,moda_belleza,Moda y Belleza,12091.65
2025-11-01,RN-SEV-CV10,D,hogar_electronica,"Hogar, Electrónica y Electrodomésticos",35405.37
2025-11-01,RN-SEV-CV10,D,alimentacion_hosteleria,Alimentación y Hostelería,117099.65
2025-11-01,RN-SEV-ES01,D,moda_belleza,Moda y Belleza,220931.78
2025-11-01,RN-SEV-ES01,D,hogar_electronica,"Hogar, Electrónica y Electrodomésticos",49008.11
2025-11-01,RN-SEV-ES01,D,alimentacion_hosteleria,Alimentación y Hostelería,3432.48
2025-11-01,RN-SEV-ES02,D,moda_belleza,Moda y Belleza,205545.45
2025-11-01,RN-SEV-ES02,D,hogar_electronica,"Hogar, Electrónica y Electrodomésticos",45595.04
2025-11-01,RN-SEV-ES02,D,alimentacion_hosteleria,Alimentación y Hostelería,3193.43
2025-11-01,RN-SEV-ES03,D,moda_belleza,Moda y Belleza,218846.63
2025-11-01,RN-SEV-ES03,D,hogar_electronica,"Hogar, Electrónica y Electrodomésticos",48545.57
2025-11-01,RN-SEV-ES03,D,alimentacion_hosteleria,Alimentación y Hostelería,3400.08
2025-11-01,RN-SEV-ES04,D,moda_belleza,Moda y Belleza,180349.43
2025-11-01,RN-SEV-ES04,D,hogar_electronica,"Hogar, Electrónica y Electrodomésticos",40005.94
2025-11-01,RN-SEV-ES04,D,alimentacion_hosteleria,Alimentación y Hostelería,2801.98
2025-11-01,RN-SEV-ES05,D,moda_belleza,Moda y Belleza,171211.8
2025-11-01,RN-SEV-ES05,D,hogar_electronica,"Hogar, Electrónica y Electrodomésticos",37978.99
2025-11-01,RN-SEV-ES05,D,alimentacion_hosteleria,Alimentación y Hostelería,2660.01
2025-11-01,RN-SEV-ES06,D,moda_belleza,Moda y Belleza,234142.91
2025-11-01,RN-SEV-ES06,D,hogar_electronica,"Hogar, Electrónica y Electrodomésticos",51938.66
2025-11-01,RN-SEV-ES06,D,alimentacion_hosteleria,Alimentación y Hostelería,3637.73
2025-11-01,RN-SEV-ES07,D,moda_belleza,Moda y Belleza,242483.04
2025-11-01,RN-SEV-ES07,D,hogar_electronica,"Hogar, Electrónica y Electrodomésticos",53788.71
2025-11-01,RN-SEV-ES07,D,alimentacion_hosteleria,Alimentación y Hostelería,3767.31
2025-11-01,RN-SEV-ES08,D,moda_belleza,Moda y Belleza,222890.0
2025-11-01,RN-SEV-ES08,D,hogar_electronica,"Hogar, Electrónica y Electrodomésticos",49442.49
2025-11-01,RN-SEV-ES08,D,alimentacion_hosteleria,Alimentación y Hostelería,3462.9
2025-11-01,RN-SEV-ES09,D,moda_belleza,Moda y Belleza,204067.73
2025-11-01,RN-SEV-ES09,D,hogar_electronica,"Hogar, Electrónica y Electrodomésticos",45267.25
2025-11-01,RN-SEV-ES09,D,alimentacion_hosteleria,Alimentación y Hostelería,3170.47
2025-11-01,RN-SEV-ES10,D,moda_belleza,Moda y Belleza,214897.49
2025-11-01,RN-SEV-ES10,D,hogar_electronica,"Hogar, Electrónica y Electrodomésticos",47669.55
2025-11-01,RN-SEV-ES10,D,alimentacion_hosteleria,Alimentación y Hostelería,3338.73
2025-11-01,RN-SEV-ES11,D,moda_belleza,Moda y Belleza,210400.89
2025-11-01,RN-SEV-ES11,D,hogar_electronica,"Hogar, Electrónica y Electrodomésticos",46672.1
2025-11-01,RN-SEV-ES11,D,alimentacion_hosteleria,Alimentación y Hostelería,3268.87
2025-11-01,RN-SEV-ES12,D,moda_belleza,Moda y Belleza,184775.17
2025-11-01,RN-SEV-ES12,D,hogar_electronica,"Hogar, Electrónica y Electrodomésticos",40987.68
2025-11-01,RN-SEV-ES12,D,alimentacion_hosteleria,Alimentación y Hostelería,2870.74
2025-11-01,RN-SEV-GA01,D,moda_belleza,Moda y Belleza,900969.62
2025-11-01,RN-SEV-GA01,D,hogar_electronica,"Hogar, Electrónica y Electrodomésticos",1452875.3
2025-11-01,RN-SEV-GA01,D,alimentacion_hosteleria,Alimentación y Hostelería,214227.25
2025-11-01,RN-SEV-HI01,D,moda_belleza,Moda y Belleza,55000.77
2025-11-01,RN-SEV-HI01,D,hogar_electronica,"Hogar, Electrónica y Electrodomésticos",187888.09
2025-11-01,RN-SEV-HI01,D,alimentacion_hosteleria,Alimentación y Hostelería,366585.95
2025-11-01,RN-SEV-HI02,D,moda_belleza,Moda y Belleza,64062.44
2025-11-01,RN-SEV-HI02,D,hogar_electronica,"Hogar, Electrónica y Electrodomésticos",218843.65
2025-11-01,RN-SEV-HI02,D,alimentacion_hosteleria,Alimentación y Hostelería,426982.92
2025-11-01,RN-SEV-HI03,D,moda_belleza,Moda y Belleza,56557.89
2025-11-01,RN-SEV-HI03,D,hogar_electronica,"Hogar, Electrónica y Electrodomésticos",193207.36
2025-11-01,RN-SEV-HI03,D,alimentacion_hosteleria,Alimentación y Hostelería,376964.3
2025-11-01,RN-SEV-HI04,D,moda_belleza,Moda y Belleza,73626.91
2025-11-01,RN-SEV-HI04,D,hogar_electronica,"Hogar, Electrónica y Electrodomésticos",251516.83
2025-11-01,RN-SEV-HI04,D,alimentacion_hosteleria,Alimentación y Hostelería,490731.14
2025-11-01,RN-VLC-CV01,C,moda_belleza,Moda y Belleza,7711.15
2025-11-01,RN-VLC-CV01,C,hogar_electronica,"Hogar, Electrónica y Electrodomésticos",16188.24
2025-11-01,RN-VLC-CV01,C,alimentacion_hosteleria,Alimentación y Hostelería,146227.76
2025-11-01,RN-VLC-CV02,C,moda_belleza,Moda y Belleza,7883.35
2025-11-01,RN-VLC-CV02,C,hogar_electronica,"Hogar, Electrónica y Electrodomésticos",16549.74
2025-11-01,RN-VLC-CV02,C,alimentacion_hosteleria,Alimentación y Hostelería,149493.17
2025-11-01,RN-VLC-CV03,C,moda_belleza,Moda y Belleza,8609.25
2025-11-01,RN-VLC-CV03,C,hogar_electronica,"Hogar, Electrónica y Electrodomésticos",18073.64
2025-11-01,RN-VLC-CV03,C,alimentacion_hosteleria,Alimentación y Hostelería,163258.45
2025-11-01,RN-VLC-CV04,C,moda_belleza,Moda y Belleza,6886.65
2025-11-01,RN-VLC-CV04,C,hogar_electronica,"Hogar, Electrónica y Electrodomésticos",14457.33
2025-11-01,RN-VLC-CV04,C,alimentacion_hosteleria,Alimentación y Hostelería,130592.5
2025-11-01,RN-VLC-CV05,C,moda_belleza,Moda y Belleza,5866.88
2025-11-01,RN-VLC-CV05,C,hogar_electronica,"Hogar, Electrónica y Electrodomésticos",12316.51
2025-11-01,RN-VLC-CV05,C,alimentacion_hosteleria,Alimentación y Hostelería,111254.58
2025-11-01,RN-VLC-CV06,C,moda_belleza,Moda y Belleza,8702.64
2025-11-01,RN-VLC-CV06,C,hogar_electronica,"Hogar, Electrónica y Electrodomésticos",18269.69
2025-11-01,RN-VLC-CV06,C,alimentacion_hosteleria,Alimentación y Hostelería,165029.41
2025-11-01,RN-VLC-CV07,C,moda_belleza,Moda y Belleza,7182.66
2025-11-01,RN-VLC-CV07,C,hogar_electronica,"Hogar, Electrónica y Electrodomésticos",15078.76
2025-11-01,RN-VLC-CV07,C,alimentacion_hosteleria,Alimentación y Hostelería,136205.8
2025-11-01,RN-VLC-CV08,C,moda_belleza,Moda y Belleza,6347.9
2025-11-01,RN-VLC-CV08,C,hogar_electronica,"Hogar, Electrónica y Electrodomésticos",13326.32
2025-11-01,RN-VLC-CV08,C,alimentacion_hosteleria,Alimentación y Hostelería,120376.11
2025-11-01,RN-VLC-CV09,C,moda_belleza,Moda y Belleza,6681.01
2025-11-01,RN-VLC-CV09,C,hogar_electronica,"Hogar, Electrónica y Electrodomésticos",14025.63
2025-11-01,RN-VLC-CV09,C,alimentacion_hosteleria,Alimentación y Hostelería,126692.96
2025-11-01,RN-VLC-ES01,C,moda_belleza,Moda y Belleza,237765.0
2025-11-01,RN-VLC-ES01,C,hogar_electronica,"Hogar, Electrónica y Electrodomésticos",37814.16
2025-11-01,RN-VLC-ES01,C,alimentacion_hosteleria,Alimentación y Hostelería,7233.33
2025-11-01,RN-VLC-ES02,C,moda_belleza,Moda y Belleza,176459.88
2025-11-01,RN-VLC-ES02,C,hogar_electronica,"Hogar, Electrónica y Electrodomésticos",28064.19
2025-11-01,RN-VLC-ES02,C,alimentacion_hosteleria,Alimentación y Hostelería,5368.29
2025-11-01,RN-VLC-ES03,C,moda_belleza,Moda y Belleza,202477.91
2025-11-01,RN-VLC-ES03,C,hogar_electronica,"Hogar, Electrónica y Electrodomésticos",32202.1
2025-11-01,RN-VLC-ES03,C,alimentacion_hosteleria,Alimentación y Hostelería,6159.82
2025-11-01,RN-VLC-ES04,C,moda_belleza,Moda y Belleza,216650.34
2025-11-01,RN-VLC-ES04,C,hogar_electronica,"Hogar, Electrónica y Electrodomésticos",34456.08
2025-11-01,RN-VLC-ES04,C,alimentacion_hosteleria,Alimentación y Hostelería,6590.97
2025-11-01,RN-VLC-ES05,C,moda_belleza,Moda y Belleza,216842.89
2025-11-01,RN-VLC-ES05,C,hogar_electronica,"Hogar, Electrónica y Electrodomésticos",34486.71
2025-11-01,RN-VLC-ES05,C,alimentacion_hosteleria,Alimentación y Hostelería,6596.83
2025-11-01,RN-VLC-ES06,C,moda_belleza,Moda y Belleza,176779.49
2025-11-01,RN-VLC-ES06,C,hogar_electronica,"Hogar, Electrónica y Electrodomésticos",28115.02
2025-11-01,RN-VLC-ES06,C,alimentacion_hosteleria,Alimentación y Hostelería,5378.02
2025-11-01,RN-VLC-ES07,C,moda_belleza,Moda y Belleza,208041.99
2025-11-01,RN-VLC-ES07,C,hogar_electronica,"Hogar, Electrónica y Electrodomésticos",33087.01
2025-11-01,RN-VLC-ES07,C,alimentacion_hosteleria,Alimentación y Hostelería,6329.09
2025-11-01,RN-VLC-ES08,C,moda_belleza,Moda y Belleza,244835.8
2025-11-01,RN-VLC-ES08,C,hogar_electronica,"Hogar, Electrónica y Electrodomésticos",38938.7
2025-11-01,RN-VLC-ES08,C,alimentacion_hosteleria,Alimentación y Hostelería,7448.44
2025-11-01,RN-VLC-ES09,C,moda_belleza,Moda y Belleza,215974.6
2025-11-01,RN-VLC-ES09,C,hogar_electronica,"Hogar, Electrónica y Electrodomésticos",34348.61
2025-11-01,RN-VLC-ES09,C,alimentacion_hosteleria,Alimentación y Hostelería,6570.42
2025-11-01,RN-VLC-ES10,C,moda_belleza,Moda y Belleza,190662.68
2025-11-01,RN-VLC-ES10,C,hogar_electronica,"Hogar, Electrónica y Electrodomésticos",30323.0
2025-11-01,RN-VLC-ES10,C,alimentacion_hosteleria,Alimentación y Hostelería,5800.37
2025-11-01,RN-VLC-GA01,C,moda_belleza,Moda y Belleza,1443474.86
2025-11-01,RN-VLC-GA01,C,hogar_electronica,"Hogar, Electrónica y Electrodomésticos",1668876.4
2025-11-01,RN-VLC-GA01,C,alimentacion_hosteleria,Alimentación y Hostelería,672069.59
2025-11-01,RN-VLC-HI01,C,moda_belleza,Moda y Belleza,53781.06
2025-11-01,RN-VLC-HI01,C,hogar_electronica,"Hogar, Electrónica y Electrodomésticos",131721.48
2025-11-01,RN-VLC-HI01,C,alimentacion_hosteleria,Alimentación y Hostelería,701902.62
2025-11-01,RN-VLC-HI02,C,moda_belleza,Moda y Belleza,55143.89
2025-11-01,RN-VLC-HI02,C,hogar_electronica,"Hogar, Electrónica y Electrodomésticos",135059.34
2025-11-01,RN-VLC-HI02,C,alimentacion_hosteleria,Alimentación y Hostelería,719689.02
2025-11-01,RN-VLC-HI03,C,moda_belleza,Moda y Belleza,59193.02
2025-11-01,RN-VLC-HI03,C,hogar_electronica,"Hogar, Electrónica y Electrodomésticos",144976.53
2025-11-01,RN-VLC-HI03,C,alimentacion_hosteleria,Alimentación y Hostelería,772534.62
2025-11-01,RN-VLC-HI04,C,moda_belleza,Moda y Belleza,51725.46
2025-11-01,RN-VLC-HI04,C,hogar_electronica,"Hogar, Electrónica y Electrodomésticos",126686.87
2025-11-01,RN-VLC-HI04,C,alimentacion_hosteleria,Alimentación y Hostelería,675074.75
2025-11-01,RN-VLC-HI05,C,moda_belleza,Moda y Belleza,56841.31
2025-11-01,RN-VLC-HI05,C,hogar_electronica,"Hogar, Electrónica y Electrodomésticos",139216.69
2025-11-01,RN-VLC-HI05,C,alimentacion_hosteleria,Alimentación y Hostelería,741842.22
2025-11-01,RN-VLC-HI06,C,moda_belleza,Moda y Belleza,52335.96
2025-11-01,RN-VLC-HI06,C,hogar_electronica,"Hogar, Electrónica y Electrodomésticos",128182.11
2025-11-01,RN-VLC-HI06,C,alimentacion_hosteleria,Alimentación y Hostelería,683042.4
2025-11-01,RN-VLC-HI07,C,moda_belleza,Moda y Belleza,41739.45
2025-11-01,RN-VLC-HI07,C,hogar_electronica,"Hogar, Electrónica y Electrodomésticos",102228.96
2025-11-01,RN-VLC-HI07,C,alimentacion_hosteleria,Alimentación y Hostelería,544746.2
2025-12-01,RN-BCN-CV01,B,moda_belleza,Moda y Belleza,17538.21
2025-12-01,RN-BCN-CV01,B,hogar_electronica,"Hogar, Electrónica y Electrodomésticos",38757.37
2025-12-01,RN-BCN-CV01,B,alimentacion_hosteleria,Alimentación y Hostelería,217946.38
2025-12-01,RN-BCN-CV02,B,moda_belleza,Moda y Belleza,19663.31
2025-12-01,RN-BCN-CV02,B,hogar_electronica,"Hogar, Electrónica y Electrodomésticos",43453.57
2025-12-01,RN-BCN-CV02,B,alimentacion_hosteleria,Alimentación y Hostelería,244354.82
2025-12-01,RN-BCN-CV03,B,moda_belleza,Moda y Belleza,21923.64
2025-12-01,RN-BCN-CV03,B,hogar_electronica,"Hogar, Electrónica y Electrodomésticos",48448.64
2025-12-01,RN-BCN-CV03,B,alimentacion_hosteleria,Alimentación y Hostelería,272443.86
2025-12-01,RN-BCN-CV04,B,moda_belleza,Moda y Belleza,16620.7
2025-12-01,RN-BCN-CV04,B,hogar_electronica,"Hogar, Electrónica y Electrodomésticos",36729.78
2025-12-01,RN-BCN-CV04,B,alimentacion_hosteleria,Alimentación y Hostelería,206544.52
2025-12-01,RN-BCN-CV05,B,moda_belleza,Moda y Belleza,16634.42
2025-12-01,RN-BCN-CV05,B,hogar_electronica,"Hogar, Electrónica y Electrodomésticos",36760.09
2025-12-01,RN-BCN-CV05,B,alimentacion_hosteleria,Alimentación y Hostelería,206714.97
2025-12-01,RN-BCN-CV06,B,moda_belleza,Moda y Belleza,17248.43
2025-12-01,RN-BCN-CV06,B,hogar_electronica,"Hogar, Electrónica y Electrodomésticos",38116.97
2025-12-01,RN-BCN-CV06,B,alimentacion_hosteleria,Alimentación y Hostelería,214345.24
2025-12-01,RN-BCN-CV07,B,moda_belleza,Moda y Belleza,17518.8
2025-12-01,RN-BCN-CV07,B,hogar_electronica,"Hogar, Electrónica y Electrodomésticos",38714.47
2025-12-01,RN-BCN-CV07,B,alimentacion_hosteleria,Alimentación y Hostelería,217705.17
2025-12-01,RN-BCN-CV08,B,moda_belleza,Moda y Belleza,18008.69
2025-12-01,RN-BCN-CV08,B,hogar_electronica,"Hogar, Electrónica y Electrodomésticos",39797.07
2025-12-01,RN-BCN-CV08,B,alimentacion_hosteleria,Alimentación y Hostelería,223793.01
2025-12-01,RN-BCN-ES01,B,moda_belleza,Moda y Belleza,301532.1
2025-12-01,RN-BCN-ES01,B,hogar_electronica,"Hogar, Electrónica y Electrodomésticos",50481.06
2025-12-01,RN-BCN-ES01,B,alimentacion_hosteleria,Alimentación y Hostelería,6011.43
2025-12-01,RN-BCN-ES02,B,moda_belleza,Moda y Belleza,355056.3
2025-12-01,RN-BCN-ES02,B,hogar_electronica,"Hogar, Electrónica y Electrodomésticos",59441.83
2025-12-01,RN-BCN-ES02,B,alimentacion_hosteleria,Alimentación y Hostelería,7078.5
2025-12-01,RN-BCN-ES03,B,moda_belleza,Moda y Belleza,356548.22
2025-12-01,RN-BCN-ES03,B,hogar_electronica,"Hogar, Electrónica y Electrodomésticos",59691.6
2025-12-01,RN-BCN-ES03,B,alimentacion_hosteleria,Alimentación y Hostelería,7108.24
2025-12-01,RN-BCN-ES04,B,moda_belleza,Moda y Belleza,329366.45
2025-12-01,RN-BCN-ES04,B,hogar_electronica,"Hogar, Electrónica y Electrodomésticos",55140.96
2025-12-01,RN-BCN-ES04,B,alimentacion_hosteleria,Alimentación y Hostelería,6566.34
2025-12-01,RN-BCN-ES05,B,moda_belleza,Moda y Belleza,375895.65
2025-12-01,RN-BCN-ES05,B,hogar_electronica,"Hogar, Electrónica y Electrodomésticos",62930.65
2025-12-01,RN-BCN-ES05,B,alimentacion_hosteleria,Alimentación y Hostelería,7493.96
2025-12-01,RN-BCN-ES06,B,moda_belleza,Moda y Belleza,364279.91
2025-12-01,RN-BCN-ES06,B,hogar_electronica,"Hogar, Electrónica y Electrodomésticos",60986.0
2025-12-01,RN-BCN-ES06,B,alimentacion_hosteleria,Alimentación y Hostelería,7262.38
2025-12-01,RN-BCN-ES07,B,moda_belleza,Moda y Belleza,356157.94
2025-12-01,RN-BCN-ES07,B,hogar_electronica,"Hogar, Electrónica y Electrodomésticos",59626.26
2025-12-01,RN-BCN-ES07,B,alimentacion_hosteleria,Alimentación y Hostelería,7100.46
2025-12-01,RN-BCN-ES08,B,moda_belleza,Moda y Belleza,265095.91
2025-12-01,RN-BCN-ES08,B,hogar_electronica,"Hogar, Electrónica y Electrodomésticos",44381.09
2025-12-01,RN-BCN-ES08,B,alimentacion_hosteleria,Alimentación y Hostelería,5285.02
2025-12-01,RN-BCN-ES09,B,moda_belleza,Moda y Belleza,366085.34
2025-12-01,RN-BCN-ES09,B,hogar_electronica,"Hogar, Electrónica y Electrodomésticos",61288.26
2025-12-01,RN-BCN-ES09,B,alimentacion_hosteleria,Alimentación y Hostelería,7298.38
2025-12-01,RN-BCN-ES10,B,moda_belleza,Moda y Belleza,323512.07
2025-12-01,RN-BCN-ES10,B,hogar_electronica,"Hogar, Electrónica y Electrodomésticos",54160.85
2025-12-01,RN-BCN-ES10,B,alimentacion_hosteleria,Alimentación y Hostelería,6449.62
2025-12-01,RN-BCN-ES11,B,moda_belleza,Moda y Belleza,346961.3
2025-12-01,RN-BCN-ES11,B,hogar_electronica,"Hogar, Electrónica y Electrodomésticos",58086.6
2025-12-01,RN-BCN-ES11,B,alimentacion_hosteleria,Alimentación y Hostelería,6917.11
2025-12-01,RN-BCN-ES12,B,moda_belleza,Moda y Belleza,305837.99
2025-12-01,RN-BCN-ES12,B,hogar_electronica,"Hogar, Electrónica y Electrodomésticos",51201.94
2025-12-01,RN-BCN-ES12,B,alimentacion_hosteleria,Alimentación y Hostelería,6097.27
2025-12-01,RN-BCN-ES13,B,moda_belleza,Moda y Belleza,363478.86
2025-12-01,RN-BCN-ES13,B,hogar_electronica,"Hogar, Electrónica y Electrodomésticos",60851.89
2025-12-01,RN-BCN-ES13,B,alimentacion_hosteleria,Alimentación y Hostelería,7246.41
2025-12-01,RN-BCN-ES14,B,moda_belleza,Moda y Belleza,377193.12
2025-12-01,RN-BCN-ES14,B,hogar_electronica,"Hogar, Electrónica y Electrodomésticos",63147.87
2025-12-01,RN-BCN-ES14,B,alimentacion_hosteleria,Alimentación y Hostelería,7519.82
2025-12-01,RN-BCN-GA01,B,moda_belleza,Moda y Belleza,2458272.94
2025-12-01,RN-BCN-GA01,B,hogar_electronica,"Hogar, Electrónica y Electrodomésticos",2991806.39
2025-12-01,RN-BCN-GA01,B,alimentacion_hosteleria,Alimentación y Hostelería,750047.67
2025-12-01,RN-BCN-GA02,B,moda_belleza,Moda y Belleza,2875770.35
2025-12-01,RN-BCN-GA02,B,hogar_electronica,"Hogar, Electrónica y Electrodomésticos",3499915.72
2025-12-01,RN-BCN-GA02,B,alimentacion_hosteleria,Alimentación y Hostelería,877430.99
2025-12-01,RN-BCN-HI01,B,moda_belleza,Moda y Belleza,96551.91
2025-12-01,RN-BCN-HI01,B,hogar_electronica,"Hogar, Electrónica y Electrodomésticos",248929.61
2025-12-01,RN-BCN-HI01,B,alimentacion_hosteleria,Alimentación y Hostelería,825775.74
2025-12-01,RN-BCN-HI02,B,moda_belleza,Moda y Belleza,146077.7
2025-12-01,RN-BCN-HI02,B,hogar_electronica,"Hogar, Electrónica y Electrodomésticos",376616.71
2025-12-01,RN-BCN-HI02,B,alimentacion_hosteleria,Alimentación y Hostelería,1249352.95
2025-12-01,RN-BCN-HI03,B,moda_belleza,Moda y Belleza,99392.07
2025-12-01,RN-BCN-HI03,B,hogar_electronica,"Hogar, Electrónica y Electrodomésticos",256252.1
2025-12-01,RN-BCN-HI03,B,alimentacion_hosteleria,Alimentación y Hostelería,850066.67
2025-12-01,RN-BCN-HI04,B,moda_belleza,Moda y Belleza,125194.36
2025-12-01,RN-BCN-HI04,B,hogar_electronica,"Hogar, Electrónica y Electrodomésticos",322775.41
2025-12-01,RN-BCN-HI04,B,alimentacion_hosteleria,Alimentación y Hostelería,1070744.88
2025-12-01,RN-BIO-CV01,E,moda_belleza,Moda y Belleza,18151.77
2025-12-01,RN-BIO-CV01,E,hogar_electronica,"Hogar, Electrónica y Electrodomésticos",48254.79
2025-12-01,RN-BIO-CV01,E,alimentacion_hosteleria,Alimentación y Hostelería,243803.95
2025-12-01,RN-BIO-CV02,E,moda_belleza,Moda y Belleza,17670.79
2025-12-01,RN-BIO-CV02,E,hogar_electronica,"Hogar, Electrónica y Electrodomésticos",46976.15
2025-12-01,RN-BIO-CV02,E,alimentacion_hosteleria,Alimentación y Hostelería,237343.74
2025-12-01,RN-BIO-CV03,E,moda_belleza,Moda y Belleza,16890.78
2025-12-01,RN-BIO-CV03,E,hogar_electronica,"Hogar, Electrónica y Electrodomésticos",44902.58
2025-12-01,RN-BIO-CV03,E,alimentacion_hosteleria,Alimentación y Hostelería,226867.17
2025-12-01,RN-BIO-CV04,E,moda_belleza,Moda y Belleza,19430.96
2025-12-01,RN-BIO-CV04,E,hogar_electronica,"Hogar, Electrónica y Electrodomésticos",51655.41
2025-12-01,RN-BIO-CV04,E,alimentacion_hosteleria,Alimentación y Hostelería,260985.37
2025-12-01,RN-BIO-ES01,E,moda_belleza,Moda y Belleza,307830.68
2025-12-01,RN-BIO-ES01,E,hogar_electronica,"Hogar, Electrónica y Electrodomésticos",61995.4
2025-12-01,RN-BIO-ES01,E,alimentacion_hosteleria,Alimentación y Hostelería,6633.05
2025-12-01,RN-BIO-ES02,E,moda_belleza,Moda y Belleza,273000.42
2025-12-01,RN-BIO-ES02,E,hogar_electronica,"Hogar, Electrónica y Electrodomésticos",54980.78
2025-12-01,RN-BIO-ES02,E,alimentacion_hosteleria,Alimentación y Hostelería,5882.54
2025-12-01,RN-BIO-ES03,E,moda_belleza,Moda y Belleza,424283.52
2025-12-01,RN-BIO-ES03,E,hogar_electronica,"Hogar, Electrónica y Electrodomésticos",85448.36
2025-12-01,RN-BIO-ES03,E,alimentacion_hosteleria,Alimentación y Hostelería,9142.35
2025-12-01,RN-BIO-ES04,E,moda_belleza,Moda y Belleza,366922.83
2025-12-01,RN-BIO-ES04,E,hogar_electronica,"Hogar, Electrónica y Electrodomésticos",73896.24
2025-12-01,RN-BIO-ES04,E,alimentacion_hosteleria,Alimentación y Hostelería,7906.35
2025-12-01,RN-BIO-ES05,E,moda_belleza,Moda y Belleza,342150.23
2025-12-01,RN-BIO-ES05,E,hogar_electronica,"Hogar, Electrónica y Electrodomésticos",68907.17
2025-12-01,RN-BIO-ES05,E,alimentacion_hosteleria,Alimentación y Hostelería,7372.56
2025-12-01,RN-BIO-ES06,E,moda_belleza,Moda y Belleza,413431.75
2025-12-01,RN-BIO-ES06,E,hogar_electronica,"Hogar, Electrónica y Electrodomésticos",83262.88
2025-12-01,RN-BIO-ES06,E,alimentacion_hosteleria,Alimentación y Hostelería,8908.52
2025-12-01,RN-BIO-ES07,E,moda_belleza,Moda y Belleza,343256.75
2025-12-01,RN-BIO-ES07,E,hogar_electronica,"Hogar, Electrónica y Electrodomésticos",69130.02
2025-12-01,RN-BIO-ES07,E,alimentacion_hosteleria,Alimentación y Hostelería,7396.4
2025-12-01,RN-BIO-GA01,E,moda_belleza,Moda y Belleza,1660830.54
2025-12-01,RN-BIO-GA01,E,hogar_electronica,"Hogar, Electrónica y Electrodomésticos",2431539.61
2025-12-01,RN-BIO-GA01,E,alimentacion_hosteleria,Alimentación y Hostelería,547698.62
2025-12-01,RN-BIO-HI01,E,moda_belleza,Moda y Belleza,117387.43
2025-12-01,RN-BIO-HI01,E,hogar_electronica,"Hogar, Electrónica y Electrodomésticos",364074.2
2025-12-01,RN-BIO-HI01,E,alimentacion_hosteleria,Alimentación y Hostelería,1085126.54
2025-12-01,RN-BIO-HI02,E,moda_belleza,Moda y Belleza,85265.74
2025-12-01,RN-BIO-HI02,E,hogar_electronica,"Hogar, Electrónica y Electrodomésticos",264449.58
2025-12-01,RN-BIO-HI02,E,alimentacion_hosteleria,Alimentación y Hostelería,788194.43
2025-12-01,RN-MAD-CV01,A,moda_belleza,Moda y Belleza,18855.24
2025-12-01,RN-MAD-CV01,A,hogar_electronica,"Hogar, Electrónica y Electrodomésticos",37091.6
2025-12-01,RN-MAD-CV01,A,alimentacion_hosteleria,Alimentación y Hostelería,225951.05
2025-12-01,RN-MAD-CV02,A,moda_belleza,Moda y Belleza,20144.8
2025-12-01,RN-MAD-CV02,A,hogar_electronica,"Hogar, Electrónica y Electrodomésticos",39628.39
2025-12-01,RN-MAD-CV02,A,alimentacion_hosteleria,Alimentación y Hostelería,241404.41
2025-12-01,RN-MAD-CV03,A,moda_belleza,Moda y Belleza,18675.41
2025-12-01,RN-MAD-CV03,A,hogar_electronica,"Hogar, Electrónica y Electrodomésticos",36737.85
2025-12-01,RN-MAD-CV03,A,alimentacion_hosteleria,Alimentación y Hostelería,223796.09
2025-12-01,RN-MAD-CV04,A,moda_belleza,Moda y Belleza,22325.9
2025-12-01,RN-MAD-CV04,A,hogar_electronica,"Hogar, Electrónica y Electrodomésticos",43919.01
2025-12-01,RN-MAD-CV04,A,alimentacion_hosteleria,Alimentación y Hostelería,267541.62
2025-12-01,RN-MAD-CV05,A,moda_belleza,Moda y Belleza,16646.3
2025-12-01,RN-MAD-CV05,A,hogar_electronica,"Hogar, Electrónica y Electrodomésticos",32746.22
2025-12-01,RN-MAD-CV05,A,alimentacion_hosteleria,Alimentación y Hostelería,199480.31
2025-12-01,RN-MAD-CV06,A,moda_belleza,Moda y Belleza,18875.07
2025-12-01,RN-MAD-CV06,A,hogar_electronica,"Hogar, Electrónica y Electrodomésticos",37130.61
2025-12-01,RN-MAD-CV06,A,alimentacion_hosteleria,Alimentación y Hostelería,226188.68
2025-12-01,RN-MAD-CV07,A,moda_belleza,Moda y Belleza,18020.76
2025-12-01,RN-MAD-CV07,A,hogar_electronica,"Hogar, Electrónica y Electrodomésticos",35450.03
2025-12-01,RN-MAD-CV07,A,alimentacion_hosteleria,Alimentación y Hostelería,215951.11
2025-12-01,RN-MAD-CV08,A,moda_belleza,Moda y Belleza,22358.47
2025-12-01,RN-MAD-CV08,A,hogar_electronica,"Hogar, Electrónica y Electrodomésticos",43983.08
2025-12-01,RN-MAD-CV08,A,alimentacion_hosteleria,Alimentación y Hostelería,267931.92
2025-12-01,RN-MAD-CV09,A,moda_belleza,Moda y Belleza,22647.57
2025-12-01,RN-MAD-CV09,A,hogar_electronica,"Hogar, Electrónica y Electrodomésticos",44551.78
2025-12-01,RN-MAD-CV09,A,alimentacion_hosteleria,Alimentación y Hostelería,271396.28
2025-12-01,RN-MAD-CV10,A,moda_belleza,Moda y Belleza,21269.17
2025-12-01,RN-MAD-CV10,A,hogar_electronica,"Hogar, Electrónica y Electrodomésticos",41840.22
2025-12-01,RN-MAD-CV10,A,alimentacion_hosteleria,Alimentación y Hostelería,254878.26
2025-12-01,RN-MAD-ES01,A,moda_belleza,Moda y Belleza,454928.55
2025-12-01,RN-MAD-ES01,A,hogar_electronica,"Hogar, Electrónica y Electrodomésticos",67797.36
2025-12-01,RN-MAD-ES01,A,alimentacion_hosteleria,Alimentación y Hostelería,8745.91
2025-12-01,RN-MAD-ES02,A,moda_belleza,Moda y Belleza,314545.51
2025-12-01,RN-MAD-ES02,A,hogar_electronica,"Hogar, Electrónica y Electrodomésticos",46876.27
2025-12-01,RN-MAD-ES02,A,alimentacion_hosteleria,Alimentación y Hostelería,6047.08
2025-12-01,RN-MAD-ES03,A,moda_belleza,Moda y Belleza,385641.04
2025-12-01,RN-MAD-ES03,A,hogar_electronica,"Hogar, Electrónica y Electrodomésticos",57471.54
2025-12-01,RN-MAD-ES03,A,alimentacion_hosteleria,Alimentación y Hostelería,7413.87
2025-12-01,RN-MAD-ES04,A,moda_belleza,Moda y Belleza,391590.01
2025-12-01,RN-MAD-ES04,A,hogar_electronica,"Hogar, Electrónica y Electrodomésticos",58358.1
2025-12-01,RN-MAD-ES04,A,alimentacion_hosteleria,Alimentación y Hostelería,7528.24
2025-12-01,RN-MAD-ES05,A,moda_belleza,Moda y Belleza,350547.87
2025-12-01,RN-MAD-ES05,A,hogar_electronica,"Hogar, Electrónica y Electrodomésticos",52241.65
2025-12-01,RN-MAD-ES05,A,alimentacion_hosteleria,Alimentación y Hostelería,6739.21
2025-12-01,RN-MAD-ES06,A,moda_belleza,Moda y Belleza,399918.94
2025-12-01,RN-MAD-ES06,A,hogar_electronica,"Hogar, Electrónica y Electrodomésticos",59599.35
2025-12-01,RN-MAD-ES06,A,alimentacion_hosteleria,Alimentación y Hostelería,7688.36
2025-12-01,RN-MAD-ES07,A,moda_belleza,Moda y Belleza,403857.35
2025-12-01,RN-MAD-ES07,A,hogar_electronica,"Hogar, Electrónica y Electrodomésticos",60186.29
2025-12-01,RN-MAD-ES07,A,alimentacion_hosteleria,Alimentación y Hostelería,7764.08
2025-12-01,RN-MAD-ES08,A,moda_belleza,Moda y Belleza,397996.66
2025-12-01,RN-MAD-ES08,A,hogar_electronica,"Hogar, Electrónica y Electrodomésticos",59312.88
2025-12-01,RN-MAD-ES08,A,alimentacion_hosteleria,Alimentación y Hostelería,7651.41
2025-12-01,RN-MAD-ES09,A,moda_belleza,Moda y Belleza,375826.06
2025-12-01,RN-MAD-ES09,A,hogar_electronica,"Hogar, Electrónica y Electrodomésticos",56008.82
2025-12-01,RN-MAD-ES09,A,alimentacion_hosteleria,Alimentación y Hostelería,7225.18
2025-12-01,RN-MAD-ES10,A,moda_belleza,Moda y Belleza,394622.34
2025-12-01,RN-MAD-ES10,A,hogar_electronica,"Hogar, Electrónica y Electrodomésticos",58810.01
2025-12-01,RN-MAD-ES10,A,alimentacion_hosteleria,Alimentación y Hostelería,7586.54
2025-12-01,RN-MAD-ES11,A,moda_belleza,Moda y Belleza,331886.64
2025-12-01,RN-MAD-ES11,A,hogar_electronica,"Hogar, Electrónica y Electrodomésticos",49460.59
2025-12-01,RN-MAD-ES11,A,alimentacion_hosteleria,Alimentación y Hostelería,6380.46
2025-12-01,RN-MAD-ES12,A,moda_belleza,Moda y Belleza,404026.29
2025-12-01,RN-MAD-ES12,A,hogar_electronica,"Hogar, Electrónica y Electrodomésticos",60211.46
2025-12-01,RN-MAD-ES12,A,alimentacion_hosteleria,Alimentación y Hostelería,7767.33
2025-12-01,RN-MAD-ES13,A,moda_belleza,Moda y Belleza,375967.12
2025-12-01,RN-MAD-ES13,A,hogar_electronica,"Hogar, Electrónica y Electrodomésticos",56029.85
2025-12-01,RN-MAD-ES13,A,alimentacion_hosteleria,Alimentación y Hostelería,7227.89
2025-12-01,RN-MAD-ES14,A,moda_belleza,Moda y Belleza,323002.8
2025-12-01,RN-MAD-ES14,A,hogar_electronica,"Hogar, Electrónica y Electrodomésticos",48136.65
2025-12-01,RN-MAD-ES14,A,alimentacion_hosteleria,Alimentación y Hostelería,6209.67
2025-12-01,RN-MAD-ES15,A,moda_belleza,Moda y Belleza,351835.36
2025-12-01,RN-MAD-ES15,A,hogar_electronica,"Hogar, Electrónica y Electrodomésticos",52433.52
2025-12-01,RN-MAD-ES15,A,alimentacion_hosteleria,Alimentación y Hostelería,6763.97
2025-12-01,RN-MAD-ES16,A,moda_belleza,Moda y Belleza,372474.56
2025-12-01,RN-MAD-ES16,A,hogar_electronica,"Hogar, Electrónica y Electrodomésticos",55509.35
2025-12-01,RN-MAD-ES16,A,alimentacion_hosteleria,Alimentación y Hostelería,7160.75
2025-12-01,RN-MAD-ES17,A,moda_belleza,Moda y Belleza,391054.03
2025-12-01,RN-MAD-ES17,A,hogar_electronica,"Hogar, Electrónica y Electrodomésticos",58278.23
2025-12-01,RN-MAD-ES17,A,alimentacion_hosteleria,Alimentación y Hostelería,7517.94
2025-12-01,RN-MAD-ES18,A,moda_belleza,Moda y Belleza,424423.01
2025-12-01,RN-MAD-ES18,A,hogar_electronica,"Hogar, Electrónica y Electrodomésticos",63251.16
2025-12-01,RN-MAD-ES18,A,alimentacion_hosteleria,Alimentación y Hostelería,8159.45
2025-12-01,RN-MAD-ES19,A,moda_belleza,Moda y Belleza,388402.99
2025-12-01,RN-MAD-ES19,A,hogar_electronica,"Hogar, Electrónica y Electrodomésticos",57883.15
2025-12-01,RN-MAD-ES19,A,alimentacion_hosteleria,Alimentación y Hostelería,7466.97
2025-12-01,RN-MAD-ES20,A,moda_belleza,Moda y Belleza,372443.17
2025-12-01,RN-MAD-ES20,A,hogar_electronica,"Hogar, Electrónica y Electrodomésticos",55504.68
2025-12-01,RN-MAD-ES20,A,alimentacion_hosteleria,Alimentación y Hostelería,7160.15
2025-12-01,RN-MAD-GA01,A,moda_belleza,Moda y Belleza,3660811.31
2025-12-01,RN-MAD-GA01,A,hogar_electronica,"Hogar, Electrónica y Electrodomésticos",3966024.07
2025-12-01,RN-MAD-GA01,A,alimentacion_hosteleria,Alimentación y Hostelería,1077095.27
2025-12-01,RN-MAD-GA02,A,moda_belleza,Moda y Belleza,2561080.25
2025-12-01,RN-MAD-GA02,A,hogar_electronica,"Hogar, Electrónica y Electrodomésticos",2774605.15
2025-12-01,RN-MAD-GA02,A,alimentacion_hosteleria,Alimentación y Hostelería,753528.98
2025-12-01,RN-MAD-GA03,A,moda_belleza,Moda y Belleza,2927339.76
2025-12-01,RN-MAD-GA03,A,hogar_electronica,"Hogar, Electrónica y Electrodomésticos",3171400.8
2025-12-01,RN-MAD-GA03,A,alimentacion_hosteleria,Alimentación y Hostelería,861290.99
2025-12-01,RN-MAD-HI01,A,moda_belleza,Moda y Belleza,131931.1
2025-12-01,RN-MAD-HI01,A,hogar_electronica,"Hogar, Electrónica y Electrodomésticos",302787.17
2025-12-01,RN-MAD-HI01,A,alimentacion_hosteleria,Alimentación y Hostelería,1088094.01
2025-12-01,RN-MAD-HI02,A,moda_belleza,Moda y Belleza,108792.79
2025-12-01,RN-MAD-HI02,A,hogar_electronica,"Hogar, Electrónica y Electrodomésticos",249683.82
2025-12-01,RN-MAD-HI02,A,alimentacion_hosteleria,Alimentación y Hostelería,897262.16
2025-12-01,RN-MAD-HI03,A,moda_belleza,Moda y Belleza,128938.21
2025-12-01,RN-MAD-HI03,A,hogar_electronica,"Hogar, Electrónica y Electrodomésticos",295918.38
2025-12-01,RN-MAD-HI03,A,alimentacion_hosteleria,Alimentación y Hostelería,1063410.36
2025-12-01,RN-MAD-HI04,A,moda_belleza,Moda y Belleza,137701.97
2025-12-01,RN-MAD-HI04,A,hogar_electronica,"Hogar, Electrónica y Electrodomésticos",316031.54
2025-12-01,RN-MAD-HI04,A,alimentacion_hosteleria,Alimentación y Hostelería,1135688.9
2025-12-01,RN-MAD-HI05,A,moda_belleza,Moda y Belleza,138722.81
2025-12-01,RN-MAD-HI05,A,hogar_electronica,"Hogar, Electrónica y Electrodomésticos",318374.42
2025-12-01,RN-MAD-HI05,A,alimentacion_hosteleria,Alimentación y Hostelería,1144108.24
2025-12-01,RN-SEV-CV01,D,moda_belleza,Moda y Belleza,16961.97
2025-12-01,RN-SEV-CV01,D,hogar_electronica,"Hogar, Electrónica y Electrodomésticos",49666.09
2025-12-01,RN-SEV-CV01,D,alimentacion_hosteleria,Alimentación y Hostelería,164265.51
2025-12-01,RN-SEV-CV02,D,moda_belleza,Moda y Belleza,19492.84
2025-12-01,RN-SEV-CV02,D,hogar_electronica,"Hogar, Electrónica y Electrodomésticos",57076.69
2025-12-01,RN-SEV-CV02,D,alimentacion_hosteleria,Alimentación y Hostelería,188775.3
2025-12-01,RN-SEV-CV03,D,moda_belleza,Moda y Belleza,15491.34
2025-12-01,RN-SEV-CV03,D,hogar_electronica,"Hogar, Electrónica y Electrodomésticos",45359.97
2025-12-01,RN-SEV-CV03,D,alimentacion_hosteleria,Alimentación y Hostelería,150023.47
2025-12-01,RN-SEV-CV04,D,moda_belleza,Moda y Belleza,15882.58
2025-12-01,RN-SEV-CV04,D,hogar_electronica,"Hogar, Electrónica y Electrodomésticos",46505.55
2025-12-01,RN-SEV-CV04,D,alimentacion_hosteleria,Alimentación y Hostelería,153812.33
2025-12-01,RN-SEV-CV05,D,moda_belleza,Moda y Belleza,14051.44
2025-12-01,RN-SEV-CV05,D,hogar_electronica,"Hogar, Electrónica y Electrodomésticos",41143.81
2025-12-01,RN-SEV-CV05,D,alimentacion_hosteleria,Alimentación y Hostelería,136078.95
2025-12-01,RN-SEV-CV06,D,moda_belleza,Moda y Belleza,16271.07
2025-12-01,RN-SEV-CV06,D,hogar_electronica,"Hogar, Electrónica y Electrodomésticos",47643.07
2025-12-01,RN-SEV-CV06,D,alimentacion_hosteleria,Alimentación y Hostelería,157574.58
2025-12-01,RN-SEV-CV07,D,moda_belleza,Moda y Belleza,16308.56
2025-12-01,RN-SEV-CV07,D,hogar_electronica,"Hogar, Electrónica y Electrodomésticos",47752.84
2025-12-01,RN-SEV-CV07,D,alimentacion_hosteleria,Alimentación y Hostelería,157937.62
2025-12-01,RN-SEV-CV08,D,moda_belleza,Moda y Belleza,17584.66
2025-12-01,RN-SEV-CV08,D,hogar_electronica,"Hogar, Electrónica y Electrodomésticos",51489.37
2025-12-01,RN-SEV-CV08,D,alimentacion_hosteleria,Alimentación y Hostelería,170295.84
2025-12-01,RN-SEV-CV09,D,moda_belleza,Moda y Belleza,18108.9
2025-12-01,RN-SEV-CV09,D,hogar_electronica,"Hogar, Electrónica y Electrodomésticos",53024.39
2025-12-01,RN-SEV-CV09,D,alimentacion_hosteleria,Alimentación y Hostelería,175372.75
2025-12-01,RN-SEV-CV10,D,moda_belleza,Moda y Belleza,18084.66
2025-12-01,RN-SEV-CV10,D,hogar_electronica,"Hogar, Electrónica y Electrodomésticos",52953.42
2025-12-01,RN-SEV-CV10,D,alimentacion_hosteleria,Alimentación y Hostelería,175138.01
2025-12-01,RN-SEV-ES01,D,moda_belleza,Moda y Belleza,293592.17
2025-12-01,RN-SEV-ES01,D,hogar_electronica,"Hogar, Electrónica y Electrodomésticos",65125.97
2025-12-01,RN-SEV-ES01,D,alimentacion_hosteleria,Alimentación y Hostelería,4561.36
2025-12-01,RN-SEV-ES02,D,moda_belleza,Moda y Belleza,264309.55
2025-12-01,RN-SEV-ES02,D,hogar_electronica,"Hogar, Electrónica y Electrodomésticos",58630.37
2025-12-01,RN-SEV-ES02,D,alimentacion_hosteleria,Alimentación y Hostelería,4106.41
2025-12-01,RN-SEV-ES03,D,moda_belleza,Moda y Belleza,283507.17
2025-12-01,RN-SEV-ES03,D,hogar_electronica,"Hogar, Electrónica y Electrodomésticos",62888.87
2025-12-01,RN-SEV-ES03,D,alimentacion_hosteleria,Alimentación y Hostelería,4404.67
2025-12-01,RN-SEV-ES04,D,moda_belleza,Moda y Belleza,237715.52
2025-12-01,RN-SEV-ES04,D,hogar_electronica,"Hogar, Electrónica y Electrodomésticos",52731.16
2025-12-01,RN-SEV-ES04,D,alimentacion_hosteleria,Alimentación y Hostelería,3693.24
2025-12-01,RN-SEV-ES05,D,moda_belleza,Moda y Belleza,218631.42
2025-12-01,RN-SEV-ES05,D,hogar_electronica,"Hogar, Electrónica y Electrodomésticos",48497.83
2025-12-01,RN-SEV-ES05,D,alimentacion_hosteleria,Alimentación y Hostelería,3396.74
2025-12-01,RN-SEV-ES06,D,moda_belleza,Moda y Belleza,301492.13
2025-12-01,RN-SEV-ES06,D,hogar_electronica,"Hogar, Electrónica y Electrodomésticos",66878.38
2025-12-01,RN-SEV-ES06,D,alimentacion_hosteleria,Alimentación y Hostelería,4684.1
2025-12-01,RN-SEV-ES07,D,moda_belleza,Moda y Belleza,309337.7
2025-12-01,RN-SEV-ES07,D,hogar_electronica,"Hogar, Electrónica y Electrodomésticos",68618.72
2025-12-01,RN-SEV-ES07,D,alimentacion_hosteleria,Alimentación y Hostelería,4805.99
2025-12-01,RN-SEV-ES08,D,moda_belleza,Moda y Belleza,280872.24
2025-12-01,RN-SEV-ES08,D,hogar_electronica,"Hogar, Electrónica y Electrodomésticos",62304.38
2025-12-01,RN-SEV-ES08,D,alimentacion_hosteleria,Alimentación y Hostelería,4363.74
2025-12-01,RN-SEV-ES09,D,moda_belleza,Moda y Belleza,275143.89
2025-12-01,RN-SEV-ES09,D,hogar_electronica,"Hogar, Electrónica y Electrodomésticos",61033.69
2025-12-01,RN-SEV-ES09,D,alimentacion_hosteleria,Alimentación y Hostelería,4274.74
2025-12-01,RN-SEV-ES10,D,moda_belleza,Moda y Belleza,268081.59
2025-12-01,RN-SEV-ES10,D,hogar_electronica,"Hogar, Electrónica y Electrodomésticos",59467.1
2025-12-01,RN-SEV-ES10,D,alimentacion_hosteleria,Alimentación y Hostelería,4165.02
2025-12-01,RN-SEV-ES11,D,moda_belleza,Moda y Belleza,270878.54
2025-12-01,RN-SEV-ES11,D,hogar_electronica,"Hogar, Electrónica y Electrodomésticos",60087.53
2025-12-01,RN-SEV-ES11,D,alimentacion_hosteleria,Alimentación y Hostelería,4208.47
2025-12-01,RN-SEV-ES12,D,moda_belleza,Moda y Belleza,241673.31
2025-12-01,RN-SEV-ES12,D,hogar_electronica,"Hogar, Electrónica y Electrodomésticos",53609.09
2025-12-01,RN-SEV-ES12,D,alimentacion_hosteleria,Alimentación y Hostelería,3754.73
2025-12-01,RN-SEV-GA01,D,moda_belleza,Moda y Belleza,1191418.5
2025-12-01,RN-SEV-GA01,D,hogar_electronica,"Hogar, Electrónica y Electrodomésticos",1921244.03
2025-12-01,RN-SEV-GA01,D,alimentacion_hosteleria,Alimentación y Hostelería,283288.48
2025-12-01,RN-SEV-HI01,D,moda_belleza,Moda y Belleza,83788.82
2025-12-01,RN-SEV-HI01,D,hogar_electronica,"Hogar, Electrónica y Electrodomésticos",286230.92
2025-12-01,RN-SEV-HI01,D,alimentacion_hosteleria,Alimentación y Hostelería,558461.34
2025-12-01,RN-SEV-HI02,D,moda_belleza,Moda y Belleza,91092.93
2025-12-01,RN-SEV-HI02,D,hogar_electronica,"Hogar, Electrónica y Electrodomésticos",311182.5
2025-12-01,RN-SEV-HI02,D,alimentacion_hosteleria,Alimentación y Hostelería,607144.03
2025-12-01,RN-SEV-HI03,D,moda_belleza,Moda y Belleza,80628.23
2025-12-01,RN-SEV-HI03,D,hogar_electronica,"Hogar, Electrónica y Electrodomésticos",275434.02
2025-12-01,RN-SEV-HI03,D,alimentacion_hosteleria,Alimentación y Hostelería,537395.64
2025-12-01,RN-SEV-HI04,D,moda_belleza,Moda y Belleza,105987.12
2025-12-01,RN-SEV-HI04,D,hogar_electronica,"Hogar, Electrónica y Electrodomésticos",362062.52
2025-12-01,RN-SEV-HI04,D,alimentacion_hosteleria,Alimentación y Hostelería,706415.36
2025-12-01,RN-VLC-CV01,C,moda_belleza,Moda y Belleza,11741.49
2025-12-01,RN-VLC-CV01,C,hogar_electronica,"Hogar, Electrónica y Electrodomésticos",24649.24
2025-12-01,RN-VLC-CV01,C,alimentacion_hosteleria,Alimentación y Hostelería,222655.58
2025-12-01,RN-VLC-CV02,C,moda_belleza,Moda y Belleza,11905.07
2025-12-01,RN-VLC-CV02,C,hogar_electronica,"Hogar, Electrónica y Electrodomésticos",24992.66
2025-12-01,RN-VLC-CV02,C,alimentacion_hosteleria,Alimentación y Hostelería,225757.68
2025-12-01,RN-VLC-CV03,C,moda_belleza,Moda y Belleza,12892.37
2025-12-01,RN-VLC-CV03,C,hogar_electronica,"Hogar, Electrónica y Electrodomésticos",27065.32
2025-12-01,RN-VLC-CV03,C,alimentacion_hosteleria,Alimentación y Hostelería,244480.0
2025-12-01,RN-VLC-CV04,C,moda_belleza,Moda y Belleza,10951.63
2025-12-01,RN-VLC-CV04,C,hogar_electronica,"Hogar, Electrónica y Electrodomésticos",22991.06
2025-12-01,RN-VLC-CV04,C,alimentacion_hosteleria,Alimentación y Hostelería,207677.37
2025-12-01,RN-VLC-CV05,C,moda_belleza,Moda y Belleza,9248.57
2025-12-01,RN-VLC-CV05,C,hogar_electronica,"Hogar, Electrónica y Electrodomésticos",19415.78
2025-12-01,RN-VLC-CV05,C,alimentacion_hosteleria,Alimentación y Hostelería,175381.99
2025-12-01,RN-VLC-CV06,C,moda_belleza,Moda y Belleza,13595.65
2025-12-01,RN-VLC-CV06,C,hogar_electronica,"Hogar, Electrónica y Electrodomésticos",28541.75
2025-12-01,RN-VLC-CV06,C,alimentacion_hosteleria,Alimentación y Hostelería,257816.48
2025-12-01,RN-VLC-CV07,C,moda_belleza,Moda y Belleza,10830.82
2025-12-01,RN-VLC-CV07,C,hogar_electronica,"Hogar, Electrónica y Electrodomésticos",22737.46
2025-12-01,RN-VLC-CV07,C,alimentacion_hosteleria,Alimentación y Hostelería,205386.56
2025-12-01,RN-VLC-CV08,C,moda_belleza,Moda y Belleza,9162.88
2025-12-01,RN-VLC-CV08,C,hogar_electronica,"Hogar, Electrónica y Electrodomésticos",19235.89
2025-12-01,RN-VLC-CV08,C,alimentacion_hosteleria,Alimentación y Hostelería,173757.04
2025-12-01,RN-VLC-CV09,C,moda_belleza,Moda y Belleza,9700.83
2025-12-01,RN-VLC-CV09,C,hogar_electronica,"Hogar, Electrónica y Electrodomésticos",20365.23
2025-12-01,RN-VLC-CV09,C,alimentacion_hosteleria,Alimentación y Hostelería,183958.35
2025-12-01,RN-VLC-ES01,C,moda_belleza,Moda y Belleza,311476.37
2025-12-01,RN-VLC-ES01,C,hogar_electronica,"Hogar, Electrónica y Electrodomésticos",49537.22
2025-12-01,RN-VLC-ES01,C,alimentacion_hosteleria,Alimentación y Hostelería,9475.79
2025-12-01,RN-VLC-ES02,C,moda_belleza,Moda y Belleza,227154.54
2025-12-01,RN-VLC-ES02,C,hogar_electronica,"Hogar, Electrónica y Electrodomésticos",36126.67
2025-12-01,RN-VLC-ES02,C,alimentacion_hosteleria,Alimentación y Hostelería,6910.53
2025-12-01,RN-VLC-ES03,C,moda_belleza,Moda y Belleza,259432.5
2025-12-01,RN-VLC-ES03,C,hogar_electronica,"Hogar, Electrónica y Electrodomésticos",41260.16
2025-12-01,RN-VLC-ES03,C,alimentacion_hosteleria,Alimentación y Hostelería,7892.5
2025-12-01,RN-VLC-ES04,C,moda_belleza,Moda y Belleza,280433.8
2025-12-01,RN-VLC-ES04,C,hogar_electronica,"Hogar, Electrónica y Electrodomésticos",44600.21
2025-12-01,RN-VLC-ES04,C,alimentacion_hosteleria,Alimentación y Hostelería,8531.4
2025-12-01,RN-VLC-ES05,C,moda_belleza,Moda y Belleza,276905.63
2025-12-01,RN-VLC-ES05,C,hogar_electronica,"Hogar, Electrónica y Electrodomésticos",44039.09
2025-12-01,RN-VLC-ES05,C,alimentacion_hosteleria,Alimentación y Hostelería,8424.07
2025-12-01,RN-VLC-ES06,C,moda_belleza,Moda y Belleza,225993.58
2025-12-01,RN-VLC-ES06,C,hogar_electronica,"Hogar, Electrónica y Electrodomésticos",35942.03
2025-12-01,RN-VLC-ES06,C,alimentacion_hosteleria,Alimentación y Hostelería,6875.22
2025-12-01,RN-VLC-ES07,C,moda_belleza,Moda y Belleza,266871.19
2025-12-01,RN-VLC-ES07,C,hogar_electronica,"Hogar, Electrónica y Electrodomésticos",42443.21
2025-12-01,RN-VLC-ES07,C,alimentacion_hosteleria,Alimentación y Hostelería,8118.8
2025-12-01,RN-VLC-ES08,C,moda_belleza,Moda y Belleza,314235.72
2025-12-01,RN-VLC-ES08,C,hogar_electronica,"Hogar, Electrónica y Electrodomésticos",49976.07
2025-12-01,RN-VLC-ES08,C,alimentacion_hosteleria,Alimentación y Hostelería,9559.73
2025-12-01,RN-VLC-ES09,C,moda_belleza,Moda y Belleza,279785.83
2025-12-01,RN-VLC-ES09,C,hogar_electronica,"Hogar, Electrónica y Electrodomésticos",44497.15
2025-12-01,RN-VLC-ES09,C,alimentacion_hosteleria,Alimentación y Hostelería,8511.69
2025-12-01,RN-VLC-ES10,C,moda_belleza,Moda y Belleza,258063.47
2025-12-01,RN-VLC-ES10,C,hogar_electronica,"Hogar, Electrónica y Electrodomésticos",41042.43
2025-12-01,RN-VLC-ES10,C,alimentacion_hosteleria,Alimentación y Hostelería,7850.85
2025-12-01,RN-VLC-GA01,C,moda_belleza,Moda y Belleza,1976784.76
2025-12-01,RN-VLC-GA01,C,hogar_electronica,"Hogar, Electrónica y Electrodomésticos",2285463.74
2025-12-01,RN-VLC-GA01,C,alimentacion_hosteleria,Alimentación y Hostelería,920374.14
2025-12-01,RN-VLC-HI01,C,moda_belleza,Moda y Belleza,77896.0
2025-12-01,RN-VLC-HI01,C,hogar_electronica,"Hogar, Electrónica y Electrodomésticos",190784.2
2025-12-01,RN-VLC-HI01,C,alimentacion_hosteleria,Alimentación y Hostelería,1016629.39
2025-12-01,RN-VLC-HI02,C,moda_belleza,Moda y Belleza,84089.61
2025-12-01,RN-VLC-HI02,C,hogar_electronica,"Hogar, Electrónica y Electrodomésticos",205953.69
2025-12-01,RN-VLC-HI02,C,alimentacion_hosteleria,Alimentación y Hostelería,1097462.83
2025-12-01,RN-VLC-HI03,C,moda_belleza,Moda y Belleza,91589.27
2025-12-01,RN-VLC-HI03,C,hogar_electronica,"Hogar, Electrónica y Electrodomésticos",224321.99
2025-12-01,RN-VLC-HI03,C,alimentacion_hosteleria,Alimentación y Hostelería,1195341.79
2025-12-01,RN-VLC-HI04,C,moda_belleza,Moda y Belleza,76012.55
2025-12-01,RN-VLC-HI04,C,hogar_electronica,"Hogar, Electrónica y Electrodomésticos",186171.21
2025-12-01,RN-VLC-HI04,C,alimentacion_hosteleria,Alimentación y Hostelería,992048.21
2025-12-01,RN-VLC-HI05,C,moda_belleza,Moda y Belleza,83622.8
2025-12-01,RN-VLC-HI05,C,hogar_electronica,"Hogar, Electrónica y Electrodomésticos",204810.38
2025-12-01,RN-VLC-HI05,C,alimentacion_hosteleria,Alimentación y Hostelería,1091370.49
2025-12-01,RN-VLC-HI06,C,moda_belleza,Moda y Belleza,78387.65
2025-12-01,RN-VLC-HI06,C,hogar_electronica,"Hogar, Electrónica y Electrodomésticos",191988.36
2025-12-01,RN-VLC-HI06,C,alimentacion_hosteleria,Alimentación y Hostelería,1023045.97
2025-12-01,RN-VLC-HI07,C,moda_belleza,Moda y Belleza,62148.2
2025-12-01,RN-VLC-HI07,C,hogar_electronica,"Hogar, Electrónica y Electrodomésticos",152214.42
2025-12-01,RN-VLC-HI07,C,alimentacion_hosteleria,Alimentación y Hostelería,811103.1
